sistema,uf,competencia,cnes,procedimento,qtd,valor
SIA,RJ,202501,6575900,0206030010,166.0,23012.58
SIA,RJ,202501,2280183,0206030037,1435.0,198934.05
SIA,RJ,202501,2280183,0206020031,669.0,91258.29
SIA,RJ,202501,2280183,0206020023,272.0,23596.0
SIA,RJ,202501,2280183,0206030010,1369.0,189784.47
SIA,RJ,202501,6927289,0206020031,77.0,10503.57
SIA,RJ,202501,6927289,0206030010,71.0,9842.73
SIA,RJ,202501,6927289,0206010028,63.0,6369.3
SIA,RJ,202501,7101856,0211020036,520.0,2678.0
SIA,RJ,202501,6716849,0211020036,174.0,896.1
SIA,RJ,202501,7584342,0206010079,44.0,4287.36
SIA,RJ,202501,2270609,0206030010,542.0,75137.46
SIA,RJ,202501,2270609,0206030037,511.0,70839.93
SIA,RJ,202501,2270609,0206010079,861.0,83895.84
SIA,RJ,202501,6575900,0206020031,176.0,24008.16
SIA,RJ,202501,6575900,0206010079,193.0,18805.92
SIA,RJ,202501,2273454,0206030010,318.0,44084.34
SIA,RJ,202501,6575900,0211020036,609.0,3136.35
SIA,RJ,202501,2273454,0206020031,340.0,46379.4
SIA,RJ,202501,2280183,0206010028,174.0,17591.4
SIA,RJ,202501,2280183,0206010079,1288.0,125502.72
SIA,RJ,202501,2298120,0206010079,403.0,39268.32
SIA,RJ,202501,2298120,0206030010,230.0,31884.9
SIA,RJ,202501,2298120,0211020036,492.0,2533.8
SIA,RJ,202501,2291266,0211020036,714.0,3677.1
SIA,RJ,202501,2291266,0206010079,341.0,33227.04
SIA,RJ,202501,2291266,0206030010,318.0,44084.34
SIA,RJ,202501,6575900,0206010028,93.0,9402.3
SIA,RJ,202501,6575900,0206030037,177.0,24537.51
SIA,RJ,202501,6575900,0206020023,93.0,8067.75
SIA,RJ,202501,6575900,0206010010,33.0,2863.08
SIA,RJ,202501,0932280,0211020036,554.0,2853.1
SIA,RJ,202501,2273454,0206030037,304.0,42143.52
SIA,RJ,202501,2280183,0211020036,170.0,875.5
SIA,RJ,202501,2270609,0206020031,470.0,64112.7
SIA,RJ,202501,2298120,0206020031,154.0,21007.14
SIA,RJ,202501,2270609,0206010044,233.0,20212.75
SIA,RJ,202501,2270609,0206030029,53.0,4597.75
SIA,RJ,202501,2280183,0206010044,337.0,29234.75
SIA,RJ,202501,2280183,0206010010,151.0,13100.76
SIA,RJ,202501,6927289,0206020023,69.0,5985.75
SIA,RJ,202501,6927289,0206030037,85.0,11783.55
SIA,RJ,202501,6927289,0206010079,39.0,3800.16
SIA,RJ,202501,2298120,0206010010,60.0,5205.6
SIA,RJ,202501,7584342,0206030010,43.0,5961.09
SIA,RJ,202501,2298120,0206020023,77.0,6679.75
SIA,RJ,202501,2269538,0211020036,52.0,267.8
SIA,RJ,202501,2270323,0211020036,89.0,458.35
SIA,RJ,202501,2273454,0206010044,48.0,4164.0
SIA,RJ,202501,2298120,0206030037,240.0,33271.2
SIA,RJ,202501,2270609,0206020015,12.0,1041.0
SIA,RJ,202501,2270366,0211020036,84.0,432.6
SIA,RJ,202501,2273276,0206010028,85.0,8593.5
SIA,RJ,202501,2273349,0211020036,149.0,767.35
SIA,RJ,202501,2269554,0206010079,505.0,49207.2
SIA,RJ,202501,2269554,0206010010,84.0,7287.84
SIA,RJ,202501,2269554,0206020031,214.0,29191.74
SIA,RJ,202501,7584342,0206010036,4.0,347.04
SIA,RJ,202501,2270609,0206010028,112.0,11323.2
SIA,RJ,202501,2269988,0211020036,78.0,401.7
SIA,RJ,202501,2298120,0206010044,110.0,9542.5
SIA,RJ,202501,2269554,0206030010,370.0,51293.1
SIA,RJ,202501,2269988,0206020031,75.0,10230.75
SIA,RJ,202501,2298120,0206020015,84.0,7287.0
SIA,RJ,202501,0215015,0206010036,11.0,954.36
SIA,RJ,202501,9016805,0211020036,70.0,360.5
SIA,RJ,202501,2269988,0206030037,94.0,13031.22
SIA,RJ,202501,2269988,0206030029,1.0,86.75
SIA,RJ,202501,2269554,0206010028,138.0,13951.8
SIA,RJ,202501,2273276,0206010010,36.0,3123.36
SIA,RJ,202501,0215015,0206030037,99.0,13724.37
SIA,RJ,202501,9792961,0206030010,49.0,6792.87
SIA,RJ,202501,2291266,0206010028,28.0,2830.8
SIA,RJ,202501,2269554,0211020036,110.0,566.5
SIA,RJ,202501,2269554,0206010044,94.0,8154.5
SIA,RJ,202501,0215015,0206030010,89.0,12338.07
SIA,RJ,202501,0215015,0206020031,114.0,15550.74
SIA,RJ,202501,7584342,0206030037,49.0,6792.87
SIA,RJ,202501,0215015,0206010028,59.0,5964.9
SIA,RJ,202501,2269554,0206020023,121.0,10496.75
SIA,RJ,202501,2280167,0206020031,161.0,21962.01
SIA,RJ,202501,2269554,0206030037,387.0,53649.81
SIA,RJ,202501,2970627,0208010025,101.0,41260.52
SIA,RJ,202501,2970627,0206030010,179.0,24814.77
SIA,RJ,202501,2970627,0208010033,102.0,39073.14
SIA,RJ,202501,2280167,0206030037,106.0,14694.78
SIA,RJ,202501,2273276,0206030029,113.0,9802.75
SIA,RJ,202501,9792961,0206030037,43.0,5961.09
SIA,RJ,202501,2296527,0211020036,195.0,1004.25
SIA,RJ,202501,3348431,0206020031,29.0,3955.89
SIA,RJ,202501,2970627,0206020031,208.0,28373.28
SIA,RJ,202501,9715444,0211020036,83.0,427.45
SIA,RJ,202501,6029922,0211020036,72.0,370.8
SIA,RJ,202501,2280167,0211020036,193.0,993.95
SIA,RJ,202501,2970627,0206030037,186.0,25785.18
SIA,RJ,202501,2273489,0211020036,206.0,1060.9
SIA,RJ,202501,3348431,0206010079,30.0,2923.2
SIA,RJ,202501,2270609,0206010010,150.0,13014.0
SIA,RJ,202501,0215015,0206010079,109.0,10620.96
SIA,RJ,202501,2273276,0206030037,29.0,4020.27
SIA,RJ,202501,9792961,0206010079,56.0,5456.64
SIA,RJ,202501,2280167,0206030010,109.0,15110.67
SIA,RJ,202501,2280167,0206010079,49.0,4774.56
SIA,RJ,202501,2970627,0206010052,19.0,1648.25
SIA,RJ,202501,2970627,0206010079,29.0,2825.76
SIA,RJ,202501,2970627,0206010044,15.0,1301.25
SIA,RJ,202501,2269988,0206010079,44.0,4287.36
SIA,RJ,202501,2270277,0211020036,91.0,468.65
SIA,RJ,202501,2280183,0206010036,61.0,5292.36
SIA,RJ,202501,2280167,0206010044,28.0,2429.0
SIA,RJ,202501,2273276,0206010036,24.0,2082.24
SIA,RJ,202501,3388794,0206030037,21.0,2911.23
SIA,RJ,202501,0215015,0206020023,39.0,3383.25
SIA,RJ,202501,6575900,0206010044,31.0,2689.25
SIA,RJ,202501,2269341,0206020031,45.0,6138.45
SIA,RJ,202501,2269341,0206010044,26.0,2255.5
SIA,RJ,202501,2280183,0206010052,88.0,7634.0
SIA,RJ,202501,2291266,0206030037,328.0,45470.64
SIA,RJ,202501,2269341,0206010079,170.0,16564.8
SIA,RJ,202501,0532886,0208010033,137.0,52480.59
SIA,RJ,202501,2273276,0206030010,20.0,2772.6
SIA,RJ,202501,3388794,0206010079,20.0,1948.8
SIA,RJ,202501,2280167,0211020060,6.0,180.0
SIA,RJ,202501,3348431,0206030010,25.0,3465.75
SIA,RJ,202501,2273489,0211020060,44.0,1320.0
SIA,RJ,202501,2280167,0206010036,7.0,607.32
SIA,RJ,202501,3388794,0206020031,24.0,3273.84
SIA,RJ,202501,9792961,0206010010,5.0,433.8
SIA,RJ,202501,7723296,0211020036,45.0,231.75
SIA,RJ,202501,2269880,0206030037,26.0,3604.38
SIA,RJ,202501,2280299,0211020036,238.0,1225.7
SIA,RJ,202501,2970627,0206010028,23.0,2325.3
SIA,RJ,202501,2970627,0206010036,11.0,954.36
SIA,RJ,202501,2273276,0206010044,14.0,1214.5
SIA,RJ,202501,3388794,0206030010,26.0,3604.38
SIA,RJ,202501,9792961,0206020031,47.0,6411.27
SIA,RJ,202501,9996095,0206030037,7.0,970.41
SIA,RJ,202501,9996095,0206030010,6.0,831.78
SIA,RJ,202501,9996095,0206010079,26.0,2533.44
SIA,RJ,202501,2270285,0211020036,46.0,236.9
SIA,RJ,202501,6927289,0206010010,28.0,2429.28
SIA,RJ,202501,2273276,0206020031,32.0,4365.12
SIA,RJ,202501,2298120,0206030029,46.0,3990.5
SIA,RJ,202501,2280167,0206010028,11.0,1112.1
SIA,RJ,202501,6575900,0206010036,28.0,2429.28
SIA,RJ,202501,2298120,0206010036,11.0,954.36
SIA,RJ,202501,7065515,0206030037,57.0,7901.91
SIA,RJ,202501,7267975,0206010079,195.0,19000.8
SIA,RJ,202501,6716938,0211020036,953.0,4907.95
SIA,RJ,202501,2273276,0206020015,68.0,5899.0
SIA,RJ,202501,2291266,0206020031,122.0,16642.02
SIA,RJ,202501,2270609,0206010036,30.0,2602.8
SIA,RJ,202501,2269988,0206020023,6.0,520.5
SIA,RJ,202501,6631169,0211020036,560.0,2884.0
SIA,RJ,202501,2269554,0206010036,36.0,3123.36
SIA,RJ,202501,3348431,0206030037,25.0,3465.75
SIA,RJ,202501,7584342,0206010010,5.0,433.8
SIA,RJ,202501,2291266,0206010044,18.0,1561.5
SIA,RJ,202501,6487815,0211020036,427.0,2199.05
SIA,RJ,202501,4269535,0211020036,13.0,66.95
SIA,RJ,202501,7065515,0211020036,60.0,309.0
SIA,RJ,202501,2280167,0206010010,4.0,347.04
SIA,RJ,202501,6927289,0206010036,19.0,1648.44
SIA,RJ,202501,2291266,0206030029,12.0,1041.0
SIA,RJ,202501,6029841,0211020036,50.0,257.5
SIA,RJ,202501,2970627,0206030029,2.0,173.5
SIA,RJ,202501,6389317,0206010079,55.0,5359.2
SIA,RJ,202501,2273411,0206030010,16.0,2218.08
SIA,RJ,202501,2970627,0206020023,16.0,1388.0
SIA,RJ,202501,2273454,0206010052,107.0,9282.25
SIA,RJ,202501,7584342,0206020031,2.0,272.82
SIA,RJ,202501,2291266,0206010010,16.0,1388.16
SIA,RJ,202501,2280167,0206010052,9.0,780.75
SIA,RJ,202501,2270609,0206010052,22.0,1908.5
SIA,RJ,202501,2273454,0206010036,8.0,694.08
SIA,RJ,202501,2273454,0206010028,11.0,1112.1
SIA,RJ,202501,2273454,0206020015,1.0,86.75
SIA,RJ,202501,2298120,0206010052,16.0,1388.0
SIA,RJ,202501,2291266,0206010052,8.0,694.0
SIA,RJ,202501,2269988,0206030010,12.0,1663.56
SIA,RJ,202501,2270609,0211020036,37.0,190.55
SIA,RJ,202501,2269554,0206030029,19.0,1648.25
SIA,RJ,202501,2280167,0206020015,7.0,607.25
SIA,RJ,202501,2970627,0206010010,38.0,3296.88
SIA,RJ,202501,2273454,0206020023,10.0,867.5
SIA,RJ,202501,0215015,0206010044,17.0,1474.75
SIA,RJ,202501,2270609,0206020023,50.0,4337.5
SIA,RJ,202501,2273659,0211020036,218.0,1122.7
SIA,RJ,202501,2273659,0206030010,108.0,14972.04
SIA,RJ,202501,2273659,0206030037,29.0,4020.27
SIA,RJ,202501,2273659,0206020031,76.0,10367.16
SIA,RJ,202501,3178447,0208010033,57.0,21834.99
SIA,RJ,202501,3178447,0208010025,57.0,23285.64
SIA,RJ,202501,6926177,0211020036,471.0,2425.65
SIA,RJ,202501,6927289,0206010044,17.0,1474.75
SIA,RJ,202501,9307265,0211020036,163.0,839.45
SIA,RJ,202501,9160876,0211020036,602.0,3100.3
SIA,RJ,202501,5717256,0206010036,23.0,1995.48
SIA,RJ,202501,5717256,0206030037,630.0,87336.9
SIA,RJ,202501,5717256,0206030010,609.0,84425.67
SIA,RJ,202501,5717256,0211020036,1378.0,7096.7
SIA,RJ,202501,2273454,0206010079,55.0,5359.2
SIA,RJ,202501,2273411,0206020031,10.0,1364.1
SIA,RJ,202501,2708167,0211020036,41.0,211.15
SIA,RJ,202501,2298120,0206010028,41.0,4145.1
SIA,RJ,202501,7166494,0206010079,404.0,39365.76
SIA,RJ,202501,7166494,0206020031,276.0,37649.16
SIA,RJ,202501,7166494,0206030010,648.0,89832.24
SIA,RJ,202501,7166494,0206030037,657.0,91079.91
SIA,RJ,202501,9792961,0206010028,4.0,404.4
SIA,RJ,202501,2970627,0206010060,2.0,194.88
SIA,RJ,202501,5717256,0206020023,92.0,7981.0
SIA,RJ,202501,2273411,0206010060,4.0,389.76
SIA,RJ,202501,5717256,0206020031,440.0,60020.4
SIA,RJ,202501,5717256,0206010079,330.0,32155.2
SIA,RJ,202501,7166494,0206010010,42.0,3643.92
SIA,RJ,202501,7166494,0206020015,24.0,2082.0
SIA,RJ,202501,2269481,0206010010,122.0,10584.72
SIA,RJ,202501,2269481,0206010028,328.0,33160.8
SIA,RJ,202501,2269481,0206010036,91.0,7895.16
SIA,RJ,202501,2269481,0206020031,376.0,51290.16
SIA,RJ,202501,2269481,0206030010,381.0,52818.03
SIA,RJ,202501,2269481,0206030037,405.0,56145.15
SIA,RJ,202501,2269481,0211020036,202.0,1040.3
SIA,RJ,202501,2269481,0206010079,265.0,25821.6
SIA,RJ,202501,0215015,0206010010,23.0,1995.48
SIA,RJ,202501,2269988,0206010028,5.0,505.5
SIA,RJ,202501,2269988,0206010044,14.0,1214.5
SIA,RJ,202501,5717256,0211020060,294.0,8820.0
SIA,RJ,202501,2295407,0211020036,15.0,77.25
SIA,RJ,202501,5717256,0206010028,92.0,9301.2
SIA,RJ,202501,2295407,0206010079,506.0,49304.64
SIA,RJ,202501,2295407,0206010044,84.0,7287.0
SIA,RJ,202501,2295407,0206010028,22.0,2224.2
SIA,RJ,202501,2295407,0206010010,54.0,4685.04
SIA,RJ,202501,2295407,0206030037,350.0,48520.5
SIA,RJ,202501,5717256,0206010010,33.0,2863.08
SIA,RJ,202501,2269481,0206020023,153.0,13272.75
SIA,RJ,202501,2269392,0206010044,137.0,11884.75
SIA,RJ,202501,2280183,0206030029,6.0,520.5
SIA,RJ,202501,3348431,0206030029,4.0,347.0
SIA,RJ,202501,9996095,0206020031,15.0,2046.15
SIA,RJ,202501,2273659,0206010044,30.0,2602.5
SIA,RJ,202501,7584342,0206010044,5.0,433.75
SIA,RJ,202501,9792961,0206010044,3.0,260.25
SIA,RJ,202501,2269481,0206010044,55.0,4771.25
SIA,RJ,202501,2270668,0211020036,18.0,92.7
SIA,RJ,202501,2291266,0206020023,20.0,1735.0
SIA,RJ,202501,9792961,0206010036,5.0,433.8
SIA,RJ,202501,2273411,0206010079,6.0,584.64
SIA,RJ,202501,9792961,0206030029,3.0,260.25
SIA,RJ,202501,7985657,0211020036,69.0,355.35
SIA,RJ,202501,7166494,0206010044,10.0,867.5
SIA,RJ,202501,2295407,0206030010,336.0,46579.68
SIA,RJ,202501,5717256,0206010052,39.0,3383.25
SIA,RJ,202501,5717256,0206010044,42.0,3643.5
SIA,RJ,202501,9996095,0206010044,2.0,173.5
SIA,RJ,202501,5154197,0211020036,99.0,509.85
SIA,RJ,202501,2269988,0206010010,16.0,1388.16
SIA,RJ,202501,2269554,0206010060,1.0,97.44
SIA,RJ,202501,2269554,0206010052,2.0,173.5
SIA,RJ,202501,3348431,0206010044,4.0,347.0
SIA,RJ,202501,2269988,0206010052,3.0,260.25
SIA,RJ,202501,9075143,0211020036,101.0,520.15
SIA,RJ,202501,6648371,0211020036,61.0,314.15
SIA,RJ,202501,2269953,0211020036,70.0,360.5
SIA,RJ,202501,9996095,0206010036,2.0,173.52
SIA,RJ,202501,9061401,0211020036,54.0,278.1
SIA,RJ,202501,6023983,0211020036,44.0,226.6
SIA,RJ,202501,2295407,0206010036,14.0,1214.64
SIA,RJ,202501,3348431,0206010052,1.0,86.75
SIA,RJ,202501,6927289,0206010060,1.0,97.44
SIA,RJ,202501,2273276,0206010079,8.0,779.52
SIA,RJ,202501,2280779,0211020036,94.0,484.1
SIA,RJ,202501,2273454,0206010010,2.0,173.52
SIA,RJ,202501,6995462,0206020031,5.0,682.05
SIA,RJ,202501,2270609,0205010016,6.0,990.0
SIA,RJ,202501,2295407,0206020023,3.0,260.25
SIA,RJ,202501,6804209,0211020036,196.0,1009.4
SIA,RJ,202501,5955637,0211020036,386.0,1987.9
SIA,RJ,202501,2280167,0206020023,4.0,347.0
SIA,RJ,202501,2270293,0211020036,20.0,103.0
SIA,RJ,202501,9996095,0206010028,2.0,202.2
SIA,RJ,202501,3348431,0206010036,2.0,173.52
SIA,RJ,202501,2273659,0206010052,14.0,1214.5
SIA,RJ,202501,5620287,0211020036,188.0,968.2
SIA,RJ,202501,2698854,0206010079,25.0,2436.0
SIA,RJ,202501,2708213,0206010028,108.0,10918.8
SIA,RJ,202501,2698854,0208010025,58.0,23694.16
SIA,RJ,202501,2295415,0206020031,97.0,13231.77
SIA,RJ,202501,9582029,0206030010,34.0,4713.42
SIA,RJ,202501,2295415,0206030010,95.0,13169.85
SIA,RJ,202501,2708213,0206010010,47.0,4077.72
SIA,RJ,202501,9582029,0206030037,33.0,4574.79
SIA,RJ,202501,6742831,0211020036,500.0,2575.0
SIA,RJ,202501,2273659,0206010028,7.0,707.7
SIA,RJ,202501,2708213,0206030037,76.0,10535.88
SIA,RJ,202501,3567567,0211020036,70.0,360.5
SIA,RJ,202501,2708213,0206010079,57.0,5554.08
SIA,RJ,202501,2698854,0208010033,58.0,22218.06
SIA,RJ,202501,7996675,0211020036,75.0,386.25
SIA,RJ,202501,2295415,0206030037,93.0,12892.59
SIA,RJ,202501,2295415,0211020060,32.0,960.0
SIA,RJ,202501,6507409,0211020036,107.0,551.05
SIA,RJ,202501,2708213,0206020031,75.0,10230.75
SIA,RJ,202501,2269775,0206030037,9.0,1247.67
SIA,RJ,202501,2269775,0206030010,9.0,1247.67
SIA,RJ,202501,2708213,0206030010,62.0,8595.06
SIA,RJ,202501,9582029,0206010079,52.0,5066.88
SIA,RJ,202501,2295415,0206030029,17.0,1474.75
SIA,RJ,202501,2291266,0206020015,8.0,694.0
SIA,RJ,202501,2295415,0211020036,107.0,551.05
SIA,RJ,202501,2698854,0206030010,17.0,2356.71
SIA,RJ,202501,5955653,0211020036,555.0,2858.25
SIA,RJ,202501,2708213,0206020023,56.0,4858.0
SIA,RJ,202501,2269775,0206020031,8.0,1091.28
SIA,RJ,202501,9582029,0206020031,50.0,6820.5
SIA,RJ,202501,2270633,0211020036,40.0,206.0
SIA,RJ,202501,2698854,0206020031,22.0,3001.02
SIA,RJ,202501,5717256,0206010060,1.0,97.44
SIA,RJ,202501,2295415,0206010036,3.0,260.28
SIA,RJ,202501,2273357,0206020031,11.0,1500.51
SIA,RJ,202501,2295407,0206030029,4.0,347.0
SIA,RJ,202501,2291266,0206010036,5.0,433.8
SIA,RJ,202501,2708213,0206010036,30.0,2602.8
SIA,RJ,202501,2708213,0206010044,22.0,1908.5
SIA,RJ,202501,2273659,0206010079,54.0,5261.76
SIA,RJ,202501,2273357,0206030037,16.0,2218.08
SIA,RJ,202501,2295415,0206010044,16.0,1388.0
SIA,RJ,202501,7041624,0211020036,7.0,36.05
SIA,RJ,202501,6995462,0206030010,6.0,831.78
SIA,RJ,202501,9582029,0206020015,5.0,433.75
SIA,RJ,202501,2295415,0206010079,21.0,2046.24
SIA,RJ,202501,9582029,0206010036,2.0,173.52
SIA,RJ,202501,2295415,0206010052,3.0,260.25
SIA,RJ,202501,7069502,0208010025,10.0,4085.2
SIA,RJ,202501,2270412,0211020036,12.0,61.8
SIA,RJ,202501,2698854,0206030037,17.0,2356.71
SIA,RJ,202501,2698854,0206010028,2.0,202.2
SIA,RJ,202501,2273659,0211020060,7.0,210.0
SIA,RJ,202501,6023320,0211020036,86.0,442.9
SIA,RJ,202501,2698854,0206010044,2.0,173.5
SIA,RJ,202501,2698854,0206010010,2.0,173.52
SIA,RJ,202501,6038905,0211020036,305.0,1570.75
SIA,RJ,202501,5467136,0211020036,50.0,257.5
SIA,RJ,202501,2708213,0206010060,1.0,97.44
SIA,RJ,202501,9996095,0206010010,2.0,173.52
SIA,RJ,202501,2295415,0206010028,7.0,707.7
SIA,RJ,202501,6220584,0211020036,418.0,2152.7
SIA,RJ,202501,2295415,0206020015,1.0,86.75
SIA,RJ,202501,9582029,0206010028,4.0,404.4
SIA,RJ,202501,2698854,0206030029,2.0,173.5
SIA,RJ,202501,9582029,0206030029,2.0,173.5
SIA,RJ,202501,7166494,0206010052,9.0,780.75
SIA,RJ,202501,9079939,0211020036,200.0,1030.0
SIA,RJ,202501,2273640,0211020036,107.0,551.05
SIA,RJ,202501,2295407,0206020015,1.0,86.75
SIA,RJ,202501,2273411,0206010044,2.0,173.5
SIA,RJ,202501,3784959,0211020036,31.0,159.65
SIA,RJ,202501,5717256,0206030029,6.0,520.5
SIA,RJ,202501,2291274,0211020036,4.0,20.6
SIA,RJ,202501,2273659,0206010036,4.0,347.04
SIA,RJ,202501,4030990,0211020036,64.0,329.6
SIA,RJ,202501,2269481,0206010052,2.0,173.5
SIA,RJ,202501,2269481,0206030029,3.0,260.25
SIA,RJ,202501,6038883,0211020036,636.0,3275.4
SIA,RJ,202501,6932916,0211020036,52.0,267.8
SIA,RJ,202501,2270250,0211020036,40.0,206.0
SIA,RJ,202501,2270714,0211020036,1.0,5.15
SIA,RJ,202501,3348431,0206020015,3.0,260.25
SIA,RJ,202501,9582029,0206010010,3.0,260.28
SIA,RJ,202501,2280167,0206030029,2.0,173.5
SIA,RJ,202501,2270269,0206030037,738.0,102308.94
SIA,RJ,202501,2269821,0206020031,166.0,22644.06
SIA,RJ,202501,9654151,0206030010,794.0,110072.22
SIA,RJ,202501,9654151,0206020031,372.0,50744.52
SIA,RJ,202501,9654151,0206010028,45.0,4549.5
SIA,RJ,202501,2708361,0206010036,7.0,607.32
SIA,RJ,202501,2708361,0206010079,335.0,32642.4
SIA,RJ,202501,9654151,0206010079,951.0,92665.44
SIA,RJ,202501,9654151,0206030037,790.0,109517.7
SIA,RJ,202501,7036884,0211020036,196.0,1009.4
SIA,RJ,202501,6677711,0211020036,91.0,468.65
SIA,RJ,202501,6938124,0211020036,558.0,2873.7
SIA,RJ,202501,6918417,0206030037,575.0,79712.25
SIA,RJ,202501,6918417,0206010028,508.0,51358.8
SIA,RJ,202501,6918417,0206020031,620.0,84574.2
SIA,RJ,202501,6918417,0206010079,473.0,46089.12
SIA,RJ,202501,6918417,0206030010,648.0,89832.24
SIA,RJ,202501,6918417,0206030029,93.0,8067.75
SIA,RJ,202501,6918417,0206010052,139.0,12058.25
SIA,RJ,202501,6918417,0206010010,57.0,4945.32
SIA,RJ,202501,9654151,0206010010,33.0,2863.08
SIA,RJ,202501,5476607,0206010028,72.0,7279.2
SIA,RJ,202501,6512925,0211020036,352.0,1812.8
SIA,RJ,202501,2270269,0206010079,1145.0,111568.8
SIA,RJ,202501,2269384,0206030037,214.0,29666.82
SIA,RJ,202501,2708353,0206010079,34.0,3312.96
SIA,RJ,202501,2273462,0206030010,102.0,14140.26
SIA,RJ,202501,9654151,0206010044,69.0,5985.75
SIA,RJ,202501,9654151,0206010036,18.0,1561.68
SIA,RJ,202501,5476607,0206010079,67.0,6528.48
SIA,RJ,202501,5476607,0206020023,39.0,3383.25
SIA,RJ,202501,6918417,0206010060,28.0,2728.32
SIA,RJ,202501,6918417,0206020023,44.0,3817.0
SIA,RJ,202501,2295210,0206020031,5.0,682.05
SIA,RJ,202501,9654151,0206010052,11.0,954.25
SIA,RJ,202501,2270269,0206020031,530.0,72297.3
SIA,RJ,202501,2269821,0206030037,181.0,25092.03
SIA,RJ,202501,2270269,0206010028,235.0,23758.5
SIA,RJ,202501,2269384,0211020036,201.0,1035.15
SIA,RJ,202501,9582029,0206010052,1.0,86.75
SIA,RJ,202501,2270269,0206020023,321.0,27846.75
SIA,RJ,202501,2269821,0206030010,185.0,25646.55
SIA,RJ,202501,2708361,0206010028,31.0,3134.1
SIA,RJ,202501,5476607,0206010044,25.0,2168.75
SIA,RJ,202501,6664075,0211020036,102.0,525.3
SIA,RJ,202501,6918417,0206010036,40.0,3470.4
SIA,RJ,202501,2270269,0206030010,655.0,90802.65
SIA,RJ,202501,2269546,0211020036,46.0,236.9
SIA,RJ,202501,2270269,0206010044,275.0,23856.25
SIA,RJ,202501,2269821,0206010079,15.0,1461.6
SIA,RJ,202501,6918417,0206010044,41.0,3556.75
SIA,RJ,202501,5476607,0206030010,89.0,12338.07
SIA,RJ,202501,2269384,0206030010,208.0,28835.04
SIA,RJ,202501,2273411,0211020036,308.0,1586.2
SIA,RJ,202501,9654151,0206020023,20.0,1735.0
SIA,RJ,202501,2270242,0211020036,185.0,952.75
SIA,RJ,202501,2269384,0206020031,118.0,16096.38
SIA,RJ,202501,5476607,0206010010,23.0,1995.48
SIA,RJ,202501,2270269,0206010036,105.0,9109.8
SIA,RJ,202501,2708361,0206010044,13.0,1127.75
SIA,RJ,202501,5476607,0206020031,92.0,12549.72
SIA,RJ,202501,5476607,0206030037,94.0,13031.22
SIA,RJ,202501,3348431,0206010010,3.0,260.28
SIA,RJ,202501,3388794,0206010028,1.0,101.1
SIA,RJ,202501,2270307,0211020036,19.0,97.85
SIA,RJ,202501,5717256,0206020015,2.0,173.5
SIA,RJ,202501,2708353,0206010028,1.0,101.1
SIA,RJ,202501,2273462,0206030037,102.0,14140.26
SIA,RJ,202501,2273462,0206010052,4.0,347.0
SIA,RJ,202501,2273462,0206020031,105.0,14323.05
SIA,RJ,202501,2270269,0206010010,179.0,15530.04
SIA,RJ,202501,2269554,0206020015,1.0,86.75
SIA,RJ,202501,2295210,0206030037,3.0,415.89
SIA,RJ,202501,2273462,0206010028,16.0,1617.6
SIA,RJ,202501,9654151,0206020015,8.0,694.0
SIA,RJ,202501,2273411,0206010010,2.0,173.52
SIA,RJ,202501,9654151,0206030029,14.0,1214.5
SIA,RJ,202501,7036914,0211020036,38.0,195.7
SIA,RJ,202501,2708353,0206030037,5.0,693.15
SIA,RJ,202501,2295210,0206010079,22.0,2143.68
SIA,RJ,202501,2269562,0211020036,16.0,82.4
SIA,RJ,202501,7069502,0208010033,10.0,3830.7
SIA,RJ,202501,2708353,0206020031,13.0,1773.33
SIA,RJ,202501,2269384,0206010028,15.0,1516.5
SIA,RJ,202501,2270269,0206010052,16.0,1388.0
SIA,RJ,202501,2269821,0206020023,20.0,1735.0
SIA,RJ,202501,2269384,0206010079,29.0,2825.76
SIA,RJ,202501,2270269,0211020036,5.0,25.75
SIA,RJ,202501,2273462,0206010079,23.0,2241.12
SIA,RJ,202501,2273462,0206010036,9.0,780.84
SIA,RJ,202501,2270315,0211020036,87.0,448.05
SIA,RJ,202501,2269384,0206010044,12.0,1041.0
SIA,RJ,202501,2708353,0206030010,6.0,831.78
SIA,RJ,202501,2273462,0206020015,3.0,260.25
SIA,RJ,202501,2269384,0206020023,6.0,520.5
SIA,RJ,202501,2270269,0206030029,27.0,2342.25
SIA,RJ,202501,2269821,0206010028,6.0,606.6
SIA,RJ,202501,6918417,0206020015,19.0,1648.25
SIA,RJ,202501,2269384,0206010010,3.0,260.28
SIA,RJ,202501,2708361,0206010010,10.0,867.6
SIA,RJ,202501,2708353,0206010044,6.0,520.5
SIA,RJ,202501,2273276,0211020036,416.0,2142.4
SIA,RJ,202501,2273276,0206010052,1.0,86.75
SIA,RJ,202501,2273659,0206010010,4.0,347.04
SIA,RJ,202501,5955629,0211020036,357.0,1838.55
SIA,RJ,202501,3348431,0206010060,1.0,97.44
SIA,RJ,202501,6873960,0211020036,42.0,216.3
SIA,RJ,202501,6661904,0211020036,631.0,3249.65
SIA,RJ,202501,6661904,0206020023,103.0,8935.25
SIA,RJ,202501,6680704,0211020036,416.0,2142.4
SIA,RJ,202501,6995446,0206010079,1034.0,100752.96
SIA,RJ,202501,6995446,0206010044,161.0,13966.75
SIA,RJ,202501,6995446,0206010036,42.0,3643.92
SIA,RJ,202501,2295210,0206020023,1.0,86.75
SIA,RJ,202501,6661904,0206030010,291.0,40341.33
SIA,RJ,202501,6661904,0206030037,303.0,42004.89
SIA,RJ,202501,6995446,0206030010,767.0,106329.21
SIA,RJ,202501,2269384,0206030029,5.0,433.75
SIA,RJ,202501,6661904,0206010079,568.0,55345.92
SIA,RJ,202501,2270234,0206030010,326.0,45193.38
SIA,RJ,202501,2270234,0206010079,732.0,71326.08
SIA,RJ,202501,2269783,0206030010,303.0,42004.89
SIA,RJ,202501,2269783,0206010044,52.0,4511.0
SIA,RJ,202501,2269783,0206020031,356.0,48561.96
SIA,RJ,202501,2269783,0206030037,294.0,40757.22
SIA,RJ,202501,2270234,0206010044,179.0,15528.25
SIA,RJ,202501,2270234,0206020031,348.0,47470.68
SIA,RJ,202501,5476607,0206030029,5.0,433.75
SIA,RJ,202501,2273462,0206010010,4.0,347.04
SIA,RJ,202501,2296306,0206030037,1479.0,205033.77
SIA,RJ,202501,2296306,0206010044,539.0,46758.25
SIA,RJ,202501,2296306,0206020031,969.0,132181.29
SIA,RJ,202501,2296306,0206030010,1384.0,191863.92
SIA,RJ,202501,2270234,0206030037,363.0,50322.69
SIA,RJ,202501,2270234,0206020015,35.0,3036.25
SIA,RJ,202501,2296306,0206010079,1870.0,182212.8
SIA,RJ,202501,2296306,0206010010,236.0,20475.36
SIA,RJ,202501,2273411,0206020023,1.0,86.75
SIA,RJ,202501,2296306,0206020023,248.0,21514.0
SIA,RJ,202501,2280132,0211020060,169.0,5070.0
SIA,RJ,202501,2269384,0206010036,4.0,347.04
SIA,RJ,202501,2280132,0208010033,42.0,16088.94
SIA,RJ,202501,2298732,0206020031,26.0,3546.66
SIA,RJ,202501,2280191,0206010028,65.0,6571.5
SIA,RJ,202501,2288338,0211020036,125.0,643.75
SIA,RJ,202501,6858317,0211020036,403.0,2075.45
SIA,RJ,202501,2269511,0211020036,26.0,133.9
SIA,RJ,202501,2295210,0206010052,1.0,86.75
SIA,RJ,202501,5955661,0211020036,352.0,1812.8
SIA,RJ,202501,2296306,0206010036,51.0,4424.76
SIA,RJ,202501,2296306,0211020036,182.0,937.3
SIA,RJ,202501,2269384,0206010052,4.0,347.0
SIA,RJ,202501,2269783,0206010079,91.0,8867.04
SIA,RJ,202501,2270234,0206010028,106.0,10716.6
SIA,RJ,202501,2270234,0206010010,125.0,10845.0
SIA,RJ,202501,2295067,0206010052,8.0,694.0
SIA,RJ,202501,2269678,0206030037,9.0,1247.67
SIA,RJ,202501,2269821,0206020015,3.0,260.25
SIA,RJ,202501,6995446,0206020031,419.0,57155.79
SIA,RJ,202501,6421482,0211020036,362.0,1864.3
SIA,RJ,202501,5476607,0206010036,11.0,954.36
SIA,RJ,202501,2269821,0206010036,3.0,260.28
SIA,RJ,202501,6037526,0211020036,601.0,3095.15
SIA,RJ,202501,7856954,0211020036,68.0,350.2
SIA,RJ,202501,4056310,0211020036,1.0,5.15
SIA,RJ,202501,2708353,0211020036,2.0,10.3
SIA,RJ,202501,2295210,0206010028,2.0,202.2
SIA,RJ,202501,6598544,0211020036,414.0,2132.1
SIA,RJ,202501,2270803,0211020036,17.0,87.55
SIA,RJ,202501,6581994,0211020036,3.0,15.45
SIA,RJ,202501,2280183,0205010016,1.0,165.0
SIA,RJ,202501,2269384,0206020015,2.0,173.5
SIA,RJ,202501,2708353,0206010010,3.0,260.28
SIA,RJ,202501,2269821,0206010044,2.0,173.5
SIA,RJ,202501,7185081,0206010079,12.0,1169.28
SIA,RJ,202501,2273462,0206020023,1.0,86.75
SIA,RJ,202501,2273659,0206030029,1.0,86.75
SIA,RJ,202501,6023975,0211020036,38.0,195.7
SIA,RJ,202501,6995446,0206030037,143.0,19824.09
SIA,RJ,202501,6661904,0206020031,169.0,23053.29
SIA,RJ,202501,6995446,0206010028,67.0,6773.7
SIA,RJ,202501,2295210,0211020036,346.0,1781.9
SIA,RJ,202501,2269821,0206010052,5.0,433.75
SIA,RJ,202501,2296306,0206010028,258.0,26083.8
SIA,RJ,202501,7584342,0206030029,1.0,86.75
SIA,RJ,202501,7908237,0211020036,28.0,144.2
SIA,RJ,202501,2295407,0206010052,3.0,260.25
SIA,RJ,202501,2273462,0206010044,1.0,86.75
SIA,RJ,202501,6661904,0206010028,139.0,14052.9
SIA,RJ,202501,6995446,0206010010,95.0,8242.2
SIA,RJ,202501,6661904,0206030029,6.0,520.5
SIA,RJ,202501,2280191,0206010079,26.0,2533.44
SIA,RJ,202501,2280191,0206030010,30.0,4158.9
SIA,RJ,202501,2280132,0211020036,43.0,221.45
SIA,RJ,202501,2296306,0206010052,37.0,3209.75
SIA,RJ,202501,3988724,0211020036,21.0,108.15
SIA,RJ,202501,9442251,0211020036,58.0,298.7
SIA,RJ,202501,2280191,0206010010,20.0,1735.2
SIA,RJ,202501,2298732,0208010025,28.0,11438.56
SIA,RJ,202501,6661904,0206010044,52.0,4511.0
SIA,RJ,202501,2273586,0211020036,4.0,20.6
SIA,RJ,202501,2295067,0206020031,33.0,4501.53
SIA,RJ,202501,7523246,0211020036,8.0,41.2
SIA,RJ,202501,2295067,0206030010,34.0,4713.42
SIA,RJ,202501,6635709,0211020036,53.0,272.95
SIA,RJ,202501,6995446,0206020015,17.0,1474.75
SIA,RJ,202501,2298732,0208010033,28.0,10725.96
SIA,RJ,202501,2280132,0206030010,7.0,970.41
SIA,RJ,202501,2273357,0206010028,1.0,101.1
SIA,RJ,202501,6995462,0206030029,1.0,86.75
SIA,RJ,202501,2270234,0206030029,36.0,3123.0
SIA,RJ,202501,7185081,0206030037,44.0,6099.72
SIA,RJ,202501,6661904,0206010036,48.0,4164.48
SIA,RJ,202501,3567540,0211020036,71.0,365.65
SIA,RJ,202501,7110162,0211020036,180.0,927.0
SIA,RJ,202501,7065515,0206030010,62.0,8595.06
SIA,RJ,202501,2296616,0211020036,72.0,370.8
SIA,RJ,202501,7267975,0206030010,19.0,2633.97
SIA,RJ,202501,9061398,0211020036,74.0,381.1
SIA,RJ,202501,7267975,0206010010,6.0,520.56
SIA,RJ,202501,7267975,0206010044,5.0,433.75
SIA,RJ,202501,7267975,0206030037,21.0,2911.23
SIA,RJ,202501,2708426,0211020036,53.0,272.95
SIA,RJ,202501,6389317,0206020031,32.0,4365.12
SIA,RJ,202501,6389317,0206030010,23.0,3188.49
SIA,RJ,202501,2269902,0211020036,74.0,381.1
SIA,RJ,202501,2298724,0211020036,22.0,113.3
SIA,RJ,202501,7065515,0206020031,78.0,10639.98
SIA,RJ,202501,7267975,0206010028,1.0,101.1
SIA,RJ,202501,7267975,0206020031,20.0,2728.2
SIA,RJ,202501,7065515,0211020010,415.0,302966.6
SIA,RJ,202501,6995446,0206010052,25.0,2168.75
SIA,RJ,202501,6995446,0206030029,38.0,3296.5
SIA,RJ,202501,2270234,0206010036,15.0,1301.4
SIA,RJ,202501,7185081,0206010028,12.0,1213.2
SIA,RJ,202501,0532886,0208010025,137.0,55967.24
SIA,RJ,202501,7185081,0206030010,36.0,4990.68
SIA,RJ,202501,7185081,0206020015,2.0,173.5
SIA,RJ,202501,2269783,0206010052,62.0,5378.5
SIA,RJ,202501,2280191,0206010036,15.0,1301.4
SIA,RJ,202501,2298732,0206030010,17.0,2356.71
SIA,RJ,202501,7185081,0206030029,32.0,2776.0
SIA,RJ,202501,7185081,0206010052,10.0,867.5
SIA,RJ,202501,2280191,0206020023,36.0,3123.0
SIA,RJ,202501,2269880,0206010052,10.0,867.5
SIA,RJ,202501,7267975,0206010036,1.0,86.76
SIA,RJ,202501,6661904,0206010010,65.0,5639.4
SIA,RJ,202501,2269341,0206030037,16.0,2218.08
SIA,RJ,202501,2269341,0206030010,17.0,2356.71
SIA,RJ,202501,6927289,0206030029,1.0,86.75
SIA,RJ,202501,2296535,0211020036,216.0,1112.4
SIA,RJ,202501,2269880,0206010010,1.0,86.76
SIA,RJ,202501,2269880,0206020031,19.0,2591.79
SIA,RJ,202501,2269880,0206010079,8.0,779.52
SIA,RJ,202501,2269341,0211020036,16.0,82.4
SIA,RJ,202501,9072659,0211020036,92.0,473.8
SIA,RJ,202501,2269880,0206010044,8.0,694.0
SIA,RJ,202501,7894554,0211020036,27.0,139.05
SIA,RJ,202501,7065515,0206010010,2.0,173.52
SIA,RJ,202501,6524486,0211020036,36.0,185.4
SIA,RJ,202501,2269775,0211020036,12.0,61.8
SIA,RJ,202501,6927289,0206020015,1.0,86.75
SIA,RJ,202501,7065515,0206010028,2.0,202.2
SIA,RJ,202501,2270161,0211020036,34.0,175.1
SIA,RJ,202501,2277301,0211020036,55.0,283.25
SIA,RJ,202501,2269678,0206020031,28.0,3819.48
SIA,RJ,202501,2270234,0206020023,10.0,867.5
SIA,RJ,202501,2296306,0206030029,78.0,6766.5
SIA,RJ,202501,2269783,0206010036,10.0,867.6
SIA,RJ,202501,2295415,0206010010,1.0,86.76
SIA,RJ,202501,9582029,0206010044,1.0,86.75
SIA,RJ,202501,2269678,0206010028,1.0,101.1
SIA,RJ,202501,6389317,0206010036,2.0,173.52
SIA,RJ,202501,6995446,0206020023,10.0,867.5
SIA,RJ,202501,5456932,0211020036,11.0,56.65
SIA,RJ,202501,2288346,0211020036,16.0,82.4
SIA,RJ,202501,2269880,0206030010,3.0,415.89
SIA,RJ,202501,2296306,0206020015,12.0,1041.0
SIA,RJ,202501,2280132,0206020031,46.0,6274.86
SIA,RJ,202501,2273357,0211020036,5.0,25.75
SIA,RJ,202501,2295032,0211020036,1.0,5.15
SIA,RJ,202501,6037569,0211020036,523.0,2693.45
SIA,RJ,202501,6389317,0206030037,11.0,1524.93
SIA,RJ,202501,6389317,0206030029,3.0,260.25
SIA,RJ,202501,2295067,0206010044,13.0,1127.75
SIA,RJ,202501,2298732,0206010028,2.0,202.2
SIA,RJ,202501,2269783,0206010028,15.0,1516.5
SIA,RJ,202501,7185081,0206020031,16.0,2182.56
SIA,RJ,202501,9057706,0211020036,54.0,278.1
SIA,RJ,202501,2280191,0206010044,7.0,607.25
SIA,RJ,202501,7065515,0206010044,1.0,86.75
SIA,RJ,202501,2280191,0206030037,34.0,4713.42
SIA,RJ,202501,2295415,0206020023,1.0,86.75
SIA,RJ,202501,9792961,0206010052,1.0,86.75
SIA,RJ,202501,2708213,0206030029,1.0,86.75
SIA,RJ,202501,7185081,0206020023,4.0,347.0
SIA,RJ,202501,7065515,0206010036,1.0,86.76
SIA,RJ,202501,6389317,0206010044,2.0,173.5
SIA,RJ,202501,6389317,0206010028,3.0,303.3
SIA,RJ,202501,2298732,0206010079,29.0,2825.76
SIA,RJ,202501,2269341,0206010010,2.0,173.52
SIA,RJ,202501,2270234,0206010052,9.0,780.75
SIA,RJ,202501,2280167,0206010060,1.0,97.44
SIA,RJ,202501,2295067,0206010079,15.0,1461.6
SIA,RJ,202501,2269341,0206020023,3.0,260.25
SIA,RJ,202501,2269783,0206010010,16.0,1388.16
SIA,RJ,202501,7185081,0206010036,6.0,520.56
SIA,RJ,202501,6664164,0211020036,59.0,303.85
SIA,RJ,202501,2269783,0211020010,223.0,162798.92
SIA,RJ,202501,2269880,0211020036,329.0,1694.35
SIA,RJ,202501,2269988,0211020010,52.0,37962.08
SIA,RJ,202501,2280191,0206020031,29.0,3955.89
SIA,RJ,202501,2280191,0206030029,1.0,86.75
SIA,RJ,202501,2970627,0206010095,77.0,162255.94
SIA,RJ,202501,7516800,0211020036,99.0,509.85
SIA,RJ,202501,2269678,0211020010,35.0,25551.4
SIA,RJ,202501,2269678,0206030010,2.0,277.26
SIA,RJ,202501,2280132,0205010016,9.0,1485.0
SIA,RJ,202501,3784975,0211020036,121.0,623.15
SIA,RJ,202501,2269783,0206030029,7.0,607.25
SIA,RJ,202501,2298732,0206030037,22.0,3049.86
SIA,RJ,202501,2280132,0211020010,76.0,55483.04
SIA,RJ,202501,2269783,0206020015,6.0,520.5
SIA,RJ,202501,2270471,0211020036,146.0,751.9
SIA,RJ,202501,2296551,0211020036,397.0,2044.55
SIA,RJ,202501,2273454,0206010095,22.0,46358.84
SIA,RJ,202501,6514022,0211020036,42.0,216.3
SIA,RJ,202501,2269392,0211020036,288.0,1483.2
SIA,RJ,202501,5476844,0211020036,93.0,478.95
SIA,RJ,202501,2298732,0206010010,2.0,173.52
SIA,RJ,202501,2273454,0206030029,1.0,86.75
SIA,RJ,202501,2273659,0206010060,1.0,97.44
SIA,RJ,202501,6028233,0211020036,41.0,211.15
SIA,RJ,202501,6995462,0206010079,2.0,194.88
SIA,RJ,202501,9107835,0211020036,85.0,437.75
SIA,RJ,202501,6568491,0211020036,115.0,592.25
SIA,RJ,202501,5955211,0211020036,224.0,1153.6
SIA,RJ,202501,2269678,0211020060,206.0,6180.0
SIA,RJ,202501,5955645,0211020036,248.0,1277.2
SIA,RJ,202501,2269783,0211020036,627.0,3229.05
SIA,RJ,202501,2269783,0206020023,1.0,86.75
SIA,RJ,202501,6389317,0206010010,2.0,173.52
SIA,RJ,202501,7267975,0211020036,64.0,329.6
SIA,RJ,202501,2269783,0211020060,82.0,2460.0
SIA,RJ,202501,2280132,0208010025,1.0,408.52
SIA,RJ,202501,7065515,0206010079,3.0,292.32
SIA,RJ,202501,6901042,0211020036,3.0,15.45
SIA,RJ,202501,5955688,0211020036,345.0,1776.75
SIA,RJ,202501,2269295,0211020036,13.0,66.95
SIA,RJ,202501,5621801,0211020036,11.0,56.65
SIA,RJ,202501,2270234,0211020036,363.0,1869.45
SIA,RJ,202501,2280132,0206030037,2.0,277.26
SIA,RJ,202501,2269678,0205010016,3.0,495.0
SIA,RJ,202501,2295210,0206030010,2.0,277.26
SIA,RJ,202501,2269678,0206010079,1.0,97.44
SIA,RJ,202501,2298732,0206010044,2.0,173.5
SIA,RJ,202501,2296306,0206010060,1.0,97.44
SIA,RJ,202501,6038891,0211020036,376.0,1936.4
SIA,RJ,202501,2269341,0206010028,1.0,101.1
SIA,RJ,202501,9080163,0211020036,68.0,350.2
SIA,RJ,202501,2280132,0206010079,1.0,97.44
SIA,RJ,202501,2270269,0206010060,1.0,97.44
SIA,RJ,202501,2295210,0206010010,2.0,173.52
SIA,RJ,202501,7107366,0211020036,326.0,1678.9
SIA,RJ,202501,6038913,0211020036,400.0,2060.0
SIA,RJ,202501,2270056,0211020036,1.0,5.15
SIA,RJ,202501,2269880,0206010028,1.0,101.1
SIA,RJ,202501,2295210,0206010036,1.0,86.76
SIA,RJ,202501,6037550,0211020036,4.0,20.6
SIA,RJ,202501,9996095,0206030029,1.0,86.75
SIA,RJ,202501,7065515,0206010052,1.0,86.75
SIA,RJ,202501,5476607,0211020036,34.0,175.1
SIA,RJ,202501,2277298,0211020036,31.0,159.65
SIA,RJ,202501,2277328,0211020036,31.0,159.65
SIA,RJ,202501,5457009,0211020036,24.0,123.6
SIA,RJ,202501,2269880,0206010036,1.0,86.76
SIA,RJ,202501,2269880,0206020023,1.0,86.75
SIA,RJ,202501,7267975,0206010052,1.0,86.75
SIA,RJ,202501,6575900,0206010052,1.0,86.75
SIA,RJ,202501,9710078,0206030037,538.0,74582.94
SIA,RJ,202501,9710078,0206030010,535.0,74167.05
SIA,RJ,202501,2708078,0211020036,213.0,1096.95
SIA,RJ,202501,9710078,0206020031,168.0,22916.88
SIA,RJ,202501,0858218,0211020036,2.0,10.3
SIA,RJ,202501,9710078,0206010079,263.0,25626.72
SIA,RJ,202501,2696940,0206010079,277.0,26990.88
SIA,RJ,202501,2696940,0206020031,366.0,49926.06
SIA,RJ,202501,2696940,0206030029,9.0,780.75
SIA,RJ,202501,2696940,0206030037,263.0,36459.69
SIA,RJ,202501,2696940,0206030010,274.0,37984.62
SIA,RJ,202501,6794602,0211020060,165.0,4950.0
SIA,RJ,202501,2287374,0206030037,302.0,41866.26
SIA,RJ,202501,2798662,0206030010,1201.0,166494.63
SIA,RJ,202501,2798662,0206010079,1537.0,149765.28
SIA,RJ,202501,2798662,0206030037,1154.0,159979.02
SIA,RJ,202501,2267713,0206030037,23.0,3188.49
SIA,RJ,202501,2798662,0206010044,270.0,23422.5
SIA,RJ,202501,2798662,0206010036,89.0,7721.64
SIA,RJ,202501,2798662,0206020023,37.0,3209.75
SIA,RJ,202501,2798662,0206010028,187.0,18905.7
SIA,RJ,202501,2798662,0206020031,859.0,117176.19
SIA,RJ,202501,4035089,0206030010,35.0,4852.05
SIA,RJ,202501,2275635,0206030010,66.0,9149.58
SIA,RJ,202501,2275635,0206010079,71.0,6918.24
SIA,RJ,202501,2288176,0211020036,192.0,988.8
SIA,RJ,202501,2278855,0208010033,61.0,23367.27
SIA,RJ,202501,2278855,0206010079,133.0,12959.52
SIA,RJ,202501,2278855,0208010025,61.0,24919.72
SIA,RJ,202501,2278855,0206020031,257.0,35057.37
SIA,RJ,202501,2278855,0206030010,271.0,37568.73
SIA,RJ,202501,6222986,0208010025,52.0,21243.04
SIA,RJ,202501,4035089,0206030037,32.0,4436.16
SIA,RJ,202501,0012521,0206030037,583.0,80821.29
SIA,RJ,202501,0012521,0206010044,147.0,12752.25
SIA,RJ,202501,0012521,0206030010,545.0,75553.35
SIA,RJ,202501,0012521,0206020031,353.0,48152.73
SIA,RJ,202501,0012521,0206010079,471.0,45894.24
SIA,RJ,202501,4035089,0206020031,28.0,3819.48
SIA,RJ,202501,0012521,0206010010,101.0,8762.76
SIA,RJ,202501,2275635,0206010010,71.0,6159.96
SIA,RJ,202501,0012521,0206010028,173.0,17490.3
SIA,RJ,202501,2275635,0206010036,61.0,5292.36
SIA,RJ,202501,9761675,0208010025,55.0,22468.6
SIA,RJ,202501,2275635,0206010044,24.0,2082.0
SIA,RJ,202501,2278855,0206030037,265.0,36736.95
SIA,RJ,202501,2278855,0211020036,86.0,442.9
SIA,RJ,202501,2275635,0206020015,11.0,954.25
SIA,RJ,202501,2275635,0206020031,69.0,9412.29
SIA,RJ,202501,4089189,0206010079,64.0,6236.16
SIA,RJ,202501,4089189,0206010044,29.0,2515.75
SIA,RJ,202501,4089189,0206010052,5.0,433.75
SIA,RJ,202501,0456039,0211020060,17.0,1530.0
SIA,RJ,202501,2287374,0206010079,114.0,11108.16
SIA,RJ,202501,2266792,0211020036,265.0,1364.75
SIA,RJ,202501,4035089,0206010079,20.0,1948.8
SIA,RJ,202501,4035089,0206010028,30.0,3033.0
SIA,RJ,202501,2287374,0206020031,132.0,18006.12
SIA,RJ,202501,9710078,0206010010,7.0,607.32
SIA,RJ,202501,0025127,0208010025,78.0,31864.56
SIA,RJ,202501,0025127,0208010033,78.0,29879.46
SIA,RJ,202501,3145786,0206030010,3.0,415.89
SIA,RJ,202501,2798662,0206010010,218.0,18913.68
SIA,RJ,202501,9761675,0208010033,55.0,21068.85
SIA,RJ,202501,2275635,0206030037,69.0,9565.47
SIA,RJ,202501,2267713,0206010044,9.0,780.75
SIA,RJ,202501,4089189,0206010036,16.0,1388.16
SIA,RJ,202501,4089189,0206030029,19.0,1648.25
SIA,RJ,202501,4089189,0206030037,65.0,9010.95
SIA,RJ,202501,4089189,0206030010,61.0,8456.43
SIA,RJ,202501,2278855,0206010028,21.0,2123.1
SIA,RJ,202501,2798662,0206030029,48.0,4164.0
SIA,RJ,202501,3145786,0208010033,2.0,766.14
SIA,RJ,202501,2267713,0206020031,14.0,1909.74
SIA,RJ,202501,6222986,0208010033,52.0,19919.64
SIA,RJ,202501,0012521,0206030029,28.0,2429.0
SIA,RJ,202501,4035089,0206010010,18.0,1561.68
SIA,RJ,202501,2275635,0206010028,62.0,6268.2
SIA,RJ,202501,6120423,0206010079,7.0,682.08
SIA,RJ,202501,2278855,0206010052,28.0,2429.0
SIA,RJ,202501,2278855,0206010010,36.0,3123.36
SIA,RJ,202501,0025143,0206020031,236.0,32192.76
SIA,RJ,202501,6629385,0211020036,373.0,1920.95
SIA,RJ,202501,6007317,0206030010,1932.0,267833.16
SIA,RJ,202501,2290227,0206010079,1946.0,189618.24
SIA,RJ,202501,2290227,0206020031,959.0,130817.19
SIA,RJ,202501,6007317,0206020031,1041.0,142002.81
SIA,RJ,202501,6007317,0206010079,1152.0,112250.88
SIA,RJ,202501,6007317,0206030037,1941.0,269080.83
SIA,RJ,202501,2290227,0206030010,1177.0,163167.51
SIA,RJ,202501,2290227,0206030037,1167.0,161781.21
SIA,RJ,202501,2290227,0206010028,363.0,36699.3
SIA,RJ,202501,2290227,0206030029,180.0,15615.0
SIA,RJ,202501,2290227,0206010010,251.0,21776.76
SIA,RJ,202501,6660649,0206010079,54.0,5261.76
SIA,RJ,202501,6660649,0206030010,28.0,3881.64
SIA,RJ,202501,0025143,0206030037,462.0,64047.06
SIA,RJ,202501,4507940,0211020036,181.0,932.15
SIA,RJ,202501,0025143,0206010028,30.0,3033.0
SIA,RJ,202501,2297795,0206020031,118.0,16096.38
SIA,RJ,202501,0025143,0206030010,431.0,59749.53
SIA,RJ,202501,2297795,0206030010,113.0,15665.19
SIA,RJ,202501,2297795,0206010028,41.0,4145.1
SIA,RJ,202501,6663842,0206030010,9.0,1247.67
SIA,RJ,202501,2292386,0206030037,97.0,13447.11
SIA,RJ,202501,2298031,0206030010,700.0,97041.0
SIA,RJ,202501,2298031,0206020031,476.0,64931.16
SIA,RJ,202501,2298031,0206010079,945.0,92080.8
SIA,RJ,202501,2298317,0211020036,563.0,2899.45
SIA,RJ,202501,4089189,0206010028,56.0,5661.6
SIA,RJ,202501,4089189,0211020036,1.0,5.15
SIA,RJ,202501,9074457,0206030037,41.0,5683.83
SIA,RJ,202501,2298031,0206010044,253.0,21947.75
SIA,RJ,202501,2298031,0206010028,183.0,18501.3
SIA,RJ,202501,2298031,0206030037,750.0,103972.5
SIA,RJ,202501,4089189,0206020031,62.0,8457.42
SIA,RJ,202501,2287919,0206010079,84.0,8184.96
SIA,RJ,202501,2287919,0206010010,15.0,1301.4
SIA,RJ,202501,6050484,0206010044,18.0,1561.5
SIA,RJ,202501,6050484,0206010079,175.0,17052.0
SIA,RJ,202501,6050484,0206010010,19.0,1648.44
SIA,RJ,202501,6050484,0206010028,39.0,3942.9
SIA,RJ,202501,6050484,0206030010,138.0,19130.94
SIA,RJ,202501,2278855,0206010044,24.0,2082.0
SIA,RJ,202501,6050484,0206020031,82.0,11185.62
SIA,RJ,202501,6050484,0206030037,132.0,18299.16
SIA,RJ,202501,2298031,0206010010,216.0,18740.16
SIA,RJ,202501,2298031,0206010052,24.0,2082.0
SIA,RJ,202501,2298031,0206020023,131.0,11364.25
SIA,RJ,202501,6007317,0206010028,80.0,8088.0
SIA,RJ,202501,6007317,0206010052,48.0,4164.0
SIA,RJ,202501,2288389,0211020036,11.0,56.65
SIA,RJ,202501,4035089,0206030029,4.0,347.0
SIA,RJ,202501,2297795,0206010079,170.0,16564.8
SIA,RJ,202501,2297795,0206030037,123.0,17051.49
SIA,RJ,202501,2290227,0206010044,376.0,32618.0
SIA,RJ,202501,2287919,0206010028,33.0,3336.3
SIA,RJ,202501,2292386,0206030010,98.0,13585.74
SIA,RJ,202501,2297795,0206010036,23.0,1995.48
SIA,RJ,202501,4089189,0206010010,24.0,2082.24
SIA,RJ,202501,2290227,0206020015,95.0,8241.25
SIA,RJ,202501,2292246,0211020036,61.0,314.15
SIA,RJ,202501,2297795,0206010044,57.0,4944.75
SIA,RJ,202501,2287919,0206020031,35.0,4774.35
SIA,RJ,202501,6660649,0206020031,32.0,4365.12
SIA,RJ,202501,2287374,0206010028,32.0,3235.2
SIA,RJ,202501,0025143,0206010044,35.0,3036.25
SIA,RJ,202501,2290227,0206010036,161.0,13968.36
SIA,RJ,202501,6007317,0206010044,152.0,13186.0
SIA,RJ,202501,6007317,0206010010,65.0,5639.4
SIA,RJ,202501,6007317,0206030029,53.0,4597.75
SIA,RJ,202501,0025143,0206010079,377.0,36734.88
SIA,RJ,202501,6007317,0206020015,32.0,2776.0
SIA,RJ,202501,2290227,0206010052,54.0,4684.5
SIA,RJ,202501,2267713,0206030029,4.0,347.0
SIA,RJ,202501,2267713,0206010028,15.0,1516.5
SIA,RJ,202501,2277212,0211020036,142.0,731.3
SIA,RJ,202501,9710078,0206030029,8.0,694.0
SIA,RJ,202501,2298031,0206010036,41.0,3557.16
SIA,RJ,202501,0025143,0206010036,14.0,1214.64
SIA,RJ,202501,2298031,0206030029,90.0,7807.5
SIA,RJ,202501,2696940,0206010028,25.0,2527.5
SIA,RJ,202501,2696940,0206010010,19.0,1648.44
SIA,RJ,202501,2298651,0206030037,35.0,4852.05
SIA,RJ,202501,6420737,0206010028,12.0,1213.2
SIA,RJ,202501,2298651,0206020031,32.0,4365.12
SIA,RJ,202501,6420737,0206020023,2.0,173.5
SIA,RJ,202501,2298651,0206010079,61.0,5943.84
SIA,RJ,202501,9710078,0206010052,4.0,347.0
SIA,RJ,202501,2275635,0206020023,3.0,260.25
SIA,RJ,202501,0012521,0206020015,26.0,2255.5
SIA,RJ,202501,2289571,0206020023,1.0,86.75
SIA,RJ,202501,2289571,0206010028,1.0,101.1
SIA,RJ,202501,2289571,0206020031,32.0,4365.12
SIA,RJ,202501,3145786,0206010079,5.0,487.2
SIA,RJ,202501,2289571,0206030010,42.0,5822.46
SIA,RJ,202501,2289571,0206030037,29.0,4020.27
SIA,RJ,202501,6050484,0206010052,11.0,954.25
SIA,RJ,202501,4089189,0206020023,2.0,173.5
SIA,RJ,202501,2298651,0206010010,5.0,433.8
SIA,RJ,202501,2298031,0206020015,45.0,3903.75
SIA,RJ,202501,6420737,0206020031,35.0,4774.35
SIA,RJ,202501,6420737,0206030010,43.0,5961.09
SIA,RJ,202501,2275635,0211020036,5.0,25.75
SIA,RJ,202501,0012521,0206010052,16.0,1388.0
SIA,RJ,202501,0012521,0206020023,29.0,2515.75
SIA,RJ,202501,9074457,0206010028,38.0,3841.8
SIA,RJ,202501,2298651,0206010028,27.0,2729.7
SIA,RJ,202501,4122542,0206010079,30.0,2923.2
SIA,RJ,202501,4122542,0206010044,5.0,433.75
SIA,RJ,202501,2267713,0206010079,21.0,2046.24
SIA,RJ,202501,6007317,0206010036,30.0,2602.8
SIA,RJ,202501,2297795,0206010010,71.0,6159.96
SIA,RJ,202501,9710078,0206010036,4.0,347.04
SIA,RJ,202501,6420737,0206030037,41.0,5683.83
SIA,RJ,202501,2267713,0206010010,16.0,1388.16
SIA,RJ,202501,2298651,0206030010,27.0,3743.01
SIA,RJ,202501,6663842,0206010044,3.0,260.25
SIA,RJ,202501,6663842,0206030037,10.0,1386.3
SIA,RJ,202501,9491619,0206010079,2.0,194.88
SIA,RJ,202501,9710078,0206010028,18.0,1819.8
SIA,RJ,202501,6660649,0206010036,6.0,520.56
SIA,RJ,202501,6660649,0206010028,15.0,1516.5
SIA,RJ,202501,9074457,0206030010,41.0,5683.83
SIA,RJ,202501,9074457,0206020023,8.0,694.0
SIA,RJ,202501,0025143,0206020023,11.0,954.25
SIA,RJ,202501,9074457,0206010044,9.0,780.75
SIA,RJ,202501,4122542,0206030037,10.0,1386.3
SIA,RJ,202501,0012904,0211020036,30.0,154.5
SIA,RJ,202501,3145786,0208010025,2.0,817.04
SIA,RJ,202501,2798662,0206010052,33.0,2862.75
SIA,RJ,202501,4122542,0206010028,18.0,1819.8
SIA,RJ,202501,2287374,0206010044,5.0,433.75
SIA,RJ,202501,9761675,0211020060,41.0,1230.0
SIA,RJ,202501,2298651,0206030029,3.0,260.25
SIA,RJ,202501,0673471,0211020036,126.0,648.9
SIA,RJ,202501,6663842,0206010079,7.0,682.08
SIA,RJ,202501,2287919,0206030010,21.0,2911.23
SIA,RJ,202501,6050484,0206010036,7.0,607.32
SIA,RJ,202501,6050484,0206030029,8.0,694.0
SIA,RJ,202501,6420737,0206010044,16.0,1388.0
SIA,RJ,202501,9074457,0206010079,50.0,4872.0
SIA,RJ,202501,2288109,0211020036,158.0,813.7
SIA,RJ,202501,2287919,0206030037,54.0,7486.02
SIA,RJ,202501,2289571,0206010079,21.0,2046.24
SIA,RJ,202501,6660649,0206030037,29.0,4020.27
SIA,RJ,202501,7612036,0211020036,236.0,1215.4
SIA,RJ,202501,2696746,0206010079,706.0,68792.64
SIA,RJ,202501,2696746,0206030010,95.0,13169.85
SIA,RJ,202501,7354746,0206030010,707.0,98011.41
SIA,RJ,202501,7354746,0206030037,718.0,99536.34
SIA,RJ,202501,2292084,0206030010,105.0,14556.15
SIA,RJ,202501,7588577,0206030010,614.0,85118.82
SIA,RJ,202501,7588577,0206010079,416.0,40535.04
SIA,RJ,202501,7588577,0208010033,149.0,57077.43
SIA,RJ,202501,7354746,0206010079,460.0,44822.4
SIA,RJ,202501,2696746,0206020031,186.0,25372.26
SIA,RJ,202501,2696746,0206030037,131.0,18160.53
SIA,RJ,202501,0906603,0206030037,292.0,40479.96
SIA,RJ,202501,2798662,0206020015,11.0,954.25
SIA,RJ,202501,2278855,0206020023,4.0,347.0
SIA,RJ,202501,6663842,0206020031,12.0,1636.92
SIA,RJ,202501,2292386,0206020031,116.0,15823.56
SIA,RJ,202501,3145786,0206010052,7.0,607.25
SIA,RJ,202501,2267713,0206020015,2.0,173.5
SIA,RJ,202501,9710078,0206010044,24.0,2082.0
SIA,RJ,202501,2298651,0206010044,4.0,347.0
SIA,RJ,202501,2284634,0206030010,12.0,1663.56
SIA,RJ,202501,2272652,0206010079,561.0,54663.84
SIA,RJ,202501,2272652,0206010028,116.0,11727.6
SIA,RJ,202501,0906603,0206010010,44.0,3817.44
SIA,RJ,202501,0906603,0206030029,82.0,7113.5
SIA,RJ,202501,2272652,0206020031,466.0,63567.06
SIA,RJ,202501,2272652,0206030010,779.0,107992.77
SIA,RJ,202501,2272652,0206030037,785.0,108824.55
SIA,RJ,202501,0906603,0206010052,10.0,867.5
SIA,RJ,202501,0906603,0206010028,41.0,4145.1
SIA,RJ,202501,0906603,0206010079,263.0,25626.72
SIA,RJ,202501,2272652,0206010010,72.0,6246.72
SIA,RJ,202501,2272652,0206010044,85.0,7373.75
SIA,RJ,202501,2272652,0206020015,31.0,2689.25
SIA,RJ,202501,0906603,0206030010,276.0,38261.88
SIA,RJ,202501,3145786,0206020031,1.0,136.41
SIA,RJ,202501,7354746,0206020031,413.0,56337.33
SIA,RJ,202501,7588577,0206030037,638.0,88445.94
SIA,RJ,202501,7588577,0211020036,185.0,952.75
SIA,RJ,202501,7354746,0206010044,67.0,5812.25
SIA,RJ,202501,2278200,0211020036,27.0,139.05
SIA,RJ,202501,0025143,0206020015,9.0,780.75
SIA,RJ,202501,2287374,0206030010,2.0,277.26
SIA,RJ,202501,6663842,0206010052,1.0,86.75
SIA,RJ,202501,6660649,0206010044,7.0,607.25
SIA,RJ,202501,6660649,0206010010,3.0,260.28
SIA,RJ,202501,6663842,0206010010,3.0,260.28
SIA,RJ,202501,6042619,0211020036,273.0,1405.95
SIA,RJ,202501,7354746,0206010010,93.0,8068.68
SIA,RJ,202501,7588577,0206030029,58.0,5031.5
SIA,RJ,202501,7588577,0208010076,185.0,39747.25
SIA,RJ,202501,7588577,0206010028,89.0,8997.9
SIA,RJ,202501,6120423,0206030010,8.0,1109.04
SIA,RJ,202501,6120423,0206030037,8.0,1109.04
SIA,RJ,202501,7588577,0206020031,383.0,52245.03
SIA,RJ,202501,2287919,0206010044,12.0,1041.0
SIA,RJ,202501,2297795,0206010060,6.0,584.64
SIA,RJ,202501,7588577,0208010025,184.0,75167.68
SIA,RJ,202501,9348573,0211020036,98.0,504.7
SIA,RJ,202501,2298317,0206030037,7.0,970.41
SIA,RJ,202501,2292084,0206010079,168.0,16369.92
SIA,RJ,202501,2271052,0211020036,36.0,185.4
SIA,RJ,202501,0025143,0206010010,24.0,2082.24
SIA,RJ,202501,4035089,0206010036,7.0,607.32
SIA,RJ,202501,2278855,0206020015,4.0,347.0
SIA,RJ,202501,9074457,0206020031,36.0,4910.76
SIA,RJ,202501,0012726,0211020036,59.0,303.85
SIA,RJ,202501,2284510,0211020036,392.0,2018.8
SIA,RJ,202501,9491619,0206030010,2.0,277.26
SIA,RJ,202501,0271152,0211020036,19.0,97.85
SIA,RJ,202501,9074457,0206030029,3.0,260.25
SIA,RJ,202501,2292386,0206010028,7.0,707.7
SIA,RJ,202501,0025143,0206010052,15.0,1301.25
SIA,RJ,202501,2696940,0206010044,54.0,4684.5
SIA,RJ,202501,9074457,0206010036,6.0,520.56
SIA,RJ,202501,6420737,0206010079,30.0,2923.2
SIA,RJ,202501,4122542,0206020031,12.0,1636.92
SIA,RJ,202501,4122542,0206010010,5.0,433.8
SIA,RJ,202501,2297795,0206020015,5.0,433.75
SIA,RJ,202501,9074457,0206010010,17.0,1474.92
SIA,RJ,202501,5412447,0206030010,218.0,30221.34
SIA,RJ,202501,5412447,0206010036,4.0,347.04
SIA,RJ,202501,2275589,0206010010,41.0,3557.16
SIA,RJ,202501,2275589,0206010079,413.0,40242.72
SIA,RJ,202501,5412447,0206030037,130.0,18021.9
SIA,RJ,202501,2275589,0206020031,300.0,40923.0
SIA,RJ,202501,2275589,0206030037,535.0,74167.05
SIA,RJ,202501,5412447,0206010010,28.0,2429.28
SIA,RJ,202501,5412447,0206010079,199.0,19390.56
SIA,RJ,202501,6646034,0206030010,128.0,17744.64
SIA,RJ,202501,6646034,0206020031,74.0,10094.34
SIA,RJ,202501,2275589,0206030010,515.0,71394.45
SIA,RJ,202501,2279274,0211020036,1192.0,6138.8
SIA,RJ,202501,6635148,0206010095,20.0,42144.4
SIA,RJ,202501,9710078,0206020015,0.0,0.0
SIA,RJ,202501,2272202,0211020036,50.0,257.5
SIA,RJ,202501,4035089,0206010044,5.0,433.75
SIA,RJ,202501,2287374,0206010010,6.0,520.56
SIA,RJ,202501,2267713,0206030010,10.0,1386.3
SIA,RJ,202501,2289571,0206010044,15.0,1301.25
SIA,RJ,202501,2298031,0206010060,2.0,194.88
SIA,RJ,202501,6120423,0206030029,1.0,86.75
SIA,RJ,202501,6420737,0206010010,2.0,173.52
SIA,RJ,202501,6663842,0206030029,1.0,86.75
SIA,RJ,202501,6120423,0206020031,1.0,136.41
SIA,RJ,202501,2296810,0211020036,2.0,10.3
SIA,RJ,202501,6663842,0206010036,2.0,173.52
SIA,RJ,202501,2297795,0206010052,7.0,607.25
SIA,RJ,202501,6660649,0206030029,9.0,780.75
SIA,RJ,202501,2287919,0206030029,1.0,86.75
SIA,RJ,202501,6420737,0206030029,4.0,347.0
SIA,RJ,202501,2292386,0206010079,4.0,389.76
SIA,RJ,202501,6420737,0206020015,2.0,173.5
SIA,RJ,202501,2296241,0206030010,86.0,11922.18
SIA,RJ,202501,2296241,0206030037,88.0,12199.44
SIA,RJ,202501,4206541,0211020060,93.0,2790.0
SIA,RJ,202501,4206541,0211020036,1462.0,7529.3
SIA,RJ,202501,2280051,0211020036,237.0,1220.55
SIA,RJ,202501,2280051,0206030037,91.0,12615.33
SIA,RJ,202501,2267187,0206030010,15.0,2079.45
SIA,RJ,202501,2267187,0206010079,26.0,2533.44
SIA,RJ,202501,6663842,0206010028,7.0,707.7
SIA,RJ,202501,2278219,0211020036,6.0,30.9
SIA,RJ,202501,2296241,0206020031,88.0,12004.08
SIA,RJ,202501,2296241,0211020036,148.0,762.2
SIA,RJ,202501,3111156,0206030010,132.0,18299.16
SIA,RJ,202501,3111156,0206010028,93.0,9402.3
SIA,RJ,202501,3111156,0206010044,74.0,6419.5
SIA,RJ,202501,0025143,0206030029,6.0,520.5
SIA,RJ,202501,2280582,0211020036,419.0,2157.85
SIA,RJ,202501,4089189,0206020015,2.0,173.5
SIA,RJ,202501,6660649,0206020015,3.0,260.25
SIA,RJ,202501,2287919,0206010036,2.0,173.52
SIA,RJ,202501,2274280,0211020036,139.0,715.85
SIA,RJ,202501,2296241,0206010079,20.0,1948.8
SIA,RJ,202501,2296241,0206010028,12.0,1213.2
SIA,RJ,202501,7065485,0211020036,466.0,2399.9
SIA,RJ,202501,2287374,0206010052,2.0,173.5
SIA,RJ,202501,2704587,0206010010,8.0,694.08
SIA,RJ,202501,2704587,0206030029,3.0,260.25
SIA,RJ,202501,3386937,0206010079,25.0,2436.0
SIA,RJ,202501,2277603,0211020036,40.0,206.0
SIA,RJ,202501,2285975,0211020036,26.0,133.9
SIA,RJ,202501,2275635,0206030029,8.0,694.0
SIA,RJ,202501,2704587,0206010079,62.0,6041.28
SIA,RJ,202501,2267187,0206020031,4.0,545.64
SIA,RJ,202501,3145786,0206030037,3.0,415.89
SIA,RJ,202501,6376584,0211020036,155.0,798.25
SIA,RJ,202501,3032175,0211020036,237.0,1220.55
SIA,RJ,202501,2280051,0206030010,82.0,11367.66
SIA,RJ,202501,2280051,0206020031,101.0,13777.41
SIA,RJ,202501,2280051,0206020015,1.0,86.75
SIA,RJ,202501,2280051,0206010079,14.0,1364.16
SIA,RJ,202501,2278855,0206030029,9.0,780.75
SIA,RJ,202501,4122542,0206030029,2.0,173.5
SIA,RJ,202501,2271478,0211020036,68.0,350.2
SIA,RJ,202501,2274426,0211020036,22.0,113.3
SIA,RJ,202501,2267187,0206030037,15.0,2079.45
SIA,RJ,202501,2286777,0211020036,161.0,829.15
SIA,RJ,202501,2280051,0206010028,8.0,808.8
SIA,RJ,202501,2280051,0206010036,4.0,347.04
SIA,RJ,202501,2696940,0206010052,1.0,86.75
SIA,RJ,202501,2696940,0206010036,12.0,1041.12
SIA,RJ,202501,3386937,0206030010,6.0,831.78
SIA,RJ,202501,3386937,0206030037,6.0,831.78
SIA,RJ,202501,3386937,0206010036,1.0,86.76
SIA,RJ,202501,6035809,0211020036,2022.0,10413.3
SIA,RJ,202501,5833841,0206010079,79.0,7697.76
SIA,RJ,202501,5833841,0206010010,29.0,2516.04
SIA,RJ,202501,5833841,0206010028,93.0,9402.3
SIA,RJ,202501,5833841,0206030029,74.0,6419.5
SIA,RJ,202501,5833841,0206020031,80.0,10912.8
SIA,RJ,202501,5833841,0206030010,77.0,10674.51
SIA,RJ,202501,2297795,0206020023,3.0,260.25
SIA,RJ,202501,0113891,0206030037,33.0,4574.79
SIA,RJ,202501,0113891,0206020031,39.0,5319.99
SIA,RJ,202501,2267187,0211020036,189.0,973.35
SIA,RJ,202501,2292386,0206020023,3.0,260.25
SIA,RJ,202501,2286289,0206030037,218.0,30221.34
SIA,RJ,202501,2291320,0206010079,23.0,2241.12
SIA,RJ,202501,4126106,0206030037,481.0,66681.03
SIA,RJ,202501,4126106,0206010052,183.0,15875.25
SIA,RJ,202501,4126106,0206030010,645.0,89416.35
SIA,RJ,202501,4126106,0206010079,521.0,50766.24
SIA,RJ,202501,2266733,0206010028,48.0,4852.8
SIA,RJ,202501,2266733,0206010079,370.0,36052.8
SIA,RJ,202501,2266733,0206030010,522.0,72364.86
SIA,RJ,202501,2266733,0206030037,530.0,73473.9
SIA,RJ,202501,2288885,0206030037,73.0,10119.99
SIA,RJ,202501,2288885,0211020036,595.0,3064.25
SIA,RJ,202501,2287382,0211020036,706.0,3635.9
SIA,RJ,202501,2266733,0206010010,46.0,3990.96
SIA,RJ,202501,2268507,0206030010,22.0,3049.86
SIA,RJ,202501,5833841,0206030037,101.0,14001.63
SIA,RJ,202501,2287447,0206030010,176.0,24398.88
SIA,RJ,202501,2287382,0206010079,37.0,3605.28
SIA,RJ,202501,2288885,0206030010,68.0,9426.84
SIA,RJ,202501,0379824,0206020031,31.0,4228.71
SIA,RJ,202501,9834540,0206010079,59.0,5748.96
SIA,RJ,202501,9834540,0206010028,86.0,8694.6
SIA,RJ,202501,9834540,0206010010,23.0,1995.48
SIA,RJ,202501,9834540,0206020031,73.0,9957.93
SIA,RJ,202501,5290236,0211020036,19.0,97.85
SIA,RJ,202501,9834540,0206030010,26.0,3604.38
SIA,RJ,202501,9834540,0206030037,38.0,5267.94
SIA,RJ,202501,2267802,0206030010,145.0,20101.35
SIA,RJ,202501,2287447,0211020036,298.0,1534.7
SIA,RJ,202501,2287447,0206010036,15.0,1301.4
SIA,RJ,202501,2281384,0206030037,113.0,15665.19
SIA,RJ,202501,2268507,0206030037,22.0,3049.86
SIA,RJ,202501,4126106,0206010010,71.0,6159.96
SIA,RJ,202501,2297795,0206030029,8.0,694.0
SIA,RJ,202501,4126106,0206020031,584.0,79663.44
SIA,RJ,202501,4126106,0206010044,93.0,8067.75
SIA,RJ,202501,4126106,0206030029,154.0,13359.5
SIA,RJ,202501,6272320,0211020036,132.0,679.8
SIA,RJ,202501,2292912,0206030010,81.0,11229.03
SIA,RJ,202501,4126106,0206010028,117.0,11828.7
SIA,RJ,202501,4126106,0206020023,88.0,7634.0
SIA,RJ,202501,2291320,0206030010,22.0,3049.86
SIA,RJ,202501,2267802,0206030037,144.0,19962.72
SIA,RJ,202501,0379824,0206010010,5.0,433.8
SIA,RJ,202501,0379824,0206010079,22.0,2143.68
SIA,RJ,202501,0379824,0206020023,5.0,433.75
SIA,RJ,202501,2286289,0206020031,186.0,25372.26
SIA,RJ,202501,2298317,0206010010,1.0,86.76
SIA,RJ,202501,2281384,0206010010,29.0,2516.04
SIA,RJ,202501,2267802,0206020031,112.0,15277.92
SIA,RJ,202501,2286289,0206030029,49.0,4250.75
SIA,RJ,202501,2286289,0206010079,156.0,15200.64
SIA,RJ,202501,2286289,0206030010,198.0,27448.74
SIA,RJ,202501,9834540,0206010052,7.0,607.25
SIA,RJ,202501,3477371,0206030037,45.0,6238.35
SIA,RJ,202501,3477371,0206020031,38.0,5183.58
SIA,RJ,202501,2287447,0206030037,197.0,27310.11
SIA,RJ,202501,6225152,0206010079,1.0,97.44
SIA,RJ,202501,2281384,0206030010,108.0,14972.04
SIA,RJ,202501,2287382,0206010028,21.0,2123.1
SIA,RJ,202501,9834540,0206010036,9.0,780.84
SIA,RJ,202501,2281384,0206030029,11.0,954.25
SIA,RJ,202501,2287447,0206010079,69.0,6723.36
SIA,RJ,202501,2280868,0206030037,85.0,11783.55
SIA,RJ,202501,2287447,0206020031,218.0,29737.38
SIA,RJ,202501,2280868,0206020031,95.0,12958.95
SIA,RJ,202501,2288885,0206010044,38.0,3296.5
SIA,RJ,202501,2288885,0206010028,27.0,2729.7
SIA,RJ,202501,2287382,0206020031,16.0,2182.56
SIA,RJ,202501,2287382,0206030037,3.0,415.89
SIA,RJ,202501,2280868,0206010079,53.0,5164.32
SIA,RJ,202501,2292912,0206020031,59.0,8048.19
SIA,RJ,202501,2283034,0211020036,20.0,103.0
SIA,RJ,202501,2286289,0206020015,27.0,2342.25
SIA,RJ,202501,2267802,0206010079,178.0,17344.32
SIA,RJ,202501,2267802,0206030029,11.0,954.25
SIA,RJ,202501,2287250,0211020036,118.0,607.7
SIA,RJ,202501,2291320,0206010028,23.0,2325.3
SIA,RJ,202501,2286289,0206010044,54.0,4684.5
SIA,RJ,202501,2294923,0206010079,166.0,16175.04
SIA,RJ,202501,2281384,0206010079,69.0,6723.36
SIA,RJ,202501,0777633,0211020036,362.0,1864.3
SIA,RJ,202501,2287447,0211020060,26.0,780.0
SIA,RJ,202501,2283328,0211020036,120.0,618.0
SIA,RJ,202501,2280868,0206010036,14.0,1214.64
SIA,RJ,202501,4126106,0206010036,26.0,2255.76
SIA,RJ,202501,2286289,0206010028,25.0,2527.5
SIA,RJ,202501,2280868,0206010010,20.0,1735.2
SIA,RJ,202501,2292912,0206010079,110.0,10718.4
SIA,RJ,202501,3477371,0206010028,2.0,202.2
SIA,RJ,202501,2280868,0206010044,50.0,4337.5
SIA,RJ,202501,2287250,0206010079,9.0,876.96
SIA,RJ,202501,2287250,0206020031,21.0,2864.61
SIA,RJ,202501,3470350,0211020036,180.0,927.0
SIA,RJ,202501,0379824,0206030029,8.0,694.0
SIA,RJ,202501,2287250,0206010044,8.0,694.0
SIA,RJ,202501,7554141,0211020060,5.0,895.0
SIA,RJ,202501,2275619,0206030037,23.0,3188.49
SIA,RJ,202501,2275619,0206010079,27.0,2630.88
SIA,RJ,202501,2288885,0206010079,90.0,8769.6
SIA,RJ,202501,2292912,0206010028,22.0,2224.2
SIA,RJ,202501,2281384,0206010036,9.0,780.84
SIA,RJ,202501,2280868,0206030029,19.0,1648.25
SIA,RJ,202501,2288885,0206020031,77.0,10503.57
SIA,RJ,202501,2275619,0206030010,24.0,3327.12
SIA,RJ,202501,2267810,0211020036,26.0,133.9
SIA,RJ,202501,2267802,0206010028,34.0,3437.4
SIA,RJ,202501,2267802,0206010044,17.0,1474.75
SIA,RJ,202501,2280868,0206020015,6.0,520.5
SIA,RJ,202501,9911340,0211020036,64.0,329.6
SIA,RJ,202501,0379824,0206010044,10.0,867.5
SIA,RJ,202501,2292912,0206030037,82.0,11367.66
SIA,RJ,202501,2267187,0206020015,1.0,86.75
SIA,RJ,202501,2280868,0206030010,93.0,12892.59
SIA,RJ,202501,2294923,0206030037,132.0,18299.16
SIA,RJ,202501,2294923,0206020031,96.0,13095.36
SIA,RJ,202501,2283239,0211020036,161.0,829.15
SIA,RJ,202501,3003035,0211020036,140.0,721.0
SIA,RJ,202501,0113891,0206030010,41.0,5683.83
SIA,RJ,202501,2294923,0206010010,20.0,1735.2
SIA,RJ,202501,2268507,0206020031,10.0,1364.1
SIA,RJ,202501,2291320,0206020015,2.0,173.5
SIA,RJ,202501,2291320,0206030037,24.0,3327.12
SIA,RJ,202501,2287250,0206030037,21.0,2911.23
SIA,RJ,202501,5931517,0211020036,1.0,5.15
SIA,RJ,202501,2292912,0206010010,16.0,1388.16
SIA,RJ,202501,2292386,0206020015,2.0,173.5
SIA,RJ,202501,2266652,0211020036,39.0,200.85
SIA,RJ,202501,3477371,0206010052,3.0,260.25
SIA,RJ,202501,5360250,0211020036,21.0,108.15
SIA,RJ,202501,0379824,0206030010,29.0,4020.27
SIA,RJ,202501,0379824,0206030037,23.0,3188.49
SIA,RJ,202501,2294923,0206030010,126.0,17467.38
SIA,RJ,202501,3111156,0206010010,50.0,4338.0
SIA,RJ,202501,3111156,0206020031,170.0,23189.7
SIA,RJ,202501,3111156,0206030037,131.0,18160.53
SIA,RJ,202501,3111156,0206020023,5.0,433.75
SIA,RJ,202501,0012637,0211020036,227.0,1169.05
SIA,RJ,202501,3111156,0206010079,218.0,21241.92
SIA,RJ,202501,9834540,0206010044,7.0,607.25
SIA,RJ,202501,9074457,0206020015,2.0,173.5
SIA,RJ,202501,6903665,0211020036,515.0,2652.25
SIA,RJ,202501,2288885,0206010052,6.0,520.5
SIA,RJ,202501,0113891,0206010052,1.0,86.75
SIA,RJ,202501,0113891,0211020036,722.0,3718.3
SIA,RJ,202501,2280051,0206010044,11.0,954.25
SIA,RJ,202501,2275597,0211020036,696.0,3584.4
SIA,RJ,202501,2294923,0206010044,20.0,1735.0
SIA,RJ,202501,2291320,0206010044,3.0,260.25
SIA,RJ,202501,2287447,0206010052,19.0,1648.25
SIA,RJ,202501,3386937,0206010028,5.0,505.5
SIA,RJ,202501,3386937,0206010010,1.0,86.76
SIA,RJ,202501,2292912,0206010044,14.0,1214.5
SIA,RJ,202501,2287919,0206010052,3.0,260.25
SIA,RJ,202501,2281384,0206010028,19.0,1920.9
SIA,RJ,202501,4126106,0206020015,13.0,1127.75
SIA,RJ,202501,3405435,0211020036,23.0,118.45
SIA,RJ,202501,0379824,0206010028,26.0,2628.6
SIA,RJ,202501,2287250,0206010028,6.0,606.6
SIA,RJ,202501,2287447,0206010028,35.0,3538.5
SIA,RJ,202501,0111058,0211020036,1091.0,5618.65
SIA,RJ,202501,0379824,0206010036,4.0,347.04
SIA,RJ,202501,0379824,0206010052,3.0,260.25
SIA,RJ,202501,2284103,0211020036,441.0,2271.15
SIA,RJ,202501,2286289,0206010010,15.0,1301.4
SIA,RJ,202501,2289571,0206010036,1.0,86.76
SIA,RJ,202501,2294923,0206010028,19.0,1920.9
SIA,RJ,202501,2281384,0206020031,59.0,8048.19
SIA,RJ,202501,2280868,0206010028,49.0,4953.9
SIA,RJ,202501,2280051,0206010052,13.0,1127.75
SIA,RJ,202501,2287447,0206020015,17.0,1474.75
SIA,RJ,202501,2295075,0211020036,85.0,437.75
SIA,RJ,202501,6225152,0206030037,1.0,138.63
SIA,RJ,202501,6471803,0211020036,1.0,5.15
SIA,RJ,202501,3477371,0206010036,3.0,260.28
SIA,RJ,202501,2267802,0206010010,20.0,1735.2
SIA,RJ,202501,0113891,0206020023,1.0,86.75
SIA,RJ,202501,9834540,0206020015,14.0,1214.5
SIA,RJ,202501,2292912,0206010036,10.0,867.6
SIA,RJ,202501,2296209,0211020036,77.0,396.55
SIA,RJ,202501,2287447,0206010010,24.0,2082.24
SIA,RJ,202501,2294923,0206020015,4.0,347.0
SIA,RJ,202501,2272784,0211020036,258.0,1328.7
SIA,RJ,202501,2298058,0211020036,96.0,494.4
SIA,RJ,202501,5095824,0211020036,76.0,391.4
SIA,RJ,202501,2294923,0206030029,2.0,173.5
SIA,RJ,202501,6922597,0211020036,1429.0,7359.35
SIA,RJ,202501,5833841,0206020015,24.0,2082.0
SIA,RJ,202501,2287250,0206030010,21.0,2911.23
SIA,RJ,202501,2266733,0206020031,256.0,34920.96
SIA,RJ,202501,2266733,0211020036,679.0,3496.85
SIA,RJ,202501,2267802,0206020023,1.0,86.75
SIA,RJ,202501,2294923,0206010036,9.0,780.84
SIA,RJ,202501,2286289,0206010036,5.0,433.8
SIA,RJ,202501,2298031,0211020036,518.0,2667.7
SIA,RJ,202501,9834540,0206010060,2.0,194.88
SIA,RJ,202501,3477371,0206010044,3.0,260.25
SIA,RJ,202501,3477371,0206030029,2.0,173.5
SIA,RJ,202501,2284170,0211020060,5.0,150.0
SIA,RJ,202501,2277581,0211020036,370.0,1905.5
SIA,RJ,202501,2288885,0206030029,9.0,780.75
SIA,RJ,202501,3386953,0211020036,133.0,684.95
SIA,RJ,202501,3005968,0211020036,1.0,5.15
SIA,RJ,202501,2272229,0211020036,31.0,159.65
SIA,RJ,202501,2268507,0206010079,12.0,1169.28
SIA,RJ,202501,3386937,0206020031,6.0,818.46
SIA,RJ,202501,2278634,0211020036,154.0,793.1
SIA,RJ,202501,2291320,0206020031,10.0,1364.1
SIA,RJ,202501,2287447,0206010044,6.0,520.5
SIA,RJ,202501,2292319,0211020036,132.0,679.8
SIA,RJ,202501,2275619,0206010052,1.0,86.75
SIA,RJ,202501,2704587,0206030037,59.0,8179.17
SIA,RJ,202501,2704587,0206030010,53.0,7347.39
SIA,RJ,202501,2280868,0206010052,8.0,694.0
SIA,RJ,202501,4247310,0211020036,150.0,772.5
SIA,RJ,202501,2281481,0211020036,262.0,1349.3
SIA,RJ,202501,2268507,0206010010,5.0,433.8
SIA,RJ,202501,2275619,0206020031,4.0,545.64
SIA,RJ,202501,2287382,0206010052,2.0,173.5
SIA,RJ,202501,2287250,0206020015,2.0,173.5
SIA,RJ,202501,2704587,0206010044,9.0,780.75
SIA,RJ,202501,2704587,0206010028,6.0,606.6
SIA,RJ,202501,2281546,0211020036,89.0,458.35
SIA,RJ,202501,2266733,0206030029,11.0,954.25
SIA,RJ,202501,0113891,0206010044,2.0,173.5
SIA,RJ,202501,3688240,0206010044,21.0,1821.75
SIA,RJ,202501,2295997,0211020036,1.0,5.15
SIA,RJ,202501,2296241,0206010036,8.0,694.08
SIA,RJ,202501,2284154,0211020036,811.0,4176.65
SIA,RJ,202501,2268507,0206010028,4.0,404.4
SIA,RJ,202501,2296020,0211020036,76.0,391.4
SIA,RJ,202501,6420737,0206010036,4.0,347.04
SIA,RJ,202501,2291320,0206030029,3.0,260.25
SIA,RJ,202501,2291320,0206010010,3.0,260.28
SIA,RJ,202501,2278332,0211020036,509.0,2621.35
SIA,RJ,202501,2278731,0206010079,142.0,13836.48
SIA,RJ,202501,2268922,0206030037,350.0,48520.5
SIA,RJ,202501,2268922,0206030010,340.0,47134.2
SIA,RJ,202501,2268922,0206010079,325.0,31668.0
SIA,RJ,202501,0012505,0206030037,208.0,28835.04
SIA,RJ,202501,2278731,0206010028,16.0,1617.6
SIA,RJ,202501,2278731,0206020031,58.0,7911.78
SIA,RJ,202501,0012505,0206030010,200.0,27726.0
SIA,RJ,202501,9747028,0206020031,223.0,30419.43
SIA,RJ,202501,9747028,0206030029,28.0,2429.0
SIA,RJ,202501,9747028,0206030010,234.0,32439.42
SIA,RJ,202501,0025186,0206030037,146.0,20239.98
SIA,RJ,202501,9747028,0206010079,361.0,35175.84
SIA,RJ,202501,0025186,0206010079,11.0,1071.84
SIA,RJ,202501,0025186,0206020031,123.0,16778.43
SIA,RJ,202501,0025186,0206030010,125.0,17328.75
SIA,RJ,202501,6069134,0206030037,62.0,8595.06
SIA,RJ,202501,6069134,0206030010,110.0,15249.3
SIA,RJ,202501,2288893,0206010079,289.0,28160.16
SIA,RJ,202501,2267802,0206020015,4.0,347.0
SIA,RJ,202501,0012505,0206010044,5.0,433.75
SIA,RJ,202501,0012505,0206020031,224.0,30555.84
SIA,RJ,202501,0012505,0211020060,53.0,1590.0
SIA,RJ,202501,2268922,0206020031,138.0,18824.58
SIA,RJ,202501,6091997,0206010079,457.0,44530.08
SIA,RJ,202501,6091997,0206020031,176.0,24008.16
SIA,RJ,202501,0012505,0208010025,88.0,35949.76
SIA,RJ,202501,2268922,0206010010,33.0,2863.08
SIA,RJ,202501,0997331,0206020031,13.0,1773.33
SIA,RJ,202501,9747028,0206030037,246.0,34102.98
SIA,RJ,202501,9747028,0206010028,32.0,3235.2
SIA,RJ,202501,9747028,0206010044,43.0,3730.25
SIA,RJ,202501,2288893,0206020031,236.0,32192.76
SIA,RJ,202501,3002187,0206030010,227.0,31469.01
SIA,RJ,202501,3002187,0206020031,73.0,9957.93
SIA,RJ,202501,3002187,0206030037,14.0,1940.82
SIA,RJ,202501,2278731,0206030037,68.0,9426.84
SIA,RJ,202501,2287285,0206030010,157.0,21764.91
SIA,RJ,202501,6069134,0206010079,235.0,22898.4
SIA,RJ,202501,2288893,0206030010,270.0,37430.1
SIA,RJ,202501,2277999,0206010079,227.0,22118.88
SIA,RJ,202501,2277999,0206010028,49.0,4953.9
SIA,RJ,202501,2288893,0206030037,147.0,20378.61
SIA,RJ,202501,6069134,0206010044,28.0,2429.0
SIA,RJ,202501,2276267,0211020036,153.0,787.95
SIA,RJ,202501,6091997,0206010028,30.0,3033.0
SIA,RJ,202501,2281384,0206010044,10.0,867.5
SIA,RJ,202501,3002187,0206010079,57.0,5554.08
SIA,RJ,202501,2287285,0206020031,187.0,25508.67
SIA,RJ,202501,2278731,0206030029,11.0,954.25
SIA,RJ,202501,0012505,0206010036,9.0,780.84
SIA,RJ,202501,0997331,0206030010,7.0,970.41
SIA,RJ,202501,2288885,0206010010,3.0,260.28
SIA,RJ,202501,2278731,0206010052,4.0,347.0
SIA,RJ,202501,2287285,0206030037,151.0,20933.13
SIA,RJ,202501,4572211,0211020036,773.0,3980.95
SIA,RJ,202501,0997331,0206010079,15.0,1461.6
SIA,RJ,202501,6091997,0206030010,326.0,45193.38
SIA,RJ,202501,2288885,0206020015,2.0,173.5
SIA,RJ,202501,3477371,0206030010,1.0,138.63
SIA,RJ,202501,2297825,0211020036,800.0,4120.0
SIA,RJ,202501,6091997,0206010044,36.0,3123.0
SIA,RJ,202501,6069134,0206020031,153.0,20870.73
SIA,RJ,202501,6069134,0206010036,2.0,173.52
SIA,RJ,202501,2288893,0206010044,54.0,4684.5
SIA,RJ,202501,2277999,0206020031,170.0,23189.7
SIA,RJ,202501,2287285,0211020036,71.0,365.65
SIA,RJ,202501,6200702,0206030037,19.0,2633.97
SIA,RJ,202501,2277999,0206030010,165.0,22873.95
SIA,RJ,202501,6091679,0206010079,34.0,3312.96
SIA,RJ,202501,6091679,0206020031,20.0,2728.2
SIA,RJ,202501,2288893,0206010052,87.0,7547.25
SIA,RJ,202501,4122542,0206030010,2.0,277.26
SIA,RJ,202501,2288893,0206010010,41.0,3557.16
SIA,RJ,202501,2287285,0206010052,28.0,2429.0
SIA,RJ,202501,2268922,0206010028,31.0,3134.1
SIA,RJ,202501,0012505,0206010079,29.0,2825.76
SIA,RJ,202501,2275619,0206010044,3.0,260.25
SIA,RJ,202501,2287250,0206010052,2.0,173.5
SIA,RJ,202501,9747028,0206020015,8.0,694.0
SIA,RJ,202501,0025186,0206010052,5.0,433.75
SIA,RJ,202501,2277999,0206010044,37.0,3209.75
SIA,RJ,202501,2277999,0206030037,183.0,25369.29
SIA,RJ,202501,2278731,0206010044,13.0,1127.75
SIA,RJ,202501,9747028,0206010010,21.0,1821.96
SIA,RJ,202501,0012505,0206020023,4.0,347.0
SIA,RJ,202501,6091997,0206010036,5.0,433.8
SIA,RJ,202501,2287285,0206010028,7.0,707.7
SIA,RJ,202501,6069134,0206010028,11.0,1112.1
SIA,RJ,202501,2277999,0206010036,18.0,1561.68
SIA,RJ,202501,6200702,0206020031,24.0,3273.84
SIA,RJ,202501,6200702,0206030010,27.0,3743.01
SIA,RJ,202501,2277999,0206020023,33.0,2862.75
SIA,RJ,202501,2277999,0206010010,38.0,3296.88
SIA,RJ,202501,6629954,0211020036,667.0,3435.05
SIA,RJ,202501,2288893,0206010028,52.0,5257.2
SIA,RJ,202501,2287250,0206030029,1.0,86.75
SIA,RJ,202501,2287382,0206020023,6.0,520.5
SIA,RJ,202501,2268922,0206010036,10.0,867.6
SIA,RJ,202501,0025143,0211020036,607.0,3126.05
SIA,RJ,202501,2287285,0206010079,39.0,3800.16
SIA,RJ,202501,2288893,0206020023,23.0,1995.25
SIA,RJ,202501,2281481,0206020031,1.0,136.41
SIA,RJ,202501,5967198,0211020036,486.0,2502.9
SIA,RJ,202501,0012505,0206010052,11.0,954.25
SIA,RJ,202501,2287285,0206010044,9.0,780.75
SIA,RJ,202501,6069134,0206010010,19.0,1648.44
SIA,RJ,202501,2287382,0206010036,1.0,86.76
SIA,RJ,202501,2268922,0206010044,39.0,3383.25
SIA,RJ,202501,0012505,0208010033,7.0,2681.49
SIA,RJ,202501,2297256,0211020036,111.0,571.65
SIA,RJ,202501,3477371,0206010010,1.0,86.76
SIA,RJ,202501,6091997,0206020023,12.0,1041.0
SIA,RJ,202501,6200702,0206010079,30.0,2923.2
SIA,RJ,202501,6091997,0206030037,28.0,3881.64
SIA,RJ,202501,9747028,0206010052,5.0,433.75
SIA,RJ,202501,2267802,0206010036,8.0,694.08
SIA,RJ,202501,2287382,0206020015,3.0,260.25
SIA,RJ,202501,2287285,0206020023,3.0,260.25
SIA,RJ,202501,3429792,0211020060,40.0,1200.0
SIA,RJ,202501,3429792,0211020036,68.0,350.2
SIA,RJ,202501,0997331,0206010028,5.0,505.5
SIA,RJ,202501,2278731,0206010010,9.0,780.84
SIA,RJ,202501,2281384,0206020015,5.0,433.75
SIA,RJ,202501,2288893,0206030029,4.0,347.0
SIA,RJ,202501,2268922,0206020015,5.0,433.75
SIA,RJ,202501,6635172,0211020036,73.0,375.95
SIA,RJ,202501,2277999,0206010052,7.0,607.25
SIA,RJ,202501,4126106,0206010060,7.0,682.08
SIA,RJ,202501,2291320,0211020036,305.0,1570.75
SIA,RJ,202501,9747028,0206010036,12.0,1041.12
SIA,RJ,202501,2288893,0206020015,4.0,347.0
SIA,RJ,202501,9540563,0211020036,25.0,128.75
SIA,RJ,202501,6091997,0206010010,8.0,694.08
SIA,RJ,202501,6200702,0206010010,6.0,520.56
SIA,RJ,202501,3477371,0206010079,2.0,194.88
SIA,RJ,202501,6200702,0206010028,4.0,404.4
SIA,RJ,202501,2296675,0211020036,3.0,15.45
SIA,RJ,202501,2281481,0206010044,1.0,86.75
SIA,RJ,202501,2294923,0206020023,2.0,173.5
SIA,RJ,202501,7595905,0211020036,757.0,3898.55
SIA,RJ,202501,0025186,0206010028,4.0,404.4
SIA,RJ,202501,2266687,0211020036,44.0,226.6
SIA,RJ,202501,6091997,0206020015,4.0,347.0
SIA,RJ,202501,2266733,0206010052,14.0,1214.5
SIA,RJ,202501,3111156,0206010036,36.0,3123.36
SIA,RJ,202501,5833841,0206020023,16.0,1388.0
SIA,RJ,202501,2266733,0206010044,85.0,7373.75
SIA,RJ,202501,6909663,0211020036,422.0,2173.3
SIA,RJ,202501,2268507,0206020015,3.0,260.25
SIA,RJ,202501,5833841,0206010036,15.0,1301.4
SIA,RJ,202501,2266733,0206010036,21.0,1821.96
SIA,RJ,202501,2696924,0211020036,161.0,829.15
SIA,RJ,202501,5833841,0206010044,21.0,1821.75
SIA,RJ,202501,2266733,0206020023,16.0,1388.0
SIA,RJ,202501,2268922,0206030029,16.0,1388.0
SIA,RJ,202501,2267802,0206010052,5.0,433.75
SIA,RJ,202501,9074457,0211020036,36.0,185.4
SIA,RJ,202501,2704587,0206020031,29.0,3955.89
SIA,RJ,202501,3688240,0206010079,14.0,1364.16
SIA,RJ,202501,3688240,0206030037,5.0,693.15
SIA,RJ,202501,6200702,0206020023,1.0,86.75
SIA,RJ,202501,3688240,0206020031,14.0,1909.74
SIA,RJ,202501,3111156,0206030029,8.0,694.0
SIA,RJ,202501,2288230,0211020036,44.0,226.6
SIA,RJ,202501,2288885,0206010036,2.0,173.52
SIA,RJ,202501,2268507,0206010044,2.0,173.5
SIA,RJ,202501,2296667,0211020036,1.0,5.15
SIA,RJ,202501,5833841,0206010052,10.0,867.5
SIA,RJ,202501,3688240,0206030010,5.0,693.15
SIA,RJ,202501,6586767,0211020036,18.0,92.7
SIA,RJ,202501,3688240,0206030029,1.0,86.75
SIA,RJ,202501,6200702,0206010052,2.0,173.5
SIA,RJ,202501,2268507,0206030029,2.0,173.5
SIA,RJ,202501,0113891,0206020015,1.0,86.75
SIA,RJ,202501,9747028,0206010060,1.0,97.44
SIA,RJ,202501,3111156,0206020015,4.0,347.0
SIA,RJ,202501,2283379,0211020036,26.0,133.9
SIA,RJ,202501,2284200,0211020036,243.0,1251.45
SIA,RJ,202501,2272601,0211020036,43.0,221.45
SIA,RJ,202501,0025186,0206010036,1.0,86.76
SIA,RJ,202501,2286289,0206020023,1.0,86.75
SIA,RJ,202501,3688240,0206020023,1.0,86.75
SIA,RJ,202501,7625987,0211020036,1233.0,6349.95
SIA,RJ,202501,2294923,0206010052,4.0,347.0
SIA,RJ,202501,0012505,0206010028,13.0,1314.3
SIA,RJ,202501,2266733,0206020015,14.0,1214.5
SIA,RJ,202501,6091679,0206030037,15.0,2079.45
SIA,RJ,202501,0012505,0206030029,9.0,780.75
SIA,RJ,202501,6069134,0206020023,2.0,173.5
SIA,RJ,202501,3132358,0211020060,39.0,1170.0
SIA,RJ,202501,2281384,0206020023,3.0,260.25
SIA,RJ,202501,2277611,0211020036,47.0,242.05
SIA,RJ,202501,6007317,0211020036,65.0,334.75
SIA,RJ,202501,3688240,0206010010,1.0,86.76
SIA,RJ,202501,0025186,0206020015,1.0,86.75
SIA,RJ,202501,0012505,0206010010,9.0,780.84
SIA,RJ,202501,0287032,0211020036,67.0,345.05
SIA,RJ,202501,3386937,0206020015,1.0,86.75
SIA,RJ,202501,3853098,0211020036,26.0,133.9
SIA,RJ,202501,2268019,0206030037,17.0,2356.71
SIA,RJ,202501,6091679,0206010044,3.0,260.25
SIA,RJ,202501,3111156,0206010052,2.0,173.5
SIA,RJ,202501,2278731,0206030010,5.0,693.15
SIA,RJ,202501,2267454,0206010079,43.0,4189.92
SIA,RJ,202501,6091679,0206010052,2.0,173.5
SIA,RJ,202501,3132358,0211020036,267.0,1375.05
SIA,RJ,202501,0105317,0211020036,517.0,2662.55
SIA,RJ,202501,0012513,0206010044,7.0,607.25
SIA,RJ,202501,9895124,0206030037,335.0,46441.05
SIA,RJ,202501,9895124,0206010079,189.0,18416.16
SIA,RJ,202501,0012513,0206010079,155.0,15103.2
SIA,RJ,202501,2284146,0211020036,3.0,15.45
SIA,RJ,202501,6091679,0206030010,15.0,2079.45
SIA,RJ,202501,2287579,0206020031,363.0,49516.83
SIA,RJ,202501,6470661,0206030010,71.0,9842.73
SIA,RJ,202501,2287579,0206010079,594.0,57879.36
SIA,RJ,202501,2297140,0211020036,705.0,3630.75
SIA,RJ,202501,6091679,0206020023,2.0,173.5
SIA,RJ,202501,0997331,0206030037,5.0,693.15
SIA,RJ,202501,0025135,0206030037,436.0,60442.68
SIA,RJ,202501,6091997,0206030029,9.0,780.75
SIA,RJ,202501,6200702,0206010036,1.0,86.76
SIA,RJ,202501,2293749,0211020036,199.0,1024.85
SIA,RJ,202501,2268922,0206020023,4.0,347.0
SIA,RJ,202501,3282430,0211020036,164.0,844.6
SIA,RJ,202501,2275562,0206030037,273.0,37845.99
SIA,RJ,202501,2697041,0206030037,127.0,17606.01
SIA,RJ,202501,9895124,0206030010,251.0,34796.13
SIA,RJ,202501,2697041,0206030010,123.0,17051.49
SIA,RJ,202501,2273748,0211020036,367.0,1890.05
SIA,RJ,202501,3386937,0206010044,4.0,347.0
SIA,RJ,202501,6033075,0211020036,238.0,1225.7
SIA,RJ,202501,0113891,0206030029,1.0,86.75
SIA,RJ,202501,6200702,0206010044,2.0,173.5
SIA,RJ,202501,2275554,0211020036,307.0,1581.05
SIA,RJ,202501,2271915,0211020036,199.0,1024.85
SIA,RJ,202501,0025186,0211020036,12.0,61.8
SIA,RJ,202501,2287005,0211020036,52.0,267.8
SIA,RJ,202501,0025135,0206030010,427.0,59195.01
SIA,RJ,202501,2275562,0206030010,287.0,39786.81
SIA,RJ,202501,2697041,0206010079,78.0,7600.32
SIA,RJ,202501,9895124,0211020036,530.0,2729.5
SIA,RJ,202501,0012513,0206020031,131.0,17869.71
SIA,RJ,202501,0012513,0206030010,341.0,47272.83
SIA,RJ,202501,4961331,0206030010,35.0,4852.05
SIA,RJ,202501,2274310,0206010079,30.0,2923.2
SIA,RJ,202501,2287285,0206010036,2.0,173.52
SIA,RJ,202501,2287099,0211020036,3.0,15.45
SIA,RJ,202501,4961331,0206010079,61.0,5943.84
SIA,RJ,202501,4961331,0206030037,38.0,5267.94
SIA,RJ,202501,4713737,0211020036,71.0,365.65
SIA,RJ,202501,0025186,0206030029,1.0,86.75
SIA,RJ,202501,2267713,0206010036,4.0,347.04
SIA,RJ,202501,2278731,0206020015,1.0,86.75
SIA,RJ,202501,2704587,0211020036,398.0,2049.7
SIA,RJ,202501,2273748,0206030010,112.0,15526.56
SIA,RJ,202501,0025135,0206010079,341.0,33227.04
SIA,RJ,202501,0025135,0206020031,185.0,25235.85
SIA,RJ,202501,2696932,0211020036,35.0,180.25
SIA,RJ,202501,6518893,0211020036,205.0,1055.75
SIA,RJ,202501,2267217,0211020036,10.0,51.5
SIA,RJ,202501,9491619,0211020036,113.0,581.95
SIA,RJ,202501,2289792,0211020036,18.0,92.7
SIA,RJ,202501,6555551,0211020036,430.0,2214.5
SIA,RJ,202501,2278197,0211020036,214.0,1102.1
SIA,RJ,202501,2267713,0211020036,94.0,484.1
SIA,RJ,202501,2274310,0211020036,92.0,473.8
SIA,RJ,202501,2798662,0211020036,1034.0,5325.1
SIA,RJ,202501,2281147,0211020036,31.0,159.65
SIA,RJ,202501,2287579,0206010044,223.0,19345.25
SIA,RJ,202501,2287579,0206010010,8.0,694.08
SIA,RJ,202501,2287579,0206030010,142.0,19685.46
SIA,RJ,202501,0012521,0206010036,2.0,173.52
SIA,RJ,202501,3111156,0211020036,1184.0,6097.6
SIA,RJ,202501,2290235,0211020036,185.0,952.75
SIA,RJ,202501,2287374,0211020036,422.0,2173.3
SIA,RJ,202501,2697041,0206020031,126.0,17187.66
SIA,RJ,202501,0105317,0206030010,75.0,10397.25
SIA,RJ,202501,0105317,0206020031,66.0,9003.06
SIA,RJ,202501,7584458,0211020036,186.0,957.9
SIA,RJ,202501,0012521,0211020036,305.0,1570.75
SIA,RJ,202501,2296802,0211020036,1.0,5.15
SIA,RJ,202501,4961331,0206010028,20.0,2022.0
SIA,RJ,202501,6470661,0206020031,39.0,5319.99
SIA,RJ,202501,2697041,0206010028,30.0,3033.0
SIA,RJ,202501,9895124,0206020031,163.0,22234.83
SIA,RJ,202501,0025135,0206020015,16.0,1388.0
SIA,RJ,202501,2273101,0211020036,17.0,87.55
SIA,RJ,202501,2294923,0211020036,46.0,236.9
SIA,RJ,202501,5529581,0211020036,5.0,25.75
SIA,RJ,202501,2287382,0206030029,4.0,347.0
SIA,RJ,202501,2279258,0211020036,273.0,1405.95
SIA,RJ,202501,2288885,0211020060,58.0,1740.0
SIA,RJ,202501,0025135,0206010028,46.0,4650.6
SIA,RJ,202501,2271672,0211020036,88.0,453.2
SIA,RJ,202501,0562319,0211020036,10.0,51.5
SIA,RJ,202501,2292912,0206020015,1.0,86.75
SIA,RJ,202501,0609633,0211020060,16.0,480.0
SIA,RJ,202501,3784916,0211020036,1.0,5.15
SIA,RJ,202501,6069134,0206010052,1.0,86.75
SIA,RJ,202501,2275562,0206010036,9.0,780.84
SIA,RJ,202501,9895124,0206010044,107.0,9282.25
SIA,RJ,202501,2275562,0206010028,11.0,1112.1
SIA,RJ,202501,2275562,0206010010,13.0,1127.88
SIA,RJ,202501,2697041,0206010036,8.0,694.08
SIA,RJ,202501,6470661,0206020015,13.0,1127.75
SIA,RJ,202501,2273748,0206010028,21.0,2123.1
SIA,RJ,202501,6231659,0211020036,98.0,504.7
SIA,RJ,202501,2292270,0211020036,59.0,303.85
SIA,RJ,202501,7676670,0211020036,31.0,159.65
SIA,RJ,202501,7911076,0211020036,10.0,51.5
SIA,RJ,202501,2267209,0211020036,98.0,504.7
SIA,RJ,202501,2271095,0211020036,238.0,1225.7
SIA,RJ,202501,7584474,0211020036,83.0,427.45
SIA,RJ,202501,3002187,0206010044,1.0,86.75
SIA,RJ,202501,2275562,0206010079,133.0,12959.52
SIA,RJ,202501,2284170,0211020036,124.0,638.6
SIA,RJ,202501,9895124,0206010036,24.0,2082.24
SIA,RJ,202501,9895124,0206010052,32.0,2776.0
SIA,RJ,202501,2294923,0211020060,14.0,420.0
SIA,RJ,202501,2287080,0211020036,29.0,149.35
SIA,RJ,202501,2275562,0206020031,213.0,29055.33
SIA,RJ,202501,2697041,0206030029,19.0,1648.25
SIA,RJ,202501,2292912,0211020036,528.0,2719.2
SIA,RJ,202501,3002187,0211020036,282.0,1452.3
SIA,RJ,202501,2274310,0206020031,19.0,2591.79
SIA,RJ,202501,0025135,0206030029,18.0,1561.5
SIA,RJ,202501,0025135,0206010044,50.0,4337.5
SIA,RJ,202501,0679550,0211020036,3.0,15.45
SIA,RJ,202501,2297205,0211020036,78.0,401.7
SIA,RJ,202501,2273748,0206010079,88.0,8574.72
SIA,RJ,202501,0025135,0206020023,10.0,867.5
SIA,RJ,202501,2283794,0211020036,13.0,66.95
SIA,RJ,202501,2266660,0211020036,141.0,726.15
SIA,RJ,202501,2273748,0206030037,133.0,18437.79
SIA,RJ,202501,2283395,0211020036,39.0,200.85
SIA,RJ,202501,6225152,0206020031,2.0,272.82
SIA,RJ,202501,3688240,0206010028,2.0,202.2
SIA,RJ,202501,0025135,0206010052,8.0,694.0
SIA,RJ,202501,0025135,0206010010,49.0,4251.24
SIA,RJ,202501,2273748,0206020031,109.0,14868.69
SIA,RJ,202501,2288893,0211020036,91.0,468.65
SIA,RJ,202501,2292912,0206030029,2.0,173.5
SIA,RJ,202501,2292912,0206020023,1.0,86.75
SIA,RJ,202501,7136552,0211020036,399.0,2054.85
SIA,RJ,202501,7588577,0206010044,100.0,8675.0
SIA,RJ,202501,6646034,0206010079,128.0,12472.32
SIA,RJ,202501,0906603,0206020031,144.0,19643.04
SIA,RJ,202501,3861465,0211020036,33.0,169.95
SIA,RJ,202501,7354746,0206030029,10.0,867.5
SIA,RJ,202501,2696746,0206020023,70.0,6072.5
SIA,RJ,202501,2292084,0206030037,115.0,15942.45
SIA,RJ,202501,6284957,0206010079,33.0,3215.52
SIA,RJ,202501,3395340,0206010010,86.0,7461.36
SIA,RJ,202501,3395340,0206010079,147.0,14323.68
SIA,RJ,202501,3395340,0206010028,176.0,17793.6
SIA,RJ,202501,3395340,0206030037,123.0,17051.49
SIA,RJ,202501,3395340,0206020031,155.0,21143.55
SIA,RJ,202501,5412447,0206010028,22.0,2224.2
SIA,RJ,202501,5412447,0206020031,116.0,15823.56
SIA,RJ,202501,2275589,0206030029,46.0,3990.5
SIA,RJ,202501,2292084,0206020031,128.0,17460.48
SIA,RJ,202501,2296195,0211020036,19.0,97.85
SIA,RJ,202501,7588577,0211020060,185.0,5550.0
SIA,RJ,202501,2277719,0211020036,435.0,2240.25
SIA,RJ,202501,7354746,0206010036,47.0,4077.72
SIA,RJ,202501,3145786,0206030029,1.0,86.75
SIA,RJ,202501,2275589,0206010028,60.0,6066.0
SIA,RJ,202501,7354746,0206010028,86.0,8694.6
SIA,RJ,202501,2696746,0206010044,78.0,6766.5
SIA,RJ,202501,6284957,0206030037,42.0,5822.46
SIA,RJ,202501,2272652,0206030029,39.0,3383.25
SIA,RJ,202501,2272652,0206010036,43.0,3730.68
SIA,RJ,202501,6646034,0211020036,433.0,2229.95
SIA,RJ,202501,3395340,0206030029,19.0,1648.25
SIA,RJ,202501,7352751,0205010016,164.0,27060.0
SIA,RJ,202501,3395340,0206030010,117.0,16219.71
SIA,RJ,202501,2272652,0206010052,14.0,1214.5
SIA,RJ,202501,7354746,0206020023,27.0,2342.25
SIA,RJ,202501,6966179,0211020036,343.0,1766.45
SIA,RJ,202501,3395340,0208010025,27.0,11030.04
SIA,RJ,202501,2696746,0206010052,14.0,1214.5
SIA,RJ,202501,2292084,0206010010,5.0,433.8
SIA,RJ,202501,2284634,0206030037,11.0,1524.93
SIA,RJ,202501,0906603,0206020015,44.0,3817.0
SIA,RJ,202501,5412447,0206010044,30.0,2602.5
SIA,RJ,202501,0012556,0211020036,40.0,206.0
SIA,RJ,202501,2268507,0206010036,1.0,86.76
SIA,RJ,202501,2275589,0206010036,30.0,2602.8
SIA,RJ,202501,3395340,0208010033,28.0,10725.96
SIA,RJ,202501,7588577,0206010010,39.0,3383.64
SIA,RJ,202501,7588577,0206010036,25.0,2169.0
SIA,RJ,202501,2272652,0206020023,21.0,1821.75
SIA,RJ,202501,2292084,0206020023,11.0,954.25
SIA,RJ,202501,6284957,0206030010,38.0,5267.94
SIA,RJ,202501,2275589,0206010044,72.0,6246.0
SIA,RJ,202501,2292912,0206010052,2.0,173.5
SIA,RJ,202501,7314612,0211020036,8.0,41.2
SIA,RJ,202501,2286289,0211020036,378.0,1946.7
SIA,RJ,202501,7588577,0206020015,24.0,2082.0
SIA,RJ,202501,0906603,0206010036,29.0,2516.04
SIA,RJ,202501,0906603,0206010044,53.0,4597.75
SIA,RJ,202501,2284634,0206010079,14.0,1364.16
SIA,RJ,202501,2284634,0206020031,8.0,1091.28
SIA,RJ,202501,6284795,0211020036,40.0,206.0
SIA,RJ,202501,6859739,0208010025,8.0,3268.16
SIA,RJ,202501,2281384,0211020036,76.0,391.4
SIA,RJ,202501,2274167,0211020036,25.0,128.75
SIA,RJ,202501,2292084,0206010028,6.0,606.6
SIA,RJ,202501,3395340,0206010044,31.0,2689.25
SIA,RJ,202501,6629989,0211020036,530.0,2729.5
SIA,RJ,202501,6284957,0206020031,1.0,136.41
SIA,RJ,202501,7588577,0206010052,16.0,1388.0
SIA,RJ,202501,2287382,0211020060,1.0,30.0
SIA,RJ,202501,2697041,0211020010,71.0,51832.84
SIA,RJ,202501,2292084,0206010036,2.0,173.52
SIA,RJ,202501,7992122,0211020036,333.0,1714.95
SIA,RJ,202501,2290588,0211020036,75.0,386.25
SIA,RJ,202501,2278855,0211020010,78.0,56943.12
SIA,RJ,202501,2275422,0211020036,79.0,406.85
SIA,RJ,202501,2696746,0206010028,14.0,1415.4
SIA,RJ,202501,6646034,0206010028,1.0,101.1
SIA,RJ,202501,5307872,0211020036,40.0,206.0
SIA,RJ,202501,7588577,0206010060,2.0,194.88
SIA,RJ,202501,2272695,0211020010,96.0,70083.84
SIA,RJ,202501,2296217,0211020036,30.0,154.5
SIA,RJ,202501,0012505,0211020010,77.0,56213.08
SIA,RJ,202501,2292084,0206010052,8.0,694.0
SIA,RJ,202501,7354746,0206010052,13.0,1127.75
SIA,RJ,202501,2286343,0211020036,231.0,1189.65
SIA,RJ,202501,2287250,0206010010,1.0,86.76
SIA,RJ,202501,2274124,0211020036,82.0,422.3
SIA,RJ,202501,2277123,0211020036,18.0,92.7
SIA,RJ,202501,9126597,0211020036,514.0,2647.1
SIA,RJ,202501,6646034,0206010044,6.0,520.5
SIA,RJ,202501,3395340,0206010036,20.0,1735.2
SIA,RJ,202501,0609633,0211020036,244.0,1256.6
SIA,RJ,202501,2274299,0211020036,367.0,1890.05
SIA,RJ,202501,2277042,0211020036,10.0,51.5
SIA,RJ,202501,2696746,0206010010,12.0,1041.12
SIA,RJ,202501,2268507,0206010052,1.0,86.75
SIA,RJ,202501,2291533,0211020036,119.0,612.85
SIA,RJ,202501,6794602,0211020036,840.0,4326.0
SIA,RJ,202501,5412447,0206010052,4.0,347.0
SIA,RJ,202501,2296055,0211020036,16.0,82.4
SIA,RJ,202501,6859739,0208010033,8.0,3064.56
SIA,RJ,202501,2295687,0211020036,190.0,978.5
SIA,RJ,202501,2293501,0211020036,6.0,30.9
SIA,RJ,202501,2293501,0211020060,6.0,180.0
SIA,RJ,202501,6284957,0206010044,7.0,607.25
SIA,RJ,202501,6559565,0211020036,10.0,51.5
SIA,RJ,202501,4251083,0211020036,44.0,226.6
SIA,RJ,202501,2272776,0208010025,1.0,408.52
SIA,RJ,202501,9054340,0211020036,51.0,262.65
SIA,RJ,202501,2297795,0211020036,4.0,20.6
SIA,RJ,202501,7354746,0206020015,12.0,1041.0
SIA,RJ,202501,2268019,0206020031,11.0,1500.51
SIA,RJ,202501,9895124,0206010010,72.0,6246.72
SIA,RJ,202501,2267454,0206010010,4.0,347.04
SIA,RJ,202501,2267454,0206030037,65.0,9010.95
SIA,RJ,202501,0105317,0206030037,40.0,5545.2
SIA,RJ,202501,9406042,0211020036,22.0,113.3
SIA,RJ,202501,0105317,0206010036,1.0,86.76
SIA,RJ,202501,2276399,0211020036,25.0,128.75
SIA,RJ,202501,2287579,0206010052,91.0,7894.25
SIA,RJ,202501,6470661,0206010010,18.0,1561.68
SIA,RJ,202501,2267101,0211020036,78.0,401.7
SIA,RJ,202501,2697041,0206020015,4.0,347.0
SIA,RJ,202501,2697041,0206020023,3.0,260.25
SIA,RJ,202501,9895124,0206020023,54.0,4684.5
SIA,RJ,202501,0012513,0206010028,9.0,909.9
SIA,RJ,202501,2697041,0206010052,6.0,520.5
SIA,RJ,202501,2697041,0206010010,9.0,780.84
SIA,RJ,202501,0105317,0206010052,2.0,173.5
SIA,RJ,202501,2287382,0206030010,1.0,138.63
SIA,RJ,202501,9895124,0205010016,24.0,3960.0
SIA,RJ,202501,2697041,0206010044,18.0,1561.5
SIA,RJ,202501,9895124,0206020015,21.0,1821.75
SIA,RJ,202501,0012513,0206030037,15.0,2079.45
SIA,RJ,202501,2296225,0211020036,25.0,128.75
SIA,RJ,202501,2275562,0206010052,12.0,1041.0
SIA,RJ,202501,6470661,0206010079,41.0,3995.04
SIA,RJ,202501,6470661,0206030037,69.0,9565.47
SIA,RJ,202501,6470661,0206010028,35.0,3538.5
SIA,RJ,202501,3395340,0206020015,7.0,607.25
SIA,RJ,202501,6284957,0206030029,2.0,173.5
SIA,RJ,202501,9895124,0206010028,47.0,4751.7
SIA,RJ,202501,2274310,0206030010,37.0,5129.31
SIA,RJ,202501,9186530,0211020060,11.0,330.0
SIA,RJ,202501,2267454,0206030010,62.0,8595.06
SIA,RJ,202501,2296039,0211020036,13.0,66.95
SIA,RJ,202501,0025135,0211020036,424.0,2183.6
SIA,RJ,202501,2287579,0206030029,2.0,173.5
SIA,RJ,202501,2267454,0206020031,31.0,4228.71
SIA,RJ,202501,0025135,0206010036,15.0,1301.4
SIA,RJ,202501,4961331,0206020031,25.0,3410.25
SIA,RJ,202501,6470661,0206010044,19.0,1648.25
SIA,RJ,202501,6470661,0206010036,8.0,694.08
SIA,RJ,202501,2271877,0211020036,147.0,757.05
SIA,RJ,202501,6284957,0206010028,15.0,1516.5
SIA,RJ,202501,2267454,0206010028,11.0,1112.1
SIA,RJ,202501,9895124,0206030029,24.0,2082.0
SIA,RJ,202501,2273748,0206010044,7.0,607.25
SIA,RJ,202501,2273748,0206010010,14.0,1214.64
SIA,RJ,202501,2294613,0211020036,99.0,509.85
SIA,RJ,202501,4961331,0206010010,6.0,520.56
SIA,RJ,202501,2291746,0211020036,23.0,118.45
SIA,RJ,202501,2282798,0211020036,200.0,1030.0
SIA,RJ,202501,2267454,0206010044,6.0,520.5
SIA,RJ,202501,0105317,0205010016,2.0,330.0
SIA,RJ,202501,0105317,0206010044,1.0,86.75
SIA,RJ,202501,2277174,0211020036,61.0,314.15
SIA,RJ,202501,2290987,0211020036,28.0,144.2
SIA,RJ,202501,3909816,0211020036,3.0,15.45
SIA,RJ,202501,2287579,0206020015,5.0,433.75
SIA,RJ,202501,2292084,0206010044,9.0,780.75
SIA,RJ,202501,2274310,0206030037,35.0,4852.05
SIA,RJ,202501,2276186,0211020036,163.0,839.45
SIA,RJ,202501,5412447,0206020015,2.0,173.5
SIA,RJ,202501,0012513,0206020023,2.0,173.5
SIA,RJ,202501,7121792,0211020036,86.0,442.9
SIA,RJ,202501,2292084,0206020015,3.0,260.25
SIA,RJ,202501,2274221,0211020036,20.0,103.0
SIA,RJ,202501,2275562,0206010044,14.0,1214.5
SIA,RJ,202501,2290499,0211020036,100.0,515.0
SIA,RJ,202501,3395340,0206010052,10.0,867.5
SIA,RJ,202501,2278677,0211020036,358.0,1843.7
SIA,RJ,202501,6284957,0206010010,7.0,607.32
SIA,RJ,202501,6284957,0206020015,1.0,86.75
SIA,RJ,202501,6646034,0206010010,1.0,86.76
SIA,RJ,202501,6284957,0206010052,1.0,86.75
SIA,RJ,202501,2275562,0206020015,1.0,86.75
SIA,RJ,202501,2696746,0206030029,1.0,86.75
SIA,RJ,202501,2287579,0206030037,11.0,1524.93
SIA,RJ,202501,0012513,0211020036,94.0,484.1
SIA,RJ,202501,2292084,0206030029,9.0,780.75
SIA,RJ,202501,2277115,0211020036,27.0,139.05
SIA,RJ,202501,0105317,0206010028,3.0,303.3
SIA,RJ,202501,2275562,0211020036,814.0,4192.1
SIA,RJ,202501,2296241,0206010052,2.0,173.5
SIA,RJ,202501,0103616,0211020036,193.0,993.95
SIA,RJ,202501,0012513,0206010052,6.0,520.5
SIA,RJ,202501,6420737,0206010052,1.0,86.75
SIA,RJ,202501,2268019,0206030010,16.0,2218.08
SIA,RJ,202501,0105317,0206010079,5.0,487.2
SIA,RJ,202501,2704587,0206010036,1.0,86.76
SIA,RJ,202501,2268019,0206010079,5.0,487.2
SIA,RJ,202501,0105317,0206030029,2.0,173.5
SIA,RJ,202501,2273748,0211020010,115.0,83954.6
SIA,RJ,202501,2704587,0206010052,3.0,260.25
SIA,RJ,202501,9671242,0211020036,22.0,113.3
SIA,RJ,202501,2298651,0206020015,1.0,86.75
SIA,RJ,202501,2280051,0211020010,95.0,69353.8
SIA,RJ,202501,2273748,0206010036,7.0,607.32
SIA,RJ,202501,2278286,0211020010,83.0,60593.32
SIA,RJ,202501,2267454,0206010036,2.0,173.52
SIA,RJ,202501,7655703,0211020036,517.0,2662.55
SIA,RJ,202501,2287447,0211020010,26.0,18981.04
SIA,RJ,202501,9761675,0206010095,28.0,59002.16
SIA,RJ,202501,2268019,0206030029,7.0,607.25
SIA,RJ,202501,4961331,0206010044,2.0,173.5
SIA,RJ,202501,2273748,0206010052,3.0,260.25
SIA,RJ,202501,2282801,0211020036,81.0,417.15
SIA,RJ,202501,4961331,0206030029,2.0,173.5
SIA,RJ,202501,2704633,0211020036,135.0,695.25
SIA,RJ,202501,7449135,0211020036,398.0,2049.7
SIA,RJ,202501,2280051,0206030029,1.0,86.75
SIA,RJ,202501,2275392,0211020036,1000.0,5150.0
SIA,RJ,202501,2267454,0206020023,2.0,173.5
SIA,RJ,202501,2295105,0211020036,40.0,206.0
SIA,RJ,202501,2296640,0211020036,1.0,5.15
SIA,RJ,202501,2267187,0206010010,1.0,86.76
SIA,RJ,202501,2283409,0211020036,9.0,46.35
SIA,RJ,202501,2298317,0206030010,6.0,831.78
SIA,RJ,202501,2696940,0211020036,408.0,2101.2
SIA,RJ,202501,2696940,0206020023,3.0,260.25
SIA,RJ,202501,3584968,0211020036,568.0,2925.2
SIA,RJ,202501,2268019,0206020023,2.0,173.5
SIA,RJ,202501,2287382,0211020010,36.0,26281.44
SIA,RJ,202501,2275562,0206030029,4.0,347.0
SIA,RJ,202501,6050484,0211020060,10.0,300.0
SIA,RJ,202501,2292386,0206010036,1.0,86.76
SIA,RJ,202501,2292386,0206010010,1.0,86.76
SIA,RJ,202501,5307864,0211020036,44.0,226.6
SIA,RJ,202501,2292386,0211020036,47.0,242.05
SIA,RJ,202501,0106453,0211020036,515.0,2652.25
SIA,RJ,202501,2287919,0206020023,1.0,86.75
SIA,RJ,202501,2267802,0211020036,92.0,473.8
SIA,RJ,202501,2814811,0211020036,34.0,175.1
SIA,RJ,202501,2267454,0206020015,3.0,260.25
SIA,RJ,202501,0012513,0206010010,2.0,173.52
SIA,RJ,202501,2267454,0206030029,5.0,433.75
SIA,RJ,202501,2280604,0211020036,156.0,803.4
SIA,RJ,202501,2274310,0206020015,7.0,607.25
SIA,RJ,202501,2292424,0211020036,163.0,839.45
SIA,RJ,202501,2298317,0206010079,2.0,194.88
SIA,RJ,202501,2696940,0211020060,20.0,600.0
SIA,RJ,202501,2274310,0206010044,3.0,260.25
SIA,RJ,202501,2274310,0206010052,2.0,173.5
SIA,RJ,202501,3582582,0211020036,2.0,10.3
SIA,RJ,202501,2291029,0211020036,311.0,1601.65
SIA,RJ,202501,2287919,0211020036,35.0,180.25
SIA,RJ,202501,6488714,0211020036,104.0,535.6
SIA,RJ,202501,2289954,0211020036,387.0,1993.05
SIA,RJ,202501,0105317,0206010010,1.0,86.76
SIA,RJ,202501,2287579,0206010028,4.0,404.4
SIA,RJ,202501,2268019,0206020015,1.0,86.75
SIA,RJ,202501,2273748,0206020015,3.0,260.25
SIA,RJ,202501,9820310,0211020060,26.0,780.0
SIA,RJ,202501,0012513,0206030029,2.0,173.5
SIA,RJ,202501,2272210,0211020036,105.0,540.75
SIA,RJ,202501,2704390,0211020036,150.0,772.5
SIA,RJ,202501,2273748,0206030029,3.0,260.25
SIA,RJ,202501,0974226,0211020036,129.0,664.35
SIA,RJ,202501,2289571,0211020036,10335.0,53225.25
SIA,RJ,202501,2298317,0206010044,2.0,173.5
SIA,RJ,202501,4785126,0211020036,29.0,149.35
SIA,RJ,202501,2277549,0211020060,34.0,1020.0
SIA,RJ,202501,2267195,0211020036,109.0,561.35
SIA,RJ,202501,6232094,0211020036,45.0,231.75
SIA,RJ,202501,4961331,0206010052,3.0,260.25
SIA,RJ,202501,2294990,0211020036,109.0,561.35
SIA,RJ,202501,2278138,0211020036,297.0,1529.55
SIA,RJ,202501,2289571,0206020015,1.0,86.75
SIA,RJ,202501,4732405,0211020036,549.0,2827.35
SIA,RJ,202501,4052099,0211020036,34.0,175.1
SIA,RJ,202501,3395340,0206020023,3.0,260.25
SIA,RJ,202501,6284957,0206010036,1.0,86.76
SIA,RJ,202501,2268019,0206010044,1.0,86.75
SIA,RJ,202501,6470661,0206010052,2.0,173.5
SIA,RJ,202501,5412447,0206030029,2.0,173.5
SIA,RJ,202501,2297655,0211020036,761.0,3919.15
SIA,RJ,202501,7065507,0211020036,547.0,2817.05
SIA,RJ,202501,3040119,0211020036,90.0,463.5
SIA,RJ,202501,9384545,0211020036,32.0,164.8
SIA,RJ,202501,2268922,0206010052,3.0,260.25
SIA,RJ,202501,2268019,0206010028,1.0,101.1
SIA,RJ,202501,2287579,0211020036,65.0,334.75
SIA,RJ,202501,2279355,0211020036,384.0,1977.6
SIA,RJ,202501,9002669,0211020036,78.0,401.7
SIA,RJ,202501,6854850,0211020036,7.0,36.05
SIA,RJ,202501,7003692,0211020036,448.0,2307.2
SIA,RJ,202501,5412447,0206020023,1.0,86.75
SIA,RJ,202501,4961331,0206010036,1.0,86.76
SIA,RJ,202501,2267454,0211020036,20.0,103.0
SIA,RJ,202501,9864628,0211020036,421.0,2168.15
SIA,RJ,202501,9864628,0211020060,68.0,2040.0
SIA,RJ,202501,5478898,0211020036,564.0,2904.6
SIA,RJ,202501,2296691,0211020036,1000.0,5150.0
SIA,RJ,202501,2277751,0211020036,50.0,257.5
SIA,RJ,202501,4961331,0206020015,1.0,86.75
SIA,RJ,202501,0997331,0206010052,1.0,86.75
SIA,RJ,202501,7266650,0211020036,271.0,1395.65
SIA,RJ,202501,0012505,0211020036,390.0,2008.5
SIA,RJ,202501,2267349,0211020036,26.0,133.9
SIA,RJ,202501,2289784,0211020036,11.0,56.65
SIA,RJ,202501,2274310,0206010028,1.0,101.1
SIA,RJ,202501,6050484,0206020015,2.0,173.5
SIA,RJ,202501,2697041,0206010060,1.0,97.44
SIA,RJ,202501,0012645,0211020036,19.0,97.85
SIA,RJ,202501,6091997,0211020036,386.0,1987.9
SIA,RJ,202501,9182721,0211020036,20.0,103.0
SIA,RJ,202501,6091997,0206010052,5.0,433.75
SIA,RJ,202501,2274310,0206010010,1.0,86.76
SIA,RJ,202501,2268922,0211020036,344.0,1771.6
SIA,RJ,202501,3963462,0211020036,17.0,87.55
SIA,RJ,202501,2284189,0211020036,928.0,4779.2
SIA,RJ,202501,6146376,0211020036,1033.0,5319.95
SIA,RJ,202501,2696746,0206010036,3.0,260.28
SIA,RJ,202501,2696746,0211020036,1121.0,5773.15
SIA,RJ,202501,2277743,0211020036,3200.0,16480.0
SIA,RJ,202501,7529384,0211020036,1.0,5.15
SIA,RJ,202501,2696746,0206020015,2.0,173.5
SIA,RJ,202501,2285622,0211020036,22.0,113.3
SIA,RJ,202501,2268051,0211020036,23.0,118.45
SIA,RJ,202501,6723187,0211020036,59.0,303.85
SIA,RJ,202501,5522692,0211020036,7.0,36.05
SIA,RJ,202501,6120423,0206010044,2.0,173.5
SIA,RJ,202501,2274213,0211020036,16.0,82.4
SIA,RJ,202501,2289571,0206030029,1.0,86.75
SIA,RJ,202501,2284634,0206010044,1.0,86.75
SIA,RJ,202501,0068519,0211020036,133.0,684.95
SIA,RJ,202501,5057531,0211020036,58.0,298.7
SIA,RJ,202501,2276712,0211020036,27.0,139.05
SIA,RJ,202501,7352751,0211020036,922.0,4748.3
SIA,RJ,202501,2281082,0211020036,117.0,602.55
SIA,RJ,202501,2287919,0206020015,1.0,86.75
SIA,RJ,202501,6646034,0206010052,2.0,173.5
SIA,RJ,202501,7404700,0211020036,2.0,10.3
SIA,RJ,202501,2296683,0211020036,2.0,10.3
SIA,RJ,202501,3395340,0211020036,1267.0,6525.05
SIA,RJ,202501,0271136,0211020036,6.0,30.9
SIA,RJ,202501,0012505,0206020015,2.0,173.5
SIA,RJ,202501,6050484,0206020023,1.0,86.75
SIA,RJ,202501,2277700,0211020036,463.0,2384.45
SIA,RJ,202501,7354746,0211020036,234.0,1205.1
SIA,RJ,202501,2281554,0211020036,151.0,777.65
SIA,RJ,202501,2272040,0211020036,295.0,1519.25
SIA,RJ,202501,3395340,0211020060,372.0,11160.0
SIA,RJ,202501,2296233,0211020036,33.0,169.95
SIA,RJ,202501,2295695,0211020036,145.0,746.75
SIA,RJ,202501,2284634,0206010052,1.0,86.75
SIA,RJ,202501,5412447,0211020036,33.0,169.95
SIA,RJ,202501,2297213,0211020036,92.0,473.8
SIA,RJ,202501,2266717,0211020036,25.0,128.75
SIA,RJ,202501,2696940,0206020015,2.0,173.5
SIA,RJ,202501,2286912,0211020036,0.0,0.0
SIA,RJ,202501,2272776,0208010033,1.0,383.07
SIA,RJ,202501,7352751,0211020060,673.0,20190.0
SIA,RJ,202501,6225276,0211020060,16.0,480.0
SIA,RJ,202501,2284634,0206010028,1.0,101.1
SIA,RJ,202501,2271141,0211020036,114.0,587.1
SIA,RJ,202501,2281120,0211020036,94.0,484.1
SIA,RJ,202501,2286920,0211020036,89.0,458.35
SIA,RJ,202501,6635903,0211020036,356.0,1833.4
SIA,RJ,202501,2293641,0211020036,258.0,1328.7
SIA,RJ,202501,6588425,0211020036,277.0,1426.55
SIA,RJ,202501,9331964,0211020036,19.0,97.85
SIA,RJ,202501,2284634,0211020036,184.0,947.6
SIA,RJ,202501,2287161,0211020036,5.0,25.75
SIA,RJ,202501,4076486,0211020060,104.0,3120.0
SIA,RJ,202501,2291789,0211020036,288.0,1483.2
SIA,RJ,202501,2285150,0211020036,46.0,236.9
SIA,RJ,202502,2280167,0206010028,17.0,1718.7
SIA,RJ,202502,2269783,0206030010,305.0,42282.15
SIA,RJ,202502,6918417,0206010079,358.0,34883.52
SIA,RJ,202502,7185081,0206030010,7.0,970.41
SIA,RJ,202502,6918417,0206010028,449.0,45393.9
SIA,RJ,202502,2291266,0206010028,73.0,7380.3
SIA,RJ,202502,2270609,0206020023,250.0,21687.5
SIA,RJ,202502,2270269,0206020023,275.0,23856.25
SIA,RJ,202502,2280183,0206020023,230.0,19952.5
SIA,RJ,202502,2280183,0206010028,160.0,16176.0
SIA,RJ,202502,2295415,0206030010,65.0,9010.95
SIA,RJ,202502,6995446,0206010028,68.0,6874.8
SIA,RJ,202502,2269481,0206010028,279.0,28206.9
SIA,RJ,202502,2296306,0206020023,257.0,22294.75
SIA,RJ,202502,2291266,0206020023,62.0,5378.5
SIA,RJ,202502,6918417,0206030010,387.0,53649.81
SIA,RJ,202502,2269554,0206010028,118.0,11929.8
SIA,RJ,202502,2269988,0211020036,176.0,906.4
SIA,RJ,202502,2269988,0206010052,14.0,1214.5
SIA,RJ,202502,2273276,0206010028,79.0,7986.9
SIA,RJ,202502,2298120,0206010028,50.0,5055.0
SIA,RJ,202502,5476607,0206020023,59.0,5118.25
SIA,RJ,202502,2296306,0206010028,215.0,21736.5
SIA,RJ,202502,2270234,0206010079,627.0,61094.88
SIA,RJ,202502,2269821,0206020023,26.0,2255.5
SIA,RJ,202502,0215015,0206010028,69.0,6975.9
SIA,RJ,202502,6661904,0206020031,143.0,19506.63
SIA,RJ,202502,2296306,0206020031,954.0,130135.14
SIA,RJ,202502,7166494,0206030037,560.0,77632.8
SIA,RJ,202502,9654151,0206030037,655.0,90802.65
SIA,RJ,202502,2270234,0206030010,259.0,35905.17
SIA,RJ,202502,6661904,0206020023,100.0,8675.0
SIA,RJ,202502,6918417,0206020031,433.0,59065.53
SIA,RJ,202502,5717256,0206020023,82.0,7113.5
SIA,RJ,202502,7185081,0206020031,5.0,682.05
SIA,RJ,202502,0215015,0206030037,84.0,11644.92
SIA,RJ,202502,7584342,0206030037,40.0,5545.2
SIA,RJ,202502,7267975,0206010079,167.0,16272.48
SIA,RJ,202502,2280183,0206030037,1265.0,175366.95
SIA,RJ,202502,2280191,0206030037,97.0,13447.11
SIA,RJ,202502,2291266,0206030037,331.0,45886.53
SIA,RJ,202502,6661904,0206010028,141.0,14255.1
SIA,RJ,202502,2270269,0206030037,713.0,98843.19
SIA,RJ,202502,2295407,0206030037,663.0,91911.69
SIA,RJ,202502,2269988,0206030037,254.0,35212.02
SIA,RJ,202502,2298120,0206020023,68.0,5899.0
SIA,RJ,202502,2270609,0206030037,1095.0,151799.85
SIA,RJ,202502,2708213,0206020023,27.0,2342.25
SIA,RJ,202502,2273411,0206030010,16.0,2218.08
SIA,RJ,202502,2270234,0206020031,314.0,42832.74
SIA,RJ,202502,2269821,0206030037,233.0,32300.79
SIA,RJ,202502,2269988,0206020031,218.0,29737.38
SIA,RJ,202502,2270269,0206010028,202.0,20422.2
SIA,RJ,202502,2269821,0206010028,4.0,404.4
SIA,RJ,202502,2269384,0206030037,234.0,32439.42
SIA,RJ,202502,2273276,0206020015,106.0,9195.5
SIA,RJ,202502,2270609,0206010028,171.0,17288.1
SIA,RJ,202502,2708213,0206030037,81.0,11229.03
SIA,RJ,202502,6995446,0206030037,108.0,14972.04
SIA,RJ,202502,2296306,0206030037,1519.0,210578.97
SIA,RJ,202502,6995446,0206020015,12.0,1041.0
SIA,RJ,202502,6927289,0206030037,72.0,9981.36
SIA,RJ,202502,2280191,0206020023,88.0,7634.0
SIA,RJ,202502,5717256,0206030037,573.0,79434.99
SIA,RJ,202502,6661904,0206030037,324.0,44916.12
SIA,RJ,202502,2269783,0206020031,352.0,48016.32
SIA,RJ,202502,2269392,0206010044,142.0,12318.5
SIA,RJ,202502,5476607,0206010028,77.0,7784.7
SIA,RJ,202502,2269341,0206020023,3.0,260.25
SIA,RJ,202502,2298120,0206030037,227.0,31469.01
SIA,RJ,202502,2298120,0206020015,76.0,6593.0
SIA,RJ,202502,2295423,0206030037,195.0,27032.85
SIA,RJ,202502,2270234,0206010044,149.0,12925.75
SIA,RJ,202502,6927289,0206020023,76.0,6593.0
SIA,RJ,202502,2269554,0206030037,216.0,29944.08
SIA,RJ,202502,2295415,0211020036,67.0,345.05
SIA,RJ,202502,2295423,0206010028,8.0,808.8
SIA,RJ,202502,2273454,0206030037,256.0,35489.28
SIA,RJ,202502,2280191,0206010028,145.0,14659.5
SIA,RJ,202502,2295415,0206030037,64.0,8872.32
SIA,RJ,202502,2273462,0206030037,98.0,13585.74
SIA,RJ,202502,2273276,0206030037,22.0,3049.86
SIA,RJ,202502,2269481,0206020023,121.0,10496.75
SIA,RJ,202502,2295067,0206030010,49.0,6792.87
SIA,RJ,202502,2269481,0206030037,403.0,55867.89
SIA,RJ,202502,5717256,0206010028,88.0,8896.8
SIA,RJ,202502,6927289,0206010028,72.0,7279.2
SIA,RJ,202502,2295067,0206010079,41.0,3995.04
SIA,RJ,202502,7065515,0206030010,66.0,9149.58
SIA,RJ,202502,9654151,0206020023,29.0,2515.75
SIA,RJ,202502,2269783,0206030029,15.0,1301.25
SIA,RJ,202502,2269783,0206010079,98.0,9549.12
SIA,RJ,202502,9792961,0206030037,37.0,5129.31
SIA,RJ,202502,2295407,0206010028,30.0,3033.0
SIA,RJ,202502,2295415,0206020031,71.0,9685.11
SIA,RJ,202502,2269554,0206020023,64.0,5552.0
SIA,RJ,202502,9654151,0206020015,8.0,694.0
SIA,RJ,202502,6995446,0206020023,4.0,347.0
SIA,RJ,202502,5717256,0211020060,330.0,9900.0
SIA,RJ,202502,2273357,0206020031,10.0,1364.1
SIA,RJ,202502,2298732,0206030037,24.0,3327.12
SIA,RJ,202502,2269988,0206030010,51.0,7070.13
SIA,RJ,202502,2273411,0206020031,10.0,1364.1
SIA,RJ,202502,9582029,0206030037,17.0,2356.71
SIA,RJ,202502,2269678,0206020031,15.0,2046.15
SIA,RJ,202502,2270234,0206010028,67.0,6773.7
SIA,RJ,202502,9996095,0206030037,12.0,1663.56
SIA,RJ,202502,2698854,0206030037,13.0,1802.19
SIA,RJ,202502,2295067,0206020031,49.0,6684.09
SIA,RJ,202502,2273411,0206010044,4.0,347.0
SIA,RJ,202502,5476607,0206030037,87.0,12060.81
SIA,RJ,202502,7065515,0206020031,68.0,9275.88
SIA,RJ,202502,2269783,0206010028,25.0,2527.5
SIA,RJ,202502,5717256,0206020031,367.0,50062.47
SIA,RJ,202502,2708213,0206010028,101.0,10211.1
SIA,RJ,202502,2269783,0206010044,67.0,5812.25
SIA,RJ,202502,6918417,0206010044,25.0,2168.75
SIA,RJ,202502,2270234,0206020023,8.0,694.0
SIA,RJ,202502,7267975,0206020031,9.0,1227.69
SIA,RJ,202502,2298732,0206010028,2.0,202.2
SIA,RJ,202502,2273454,0206010028,12.0,1213.2
SIA,RJ,202502,2269880,0206030037,10.0,1386.3
SIA,RJ,202502,2270234,0206030029,41.0,3556.75
SIA,RJ,202502,3348431,0206030037,26.0,3604.38
SIA,RJ,202502,2280183,0206020015,1.0,86.75
SIA,RJ,202502,6995462,0206020023,1.0,86.75
SIA,RJ,202502,2270609,0206020015,8.0,694.0
SIA,RJ,202502,3388794,0206030037,22.0,3049.86
SIA,RJ,202502,2270668,0211020036,15.0,77.25
SIA,RJ,202502,7166494,0206020015,26.0,2255.5
SIA,RJ,202502,2295210,0206030037,2.0,277.26
SIA,RJ,202502,2708361,0206010028,24.0,2426.4
SIA,RJ,202502,6918417,0206030029,25.0,2168.75
SIA,RJ,202502,2269988,0206010044,45.0,3903.75
SIA,RJ,202502,2295407,0206020015,2.0,173.5
SIA,RJ,202502,2273462,0206010028,10.0,1011.0
SIA,RJ,202502,0215015,0206020023,32.0,2776.0
SIA,RJ,202502,2295067,0206010044,13.0,1127.75
SIA,RJ,202502,2280167,0211020036,25.0,128.75
SIA,RJ,202502,9654151,0206010028,23.0,2325.3
SIA,RJ,202502,3348431,0206010028,3.0,303.3
SIA,RJ,202502,2295210,0206020023,2.0,173.5
SIA,RJ,202502,2269341,0206030037,26.0,3604.38
SIA,RJ,202502,9582029,0206010028,4.0,404.4
SIA,RJ,202502,2269384,0206020023,4.0,347.0
SIA,RJ,202502,2269988,0206010028,14.0,1415.4
SIA,RJ,202502,7185081,0206010079,3.0,292.32
SIA,RJ,202502,7185081,0206020015,1.0,86.75
SIA,RJ,202502,2280132,0205010016,2.0,330.0
SIA,RJ,202502,2269384,0206010028,14.0,1415.4
SIA,RJ,202502,2269821,0206020015,5.0,433.75
SIA,RJ,202502,2295415,0206010036,2.0,173.52
SIA,RJ,202502,6995446,0206020031,320.0,43651.2
SIA,RJ,202502,6389317,0206020031,41.0,5592.81
SIA,RJ,202502,7267975,0206010044,3.0,260.25
SIA,RJ,202502,2273411,0206010079,17.0,1656.48
SIA,RJ,202502,2280132,0211020036,19.0,97.85
SIA,RJ,202502,2298732,0206020031,48.0,6547.68
SIA,RJ,202502,5476607,0206020031,70.0,9548.7
SIA,RJ,202502,2280167,0206030029,7.0,607.25
SIA,RJ,202502,7584342,0206010028,2.0,202.2
SIA,RJ,202502,6918417,0206020015,12.0,1041.0
SIA,RJ,202502,7267975,0206030010,13.0,1802.19
SIA,RJ,202502,2273462,0206020023,2.0,173.5
SIA,RJ,202502,2708353,0206030037,7.0,970.41
SIA,RJ,202502,2295423,0206020031,119.0,16232.79
SIA,RJ,202502,6389317,0206030037,27.0,3743.01
SIA,RJ,202502,2708353,0206020031,24.0,3273.84
SIA,RJ,202502,2295407,0206020023,20.0,1735.0
SIA,RJ,202502,2708213,0206020031,59.0,8048.19
SIA,RJ,202502,6927289,0206020031,73.0,9957.93
SIA,RJ,202502,2298120,0206020031,158.0,21552.78
SIA,RJ,202502,2698854,0206020031,31.0,4228.71
SIA,RJ,202502,2269775,0206010028,3.0,303.3
SIA,RJ,202502,6918417,0206020023,14.0,1214.5
SIA,RJ,202502,2269341,0206020015,1.0,86.75
SIA,RJ,202502,2269554,0206020015,2.0,173.5
SIA,RJ,202502,9792961,0206010028,4.0,404.4
SIA,RJ,202502,2296306,0206020015,10.0,867.5
SIA,RJ,202502,2295423,0206020015,1.0,86.75
SIA,RJ,202502,7185081,0206010028,7.0,707.7
SIA,RJ,202502,2295415,0206010052,3.0,260.25
SIA,RJ,202502,2295210,0206010028,2.0,202.2
SIA,RJ,202502,2269384,0206020015,3.0,260.25
SIA,RJ,202502,2270609,0205010016,3.0,495.0
SIA,RJ,202502,2273454,0206020023,4.0,347.0
SIA,RJ,202502,3348431,0206020031,38.0,5183.58
SIA,RJ,202502,3388794,0206020031,38.0,5183.58
SIA,RJ,202502,2269988,0206030029,2.0,173.5
SIA,RJ,202502,5717256,0206020015,3.0,260.25
SIA,RJ,202502,2269775,0211020036,8.0,41.2
SIA,RJ,202502,2273454,0206020015,2.0,173.5
SIA,RJ,202502,2269988,0206010036,6.0,520.56
SIA,RJ,202502,7267975,0206010028,4.0,404.4
SIA,RJ,202502,7185081,0206030029,8.0,694.0
SIA,RJ,202502,6995462,0206030037,1.0,138.63
SIA,RJ,202502,9996095,0206010028,2.0,202.2
SIA,RJ,202502,2269678,0206010044,2.0,173.5
SIA,RJ,202502,7065515,0206010079,3.0,292.32
SIA,RJ,202502,2270803,0211020036,137.0,705.55
SIA,RJ,202502,7166494,0206030010,556.0,77078.28
SIA,RJ,202502,6389317,0206010028,3.0,303.3
SIA,RJ,202502,2295423,0206020023,1.0,86.75
SIA,RJ,202502,2280167,0206010044,35.0,3036.25
SIA,RJ,202502,2280191,0206030010,72.0,9981.36
SIA,RJ,202502,2280183,0206030010,1206.0,167187.78
SIA,RJ,202502,2270609,0206030010,1191.0,165108.33
SIA,RJ,202502,2273462,0206030010,97.0,13447.11
SIA,RJ,202502,2273454,0206030010,263.0,36459.69
SIA,RJ,202502,9654151,0206030010,661.0,91634.43
SIA,RJ,202502,2270234,0206010036,15.0,1301.4
SIA,RJ,202502,2269783,0211020036,605.0,3115.75
SIA,RJ,202502,9654151,0206010010,28.0,2429.28
SIA,RJ,202502,2269988,0206010079,126.0,12277.44
SIA,RJ,202502,5955688,0211020036,284.0,1462.6
SIA,RJ,202502,6995446,0206030010,618.0,85673.34
SIA,RJ,202502,5717256,0206030010,559.0,77494.17
SIA,RJ,202502,2270234,0206030037,288.0,39925.44
SIA,RJ,202502,2280167,0206010079,56.0,5456.64
SIA,RJ,202502,6918417,0206010036,31.0,2689.56
SIA,RJ,202502,3178447,0208010033,69.0,26431.83
SIA,RJ,202502,2291266,0206010060,2.0,194.88
SIA,RJ,202502,2269821,0206030010,232.0,32162.16
SIA,RJ,202502,2295415,0206010044,7.0,607.25
SIA,RJ,202502,5955629,0211020036,314.0,1617.1
SIA,RJ,202502,2269481,0206010010,113.0,9803.88
SIA,RJ,202502,2269341,0206030010,21.0,2911.23
SIA,RJ,202502,7185081,0206010036,6.0,520.56
SIA,RJ,202502,7065515,0211020036,60.0,309.0
SIA,RJ,202502,2298732,0208010033,76.0,29113.32
SIA,RJ,202502,2269481,0206010079,281.0,27380.64
SIA,RJ,202502,2273462,0206020015,1.0,86.75
SIA,RJ,202502,2295423,0206030010,177.0,24537.51
SIA,RJ,202502,2295407,0206030010,631.0,87475.53
SIA,RJ,202502,2280183,0206010052,77.0,6679.75
SIA,RJ,202502,0532886,0208010033,165.0,63206.55
SIA,RJ,202502,2269678,0206030010,1.0,138.63
SIA,RJ,202502,2698854,0208010033,105.0,40222.35
SIA,RJ,202502,5717256,0206010060,1.0,97.44
SIA,RJ,202502,2269481,0206010052,4.0,347.0
SIA,RJ,202502,2270234,0211020036,334.0,1720.1
SIA,RJ,202502,2270269,0206010036,71.0,6159.96
SIA,RJ,202502,2270269,0206030010,629.0,87198.27
SIA,RJ,202502,2280183,0206010010,133.0,11539.08
SIA,RJ,202502,2269783,0206010036,7.0,607.32
SIA,RJ,202502,2280191,0206010060,1.0,97.44
SIA,RJ,202502,2273411,0211020036,43.0,221.45
SIA,RJ,202502,2269678,0211020010,128.0,93445.12
SIA,RJ,202502,2269783,0211020010,387.0,282525.48
SIA,RJ,202502,2269783,0206030037,292.0,40479.96
SIA,RJ,202502,5476607,0206010060,2.0,194.88
SIA,RJ,202502,2269392,0211020036,402.0,2070.3
SIA,RJ,202502,2280167,0206010052,7.0,607.25
SIA,RJ,202502,2269341,0206010028,1.0,101.1
SIA,RJ,202502,2270269,0206010010,122.0,10584.72
SIA,RJ,202502,2269678,0206030037,5.0,693.15
SIA,RJ,202502,6995446,0206010010,81.0,7027.56
SIA,RJ,202502,2296306,0206030010,1419.0,196715.97
SIA,RJ,202502,6927289,0206010010,33.0,2863.08
SIA,RJ,202502,7267975,0206010036,2.0,173.52
SIA,RJ,202502,6918417,0206010052,73.0,6332.75
SIA,RJ,202502,6918417,0206030037,349.0,48381.87
SIA,RJ,202502,2269775,0206010079,2.0,194.88
SIA,RJ,202502,5955645,0211020036,256.0,1318.4
SIA,RJ,202502,4269535,0211020036,4.0,20.6
SIA,RJ,202502,7069502,0208010033,12.0,4596.84
SIA,RJ,202502,2269384,0206030010,227.0,31469.01
SIA,RJ,202502,2296306,0206010060,1.0,97.44
SIA,RJ,202502,2269821,0206020031,212.0,28918.92
SIA,RJ,202502,2270609,0206020031,922.0,125770.02
SIA,RJ,202502,2295407,0206020031,117.0,15959.97
SIA,RJ,202502,2291266,0206020031,180.0,24553.8
SIA,RJ,202502,7516800,0211020036,91.0,468.65
SIA,RJ,202502,2269481,0206020031,335.0,45697.35
SIA,RJ,202502,2269775,0206030037,32.0,4436.16
SIA,RJ,202502,2280167,0206020031,203.0,27691.23
SIA,RJ,202502,2273454,0206020031,291.0,39695.31
SIA,RJ,202502,2269341,0206020031,32.0,4365.12
SIA,RJ,202502,2269554,0206020031,124.0,16914.84
SIA,RJ,202502,6220584,0211020036,338.0,1740.7
SIA,RJ,202502,2280167,0206030037,142.0,19685.46
SIA,RJ,202502,2280183,0206020031,521.0,71069.61
SIA,RJ,202502,2269384,0206020031,136.0,18551.76
SIA,RJ,202502,2280191,0206010036,36.0,3123.36
SIA,RJ,202502,2270609,0206010036,84.0,7287.84
SIA,RJ,202502,7166494,0206020031,240.0,32738.4
SIA,RJ,202502,7584342,0206020031,39.0,5319.99
SIA,RJ,202502,9582029,0206020031,37.0,5047.17
SIA,RJ,202502,6038891,0211020036,268.0,1380.2
SIA,RJ,202502,2270269,0206020031,428.0,58383.48
SIA,RJ,202502,6661904,0206010060,1.0,97.44
SIA,RJ,202502,9996095,0206020031,21.0,2864.61
SIA,RJ,202502,9654151,0206020031,289.0,39422.49
SIA,RJ,202502,0215015,0206020031,99.0,13504.59
SIA,RJ,202502,5955661,0211020036,509.0,2621.35
SIA,RJ,202502,9582029,0206030010,18.0,2495.34
SIA,RJ,202502,2269783,0206020015,10.0,867.5
SIA,RJ,202502,2273462,0206020031,101.0,13777.41
SIA,RJ,202502,2273489,0211020060,173.0,5190.0
SIA,RJ,202502,2280191,0206020031,95.0,12958.95
SIA,RJ,202502,2296306,0206010010,262.0,22731.12
SIA,RJ,202502,6661904,0206030010,319.0,44222.97
SIA,RJ,202502,2270234,0206020015,22.0,1908.5
SIA,RJ,202502,9931112,0211020036,1.0,5.15
SIA,RJ,202502,2269481,0206030010,385.0,53372.55
SIA,RJ,202502,2269384,0206030029,11.0,954.25
SIA,RJ,202502,6858317,0211020036,302.0,1555.3
SIA,RJ,202502,6038913,0211020036,345.0,1776.75
SIA,RJ,202502,6038883,0211020036,487.0,2508.05
SIA,RJ,202502,9792961,0206020031,40.0,5456.4
SIA,RJ,202502,2291266,0206010010,24.0,2082.24
SIA,RJ,202502,2291266,0206030010,312.0,43252.56
SIA,RJ,202502,2270609,0206030029,67.0,5812.25
SIA,RJ,202502,2269775,0206020031,23.0,3137.43
SIA,RJ,202502,2298724,0211020036,17.0,87.55
SIA,RJ,202502,2270609,0206010060,2.0,194.88
SIA,RJ,202502,7166494,0206010010,33.0,2863.08
SIA,RJ,202502,0215015,0206030010,77.0,10674.51
SIA,RJ,202502,2270609,0206010010,257.0,22297.32
SIA,RJ,202502,3988724,0211020036,21.0,108.15
SIA,RJ,202502,6037569,0211020036,549.0,2827.35
SIA,RJ,202502,6037550,0211020036,4.0,20.6
SIA,RJ,202502,5955211,0211020036,241.0,1241.15
SIA,RJ,202502,5955637,0211020036,314.0,1617.1
SIA,RJ,202502,2269880,0206020031,21.0,2864.61
SIA,RJ,202502,2298120,0206030010,222.0,30775.86
SIA,RJ,202502,7267975,0211020036,42.0,216.3
SIA,RJ,202502,2269384,0206010036,6.0,520.56
SIA,RJ,202502,2273276,0206020031,42.0,5729.22
SIA,RJ,202502,6038905,0211020036,299.0,1539.85
SIA,RJ,202502,2270617,0211020036,11.0,56.65
SIA,RJ,202502,0532886,0208010025,165.0,67405.8
SIA,RJ,202502,7185081,0211020036,1.0,5.15
SIA,RJ,202502,2280183,0206010036,56.0,4858.56
SIA,RJ,202502,2273454,0206010052,81.0,7026.75
SIA,RJ,202502,7584342,0206030010,34.0,4713.42
SIA,RJ,202502,2273462,0206010036,11.0,954.36
SIA,RJ,202502,2269554,0206030010,194.0,26894.22
SIA,RJ,202502,2295407,0206010036,16.0,1388.16
SIA,RJ,202502,2296306,0206010052,35.0,3036.25
SIA,RJ,202502,2708213,0206030010,70.0,9704.1
SIA,RJ,202502,2298732,0208010025,76.0,31047.52
SIA,RJ,202502,7065515,0206030037,67.0,9288.21
SIA,RJ,202502,3178447,0208010025,69.0,28187.88
SIA,RJ,202502,7069502,0208010025,12.0,4902.24
SIA,RJ,202502,2698854,0208010025,106.0,43303.12
SIA,RJ,202502,5717256,0206010052,24.0,2082.0
SIA,RJ,202502,0215015,0206010010,18.0,1561.68
SIA,RJ,202502,2295407,0206010010,67.0,5812.92
SIA,RJ,202502,2273454,0206010036,7.0,607.32
SIA,RJ,202502,6661904,0206010010,69.0,5986.44
SIA,RJ,202502,2269481,0206010044,45.0,3903.75
SIA,RJ,202502,2298120,0206030029,41.0,3556.75
SIA,RJ,202502,5476607,0206010036,22.0,1908.72
SIA,RJ,202502,5476607,0206030010,80.0,11090.4
SIA,RJ,202502,2270269,0206010052,14.0,1214.5
SIA,RJ,202502,7185081,0206030037,11.0,1524.93
SIA,RJ,202502,2273357,0206030037,16.0,2218.08
SIA,RJ,202502,2269821,0206030029,6.0,520.5
SIA,RJ,202502,2298120,0206010036,27.0,2342.52
SIA,RJ,202502,2296306,0206030029,85.0,7373.75
SIA,RJ,202502,2280167,0206020015,20.0,1735.0
SIA,RJ,202502,2273276,0206030029,92.0,7981.0
SIA,RJ,202502,2295407,0206010052,14.0,1214.5
SIA,RJ,202502,2295423,0206010036,10.0,867.6
SIA,RJ,202502,2291266,0206010036,5.0,433.8
SIA,RJ,202502,2280191,0206010010,52.0,4511.52
SIA,RJ,202502,2269783,0206010052,50.0,4337.5
SIA,RJ,202502,2270269,0206030029,35.0,3036.25
SIA,RJ,202502,2269821,0206010052,6.0,520.5
SIA,RJ,202502,2273276,0206010010,52.0,4511.52
SIA,RJ,202502,2270609,0206010052,32.0,2776.0
SIA,RJ,202502,2295415,0206030029,17.0,1474.75
SIA,RJ,202502,2295407,0206030029,5.0,433.75
SIA,RJ,202502,2296306,0206010036,45.0,3904.2
SIA,RJ,202502,2273276,0206030010,9.0,1247.67
SIA,RJ,202502,2280183,0206030029,12.0,1041.0
SIA,RJ,202502,6927289,0206010036,24.0,2082.24
SIA,RJ,202502,6995446,0206010036,26.0,2255.76
SIA,RJ,202502,2298120,0206010052,9.0,780.75
SIA,RJ,202502,2273276,0206010036,26.0,2255.76
SIA,RJ,202502,2269554,0206010036,34.0,2949.84
SIA,RJ,202502,2280132,0206020031,7.0,954.87
SIA,RJ,202502,3348431,0206030010,29.0,4020.27
SIA,RJ,202502,6661904,0206010036,47.0,4077.72
SIA,RJ,202502,2295210,0206030010,2.0,277.26
SIA,RJ,202502,2269988,0206010010,23.0,1995.48
SIA,RJ,202502,6995446,0206030029,34.0,2949.5
SIA,RJ,202502,2269554,0206010010,72.0,6246.72
SIA,RJ,202502,2708213,0206010010,42.0,3643.92
SIA,RJ,202502,9792961,0206030010,35.0,4852.05
SIA,RJ,202502,7267975,0206030037,12.0,1663.56
SIA,RJ,202502,6661904,0206030029,3.0,260.25
SIA,RJ,202502,5476607,0206010010,27.0,2342.52
SIA,RJ,202502,2295210,0206010036,2.0,173.52
SIA,RJ,202502,2269880,0206030010,9.0,1247.67
SIA,RJ,202502,2708213,0206010036,37.0,3210.12
SIA,RJ,202502,6995462,0206030010,5.0,693.15
SIA,RJ,202502,7185081,0206010052,3.0,260.25
SIA,RJ,202502,6389317,0206030010,28.0,3881.64
SIA,RJ,202502,6995446,0206010052,15.0,1301.25
SIA,RJ,202502,5717256,0206010010,31.0,2689.56
SIA,RJ,202502,2269775,0206010044,2.0,173.5
SIA,RJ,202502,2698854,0206030010,9.0,1247.67
SIA,RJ,202502,2698854,0206010052,1.0,86.75
SIA,RJ,202502,9654151,0206010052,8.0,694.0
SIA,RJ,202502,3388794,0206030010,15.0,2079.45
SIA,RJ,202502,2270161,0211020036,26.0,133.9
SIA,RJ,202502,2273454,0208010033,5.0,1915.35
SIA,RJ,202502,2295423,0206010010,3.0,260.28
SIA,RJ,202502,2269821,0206010036,3.0,260.28
SIA,RJ,202502,6927289,0206010060,1.0,97.44
SIA,RJ,202502,6029841,0211020036,96.0,494.4
SIA,RJ,202502,2708361,0206010010,5.0,433.8
SIA,RJ,202502,2298120,0206010010,80.0,6940.8
SIA,RJ,202502,6661904,0206010079,400.0,38976.0
SIA,RJ,202502,6661904,0211020036,523.0,2693.45
SIA,RJ,202502,6716938,0211020036,867.0,4465.05
SIA,RJ,202502,6023975,0211020036,56.0,288.4
SIA,RJ,202502,6023983,0211020036,12.0,61.8
SIA,RJ,202502,6648371,0211020036,74.0,381.1
SIA,RJ,202502,6631169,0211020036,475.0,2446.25
SIA,RJ,202502,6421482,0211020036,309.0,1591.35
SIA,RJ,202502,6742831,0211020036,621.0,3198.15
SIA,RJ,202502,3567567,0211020036,76.0,391.4
SIA,RJ,202502,3567540,0211020036,95.0,489.25
SIA,RJ,202502,6927289,0206030010,61.0,8456.43
SIA,RJ,202502,6598544,0211020036,347.0,1787.05
SIA,RJ,202502,2296306,0206010079,1762.0,171689.28
SIA,RJ,202502,6680704,0211020036,297.0,1529.55
SIA,RJ,202502,6995446,0206010079,897.0,87403.68
SIA,RJ,202502,4030990,0211020036,69.0,355.35
SIA,RJ,202502,0215015,0206010036,11.0,954.36
SIA,RJ,202502,6716849,0211020036,162.0,834.3
SIA,RJ,202502,2296306,0211020036,162.0,834.3
SIA,RJ,202502,9160876,0211020036,518.0,2667.7
SIA,RJ,202502,7101856,0211020036,462.0,2379.3
SIA,RJ,202502,2298732,0206030010,22.0,3049.86
SIA,RJ,202502,9016805,0211020036,131.0,674.65
SIA,RJ,202502,6575900,0211020036,518.0,2667.7
SIA,RJ,202502,2295423,0211020036,34.0,175.1
SIA,RJ,202502,6512925,0211020036,310.0,1596.5
SIA,RJ,202502,5476607,0206030029,4.0,347.0
SIA,RJ,202502,7584342,0206010052,6.0,520.5
SIA,RJ,202502,2708167,0211020036,33.0,169.95
SIA,RJ,202502,5717256,0211020036,1298.0,6684.7
SIA,RJ,202502,2298120,0206010079,431.0,41996.64
SIA,RJ,202502,2273454,0208010025,5.0,2042.6
SIA,RJ,202502,6487815,0211020036,328.0,1689.2
SIA,RJ,202502,2298120,0211020036,422.0,2173.3
SIA,RJ,202502,6938124,0211020036,535.0,2755.25
SIA,RJ,202502,2280191,0206030029,6.0,520.5
SIA,RJ,202502,6581994,0211020036,2.0,10.3
SIA,RJ,202502,5620287,0211020036,121.0,623.15
SIA,RJ,202502,2270234,0206010052,11.0,954.25
SIA,RJ,202502,6389317,0206010079,18.0,1753.92
SIA,RJ,202502,6029922,0211020036,62.0,319.3
SIA,RJ,202502,2296616,0211020036,85.0,437.75
SIA,RJ,202502,5717256,0206010079,248.0,24165.12
SIA,RJ,202502,9582029,0206010010,3.0,260.28
SIA,RJ,202502,6664075,0211020036,161.0,829.15
SIA,RJ,202502,6927289,0206010079,42.0,4092.48
SIA,RJ,202502,2269481,0206010036,78.0,6767.28
SIA,RJ,202502,2269384,0206010052,10.0,867.5
SIA,RJ,202502,2708353,0206010079,50.0,4872.0
SIA,RJ,202502,7036884,0211020036,23.0,118.45
SIA,RJ,202502,2708361,0206010079,272.0,26503.68
SIA,RJ,202502,6926177,0211020036,441.0,2271.15
SIA,RJ,202502,2273454,0206010010,5.0,433.8
SIA,RJ,202502,9654151,0206010079,708.0,68987.52
SIA,RJ,202502,9307265,0211020036,139.0,715.85
SIA,RJ,202502,2708213,0206010079,40.0,3897.6
SIA,RJ,202502,2270234,0206010010,91.0,7895.16
SIA,RJ,202502,2269678,0205010016,4.0,660.0
SIA,RJ,202502,6507409,0211020036,151.0,777.65
SIA,RJ,202502,6635709,0211020036,73.0,375.95
SIA,RJ,202502,9654151,0206030029,24.0,2082.0
SIA,RJ,202502,9792961,0206010036,4.0,347.04
SIA,RJ,202502,2269554,0206010052,3.0,260.25
SIA,RJ,202502,5476607,0206010079,35.0,3410.4
SIA,RJ,202502,9996095,0206030010,11.0,1524.93
SIA,RJ,202502,3348431,0206010079,61.0,5943.84
SIA,RJ,202502,7908237,0211020036,69.0,355.35
SIA,RJ,202502,2273462,0206030029,1.0,86.75
SIA,RJ,202502,3348431,0206010010,3.0,260.28
SIA,RJ,202502,9061398,0211020036,59.0,303.85
SIA,RJ,202502,7166494,0206010079,349.0,34006.56
SIA,RJ,202502,2295423,0206030029,3.0,260.25
SIA,RJ,202502,3567559,0211020036,36.0,185.4
SIA,RJ,202502,2708361,0206010036,6.0,520.56
SIA,RJ,202502,6389317,0206010052,2.0,173.5
SIA,RJ,202502,5717256,0206030029,4.0,347.0
SIA,RJ,202502,5154197,0211020036,89.0,458.35
SIA,RJ,202502,2295415,0206010028,6.0,606.6
SIA,RJ,202502,2296527,0211020036,105.0,540.75
SIA,RJ,202502,6873960,0211020036,44.0,226.6
SIA,RJ,202502,6995462,0206030029,2.0,173.5
SIA,RJ,202502,2273462,0206010010,3.0,260.28
SIA,RJ,202502,2273357,0211020036,6.0,30.9
SIA,RJ,202502,7584342,0206010010,3.0,260.28
SIA,RJ,202502,9582029,0206010079,64.0,6236.16
SIA,RJ,202502,7584342,0206010079,16.0,1559.04
SIA,RJ,202502,2295423,0206010052,7.0,607.25
SIA,RJ,202502,2269880,0206010052,12.0,1041.0
SIA,RJ,202502,9080163,0211020036,81.0,417.15
SIA,RJ,202502,5955653,0211020036,439.0,2260.85
SIA,RJ,202502,7723296,0211020036,30.0,154.5
SIA,RJ,202502,9715444,0211020036,73.0,375.95
SIA,RJ,202502,9792961,0206010079,48.0,4677.12
SIA,RJ,202502,9061401,0211020036,82.0,422.3
SIA,RJ,202502,6037526,0211020036,604.0,3110.6
SIA,RJ,202502,2295067,0206010052,20.0,1735.0
SIA,RJ,202502,7267975,0206010052,4.0,347.0
SIA,RJ,202502,2269341,0206030029,3.0,260.25
SIA,RJ,202502,5717256,0206010036,15.0,1301.4
SIA,RJ,202502,6389317,0206010036,4.0,347.04
SIA,RJ,202502,5670357,0211020036,59.0,303.85
SIA,RJ,202502,2269821,0206010079,22.0,2143.68
SIA,RJ,202502,2269384,0211020036,131.0,674.65
SIA,RJ,202502,2269481,0211020036,198.0,1019.7
SIA,RJ,202502,6918417,0206010010,52.0,4511.52
SIA,RJ,202502,2269341,0206010079,115.0,11205.6
SIA,RJ,202502,2269554,0206010079,260.0,25334.4
SIA,RJ,202502,2291266,0206010052,7.0,607.25
SIA,RJ,202502,6023320,0211020036,102.0,525.3
SIA,RJ,202502,3348431,0206010036,1.0,86.76
SIA,RJ,202502,2269821,0206010010,1.0,86.76
SIA,RJ,202502,2269481,0206030029,2.0,173.5
SIA,RJ,202502,2269783,0206010010,23.0,1995.48
SIA,RJ,202502,2270269,0206010079,896.0,87306.24
SIA,RJ,202502,2280183,0206010079,1001.0,97537.44
SIA,RJ,202502,2291266,0206010079,313.0,30498.72
SIA,RJ,202502,2270609,0206010079,1602.0,156098.88
SIA,RJ,202502,2269880,0211020036,491.0,2528.65
SIA,RJ,202502,0932280,0211020036,504.0,2595.6
SIA,RJ,202502,2273462,0206010079,25.0,2436.0
SIA,RJ,202502,2280299,0211020036,231.0,1189.65
SIA,RJ,202502,2295407,0206010079,885.0,86234.4
SIA,RJ,202502,2291266,0211020036,579.0,2981.85
SIA,RJ,202502,2270277,0211020036,112.0,576.8
SIA,RJ,202502,2298732,0206010079,15.0,1461.6
SIA,RJ,202502,2270366,0211020036,86.0,442.9
SIA,RJ,202502,2270242,0211020036,207.0,1066.05
SIA,RJ,202502,2280167,0206030010,144.0,19962.72
SIA,RJ,202502,2270056,0211020036,2.0,10.3
SIA,RJ,202502,2295423,0206010079,48.0,4677.12
SIA,RJ,202502,2270315,0211020036,65.0,334.75
SIA,RJ,202502,2269384,0206010010,3.0,260.28
SIA,RJ,202502,2269546,0211020036,53.0,272.95
SIA,RJ,202502,9996095,0206010010,1.0,86.76
SIA,RJ,202502,0215015,0206010079,90.0,8769.6
SIA,RJ,202502,2708353,0206030010,8.0,1109.04
SIA,RJ,202502,2273454,0206010079,42.0,4092.48
SIA,RJ,202502,2270323,0211020036,85.0,437.75
SIA,RJ,202502,2269775,0206030010,39.0,5406.57
SIA,RJ,202502,2280191,0206010079,98.0,9549.12
SIA,RJ,202502,2273349,0211020036,144.0,741.6
SIA,RJ,202502,2708213,0206030029,1.0,86.75
SIA,RJ,202502,7856954,0211020036,59.0,303.85
SIA,RJ,202502,2269538,0211020036,25.0,128.75
SIA,RJ,202502,2270293,0211020036,21.0,108.15
SIA,RJ,202502,5457009,0211020036,20.0,103.0
SIA,RJ,202502,7894554,0211020036,41.0,211.15
SIA,RJ,202502,6864708,0211020036,1.0,5.15
SIA,RJ,202502,2296306,0206010044,503.0,43635.25
SIA,RJ,202502,6995446,0206010044,137.0,11884.75
SIA,RJ,202502,5717256,0206010044,27.0,2342.25
SIA,RJ,202502,2269988,0206020023,9.0,780.75
SIA,RJ,202502,2270609,0206010044,443.0,38430.25
SIA,RJ,202502,0215015,0206010044,26.0,2255.5
SIA,RJ,202502,9654151,0206010044,63.0,5465.25
SIA,RJ,202502,2298120,0206010044,131.0,11364.25
SIA,RJ,202502,7523246,0211020036,9.0,46.35
SIA,RJ,202502,2280183,0211020036,133.0,684.95
SIA,RJ,202502,2280183,0206010044,273.0,23682.75
SIA,RJ,202502,2270269,0206010044,233.0,20212.75
SIA,RJ,202502,7041624,0211020036,10.0,51.5
SIA,RJ,202502,2295407,0206010044,186.0,16135.5
SIA,RJ,202502,6524486,0211020036,28.0,144.2
SIA,RJ,202502,3388794,0206010079,6.0,584.64
SIA,RJ,202502,6661904,0206010044,50.0,4337.5
SIA,RJ,202502,2273454,0206010044,33.0,2862.75
SIA,RJ,202502,6918417,0206010060,29.0,2825.76
SIA,RJ,202502,2269554,0211020036,99.0,509.85
SIA,RJ,202502,7996675,0211020036,71.0,365.65
SIA,RJ,202502,2295210,0206030029,1.0,86.75
SIA,RJ,202502,3388794,0206010010,1.0,86.76
SIA,RJ,202502,2295407,0211020036,14.0,72.1
SIA,RJ,202502,7267975,0206010010,9.0,780.84
SIA,RJ,202502,2270285,0211020036,58.0,298.7
SIA,RJ,202502,2280167,0206020023,5.0,433.75
SIA,RJ,202502,2291266,0206010044,38.0,3296.5
SIA,RJ,202502,2280191,0206010044,21.0,1821.75
SIA,RJ,202502,6927289,0206010044,13.0,1127.75
SIA,RJ,202502,2280132,0208010033,11.0,4213.77
SIA,RJ,202502,2295415,0206010010,1.0,86.76
SIA,RJ,202502,2270609,0211020036,34.0,175.1
SIA,RJ,202502,6028233,0211020036,54.0,278.1
SIA,RJ,202502,2270307,0211020036,29.0,149.35
SIA,RJ,202502,2269384,0206010079,71.0,6918.24
SIA,RJ,202502,6389317,0206010010,2.0,173.52
SIA,RJ,202502,2269341,0211020036,10.0,51.5
SIA,RJ,202502,6389317,0206010044,6.0,520.5
SIA,RJ,202502,2269988,0211020060,8.0,240.0
SIA,RJ,202502,2269988,0206020015,1.0,86.75
SIA,RJ,202502,2269384,0206010044,7.0,607.25
SIA,RJ,202502,2295423,0206010044,7.0,607.25
SIA,RJ,202502,2273276,0206010044,13.0,1127.75
SIA,RJ,202502,2269562,0211020036,14.0,72.1
SIA,RJ,202502,2269554,0206030029,5.0,433.75
SIA,RJ,202502,3784975,0211020036,103.0,530.45
SIA,RJ,202502,9996095,0206010079,23.0,2241.12
SIA,RJ,202502,6514022,0211020036,69.0,355.35
SIA,RJ,202502,2291266,0206030029,1.0,86.75
SIA,RJ,202502,7036914,0211020036,22.0,113.3
SIA,RJ,202502,2269554,0206010044,67.0,5812.25
SIA,RJ,202502,2295210,0206010079,21.0,2046.24
SIA,RJ,202502,2269341,0206010044,18.0,1561.5
SIA,RJ,202502,7166494,0206010044,19.0,1648.25
SIA,RJ,202502,6932916,0211020036,86.0,442.9
SIA,RJ,202502,7584342,0206010044,14.0,1214.5
SIA,RJ,202502,7267975,0206030029,2.0,173.5
SIA,RJ,202502,2269880,0206010079,7.0,682.08
SIA,RJ,202502,3348431,0206010044,3.0,260.25
SIA,RJ,202502,2280167,0206010036,9.0,780.84
SIA,RJ,202502,2269511,0211020036,26.0,133.9
SIA,RJ,202502,3388794,0206010044,2.0,173.5
SIA,RJ,202502,5179726,0211020036,68.0,350.2
SIA,RJ,202502,2295415,0211020060,6.0,180.0
SIA,RJ,202502,2280132,0211020060,32.0,960.0
SIA,RJ,202502,2269821,0206010044,2.0,173.5
SIA,RJ,202502,5476607,0206010044,12.0,1041.0
SIA,RJ,202502,9107835,0211020036,31.0,159.65
SIA,RJ,202502,2269392,0211020060,3.0,90.0
SIA,RJ,202502,2708213,0206010044,8.0,694.0
SIA,RJ,202502,2269880,0206010044,8.0,694.0
SIA,RJ,202502,9442251,0211020036,35.0,180.25
SIA,RJ,202502,2273411,0206010010,2.0,173.52
SIA,RJ,202502,2280167,0206010010,13.0,1127.88
SIA,RJ,202502,2273357,0206010079,1.0,97.44
SIA,RJ,202502,5476844,0211020036,46.0,236.9
SIA,RJ,202502,5476607,0211020036,40.0,206.0
SIA,RJ,202502,3784959,0211020036,15.0,77.25
SIA,RJ,202502,9075143,0211020036,108.0,556.2
SIA,RJ,202502,2280132,0208010025,1.0,408.52
SIA,RJ,202502,9079939,0211020036,135.0,695.25
SIA,RJ,202502,9072659,0211020036,107.0,551.05
SIA,RJ,202502,2295415,0206010079,22.0,2143.68
SIA,RJ,202502,7107366,0211020036,238.0,1225.7
SIA,RJ,202502,5467136,0211020036,61.0,314.15
SIA,RJ,202502,7185081,0206010010,1.0,86.76
SIA,RJ,202502,7166494,0211020036,2.0,10.3
SIA,RJ,202502,2269678,0206010079,1.0,97.44
SIA,RJ,202502,6664040,0211020036,61.0,314.15
SIA,RJ,202502,2280167,0211020060,9.0,270.0
SIA,RJ,202502,9057706,0211020036,54.0,278.1
SIA,RJ,202502,6664164,0211020036,89.0,458.35
SIA,RJ,202502,2708426,0211020036,57.0,293.55
SIA,RJ,202502,2708353,0206010044,1.0,86.75
SIA,RJ,202502,6804209,0211020036,108.0,556.2
SIA,RJ,202502,2296535,0211020036,286.0,1472.9
SIA,RJ,202502,5456932,0211020036,30.0,154.5
SIA,RJ,202502,6568491,0211020036,125.0,643.75
SIA,RJ,202502,5621801,0211020036,15.0,77.25
SIA,RJ,202502,2270269,0211020036,3.0,15.45
SIA,RJ,202502,7985657,0211020036,11.0,56.65
SIA,RJ,202502,6995462,0206010044,2.0,173.5
SIA,RJ,202502,5546591,0211020036,1.0,5.15
SIA,RJ,202502,2269775,0206010010,1.0,86.76
SIA,RJ,202502,2280167,0206010060,2.0,194.88
SIA,RJ,202502,2273276,0206010079,2.0,194.88
SIA,RJ,202502,6995462,0206020031,1.0,136.41
SIA,RJ,202502,9792961,0206010044,2.0,173.5
SIA,RJ,202502,9996095,0206010044,1.0,86.75
SIA,RJ,202502,7065515,0211020010,326.0,237993.04
SIA,RJ,202502,2970627,0206010095,85.0,179113.7
SIA,RJ,202502,2295210,0206020031,3.0,409.23
SIA,RJ,202502,2269783,0206010060,2.0,194.88
SIA,RJ,202502,2280132,0206030037,1.0,138.63
SIA,RJ,202502,2269481,0206010060,1.0,97.44
SIA,RJ,202502,2269953,0211020036,72.0,370.8
SIA,RJ,202502,2280132,0206030010,3.0,415.89
SIA,RJ,202502,2288346,0211020036,17.0,87.55
SIA,RJ,202502,2291274,0211020036,2.0,10.3
SIA,RJ,202502,2277298,0211020036,31.0,159.65
SIA,RJ,202502,7166494,0206010052,4.0,347.0
SIA,RJ,202502,2269988,0211020010,36.0,26281.44
SIA,RJ,202502,2708353,0206010010,1.0,86.76
SIA,RJ,202502,2273586,0211020036,2.0,10.3
SIA,RJ,202502,2280132,0211020010,102.0,74464.08
SIA,RJ,202502,2269880,0211020010,29.0,21171.16
SIA,RJ,202502,2295210,0206010052,1.0,86.75
SIA,RJ,202502,2280779,0211020036,103.0,530.45
SIA,RJ,202502,9792961,0206010010,4.0,347.04
SIA,RJ,202502,2298732,0206010036,1.0,86.76
SIA,RJ,202502,2277328,0211020036,40.0,206.0
SIA,RJ,202502,2269554,0206010060,1.0,97.44
SIA,RJ,202502,2298732,0206010052,2.0,173.5
SIA,RJ,202502,2270250,0211020036,39.0,200.85
SIA,RJ,202502,2298732,0206010010,2.0,173.52
SIA,RJ,202502,2273411,0206010052,1.0,86.75
SIA,RJ,202502,3388794,0206010036,1.0,86.76
SIA,RJ,202502,9654151,0206010036,9.0,780.84
SIA,RJ,202502,9792961,0206010052,1.0,86.75
SIA,RJ,202502,6661904,0206010052,2.0,173.5
SIA,RJ,202502,9996095,0206010036,1.0,86.76
SIA,RJ,202502,9582029,0206030029,1.0,86.75
SIA,RJ,202502,2295210,0206010010,1.0,86.76
SIA,RJ,202502,2295415,0206020023,1.0,86.75
SIA,RJ,202502,2273616,0211020036,3.0,15.45
SIA,RJ,202502,2273411,0206030037,1.0,138.63
SIA,RJ,202502,2277301,0211020036,36.0,185.4
SIA,RJ,202502,0215015,0206030029,1.0,86.75
SIA,RJ,202502,2273276,0211020036,379.0,1951.85
SIA,RJ,202502,2270471,0211020036,95.0,489.25
SIA,RJ,202502,2269783,0211020060,81.0,2430.0
SIA,RJ,202502,2273640,0211020036,284.0,1462.6
SIA,RJ,202502,2295210,0211020036,409.0,2106.35
SIA,RJ,202502,2269775,0206020023,1.0,86.75
SIA,RJ,202502,2298732,0206010044,1.0,86.75
SIA,RJ,202502,4035089,0206020031,30.0,4092.3
SIA,RJ,202502,2704587,0206010010,8.0,694.08
SIA,RJ,202502,0379824,0206010010,10.0,867.6
SIA,RJ,202502,2288893,0206030037,138.0,19130.94
SIA,RJ,202502,4961331,0206020031,84.0,11458.44
SIA,RJ,202502,2285622,0206030037,9.0,1247.67
SIA,RJ,202502,2278731,0206030029,9.0,780.75
SIA,RJ,202502,0012521,0206010079,449.0,43750.56
SIA,RJ,202502,2287579,0206010079,687.0,66941.28
SIA,RJ,202502,2298031,0206010079,917.0,89352.48
SIA,RJ,202502,2298031,0206030010,738.0,102308.94
SIA,RJ,202502,2298031,0206010028,150.0,15165.0
SIA,RJ,202502,2288885,0211020060,48.0,1440.0
SIA,RJ,202502,6007317,0206010028,39.0,3942.9
SIA,RJ,202502,2298031,0206030029,102.0,8848.5
SIA,RJ,202502,4126106,0206030010,493.0,68344.59
SIA,RJ,202502,4206541,0211020036,1819.0,9367.85
SIA,RJ,202502,6042619,0211020036,311.0,1601.65
SIA,RJ,202502,6091997,0206010079,339.0,33032.16
SIA,RJ,202502,4126106,0206010079,414.0,40340.16
SIA,RJ,202502,2287374,0206010028,15.0,1516.5
SIA,RJ,202502,3395340,0206010028,133.0,13446.3
SIA,RJ,202502,0012521,0206030010,467.0,64740.21
SIA,RJ,202502,2273748,0206030037,131.0,18160.53
SIA,RJ,202502,3395340,0206020031,155.0,21143.55
SIA,RJ,202502,6007317,0206010010,39.0,3383.64
SIA,RJ,202502,2292084,0206020031,89.0,12140.49
SIA,RJ,202502,2708078,0211020036,191.0,983.65
SIA,RJ,202502,4126106,0206010028,123.0,12435.3
SIA,RJ,202502,6091997,0206030010,271.0,37568.73
SIA,RJ,202502,2268507,0206030010,18.0,2495.34
SIA,RJ,202502,2278855,0211020036,91.0,468.65
SIA,RJ,202502,7588577,0206010028,83.0,8391.3
SIA,RJ,202502,2267802,0206030010,140.0,19408.2
SIA,RJ,202502,2277999,0206010052,6.0,520.5
SIA,RJ,202502,0012505,0206030010,165.0,22873.95
SIA,RJ,202502,7588577,0208010076,153.0,32872.05
SIA,RJ,202502,2290227,0206010044,417.0,36174.75
SIA,RJ,202502,6272320,0211020036,125.0,643.75
SIA,RJ,202502,7588577,0206010044,86.0,7460.5
SIA,RJ,202502,2287250,0206010028,17.0,1718.7
SIA,RJ,202502,6222986,0208010033,23.0,8810.61
SIA,RJ,202502,3002187,0206010079,60.0,5846.4
SIA,RJ,202502,2287447,0206010079,83.0,8087.52
SIA,RJ,202502,0025186,0206030037,240.0,33271.2
SIA,RJ,202502,2275635,0206010010,61.0,5292.36
SIA,RJ,202502,3386953,0205010016,7.0,1155.0
SIA,RJ,202502,0379824,0206020023,5.0,433.75
SIA,RJ,202502,2286289,0206020031,105.0,14323.05
SIA,RJ,202502,2292084,0206010052,7.0,607.25
SIA,RJ,202502,9074457,0206010028,31.0,3134.1
SIA,RJ,202502,2290227,0206010010,280.0,24292.8
SIA,RJ,202502,2290227,0206010028,370.0,37407.0
SIA,RJ,202502,2287285,0206020031,149.0,20325.09
SIA,RJ,202502,0105317,0206020031,71.0,9685.11
SIA,RJ,202502,3477371,0206020031,28.0,3819.48
SIA,RJ,202502,2288885,0206010010,18.0,1561.68
SIA,RJ,202502,2286289,0206030037,172.0,23844.36
SIA,RJ,202502,6069134,0206030010,110.0,15249.3
SIA,RJ,202502,2696940,0206030037,346.0,47965.98
SIA,RJ,202502,2287579,0206020031,436.0,59474.76
SIA,RJ,202502,2275589,0206020031,237.0,32329.17
SIA,RJ,202502,2287374,0206020031,91.0,12413.31
SIA,RJ,202502,3002187,0206020031,79.0,10776.39
SIA,RJ,202502,2267454,0206010028,27.0,2729.7
SIA,RJ,202502,2272652,0206030010,710.0,98427.3
SIA,RJ,202502,4122542,0206030010,3.0,415.89
SIA,RJ,202502,2288885,0206030037,102.0,14140.26
SIA,RJ,202502,0025186,0206020031,232.0,31647.12
SIA,RJ,202502,2286289,0206030010,173.0,23982.99
SIA,RJ,202502,3395340,0206010044,27.0,2342.25
SIA,RJ,202502,7354746,0206020031,282.0,38467.62
SIA,RJ,202502,0012521,0206010028,143.0,14457.3
SIA,RJ,202502,2275562,0206010010,13.0,1127.88
SIA,RJ,202502,2275562,0206020031,169.0,23053.29
SIA,RJ,202502,2275589,0206010044,69.0,5985.75
SIA,RJ,202502,2268922,0206010010,30.0,2602.8
SIA,RJ,202502,2697041,0206010028,21.0,2123.1
SIA,RJ,202502,2287447,0206020031,200.0,27282.0
SIA,RJ,202502,0025143,0206030037,518.0,71810.34
SIA,RJ,202502,4126106,0206030029,70.0,6072.5
SIA,RJ,202502,2704587,0206010044,6.0,520.5
SIA,RJ,202502,5833841,0206020031,53.0,7229.73
SIA,RJ,202502,0379824,0206010044,15.0,1301.25
SIA,RJ,202502,2277999,0206030037,190.0,26339.7
SIA,RJ,202502,5833841,0206010028,72.0,7279.2
SIA,RJ,202502,2798662,0206010044,274.0,23769.5
SIA,RJ,202502,2288885,0206010028,40.0,4044.0
SIA,RJ,202502,2287285,0206030037,114.0,15803.82
SIA,RJ,202502,0906603,0206010028,28.0,2830.8
SIA,RJ,202502,2267802,0206020031,109.0,14868.69
SIA,RJ,202502,0025135,0206020031,40.0,5456.4
SIA,RJ,202502,0105317,0211020036,544.0,2801.6
SIA,RJ,202502,2287447,0206010028,70.0,7077.0
SIA,RJ,202502,2292912,0206010079,120.0,11692.8
SIA,RJ,202502,2798662,0206010010,235.0,20388.6
SIA,RJ,202502,0025135,0206030037,111.0,15387.93
SIA,RJ,202502,2696746,0206010052,8.0,694.0
SIA,RJ,202502,2272652,0206030037,710.0,98427.3
SIA,RJ,202502,2267454,0206030010,65.0,9010.95
SIA,RJ,202502,3111156,0206020031,197.0,26872.77
SIA,RJ,202502,2267802,0206010079,129.0,12569.76
SIA,RJ,202502,2292084,0206030029,6.0,520.5
SIA,RJ,202502,0906603,0206030037,334.0,46302.42
SIA,RJ,202502,0012513,0206030010,288.0,39925.44
SIA,RJ,202502,9074457,0206030010,67.0,9288.21
SIA,RJ,202502,2266733,0206010028,43.0,4347.3
SIA,RJ,202502,2267802,0206010028,28.0,2830.8
SIA,RJ,202502,2298031,0206010044,273.0,23682.75
SIA,RJ,202502,2298031,0206020031,516.0,70387.56
SIA,RJ,202502,2298031,0206020023,126.0,10930.5
SIA,RJ,202502,6091997,0206010044,21.0,1821.75
SIA,RJ,202502,7588577,0208010025,153.0,62503.56
SIA,RJ,202502,4126106,0206020031,450.0,61384.5
SIA,RJ,202502,4206541,0211020060,123.0,3690.0
SIA,RJ,202502,2287285,0206030010,127.0,17606.01
SIA,RJ,202502,2287285,0211020036,142.0,731.3
SIA,RJ,202502,2287250,0211020036,150.0,772.5
SIA,RJ,202502,2287382,0211020036,1018.0,5242.7
SIA,RJ,202502,6470661,0206010028,59.0,5964.9
SIA,RJ,202502,2268922,0206010028,19.0,1920.9
SIA,RJ,202502,3386937,0206030037,14.0,1940.82
SIA,RJ,202502,6007317,0206020031,692.0,94395.72
SIA,RJ,202502,2287382,0206020031,31.0,4228.71
SIA,RJ,202502,2288893,0206010028,37.0,3740.7
SIA,RJ,202502,2286289,0206010052,5.0,433.75
SIA,RJ,202502,2292386,0206020031,108.0,14732.28
SIA,RJ,202502,0012521,0206010044,156.0,13533.0
SIA,RJ,202502,0012521,0206020031,296.0,40377.36
SIA,RJ,202502,6091997,0206020031,128.0,17460.48
SIA,RJ,202502,2275635,0206020031,61.0,8321.01
SIA,RJ,202502,4961331,0206030037,104.0,14417.52
SIA,RJ,202502,2288893,0206010079,318.0,30985.92
SIA,RJ,202502,2287382,0206010079,35.0,3410.4
SIA,RJ,202502,6050484,0206010028,26.0,2628.6
SIA,RJ,202502,6050484,0206020031,62.0,8457.42
SIA,RJ,202502,6050484,0206010079,121.0,11790.24
SIA,RJ,202502,2290227,0206020031,943.0,128634.63
SIA,RJ,202502,2287374,0206010079,96.0,9354.24
SIA,RJ,202502,9895124,0206010036,44.0,3817.44
SIA,RJ,202502,2292386,0206030010,92.0,12753.96
SIA,RJ,202502,3002187,0206030010,233.0,32300.79
SIA,RJ,202502,2298317,0211020036,686.0,3532.9
SIA,RJ,202502,2287579,0206030010,198.0,27448.74
SIA,RJ,202502,9710078,0206030037,391.0,54204.33
SIA,RJ,202502,2288885,0206010079,165.0,16077.6
SIA,RJ,202502,2287285,0206010079,31.0,3020.64
SIA,RJ,202502,2273748,0211020036,281.0,1447.15
SIA,RJ,202502,2697041,0206020031,154.0,21007.14
SIA,RJ,202502,0025143,0206020031,216.0,29464.56
SIA,RJ,202502,4961331,0206010028,13.0,1314.3
SIA,RJ,202502,6420737,0206020031,49.0,6684.09
SIA,RJ,202502,2697041,0206030010,152.0,21071.76
SIA,RJ,202502,2292912,0206030010,87.0,12060.81
SIA,RJ,202502,2704587,0206020031,25.0,3410.25
SIA,RJ,202502,9074457,0206010079,78.0,7600.32
SIA,RJ,202502,9747028,0206030037,275.0,38123.25
SIA,RJ,202502,2266733,0206010079,336.0,32739.84
SIA,RJ,202502,7588577,0206020031,311.0,42423.51
SIA,RJ,202502,0012505,0206020031,176.0,24008.16
SIA,RJ,202502,2696746,0206020031,122.0,16642.02
SIA,RJ,202502,2278731,0206010044,12.0,1041.0
SIA,RJ,202502,9895124,0206010079,251.0,24457.44
SIA,RJ,202502,5833841,0206010079,49.0,4774.56
SIA,RJ,202502,9348573,0211020036,115.0,592.25
SIA,RJ,202502,7588577,0211020060,153.0,4590.0
SIA,RJ,202502,6091679,0206030010,22.0,3049.86
SIA,RJ,202502,2281384,0206020031,41.0,5592.81
SIA,RJ,202502,0025135,0206010010,13.0,1127.88
SIA,RJ,202502,0025127,0208010033,73.0,27964.11
SIA,RJ,202502,2280051,0206010044,7.0,607.25
SIA,RJ,202502,6091679,0206010044,17.0,1474.75
SIA,RJ,202502,4122542,0206010028,23.0,2325.3
SIA,RJ,202502,5412447,0206020031,105.0,14323.05
SIA,RJ,202502,4961331,0206010044,10.0,867.5
SIA,RJ,202502,0906603,0206030029,39.0,3383.25
SIA,RJ,202502,2275589,0206010028,45.0,4549.5
SIA,RJ,202502,2286289,0206010079,151.0,14713.44
SIA,RJ,202502,6660649,0206030037,64.0,8872.32
SIA,RJ,202502,2704587,0206030010,36.0,4990.68
SIA,RJ,202502,6470661,0206020031,56.0,7638.96
SIA,RJ,202502,6420737,0206010010,5.0,433.8
SIA,RJ,202502,6420737,0206010028,12.0,1213.2
SIA,RJ,202502,0105317,0206030010,88.0,12199.44
SIA,RJ,202502,9834540,0206020031,45.0,6138.45
SIA,RJ,202502,2273748,0206030029,9.0,780.75
SIA,RJ,202502,4089189,0206030037,68.0,9426.84
SIA,RJ,202502,4089189,0206010044,19.0,1648.25
SIA,RJ,202502,9834540,0206010036,8.0,694.08
SIA,RJ,202502,6007317,0206010044,79.0,6853.25
SIA,RJ,202502,3145786,0206010052,9.0,780.75
SIA,RJ,202502,9895124,0206020031,156.0,21279.96
SIA,RJ,202502,2798662,0206030029,48.0,4164.0
SIA,RJ,202502,2266733,0206010036,17.0,1474.92
SIA,RJ,202502,4089189,0206010010,25.0,2169.0
SIA,RJ,202502,2704587,0206010052,5.0,433.75
SIA,RJ,202502,2798662,0206010052,36.0,3123.0
SIA,RJ,202502,2266733,0206020031,190.0,25917.9
SIA,RJ,202502,6470661,0206030010,90.0,12476.7
SIA,RJ,202502,9074457,0206010044,17.0,1474.75
SIA,RJ,202502,0012505,0206020015,1.0,86.75
SIA,RJ,202502,9710078,0206010079,215.0,20949.6
SIA,RJ,202502,2287447,0211020036,377.0,1941.55
SIA,RJ,202502,2287447,0206030010,177.0,24537.51
SIA,RJ,202502,2297795,0206030037,87.0,12060.81
SIA,RJ,202502,2272652,0206010010,84.0,7287.84
SIA,RJ,202502,2287382,0206020023,3.0,260.25
SIA,RJ,202502,2287447,0206010036,9.0,780.84
SIA,RJ,202502,2297795,0206010079,85.0,8282.4
SIA,RJ,202502,2287579,0206010036,4.0,347.04
SIA,RJ,202502,5412447,0206010028,25.0,2527.5
SIA,RJ,202502,0906603,0206010044,51.0,4424.25
SIA,RJ,202502,2288893,0206010010,41.0,3557.16
SIA,RJ,202502,2289784,0211020036,5.0,25.75
SIA,RJ,202502,2298651,0206030037,32.0,4436.16
SIA,RJ,202502,2296241,0206030010,60.0,8317.8
SIA,RJ,202502,3386937,0206010079,17.0,1656.48
SIA,RJ,202502,2275635,0206010028,51.0,5156.1
SIA,RJ,202502,2280868,0206020031,59.0,8048.19
SIA,RJ,202502,2272652,0206010028,92.0,9301.2
SIA,RJ,202502,6050484,0206010010,11.0,954.36
SIA,RJ,202502,3395340,0206030029,13.0,1127.75
SIA,RJ,202502,5412447,0206030010,198.0,27448.74
SIA,RJ,202502,2296241,0206020031,55.0,7502.55
SIA,RJ,202502,6470661,0206010079,53.0,5164.32
SIA,RJ,202502,2696924,0211020036,185.0,952.75
SIA,RJ,202502,6069134,0206010044,28.0,2429.0
SIA,RJ,202502,2280051,0206030010,64.0,8872.32
SIA,RJ,202502,2296241,0206030037,50.0,6931.5
SIA,RJ,202502,2268922,0206020031,116.0,15823.56
SIA,RJ,202502,0906603,0206010010,41.0,3557.16
SIA,RJ,202502,6007317,0205010016,16.0,2640.0
SIA,RJ,202502,5412447,0206020023,1.0,86.75
SIA,RJ,202502,0025143,0206010028,24.0,2426.4
SIA,RJ,202502,2275562,0206010028,13.0,1314.3
SIA,RJ,202502,0012505,0206030037,163.0,22596.69
SIA,RJ,202502,4961331,0206010036,5.0,433.8
SIA,RJ,202502,2696746,0206010010,8.0,694.08
SIA,RJ,202502,3477371,0206010052,9.0,780.75
SIA,RJ,202502,9895124,0206010028,105.0,10615.5
SIA,RJ,202502,2267802,0206010010,19.0,1648.44
SIA,RJ,202502,3386937,0206030010,12.0,1663.56
SIA,RJ,202502,2274310,0206030010,32.0,4436.16
SIA,RJ,202502,4122542,0206010044,2.0,173.5
SIA,RJ,202502,2278731,0206030037,111.0,15387.93
SIA,RJ,202502,2277999,0206010028,32.0,3235.2
SIA,RJ,202502,0906603,0206020015,35.0,3036.25
SIA,RJ,202502,2697041,0206030029,15.0,1301.25
SIA,RJ,202502,4035089,0206010028,48.0,4852.8
SIA,RJ,202502,7354746,0206010044,41.0,3556.75
SIA,RJ,202502,6284957,0206020031,20.0,2728.2
SIA,RJ,202502,9074457,0206020031,57.0,7775.37
SIA,RJ,202502,2284634,0206010028,1.0,101.1
SIA,RJ,202502,4126106,0206010044,39.0,3383.25
SIA,RJ,202502,6069134,0206010010,19.0,1648.44
SIA,RJ,202502,6470661,0206010036,12.0,1041.12
SIA,RJ,202502,6635172,0211020036,89.0,458.35
SIA,RJ,202502,0012513,0206020031,96.0,13095.36
SIA,RJ,202502,2275635,0206010044,18.0,1561.5
SIA,RJ,202502,4126106,0206020023,49.0,4250.75
SIA,RJ,202502,0012521,0206020023,29.0,2515.75
SIA,RJ,202502,0113891,0206020031,45.0,6138.45
SIA,RJ,202502,2292084,0206010060,1.0,97.44
SIA,RJ,202502,2283239,0211020036,142.0,731.3
SIA,RJ,202502,2292084,0206010044,15.0,1301.25
SIA,RJ,202502,6660649,0206030010,64.0,8872.32
SIA,RJ,202502,6660649,0206020031,37.0,5047.17
SIA,RJ,202502,2298651,0206030010,29.0,4020.27
SIA,RJ,202502,7588577,0206010010,40.0,3470.4
SIA,RJ,202502,2274310,0206010079,15.0,1461.6
SIA,RJ,202502,9834540,0206010079,44.0,4287.36
SIA,RJ,202502,2798662,0206020023,50.0,4337.5
SIA,RJ,202502,2267713,0206010079,22.0,2143.68
SIA,RJ,202502,0456039,0211020060,31.0,2790.0
SIA,RJ,202502,2267802,0206020023,8.0,694.0
SIA,RJ,202502,9710078,0206030029,8.0,694.0
SIA,RJ,202502,3395340,0206010010,65.0,5639.4
SIA,RJ,202502,0012521,0206030029,34.0,2949.5
SIA,RJ,202502,9834540,0206010028,59.0,5964.9
SIA,RJ,202502,2798662,0206010036,83.0,7201.08
SIA,RJ,202502,9761675,0208010033,48.0,18387.36
SIA,RJ,202502,2287250,0206010079,13.0,1266.72
SIA,RJ,202502,0906603,0206010052,8.0,694.0
SIA,RJ,202502,7354746,0206030029,7.0,607.25
SIA,RJ,202502,0379824,0206010052,4.0,347.0
SIA,RJ,202502,2267713,0206010028,9.0,909.9
SIA,RJ,202502,2273748,0206010028,18.0,1819.8
SIA,RJ,202502,2288885,0206030029,8.0,694.0
SIA,RJ,202502,0025135,0206010028,14.0,1415.4
SIA,RJ,202502,2281481,0206010079,3.0,292.32
SIA,RJ,202502,4089189,0206020023,1.0,86.75
SIA,RJ,202502,0379824,0206010028,29.0,2931.9
SIA,RJ,202502,9864628,0211020060,62.0,1860.0
SIA,RJ,202502,3688240,0206020015,2.0,173.5
SIA,RJ,202502,2287099,0211020036,1.0,5.15
SIA,RJ,202502,2697041,0206020015,3.0,260.25
SIA,RJ,202502,2278731,0206020015,6.0,520.5
SIA,RJ,202502,2296241,0211020036,142.0,731.3
SIA,RJ,202502,9074457,0206020023,2.0,173.5
SIA,RJ,202502,2696746,0206010044,57.0,4944.75
SIA,RJ,202502,6069134,0206010036,2.0,173.52
SIA,RJ,202502,2298651,0206010052,2.0,173.5
SIA,RJ,202502,2267454,0206010079,50.0,4872.0
SIA,RJ,202502,2267187,0206010079,21.0,2046.24
SIA,RJ,202502,2284634,0206030037,10.0,1386.3
SIA,RJ,202502,2288176,0211020036,212.0,1091.8
SIA,RJ,202502,2297795,0206030029,4.0,347.0
SIA,RJ,202502,9710078,0206020015,7.0,607.25
SIA,RJ,202502,0025143,0206010010,24.0,2082.24
SIA,RJ,202502,2268019,0206030037,13.0,1802.19
SIA,RJ,202502,2294923,0206020023,6.0,520.5
SIA,RJ,202502,2267713,0206020031,13.0,1773.33
SIA,RJ,202502,2272652,0206020023,21.0,1821.75
SIA,RJ,202502,2273748,0206010036,4.0,347.04
SIA,RJ,202502,4089189,0206030029,2.0,173.5
SIA,RJ,202502,2277042,0211020036,10.0,51.5
SIA,RJ,202502,2277123,0211020036,19.0,97.85
SIA,RJ,202502,2277115,0211020036,15.0,77.25
SIA,RJ,202502,4089189,0206020015,4.0,347.0
SIA,RJ,202502,2298058,0211020036,112.0,576.8
SIA,RJ,202502,2287250,0206030010,16.0,2218.08
SIA,RJ,202502,9895124,0206010052,30.0,2602.5
SIA,RJ,202502,2288893,0206020015,5.0,433.75
SIA,RJ,202502,2287579,0206010028,8.0,808.8
SIA,RJ,202502,2287285,0206010036,1.0,86.76
SIA,RJ,202502,2275589,0206010010,43.0,3730.68
SIA,RJ,202502,2268019,0206020031,10.0,1364.1
SIA,RJ,202502,0012505,0208010033,82.0,31411.74
SIA,RJ,202502,2287919,0206030037,16.0,2218.08
SIA,RJ,202502,2696746,0206010028,17.0,1718.7
SIA,RJ,202502,0012513,0206010044,9.0,780.75
SIA,RJ,202502,2298651,0206030029,5.0,433.75
SIA,RJ,202502,6091997,0206010028,45.0,4549.5
SIA,RJ,202502,6091997,0206030029,9.0,780.75
SIA,RJ,202502,0012904,0211020036,24.0,123.6
SIA,RJ,202502,2292084,0206010010,4.0,347.04
SIA,RJ,202502,0012505,0206010052,12.0,1041.0
SIA,RJ,202502,7354746,0206020023,34.0,2949.5
SIA,RJ,202502,2276399,0211020036,22.0,113.3
SIA,RJ,202502,2294923,0206030010,120.0,16635.6
SIA,RJ,202502,0012513,0206020023,1.0,86.75
SIA,RJ,202502,6120423,0206030010,13.0,1802.19
SIA,RJ,202502,2278855,0206010010,22.0,1908.72
SIA,RJ,202502,2292084,0206010028,3.0,303.3
SIA,RJ,202502,6091997,0206020023,8.0,694.0
SIA,RJ,202502,7354746,0206010052,8.0,694.0
SIA,RJ,202502,6908160,0211020036,1.0,5.15
SIA,RJ,202502,2272040,0211020036,353.0,1817.95
SIA,RJ,202502,2285150,0211020036,30.0,154.5
SIA,RJ,202502,3477371,0206010044,9.0,780.75
SIA,RJ,202502,2266733,0206010052,20.0,1735.0
SIA,RJ,202502,3145786,0206010036,1.0,86.76
SIA,RJ,202502,4785126,0211020036,52.0,267.8
SIA,RJ,202502,2267187,0206010052,1.0,86.75
SIA,RJ,202502,0379824,0206020031,22.0,3001.02
SIA,RJ,202502,6731767,0211020036,8.0,41.2
SIA,RJ,202502,2292386,0206010028,2.0,202.2
SIA,RJ,202502,2287285,0206010052,21.0,1821.75
SIA,RJ,202502,0105317,0206020015,1.0,86.75
SIA,RJ,202502,2273748,0206010010,18.0,1561.68
SIA,RJ,202502,6859739,0208010033,25.0,9576.75
SIA,RJ,202502,2278731,0206020023,2.0,173.5
SIA,RJ,202502,5360250,0211020036,7.0,36.05
SIA,RJ,202502,2287579,0206030029,8.0,694.0
SIA,RJ,202502,9747028,0206010036,20.0,1735.2
SIA,RJ,202502,4122542,0206030037,10.0,1386.3
SIA,RJ,202502,0012513,0206030029,3.0,260.25
SIA,RJ,202502,2704587,0206020023,2.0,173.5
SIA,RJ,202502,0105317,0206030029,1.0,86.75
SIA,RJ,202502,2287250,0206020031,13.0,1773.33
SIA,RJ,202502,2286289,0206010010,8.0,694.08
SIA,RJ,202502,2288885,0206010036,9.0,780.84
SIA,RJ,202502,2704587,0206010028,5.0,505.5
SIA,RJ,202502,0012505,0208010025,86.0,35132.72
SIA,RJ,202502,2275589,0206010060,2.0,194.88
SIA,RJ,202502,0025186,0206010028,5.0,505.5
SIA,RJ,202502,2267454,0206020023,1.0,86.75
SIA,RJ,202502,2267454,0206010010,8.0,694.08
SIA,RJ,202502,3386937,0206010044,2.0,173.5
SIA,RJ,202502,4089189,0206010028,39.0,3942.9
SIA,RJ,202502,2298317,0206030010,3.0,415.89
SIA,RJ,202502,2697041,0206010052,12.0,1041.0
SIA,RJ,202502,6542891,0211020036,563.0,2899.45
SIA,RJ,202502,2284634,0206030010,9.0,1247.67
SIA,RJ,202502,5412447,0206030029,1.0,86.75
SIA,RJ,202502,0025135,0206010036,6.0,520.56
SIA,RJ,202502,2267187,0206030037,15.0,2079.45
SIA,RJ,202502,2284634,0206020031,8.0,1091.28
SIA,RJ,202502,2277999,0206010036,9.0,780.84
SIA,RJ,202502,2297795,0206020015,2.0,173.5
SIA,RJ,202502,2287382,0206030010,2.0,277.26
SIA,RJ,202502,2277174,0211020036,76.0,391.4
SIA,RJ,202502,2295997,0211020036,6.0,30.9
SIA,RJ,202502,2275562,0206010044,21.0,1821.75
SIA,RJ,202502,3429792,0211020036,58.0,298.7
SIA,RJ,202502,2287250,0206010036,2.0,173.52
SIA,RJ,202502,6660649,0206030029,5.0,433.75
SIA,RJ,202502,0105317,0206010052,5.0,433.75
SIA,RJ,202502,2284634,0206010079,21.0,2046.24
SIA,RJ,202502,2281384,0206010044,4.0,347.0
SIA,RJ,202502,2281384,0206020023,1.0,86.75
SIA,RJ,202502,2292912,0206010028,16.0,1617.6
SIA,RJ,202502,2292084,0206020015,4.0,347.0
SIA,RJ,202502,3386937,0206010010,6.0,520.56
SIA,RJ,202502,2283409,0211020036,15.0,77.25
SIA,RJ,202502,3395340,0206010052,13.0,1127.75
SIA,RJ,202502,2298651,0206010060,1.0,97.44
SIA,RJ,202502,3145786,0206010010,3.0,260.28
SIA,RJ,202502,2287374,0206010036,1.0,86.76
SIA,RJ,202502,2287080,0211020036,4.0,20.6
SIA,RJ,202502,2277999,0206030029,1.0,86.75
SIA,RJ,202502,0012513,0206010052,10.0,867.5
SIA,RJ,202502,2287285,0206030029,3.0,260.25
SIA,RJ,202502,2280868,0206030029,9.0,780.75
SIA,RJ,202502,6854850,0211020036,17.0,87.55
SIA,RJ,202502,3688240,0206010010,2.0,173.52
SIA,RJ,202502,2278731,0206030010,1.0,138.63
SIA,RJ,202502,0012505,0206020023,4.0,347.0
SIA,RJ,202502,4076486,0211020060,119.0,3570.0
SIA,RJ,202502,4035089,0206020023,1.0,86.75
SIA,RJ,202502,2292386,0206020023,2.0,173.5
SIA,RJ,202502,2268280,0211020036,1.0,5.15
SIA,RJ,202502,5833841,0206010036,16.0,1388.16
SIA,RJ,202502,2287250,0206030029,5.0,433.75
SIA,RJ,202502,2288885,0206020015,1.0,86.75
SIA,RJ,202502,0012505,0206010044,6.0,520.5
SIA,RJ,202502,2283328,0211020036,93.0,478.95
SIA,RJ,202502,0012599,0211020036,2.0,10.3
SIA,RJ,202502,6050484,0206010052,3.0,260.25
SIA,RJ,202502,2289792,0211020036,10.0,51.5
SIA,RJ,202502,6225152,0206010028,2.0,202.2
SIA,RJ,202502,2268329,0211020036,18.0,92.7
SIA,RJ,202502,2294613,0211020036,147.0,757.05
SIA,RJ,202502,0025143,0206010036,5.0,433.8
SIA,RJ,202502,2280868,0206010044,12.0,1041.0
SIA,RJ,202502,2287374,0206020023,1.0,86.75
SIA,RJ,202502,0113891,0206010028,1.0,101.1
SIA,RJ,202502,2292386,0206010079,7.0,682.08
SIA,RJ,202502,9540563,0211020036,19.0,97.85
SIA,RJ,202502,2696746,0206020015,3.0,260.25
SIA,RJ,202502,2697041,0206020023,4.0,347.0
SIA,RJ,202502,2296055,0211020036,12.0,61.8
SIA,RJ,202502,2281481,0206010028,1.0,101.1
SIA,RJ,202502,6120423,0206010028,2.0,202.2
SIA,RJ,202502,2278855,0206020015,5.0,433.75
SIA,RJ,202502,2288885,0205010016,2.0,330.0
SIA,RJ,202502,7314612,0211020036,16.0,82.4
SIA,RJ,202502,3145786,0208010025,3.0,1225.56
SIA,RJ,202502,2282801,0206020031,1.0,136.41
SIA,RJ,202502,3395340,0206010060,2.0,194.88
SIA,RJ,202502,0025135,0211020036,462.0,2379.3
SIA,RJ,202502,6882439,0211020036,115.0,592.25
SIA,RJ,202502,3111156,0206010052,11.0,954.25
SIA,RJ,202502,0025143,0211020036,490.0,2523.5
SIA,RJ,202502,0379824,0206030010,12.0,1663.56
SIA,RJ,202502,5412447,0206020015,1.0,86.75
SIA,RJ,202502,6966179,0211020036,441.0,2271.15
SIA,RJ,202502,2280868,0206010052,5.0,433.75
SIA,RJ,202502,2267187,0206030029,1.0,86.75
SIA,RJ,202502,2280051,0211020036,892.0,4593.8
SIA,RJ,202502,2288893,0206030029,5.0,433.75
SIA,RJ,202502,2696746,0206030029,2.0,173.5
SIA,RJ,202502,3002187,0211020036,301.0,1550.15
SIA,RJ,202502,3395340,0206020015,1.0,86.75
SIA,RJ,202502,5412447,0206010052,6.0,520.5
SIA,RJ,202502,2267101,0211020036,66.0,339.9
SIA,RJ,202502,2286920,0211020036,109.0,561.35
SIA,RJ,202502,2267187,0211020036,147.0,757.05
SIA,RJ,202502,2277212,0211020036,108.0,556.2
SIA,RJ,202502,2291320,0206010044,1.0,86.75
SIA,RJ,202502,0906603,0206010036,16.0,1388.16
SIA,RJ,202502,0906603,0206030010,320.0,44361.6
SIA,RJ,202502,2290227,0206030037,1130.0,156651.9
SIA,RJ,202502,2290227,0206010079,2156.0,210080.64
SIA,RJ,202502,3395340,0208010033,42.0,16088.94
SIA,RJ,202502,2696746,0206010036,4.0,347.04
SIA,RJ,202502,2277999,0206010079,207.0,20170.08
SIA,RJ,202502,7354746,0206010010,63.0,5465.88
SIA,RJ,202502,3111156,0206010079,233.0,22703.52
SIA,RJ,202502,2296241,0206030029,1.0,86.75
SIA,RJ,202502,2278855,0206030010,271.0,37568.73
SIA,RJ,202502,2798662,0206020031,820.0,111856.2
SIA,RJ,202502,7354746,0206030037,658.0,91218.54
SIA,RJ,202502,9895124,0206030010,253.0,35073.39
SIA,RJ,202502,6794602,0211020060,94.0,2820.0
SIA,RJ,202502,7136552,0211020036,312.0,1606.8
SIA,RJ,202502,2298651,0206010036,2.0,173.52
SIA,RJ,202502,6629989,0211020036,388.0,1998.2
SIA,RJ,202502,4126106,0206010052,113.0,9802.75
SIA,RJ,202502,9074457,0206030029,2.0,173.5
SIA,RJ,202502,2267802,0206010044,24.0,2082.0
SIA,RJ,202502,2266733,0206030010,482.0,66819.66
SIA,RJ,202502,6007317,0206010079,841.0,81947.04
SIA,RJ,202502,6007317,0206030037,1073.0,148749.99
SIA,RJ,202502,7588577,0206010079,409.0,39852.96
SIA,RJ,202502,7588577,0206030037,571.0,79157.73
SIA,RJ,202502,2279258,0211020036,246.0,1266.9
SIA,RJ,202502,2292386,0206010036,4.0,347.04
SIA,RJ,202502,4089189,0206010079,91.0,8867.04
SIA,RJ,202502,2798662,0206030037,1159.0,160672.17
SIA,RJ,202502,2294923,0206010079,165.0,16077.6
SIA,RJ,202502,2298031,0211020036,486.0,2502.9
SIA,RJ,202502,2273748,0206020031,126.0,17187.66
SIA,RJ,202502,2798662,0206010060,1.0,97.44
SIA,RJ,202502,0012521,0206030037,488.0,67651.44
SIA,RJ,202502,2298031,0206030037,783.0,108547.29
SIA,RJ,202502,7065507,0211020036,458.0,2358.7
SIA,RJ,202502,2288885,0211020036,702.0,3615.3
SIA,RJ,202502,0906603,0206010079,234.0,22800.96
SIA,RJ,202502,0906603,0206020031,168.0,22916.88
SIA,RJ,202502,2290227,0206010036,184.0,15963.84
SIA,RJ,202502,0025143,0206030010,453.0,62799.39
SIA,RJ,202502,2275589,0206010079,370.0,36052.8
SIA,RJ,202502,2266733,0206010044,78.0,6766.5
SIA,RJ,202502,2275562,0206010079,155.0,15103.2
SIA,RJ,202502,2696746,0206010079,587.0,57197.28
SIA,RJ,202502,9747028,0206030010,260.0,36043.8
SIA,RJ,202502,2272652,0206010044,95.0,8241.25
SIA,RJ,202502,2272652,0206020015,29.0,2515.75
SIA,RJ,202502,2798662,0206010028,214.0,21635.4
SIA,RJ,202502,2798662,0206030010,1181.0,163722.03
SIA,RJ,202502,7529384,0211020036,1.0,5.15
SIA,RJ,202502,2295695,0211020036,148.0,762.2
SIA,RJ,202502,3111156,0206030029,53.0,4597.75
SIA,RJ,202502,4961331,0206030010,103.0,14278.89
SIA,RJ,202502,2278855,0206010052,30.0,2602.5
SIA,RJ,202502,2268922,0206010079,309.0,30108.96
SIA,RJ,202502,2268922,0206030010,257.0,35627.91
SIA,RJ,202502,2298031,0206010036,42.0,3643.92
SIA,RJ,202502,4089189,0206010036,15.0,1301.4
SIA,RJ,202502,2277999,0206030010,183.0,25369.29
SIA,RJ,202502,2275562,0206030037,288.0,39925.44
SIA,RJ,202502,2275589,0206030037,421.0,58363.23
SIA,RJ,202502,6284957,0206030010,30.0,4158.9
SIA,RJ,202502,9074457,0211020036,36.0,185.4
SIA,RJ,202502,2704587,0206030037,54.0,7486.02
SIA,RJ,202502,3111156,0206010044,81.0,7026.75
SIA,RJ,202502,2697041,0206030037,160.0,22180.8
SIA,RJ,202502,2696940,0206010044,72.0,6246.0
SIA,RJ,202502,2281384,0206030037,102.0,14140.26
SIA,RJ,202502,9074457,0206010036,7.0,607.32
SIA,RJ,202502,2287447,0211020060,20.0,600.0
SIA,RJ,202502,4670485,0211020036,1.0,5.15
SIA,RJ,202502,2297795,0206010036,16.0,1388.16
SIA,RJ,202502,2296675,0211020036,2.0,10.3
SIA,RJ,202502,2696614,0211020036,1.0,5.15
SIA,RJ,202502,2704587,0206030029,1.0,86.75
SIA,RJ,202502,9710078,0206010052,5.0,433.75
SIA,RJ,202502,4089189,0206030010,59.0,8179.17
SIA,RJ,202502,2274310,0206030037,32.0,4436.16
SIA,RJ,202502,2275635,0206030037,60.0,8317.8
SIA,RJ,202502,0012521,0211020036,416.0,2142.4
SIA,RJ,202502,9834540,0206030010,14.0,1940.82
SIA,RJ,202502,2297213,0211020036,110.0,566.5
SIA,RJ,202502,5833841,0206030010,66.0,9149.58
SIA,RJ,202502,7588577,0208010033,168.0,64355.76
SIA,RJ,202502,7065485,0211020036,362.0,1864.3
SIA,RJ,202502,3111156,0206020015,68.0,5899.0
SIA,RJ,202502,6284957,0206010036,9.0,780.84
SIA,RJ,202502,2291320,0206030037,42.0,5822.46
SIA,RJ,202502,6069134,0206020031,155.0,21143.55
SIA,RJ,202502,2274310,0206020031,23.0,3137.43
SIA,RJ,202502,2268051,0211020036,23.0,118.45
SIA,RJ,202502,2292084,0211020036,176.0,906.4
SIA,RJ,202502,2294923,0206020031,94.0,12822.54
SIA,RJ,202502,6007317,0206010060,2.0,194.88
SIA,RJ,202502,2286289,0211020036,464.0,2389.6
SIA,RJ,202502,2285622,0206010028,4.0,404.4
SIA,RJ,202502,5412447,0206030037,160.0,22180.8
SIA,RJ,202502,2298317,0206020031,1.0,136.41
SIA,RJ,202502,6646034,0211020036,291.0,1498.65
SIA,RJ,202502,3688240,0206030010,6.0,831.78
SIA,RJ,202502,2288893,0206020023,27.0,2342.25
SIA,RJ,202502,0974226,0211020036,61.0,314.15
SIA,RJ,202502,2290227,0206010060,2.0,194.88
SIA,RJ,202502,2294923,0206020015,5.0,433.75
SIA,RJ,202502,0379824,0206030037,12.0,1663.56
SIA,RJ,202502,5478898,0211020036,502.0,2585.3
SIA,RJ,202502,2287447,0206030029,1.0,86.75
SIA,RJ,202502,2293501,0211020036,2.0,10.3
SIA,RJ,202502,0379824,0206020015,2.0,173.5
SIA,RJ,202502,6284957,0206010079,38.0,3702.72
SIA,RJ,202502,4961331,0206010010,18.0,1561.68
SIA,RJ,202502,6091997,0206030037,30.0,4158.9
SIA,RJ,202502,2268507,0206010028,7.0,707.7
SIA,RJ,202502,2286289,0206010044,52.0,4511.0
SIA,RJ,202502,2294923,0206010044,20.0,1735.0
SIA,RJ,202502,3145786,0206030037,10.0,1386.3
SIA,RJ,202502,6091679,0206010028,9.0,909.9
SIA,RJ,202502,5833841,0206010052,3.0,260.25
SIA,RJ,202502,2280051,0206010052,14.0,1214.5
SIA,RJ,202502,2296640,0211020036,2.0,10.3
SIA,RJ,202502,2296810,0211020036,3.0,15.45
SIA,RJ,202502,6420737,0206030010,45.0,6238.35
SIA,RJ,202502,6050484,0206020015,4.0,347.0
SIA,RJ,202502,2267802,0206020015,1.0,86.75
SIA,RJ,202502,3032175,0211020036,184.0,947.6
SIA,RJ,202502,4126106,0206010036,28.0,2429.28
SIA,RJ,202502,2704587,0211020036,310.0,1596.5
SIA,RJ,202502,2281554,0211020036,132.0,679.8
SIA,RJ,202502,2275589,0206030029,34.0,2949.5
SIA,RJ,202502,6007317,0206010052,20.0,1735.0
SIA,RJ,202502,9491619,0211020036,94.0,484.1
SIA,RJ,202502,9182721,0211020036,15.0,77.25
SIA,RJ,202502,2294923,0206010010,28.0,2429.28
SIA,RJ,202502,6091679,0206010010,1.0,86.76
SIA,RJ,202502,2294923,0211020036,37.0,190.55
SIA,RJ,202502,9002669,0211020036,375.0,1931.25
SIA,RJ,202502,2275635,0206020015,14.0,1214.5
SIA,RJ,202502,2272229,0211020036,31.0,159.65
SIA,RJ,202502,6420737,0206010079,34.0,3312.96
SIA,RJ,202502,2298651,0206010044,9.0,780.75
SIA,RJ,202502,5057531,0211020036,41.0,211.15
SIA,RJ,202502,2296667,0211020036,2.0,10.3
SIA,RJ,202502,2696746,0211020036,947.0,4877.05
SIA,RJ,202502,3477371,0206030010,1.0,138.63
SIA,RJ,202502,4126106,0206030037,362.0,50184.06
SIA,RJ,202502,2291320,0206020015,2.0,173.5
SIA,RJ,202502,2287919,0206030010,14.0,1940.82
SIA,RJ,202502,0012513,0206010028,8.0,808.8
SIA,RJ,202502,2267454,0206020031,29.0,3955.89
SIA,RJ,202502,3395340,0206010036,9.0,780.84
SIA,RJ,202502,9834540,0206010052,3.0,260.25
SIA,RJ,202502,2275562,0206010052,17.0,1474.75
SIA,RJ,202502,2280051,0206010010,3.0,260.28
SIA,RJ,202502,6091997,0206010036,8.0,694.08
SIA,RJ,202502,2696746,0206030037,125.0,17328.75
SIA,RJ,202502,0113891,0206030010,51.0,7070.13
SIA,RJ,202502,3395340,0206030037,140.0,19408.2
SIA,RJ,202502,9895124,0206010044,118.0,10236.5
SIA,RJ,202502,2282801,0206030010,2.0,277.26
SIA,RJ,202502,2296039,0211020036,5.0,25.75
SIA,RJ,202502,2281384,0206030029,6.0,520.5
SIA,RJ,202502,2278731,0206020031,74.0,10094.34
SIA,RJ,202502,2292084,0206030010,82.0,11367.66
SIA,RJ,202502,9747028,0206020031,262.0,35739.42
SIA,RJ,202502,7588577,0206030029,44.0,3817.0
SIA,RJ,202502,2296020,0211020036,70.0,360.5
SIA,RJ,202502,2281546,0211020036,87.0,448.05
SIA,RJ,202502,2273748,0206010052,11.0,954.25
SIA,RJ,202502,0379824,0206030029,4.0,347.0
SIA,RJ,202502,2280868,0206030037,37.0,5129.31
SIA,RJ,202502,6629385,0211020036,277.0,1426.55
SIA,RJ,202502,9126597,0211020036,513.0,2641.95
SIA,RJ,202502,6091679,0206010052,5.0,433.75
SIA,RJ,202502,2696940,0206020023,14.0,1214.5
SIA,RJ,202502,2297795,0206010052,5.0,433.75
SIA,RJ,202502,2696940,0206010036,7.0,607.32
SIA,RJ,202502,0012505,0206010028,9.0,909.9
SIA,RJ,202502,0679550,0211020036,4.0,20.6
SIA,RJ,202502,2267454,0206010044,10.0,867.5
SIA,RJ,202502,6518893,0211020036,210.0,1081.5
SIA,RJ,202502,2275635,0206010079,63.0,6138.72
SIA,RJ,202502,2277999,0206010010,22.0,1908.72
SIA,RJ,202502,6555551,0211020036,380.0,1957.0
SIA,RJ,202502,6629954,0211020036,603.0,3105.45
SIA,RJ,202502,6007317,0206030029,42.0,3643.5
SIA,RJ,202502,7588577,0206010036,26.0,2255.76
SIA,RJ,202502,0997331,0206030010,3.0,415.89
SIA,RJ,202502,0105317,0206010028,2.0,202.2
SIA,RJ,202502,6050484,0206010036,4.0,347.04
SIA,RJ,202502,2274310,0206010028,2.0,202.2
SIA,RJ,202502,3111156,0206030010,176.0,24398.88
SIA,RJ,202502,2267713,0206030029,3.0,260.25
SIA,RJ,202502,3111156,0206010036,32.0,2776.32
SIA,RJ,202502,0105317,0206010044,1.0,86.75
SIA,RJ,202502,2275589,0206020015,13.0,1127.75
SIA,RJ,202502,2275589,0206010052,1.0,86.75
SIA,RJ,202502,2292386,0211020036,53.0,272.95
SIA,RJ,202502,2297728,0211020036,97.0,499.55
SIA,RJ,202502,6420737,0206020023,3.0,260.25
SIA,RJ,202502,2279274,0211020036,1258.0,6478.7
SIA,RJ,202502,0012521,0206010036,1.0,86.76
SIA,RJ,202502,2274310,0206010052,3.0,260.25
SIA,RJ,202502,2290227,0206010052,53.0,4597.75
SIA,RJ,202502,2696746,0206030010,114.0,15803.82
SIA,RJ,202502,2273748,0206030010,121.0,16774.23
SIA,RJ,202502,7404700,0211020036,1.0,5.15
SIA,RJ,202502,2290227,0206030029,135.0,11711.25
SIA,RJ,202502,4122542,0206010052,2.0,173.5
SIA,RJ,202502,2275562,0206020015,2.0,173.5
SIA,RJ,202502,2289954,0211020036,276.0,1421.4
SIA,RJ,202502,5833841,0206030029,58.0,5031.5
SIA,RJ,202502,0012513,0206010079,123.0,11985.12
SIA,RJ,202502,2292084,0206010079,177.0,17246.88
SIA,RJ,202502,2292084,0206030037,105.0,14556.15
SIA,RJ,202502,2275562,0206030029,3.0,260.25
SIA,RJ,202502,2814811,0211020036,40.0,206.0
SIA,RJ,202502,0012505,0206030029,2.0,173.5
SIA,RJ,202502,6420737,0206010036,2.0,173.52
SIA,RJ,202502,2696746,0206020023,59.0,5118.25
SIA,RJ,202502,2296683,0211020036,3.0,15.45
SIA,RJ,202502,2296802,0211020036,3.0,15.45
SIA,RJ,202502,2268183,0211020036,155.0,798.25
SIA,RJ,202502,2281481,0211020036,208.0,1071.2
SIA,RJ,202502,2297795,0206010060,2.0,194.88
SIA,RJ,202502,0113891,0211020036,534.0,2750.1
SIA,RJ,202502,0113891,0206010052,2.0,173.5
SIA,RJ,202502,2280051,0206010028,6.0,606.6
SIA,RJ,202502,2267713,0206010036,1.0,86.76
SIA,RJ,202502,2294923,0206010052,2.0,173.5
SIA,RJ,202502,2274310,0211020036,176.0,906.4
SIA,RJ,202502,2696932,0211020036,47.0,242.05
SIA,RJ,202502,2287579,0206010044,210.0,18217.5
SIA,RJ,202502,3395340,0211020036,1090.0,5613.5
SIA,RJ,202502,6232094,0211020036,42.0,216.3
SIA,RJ,202502,2286289,0206020015,5.0,433.75
SIA,RJ,202502,7992122,0211020036,281.0,1447.15
SIA,RJ,202502,2291789,0211020036,295.0,1519.25
SIA,RJ,202502,2704587,0206010079,44.0,4287.36
SIA,RJ,202502,6231659,0211020036,81.0,417.15
SIA,RJ,202502,2275635,0206030029,8.0,694.0
SIA,RJ,202502,0025186,0206030010,225.0,31191.75
SIA,RJ,202502,7893175,0211020036,35.0,180.25
SIA,RJ,202502,6586767,0211020036,12.0,61.8
SIA,RJ,202502,2275392,0211020060,45.0,1350.0
SIA,RJ,202502,2290499,0211020036,106.0,545.9
SIA,RJ,202502,0025186,0211020036,34.0,175.1
SIA,RJ,202502,6091997,0211020036,282.0,1452.3
SIA,RJ,202502,2285622,0211020036,71.0,365.65
SIA,RJ,202502,3477371,0206010028,7.0,707.7
SIA,RJ,202502,6050484,0206030029,4.0,347.0
SIA,RJ,202502,2290987,0211020036,15.0,77.25
SIA,RJ,202502,2268922,0206020023,4.0,347.0
SIA,RJ,202502,2285622,0206010079,3.0,292.32
SIA,RJ,202502,2280051,0211020010,95.0,69353.8
SIA,RJ,202502,3909816,0211020036,2.0,10.3
SIA,RJ,202502,2287382,0211020010,25.0,18251.0
SIA,RJ,202502,2273748,0211020010,89.0,64973.56
SIA,RJ,202502,2273748,0206020015,3.0,260.25
SIA,RJ,202502,2282801,0206030037,2.0,277.26
SIA,RJ,202502,0012505,0211020010,74.0,54022.96
SIA,RJ,202502,2292912,0206010052,1.0,86.75
SIA,RJ,202502,9783458,0211020036,1.0,5.15
SIA,RJ,202502,2278855,0211020010,66.0,48182.64
SIA,RJ,202502,4247310,0211020036,261.0,1344.15
SIA,RJ,202502,3145786,0206010044,1.0,86.75
SIA,RJ,202502,2287382,0211020060,4.0,120.0
SIA,RJ,202502,9895124,0211020036,403.0,2075.45
SIA,RJ,202502,9895124,0206010010,66.0,5726.16
SIA,RJ,202502,7354746,0206030010,636.0,88168.68
SIA,RJ,202502,2282801,0211020036,50.0,257.5
SIA,RJ,202502,2287382,0206020015,4.0,347.0
SIA,RJ,202502,0025135,0206030010,106.0,14694.78
SIA,RJ,202502,0113891,0206030037,50.0,6931.5
SIA,RJ,202502,0025143,0206010052,17.0,1474.75
SIA,RJ,202502,2266733,0206010010,29.0,2516.04
SIA,RJ,202502,2294923,0206010060,1.0,97.44
SIA,RJ,202502,2291320,0211020036,315.0,1622.25
SIA,RJ,202502,6660649,0206010044,14.0,1214.5
SIA,RJ,202502,2278731,0206010079,143.0,13933.92
SIA,RJ,202502,2278855,0206030037,261.0,36182.43
SIA,RJ,202502,2298031,0206020015,45.0,3903.75
SIA,RJ,202502,2288893,0206030010,246.0,34102.98
SIA,RJ,202502,2288885,0206030010,98.0,13585.74
SIA,RJ,202502,2278286,0211020010,70.0,51102.8
SIA,RJ,202502,2287447,0206030037,195.0,27032.85
SIA,RJ,202502,2278855,0208010025,95.0,38809.4
SIA,RJ,202502,2275392,0211020036,280.0,1442.0
SIA,RJ,202502,2290227,0206030010,1143.0,158454.09
SIA,RJ,202502,0025127,0208010025,73.0,29821.96
SIA,RJ,202502,9895124,0206020015,38.0,3296.5
SIA,RJ,202502,2287919,0206010079,59.0,5748.96
SIA,RJ,202502,2298651,0206010079,60.0,5846.4
SIA,RJ,202502,4961331,0206010079,120.0,11692.8
SIA,RJ,202502,7352751,0211020060,643.0,19290.0
SIA,RJ,202502,6050484,0206030037,102.0,14140.26
SIA,RJ,202502,6903665,0211020036,310.0,1596.5
SIA,RJ,202502,6007317,0206030010,927.0,128510.01
SIA,RJ,202502,7588577,0206030010,556.0,77078.28
SIA,RJ,202502,0997331,0206030037,4.0,554.52
SIA,RJ,202502,6284957,0206030037,30.0,4158.9
SIA,RJ,202502,9384545,0211020036,81.0,417.15
SIA,RJ,202502,2280868,0206020015,3.0,260.25
SIA,RJ,202502,2281384,0206030010,98.0,13585.74
SIA,RJ,202502,2297205,0211020036,15.0,77.25
SIA,RJ,202502,2287374,0206030037,256.0,35489.28
SIA,RJ,202502,2266792,0211020036,251.0,1292.65
SIA,RJ,202502,9834540,0206010010,16.0,1388.16
SIA,RJ,202502,2290227,0206020015,79.0,6853.25
SIA,RJ,202502,9834540,0206020015,16.0,1388.0
SIA,RJ,202502,5833841,0206020015,13.0,1127.75
SIA,RJ,202502,5833841,0206010010,24.0,2082.24
SIA,RJ,202502,7588577,0206020015,32.0,2776.0
SIA,RJ,202502,2291746,0211020036,23.0,118.45
SIA,RJ,202502,9747028,0206020015,17.0,1474.75
SIA,RJ,202502,7354746,0206010036,26.0,2255.76
SIA,RJ,202502,2292084,0206010036,2.0,173.52
SIA,RJ,202502,2272652,0206020031,446.0,60838.86
SIA,RJ,202502,2281481,0206030010,3.0,415.89
SIA,RJ,202502,2297256,0211020036,127.0,654.05
SIA,RJ,202502,2287579,0206010052,136.0,11798.0
SIA,RJ,202502,3002187,0206030037,13.0,1802.19
SIA,RJ,202502,2272695,0211020010,104.0,75924.16
SIA,RJ,202502,2697041,0206010036,7.0,607.32
SIA,RJ,202502,0113891,0206010036,1.0,86.76
SIA,RJ,202502,2291533,0211020036,117.0,602.55
SIA,RJ,202502,3470350,0211020036,70.0,360.5
SIA,RJ,202502,2280051,0206020031,82.0,11185.62
SIA,RJ,202502,2267454,0206030029,1.0,86.75
SIA,RJ,202502,2287447,0206020015,12.0,1041.0
SIA,RJ,202502,2297795,0206010010,34.0,2949.84
SIA,RJ,202502,2267810,0211020036,30.0,154.5
SIA,RJ,202502,6470661,0206030037,93.0,12892.59
SIA,RJ,202502,2696940,0206010010,23.0,1995.48
SIA,RJ,202502,2297825,0211020036,852.0,4387.8
SIA,RJ,202502,2277999,0206010044,17.0,1474.75
SIA,RJ,202502,2287579,0206030037,24.0,3327.12
SIA,RJ,202502,2287374,0206010052,5.0,433.75
SIA,RJ,202502,7588577,0211020036,153.0,787.95
SIA,RJ,202502,2288893,0206010052,74.0,6419.5
SIA,RJ,202502,6284957,0206010028,34.0,3437.4
SIA,RJ,202502,2295075,0211020036,82.0,422.3
SIA,RJ,202502,5412447,0206010036,7.0,607.32
SIA,RJ,202502,4089189,0206020031,66.0,9003.06
SIA,RJ,202502,2268922,0206010052,2.0,173.5
SIA,RJ,202502,9761675,0208010025,48.0,19608.96
SIA,RJ,202502,2298651,0206010010,8.0,694.08
SIA,RJ,202502,2292912,0206030037,91.0,12615.33
SIA,RJ,202502,3111156,0206010028,88.0,8896.8
SIA,RJ,202502,3395340,0206010079,142.0,13836.48
SIA,RJ,202502,9895124,0206030029,53.0,4597.75
SIA,RJ,202502,4122542,0206010010,8.0,694.08
SIA,RJ,202502,2292386,0206030037,90.0,12476.7
SIA,RJ,202502,6007317,0206010087,6.0,831.78
SIA,RJ,202502,2287382,0206010052,4.0,347.0
SIA,RJ,202502,2267454,0206030037,68.0,9426.84
SIA,RJ,202502,2273748,0206010079,99.0,9646.56
SIA,RJ,202502,7554141,0211020060,14.0,2506.0
SIA,RJ,202502,2297795,0206010028,27.0,2729.7
SIA,RJ,202502,2295105,0211020036,63.0,324.45
SIA,RJ,202502,2277999,0206020023,26.0,2255.5
SIA,RJ,202502,6470661,0206010044,34.0,2949.5
SIA,RJ,202502,3395340,0206030010,143.0,19824.09
SIA,RJ,202502,4122542,0206010079,24.0,2338.56
SIA,RJ,202502,2291320,0206010028,28.0,2830.8
SIA,RJ,202502,5412447,0206010044,27.0,2342.25
SIA,RJ,202502,0025186,0206020023,2.0,173.5
SIA,RJ,202502,2268922,0206030029,15.0,1301.25
SIA,RJ,202502,9331964,0211020036,21.0,108.15
SIA,RJ,202502,2272210,0211020036,109.0,561.35
SIA,RJ,202502,6859739,0208010025,25.0,10213.0
SIA,RJ,202502,6222986,0208010025,23.0,9395.96
SIA,RJ,202502,2278855,0208010033,95.0,36391.65
SIA,RJ,202502,7121792,0211020036,60.0,309.0
SIA,RJ,202502,0012505,0206010079,28.0,2728.32
SIA,RJ,202502,6635148,0206010095,20.0,42144.4
SIA,RJ,202502,0012505,0211020060,73.0,2190.0
SIA,RJ,202502,2266733,0211020036,519.0,2672.85
SIA,RJ,202502,2266733,0206020015,11.0,954.25
SIA,RJ,202502,3005968,0211020036,3.0,15.45
SIA,RJ,202502,2285622,0206030010,7.0,970.41
SIA,RJ,202502,2697041,0206010044,32.0,2776.0
SIA,RJ,202502,2293749,0211020036,205.0,1055.75
SIA,RJ,202502,5833841,0206010044,18.0,1561.5
SIA,RJ,202502,6660649,0206010079,45.0,4384.8
SIA,RJ,202502,2696940,0211020036,356.0,1833.4
SIA,RJ,202502,4035089,0206010052,3.0,260.25
SIA,RJ,202502,4126106,0206020015,14.0,1214.5
SIA,RJ,202502,2287919,0206020031,14.0,1909.74
SIA,RJ,202502,2271478,0211020036,64.0,329.6
SIA,RJ,202502,2268507,0206030037,21.0,2911.23
SIA,RJ,202502,3132358,0211020036,244.0,1256.6
SIA,RJ,202502,2272652,0206010036,28.0,2429.28
SIA,RJ,202502,2266733,0206030029,18.0,1561.5
SIA,RJ,202502,9834540,0206010044,13.0,1127.75
SIA,RJ,202502,2267713,0206030010,18.0,2495.34
SIA,RJ,202502,3582582,0211020036,1.0,5.15
SIA,RJ,202502,9710078,0206010028,8.0,808.8
SIA,RJ,202502,2276712,0211020036,54.0,278.1
SIA,RJ,202502,9074457,0206030037,70.0,9704.1
SIA,RJ,202502,2298651,0206020031,23.0,3137.43
SIA,RJ,202502,6635903,0211020036,341.0,1756.15
SIA,RJ,202502,2288400,0211020036,25.0,128.75
SIA,RJ,202502,2278731,0206010052,7.0,607.25
SIA,RJ,202502,6007317,0206020015,20.0,1735.0
SIA,RJ,202502,2291320,0206010010,5.0,433.8
SIA,RJ,202502,0012521,0206020015,46.0,3990.5
SIA,RJ,202502,2288885,0206010052,17.0,1474.75
SIA,RJ,202502,2271052,0211020036,30.0,154.5
SIA,RJ,202502,2287447,0206010052,17.0,1474.75
SIA,RJ,202502,2287447,0206010044,7.0,607.25
SIA,RJ,202502,2287579,0206020015,8.0,694.0
SIA,RJ,202502,2297795,0206020023,5.0,433.75
SIA,RJ,202502,2287250,0206030037,16.0,2218.08
SIA,RJ,202502,9911340,0211020036,41.0,211.15
SIA,RJ,202502,0025143,0206020023,16.0,1388.0
SIA,RJ,202502,6091997,0206010010,20.0,1735.2
SIA,RJ,202502,4126106,0206010010,50.0,4338.0
SIA,RJ,202502,9747028,0206010079,440.0,42873.6
SIA,RJ,202502,3688240,0206020031,14.0,1909.74
SIA,RJ,202502,2278855,0206020031,224.0,30555.84
SIA,RJ,202502,0012521,0206010010,82.0,7114.32
SIA,RJ,202502,3688240,0206010079,23.0,2241.12
SIA,RJ,202502,2278731,0206010010,11.0,954.36
SIA,RJ,202502,9747028,0206010044,55.0,4771.25
SIA,RJ,202502,0012505,0206010010,6.0,520.56
SIA,RJ,202502,9186530,0211020060,6.0,180.0
SIA,RJ,202502,2268019,0206010079,7.0,682.08
SIA,RJ,202502,0997331,0206010079,17.0,1656.48
SIA,RJ,202502,2278855,0206010079,112.0,10913.28
SIA,RJ,202502,6069134,0206030037,62.0,8595.06
SIA,RJ,202502,2280868,0206030010,41.0,5683.83
SIA,RJ,202502,7354746,0206010079,362.0,35273.28
SIA,RJ,202502,6091679,0206020031,12.0,1636.92
SIA,RJ,202502,3111156,0206030037,176.0,24398.88
SIA,RJ,202502,2298031,0206010052,20.0,1735.0
SIA,RJ,202502,9710078,0206020023,2.0,173.5
SIA,RJ,202502,9895124,0206020023,80.0,6940.0
SIA,RJ,202502,9710078,0206030010,383.0,53095.29
SIA,RJ,202502,3145786,0206030010,10.0,1386.3
SIA,RJ,202502,6660649,0206010036,5.0,433.8
SIA,RJ,202502,6660649,0206010052,2.0,173.5
SIA,RJ,202502,2292912,0206020015,2.0,173.5
SIA,RJ,202502,5683688,0211020060,33.0,990.0
SIA,RJ,202502,6069134,0206010079,227.0,22118.88
SIA,RJ,202502,2272652,0206030029,33.0,2862.75
SIA,RJ,202502,2288893,0206020031,215.0,29328.15
SIA,RJ,202502,2696940,0206030010,348.0,48243.24
SIA,RJ,202502,6091679,0206030037,23.0,3188.49
SIA,RJ,202502,2292084,0206020023,17.0,1474.75
SIA,RJ,202502,2281384,0206010010,17.0,1474.92
SIA,RJ,202502,3429792,0211020060,17.0,510.0
SIA,RJ,202502,2277999,0206020031,171.0,23326.11
SIA,RJ,202502,2267187,0206010028,2.0,202.2
SIA,RJ,202502,0105317,0211020060,7.0,210.0
SIA,RJ,202502,2297795,0206030010,79.0,10951.77
SIA,RJ,202502,3861465,0211020036,35.0,180.25
SIA,RJ,202502,2280868,0206010010,10.0,867.6
SIA,RJ,202502,9491619,0206020031,3.0,409.23
SIA,RJ,202502,0106453,0211020036,691.0,3558.65
SIA,RJ,202502,2298031,0206010010,244.0,21169.44
SIA,RJ,202502,6007317,0206010036,17.0,1474.92
SIA,RJ,202502,2267187,0206030010,16.0,2218.08
SIA,RJ,202502,3111156,0206010010,49.0,4251.24
SIA,RJ,202502,2696940,0206020015,9.0,780.75
SIA,RJ,202502,2281384,0206020015,4.0,347.0
SIA,RJ,202502,0012521,0206010052,10.0,867.5
SIA,RJ,202502,0012513,0206030037,16.0,2218.08
SIA,RJ,202502,2287382,0206010044,9.0,780.75
SIA,RJ,202502,2287250,0206010044,4.0,347.0
SIA,RJ,202502,2294923,0206010036,4.0,347.04
SIA,RJ,202502,2294923,0206030037,127.0,17606.01
SIA,RJ,202502,2275635,0211020010,1.0,730.04
SIA,RJ,202502,2798662,0206010079,1441.0,140411.04
SIA,RJ,202502,2292912,0211020036,531.0,2734.65
SIA,RJ,202502,9074457,0206010010,9.0,780.84
SIA,RJ,202502,3386937,0206020031,13.0,1773.33
SIA,RJ,202502,2287447,0211020010,36.0,26281.44
SIA,RJ,202502,3002187,0206010044,4.0,347.0
SIA,RJ,202502,2297795,0206010044,35.0,3036.25
SIA,RJ,202502,9710078,0206010044,15.0,1301.25
SIA,RJ,202502,0105317,0206030037,43.0,5961.09
SIA,RJ,202502,0105317,0206010010,3.0,260.28
SIA,RJ,202502,2274310,0206010044,5.0,433.75
SIA,RJ,202502,9747028,0206010010,27.0,2342.52
SIA,RJ,202502,2267802,0206030037,133.0,18437.79
SIA,RJ,202502,0113891,0206010079,2.0,194.88
SIA,RJ,202502,9761675,0206010095,31.0,65323.82
SIA,RJ,202502,6069134,0206010028,8.0,808.8
SIA,RJ,202502,2298317,0206030037,3.0,415.89
SIA,RJ,202502,2272784,0211020036,231.0,1189.65
SIA,RJ,202502,3853098,0211020036,8.0,41.2
SIA,RJ,202502,2281384,0206010079,55.0,5359.2
SIA,RJ,202502,6470661,0206020015,6.0,520.5
SIA,RJ,202502,5307864,0211020036,30.0,154.5
SIA,RJ,202502,0379824,0206010079,19.0,1851.36
SIA,RJ,202502,3282430,0211020036,158.0,813.7
SIA,RJ,202502,2266733,0206020023,14.0,1214.5
SIA,RJ,202502,2280051,0206030037,75.0,10397.25
SIA,RJ,202502,6091679,0206020023,8.0,694.0
SIA,RJ,202502,7354746,0206020015,5.0,433.75
SIA,RJ,202502,2268922,0211020036,31.0,159.65
SIA,RJ,202502,2288389,0211020036,5.0,25.75
SIA,RJ,202502,2281481,0206030037,3.0,415.89
SIA,RJ,202502,2296241,0206010052,4.0,347.0
SIA,RJ,202502,2268019,0206010044,1.0,86.75
SIA,RJ,202502,6120423,0206020031,7.0,954.87
SIA,RJ,202502,6120423,0206030037,13.0,1802.19
SIA,RJ,202502,2291320,0206030010,43.0,5961.09
SIA,RJ,202502,2288893,0211020036,84.0,432.6
SIA,RJ,202502,2292912,0206010044,14.0,1214.5
SIA,RJ,202502,2292912,0206010010,13.0,1127.88
SIA,RJ,202502,3477371,0206030037,35.0,4852.05
SIA,RJ,202502,2287919,0206010044,2.0,173.5
SIA,RJ,202502,5833841,0206020023,6.0,520.5
SIA,RJ,202502,2280051,0206020015,4.0,347.0
SIA,RJ,202502,6420737,0206030037,42.0,5822.46
SIA,RJ,202502,3688240,0206030037,5.0,693.15
SIA,RJ,202502,2267713,0206030037,22.0,3049.86
SIA,RJ,202502,2288885,0206020031,120.0,16369.2
SIA,RJ,202502,2296233,0211020036,28.0,144.2
SIA,RJ,202502,2267802,0206030029,10.0,867.5
SIA,RJ,202502,2271095,0211020036,253.0,1302.95
SIA,RJ,202502,2292912,0206010036,4.0,347.04
SIA,RJ,202502,2268922,0206030037,272.0,37707.36
SIA,RJ,202502,2268922,0206010036,6.0,520.56
SIA,RJ,202502,4035089,0206030010,25.0,3465.75
SIA,RJ,202502,2268019,0206010028,2.0,202.2
SIA,RJ,202502,6488714,0211020036,258.0,1328.7
SIA,RJ,202502,2281384,0206010036,4.0,347.04
SIA,RJ,202502,6050484,0206030010,107.0,14833.41
SIA,RJ,202502,7655703,0211020036,128.0,659.2
SIA,RJ,202502,2298651,0206020015,1.0,86.75
SIA,RJ,202502,3386937,0206010028,11.0,1112.1
SIA,RJ,202502,2267187,0206010010,2.0,173.52
SIA,RJ,202502,2266733,0206010060,1.0,97.44
SIA,RJ,202502,2294923,0206010028,8.0,808.8
SIA,RJ,202502,2280868,0206010079,50.0,4872.0
SIA,RJ,202502,0997331,0206020031,16.0,2182.56
SIA,RJ,202502,3145786,0208010033,3.0,1149.21
SIA,RJ,202502,4035089,0206030029,4.0,347.0
SIA,RJ,202502,2291320,0206030029,5.0,433.75
SIA,RJ,202502,2298317,0206010044,1.0,86.75
SIA,RJ,202502,2271141,0211020036,59.0,303.85
SIA,RJ,202502,9054340,0211020036,21.0,108.15
SIA,RJ,202502,6091997,0206020015,3.0,260.25
SIA,RJ,202502,4035089,0206010036,14.0,1214.64
SIA,RJ,202502,2275589,0206020023,4.0,347.0
SIA,RJ,202502,2280868,0206010036,4.0,347.04
SIA,RJ,202502,2267454,0211020036,20.0,103.0
SIA,RJ,202502,2696940,0211020060,3.0,90.0
SIA,RJ,202502,9834540,0206010060,2.0,194.88
SIA,RJ,202502,2275589,0206010087,2.0,277.26
SIA,RJ,202502,2704390,0211020060,16.0,480.0
SIA,RJ,202502,2286289,0206010036,9.0,780.84
SIA,RJ,202502,2287919,0206010028,4.0,404.4
SIA,RJ,202502,0609633,0211020036,280.0,1442.0
SIA,RJ,202502,5307872,0211020036,46.0,236.9
SIA,RJ,202502,6225152,0206010079,1.0,97.44
SIA,RJ,202502,6050484,0206010044,32.0,2776.0
SIA,RJ,202502,2296241,0206010028,3.0,303.3
SIA,RJ,202502,3132358,0211020060,38.0,1140.0
SIA,RJ,202502,9710078,0206010010,3.0,260.28
SIA,RJ,202502,6588425,0211020036,312.0,1606.8
SIA,RJ,202502,6420737,0206030029,4.0,347.0
SIA,RJ,202502,2285886,0211020036,217.0,1117.55
SIA,RJ,202502,2292424,0211020036,171.0,880.65
SIA,RJ,202502,7612036,0211020036,236.0,1215.4
SIA,RJ,202502,0105317,0206010079,6.0,584.64
SIA,RJ,202502,4089189,0206010052,5.0,433.75
SIA,RJ,202502,2271877,0211020036,82.0,422.3
SIA,RJ,202502,3688240,0206030029,1.0,86.75
SIA,RJ,202502,6007317,0211020036,3.0,15.45
SIA,RJ,202502,6284957,0206010044,9.0,780.75
SIA,RJ,202502,2280051,0206030029,3.0,260.25
SIA,RJ,202502,2297655,0211020036,433.0,2229.95
SIA,RJ,202502,2297795,0211020036,11.0,56.65
SIA,RJ,202502,3386937,0206010036,2.0,173.52
SIA,RJ,202502,3386937,0206010052,1.0,86.75
SIA,RJ,202502,2296241,0206010079,7.0,682.08
SIA,RJ,202502,0025135,0206020015,2.0,173.5
SIA,RJ,202502,0012513,0206010010,1.0,86.76
SIA,RJ,202502,6660649,0206010028,14.0,1415.4
SIA,RJ,202502,2696940,0206010052,4.0,347.0
SIA,RJ,202502,9864628,0211020036,1112.0,5726.8
SIA,RJ,202502,6225276,0211020060,16.0,480.0
SIA,RJ,202502,2268000,0211020036,2.0,10.3
SIA,RJ,202502,3111156,0206010060,1.0,97.44
SIA,RJ,202502,5412447,0211020036,44.0,226.6
SIA,RJ,202502,2275562,0206030010,287.0,39786.81
SIA,RJ,202502,2291320,0206010079,19.0,1851.36
SIA,RJ,202502,2287447,0206010010,19.0,1648.44
SIA,RJ,202502,9834540,0206030037,34.0,4713.42
SIA,RJ,202502,2272652,0206010079,546.0,53202.24
SIA,RJ,202502,9895124,0206030037,318.0,44084.34
SIA,RJ,202502,2266733,0206030037,483.0,66958.29
SIA,RJ,202502,0025143,0206010079,380.0,37027.2
SIA,RJ,202502,9747028,0206010028,53.0,5358.3
SIA,RJ,202502,9747028,0206030029,58.0,5031.5
SIA,RJ,202502,2278855,0206010028,26.0,2628.6
SIA,RJ,202502,2275589,0206030010,423.0,58640.49
SIA,RJ,202502,2696940,0206020031,370.0,50471.7
SIA,RJ,202502,7354746,0206010028,69.0,6975.9
SIA,RJ,202502,2697041,0206010079,108.0,10523.52
SIA,RJ,202502,5412447,0206010079,215.0,20949.6
SIA,RJ,202502,2268922,0206020015,6.0,520.5
SIA,RJ,202502,2268922,0206010044,57.0,4944.75
SIA,RJ,202502,2272652,0206010052,17.0,1474.75
SIA,RJ,202502,2293641,0211020036,196.0,1009.4
SIA,RJ,202502,9710078,0206020031,129.0,17596.89
SIA,RJ,202502,2297795,0206020031,69.0,9412.29
SIA,RJ,202502,2286289,0206030029,6.0,520.5
SIA,RJ,202502,2696940,0206010079,249.0,24262.56
SIA,RJ,202502,6284957,0206010010,13.0,1127.88
SIA,RJ,202502,0111058,0211020036,489.0,2518.35
SIA,RJ,202502,6420737,0206010044,19.0,1648.25
SIA,RJ,202502,2272202,0211020036,82.0,422.3
SIA,RJ,202502,6069134,0206020023,2.0,173.5
SIA,RJ,202502,0025135,0206010079,122.0,11887.68
SIA,RJ,202502,5833841,0206030037,86.0,11922.18
SIA,RJ,202502,2268507,0206020031,12.0,1636.92
SIA,RJ,202502,2275635,0206030010,55.0,7624.65
SIA,RJ,202502,2287579,0206010010,17.0,1474.92
SIA,RJ,202502,2292246,0211020036,52.0,267.8
SIA,RJ,202502,2298651,0206010028,31.0,3134.1
SIA,RJ,202502,2696940,0206010028,28.0,2830.8
SIA,RJ,202502,4035089,0206010010,27.0,2342.52
SIA,RJ,202502,3395340,0208010025,43.0,17566.36
SIA,RJ,202502,0025143,0206020015,7.0,607.25
SIA,RJ,202502,2288885,0206010044,45.0,3903.75
SIA,RJ,202502,0025143,0206010044,33.0,2862.75
SIA,RJ,202502,4507940,0211020036,170.0,875.5
SIA,RJ,202502,2286289,0206010028,30.0,3033.0
SIA,RJ,202502,2267187,0206010044,3.0,260.25
SIA,RJ,202502,2278731,0206010028,30.0,3033.0
SIA,RJ,202502,2267713,0206010010,7.0,607.32
SIA,RJ,202502,4035089,0206030037,26.0,3604.38
SIA,RJ,202502,6420737,0206020015,3.0,260.25
SIA,RJ,202502,2275635,0206010036,52.0,4511.52
SIA,RJ,202502,9761675,0211020060,26.0,780.0
SIA,RJ,202502,5412447,0206010010,36.0,3123.36
SIA,RJ,202502,6120423,0206010079,6.0,584.64
SIA,RJ,202502,3688240,0206010028,3.0,303.3
SIA,RJ,202502,2268507,0206010079,21.0,2046.24
SIA,RJ,202502,7352751,0205010016,168.0,27720.0
SIA,RJ,202502,2280868,0206010028,33.0,3336.3
SIA,RJ,202502,6091679,0206010079,35.0,3410.4
SIA,RJ,202502,2288893,0206010044,55.0,4771.25
SIA,RJ,202502,3111156,0206020023,41.0,3556.75
SIA,RJ,202502,2294923,0206030029,7.0,607.25
SIA,RJ,202502,2292912,0206020031,51.0,6956.91
SIA,RJ,202502,6660649,0206020015,3.0,260.25
SIA,RJ,202502,2296241,0206010010,1.0,86.76
SIA,RJ,202502,2291320,0206020031,15.0,2046.15
SIA,RJ,202502,5290236,0211020036,9.0,46.35
SIA,RJ,202502,2267802,0206010036,11.0,954.36
SIA,RJ,202502,0025186,0206020015,1.0,86.75
SIA,RJ,202502,2273748,0206010044,3.0,260.25
SIA,RJ,202502,2267454,0206020015,3.0,260.25
SIA,RJ,202502,0379824,0206010036,7.0,607.32
SIA,RJ,202502,7151837,0211020036,16.0,82.4
SIA,RJ,202502,2296209,0211020036,23.0,118.45
SIA,RJ,202502,2283034,0211020036,18.0,92.7
SIA,RJ,202502,6470661,0206010060,1.0,97.44
SIA,RJ,202502,3145786,0206010079,4.0,389.76
SIA,RJ,202502,2281481,0206020031,5.0,682.05
SIA,RJ,202502,0609633,0211020060,36.0,1080.0
SIA,RJ,202502,2296241,0206020015,1.0,86.75
SIA,RJ,202502,0025186,0206030029,5.0,433.75
SIA,RJ,202502,2278855,0206010044,20.0,1735.0
SIA,RJ,202502,2287285,0206010028,3.0,303.3
SIA,RJ,202502,6470661,0206010010,22.0,1908.72
SIA,RJ,202502,4126106,0206010060,11.0,1071.84
SIA,RJ,202502,2275562,0206010036,12.0,1041.12
SIA,RJ,202502,2296217,0211020036,48.0,247.2
SIA,RJ,202502,2296225,0211020036,15.0,77.25
SIA,RJ,202502,2275589,0206010036,23.0,1995.48
SIA,RJ,202502,2295504,0211020036,1.0,5.15
SIA,RJ,202502,2267802,0206010052,8.0,694.0
SIA,RJ,202502,6120423,0206030029,1.0,86.75
SIA,RJ,202502,2798662,0206020015,13.0,1127.75
SIA,RJ,202502,2696940,0206030029,16.0,1388.0
SIA,RJ,202502,6660649,0206010010,6.0,520.56
SIA,RJ,202502,0025135,0206010044,22.0,1908.5
SIA,RJ,202502,0025135,0206030029,4.0,347.0
SIA,RJ,202502,2275635,0211020036,3.0,15.45
SIA,RJ,202502,2292912,0206020023,1.0,86.75
SIA,RJ,202502,2292386,0206010010,3.0,260.28
SIA,RJ,202502,3477371,0206010036,6.0,520.56
SIA,RJ,202502,2298317,0206010079,1.0,97.44
SIA,RJ,202502,4035089,0206010079,34.0,3312.96
SIA,RJ,202502,2287250,0206010010,5.0,433.8
SIA,RJ,202502,2287374,0206010010,6.0,520.56
SIA,RJ,202502,0025186,0206010079,14.0,1364.16
SIA,RJ,202502,2280051,0206010079,9.0,876.96
SIA,RJ,202502,2267454,0206010036,5.0,433.8
SIA,RJ,202502,0025143,0206030029,7.0,607.25
SIA,RJ,202502,2279355,0211020036,380.0,1957.0
SIA,RJ,202502,0012513,0206010036,2.0,173.52
SIA,RJ,202502,4122542,0206010036,3.0,260.28
SIA,RJ,202502,2267713,0211020036,94.0,484.1
SIA,RJ,202502,6146376,0211020036,1033.0,5319.95
SIA,RJ,202502,2697041,0206010060,2.0,194.88
SIA,RJ,202502,2268019,0206030010,14.0,1940.82
SIA,RJ,202502,0111058,0211020060,50.0,1500.0
SIA,RJ,202502,0287032,0211020036,53.0,272.95
SIA,RJ,202502,4035089,0206010044,7.0,607.25
SIA,RJ,202502,2281384,0206010028,14.0,1415.4
SIA,RJ,202502,2285622,0206020031,5.0,682.05
SIA,RJ,202502,6050484,0211020060,15.0,450.0
SIA,RJ,202502,6470661,0206010052,3.0,260.25
SIA,RJ,202502,4122542,0206020031,9.0,1227.69
SIA,RJ,202502,2295687,0211020036,179.0,921.85
SIA,RJ,202502,2697041,0206010010,9.0,780.84
SIA,RJ,202502,3688240,0206010044,13.0,1127.75
SIA,RJ,202502,6069134,0206010052,1.0,86.75
SIA,RJ,202502,2278677,0211020036,460.0,2369.0
SIA,RJ,202502,4961331,0206030029,7.0,607.25
SIA,RJ,202502,2704587,0206010036,1.0,86.76
SIA,RJ,202502,3145786,0206020015,2.0,173.5
SIA,RJ,202502,6284957,0206020015,2.0,173.5
SIA,RJ,202502,0025186,0206010052,4.0,347.0
SIA,RJ,202502,2278332,0211020036,561.0,2889.15
SIA,RJ,202502,2267187,0206020031,5.0,682.05
SIA,RJ,202502,2292386,0206020015,2.0,173.5
SIA,RJ,202502,2278634,0211020036,145.0,746.75
SIA,RJ,202502,7449135,0211020036,272.0,1400.8
SIA,RJ,202502,6284957,0206030029,2.0,173.5
SIA,RJ,202502,2287382,0206030037,2.0,277.26
SIA,RJ,202502,2290235,0211020036,197.0,1014.55
SIA,RJ,202502,0113891,0206030029,1.0,86.75
SIA,RJ,202502,2296241,0206010036,3.0,260.28
SIA,RJ,202502,2282801,0206010052,1.0,86.75
SIA,RJ,202502,6225152,0206010044,1.0,86.75
SIA,RJ,202502,2284634,0206010010,1.0,86.76
SIA,RJ,202502,3002187,0206010052,1.0,86.75
SIA,RJ,202502,6311601,0211020036,110.0,566.5
SIA,RJ,202502,2280051,0206010036,1.0,86.76
SIA,RJ,202502,2278731,0206010036,1.0,86.76
SIA,RJ,202502,0777633,0211020036,382.0,1967.3
SIA,RJ,202502,2275597,0211020036,811.0,4176.65
SIA,RJ,202502,6902316,0211020036,59.0,303.85
SIA,RJ,202502,4961331,0206020015,3.0,260.25
SIA,RJ,202502,9074457,0206020015,1.0,86.75
SIA,RJ,202502,2294990,0211020036,7.0,36.05
SIA,RJ,202502,2267705,0211020036,145.0,746.75
SIA,RJ,202502,2287250,0206020015,1.0,86.75
SIA,RJ,202502,2290073,0211020036,96.0,494.4
SIA,RJ,202502,0025135,0206010052,2.0,173.5
SIA,RJ,202502,2268507,0206010036,1.0,86.76
SIA,RJ,202502,9895124,0206010060,1.0,97.44
SIA,RJ,202502,0012505,0211020036,667.0,3435.05
SIA,RJ,202502,6284957,0206010060,1.0,97.44
SIA,RJ,202502,0103616,0211020036,200.0,1030.0
SIA,RJ,202502,7911076,0211020036,1.0,5.15
SIA,RJ,202502,0012580,0211020036,20.0,103.0
SIA,RJ,202502,2266652,0211020036,72.0,370.8
SIA,RJ,202502,2266687,0211020036,24.0,123.6
SIA,RJ,202502,0012513,0211020036,110.0,566.5
SIA,RJ,202502,6225152,0206010010,2.0,173.52
SIA,RJ,202502,2274310,0206030029,1.0,86.75
SIA,RJ,202502,0012505,0206010036,2.0,173.52
SIA,RJ,202502,2296195,0211020036,18.0,92.7
SIA,RJ,202502,0025135,0206020023,2.0,173.5
SIA,RJ,202502,7588577,0206010052,8.0,694.0
SIA,RJ,202502,2267195,0211020036,148.0,762.2
SIA,RJ,202502,3386953,0211020036,232.0,1194.8
SIA,RJ,202502,2266660,0211020036,118.0,607.7
SIA,RJ,202502,0012726,0211020036,71.0,365.65
SIA,RJ,202502,2268507,0206020015,1.0,86.75
SIA,RJ,202502,2267713,0206010044,2.0,173.5
SIA,RJ,202502,2280868,0206010060,1.0,97.44
SIA,RJ,202502,2267209,0211020036,144.0,741.6
SIA,RJ,202502,2275635,0206020023,3.0,260.25
SIA,RJ,202502,2798662,0211020036,967.0,4980.05
SIA,RJ,202502,6091997,0206010052,4.0,347.0
SIA,RJ,202502,9747028,0206010052,3.0,260.25
SIA,RJ,202502,6794602,0211020036,791.0,4073.65
SIA,RJ,202502,6420737,0206010052,1.0,86.75
SIA,RJ,202502,3395340,0206020023,2.0,173.5
SIA,RJ,202502,3963462,0211020036,30.0,154.5
SIA,RJ,202502,2276186,0211020036,213.0,1096.95
SIA,RJ,202502,2297140,0211020036,725.0,3733.75
SIA,RJ,202502,6200702,0206020031,1.0,136.41
SIA,RJ,202502,2266717,0211020036,55.0,283.25
SIA,RJ,202502,2267217,0211020036,16.0,82.4
SIA,RJ,202502,2287374,0206010044,2.0,173.5
SIA,RJ,202502,0012637,0211020036,238.0,1225.7
SIA,RJ,202502,0105317,0206020023,1.0,86.75
SIA,RJ,202502,0012645,0211020036,137.0,705.55
SIA,RJ,202502,0012556,0211020036,92.0,473.8
SIA,RJ,202502,2288885,0206010060,1.0,97.44
SIA,RJ,202502,2288109,0211020036,146.0,751.9
SIA,RJ,202502,2267187,0211020060,4.0,120.0
SIA,RJ,202502,2278855,0206030029,1.0,86.75
SIA,RJ,202502,3584968,0211020036,602.0,3100.3
SIA,RJ,202502,2287285,0206010044,3.0,260.25
SIA,RJ,202502,6660649,0206010060,1.0,97.44
SIA,RJ,202502,3145786,0206010028,4.0,404.4
SIA,RJ,202502,2268507,0206010010,1.0,86.76
SIA,RJ,202502,2287382,0206030029,1.0,86.75
SIA,RJ,202502,2284510,0211020036,368.0,1895.2
SIA,RJ,202502,2284200,0211020036,238.0,1225.7
SIA,RJ,202502,2284154,0211020036,671.0,3455.65
SIA,RJ,202502,2284103,0211020036,323.0,1663.45
SIA,RJ,202502,3145786,0206020031,1.0,136.41
SIA,RJ,202502,0997331,0206020023,1.0,86.75
SIA,RJ,202502,2274310,0206010036,1.0,86.76
SIA,RJ,202502,2291029,0211020036,328.0,1689.2
SIA,RJ,202502,4035089,0206020015,1.0,86.75
SIA,RJ,202502,4961331,0206010052,2.0,173.5
SIA,RJ,202502,7595905,0211020036,701.0,3610.15
SIA,RJ,202502,2274213,0211020036,8.0,41.2
SIA,RJ,202502,2697041,0211020010,78.0,56943.12
SIA,RJ,202502,2285975,0211020036,41.0,211.15
SIA,RJ,202502,2267802,0211020036,59.0,303.85
SIA,RJ,202502,0026050,0211020010,159.0,116076.36
SIA,RJ,202502,2287919,0206010036,1.0,86.76
SIA,RJ,202502,2287919,0211020036,28.0,144.2
SIA,RJ,202502,2292386,0206010052,2.0,173.5
SIA,RJ,202502,5967198,0211020036,424.0,2183.6
SIA,RJ,202502,2293501,0211020060,6.0,180.0
SIA,RJ,202502,6120423,0206010010,1.0,86.76
SIA,RJ,202502,2274221,0211020036,6.0,30.9
SIA,RJ,202502,2277611,0211020036,171.0,880.65
SIA,RJ,202502,2277743,0211020036,43.0,221.45
SIA,RJ,202502,2287919,0206010010,1.0,86.76
SIA,RJ,202502,5522692,0211020036,4.0,20.6
SIA,RJ,202502,2281384,0211020036,78.0,401.7
SIA,RJ,202502,2281082,0211020036,110.0,566.5
SIA,RJ,202502,6723187,0211020036,61.0,314.15
SIA,RJ,202502,6035809,0211020036,2164.0,11144.6
SIA,RJ,202502,2281112,0211020036,2.0,10.3
SIA,RJ,202502,3386937,0206020015,2.0,173.5
SIA,RJ,202502,6922597,0211020036,1134.0,5840.1
SIA,RJ,202502,9895124,0205010016,1.0,165.0
SIA,RJ,202502,2298708,0211020036,308.0,1586.2
SIA,RJ,202502,2286289,0206020023,1.0,86.75
SIA,RJ,202502,2283395,0211020036,39.0,200.85
SIA,RJ,202502,6225152,0206020031,1.0,136.41
SIA,RJ,202502,9406042,0211020036,6.0,30.9
SIA,RJ,202502,2278138,0211020036,285.0,1467.75
SIA,RJ,202502,7584474,0211020036,172.0,885.8
SIA,RJ,202502,2288230,0211020036,29.0,149.35
SIA,RJ,202502,2284189,0211020036,836.0,4305.4
SIA,RJ,202502,6598722,0211020036,409.0,2106.35
SIA,RJ,202502,5931517,0211020036,1.0,5.15
SIA,RJ,202502,2277700,0211020036,325.0,1673.75
SIA,RJ,202502,7164440,0211020036,153.0,787.95
SIA,RJ,202502,2284170,0211020036,118.0,607.7
SIA,RJ,202502,2271672,0211020036,67.0,345.05
SIA,RJ,202502,2292386,0211020060,4.0,120.0
SIA,RJ,202502,0105317,0206010036,1.0,86.76
SIA,RJ,202502,7352751,0211020036,1103.0,5680.45
SIA,RJ,202502,7584458,0211020036,132.0,679.8
SIA,RJ,202502,2274884,0211020036,35.0,180.25
SIA,RJ,202502,3477371,0206010079,3.0,292.32
SIA,RJ,202502,4104668,0211020036,15.0,77.25
SIA,RJ,202502,2274167,0211020036,14.0,72.1
SIA,RJ,202502,2277719,0211020036,218.0,1122.7
SIA,RJ,202502,2277751,0211020036,78.0,401.7
SIA,RJ,202502,2286777,0211020036,127.0,654.05
SIA,RJ,202502,2286912,0211020036,0.0,0.0
SIA,RJ,202502,2287005,0211020036,27.0,139.05
SIA,RJ,202502,2287374,0211020036,380.0,1957.0
SIA,RJ,202502,2284634,0211020036,149.0,767.35
SIA,RJ,202502,7676670,0211020036,30.0,154.5
SIA,RJ,202502,0271152,0211020036,5.0,25.75
SIA,RJ,202502,6091679,0206010036,1.0,86.76
SIA,RJ,202502,3405435,0211020036,10.0,51.5
SIA,RJ,202502,2274876,0211020036,19.0,97.85
SIA,RJ,202502,0673471,0211020036,23.0,118.45
SIA,RJ,202502,7266650,0211020036,0.0,0.0
SIA,RJ,202502,5683688,0211020036,619.0,3187.85
SIA,RJ,202502,6909663,0211020036,399.0,2054.85
SIA,RJ,202502,4089189,0211020036,3.0,15.45
SIA,RJ,202502,4732405,0211020036,505.0,2600.75
SIA,RJ,202502,6033075,0211020036,258.0,1328.7
SIA,RJ,202502,0997331,0206010044,1.0,86.75
SIA,RJ,202502,0562319,0211020036,10.0,51.5
SIA,RJ,202502,2281147,0211020036,28.0,144.2
SIA,RJ,202502,3395340,0211020060,353.0,10590.0
SIA,RJ,202502,2280582,0211020036,344.0,1771.6
SIA,RJ,202502,2272601,0211020036,36.0,185.4
SIA,RJ,202502,0068519,0211020036,118.0,607.7
SIA,RJ,202502,5095824,0211020036,96.0,494.4
SIA,RJ,202502,4572211,0211020036,696.0,3584.4
SIA,RJ,202502,4713737,0211020036,123.0,633.45
SIA,RJ,202502,2275422,0211020036,119.0,612.85
SIA,RJ,202502,2287757,0211020036,112.0,576.8
SIA,RJ,202502,4251083,0211020036,76.0,391.4
SIA,RJ,202502,2275562,0211020036,687.0,3538.05
SIA,RJ,202502,2271842,0211020036,24.0,123.6
SIA,RJ,202502,2277581,0211020036,288.0,1483.2
SIA,RJ,202502,7003692,0211020036,330.0,1699.5
SIA,RJ,202502,7625987,0211020036,1129.0,5814.35
SIA,RJ,202502,9710078,0206010036,1.0,86.76
SIA,RJ,202502,3111156,0211020036,1214.0,6252.1
SIA,RJ,202502,2704633,0211020036,131.0,674.65
SIA,RJ,202502,2277549,0211020060,23.0,690.0
SIA,RJ,202502,2292270,0211020036,82.0,422.3
SIA,RJ,202502,2278200,0211020036,68.0,350.2
SIA,RJ,202502,2292319,0211020036,131.0,674.65
SIA,RJ,202502,2288168,0211020036,5.0,25.75
SIA,RJ,202502,2277603,0211020036,222.0,1143.3
SIA,RJ,202502,2286343,0211020036,191.0,983.65
SIA,RJ,202502,2276267,0211020036,230.0,1184.5
SIA,RJ,202502,2273101,0211020036,50.0,257.5
SIA,RJ,202502,2274299,0211020036,310.0,1596.5
SIA,RJ,202502,6559565,0211020036,18.0,92.7
SIA,RJ,202502,2267349,0211020036,103.0,530.45
SIA,RJ,202502,2274280,0211020036,105.0,540.75
SIA,RJ,202502,6376584,0211020036,138.0,710.7
SIA,RJ,202502,2283379,0211020036,5.0,25.75
SIA,RJ,202502,2287161,0211020036,12.0,61.8
SIA,RJ,202502,2287579,0211020036,200.0,1030.0
SIA,RJ,202502,7354746,0211020036,239.0,1230.85
SIA,RJ,202502,2280604,0211020036,218.0,1122.7
SIA,RJ,202502,2294923,0211020060,8.0,240.0
SIA,RJ,202502,2268019,0211020060,5.0,150.0
SIA,RJ,202502,2289571,0211020036,10182.0,52437.3
SIA,RJ,202502,4052099,0211020036,44.0,226.6
SIA,RJ,202502,2278197,0211020036,198.0,1019.7
SIA,RJ,202502,2271915,0211020036,245.0,1261.75
SIA,RJ,202502,2296691,0211020036,1006.0,5180.9
SIA,RJ,202502,9820310,0211020060,33.0,990.0
