sistema,uf,competencia,cnes,procedimento,qtd,valor
SIA,BA,202501,9560785,0211020036,230.0,1184.5
SIA,BA,202501,2386569,0206020015,5.0,433.75
SIA,BA,202501,0829781,0206010079,270.0,26308.8
SIA,BA,202501,0829781,0206020031,184.0,25099.44
SIA,BA,202501,2799758,0206020031,261.0,35603.01
SIA,BA,202501,0003859,0206030037,74.0,10258.62
SIA,BA,202501,0829781,0206030037,149.0,20655.87
SIA,BA,202501,3972925,0206030010,123.0,17051.49
SIA,BA,202501,2799758,0206010079,708.0,68987.52
SIA,BA,202501,2799758,0206010044,180.0,15615.0
SIA,BA,202501,3972925,0206010079,121.0,11790.24
SIA,BA,202501,0829781,0211020036,324.0,1668.6
SIA,BA,202501,0829781,0206010028,91.0,9200.1
SIA,BA,202501,0829781,0206030010,163.0,22596.69
SIA,BA,202501,2799286,0206020031,17.0,2318.97
SIA,BA,202501,0003859,0206030010,70.0,9704.1
SIA,BA,202501,0829781,0206010010,31.0,2689.56
SIA,BA,202501,0003859,0206010079,34.0,3312.96
SIA,BA,202501,2799758,0206030010,206.0,28557.78
SIA,BA,202501,2913348,0206010044,12.0,1041.0
SIA,BA,202501,2913348,0211020036,96.0,494.4
SIA,BA,202501,2524996,0211020036,20.0,103.0
SIA,BA,202501,4145542,0206020031,46.0,6274.86
SIA,BA,202501,9837841,0206030010,21.0,2911.23
SIA,BA,202501,0786608,0206020031,59.0,8048.19
SIA,BA,202501,2388057,0206010079,373.0,36345.12
SIA,BA,202501,2799758,0206030037,104.0,14417.52
SIA,BA,202501,3972925,0206030037,125.0,17328.75
SIA,BA,202501,3271110,0206030010,108.0,14972.04
SIA,BA,202501,2627418,0206010079,71.0,6918.24
SIA,BA,202501,2388057,0206020031,185.0,25235.85
SIA,BA,202501,9372822,0206010044,34.0,2949.5
SIA,BA,202501,2627418,0206030010,27.0,3743.01
SIA,BA,202501,4028155,0206010010,4.0,347.04
SIA,BA,202501,0004294,0206020031,265.0,36148.65
SIA,BA,202501,0004294,0206010079,999.0,97342.56
SIA,BA,202501,0003816,0211020036,511.0,2631.65
SIA,BA,202501,2386569,0206010079,153.0,14908.32
SIA,BA,202501,0884189,0206010079,126.0,12277.44
SIA,BA,202501,4028155,0206030010,216.0,29944.08
SIA,BA,202501,4028155,0206020031,116.0,15823.56
SIA,BA,202501,3968537,0206010044,10.0,867.5
SIA,BA,202501,2386569,0206020031,56.0,7638.96
SIA,BA,202501,0786608,0206030010,65.0,9010.95
SIA,BA,202501,0004294,0206030010,220.0,30498.6
SIA,BA,202501,2913348,0206010079,98.0,9549.12
SIA,BA,202501,2799758,0206010010,193.0,16744.68
SIA,BA,202501,9383298,0206010079,83.0,8087.52
SIA,BA,202501,9372822,0206010079,191.0,18611.04
SIA,BA,202501,0786608,0211020036,91.0,468.65
SIA,BA,202501,0786608,0206010079,101.0,9841.44
SIA,BA,202501,0786608,0206030029,11.0,954.25
SIA,BA,202501,2913348,0206030029,11.0,954.25
SIA,BA,202501,0829781,0206030029,48.0,4164.0
SIA,BA,202501,2799758,0206010028,67.0,6773.7
SIA,BA,202501,2510936,0211020036,100.0,515.0
SIA,BA,202501,2913348,0206010010,11.0,954.36
SIA,BA,202501,2913348,0206030037,48.0,6654.24
SIA,BA,202501,2388057,0206030010,228.0,31607.64
SIA,BA,202501,2388057,0206030037,258.0,35766.54
SIA,BA,202501,2388057,0206010028,20.0,2022.0
SIA,BA,202501,2388057,0206010052,29.0,2515.75
SIA,BA,202501,0003859,0206020031,55.0,7502.55
SIA,BA,202501,0884189,0211020036,137.0,705.55
SIA,BA,202501,2388057,0206010010,25.0,2169.0
SIA,BA,202501,2913348,0206020031,38.0,5183.58
SIA,BA,202501,2913348,0206030010,36.0,4990.68
SIA,BA,202501,2627418,0206020031,23.0,3137.43
SIA,BA,202501,2386569,0206030010,99.0,13724.37
SIA,BA,202501,2862301,0206030037,13.0,1802.19
SIA,BA,202501,7675135,0206020031,50.0,6820.5
SIA,BA,202501,7675135,0206030037,11.0,1524.93
SIA,BA,202501,3271110,0206010079,48.0,4677.12
SIA,BA,202501,0786608,0206030037,57.0,7901.91
SIA,BA,202501,2386569,0206010036,5.0,433.8
SIA,BA,202501,2386569,0206020023,7.0,607.25
SIA,BA,202501,9372822,0211020036,185.0,952.75
SIA,BA,202501,9383298,0206030010,27.0,3743.01
SIA,BA,202501,9372822,0206030037,58.0,8040.54
SIA,BA,202501,6194745,0211020036,55.0,1428.35
SIA,BA,202501,9372822,0206010028,66.0,6672.6
SIA,BA,202501,0884189,0206030037,51.0,7070.13
SIA,BA,202501,2388057,0206010060,2.0,194.88
SIA,BA,202501,3972925,0206010044,38.0,3296.5
SIA,BA,202501,0004294,0206010044,338.0,29321.5
SIA,BA,202501,0004294,0206010010,225.0,19521.0
SIA,BA,202501,2386569,0206030037,109.0,15110.67
SIA,BA,202501,2388057,0206010036,26.0,2255.76
SIA,BA,202501,0004294,0206010028,96.0,9705.6
SIA,BA,202501,0004294,0206010036,91.0,7895.16
SIA,BA,202501,4145542,0206010028,4.0,404.4
SIA,BA,202501,0003816,0206020031,88.0,12004.08
SIA,BA,202501,3968537,0206010079,33.0,3215.52
SIA,BA,202501,7675135,0206030010,45.0,6238.35
SIA,BA,202501,9372822,0206030010,55.0,7624.65
SIA,BA,202501,9837841,0206010010,7.0,607.32
SIA,BA,202501,4028155,0206010052,21.0,1821.75
SIA,BA,202501,0884189,0206030029,12.0,1041.0
SIA,BA,202501,2388057,0206020015,18.0,1561.5
SIA,BA,202501,0786608,0206010028,22.0,2224.2
SIA,BA,202501,0786608,0206010044,26.0,2255.5
SIA,BA,202501,4028155,0206010079,122.0,11887.68
SIA,BA,202501,0003859,0206010052,7.0,607.25
SIA,BA,202501,2388057,0206010044,36.0,3123.0
SIA,BA,202501,0884189,0206010010,9.0,780.84
SIA,BA,202501,0004294,0206030037,238.0,32993.94
SIA,BA,202501,3972925,0206020015,14.0,1214.5
SIA,BA,202501,4145542,0211020036,117.0,602.55
SIA,BA,202501,0004294,0206020015,50.0,4337.5
SIA,BA,202501,4145542,0206030010,52.0,7208.76
SIA,BA,202501,0829781,0206010044,46.0,3990.5
SIA,BA,202501,0004251,0206020031,24.0,3273.84
SIA,BA,202501,2862301,0206010079,46.0,4482.24
SIA,BA,202501,0884189,0211020060,68.0,2040.0
SIA,BA,202501,7094647,0206020031,15.0,2046.15
SIA,BA,202501,2487756,0211020060,63.0,1890.0
SIA,BA,202501,3271110,0206020031,40.0,5456.4
SIA,BA,202501,2415844,0206010044,2.0,173.5
SIA,BA,202501,0829781,0206020015,18.0,1561.5
SIA,BA,202501,2862301,0206010010,7.0,607.32
SIA,BA,202501,2514311,0211020036,32.0,164.8
SIA,BA,202501,0003859,0206030029,2.0,173.5
SIA,BA,202501,4145542,0206010079,78.0,7600.32
SIA,BA,202501,4598334,0211020036,1200.0,6180.0
SIA,BA,202501,3968537,0206030010,15.0,2079.45
SIA,BA,202501,3972925,0206020031,106.0,14459.46
SIA,BA,202501,2799758,0206020015,8.0,694.0
SIA,BA,202501,9007148,0211020036,1283.0,6607.45
SIA,BA,202501,9837841,0206010079,62.0,6041.28
SIA,BA,202501,4028155,0206030037,208.0,28835.04
SIA,BA,202501,2386569,0206010010,17.0,1474.92
SIA,BA,202501,2385015,0208010025,77.0,31456.04
SIA,BA,202501,3972925,0206010036,9.0,780.84
SIA,BA,202501,0003859,0206010044,9.0,780.75
SIA,BA,202501,3972925,0206030029,19.0,1648.25
SIA,BA,202501,4145542,0206010044,18.0,1561.5
SIA,BA,202501,2862301,0206010028,3.0,303.3
SIA,BA,202501,0003859,0206010028,5.0,505.5
SIA,BA,202501,7675135,0206010044,2.0,173.5
SIA,BA,202501,2799758,0206020023,35.0,3036.25
SIA,BA,202501,9372822,0206010010,35.0,3036.6
SIA,BA,202501,2799286,0211020036,209.0,1076.35
SIA,BA,202501,0884189,0206020031,48.0,6547.68
SIA,BA,202501,4145542,0206010036,1.0,86.76
SIA,BA,202501,4145542,0206030037,54.0,7486.02
SIA,BA,202501,4028155,0206030029,10.0,867.5
SIA,BA,202501,9837841,0206010028,17.0,1718.7
SIA,BA,202501,2385015,0208010033,73.0,27964.11
SIA,BA,202501,7092776,0211020060,10.0,300.0
SIA,BA,202501,2799758,0206010036,40.0,3470.4
SIA,BA,202501,2386569,0206010028,20.0,2022.0
SIA,BA,202501,2386569,0206030029,11.0,954.25
SIA,BA,202501,2627418,0206010028,23.0,2325.3
SIA,BA,202501,2913348,0206010028,30.0,3033.0
SIA,BA,202501,0003816,0206030010,85.0,11783.55
SIA,BA,202501,0003816,0206010079,22.0,2143.68
SIA,BA,202501,0004294,0206030029,74.0,6419.5
SIA,BA,202501,3968537,0206030029,2.0,173.5
SIA,BA,202501,7094647,0206010079,12.0,1169.28
SIA,BA,202501,0004294,0206010052,43.0,3730.25
SIA,BA,202501,7094647,0206010028,1.0,101.1
SIA,BA,202501,9837841,0206010036,4.0,347.04
SIA,BA,202501,9837841,0211020036,76.0,391.4
SIA,BA,202501,4145542,0211020060,38.0,1140.0
SIA,BA,202501,0884189,0206010044,38.0,3296.5
SIA,BA,202501,2388057,0206030029,32.0,2776.0
SIA,BA,202501,9372822,0211020060,47.0,1410.0
SIA,BA,202501,9372822,0206020031,79.0,10776.39
SIA,BA,202501,0003816,0206010010,8.0,694.08
SIA,BA,202501,0003816,0206010052,12.0,1041.0
SIA,BA,202501,0003816,0206010044,31.0,2689.25
SIA,BA,202501,7596871,0211020036,227.0,1169.05
SIA,BA,202501,9383298,0206030037,23.0,3188.49
SIA,BA,202501,2799286,0206030037,8.0,1109.04
SIA,BA,202501,2627418,0206010010,7.0,607.32
SIA,BA,202501,7675135,0206010079,2.0,194.88
SIA,BA,202501,2415844,0206010079,4.0,389.76
SIA,BA,202501,2799758,0206030029,5.0,433.75
SIA,BA,202501,4028155,0206010044,8.0,694.0
SIA,BA,202501,9372822,0206030029,25.0,2168.75
SIA,BA,202501,3972925,0206010010,20.0,1735.2
SIA,BA,202501,0829781,0206010052,20.0,1735.0
SIA,BA,202501,9383298,0206010028,6.0,606.6
SIA,BA,202501,9383298,0206010044,10.0,867.5
SIA,BA,202501,0829781,0206010036,13.0,1127.88
SIA,BA,202501,2862301,0206020031,5.0,682.05
SIA,BA,202501,4024222,0211020036,26.0,133.9
SIA,BA,202501,6988474,0211020036,11.0,56.65
SIA,BA,202501,2799286,0206030010,11.0,1524.93
SIA,BA,202501,9837841,0206020031,14.0,1909.74
SIA,BA,202501,9837841,0206020015,7.0,607.25
SIA,BA,202501,2799758,0206010052,3.0,260.25
SIA,BA,202501,2862301,0206020023,2.0,173.5
SIA,BA,202501,0884189,0206030010,55.0,7624.65
SIA,BA,202501,2388057,0206020023,21.0,1821.75
SIA,BA,202501,3271110,0206010010,8.0,694.08
SIA,BA,202501,0006564,0211020036,67.0,345.05
SIA,BA,202501,9837841,0206030037,20.0,2772.6
SIA,BA,202501,9383298,0206020031,15.0,2046.15
SIA,BA,202501,9837841,0211020060,23.0,690.0
SIA,BA,202501,2801507,0206010044,4.0,347.0
SIA,BA,202501,2627418,0206010052,4.0,347.0
SIA,BA,202501,2386569,0206010044,13.0,1127.75
SIA,BA,202501,3271110,0206010044,7.0,607.25
SIA,BA,202501,3972925,0206010028,12.0,1213.2
SIA,BA,202501,2799286,0206010079,3.0,292.32
SIA,BA,202501,2799820,0211020036,48.0,247.2
SIA,BA,202501,0884189,0206010028,16.0,1617.6
SIA,BA,202501,2557088,0211020036,43.0,221.45
SIA,BA,202501,3893170,0211020036,11.0,56.65
SIA,BA,202501,9383298,0206010036,9.0,780.84
SIA,BA,202501,9052844,0206020031,4.0,1480.0
SIA,BA,202501,0204595,0211020036,913.0,4701.95
SIA,BA,202501,0884189,0206010036,4.0,347.04
SIA,BA,202501,3271110,0206030037,9.0,1247.67
SIA,BA,202501,7945671,0211020036,238.0,1225.7
SIA,BA,202501,3972925,0206010052,4.0,347.0
SIA,BA,202501,2862301,0206030010,13.0,1802.19
SIA,BA,202501,9372822,0206010036,6.0,520.56
SIA,BA,202501,0884189,0206010052,5.0,433.75
SIA,BA,202501,3271110,0206010052,5.0,433.75
SIA,BA,202501,9837841,0206030029,4.0,347.0
SIA,BA,202501,4028155,0211020036,450.0,2317.5
SIA,BA,202501,4028155,0206010028,5.0,505.5
SIA,BA,202501,0786608,0206010052,4.0,347.0
SIA,BA,202501,0003859,0206010010,1.0,86.76
SIA,BA,202501,0003859,0206010036,2.0,173.52
SIA,BA,202501,4145542,0206010010,3.0,260.28
SIA,BA,202501,2414465,0211020036,29.0,149.35
SIA,BA,202501,2387042,0211020036,90.0,463.5
SIA,BA,202501,2301687,0211020036,244.0,1256.6
SIA,BA,202501,2388057,0211020036,461.0,2374.15
SIA,BA,202501,4028155,0206020015,6.0,520.5
SIA,BA,202501,7094647,0206010052,1.0,86.75
SIA,BA,202501,9372822,0206010052,11.0,954.25
SIA,BA,202501,2507447,0206010079,1.0,220.0
SIA,BA,202501,9383298,0206010010,17.0,1474.92
SIA,BA,202501,0003859,0206020015,6.0,520.5
SIA,BA,202501,2913348,0206020015,3.0,260.25
SIA,BA,202501,2415844,0206030010,2.0,277.26
SIA,BA,202501,0003816,0206030037,70.0,9704.1
SIA,BA,202501,7037880,0211020036,5.0,25.75
SIA,BA,202501,3956369,0211020036,199.0,1024.85
SIA,BA,202501,2487756,0206010079,2.0,194.88
SIA,BA,202501,0786608,0206010036,9.0,780.84
SIA,BA,202501,4028155,0206010036,3.0,260.28
SIA,BA,202501,2801914,0211020036,213.0,1096.95
SIA,BA,202501,4145542,0206030029,8.0,694.0
SIA,BA,202501,9837841,0206010044,5.0,433.75
SIA,BA,202501,0786608,0206010010,7.0,607.32
SIA,BA,202501,0003778,0206030037,93.0,12892.59
SIA,BA,202501,4389034,0211020036,86.0,442.9
SIA,BA,202501,2520613,0206030037,53.0,7347.39
SIA,BA,202501,6414702,0206030010,467.0,64740.21
SIA,BA,202501,2802023,0206030037,147.0,20378.61
SIA,BA,202501,2799790,0206020031,230.0,31374.3
SIA,BA,202501,2802104,0206020031,342.0,46652.22
SIA,BA,202501,2802104,0206030037,323.0,44777.49
SIA,BA,202501,0003980,0206030037,215.0,29805.45
SIA,BA,202501,6414702,0206030037,478.0,66265.14
SIA,BA,202501,6602533,0206010079,135.0,13154.4
SIA,BA,202501,2802104,0206030010,357.0,49490.91
SIA,BA,202501,2802023,0206020015,8.0,694.0
SIA,BA,202501,0003980,0206030010,208.0,28835.04
SIA,BA,202501,0003980,0206010079,211.0,20559.84
SIA,BA,202501,0003786,0206020031,627.0,85529.07
SIA,BA,202501,9443665,0206020015,9.0,780.75
SIA,BA,202501,2520613,0206010079,129.0,12569.76
SIA,BA,202501,2799839,0206010052,52.0,4511.0
SIA,BA,202501,6414702,0206010079,567.0,55248.48
SIA,BA,202501,2799839,0206010079,59.0,5748.96
SIA,BA,202501,2802023,0206010079,200.0,19488.0
SIA,BA,202501,9443665,0206010079,273.0,26601.12
SIA,BA,202501,0003778,0206030010,249.0,34518.87
SIA,BA,202501,4324307,0211020036,940.0,4841.0
SIA,BA,202501,4026624,0211020036,133.0,684.95
SIA,BA,202501,2520613,0206030010,56.0,7763.28
SIA,BA,202501,9443665,0206030010,236.0,32716.68
SIA,BA,202501,9443665,0206030037,232.0,32162.16
SIA,BA,202501,9443665,0206020031,124.0,16914.84
SIA,BA,202501,6237509,0206030037,11.0,2475.0
SIA,BA,202501,9866027,0211020036,221.0,1138.15
SIA,BA,202501,6414702,0206010044,65.0,5638.75
SIA,BA,202501,2802104,0206010079,37.0,3605.28
SIA,BA,202501,2802023,0206030010,150.0,20794.5
SIA,BA,202501,0003786,0206010052,177.0,15354.75
SIA,BA,202501,2799790,0206030010,194.0,26894.22
SIA,BA,202501,9866027,0206030010,64.0,8872.32
SIA,BA,202501,9866027,0206010079,107.0,10426.08
SIA,BA,202501,0004251,0208010033,48.0,18387.36
SIA,BA,202501,0004251,0208010025,48.0,19608.96
SIA,BA,202501,0004251,0206010079,4.0,389.76
SIA,BA,202501,9866027,0206030037,64.0,8872.32
SIA,BA,202501,2494973,0206010044,10.0,867.5
SIA,BA,202501,2494973,0206010052,7.0,607.25
SIA,BA,202501,4026896,0206010079,92.0,8964.48
SIA,BA,202501,2494973,0206030010,65.0,9010.95
SIA,BA,202501,0003875,0206020031,197.0,26872.77
SIA,BA,202501,0059218,0206020031,66.0,9003.06
SIA,BA,202501,0059218,0206010079,122.0,11887.68
SIA,BA,202501,4026896,0206030010,100.0,13863.0
SIA,BA,202501,2938499,0206030010,83.0,11506.29
SIA,BA,202501,2938499,0206010079,100.0,9744.0
SIA,BA,202501,0003786,0206030037,506.0,70146.78
SIA,BA,202501,2802104,0206010044,57.0,4944.75
SIA,BA,202501,6414702,0206020023,44.0,3817.0
SIA,BA,202501,6414702,0206010028,27.0,2729.7
SIA,BA,202501,0003786,0208010025,126.0,51473.52
SIA,BA,202501,0884189,0206020015,8.0,694.0
SIA,BA,202501,2520613,0206020031,46.0,6274.86
SIA,BA,202501,0003786,0206030010,441.0,61135.83
SIA,BA,202501,4389034,0206010079,162.0,15785.28
SIA,BA,202501,0003980,0206030029,29.0,2515.75
SIA,BA,202501,2489511,0208010033,23.0,8810.61
SIA,BA,202501,2938499,0206030037,83.0,11506.29
SIA,BA,202501,2520613,0206010028,7.0,707.7
SIA,BA,202501,3374386,0206010079,43.0,4189.92
SIA,BA,202501,0003875,0206030010,130.0,18021.9
SIA,BA,202501,9922962,0206010079,239.0,23288.16
SIA,BA,202501,9373845,0206010044,79.0,6853.25
SIA,BA,202501,9922962,0211020060,75.0,2250.0
SIA,BA,202501,9922962,0206030010,57.0,7901.91
SIA,BA,202501,0059218,0206030010,40.0,5545.2
SIA,BA,202501,4422325,0211020036,68.0,350.2
SIA,BA,202501,0059218,0206010010,16.0,1388.16
SIA,BA,202501,9052844,0206030010,2.0,740.0
SIA,BA,202501,9922962,0206020031,81.0,11049.21
SIA,BA,202501,9922962,0206010028,75.0,7582.5
SIA,BA,202501,9866035,0206020031,72.0,9821.52
SIA,BA,202501,7033974,0211020036,593.0,3053.95
SIA,BA,202501,2489511,0208010025,23.0,9395.96
SIA,BA,202501,0059218,0206010028,41.0,4145.1
SIA,BA,202501,2494973,0206010079,66.0,6431.04
SIA,BA,202501,2494973,0206030037,65.0,9010.95
SIA,BA,202501,0003875,0208010025,19.0,7761.88
SIA,BA,202501,9443665,0206010036,22.0,1908.72
SIA,BA,202501,9866035,0211020060,85.0,2550.0
SIA,BA,202501,9866035,0206010079,213.0,20754.72
SIA,BA,202501,9373845,0206010079,307.0,29914.08
SIA,BA,202501,9922962,0211020036,271.0,1395.65
SIA,BA,202501,9373845,0206020031,165.0,22507.65
SIA,BA,202501,2799839,0206030010,33.0,4574.79
SIA,BA,202501,9511377,0211020036,141.0,726.15
SIA,BA,202501,9373845,0211020036,323.0,1663.45
SIA,BA,202501,0003980,0206010044,35.0,3036.25
SIA,BA,202501,0003786,0206010036,22.0,1908.72
SIA,BA,202501,4389034,0211020060,92.0,2760.0
SIA,BA,202501,4389034,0206020031,106.0,14459.46
SIA,BA,202501,2802023,0206020023,28.0,2429.0
SIA,BA,202501,0003778,0206020031,185.0,25235.85
SIA,BA,202501,4389034,0206010044,23.0,1995.25
SIA,BA,202501,0003816,0211020060,31.0,930.0
SIA,BA,202501,0003786,0208010033,133.0,50948.31
SIA,BA,202501,2938499,0206020031,49.0,6684.09
SIA,BA,202501,4389034,0206030010,56.0,7763.28
SIA,BA,202501,4389034,0206030029,33.0,2862.75
SIA,BA,202501,9922962,0206010044,24.0,2082.0
SIA,BA,202501,0004073,0206030037,36.0,4990.68
SIA,BA,202501,6414702,0206010010,73.0,6333.48
SIA,BA,202501,4389034,0206030037,53.0,7347.39
SIA,BA,202501,2802023,0206020031,150.0,20461.5
SIA,BA,202501,4026896,0206030037,80.0,11090.4
SIA,BA,202501,0059218,0206030037,58.0,8040.54
SIA,BA,202501,4026896,0206020031,70.0,9548.7
SIA,BA,202501,0059218,0211020036,309.0,1591.35
SIA,BA,202501,3948684,0206030010,10.0,1386.3
SIA,BA,202501,2520613,0206030029,2.0,173.5
SIA,BA,202501,2660253,0211020036,6.0,30.9
SIA,BA,202501,0003875,0206030037,73.0,10119.99
SIA,BA,202501,0059218,0206010036,11.0,954.36
SIA,BA,202501,4026896,0206010052,10.0,867.5
SIA,BA,202501,4026896,0206010010,20.0,1735.2
SIA,BA,202501,4026896,0206010028,10.0,1011.0
SIA,BA,202501,6292550,0211020036,98.0,2545.06
SIA,BA,202501,0059218,0206030029,12.0,1041.0
SIA,BA,202501,2494973,0206030029,4.0,347.0
SIA,BA,202501,9373845,0211020060,56.0,1680.0
SIA,BA,202501,2802104,0206010052,51.0,4424.25
SIA,BA,202501,9922962,0206030037,57.0,7901.91
SIA,BA,202501,9866027,0206010044,15.0,1301.25
SIA,BA,202501,9373845,0206030037,106.0,14694.78
SIA,BA,202501,2802023,0206010028,20.0,2022.0
SIA,BA,202501,0004073,0206020031,49.0,6684.09
SIA,BA,202501,9373845,0206030010,109.0,15110.67
SIA,BA,202501,9373845,0206010010,15.0,1301.4
SIA,BA,202501,2938499,0206010028,9.0,909.9
SIA,BA,202501,2799790,0206030037,80.0,11090.4
SIA,BA,202501,6602533,0206030010,13.0,1802.19
SIA,BA,202501,2802023,0206010010,29.0,2516.04
SIA,BA,202501,0003980,0206010010,14.0,1214.64
SIA,BA,202501,9866027,0211020060,115.0,3450.0
SIA,BA,202501,2523310,0211020036,11.0,56.65
SIA,BA,202501,9866027,0206010028,46.0,4650.6
SIA,BA,202501,6988423,0211020036,20.0,103.0
SIA,BA,202501,9511377,0211020060,32.0,960.0
SIA,BA,202501,9443665,0206010052,40.0,3470.0
SIA,BA,202501,2523396,0211020036,293.0,1508.95
SIA,BA,202501,4026896,0206010036,6.0,520.56
SIA,BA,202501,0003786,0206020023,17.0,1474.75
SIA,BA,202501,2494973,0206020023,3.0,260.25
SIA,BA,202501,5889448,0206030010,8.0,1109.04
SIA,BA,202501,0004073,0206010079,19.0,1851.36
SIA,BA,202501,4389034,0206010010,28.0,2429.28
SIA,BA,202501,6414702,0206020031,146.0,19915.86
SIA,BA,202501,4026896,0206010044,25.0,2168.75
SIA,BA,202501,0059218,0206010044,21.0,1821.75
SIA,BA,202501,0003875,0206010028,2.0,202.2
SIA,BA,202501,2799790,0206010044,21.0,1821.75
SIA,BA,202501,2802023,0206010044,43.0,3730.25
SIA,BA,202501,6602533,0206030037,14.0,1940.82
SIA,BA,202501,9866035,0206010028,56.0,5661.6
SIA,BA,202501,6414702,0206020015,17.0,1474.75
SIA,BA,202501,2799790,0206010079,198.0,19293.12
SIA,BA,202501,9373845,0206030029,28.0,2429.0
SIA,BA,202501,2487756,0211020036,87.0,448.05
SIA,BA,202501,9866035,0206030029,12.0,1041.0
SIA,BA,202501,0003875,0206010052,24.0,2082.0
SIA,BA,202501,9443665,0211020060,325.0,9750.0
SIA,BA,202501,9922962,0206010036,11.0,954.36
SIA,BA,202501,9866035,0206010044,25.0,2168.75
SIA,BA,202501,9373845,0206010028,64.0,6470.4
SIA,BA,202501,9443665,0211020036,632.0,3254.8
SIA,BA,202501,9443665,0206010044,24.0,2082.0
SIA,BA,202501,6237509,0206010044,3.0,735.0
SIA,BA,202501,6237509,0206010079,28.0,8260.0
SIA,BA,202501,0607126,0206030010,33.0,4574.79
SIA,BA,202501,6414702,0211020036,400.0,2060.0
SIA,BA,202501,2802104,0211020036,985.0,5072.75
SIA,BA,202501,2494973,0206020031,49.0,6684.09
SIA,BA,202501,2520613,0211020036,163.0,839.45
SIA,BA,202501,9443665,0206030029,16.0,1388.0
SIA,BA,202501,0003875,0206010079,22.0,2143.68
SIA,BA,202501,9866035,0206010010,13.0,1127.88
SIA,BA,202501,2799839,0206020015,3.0,260.25
SIA,BA,202501,2413299,0211020036,68.0,350.2
SIA,BA,202501,0003778,0206030029,2.0,173.5
SIA,BA,202501,0003875,0206030029,17.0,1474.75
SIA,BA,202501,0003875,0208010033,19.0,7278.33
SIA,BA,202501,9373845,0206010052,7.0,607.25
SIA,BA,202501,9443665,0206010010,49.0,4251.24
SIA,BA,202501,9443665,0206010028,26.0,2628.6
SIA,BA,202501,4389034,0206010028,89.0,8997.9
SIA,BA,202501,3968537,0206020031,8.0,1091.28
SIA,BA,202501,7037937,0211020036,13.0,66.95
SIA,BA,202501,2938499,0206010044,18.0,1561.5
SIA,BA,202501,0004073,0206030010,42.0,5822.46
SIA,BA,202501,9866027,0206030029,23.0,1995.25
SIA,BA,202501,0005428,0206010079,37.0,3605.28
SIA,BA,202501,2799839,0206020031,18.0,2455.38
SIA,BA,202501,2494973,0206020015,3.0,260.25
SIA,BA,202501,0607126,0206020031,17.0,2318.97
SIA,BA,202501,9866027,0206010036,6.0,520.56
SIA,BA,202501,0607126,0206010079,31.0,3020.64
SIA,BA,202501,0607126,0206020015,4.0,347.0
SIA,BA,202501,2520613,0206010052,7.0,607.25
SIA,BA,202501,6602533,0206030029,2.0,173.5
SIA,BA,202501,4026896,0211020036,126.0,648.9
SIA,BA,202501,9866027,0206010010,15.0,1301.4
SIA,BA,202501,0004251,0206030037,11.0,1524.93
SIA,BA,202501,0005428,0206020031,29.0,3955.89
SIA,BA,202501,0607126,0206030037,23.0,3188.49
SIA,BA,202501,0059218,0206010052,4.0,347.0
SIA,BA,202501,9373845,0206010036,9.0,780.84
SIA,BA,202501,6602533,0206010044,11.0,954.25
SIA,BA,202501,9866027,0206020031,69.0,9412.29
SIA,BA,202501,3948684,0206030037,7.0,970.41
SIA,BA,202501,3948684,0206020031,12.0,1636.92
SIA,BA,202501,2520613,0206010036,2.0,173.52
SIA,BA,202501,2520613,0206010044,3.0,260.25
SIA,BA,202501,6211496,0211020036,360.0,1854.0
SIA,BA,202501,0004251,0206030010,14.0,1940.82
SIA,BA,202501,9922962,0206010010,23.0,1995.48
SIA,BA,202501,2799790,0206010010,13.0,1127.88
SIA,BA,202501,2799839,0206030037,34.0,4713.42
SIA,BA,202501,2799839,0206010044,53.0,4597.75
SIA,BA,202501,0003980,0206020015,20.0,1735.0
SIA,BA,202501,9922962,0206030029,23.0,1995.25
SIA,BA,202501,9866027,0206020015,4.0,347.0
SIA,BA,202501,9866035,0206030037,13.0,1802.19
SIA,BA,202501,2799839,0206010036,4.0,347.04
SIA,BA,202501,0005428,0206030037,12.0,1663.56
SIA,BA,202501,0003778,0206010079,23.0,2241.12
SIA,BA,202501,0003786,0206010079,121.0,11790.24
SIA,BA,202501,6414702,0206010052,5.0,433.75
SIA,BA,202501,2526565,0211020036,80.0,412.0
SIA,BA,202501,0003778,0206010052,10.0,867.5
SIA,BA,202501,0003980,0206020031,29.0,3955.89
SIA,BA,202501,6237509,0206010028,2.0,490.0
SIA,BA,202501,0059218,0206020015,3.0,260.25
SIA,BA,202501,9866035,0206010036,9.0,780.84
SIA,BA,202501,4026896,0206030029,13.0,1127.75
SIA,BA,202501,2520613,0206010010,6.0,520.56
SIA,BA,202501,5889448,0206010079,20.0,1948.8
SIA,BA,202501,9866035,0206030010,7.0,970.41
SIA,BA,202501,4389034,0206020015,20.0,1735.0
SIA,BA,202501,2494973,0206010028,7.0,707.7
SIA,BA,202501,9922962,0206020015,12.0,1041.0
SIA,BA,202501,2799790,0206010028,3.0,303.3
SIA,BA,202501,2799839,0206010010,4.0,347.04
SIA,BA,202501,6237509,0206030010,10.0,2250.0
SIA,BA,202501,2487756,0206030037,1.0,138.63
SIA,BA,202501,2487756,0206030010,1.0,138.63
SIA,BA,202501,4389034,0206010036,9.0,780.84
SIA,BA,202501,0005428,0206030010,11.0,1524.93
SIA,BA,202501,0003875,0205010016,3.0,495.0
SIA,BA,202501,2494973,0206010010,2.0,173.52
SIA,BA,202501,0005428,0206010044,4.0,347.0
SIA,BA,202501,7964145,0211020036,436.0,2245.4
SIA,BA,202501,4389034,0206010052,5.0,433.75
SIA,BA,202501,2802104,0206020023,2.0,173.5
SIA,BA,202501,6237509,0206020031,13.0,4940.0
SIA,BA,202501,9373845,0206020015,6.0,520.5
SIA,BA,202501,3948684,0206010036,1.0,86.76
SIA,BA,202501,0003816,0206010028,2.0,202.2
SIA,BA,202501,0003980,0206010052,8.0,694.0
SIA,BA,202501,0003778,0206010028,12.0,1213.2
SIA,BA,202501,0004073,0206010044,2.0,173.5
SIA,BA,202501,2938499,0206010036,1.0,86.76
SIA,BA,202501,9922962,0206010052,10.0,867.5
SIA,BA,202501,2414430,0211020036,70.0,360.5
SIA,BA,202501,9372822,0206020023,2.0,173.5
SIA,BA,202501,0003980,0206010028,9.0,909.9
SIA,BA,202501,0003875,0206010044,1.0,86.75
SIA,BA,202501,6602533,0206020015,4.0,347.0
SIA,BA,202501,2799790,0206020015,8.0,694.0
SIA,BA,202501,2799839,0206020023,1.0,86.75
SIA,BA,202501,4145542,0206010052,2.0,173.5
SIA,BA,202501,2402564,0211020036,1020.0,5253.0
SIA,BA,202501,0003875,0206010036,1.0,86.76
SIA,BA,202501,2938499,0206020015,3.0,260.25
SIA,BA,202501,4305183,0211020036,3.0,15.45
SIA,BA,202501,0004235,0211020036,2311.0,11901.65
SIA,BA,202501,3208419,0211020036,350.0,1802.5
SIA,BA,202501,3240622,0206030037,3.0,415.89
SIA,BA,202501,6414702,0206010036,11.0,954.36
SIA,BA,202501,0004073,0206030029,5.0,433.75
SIA,BA,202501,0003921,0206020031,114.0,15550.74
SIA,BA,202501,0003921,0206030037,113.0,15665.19
SIA,BA,202501,2802090,0206030010,126.0,17467.38
SIA,BA,202501,4578732,0206010079,60.0,5846.4
SIA,BA,202501,4578732,0206020031,40.0,5456.4
SIA,BA,202501,0785245,0206020031,52.0,7093.32
SIA,BA,202501,0003778,0206010044,1.0,86.75
SIA,BA,202501,2938499,0206010010,4.0,347.04
SIA,BA,202501,3240622,0206030010,5.0,693.15
SIA,BA,202501,6237509,0206030029,1.0,245.0
SIA,BA,202501,2549905,0206010079,123.0,11985.12
SIA,BA,202501,4578732,0206030037,57.0,7901.91
SIA,BA,202501,0003921,0206030010,110.0,15249.3
SIA,BA,202501,4446321,0206020023,28.0,2429.0
SIA,BA,202501,0785245,0206030010,44.0,6099.72
SIA,BA,202501,4578732,0206030010,51.0,7070.13
SIA,BA,202501,2802090,0206010028,24.0,2426.4
SIA,BA,202501,2802023,0206010060,2.0,194.88
SIA,BA,202501,2802090,0206010010,16.0,1388.16
SIA,BA,202501,2802090,0206010079,218.0,21241.92
SIA,BA,202501,0785245,0206010044,7.0,607.25
SIA,BA,202501,2802090,0206030037,105.0,14556.15
SIA,BA,202501,4578732,0206020015,5.0,433.75
SIA,BA,202501,4446321,0206010028,31.0,3134.1
SIA,BA,202501,4578732,0206030029,5.0,433.75
SIA,BA,202501,0003778,0206010036,6.0,520.56
SIA,BA,202501,6988393,0211020036,5.0,25.75
SIA,BA,202501,0004251,0211020010,8.0,5840.32
SIA,BA,202501,0004251,0206010095,88.0,185435.36
SIA,BA,202501,2799790,0206010052,2.0,173.5
SIA,BA,202501,2520613,0211020060,3.0,90.0
SIA,BA,202501,3240622,0206010052,2.0,173.5
SIA,BA,202501,6602533,0206020031,10.0,1364.1
SIA,BA,202501,6602533,0206010036,3.0,260.28
SIA,BA,202501,0003786,0206010010,16.0,1388.16
SIA,BA,202501,0004251,0206010052,2.0,173.5
SIA,BA,202501,0003980,0206010036,4.0,347.04
SIA,BA,202501,0004073,0206010010,2.0,173.52
SIA,BA,202501,9507930,0206020031,141.0,19233.81
SIA,BA,202501,9507930,0206030037,115.0,15942.45
SIA,BA,202501,9507930,0211020036,166.0,854.9
SIA,BA,202501,9373853,0206010028,112.0,11323.2
SIA,BA,202501,9373853,0206010079,197.0,19195.68
SIA,BA,202501,9507930,0206030010,113.0,15665.19
SIA,BA,202501,9507930,0206010079,110.0,10718.4
SIA,BA,202501,9507930,0206010028,15.0,1516.5
SIA,BA,202501,9373853,0211020036,239.0,1230.85
SIA,BA,202501,0867551,0211020036,180.0,927.0
SIA,BA,202501,2601117,0211020036,70.0,360.5
SIA,BA,202501,4022718,0206020031,40.0,5456.4
SIA,BA,202501,2400693,0206030010,51.0,7070.13
SIA,BA,202501,2400693,0206030037,45.0,6238.35
SIA,BA,202501,2804034,0206030037,270.0,37430.1
SIA,BA,202501,2804034,0206010079,306.0,29816.64
SIA,BA,202501,2804034,0206010036,3.0,260.28
SIA,BA,202501,2525933,0206020031,14.0,1909.74
SIA,BA,202501,2525933,0206010079,69.0,6723.36
SIA,BA,202501,2804034,0206030010,262.0,36321.06
SIA,BA,202501,2804034,0206010010,80.0,6940.8
SIA,BA,202501,2804034,0206010028,22.0,2224.2
SIA,BA,202501,2804034,0206020031,180.0,24553.8
SIA,BA,202501,2525933,0206010036,3.0,260.28
SIA,BA,202501,2525933,0206010044,1.0,86.75
SIA,BA,202501,2804034,0206030029,20.0,1735.0
SIA,BA,202501,9373853,0206020031,120.0,16369.2
SIA,BA,202501,9373853,0206030037,77.0,10674.51
SIA,BA,202501,9373853,0206030010,55.0,7624.65
SIA,BA,202501,9373853,0206020015,11.0,954.25
SIA,BA,202501,9373853,0206010010,43.0,3730.68
SIA,BA,202501,7111606,0211020036,324.0,1668.6
SIA,BA,202501,6476120,0206030037,28.0,10402.84
SIA,BA,202501,6476120,0206010079,15.0,3917.1
SIA,BA,202501,6476120,0206030010,28.0,10402.84
SIA,BA,202501,4022718,0206030037,32.0,4436.16
SIA,BA,202501,4022718,0206030010,33.0,4574.79
SIA,BA,202501,4022718,0206010079,54.0,5261.76
SIA,BA,202501,2498634,0211020036,78.0,401.7
SIA,BA,202501,6491499,0211020036,91.0,468.65
SIA,BA,202501,2804034,0206020015,17.0,1474.75
SIA,BA,202501,2498804,0211020036,46.0,236.9
SIA,BA,202501,2653699,0211020036,200.0,1030.0
SIA,BA,202501,6273696,0211020060,5.0,450.0
SIA,BA,202501,9373853,0206010044,18.0,1561.5
SIA,BA,202501,2400693,0206020031,55.0,7502.55
SIA,BA,202501,2400693,0206010079,25.0,2436.0
SIA,BA,202501,2400693,0206010052,3.0,260.25
SIA,BA,202501,2400693,0206020023,1.0,86.75
SIA,BA,202501,2445204,0205010016,61.0,10065.0
SIA,BA,202501,0004820,0206030010,26.0,3604.38
SIA,BA,202501,4474309,0211020036,20.0,103.0
SIA,BA,202501,9507930,0211020060,59.0,1770.0
SIA,BA,202501,2400693,0206030029,3.0,260.25
SIA,BA,202501,2444704,0211020036,8.0,41.2
SIA,BA,202501,9507930,0206010010,6.0,520.56
SIA,BA,202501,9373853,0211020060,57.0,1710.0
SIA,BA,202501,9373853,0206030029,19.0,1648.25
SIA,BA,202501,9507930,0206010036,2.0,173.52
SIA,BA,202501,9373853,0206010036,13.0,1127.88
SIA,BA,202501,2804034,0206010052,9.0,780.75
SIA,BA,202501,2804034,0206010044,36.0,3123.0
SIA,BA,202501,2804034,0211020036,47.0,242.05
SIA,BA,202501,9507930,0206010044,17.0,1474.75
SIA,BA,202501,2523051,0211020036,57.0,293.55
SIA,BA,202501,2525933,0206010028,7.0,707.7
SIA,BA,202501,2525933,0206030010,18.0,2495.34
SIA,BA,202501,0003832,0211020010,95.0,69353.8
SIA,BA,202501,0003832,0206010095,26.0,54787.72
SIA,BA,202501,4670019,0211020036,430.0,2214.5
SIA,BA,202501,2498049,0211020036,20.0,103.0
SIA,BA,202501,2804034,0206020023,14.0,1214.5
SIA,BA,202501,2498790,0211020036,13.0,66.95
SIA,BA,202501,2804034,0206010060,3.0,292.32
SIA,BA,202501,4031709,0211020036,39.0,200.85
SIA,BA,202501,7521316,0211020036,533.0,2744.95
SIA,BA,202501,9507930,0206020023,3.0,260.25
SIA,BA,202501,2492881,0211020036,84.0,1428.0
SIA,BA,202501,6345891,0206020031,1.0,136.41
SIA,BA,202501,2400693,0206010044,7.0,607.25
SIA,BA,202501,2525933,0211020036,385.0,1982.75
SIA,BA,202501,2400693,0206010036,3.0,260.28
SIA,BA,202501,9507930,0206010052,12.0,1041.0
SIA,BA,202501,0004073,0206010052,5.0,433.75
SIA,BA,202501,6237509,0206010010,1.0,245.0
SIA,BA,202501,0004073,0206010028,3.0,303.3
SIA,BA,202501,5889448,0206010028,1.0,101.1
SIA,BA,202501,0607126,0206030029,2.0,173.5
SIA,BA,202501,5889448,0206020031,12.0,1636.92
SIA,BA,202501,0004820,0206030037,20.0,2772.6
SIA,BA,202501,2601680,0206030037,63.0,8733.69
SIA,BA,202501,2601680,0206020031,57.0,7775.37
SIA,BA,202501,6345891,0206030010,1.0,138.63
SIA,BA,202501,6345891,0206010079,1.0,97.44
SIA,BA,202501,4022718,0206010010,2.0,173.52
SIA,BA,202501,4022718,0206010028,2.0,202.2
SIA,BA,202501,7084129,0211020036,102.0,525.3
SIA,BA,202501,2939363,0211020036,142.0,731.3
SIA,BA,202501,9005919,0211020036,43.0,221.45
SIA,BA,202501,2387727,0211020036,275.0,1416.25
SIA,BA,202501,2802104,0206010036,3.0,260.28
SIA,BA,202501,2385171,0206030037,300.0,41589.0
SIA,BA,202501,2385171,0206010079,282.0,27478.08
SIA,BA,202501,2385171,0206030010,300.0,41589.0
SIA,BA,202501,2385171,0206020031,100.0,13641.0
SIA,BA,202501,2799839,0206010028,5.0,505.5
SIA,BA,202501,2487438,0206010079,288.0,28062.72
SIA,BA,202501,0004065,0206010028,4.0,404.4
SIA,BA,202501,0004065,0206030010,61.0,8456.43
SIA,BA,202501,2301318,0206020031,60.0,8184.6
SIA,BA,202501,0004278,0206020031,19.0,2591.79
SIA,BA,202501,2525933,0206030037,9.0,1247.67
SIA,BA,202501,9507949,0211020060,16.0,480.0
SIA,BA,202501,2487438,0206030010,194.0,26894.22
SIA,BA,202501,2487438,0206010044,51.0,4424.25
SIA,BA,202501,2487438,0206020031,118.0,16096.38
SIA,BA,202501,0832014,0206010079,115.0,11205.6
SIA,BA,202501,0832014,0211020060,28.0,840.0
SIA,BA,202501,0004065,0206020031,236.0,32192.76
SIA,BA,202501,0832014,0206030037,17.0,2356.71
SIA,BA,202501,2487438,0206010028,21.0,2123.1
SIA,BA,202501,0832014,0206010028,26.0,2628.6
SIA,BA,202501,0832014,0211020036,134.0,690.1
SIA,BA,202501,2497751,0206020023,59.0,5118.25
SIA,BA,202501,0004278,0206010052,11.0,954.25
SIA,BA,202501,3373223,0211020036,181.0,932.15
SIA,BA,202501,2487438,0206030037,201.0,27864.63
SIA,BA,202501,2301318,0206030037,111.0,15387.93
SIA,BA,202501,2802112,0206030010,1.0,138.63
SIA,BA,202501,2509326,0211020036,125.0,643.75
SIA,BA,202501,0003786,0206010044,40.0,3470.0
SIA,BA,202501,2497751,0206010079,82.0,7990.08
SIA,BA,202501,2301318,0206010079,127.0,12374.88
SIA,BA,202501,0607126,0206010028,4.0,404.4
SIA,BA,202501,2487438,0206010010,38.0,3296.88
SIA,BA,202501,0004065,0206030029,4.0,347.0
SIA,BA,202501,2301318,0206030010,109.0,15110.67
SIA,BA,202501,9966366,0206010079,113.0,11010.72
SIA,BA,202501,9507949,0206010079,58.0,5651.52
SIA,BA,202501,9507949,0211020036,230.0,1184.5
SIA,BA,202501,0004065,0206030037,52.0,7208.76
SIA,BA,202501,2487438,0206020015,12.0,1041.0
SIA,BA,202501,0004065,0206010044,12.0,1041.0
SIA,BA,202501,2400693,0211020036,28.0,144.2
SIA,BA,202501,0004278,0206030010,12.0,1663.56
SIA,BA,202501,2532522,0211020036,94.0,484.1
SIA,BA,202501,2407205,0206030010,5.0,693.15
SIA,BA,202501,9507949,0206030010,34.0,4713.42
SIA,BA,202501,9507949,0206030037,33.0,4574.79
SIA,BA,202501,3464156,0206030037,9.0,1247.67
SIA,BA,202501,2799839,0206030029,6.0,520.5
SIA,BA,202501,9966366,0206020031,40.0,5456.4
SIA,BA,202501,0832014,0206010010,6.0,520.56
SIA,BA,202501,9866035,0206020015,1.0,86.75
SIA,BA,202501,0004278,0206010044,2.0,173.5
SIA,BA,202501,0004820,0206020031,29.0,3955.89
SIA,BA,202501,0003875,0211020036,1251.0,6442.65
SIA,BA,202501,2385171,0206010010,13.0,1127.88
SIA,BA,202501,2407205,0206030037,26.0,3604.38
SIA,BA,202501,2497751,0206030029,48.0,4164.0
SIA,BA,202501,2407205,0206020031,20.0,2728.2
SIA,BA,202501,2802112,0206020031,2.0,272.82
SIA,BA,202501,0607126,0206010052,2.0,173.5
SIA,BA,202501,2497751,0206010028,13.0,1314.3
SIA,BA,202501,3948684,0206030029,1.0,86.75
SIA,BA,202501,2488892,0211020060,4.0,120.0
SIA,BA,202501,2414244,0206020031,6.0,818.46
SIA,BA,202501,0832014,0206020031,31.0,4228.71
SIA,BA,202501,7633149,0211020036,818.0,4212.7
SIA,BA,202501,0005428,0206030029,3.0,260.25
SIA,BA,202501,0003786,0206010028,25.0,2527.5
SIA,BA,202501,0003832,0211020036,843.0,4341.45
SIA,BA,202501,0003832,0206030037,84.0,11644.92
SIA,BA,202501,6616917,0206030010,2.0,277.26
SIA,BA,202501,2597594,0211020036,156.0,803.4
SIA,BA,202501,0003875,0211020060,35.0,1050.0
SIA,BA,202501,6485235,0211020036,60.0,309.0
SIA,BA,202501,0004278,0206030037,13.0,1802.19
SIA,BA,202501,0003832,0206010079,28.0,2728.32
SIA,BA,202501,9966366,0211020036,115.0,592.25
SIA,BA,202501,2497751,0206010036,15.0,1301.4
SIA,BA,202501,0004073,0206020015,4.0,347.0
SIA,BA,202501,0607126,0206010044,4.0,347.0
SIA,BA,202501,2414244,0206030037,5.0,693.15
SIA,BA,202501,9133585,0211020036,202.0,1040.3
SIA,BA,202501,2385171,0206010044,36.0,3123.0
SIA,BA,202501,2497751,0206020015,14.0,1214.5
SIA,BA,202501,2497751,0206010010,13.0,1127.88
SIA,BA,202501,9507930,0206030029,4.0,347.0
SIA,BA,202501,0003778,0206010010,2.0,173.52
SIA,BA,202501,2407205,0206010052,6.0,520.5
SIA,BA,202501,2301318,0206010044,7.0,607.25
SIA,BA,202501,7587651,0211020036,41.0,211.15
SIA,BA,202501,2497751,0206030010,4.0,554.52
SIA,BA,202501,9966366,0206030010,38.0,5267.94
SIA,BA,202501,3464156,0206030010,11.0,1524.93
SIA,BA,202501,0003786,0206030029,13.0,1127.75
SIA,BA,202501,2487438,0206010052,9.0,780.75
SIA,BA,202501,2659999,0211020036,52.0,267.8
SIA,BA,202501,7033753,0211020036,489.0,2518.35
SIA,BA,202501,9966366,0206010028,32.0,3235.2
SIA,BA,202501,9507949,0206010052,5.0,433.75
SIA,BA,202501,0219665,0211020036,50.0,257.5
SIA,BA,202501,0722529,0211020036,12.0,61.8
SIA,BA,202501,2497751,0206030037,8.0,1109.04
SIA,BA,202501,0832014,0206010044,26.0,2255.5
SIA,BA,202501,9966366,0206030037,37.0,5129.31
SIA,BA,202501,2385171,0206020023,9.0,780.75
SIA,BA,202501,2799790,0206030029,5.0,433.75
SIA,BA,202501,9507949,0206010044,10.0,867.5
SIA,BA,202501,9966366,0211020060,16.0,480.0
SIA,BA,202501,9507949,0206020031,30.0,4092.3
SIA,BA,202501,0003913,0211020036,427.0,2199.05
SIA,BA,202501,4026896,0206020015,4.0,347.0
SIA,BA,202501,3948684,0211020036,20.0,103.0
SIA,BA,202501,2802104,0206010028,4.0,404.4
SIA,BA,202501,9966366,0206010010,16.0,1388.16
SIA,BA,202501,6988407,0211020036,7.0,36.05
SIA,BA,202501,2497751,0206020031,11.0,1500.51
SIA,BA,202501,2301318,0206030029,1.0,86.75
SIA,BA,202501,0004065,0206010010,5.0,433.8
SIA,BA,202501,2487438,0206010036,7.0,607.32
SIA,BA,202501,2414244,0206010044,3.0,260.25
SIA,BA,202501,0003832,0208010025,54.0,22060.08
SIA,BA,202501,0832014,0206030010,17.0,2356.71
SIA,BA,202501,0004278,0206010079,21.0,2046.24
SIA,BA,202501,2487438,0206020023,13.0,1127.75
SIA,BA,202501,2488892,0208010033,7.0,2681.49
SIA,BA,202501,4029801,0211020036,42.0,216.3
SIA,BA,202501,0004065,0206010079,44.0,4287.36
SIA,BA,202501,2301318,0206010028,6.0,606.6
SIA,BA,202501,0003832,0206030010,25.0,3465.75
SIA,BA,202501,0003832,0206020031,69.0,9412.29
SIA,BA,202501,2412276,0211020036,100.0,515.0
SIA,BA,202501,9507949,0206010010,2.0,173.52
SIA,BA,202501,9966366,0206010044,15.0,1301.25
SIA,BA,202501,2385171,0206030029,2.0,173.5
SIA,BA,202501,3464156,0206010079,13.0,1266.72
SIA,BA,202501,9966366,0206010036,8.0,694.08
SIA,BA,202501,4032594,0211020036,390.0,2008.5
SIA,BA,202501,6687636,0206010044,2.0,173.5
SIA,BA,202501,0005428,0206010052,1.0,86.75
SIA,BA,202501,0004065,0206010052,5.0,433.75
SIA,BA,202501,2510782,0211020036,148.0,762.2
SIA,BA,202501,9425632,0211020060,26.0,2340.0
SIA,BA,202501,2938499,0206030029,1.0,86.75
SIA,BA,202501,2523299,0211020036,52.0,267.8
SIA,BA,202501,2414244,0206010079,9.0,876.96
SIA,BA,202501,0005428,0206010028,2.0,202.2
SIA,BA,202501,2385171,0206010028,13.0,1314.3
SIA,BA,202501,3464156,0206020031,11.0,1500.51
SIA,BA,202501,9966366,0206020015,5.0,433.75
SIA,BA,202501,6602533,0206010010,4.0,347.04
SIA,BA,202501,2802023,0206010036,2.0,173.52
SIA,BA,202501,2301318,0206010010,6.0,520.56
SIA,BA,202501,0003832,0208010033,55.0,21068.85
SIA,BA,202501,2525569,0206030010,23.0,3188.49
SIA,BA,202501,2525569,0206020031,2.0,272.82
SIA,BA,202501,2525569,0206030037,22.0,3049.86
SIA,BA,202501,2414244,0206030010,5.0,693.15
SIA,BA,202501,2525569,0206010010,2.0,173.52
SIA,BA,202501,2517744,0206030010,26.0,9659.78
SIA,BA,202501,2601079,0211020036,30.0,154.5
SIA,BA,202501,2602652,0211020036,200.0,1030.0
SIA,BA,202501,9507949,0206010028,5.0,505.5
SIA,BA,202501,2385171,0206020015,3.0,260.25
SIA,BA,202501,2385171,0206010036,6.0,520.56
SIA,BA,202501,2802104,0206030029,2.0,173.5
SIA,BA,202501,0607126,0206010010,3.0,260.28
SIA,BA,202501,0832014,0206030029,4.0,347.0
SIA,BA,202501,0004073,0206020023,2.0,173.5
SIA,BA,202501,0005061,0206020031,5.0,682.05
SIA,BA,202501,0003956,0211020036,1366.0,7034.9
SIA,BA,202501,2488892,0206010044,4.0,347.0
SIA,BA,202501,2488892,0206010079,17.0,1656.48
SIA,BA,202501,9443665,0206020023,1.0,86.75
SIA,BA,202501,2407205,0206010028,2.0,202.2
SIA,BA,202501,9966366,0206030029,11.0,954.25
SIA,BA,202501,2525569,0206010044,4.0,347.0
SIA,BA,202501,9030158,0211020036,593.0,3053.95
SIA,BA,202501,2301318,0206010036,1.0,86.76
SIA,BA,202501,2488892,0206030037,17.0,2356.71
SIA,BA,202501,2488892,0206030010,21.0,2911.23
SIA,BA,202501,4267109,0211020036,205.0,1055.75
SIA,BA,202501,6602533,0206010028,1.0,101.1
SIA,BA,202501,9866027,0206010052,3.0,260.25
SIA,BA,202501,0004235,0211020060,417.0,12510.0
SIA,BA,202501,2517744,0206010079,16.0,4178.24
SIA,BA,202501,2517744,0206030037,27.0,10031.31
SIA,BA,202501,6238742,0211020036,76.0,1973.72
SIA,BA,202501,5439051,0211020036,67.0,1739.99
SIA,BA,202501,2488892,0208010025,7.0,2859.64
SIA,BA,202501,2525569,0206010079,45.0,4384.8
SIA,BA,202501,6943977,0211020036,292.0,1503.8
SIA,BA,202501,0003832,0206010052,14.0,1214.5
SIA,BA,202501,6616917,0206020031,2.0,272.82
SIA,BA,202501,6616917,0206030037,1.0,138.63
SIA,BA,202501,2525569,0211020036,1.0,5.15
SIA,BA,202501,2400693,0206010010,2.0,173.52
SIA,BA,202501,2556847,0206020031,1.0,380.0
SIA,BA,202501,4025636,0211020036,993.0,5113.95
SIA,BA,202501,6476120,0206020031,24.0,8773.68
SIA,BA,202501,2602083,0211020036,265.0,1364.75
SIA,BA,202501,7167156,0206020031,44.0,6002.04
SIA,BA,202501,6962017,0211020036,43.0,221.45
SIA,BA,202501,4022750,0211020036,1.0,5.15
SIA,BA,202501,5889448,0206030029,1.0,86.75
SIA,BA,202501,6595197,0206030010,159.0,22042.17
SIA,BA,202501,6595197,0206030037,165.0,22873.95
SIA,BA,202501,7167156,0206030037,18.0,2495.34
SIA,BA,202501,6595197,0206010079,225.0,21924.0
SIA,BA,202501,2488892,0206020031,5.0,682.05
SIA,BA,202501,2413469,0211020036,515.0,2652.25
SIA,BA,202501,2525933,0206010010,3.0,260.28
SIA,BA,202501,0004251,0211020036,46.0,236.9
SIA,BA,202501,3154904,0208010025,58.0,23694.16
SIA,BA,202501,3154904,0208010033,58.0,22218.06
SIA,BA,202501,2772280,0206030010,47.0,6515.61
SIA,BA,202501,0004278,0211020036,140.0,721.0
SIA,BA,202501,2556847,0211020036,99.0,509.85
SIA,BA,202501,9507949,0206020015,2.0,173.5
SIA,BA,202501,4022718,0206030029,2.0,173.5
SIA,BA,202501,0003980,0206020023,1.0,86.75
SIA,BA,202501,2601575,0211020036,116.0,597.4
SIA,BA,202501,2487438,0206030029,6.0,520.5
SIA,BA,202501,0004065,0206020015,2.0,173.5
SIA,BA,202501,2304295,0211020036,120.0,618.0
SIA,BA,202501,0003956,0211020060,101.0,3030.0
SIA,BA,202501,2517744,0206010010,2.0,465.02
SIA,BA,202501,2601680,0206010044,9.0,780.75
SIA,BA,202501,2601680,0206030010,43.0,5961.09
SIA,BA,202501,2926970,0206010052,3.0,260.25
SIA,BA,202501,9373853,0206010052,2.0,173.5
SIA,BA,202501,2598183,0211020036,108.0,556.2
SIA,BA,202501,2487438,0211020036,500.0,2575.0
SIA,BA,202501,2772280,0206030037,47.0,6515.61
SIA,BA,202501,6595197,0206030029,13.0,1127.75
SIA,BA,202501,2601680,0206010036,9.0,780.84
SIA,BA,202501,2801906,0211020036,46.0,236.9
SIA,BA,202501,2445204,0211020036,600.0,3090.0
SIA,BA,202501,2600609,0211020036,139.0,715.85
SIA,BA,202501,6595197,0206010044,42.0,3643.5
SIA,BA,202501,0004065,0206010036,3.0,260.28
SIA,BA,202501,0004278,0206010036,1.0,86.76
SIA,BA,202501,7476523,0211020036,600.0,3090.0
SIA,BA,202501,7476469,0211020036,640.0,3296.0
SIA,BA,202501,9915583,0211020036,114.0,587.1
SIA,BA,202501,0832014,0206010036,2.0,173.52
SIA,BA,202501,7319770,0211020036,6.0,30.9
SIA,BA,202501,2556847,0206010079,6.0,1770.0
SIA,BA,202501,4022718,0206010044,2.0,173.5
SIA,BA,202501,0004065,0206020023,2.0,173.5
SIA,BA,202501,9507949,0206010036,1.0,86.76
SIA,BA,202501,2772280,0206020031,69.0,9412.29
SIA,BA,202501,2414244,0211020036,294.0,1514.1
SIA,BA,202501,3017028,0211020036,26.0,133.9
SIA,BA,202501,9060537,0211020036,847.0,4362.05
SIA,BA,202501,2771292,0211020036,56.0,288.4
SIA,BA,202501,0004065,0211020060,15.0,450.0
SIA,BA,202501,6595197,0206010010,28.0,2429.28
SIA,BA,202501,9915583,0206010079,90.0,8769.6
SIA,BA,202501,2401681,0211020036,333.0,1714.95
SIA,BA,202501,2505711,0211020036,136.0,700.4
SIA,BA,202501,9915583,0206020031,84.0,11458.44
SIA,BA,202501,9966366,0206010052,3.0,260.25
SIA,BA,202501,2488892,0206010052,4.0,347.0
SIA,BA,202501,2770512,0206010079,78.0,7600.32
SIA,BA,202501,0004820,0206010079,5.0,487.2
SIA,BA,202501,2802112,0211020036,1.0,5.15
SIA,BA,202501,2400693,0206020015,1.0,86.75
SIA,BA,202501,9507949,0206030029,3.0,260.25
SIA,BA,202501,4028481,0211020036,40.0,206.0
SIA,BA,202501,2488892,0206010028,3.0,303.3
SIA,BA,202501,3368726,0211020036,19.0,97.85
SIA,BA,202501,3531481,0211020036,33.0,169.95
SIA,BA,202501,6908705,0211020036,6.0,30.9
SIA,BA,202501,2385171,0211020036,135.0,695.25
SIA,BA,202501,0832014,0206020015,5.0,433.75
SIA,BA,202501,6476120,0206010052,2.0,464.98
SIA,BA,202501,3271110,0206020023,1.0,86.75
SIA,BA,202501,2601400,0211020036,100.0,515.0
SIA,BA,202501,6602533,0211020036,4.0,20.6
SIA,BA,202501,5889448,0206010010,1.0,86.76
SIA,BA,202501,5889448,0206010036,1.0,86.76
SIA,BA,202501,9470018,0211020036,18.0,324.0
SIA,BA,202501,2627418,0206030037,4.0,554.52
SIA,BA,202501,2799456,0211020036,156.0,803.4
SIA,BA,202501,3039919,0211020036,2.0,10.3
SIA,BA,202501,7592191,0211020036,118.0,607.7
SIA,BA,202501,9091157,0211020036,474.0,2441.1
SIA,BA,202501,9237224,0211020036,47.0,242.05
SIA,BA,202501,2412551,0211020036,75.0,386.25
SIA,BA,202501,2493268,0211020036,53.0,272.95
SIA,BA,202501,0005398,0211020036,211.0,1086.65
SIA,BA,202501,2390078,0211020036,89.0,458.35
SIA,BA,202501,2505444,0211020036,345.0,8959.65
SIA,BA,202501,0004251,0206010044,1.0,86.75
SIA,BA,202501,2520168,0211020036,200.0,1030.0
SIA,BA,202501,2801558,0211020036,87.0,448.05
SIA,BA,202501,2412381,0211020036,65.0,334.75
SIA,BA,202501,7160488,0211020036,3.0,15.45
SIA,BA,202501,2493330,0211020036,144.0,741.6
SIA,BA,202501,0003786,0206020015,16.0,1388.0
SIA,BA,202501,7449151,0211020036,110.0,566.5
SIA,BA,202501,7223676,0211020036,120.0,618.0
SIA,BA,202501,2801566,0211020036,86.0,442.9
SIA,BA,202501,0003980,0211020036,618.0,3182.7
SIA,BA,202501,0005428,0211020036,32.0,164.8
SIA,BA,202501,2598213,0211020036,65.0,334.75
SIA,BA,202501,6237509,0206010036,1.0,245.0
SIA,BA,202501,0004073,0206010036,1.0,86.76
SIA,BA,202501,0607126,0211020036,15.0,77.25
SIA,BA,202501,2816830,0211020036,141.0,726.15
SIA,BA,202501,2799790,0211020036,354.0,1823.1
SIA,BA,202501,2533057,0211020036,58.0,298.7
SIA,BA,202501,0003921,0206010079,22.0,2143.68
SIA,BA,202501,0785245,0206030037,49.0,6792.87
SIA,BA,202501,6905617,0211020060,9.0,545.4
SIA,BA,202501,6025692,0211020036,87.0,448.05
SIA,BA,202501,0785245,0211020036,185.0,952.75
SIA,BA,202501,4578732,0206010052,5.0,433.75
SIA,BA,202501,4736346,0211020036,7.0,36.05
SIA,BA,202501,2802090,0206020031,63.0,8593.83
SIA,BA,202501,0003921,0206010028,6.0,606.6
SIA,BA,202501,2389584,0211020036,29.0,149.35
SIA,BA,202501,2802090,0206020015,8.0,694.0
SIA,BA,202501,2549905,0206010044,7.0,607.25
SIA,BA,202501,2549905,0206030010,46.0,6376.98
SIA,BA,202501,4578732,0206010010,27.0,2342.52
SIA,BA,202501,4446321,0206030029,54.0,4684.5
SIA,BA,202501,0785245,0206010079,63.0,6138.72
SIA,BA,202501,4578732,0206010044,8.0,694.0
SIA,BA,202501,2802090,0206030029,16.0,1388.0
SIA,BA,202501,0003980,0206010060,2.0,194.88
SIA,BA,202501,2445247,0211020036,74.0,381.1
SIA,BA,202501,2600730,0211020036,7.0,36.05
SIA,BA,202501,2799839,0211020036,96.0,1920.0
SIA,BA,202501,2550032,0206010044,3.0,260.25
SIA,BA,202501,5546826,0211020036,10.0,51.5
SIA,BA,202501,4446321,0206030037,42.0,5822.46
SIA,BA,202501,2550032,0206020031,10.0,1364.1
SIA,BA,202501,4032829,0211020036,87.0,448.05
SIA,BA,202501,2550032,0206030010,22.0,3049.86
SIA,BA,202501,2523558,0211020036,166.0,854.9
SIA,BA,202501,0003778,0211020036,860.0,4429.0
SIA,BA,202501,0003921,0206010052,4.0,347.0
SIA,BA,202501,4389034,0206010060,1.0,97.44
SIA,BA,202501,9024042,0211020036,63.0,324.45
SIA,BA,202501,2802023,0211020036,484.0,2492.6
SIA,BA,202501,0003921,0206010010,6.0,520.56
SIA,BA,202501,2487756,0211020010,16.0,11680.64
SIA,BA,202501,2487616,0211020036,63.0,324.45
SIA,BA,202501,2401665,0211020036,49.0,252.35
SIA,BA,202501,2388928,0211020036,158.0,813.7
SIA,BA,202501,2913348,0206010036,6.0,520.56
SIA,BA,202501,2603055,0211020036,263.0,1354.45
SIA,BA,202501,2799758,0211020036,103.0,530.45
SIA,BA,202501,3295451,0208010033,43.0,16472.01
SIA,BA,202501,6595197,0206010028,17.0,1718.7
SIA,BA,202501,2926970,0206020031,6.0,818.46
SIA,BA,202501,9915583,0206030010,86.0,11922.18
SIA,BA,202501,6595197,0206020023,3.0,260.25
SIA,BA,202501,9915583,0206030029,13.0,1127.75
SIA,BA,202501,9915583,0206010044,15.0,1301.25
SIA,BA,202501,9915583,0206010028,7.0,707.7
SIA,BA,202501,0003859,0211020036,251.0,1292.65
SIA,BA,202501,2549905,0206020031,22.0,3001.02
SIA,BA,202501,9915583,0206030037,84.0,11644.92
SIA,BA,202501,9915583,0206010052,4.0,347.0
SIA,BA,202501,9915583,0206010010,5.0,433.8
SIA,BA,202501,2603012,0211020036,122.0,628.3
SIA,BA,202501,6595197,0206020015,22.0,1908.5
SIA,BA,202501,2770512,0206030037,26.0,3604.38
SIA,BA,202501,2401231,0211020036,69.0,355.35
SIA,BA,202501,2772280,0206020015,1.0,86.75
SIA,BA,202501,2524643,0211020036,41.0,211.15
SIA,BA,202501,2772280,0206010028,9.0,909.9
SIA,BA,202501,3295451,0208010025,44.0,17974.88
SIA,BA,202501,7231458,0211020036,19.0,97.85
SIA,BA,202501,0003921,0206020023,7.0,607.25
SIA,BA,202501,2802090,0206020023,8.0,694.0
SIA,BA,202501,6595197,0206020031,29.0,3955.89
SIA,BA,202501,2942585,0211020036,277.0,1426.55
SIA,BA,202501,2384779,0211020036,3.0,15.45
SIA,BA,202501,2601680,0206010079,47.0,4579.68
SIA,BA,202501,4446321,0206010010,15.0,1301.4
SIA,BA,202501,2799553,0211020036,53.0,272.95
SIA,BA,202501,2802090,0206010052,4.0,347.0
SIA,BA,202501,4201175,0211020036,94.0,484.1
SIA,BA,202501,6595197,0206010036,8.0,694.08
SIA,BA,202501,2770512,0206020031,19.0,2591.79
SIA,BA,202501,2770512,0206030029,1.0,86.75
SIA,BA,202501,2770512,0206030010,35.0,4852.05
SIA,BA,202501,2772280,0206010036,3.0,260.28
SIA,BA,202501,2517744,0206020031,16.0,5849.12
SIA,BA,202501,4028511,0211020036,186.0,957.9
SIA,BA,202501,2417189,0211020036,66.0,339.9
SIA,BA,202501,2549905,0206020015,8.0,694.0
SIA,BA,202501,2942208,0211020036,849.0,4372.35
SIA,BA,202501,2942208,0211020060,136.0,4080.0
SIA,BA,202501,2549905,0206030037,5.0,693.15
SIA,BA,202501,0785245,0206010052,3.0,260.25
SIA,BA,202501,4578732,0206010028,10.0,1011.0
SIA,BA,202501,4578732,0206010036,5.0,433.8
SIA,BA,202501,3972925,0211020036,127.0,654.05
SIA,BA,202501,2862301,0206010052,1.0,86.75
SIA,BA,202501,7321821,0211020036,62.0,319.3
SIA,BA,202501,2862301,0206010044,3.0,260.25
SIA,BA,202501,0004774,0211020036,251.0,1292.65
SIA,BA,202501,2799286,0206010052,1.0,86.75
SIA,BA,202501,4446321,0206010036,5.0,433.8
SIA,BA,202501,7167156,0206010028,2.0,202.2
SIA,BA,202501,0785245,0206030029,6.0,520.5
SIA,BA,202501,2802090,0206010036,11.0,954.36
SIA,BA,202501,2549905,0206010028,4.0,404.4
SIA,BA,202501,0785245,0206010028,5.0,505.5
SIA,BA,202501,3271110,0206020015,2.0,173.5
SIA,BA,202501,2770512,0206010010,2.0,173.52
SIA,BA,202501,3240622,0206010079,1.0,97.44
SIA,BA,202501,2802090,0206010044,19.0,1648.25
SIA,BA,202501,2772280,0206010079,53.0,5164.32
SIA,BA,202501,4032802,0211020036,76.0,391.4
SIA,BA,202501,2415844,0211020036,12.0,61.8
SIA,BA,202501,0004340,0211020036,162.0,834.3
SIA,BA,202501,2771365,0211020036,5.0,25.75
SIA,BA,202501,2508176,0211020036,42.0,216.3
SIA,BA,202501,4446321,0206020015,23.0,1995.25
SIA,BA,202501,5375924,0211020036,254.0,1308.1
SIA,BA,202501,2913348,0206010052,2.0,173.5
SIA,BA,202501,2550032,0206030029,4.0,347.0
SIA,BA,202501,0003786,0211020036,505.0,2600.75
SIA,BA,202501,0003921,0206020015,6.0,520.5
SIA,BA,202501,2601680,0211020036,10.0,51.5
SIA,BA,202501,3240622,0206020031,2.0,272.82
SIA,BA,202501,2926970,0206030010,5.0,693.15
SIA,BA,202501,6595197,0206010052,4.0,347.0
SIA,BA,202501,7228724,0211020036,13.0,66.95
SIA,BA,202501,9210695,0211020036,1.0,5.15
SIA,BA,202501,2802090,0211020036,199.0,1024.85
SIA,BA,202501,2557509,0211020036,51.0,262.65
SIA,BA,202501,3827127,0211020036,15.0,77.25
SIA,BA,202501,0003921,0206010036,7.0,607.32
SIA,BA,202501,5005027,0211020036,6.0,30.9
SIA,BA,202501,0003921,0206030029,1.0,86.75
SIA,BA,202501,2517744,0206020015,1.0,232.49
SIA,BA,202501,2597586,0211020036,171.0,880.65
SIA,BA,202501,2770512,0206010028,4.0,404.4
SIA,BA,202501,2862301,0211020036,15.0,77.25
SIA,BA,202501,4446321,0206010044,3.0,260.25
SIA,BA,202501,2525569,0206020023,1.0,86.75
SIA,BA,202501,2550032,0206010079,7.0,682.08
SIA,BA,202501,2525569,0206010052,1.0,86.75
SIA,BA,202501,2772280,0206030029,8.0,694.0
SIA,BA,202501,2601710,0211020036,106.0,545.9
SIA,BA,202501,2770512,0206010036,2.0,173.52
SIA,BA,202501,2770512,0206010052,1.0,86.75
SIA,BA,202501,2770512,0206010044,2.0,173.5
SIA,BA,202501,9145168,0211020060,6.0,180.0
SIA,BA,202501,2942585,0211020060,42.0,1260.0
SIA,BA,202501,7193386,0211020036,35.0,180.25
SIA,BA,202501,2772280,0206020023,2.0,173.5
SIA,BA,202501,2402467,0211020036,15.0,77.25
SIA,BA,202501,6998313,0211020036,1.0,5.15
SIA,BA,202501,7986076,0211020036,789.0,4063.35
SIA,BA,202501,2413450,0211020036,198.0,1019.7
SIA,BA,202501,2550032,0206020023,1.0,86.75
SIA,BA,202501,4262867,0211020036,22.0,113.3
SIA,BA,202501,2602121,0211020036,314.0,1617.1
SIA,BA,202501,2601680,0206010028,7.0,707.7
SIA,BA,202501,2926970,0206030037,5.0,693.15
SIA,BA,202501,2772280,0206010052,11.0,954.25
SIA,BA,202501,2601680,0206010052,8.0,694.0
SIA,BA,202501,2601680,0206010060,1.0,97.44
SIA,BA,202501,0785245,0206020015,1.0,86.75
SIA,BA,202501,2862301,0206030029,1.0,86.75
SIA,BA,202501,6616917,0206010079,3.0,292.32
SIA,BA,202501,2770512,0206020023,1.0,86.75
SIA,BA,202501,2517744,0206010052,2.0,464.98
SIA,BA,202501,2498456,0211020036,35.0,180.25
SIA,BA,202501,7675135,0206010052,3.0,260.25
SIA,BA,202501,3271110,0206010028,2.0,202.2
SIA,BA,202501,2400669,0211020036,99.0,509.85
SIA,BA,202501,9078673,0211020036,169.0,870.35
SIA,BA,202501,7922000,0211020036,406.0,2090.9
SIA,BA,202501,2525062,0211020036,163.0,839.45
SIA,BA,202501,2402556,0211020036,80.0,412.0
SIA,BA,202501,7094647,0206030010,3.0,415.89
SIA,BA,202501,2926970,0206010044,0.0,0.0
SIA,BA,202501,0940534,0211020036,33.0,169.95
SIA,BA,202501,9443088,0211020036,189.0,973.35
SIA,BA,202501,2799812,0211020036,124.0,638.6
SIA,BA,202501,6476120,0206010044,2.0,464.98
SIA,BA,202501,2386569,0211020036,401.0,2065.15
SIA,BA,202501,2600854,0211020036,206.0,1060.9
SIA,BA,202501,6476120,0206020015,1.0,232.49
SIA,BA,202501,6292550,0211020060,2.0,180.0
SIA,BA,202501,3179648,0211020036,154.0,793.1
SIA,BA,202501,9507930,0206020015,1.0,86.75
SIA,BA,202501,2938499,0206010052,1.0,86.75
SIA,BA,202501,6476120,0206010060,1.0,261.14
SIA,BA,202501,2304910,0211020036,32.0,164.8
SIA,BA,202501,2483408,0211020036,100.0,515.0
SIA,BA,202501,2488892,0206010010,1.0,86.76
SIA,BA,202501,0004820,0206010052,1.0,86.75
SIA,BA,202501,4026896,0206010060,1.0,97.44
SIA,BA,202501,9276998,0211020036,13.0,66.95
SIA,BA,202501,7077149,0211020036,260.0,1339.0
SIA,BA,202501,2386569,0206010052,1.0,86.75
SIA,BA,202501,2627418,0206020015,1.0,86.75
SIA,BA,202501,2771276,0211020036,52.0,267.8
SIA,BA,202501,2304848,0211020036,105.0,540.75
SIA,BA,202501,2509954,0211020036,30.0,154.5
SIA,BA,202501,6476120,0206030029,2.0,464.98
SIA,BA,202501,0004251,0206010028,1.0,101.1
SIA,BA,202501,6670385,0211020036,98.0,504.7
SIA,BA,202501,2659069,0211020036,24.0,623.28
SIA,BA,202501,6855180,0211020036,650.0,3347.5
SIA,BA,202501,2488892,0206020015,1.0,86.75
SIA,BA,202501,0003816,0211020010,65.0,47452.6
SIA,BA,202501,2488892,0211020010,60.0,43802.4
SIA,BA,202501,0003875,0211020010,279.0,203681.16
SIA,BA,202501,0003859,0211020010,11.0,8030.44
SIA,BA,202501,2772280,0211020010,80.0,58403.2
SIA,BA,202501,4028740,0211020036,28.0,144.2
SIA,BA,202501,2601680,0206010010,8.0,694.08
SIA,BA,202501,5020743,0211020036,1.0,5.15
SIA,BA,202501,2772280,0206010044,5.0,433.75
SIA,BA,202501,9915583,0206020015,9.0,780.75
SIA,BA,202501,2549182,0211020036,188.0,968.2
SIA,BA,202501,2772280,0206010010,6.0,520.56
SIA,BA,202501,2517744,0206010044,1.0,232.49
SIA,BA,202501,2493195,0211020036,77.0,396.55
SIA,BA,202501,2387581,0211020036,182.0,937.3
SIA,BA,202501,2601729,0211020036,239.0,1230.85
SIA,BA,202501,4032837,0211020036,114.0,587.1
SIA,BA,202501,9493646,0211020036,115.0,592.25
SIA,BA,202501,2417375,0211020036,46.0,236.9
SIA,BA,202501,2772280,0211020036,12.0,61.8
SIA,BA,202501,7586361,0211020036,221.0,1138.15
SIA,BA,202501,2498413,0211020036,24.0,123.6
SIA,BA,202501,2620421,0211020036,76.0,391.4
SIA,BA,202501,2800527,0211020036,121.0,623.15
SIA,BA,202501,2506254,0211020036,42.0,216.3
SIA,BA,202501,0003816,0206010036,3.0,260.28
SIA,BA,202501,3285022,0211020036,57.0,293.55
SIA,BA,202501,2653494,0211020036,48.0,247.2
SIA,BA,202501,2508559,0211020036,26.0,133.9
SIA,BA,202501,9130411,0211020036,229.0,1179.35
SIA,BA,202501,5731887,0211020036,59.0,303.85
SIA,BA,202501,2388626,0211020036,324.0,1668.6
SIA,BA,202501,7171897,0211020036,399.0,2054.85
SIA,BA,202501,2389592,0211020036,103.0,530.45
SIA,BA,202501,4880110,0211020036,172.0,885.8
SIA,BA,202501,9481966,0208010025,1.0,408.52
SIA,BA,202501,2466694,0211020036,61.0,314.15
SIA,BA,202501,2495090,0211020036,468.0,2410.2
SIA,BA,202501,2532549,0211020036,6.0,30.9
SIA,BA,202501,9362398,0211020036,588.0,3028.2
SIA,BA,202501,2507609,0211020036,171.0,880.65
SIA,BA,202501,2603071,0211020036,38.0,195.7
SIA,BA,202501,3358860,0211020036,127.0,654.05
SIA,BA,202501,9561056,0211020036,36.0,185.4
SIA,BA,202501,2620464,0211020036,63.0,324.45
SIA,BA,202501,0028460,0211020036,685.0,3527.75
SIA,BA,202501,2799731,0211020036,1315.0,6772.25
SIA,BA,202501,2799855,0211020036,10.0,51.5
SIA,BA,202501,2524805,0211020036,79.0,406.85
SIA,BA,202501,2505622,0211020036,104.0,535.6
SIA,BA,202501,2602075,0211020036,98.0,504.7
SIA,BA,202501,2601680,0206030029,1.0,86.75
SIA,BA,202501,7103840,0211020036,192.0,988.8
SIA,BA,202501,2388685,0211020036,195.0,1004.25
SIA,BA,202501,4032101,0211020036,66.0,339.9
SIA,BA,202501,2660024,0211020036,136.0,700.4
SIA,BA,202501,6737633,0211020036,99.0,509.85
SIA,BA,202501,6561411,0211020036,100.0,515.0
SIA,BA,202501,2526557,0211020036,500.0,2575.0
SIA,BA,202501,2498421,0211020036,205.0,1055.75
SIA,BA,202501,7907222,0211020036,276.0,1421.4
SIA,BA,202501,4145542,0206020015,1.0,86.75
SIA,BA,202501,4022807,0211020036,95.0,489.25
SIA,BA,202501,2304953,0211020036,109.0,561.35
SIA,BA,202501,2389398,0211020036,49.0,252.35
SIA,BA,202501,9372822,0206020015,4.0,347.0
SIA,BA,202501,0004294,0211020036,814.0,4192.1
SIA,BA,202501,9383298,0211020036,167.0,860.05
SIA,BA,202501,2802252,0211020036,290.0,1493.5
SIA,BA,202501,2517744,0206010028,1.0,270.95
SIA,BA,202501,0133965,0211020036,482.0,2482.3
SIA,BA,202501,3124940,0211020036,237.0,1220.55
SIA,BA,202501,9453474,0211020036,30.0,154.5
SIA,BA,202501,2517744,0206010036,1.0,232.51
SIA,BA,202501,2507447,0211020036,1750.0,31500.0
SIA,BA,202501,2416867,0211020036,283.0,1457.45
SIA,BA,202501,7465106,0211020036,113.0,581.95
SIA,BA,202501,7092776,0211020036,56.0,288.4
SIA,BA,202501,0209023,0211020036,61.0,314.15
SIA,BA,202501,4028759,0211020036,322.0,1658.3
SIA,BA,202501,6998143,0211020036,5.0,25.75
SIA,BA,202501,9019308,0211020036,358.0,1843.7
SIA,BA,202501,2600714,0211020036,105.0,540.75
SIA,BA,202501,2525569,0206010028,1.0,101.1
SIA,BA,202501,2401789,0211020036,209.0,1076.35
SIA,BA,202501,2550032,0206030037,5.0,693.15
SIA,BA,202501,9600299,0211020036,432.0,11219.04
SIA,BA,202501,2653125,0211020036,81.0,417.15
SIA,BA,202501,0004820,0206010095,7.0,14750.54
SIA,BA,202501,7175973,0211020036,56.0,288.4
SIA,BA,202501,4032691,0211020036,50.0,257.5
SIA,BA,202501,4446321,0206030010,1.0,138.63
SIA,BA,202501,2627256,0211020036,171.0,880.65
SIA,BA,202501,0003832,0206010044,2.0,173.5
SIA,BA,202501,2532387,0211020036,332.0,1709.8
SIA,BA,202501,4454855,0211020036,718.0,3697.7
SIA,BA,202501,2497751,0206010044,1.0,86.75
SIA,BA,202501,2497751,0206010052,2.0,173.5
SIA,BA,202501,3968537,0206020015,1.0,86.75
SIA,BA,202501,9383298,0206030029,1.0,86.75
SIA,BA,202501,2550032,0211020036,3.0,15.45
SIA,BA,202501,2497751,0211020036,446.0,2296.9
SIA,BA,202501,2505843,0211020036,56.0,1400.0
SIA,BA,202501,2301318,0211020036,13.0,66.95
SIA,BA,202501,2407205,0206010036,1.0,86.76
SIA,BA,202501,4446321,0206020031,1.0,136.41
SIA,BA,202501,0003921,0206010044,4.0,347.0
SIA,BA,202501,2601702,0211020036,61.0,314.15
SIA,BA,202501,9966366,0206010060,1.0,97.44
SIA,BA,202501,2799804,0211020036,86.0,442.9
SIA,BA,202501,7443382,0211020036,120.0,618.0
SIA,BA,202501,7057334,0211020036,135.0,695.25
SIA,BA,202501,9383298,0206010052,1.0,86.75
SIA,BA,202501,2389347,0211020036,6.0,30.9
SIA,BA,202501,2414244,0206010010,1.0,86.76
SIA,BA,202501,4030184,0211020036,82.0,422.3
SIA,BA,202501,0786608,0206010060,1.0,97.44
SIA,BA,202501,2550032,0206010028,1.0,101.1
SIA,BA,202501,0489670,0211020036,13.0,66.95
SIA,BA,202501,7894015,0211020036,737.0,3795.55
SIA,BA,202501,0785245,0206010010,2.0,173.52
SIA,BA,202501,3968537,0206010028,1.0,101.1
SIA,BA,202501,2407205,0206010079,2.0,194.88
SIA,BA,202501,0004065,0206010060,1.0,97.44
SIA,BA,202501,2557096,0211020036,169.0,870.35
SIA,BA,202501,2514648,0211020036,252.0,1297.8
SIA,BA,202501,9470832,0211020036,312.0,1606.8
SIA,BA,202501,3407829,0211020036,50.0,257.5
SIA,BA,202501,3968537,0206010052,1.0,86.75
SIA,BA,202501,9052844,0206030037,2.0,740.0
SIA,BA,202501,2525569,0206010036,1.0,86.76
SIA,BA,202501,4022262,0211020036,57.0,293.55
SIA,BA,202501,2387158,0211020036,27.0,139.05
SIA,BA,202501,0156132,0211020036,153.0,787.95
SIA,BA,202501,4578732,0211020036,42.0,216.3
SIA,BA,202501,2523779,0211020036,50.0,257.5
SIA,BA,202501,2407205,0206010010,1.0,86.76
SIA,BA,202501,7761112,0211020036,311.0,1601.65
SIA,BA,202501,0003921,0206010060,1.0,97.44
SIA,BA,202501,3010902,0211020036,145.0,746.75
SIA,BA,202501,2799103,0211020036,170.0,875.5
SIA,BA,202501,2549905,0211020036,75.0,386.25
SIA,BA,202501,2386305,0211020036,20.0,103.0
SIA,BA,202501,4033418,0211020036,130.0,669.5
SIA,BA,202501,0222690,0211020060,12.0,727.2
SIA,BA,202501,2524163,0211020036,59.0,303.85
SIA,BA,202501,2600943,0211020036,32.0,164.8
SIA,BA,202501,5025729,0211020036,87.0,448.05
SIA,BA,202501,3238989,0211020036,12.0,61.8
SIA,BA,202501,2549905,0206010010,2.0,173.52
SIA,BA,202501,2802015,0211020036,25.0,128.75
SIA,BA,202501,7636822,0211020036,528.0,2719.2
SIA,BA,202501,2505606,0211020036,35.0,180.25
SIA,BA,202501,4446321,0211020036,478.0,2461.7
SIA,BA,202501,4785614,0211020036,588.0,3028.2
SIA,BA,202501,7395280,0211020036,115.0,592.25
SIA,BA,202501,6616917,0206010044,1.0,86.75
SIA,BA,202501,7187556,0211020036,201.0,1035.15
SIA,BA,202501,3831256,0211020036,91.0,468.65
SIA,BA,202501,4029607,0211020036,116.0,597.4
SIA,BA,202501,4029844,0211020036,45.0,231.75
SIA,BA,202501,7116896,0211020036,41.0,211.15
SIA,BA,202501,2598221,0211020036,108.0,556.2
SIA,BA,202501,9388133,0211020036,58.0,298.7
SIA,BA,202501,9040803,0211020036,70.0,360.5
SIA,BA,202501,2514435,0211020036,121.0,623.15
SIA,BA,202501,0028568,0211020036,332.0,1709.8
SIA,BA,202501,0786608,0206020015,1.0,86.75
SIA,BA,202501,2602636,0211020036,83.0,427.45
SIA,BA,202501,2507447,0206030010,1.0,370.0
SIA,BA,202501,0785245,0206010036,1.0,86.76
SIA,BA,202501,9481966,0208010033,1.0,383.07
SIA,BA,202501,9052844,0206010052,1.0,300.0
SIA,BA,202501,0005363,0211020036,352.0,1812.8
SIA,BA,202501,2386879,0211020036,58.0,298.7
SIA,BA,202501,4446321,0205010016,2.0,330.0
SIA,BA,202501,9837841,0206010052,1.0,86.75
SIA,BA,202502,9866027,0206020031,63.0,8593.83
SIA,BA,202502,9922962,0206020031,67.0,9139.47
SIA,BA,202502,9966366,0211020036,275.0,1416.25
SIA,BA,202502,9922962,0211020036,383.0,1972.45
SIA,BA,202502,9866035,0206020031,89.0,12140.49
SIA,BA,202502,9866027,0211020036,208.0,1071.2
SIA,BA,202502,6476120,0206030037,42.0,15604.26
SIA,BA,202502,0867551,0211020036,231.0,1189.65
SIA,BA,202502,9516182,0211020036,259.0,1333.85
SIA,BA,202502,4145542,0206020031,42.0,5729.22
SIA,BA,202502,0059218,0211020036,438.0,2255.7
SIA,BA,202502,0832014,0211020036,272.0,1400.8
SIA,BA,202502,0785245,0211020036,363.0,1869.45
SIA,BA,202502,9372822,0211020036,329.0,1694.35
SIA,BA,202502,0003816,0211020036,408.0,2101.2
SIA,BA,202502,2799286,0206020031,12.0,1636.92
SIA,BA,202502,2804034,0206020031,136.0,18551.76
SIA,BA,202502,2802104,0206020031,284.0,38740.44
SIA,BA,202502,0832014,0206020031,57.0,7775.37
SIA,BA,202502,9837841,0211020036,280.0,1442.0
SIA,BA,202502,4026896,0206020031,70.0,9548.7
SIA,BA,202502,0829781,0211020036,297.0,1529.55
SIA,BA,202502,9966366,0206020031,92.0,12549.72
SIA,BA,202502,3968537,0206030010,20.0,2772.6
SIA,BA,202502,2407205,0206010036,5.0,433.8
SIA,BA,202502,2489511,0208010033,20.0,7661.4
SIA,BA,202502,2400693,0206020031,18.0,2455.38
SIA,BA,202502,0003786,0206020031,552.0,75298.32
SIA,BA,202502,0829781,0206020031,99.0,13504.59
SIA,BA,202502,4578732,0206020031,74.0,10094.34
SIA,BA,202502,9443665,0206030029,9.0,780.75
SIA,BA,202502,3948684,0206020031,15.0,2046.15
SIA,BA,202502,9511377,0211020036,179.0,921.85
SIA,BA,202502,9516182,0206020031,124.0,16914.84
SIA,BA,202502,9949763,0206010079,103.0,10036.32
SIA,BA,202502,9837841,0206020031,30.0,4092.3
SIA,BA,202502,9949763,0206010028,23.0,2325.3
SIA,BA,202502,2913348,0206020031,54.0,7366.14
SIA,BA,202502,0004294,0206020031,283.0,38604.03
SIA,BA,202502,9372822,0206020031,79.0,10776.39
SIA,BA,202502,6414702,0206020031,70.0,9548.7
SIA,BA,202502,3271110,0206020031,14.0,1909.74
SIA,BA,202502,2525933,0206020031,10.0,1364.1
SIA,BA,202502,4145542,0211020036,127.0,654.05
SIA,BA,202502,2802112,0206020031,32.0,4365.12
SIA,BA,202502,2799839,0206010052,53.0,4597.75
SIA,BA,202502,2388057,0206010052,22.0,1908.5
SIA,BA,202502,9866035,0206010052,11.0,954.25
SIA,BA,202502,2802023,0206010010,29.0,2516.04
SIA,BA,202502,4389034,0206020015,4.0,347.0
SIA,BA,202502,2497751,0206030029,37.0,3209.75
SIA,BA,202502,0003859,0206020031,62.0,8457.42
SIA,BA,202502,2497751,0206020023,58.0,5031.5
SIA,BA,202502,0003816,0206010052,14.0,1214.5
SIA,BA,202502,3154904,0208010025,48.0,19608.96
SIA,BA,202502,2802023,0206010079,200.0,19488.0
SIA,BA,202502,9922962,0206010052,21.0,1821.75
SIA,BA,202502,9507930,0206020031,198.0,27009.18
SIA,BA,202502,2804034,0206010052,9.0,780.75
SIA,BA,202502,2770512,0206010028,4.0,404.4
SIA,BA,202502,0004294,0206020015,61.0,5291.75
SIA,BA,202502,9347135,0211020036,9.0,46.35
SIA,BA,202502,0884189,0206020031,97.0,13231.77
SIA,BA,202502,2799790,0206020031,103.0,14050.23
SIA,BA,202502,0884189,0211020036,175.0,901.25
SIA,BA,202502,2514311,0211020036,28.0,144.2
SIA,BA,202502,2601680,0206030037,77.0,10674.51
SIA,BA,202502,2494973,0206010079,73.0,7113.12
SIA,BA,202502,2497751,0206010010,9.0,780.84
SIA,BA,202502,6414702,0206020023,61.0,5291.75
SIA,BA,202502,2385015,0208010025,96.0,39217.92
SIA,BA,202502,2385171,0206030037,300.0,41589.0
SIA,BA,202502,3271110,0206010079,38.0,3702.72
SIA,BA,202502,2385171,0206030010,300.0,41589.0
SIA,BA,202502,0829781,0206020015,18.0,1561.5
SIA,BA,202502,0004294,0206010052,30.0,2602.5
SIA,BA,202502,2772280,0206030010,39.0,5406.57
SIA,BA,202502,9915583,0206020031,87.0,11867.67
SIA,BA,202502,0003778,0206020031,140.0,19097.4
SIA,BA,202502,2799758,0206010028,27.0,2729.7
SIA,BA,202502,2525569,0206030037,25.0,3465.75
SIA,BA,202502,0786608,0211020036,120.0,618.0
SIA,BA,202502,0059218,0206020031,98.0,13368.18
SIA,BA,202502,0004073,0206020031,36.0,4910.76
SIA,BA,202502,9507930,0211020036,223.0,1148.45
SIA,BA,202502,2913348,0211020036,88.0,453.2
SIA,BA,202502,2525569,0206030010,24.0,3327.12
SIA,BA,202502,4028155,0206010052,17.0,1474.75
SIA,BA,202502,0003875,0208010033,34.0,13024.38
SIA,BA,202502,2388057,0206020015,9.0,780.75
SIA,BA,202502,2509326,0211020036,125.0,643.75
SIA,BA,202502,6237509,0206010079,39.0,11505.0
SIA,BA,202502,9425632,0211020060,22.0,1980.0
SIA,BA,202502,2525569,0206020023,2.0,173.5
SIA,BA,202502,2494973,0206010028,11.0,1112.1
SIA,BA,202502,4446321,0206020023,47.0,3990.5
SIA,BA,202502,3972925,0206020031,96.0,13095.36
SIA,BA,202502,0785245,0206020031,100.0,13641.0
SIA,BA,202502,4028155,0206020031,102.0,13913.82
SIA,BA,202502,2388057,0206020031,125.0,17051.25
SIA,BA,202502,2799758,0206010079,374.0,36442.56
SIA,BA,202502,4389034,0211020036,105.0,540.75
SIA,BA,202502,2301318,0206030037,81.0,11229.03
SIA,BA,202502,2770512,0206020031,20.0,2728.2
SIA,BA,202502,2799758,0206020031,183.0,24963.03
SIA,BA,202502,3968537,0206030037,6.0,831.78
SIA,BA,202502,0004065,0206010079,18.0,1753.92
SIA,BA,202502,2601680,0206030010,38.0,5267.94
SIA,BA,202502,4578732,0206010052,5.0,433.75
SIA,BA,202502,0005428,0206020031,37.0,5047.17
SIA,BA,202502,4578732,0206020015,6.0,520.5
SIA,BA,202502,4022718,0206010079,101.0,9841.44
SIA,BA,202502,2407205,0206030010,70.0,9704.1
SIA,BA,202502,0003816,0206020031,96.0,13095.36
SIA,BA,202502,0003875,0206020031,131.0,17869.71
SIA,BA,202502,2489511,0208010025,20.0,8170.4
SIA,BA,202502,6988393,0211020036,14.0,72.1
SIA,BA,202502,2772280,0206030037,42.0,5822.46
SIA,BA,202502,2598183,0211020036,99.0,509.85
SIA,BA,202502,4024222,0211020036,25.0,128.75
SIA,BA,202502,7167156,0206020031,67.0,9139.47
SIA,BA,202502,4305183,0211020036,23.0,118.45
SIA,BA,202502,0004251,0206020031,47.0,6411.27
SIA,BA,202502,2488892,0208010033,7.0,2681.49
SIA,BA,202502,6414702,0206020015,14.0,1214.5
SIA,BA,202502,2799758,0206010044,105.0,9108.75
SIA,BA,202502,0607126,0206020031,19.0,2591.79
SIA,BA,202502,0003786,0206010052,156.0,13533.0
SIA,BA,202502,2550032,0206020031,8.0,1091.28
SIA,BA,202502,0003786,0206020015,4.0,347.0
SIA,BA,202502,2524996,0211020036,20.0,103.0
SIA,BA,202502,2407205,0206010052,32.0,2776.0
SIA,BA,202502,6772838,0206010079,1.0,220.0
SIA,BA,202502,2627418,0206030010,11.0,1524.93
SIA,BA,202502,2407205,0206010044,14.0,1214.5
SIA,BA,202502,2802090,0206020031,43.0,5865.63
SIA,BA,202502,4022718,0206020031,74.0,10094.34
SIA,BA,202502,6998593,0211020036,50.0,257.5
SIA,BA,202502,2407205,0206020031,120.0,16369.2
SIA,BA,202502,3968537,0206010079,35.0,3410.4
SIA,BA,202502,2801507,0206010044,6.0,520.5
SIA,BA,202502,9560785,0211020036,282.0,1452.3
SIA,BA,202502,2520613,0206030037,37.0,5129.31
SIA,BA,202502,9516182,0206010079,215.0,20949.6
SIA,BA,202502,6982980,0211020036,213.0,1096.95
SIA,BA,202502,2386569,0206010079,18.0,1753.92
SIA,BA,202502,2414244,0206010079,129.0,12569.76
SIA,BA,202502,9507930,0206010052,15.0,1301.25
SIA,BA,202502,0786608,0206020015,7.0,607.25
SIA,BA,202502,0003875,0206010052,17.0,1474.75
SIA,BA,202502,2862301,0206020015,7.0,607.25
SIA,BA,202502,9443665,0211020060,250.0,7500.0
SIA,BA,202502,2385171,0206020023,12.0,1041.0
SIA,BA,202502,0786608,0206020031,65.0,8866.65
SIA,BA,202502,9516182,0206010028,94.0,9503.4
SIA,BA,202502,0003921,0206020015,8.0,694.0
SIA,BA,202502,9443665,0206010010,46.0,3990.96
SIA,BA,202502,0786608,0206010052,7.0,607.25
SIA,BA,202502,0004235,0211020036,2237.0,11520.55
SIA,BA,202502,7675135,0206030010,14.0,1940.82
SIA,BA,202502,2487438,0206010079,107.0,10426.08
SIA,BA,202502,9949763,0206010010,9.0,780.84
SIA,BA,202502,9949763,0206020031,36.0,4910.76
SIA,BA,202502,2301318,0206010079,73.0,7113.12
SIA,BA,202502,3154904,0208010033,48.0,18387.36
SIA,BA,202502,0785245,0206020015,3.0,260.25
SIA,BA,202502,2799839,0206020031,26.0,3546.66
SIA,BA,202502,2799286,0206010052,2.0,173.5
SIA,BA,202502,0003786,0206030029,8.0,694.0
SIA,BA,202502,0004073,0206010052,5.0,433.75
SIA,BA,202502,2770512,0206010079,98.0,9549.12
SIA,BA,202502,2487756,0211020060,63.0,1890.0
SIA,BA,202502,2913348,0206020015,6.0,520.5
SIA,BA,202502,2487438,0206020031,46.0,6274.86
SIA,BA,202502,0003921,0206020031,111.0,15141.51
SIA,BA,202502,2627418,0206010028,16.0,1617.6
SIA,BA,202502,9966366,0206020015,2.0,173.5
SIA,BA,202502,6364322,0211020036,11.0,56.65
SIA,BA,202502,6595197,0206020015,8.0,694.0
SIA,BA,202502,9443665,0206010052,35.0,3036.25
SIA,BA,202502,2414244,0206020031,32.0,4365.12
SIA,BA,202502,6602533,0206010052,3.0,260.25
SIA,BA,202502,3972925,0206020015,22.0,1908.5
SIA,BA,202502,9837841,0206020015,8.0,694.0
SIA,BA,202502,2802104,0206010052,53.0,4597.75
SIA,BA,202502,0004278,0206010052,10.0,867.5
SIA,BA,202502,4389034,0206020031,61.0,8321.01
SIA,BA,202502,2802090,0206020015,7.0,607.25
SIA,BA,202502,0004251,0208010033,42.0,16088.94
SIA,BA,202502,4389034,0206010052,4.0,347.0
SIA,BA,202502,4598334,0211020036,1200.0,6180.0
SIA,BA,202502,0004278,0211020036,140.0,721.0
SIA,BA,202502,0004251,0211020036,43.0,221.45
SIA,BA,202502,4028155,0206020015,2.0,173.5
SIA,BA,202502,0004065,0206020015,1.0,86.75
SIA,BA,202502,0204595,0211020036,885.0,4557.75
SIA,BA,202502,0003786,0206030010,412.0,57115.56
SIA,BA,202502,2802023,0206010028,20.0,2022.0
SIA,BA,202502,6476120,0206030010,42.0,15604.26
SIA,BA,202502,0003980,0206020031,31.0,4228.71
SIA,BA,202502,9922962,0206020015,4.0,347.0
SIA,BA,202502,3271110,0206010028,4.0,404.4
SIA,BA,202502,9372822,0206020015,5.0,433.75
SIA,BA,202502,0003980,0206020015,13.0,1127.75
SIA,BA,202502,0003786,0206030037,464.0,64324.32
SIA,BA,202502,2388057,0206020023,19.0,1648.25
SIA,BA,202502,0785245,0206010052,4.0,347.0
SIA,BA,202502,2507447,0211020036,1400.0,25200.0
SIA,BA,202502,0829781,0206010052,7.0,607.25
SIA,BA,202502,2487438,0206010010,13.0,1127.88
SIA,BA,202502,9516182,0206020015,12.0,1041.0
SIA,BA,202502,3972925,0211020036,137.0,705.55
SIA,BA,202502,2550032,0206030010,21.0,2911.23
SIA,BA,202502,4671244,0211020036,486.0,2502.9
SIA,BA,202502,9507930,0206020015,3.0,260.25
SIA,BA,202502,3368726,0211020036,12.0,61.8
SIA,BA,202502,6561411,0211020036,100.0,515.0
SIA,BA,202502,6273696,0211020060,16.0,1440.0
SIA,BA,202502,0059218,0206020015,7.0,607.25
SIA,BA,202502,0884189,0206020015,8.0,694.0
SIA,BA,202502,0884189,0206010052,10.0,867.5
SIA,BA,202502,0607126,0206010052,5.0,433.75
SIA,BA,202502,4022718,0206010010,4.0,347.04
SIA,BA,202502,0003832,0206010052,10.0,867.5
SIA,BA,202502,2414244,0206020023,8.0,694.0
SIA,BA,202502,6414702,0206010052,4.0,347.0
SIA,BA,202502,4145542,0206020015,1.0,86.75
SIA,BA,202502,9443665,0206030010,203.0,28141.89
SIA,BA,202502,9443665,0206020023,4.0,347.0
SIA,BA,202502,2771292,0211020036,59.0,303.85
SIA,BA,202502,2407205,0206010079,24.0,2338.56
SIA,BA,202502,2401665,0211020036,60.0,309.0
SIA,BA,202502,2802112,0206030037,17.0,2356.71
SIA,BA,202502,2301318,0206030029,3.0,260.25
SIA,BA,202502,9966366,0206010052,8.0,694.0
SIA,BA,202502,0003832,0206020031,35.0,4774.35
SIA,BA,202502,9373853,0206010079,4.0,389.76
SIA,BA,202502,0004251,0206020015,1.0,86.75
SIA,BA,202502,2497751,0206020015,17.0,1474.75
SIA,BA,202502,0003816,0206030010,78.0,10813.14
SIA,BA,202502,2770512,0206030029,5.0,433.75
SIA,BA,202502,4446321,0206020015,18.0,1388.0
SIA,BA,202502,9516182,0206010052,14.0,1214.5
SIA,BA,202502,0003786,0206010044,45.0,3903.75
SIA,BA,202502,2938499,0206010044,14.0,1214.5
SIA,BA,202502,2938499,0206020031,43.0,5865.63
SIA,BA,202502,9007148,0211020036,1188.0,6118.2
SIA,BA,202502,2487756,0206010079,3.0,292.32
SIA,BA,202502,3464156,0206020031,10.0,1364.1
SIA,BA,202502,6595197,0206020031,29.0,3955.89
SIA,BA,202502,2523310,0211020036,12.0,61.8
SIA,BA,202502,4324307,0211020036,940.0,4841.0
SIA,BA,202502,7228724,0211020036,1.0,5.15
SIA,BA,202502,9443665,0206020015,8.0,694.0
SIA,BA,202502,4026896,0206010052,10.0,867.5
SIA,BA,202502,0003786,0206020023,8.0,694.0
SIA,BA,202502,5889448,0206010079,16.0,1559.04
SIA,BA,202502,7675135,0206020031,21.0,2864.61
SIA,BA,202502,0003832,0211020036,781.0,4022.15
SIA,BA,202502,2804034,0206020023,8.0,694.0
SIA,BA,202502,9443665,0211020036,583.0,3002.45
SIA,BA,202502,2659999,0211020036,92.0,473.8
SIA,BA,202502,2601680,0211020036,7.0,36.05
SIA,BA,202502,2304961,0211020036,87.0,448.05
SIA,BA,202502,2627418,0206010079,31.0,3020.64
SIA,BA,202502,2389347,0211020036,8.0,41.2
SIA,BA,202502,2301318,0206020015,7.0,607.25
SIA,BA,202502,6292550,0211020060,4.0,360.0
SIA,BA,202502,0004251,0206010052,7.0,607.25
SIA,BA,202502,5546826,0211020036,5.0,25.75
SIA,BA,202502,2415844,0206020031,6.0,818.46
SIA,BA,202502,9949763,0206010044,18.0,1561.5
SIA,BA,202502,2520613,0206010044,4.0,347.0
SIA,BA,202502,2801566,0211020036,78.0,401.7
SIA,BA,202502,2386569,0206010028,2.0,202.2
SIA,BA,202502,6476120,0206010044,4.0,929.96
SIA,BA,202502,6602533,0206020015,7.0,607.25
SIA,BA,202502,2938499,0206010052,4.0,347.0
SIA,BA,202502,3948684,0206010052,1.0,86.75
SIA,BA,202502,4670019,0211020036,430.0,2214.5
SIA,BA,202502,2414244,0206010010,10.0,867.6
SIA,BA,202502,5889448,0206030029,1.0,86.75
SIA,BA,202502,0004251,0206030010,13.0,1802.19
SIA,BA,202502,6988423,0211020036,35.0,180.25
SIA,BA,202502,9383298,0206020031,8.0,1091.28
SIA,BA,202502,0004820,0206010052,6.0,520.5
SIA,BA,202502,9052844,0206030029,1.0,300.0
SIA,BA,202502,2942585,0211020036,312.0,1606.8
SIA,BA,202502,0003956,0211020036,1165.0,5999.75
SIA,BA,202502,4022416,0211020036,51.0,262.65
SIA,BA,202502,4022718,0206010044,4.0,347.0
SIA,BA,202502,0003778,0206010052,7.0,607.25
SIA,BA,202502,0003859,0206010052,9.0,780.75
SIA,BA,202502,2799758,0206020023,6.0,520.5
SIA,BA,202502,2926970,0206030037,5.0,693.15
SIA,BA,202502,2494973,0206010052,4.0,347.0
SIA,BA,202502,7465106,0211020036,101.0,520.15
SIA,BA,202502,4446321,0206020031,6.0,818.46
SIA,BA,202502,6476120,0206010052,2.0,464.98
SIA,BA,202502,9915583,0206020015,3.0,260.25
SIA,BA,202502,0004774,0211020036,727.0,3744.05
SIA,BA,202502,2415844,0206020015,1.0,86.75
SIA,BA,202502,3464156,0206030010,9.0,1247.67
SIA,BA,202502,9866027,0206020015,3.0,260.25
SIA,BA,202502,2799103,0211020036,182.0,937.3
SIA,BA,202502,2799758,0206020015,8.0,694.0
SIA,BA,202502,2304953,0211020036,208.0,1071.2
SIA,BA,202502,2487438,0206020023,2.0,173.5
SIA,BA,202502,2627418,0206010044,1.0,86.75
SIA,BA,202502,4145542,0206010052,6.0,520.5
SIA,BA,202502,0003980,0206020023,1.0,86.75
SIA,BA,202502,0003980,0206010052,5.0,433.75
SIA,BA,202502,6988407,0211020036,12.0,61.8
SIA,BA,202502,2509954,0211020036,42.0,216.3
SIA,BA,202502,6602533,0206020031,12.0,1636.92
SIA,BA,202502,9052844,0206010079,2.0,440.0
SIA,BA,202502,4028155,0211020036,460.0,2369.0
SIA,BA,202502,2407205,0206010028,5.0,505.5
SIA,BA,202502,0005428,0206010052,2.0,173.5
SIA,BA,202502,4026896,0206020015,5.0,433.75
SIA,BA,202502,2799790,0206020015,2.0,173.5
SIA,BA,202502,2802090,0206010052,4.0,347.0
SIA,BA,202502,9373853,0206010010,1.0,86.76
SIA,BA,202502,2802090,0206020023,1.0,86.75
SIA,BA,202502,2414244,0206020015,3.0,260.25
SIA,BA,202502,0003832,0206030037,38.0,5267.94
SIA,BA,202502,0607126,0206020015,1.0,86.75
SIA,BA,202502,9915583,0206010052,9.0,780.75
SIA,BA,202502,2913348,0206010052,5.0,433.75
SIA,BA,202502,7231458,0211020036,12.0,61.8
SIA,BA,202502,2799839,0206020023,1.0,86.75
SIA,BA,202502,3956369,0211020036,187.0,963.05
SIA,BA,202502,3407829,0211020036,82.0,422.3
SIA,BA,202502,2487756,0206030010,1.0,138.63
SIA,BA,202502,4026896,0211020036,176.0,906.4
SIA,BA,202502,0003921,0206020023,10.0,867.5
SIA,BA,202502,0003786,0206010010,9.0,780.84
SIA,BA,202502,3972925,0206010052,6.0,520.5
SIA,BA,202502,0003832,0208010033,44.0,16855.08
SIA,BA,202502,2770512,0206010044,7.0,607.25
SIA,BA,202502,2620421,0211020036,128.0,659.2
SIA,BA,202502,0003786,0211020036,490.0,2523.5
SIA,BA,202502,2862301,0206020031,5.0,682.05
SIA,BA,202502,2601117,0211020036,61.0,314.15
SIA,BA,202502,9516182,0206010010,29.0,2516.04
SIA,BA,202502,0003816,0206020023,2.0,173.5
SIA,BA,202502,2498804,0206030010,1.0,138.63
SIA,BA,202502,2601591,0211020036,141.0,726.15
SIA,BA,202502,4880110,0211020036,360.0,1854.0
SIA,BA,202502,2386569,0206020015,1.0,86.75
SIA,BA,202502,2799790,0206010052,4.0,347.0
SIA,BA,202502,0785245,0206020023,1.0,86.75
SIA,BA,202502,0005428,0211020036,39.0,200.85
SIA,BA,202502,7596871,0211020036,267.0,1375.05
SIA,BA,202502,3179648,0211020036,99.0,509.85
SIA,BA,202502,2603012,0211020036,145.0,746.75
SIA,BA,202502,2799286,0211020036,161.0,829.15
SIA,BA,202502,2525933,0211020036,359.0,1848.85
SIA,BA,202502,2549905,0211020036,86.0,442.9
SIA,BA,202502,9470832,0211020036,325.0,1673.75
SIA,BA,202502,2388057,0211020036,543.0,2796.45
SIA,BA,202502,2413299,0211020036,68.0,350.2
SIA,BA,202502,2402076,0211020036,289.0,1488.35
SIA,BA,202502,2804034,0211020036,40.0,206.0
SIA,BA,202502,0003778,0211020036,860.0,4429.0
SIA,BA,202502,9866035,0206020015,2.0,173.5
SIA,BA,202502,9040803,0211020036,72.0,370.8
SIA,BA,202502,4028511,0211020036,307.0,1581.05
SIA,BA,202502,0004294,0211020036,659.0,3393.85
SIA,BA,202502,2401177,0211020036,38.0,195.7
SIA,BA,202502,0006564,0211020036,38.0,195.7
SIA,BA,202502,9372822,0206010052,4.0,347.0
SIA,BA,202502,2802112,0206010052,3.0,260.25
SIA,BA,202502,3240622,0206030037,4.0,554.52
SIA,BA,202502,9507930,0206020023,4.0,347.0
SIA,BA,202502,2401681,0211020036,176.0,906.4
SIA,BA,202502,7945671,0211020036,289.0,1488.35
SIA,BA,202502,2487438,0206010028,13.0,1314.3
SIA,BA,202502,2514435,0211020036,103.0,530.45
SIA,BA,202502,2660024,0211020036,177.0,911.55
SIA,BA,202502,3968537,0206010044,2.0,173.5
SIA,BA,202502,2802090,0211020036,190.0,978.5
SIA,BA,202502,0003786,0208010033,133.0,50948.31
SIA,BA,202502,2384779,0211020036,80.0,412.0
SIA,BA,202502,2523299,0211020036,50.0,257.5
SIA,BA,202502,2401509,0211020036,401.0,2065.15
SIA,BA,202502,0007587,0211020036,181.0,932.15
SIA,BA,202502,0004294,0206020023,1.0,86.75
SIA,BA,202502,0059218,0206010052,5.0,433.75
SIA,BA,202502,2532387,0211020036,284.0,1462.6
SIA,BA,202502,7636822,0211020036,379.0,1951.85
SIA,BA,202502,2602121,0211020036,326.0,1678.9
SIA,BA,202502,2799812,0211020036,117.0,602.55
SIA,BA,202502,0004235,0211020060,427.0,12810.0
SIA,BA,202502,2602083,0211020036,252.0,1297.8
SIA,BA,202502,6476120,0206020015,1.0,232.49
SIA,BA,202502,2386569,0206010044,3.0,260.25
SIA,BA,202502,2804034,0206020015,11.0,954.25
SIA,BA,202502,2862301,0206010052,1.0,86.75
SIA,BA,202502,2505606,0211020036,84.0,432.6
SIA,BA,202502,6595197,0206020023,2.0,173.5
SIA,BA,202502,0832014,0206020015,3.0,260.25
SIA,BA,202502,4454855,0211020036,800.0,4120.0
SIA,BA,202502,2498049,0211020036,40.0,206.0
SIA,BA,202502,0003921,0206010052,2.0,173.5
SIA,BA,202502,2799839,0211020036,74.0,1480.0
SIA,BA,202502,5401755,0211020036,10.0,51.5
SIA,BA,202502,2799758,0206010052,4.0,347.0
SIA,BA,202502,2799855,0211020036,8.0,41.2
SIA,BA,202502,6414702,0211020036,373.0,1920.95
SIA,BA,202502,2802252,0211020036,254.0,1308.1
SIA,BA,202502,0003832,0206010010,1.0,86.76
SIA,BA,202502,9383298,0206010052,1.0,86.75
SIA,BA,202502,2770512,0206020015,3.0,260.25
SIA,BA,202502,2550032,0206030037,3.0,415.89
SIA,BA,202502,2550032,0206010044,4.0,347.0
SIA,BA,202502,2401789,0211020036,268.0,1380.2
SIA,BA,202502,4578732,0211020036,42.0,216.3
SIA,BA,202502,2494973,0206010010,4.0,347.04
SIA,BA,202502,3948684,0211020036,10.0,51.5
SIA,BA,202502,0832014,0206010052,2.0,173.5
SIA,BA,202502,2799820,0211020036,50.0,257.5
SIA,BA,202502,2413450,0211020036,198.0,1019.7
SIA,BA,202502,2414244,0211020036,400.0,2060.0
SIA,BA,202502,2417189,0211020036,71.0,365.65
SIA,BA,202502,2412276,0211020036,100.0,515.0
SIA,BA,202502,2802023,0206020015,3.0,260.25
SIA,BA,202502,6595197,0211020036,13.0,66.95
SIA,BA,202502,3827127,0211020036,20.0,103.0
SIA,BA,202502,4616685,0211020036,114.0,587.1
SIA,BA,202502,9383298,0211020036,171.0,880.65
SIA,BA,202502,0003980,0211020036,562.0,2894.3
SIA,BA,202502,0005363,0211020036,333.0,1714.95
SIA,BA,202502,2862301,0211020036,18.0,92.7
SIA,BA,202502,0005398,0211020036,143.0,736.45
SIA,BA,202502,2771365,0211020036,6.0,30.9
SIA,BA,202502,0029521,0211020036,152.0,782.8
SIA,BA,202502,4446321,0211020036,500.0,2575.0
SIA,BA,202502,7193386,0211020036,35.0,180.25
SIA,BA,202502,0003859,0211020036,163.0,839.45
SIA,BA,202502,6595197,0206010052,1.0,86.75
SIA,BA,202502,4032594,0211020036,160.0,824.0
SIA,BA,202502,9949763,0206020023,1.0,86.75
SIA,BA,202502,9949763,0206020015,3.0,260.25
SIA,BA,202502,9372822,0206020023,1.0,86.75
SIA,BA,202502,4029844,0211020036,26.0,133.9
SIA,BA,202502,3972925,0206020023,1.0,86.75
SIA,BA,202502,2644789,0206030037,1.0,138.63
SIA,BA,202502,2557088,0211020036,43.0,221.45
SIA,BA,202502,2445204,0211020036,600.0,3090.0
SIA,BA,202502,2862301,0206020023,1.0,86.75
SIA,BA,202502,6998313,0211020036,1.0,5.15
SIA,BA,202502,2602652,0211020036,200.0,1030.0
SIA,BA,202502,2498790,0211020036,13.0,66.95
SIA,BA,202502,2414244,0206010028,11.0,1112.1
SIA,BA,202502,7037937,0211020036,28.0,144.2
SIA,BA,202502,0832014,0206020023,2.0,173.5
SIA,BA,202502,5889448,0206030010,2.0,277.26
SIA,BA,202502,2498413,0211020036,39.0,200.85
SIA,BA,202502,0003832,0206030010,25.0,3465.75
SIA,BA,202502,9388133,0211020036,226.0,1163.9
SIA,BA,202502,6602533,0211020036,9.0,46.35
SIA,BA,202502,6025692,0211020036,87.0,448.05
SIA,BA,202502,7094647,0206030029,1.0,86.75
SIA,BA,202502,2400693,0211020036,300.0,1545.0
SIA,BA,202502,2799790,0211020036,310.0,1596.5
SIA,BA,202502,2301318,0206010044,12.0,1041.0
SIA,BA,202502,5439051,0211020036,138.0,3583.86
SIA,BA,202502,9949763,0211020036,247.0,1272.05
SIA,BA,202502,9915583,0206030010,91.0,12615.33
SIA,BA,202502,9866027,0206030010,60.0,8317.8
SIA,BA,202502,9922962,0206030010,73.0,10119.99
SIA,BA,202502,9949763,0206030010,81.0,11229.03
SIA,BA,202502,9966366,0206030010,114.0,15803.82
SIA,BA,202502,2385171,0206010079,294.0,28647.36
SIA,BA,202502,0004278,0206030010,21.0,2911.23
SIA,BA,202502,9005919,0211020036,41.0,211.15
SIA,BA,202502,6292550,0211020036,218.0,5661.46
SIA,BA,202502,9130411,0211020036,340.0,1751.0
SIA,BA,202502,6194745,0211020036,70.0,1817.9
SIA,BA,202502,9866035,0206010036,10.0,867.6
SIA,BA,202502,2601079,0211020036,21.0,108.15
SIA,BA,202502,9210695,0211020036,3.0,15.45
SIA,BA,202502,2802104,0206030010,199.0,27587.37
SIA,BA,202502,9516182,0206030010,104.0,14417.52
SIA,BA,202502,6237509,0206030037,15.0,3375.0
SIA,BA,202502,9866035,0206030010,101.0,14001.63
SIA,BA,202502,9966366,0206010036,11.0,954.36
SIA,BA,202502,2802090,0206030010,112.0,15526.56
SIA,BA,202502,2799758,0206030010,120.0,16635.6
SIA,BA,202502,2487438,0206030010,89.0,12338.07
SIA,BA,202502,0004065,0206020031,67.0,9139.47
SIA,BA,202502,2799790,0206030010,163.0,22596.69
SIA,BA,202502,2862301,0206010036,9.0,780.84
SIA,BA,202502,0786608,0206030010,87.0,12060.81
SIA,BA,202502,4028155,0206030010,216.0,29944.08
SIA,BA,202502,2388057,0206010036,16.0,1388.16
SIA,BA,202502,4026896,0206030010,100.0,13863.0
SIA,BA,202502,0607126,0206030010,22.0,3049.86
SIA,BA,202502,4145542,0206030010,52.0,7208.76
SIA,BA,202502,2388057,0206030010,212.0,29389.56
SIA,BA,202502,9507930,0206030010,131.0,18160.53
SIA,BA,202502,0004294,0206010036,127.0,11018.52
SIA,BA,202502,4578732,0206030010,47.0,6515.61
SIA,BA,202502,2802023,0206010044,43.0,3730.25
SIA,BA,202502,0004294,0206030010,214.0,29666.82
SIA,BA,202502,0004073,0206030010,36.0,4990.68
SIA,BA,202502,0003778,0206030010,198.0,27448.74
SIA,BA,202502,2772280,0206010079,48.0,4677.12
SIA,BA,202502,0884189,0206030010,85.0,11783.55
SIA,BA,202502,6414702,0206030010,245.0,33964.35
SIA,BA,202502,2802023,0206020031,159.0,21689.19
SIA,BA,202502,0829781,0206030010,79.0,10951.77
SIA,BA,202502,2804034,0206030010,126.0,17467.38
SIA,BA,202502,2400693,0206030010,15.0,2079.45
SIA,BA,202502,4389034,0206030010,39.0,5406.57
SIA,BA,202502,2525569,0206010079,49.0,4774.56
SIA,BA,202502,2414244,0206030010,53.0,7347.39
SIA,BA,202502,2799839,0206030010,32.0,4436.16
SIA,BA,202502,6595197,0206030010,127.0,17606.01
SIA,BA,202502,3948684,0206030010,12.0,1663.56
SIA,BA,202502,2483629,0205010016,24.0,3960.0
SIA,BA,202502,4022807,0211020036,100.0,515.0
SIA,BA,202502,3240622,0206030010,6.0,831.78
SIA,BA,202502,2627256,0211020036,241.0,1241.15
SIA,BA,202502,6237509,0206010044,2.0,490.0
SIA,BA,202502,0003859,0206030010,77.0,10674.51
SIA,BA,202502,0003980,0206030010,158.0,21903.54
SIA,BA,202502,3972925,0206030010,130.0,18021.9
SIA,BA,202502,7092776,0211020060,7.0,210.0
SIA,BA,202502,6414702,0206010036,8.0,694.08
SIA,BA,202502,4578732,0206010036,5.0,433.8
SIA,BA,202502,0832014,0206030010,46.0,6376.98
SIA,BA,202502,9372822,0206030010,55.0,7624.65
SIA,BA,202502,0003786,0206010036,13.0,1127.88
SIA,BA,202502,9373853,0206020031,36.0,4910.76
SIA,BA,202502,2862301,0206030010,17.0,2356.71
SIA,BA,202502,2913348,0206030010,45.0,6238.35
SIA,BA,202502,0003875,0206030010,89.0,12338.07
SIA,BA,202502,0059218,0206030010,72.0,9981.36
SIA,BA,202502,0005428,0206030010,8.0,1109.04
SIA,BA,202502,0940534,0211020036,61.0,314.15
SIA,BA,202502,0832014,0206010036,6.0,520.56
SIA,BA,202502,2601575,0211020036,105.0,540.75
SIA,BA,202502,4023463,0211020036,30.0,154.5
SIA,BA,202502,9453474,0211020036,30.0,154.5
SIA,BA,202502,2414465,0211020036,20.0,103.0
SIA,BA,202502,2488892,0208010025,7.0,2859.64
SIA,BA,202502,2413469,0211020036,500.0,2575.0
SIA,BA,202502,2498421,0211020036,203.0,1045.45
SIA,BA,202502,2400693,0206010036,2.0,173.52
SIA,BA,202502,9060537,0211020036,678.0,3491.7
SIA,BA,202502,0003921,0206030010,108.0,14972.04
SIA,BA,202502,4031709,0211020036,82.0,422.3
SIA,BA,202502,2802104,0206010036,2.0,173.52
SIA,BA,202502,6595197,0206010036,10.0,867.6
SIA,BA,202502,2603055,0211020036,262.0,1349.3
SIA,BA,202502,2799456,0211020036,165.0,849.75
SIA,BA,202502,2799286,0206030010,12.0,1663.56
SIA,BA,202502,0003875,0208010025,34.0,13889.68
SIA,BA,202502,2601680,0206020031,85.0,11594.85
SIA,BA,202502,2799251,0211020036,113.0,581.95
SIA,BA,202502,7907222,0211020036,276.0,1421.4
SIA,BA,202502,2926970,0206030010,5.0,693.15
SIA,BA,202502,2804034,0206010036,8.0,694.08
SIA,BA,202502,2802023,0211020036,499.0,2569.85
SIA,BA,202502,9866027,0206010036,9.0,780.84
SIA,BA,202502,7476523,0211020036,200.0,1030.0
SIA,BA,202502,2525062,0211020036,163.0,839.45
SIA,BA,202502,0004820,0206020031,11.0,1500.51
SIA,BA,202502,0785245,0206030010,62.0,8595.06
SIA,BA,202502,0004820,0206030010,11.0,1524.93
SIA,BA,202502,9837841,0206030010,20.0,2772.6
SIA,BA,202502,4032101,0211020036,61.0,314.15
SIA,BA,202502,6476120,0206010028,1.0,270.95
SIA,BA,202502,7443382,0211020036,120.0,618.0
SIA,BA,202502,2520613,0206010036,1.0,86.76
SIA,BA,202502,4446321,0206010036,11.0,954.36
SIA,BA,202502,2601680,0206010010,4.0,347.04
SIA,BA,202502,2508176,0211020036,42.0,216.3
SIA,BA,202502,2799758,0211020036,52.0,267.8
SIA,BA,202502,2497751,0206030010,5.0,693.15
SIA,BA,202502,9837841,0206010036,3.0,260.28
SIA,BA,202502,0710210,0211020036,49.0,252.35
SIA,BA,202502,9949763,0211020060,70.0,2100.0
SIA,BA,202502,2802104,0211020036,1223.0,6298.45
SIA,BA,202502,0829781,0206010036,10.0,867.6
SIA,BA,202502,6602533,0206030010,11.0,1524.93
SIA,BA,202502,9383298,0206030010,24.0,3327.12
SIA,BA,202502,2525933,0206030010,28.0,3881.64
SIA,BA,202502,2799790,0206010036,1.0,86.76
SIA,BA,202502,0786608,0206010036,3.0,260.28
SIA,BA,202502,2487438,0211020036,491.0,2528.65
SIA,BA,202502,5731887,0211020036,28.0,144.2
SIA,BA,202502,0003786,0206010079,107.0,10426.08
SIA,BA,202502,2487438,0206010044,22.0,1908.5
SIA,BA,202502,9443665,0206020031,96.0,13095.36
SIA,BA,202502,4026624,0211020036,343.0,1766.45
SIA,BA,202502,9372822,0206010036,9.0,780.84
SIA,BA,202502,2520613,0206020031,22.0,3001.02
SIA,BA,202502,9516182,0206010044,71.0,6159.25
SIA,BA,202502,9600299,0211020036,460.0,11946.2
SIA,BA,202502,5375924,0211020036,230.0,1184.5
SIA,BA,202502,2942208,0211020036,75.0,386.25
SIA,BA,202502,5889448,0206030037,2.0,277.26
SIA,BA,202502,0003921,0206010036,10.0,867.6
SIA,BA,202502,2414244,0206010044,20.0,1735.0
SIA,BA,202502,2913348,0206010036,11.0,954.36
SIA,BA,202502,2802090,0206010036,10.0,867.6
SIA,BA,202502,2653230,0211020036,38.0,195.7
SIA,BA,202502,2466694,0211020036,50.0,257.5
SIA,BA,202502,2387727,0211020036,275.0,1416.25
SIA,BA,202502,9091157,0211020036,430.0,2214.5
SIA,BA,202502,2389584,0211020036,25.0,128.75
SIA,BA,202502,2526565,0211020036,80.0,412.0
SIA,BA,202502,0004065,0206010052,4.0,347.0
SIA,BA,202502,0003875,0211020036,979.0,5041.85
SIA,BA,202502,6687636,0206010044,16.0,1388.0
SIA,BA,202502,9373853,0206010052,4.0,347.0
SIA,BA,202502,4028155,0206010036,4.0,347.04
SIA,BA,202502,0059218,0206010036,10.0,867.6
SIA,BA,202502,0003778,0206010036,4.0,347.04
SIA,BA,202502,2601710,0211020036,106.0,545.9
SIA,BA,202502,2653699,0211020036,177.0,911.55
SIA,BA,202502,9866027,0211020060,131.0,3930.0
SIA,BA,202502,0003816,0206010028,1.0,101.1
SIA,BA,202502,4025636,0211020036,2326.0,11978.9
SIA,BA,202502,2505622,0211020036,86.0,442.9
SIA,BA,202502,2601680,0211020010,69.0,50372.76
SIA,BA,202502,2505444,0211020036,361.0,9375.17
SIA,BA,202502,3271110,0206010044,7.0,607.25
SIA,BA,202502,0003786,0208010025,129.0,52699.08
SIA,BA,202502,2600714,0211020036,110.0,566.5
SIA,BA,202502,2772280,0211020010,66.0,48182.64
SIA,BA,202502,2597586,0211020036,109.0,561.35
SIA,BA,202502,9915583,0206010036,3.0,260.28
SIA,BA,202502,9949763,0206010052,10.0,867.5
SIA,BA,202502,9516182,0206010036,16.0,1388.16
SIA,BA,202502,2401231,0211020036,61.0,314.15
SIA,BA,202502,3373223,0211020036,202.0,1040.3
SIA,BA,202502,4145542,0211020060,77.0,2310.0
SIA,BA,202502,3271110,0206030037,1.0,138.63
SIA,BA,202502,2771276,0211020036,52.0,267.8
SIA,BA,202502,2386879,0211020036,140.0,721.0
SIA,BA,202502,9362398,0211020036,554.0,2853.1
SIA,BA,202502,9866035,0211020060,109.0,3270.0
SIA,BA,202502,9922962,0206010036,5.0,433.8
SIA,BA,202502,2799839,0206010036,4.0,347.04
SIA,BA,202502,3948684,0206010036,1.0,86.76
SIA,BA,202502,2520613,0211020060,3.0,90.0
SIA,BA,202502,7077149,0211020036,223.0,1148.45
SIA,BA,202502,4785614,0211020036,714.0,3677.1
SIA,BA,202502,4032829,0211020036,78.0,401.7
SIA,BA,202502,4026896,0206010036,3.0,260.28
SIA,BA,202502,4262867,0211020036,24.0,123.6
SIA,BA,202502,7586361,0211020036,214.0,1102.1
SIA,BA,202502,7395280,0211020036,94.0,484.1
SIA,BA,202502,2802023,0206010036,8.0,694.08
SIA,BA,202502,9507930,0211020060,70.0,2100.0
SIA,BA,202502,3968537,0206010010,4.0,347.04
SIA,BA,202502,2510936,0211020036,100.0,515.0
SIA,BA,202502,6855180,0211020036,1265.0,6514.75
SIA,BA,202502,9052844,0206020031,17.0,6290.0
SIA,BA,202502,0785245,0206010036,2.0,173.52
SIA,BA,202502,2415844,0206030010,3.0,415.89
SIA,BA,202502,2799731,0211020036,1300.0,6695.0
SIA,BA,202502,2659069,0211020036,21.0,545.37
SIA,BA,202502,7449151,0211020036,57.0,293.55
SIA,BA,202502,9141820,0211020036,1.0,5.15
SIA,BA,202502,0004073,0206010036,2.0,173.52
SIA,BA,202502,6602533,0206010036,2.0,173.52
SIA,BA,202502,2772280,0206010010,6.0,520.56
SIA,BA,202502,0884189,0206010036,2.0,173.52
SIA,BA,202502,0004820,0206010095,19.0,40037.18
SIA,BA,202502,9372822,0206010079,174.0,16954.56
SIA,BA,202502,9383298,0206030037,28.0,3881.64
SIA,BA,202502,0003816,0206030037,69.0,9565.47
SIA,BA,202502,0003778,0206030037,206.0,28557.78
SIA,BA,202502,0785245,0206030037,64.0,8872.32
SIA,BA,202502,0785245,0206010079,93.0,9061.92
SIA,BA,202502,0786608,0206030037,83.0,11506.29
SIA,BA,202502,0059218,0206010079,188.0,18318.72
SIA,BA,202502,0786608,0206010079,125.0,12180.0
SIA,BA,202502,2913348,0206010079,110.0,10718.4
SIA,BA,202502,2804034,0206030037,134.0,18576.42
SIA,BA,202502,2804034,0206010079,197.0,19195.68
SIA,BA,202502,2487438,0206030037,92.0,12753.96
SIA,BA,202502,0005428,0206010028,3.0,303.3
SIA,BA,202502,9915583,0206030037,98.0,13585.74
SIA,BA,202502,0004278,0206020031,39.0,5319.99
SIA,BA,202502,9837841,0206030037,22.0,3049.86
SIA,BA,202502,9866027,0206030037,63.0,8733.69
SIA,BA,202502,9516182,0211020060,38.0,1140.0
SIA,BA,202502,2385015,0208010033,99.0,37923.93
SIA,BA,202502,0004294,0206010079,1092.0,106404.48
SIA,BA,202502,0004294,0206010028,148.0,14962.8
SIA,BA,202502,0004294,0206030037,237.0,32855.31
SIA,BA,202502,7167156,0206010079,1.0,97.44
SIA,BA,202502,9966366,0206010079,160.0,15590.4
SIA,BA,202502,9922962,0206010079,130.0,12667.2
SIA,BA,202502,9966366,0206010060,1.0,97.44
SIA,BA,202502,9915583,0206010079,137.0,13349.28
SIA,BA,202502,9949763,0206030029,26.0,2255.5
SIA,BA,202502,9866035,0206010028,43.0,4347.3
SIA,BA,202502,9866035,0206010079,172.0,16759.68
SIA,BA,202502,4389034,0206010036,5.0,433.8
SIA,BA,202502,2520613,0206010028,6.0,606.6
SIA,BA,202502,6414702,0206010079,359.0,34980.96
SIA,BA,202502,4578732,0206010079,79.0,7697.76
SIA,BA,202502,4446321,0206010028,37.0,3740.7
SIA,BA,202502,0003980,0206030037,159.0,22042.17
SIA,BA,202502,0003875,0206010079,11.0,1071.84
SIA,BA,202502,0003921,0206030037,105.0,14556.15
SIA,BA,202502,2388057,0206010079,281.0,27380.64
SIA,BA,202502,0884189,0206010079,170.0,16564.8
SIA,BA,202502,0884189,0206030037,73.0,10119.99
SIA,BA,202502,2388057,0206030037,233.0,32300.79
SIA,BA,202502,0832014,0206010079,210.0,20462.4
SIA,BA,202502,0832014,0206010028,35.0,3538.5
SIA,BA,202502,2802090,0206010079,157.0,15298.08
SIA,BA,202502,2799790,0206030037,111.0,15387.93
SIA,BA,202502,2445204,0205010016,61.0,10065.0
SIA,BA,202502,9866035,0206030037,88.0,12199.44
SIA,BA,202502,9966366,0206030037,102.0,14140.26
SIA,BA,202502,9516182,0206030037,130.0,18021.9
SIA,BA,202502,9949763,0206030037,89.0,12338.07
SIA,BA,202502,0004073,0206010079,18.0,1753.92
SIA,BA,202502,9372822,0206030037,60.0,8317.8
SIA,BA,202502,9507930,0206010079,258.0,25139.52
SIA,BA,202502,9383298,0206010079,52.0,5066.88
SIA,BA,202502,3972925,0206010036,6.0,520.56
SIA,BA,202502,5889448,0206020031,6.0,818.46
SIA,BA,202502,2414244,0206030037,53.0,7347.39
SIA,BA,202502,2415844,0206010079,19.0,1851.36
SIA,BA,202502,0003875,0206030037,56.0,7763.28
SIA,BA,202502,0003980,0206010079,179.0,17441.76
SIA,BA,202502,0003921,0206010079,29.0,2825.76
SIA,BA,202502,2388057,0206010028,22.0,2224.2
SIA,BA,202502,0832014,0206030037,53.0,7347.39
SIA,BA,202502,0003778,0206010079,23.0,2241.12
SIA,BA,202502,4026896,0206010079,75.0,7308.0
SIA,BA,202502,4026896,0206030037,80.0,11090.4
SIA,BA,202502,4145542,0206010079,87.0,8477.28
SIA,BA,202502,4389034,0206010079,163.0,15882.72
SIA,BA,202502,4028155,0206030037,208.0,28835.04
SIA,BA,202502,4028155,0206010079,83.0,8087.52
SIA,BA,202502,2494973,0206010044,14.0,1214.5
SIA,BA,202502,2494973,0206020031,40.0,5456.4
SIA,BA,202502,2524805,0211020036,111.0,571.65
SIA,BA,202502,7116896,0211020036,21.0,108.15
SIA,BA,202502,9052844,0206030037,17.0,6290.0
SIA,BA,202502,0829781,0206010028,72.0,7279.2
SIA,BA,202502,2804034,0206010028,33.0,3336.3
SIA,BA,202502,6595197,0206010079,194.0,18903.36
SIA,BA,202502,6414702,0206030037,254.0,35212.02
SIA,BA,202502,2799790,0206010079,184.0,17928.96
SIA,BA,202502,6595197,0206030037,127.0,17606.01
SIA,BA,202502,2799758,0206030037,66.0,9149.58
SIA,BA,202502,2862301,0206010028,19.0,1920.9
SIA,BA,202502,2862301,0206010079,55.0,5359.2
SIA,BA,202502,2913348,0206030037,47.0,6515.61
SIA,BA,202502,0003859,0206030037,75.0,10397.25
SIA,BA,202502,0829781,0206030037,100.0,13863.0
SIA,BA,202502,0829781,0206010079,181.0,17636.64
SIA,BA,202502,0607126,0206030037,28.0,3881.64
SIA,BA,202502,9837841,0206010079,75.0,7308.0
SIA,BA,202502,9866027,0206010079,78.0,7600.32
SIA,BA,202502,9866027,0206010028,56.0,5661.6
SIA,BA,202502,4032691,0211020036,168.0,865.2
SIA,BA,202502,2801906,0211020036,51.0,262.65
SIA,BA,202502,9922962,0211020060,107.0,3210.0
SIA,BA,202502,4022718,0206030010,51.0,7070.13
SIA,BA,202502,4578732,0206030037,57.0,7901.91
SIA,BA,202502,4446321,0206030037,52.0,7208.76
SIA,BA,202502,2802104,0206030037,179.0,24814.77
SIA,BA,202502,6772838,0206020031,23.0,8510.0
SIA,BA,202502,6602533,0206010079,156.0,15200.64
SIA,BA,202502,2301318,0206030010,66.0,9149.58
SIA,BA,202502,2400693,0206030037,16.0,2218.08
SIA,BA,202502,0003816,0206010079,34.0,3312.96
SIA,BA,202502,0884189,0211020060,34.0,1020.0
SIA,BA,202502,2385171,0206010044,41.0,3556.75
SIA,BA,202502,2938499,0206010028,9.0,909.9
SIA,BA,202502,9507930,0206030037,120.0,16635.6
SIA,BA,202502,2385171,0206010010,26.0,2255.76
SIA,BA,202502,2913348,0206010028,28.0,2830.8
SIA,BA,202502,4389034,0211020060,73.0,2190.0
SIA,BA,202502,0832014,0211020060,23.0,690.0
SIA,BA,202502,4389034,0206030037,37.0,5129.31
SIA,BA,202502,0786608,0206010028,17.0,1718.7
SIA,BA,202502,0059218,0206030037,83.0,11506.29
SIA,BA,202502,0003816,0211020060,18.0,540.0
SIA,BA,202502,6988474,0211020036,22.0,113.3
SIA,BA,202502,9373853,0206030029,1.0,86.75
SIA,BA,202502,9372822,0206010028,78.0,7885.8
SIA,BA,202502,6595197,0206010028,17.0,1718.7
SIA,BA,202502,0003816,0211020010,19.0,13870.76
SIA,BA,202502,3972925,0206030037,131.0,18160.53
SIA,BA,202502,2802104,0206010079,58.0,5651.52
SIA,BA,202502,2802090,0206030037,84.0,11644.92
SIA,BA,202502,2386569,0206020023,3.0,260.25
SIA,BA,202502,4389034,0206010028,63.0,6369.3
SIA,BA,202502,2802023,0206020023,28.0,2429.0
SIA,BA,202502,9511377,0211020060,40.0,1200.0
SIA,BA,202502,9966366,0211020060,25.0,750.0
SIA,BA,202502,4032837,0211020036,105.0,540.75
SIA,BA,202502,2525933,0206010079,49.0,4774.56
SIA,BA,202502,9443665,0206010028,26.0,2628.6
SIA,BA,202502,0003859,0206010079,37.0,3605.28
SIA,BA,202502,3464156,0206030037,5.0,693.15
SIA,BA,202502,2497751,0206010028,11.0,1112.1
SIA,BA,202502,0003875,0211020010,294.0,214631.76
SIA,BA,202502,3972925,0206010079,105.0,10231.2
SIA,BA,202502,3948684,0206030037,8.0,1109.04
SIA,BA,202502,2301318,0206020031,70.0,9548.7
SIA,BA,202502,2525569,0206010010,1.0,86.76
SIA,BA,202502,4578732,0206010028,10.0,1011.0
SIA,BA,202502,2926970,0206010010,0.0,0.0
SIA,BA,202502,4145542,0206030037,43.0,5961.09
SIA,BA,202502,0219665,0211020036,50.0,257.5
SIA,BA,202502,4201175,0211020036,59.0,303.85
SIA,BA,202502,2799804,0211020036,138.0,710.7
SIA,BA,202502,6772838,0206030037,30.0,11100.0
SIA,BA,202502,2653125,0211020036,85.0,437.75
SIA,BA,202502,9922962,0206030037,69.0,9565.47
SIA,BA,202502,9837841,0211020060,33.0,990.0
SIA,BA,202502,2772280,0206030029,9.0,780.75
SIA,BA,202502,9516182,0206030029,40.0,3470.0
SIA,BA,202502,0607126,0206010036,2.0,173.52
SIA,BA,202502,9507930,0206010028,18.0,1819.8
SIA,BA,202502,2816830,0211020036,148.0,762.2
SIA,BA,202502,0884189,0206010028,16.0,1617.6
SIA,BA,202502,2799839,0206010079,55.0,5359.2
SIA,BA,202502,2799758,0206010036,18.0,1561.68
SIA,BA,202502,9966366,0206010028,43.0,4347.3
SIA,BA,202502,6843271,0211020036,33.0,169.95
SIA,BA,202502,2799839,0206010028,4.0,404.4
SIA,BA,202502,9024042,0211020036,78.0,401.7
SIA,BA,202502,6237509,0206020031,13.0,4940.0
SIA,BA,202502,6237509,0206030010,14.0,3150.0
SIA,BA,202502,2549182,0211020036,161.0,829.15
SIA,BA,202502,0004073,0206030037,36.0,4990.68
SIA,BA,202502,9443665,0206010036,21.0,1821.96
SIA,BA,202502,9915583,0206010028,19.0,1920.9
SIA,BA,202502,9922962,0206010028,42.0,4246.2
SIA,BA,202502,2802090,0206010028,19.0,1920.9
SIA,BA,202502,2799154,0211020036,55.0,283.25
SIA,BA,202502,2644789,0206030010,2.0,277.26
SIA,BA,202502,2497751,0206010036,14.0,1214.64
SIA,BA,202502,2523051,0211020036,44.0,226.6
SIA,BA,202502,9837841,0206010028,19.0,1920.9
SIA,BA,202502,2386305,0211020036,20.0,103.0
SIA,BA,202502,4022750,0211020036,38.0,195.7
SIA,BA,202502,4022718,0206030037,8.0,1109.04
SIA,BA,202502,2525933,0206010028,7.0,707.7
SIA,BA,202502,9561056,0211020036,92.0,473.8
SIA,BA,202502,2799286,0206030037,8.0,1109.04
SIA,BA,202502,2799839,0206030037,32.0,4436.16
SIA,BA,202502,2510782,0211020036,85.0,437.75
SIA,BA,202502,9383298,0206010028,3.0,303.3
SIA,BA,202502,0003859,0206010036,2.0,173.52
SIA,BA,202502,2802104,0206010028,3.0,303.3
SIA,BA,202502,2520613,0206030010,40.0,5545.2
SIA,BA,202502,0607126,0206010079,21.0,2046.24
SIA,BA,202502,0005428,0206010079,36.0,3507.84
SIA,BA,202502,0003980,0206010028,4.0,404.4
SIA,BA,202502,9443665,0206030037,203.0,28141.89
SIA,BA,202502,0003778,0206010028,9.0,909.9
SIA,BA,202502,0785245,0206010028,12.0,1213.2
SIA,BA,202502,0059218,0206010028,53.0,5358.3
SIA,BA,202502,2414244,0206010036,5.0,433.8
SIA,BA,202502,6414702,0206010028,14.0,1415.4
SIA,BA,202502,7094647,0206020031,17.0,2318.97
SIA,BA,202502,9443665,0206010060,1.0,97.44
SIA,BA,202502,5005027,0211020036,3.0,15.45
SIA,BA,202502,9481966,0208010033,4.0,1532.28
SIA,BA,202502,9481966,0208010025,4.0,1634.08
SIA,BA,202502,2385171,0206030029,4.0,347.0
SIA,BA,202502,6998143,0211020036,5.0,25.75
SIA,BA,202502,2414244,0206010052,1.0,86.75
SIA,BA,202502,0005428,0206030037,7.0,970.41
SIA,BA,202502,6943977,0211020036,268.0,1380.2
SIA,BA,202502,4028759,0211020036,295.0,1519.25
SIA,BA,202502,2802074,0211020036,58.0,298.7
SIA,BA,202502,9383298,0206010036,3.0,260.28
SIA,BA,202502,7167156,0206030037,8.0,1109.04
SIA,BA,202502,9133585,0211020036,290.0,1493.5
SIA,BA,202502,0003832,0208010025,41.0,16749.32
SIA,BA,202502,2772280,0206010044,9.0,780.75
SIA,BA,202502,4026896,0206010028,10.0,1011.0
SIA,BA,202502,2487438,0206010036,3.0,260.28
SIA,BA,202502,2487616,0211020036,125.0,643.75
SIA,BA,202502,0722529,0211020036,12.0,61.8
SIA,BA,202502,2304848,0211020036,45.0,231.75
SIA,BA,202502,2388057,0206010060,3.0,292.32
SIA,BA,202502,2413671,0211020036,84.0,432.6
SIA,BA,202502,4145542,0206010060,1.0,97.44
SIA,BA,202502,0503894,0211020036,101.0,520.15
SIA,BA,202502,9026908,0211020036,420.0,2163.0
SIA,BA,202502,7057334,0211020036,168.0,865.2
SIA,BA,202502,2414228,0211020036,102.0,525.3
SIA,BA,202502,4446321,0206030029,47.0,3643.5
SIA,BA,202502,2494973,0206020023,3.0,260.25
SIA,BA,202502,3972925,0206010028,6.0,606.6
SIA,BA,202502,2862301,0206030037,11.0,1524.93
SIA,BA,202502,2386550,0211020036,436.0,2245.4
SIA,BA,202502,2525569,0206030029,2.0,173.5
SIA,BA,202502,4030184,0211020036,65.0,334.75
SIA,BA,202502,2301318,0211020036,12.0,61.8
SIA,BA,202502,0004065,0206030029,1.0,86.75
SIA,BA,202502,2520613,0206020023,1.0,86.75
SIA,BA,202502,6908705,0211020036,3.0,15.45
SIA,BA,202502,0003786,0206010028,17.0,1718.7
SIA,BA,202502,2601680,0206010044,20.0,1735.0
SIA,BA,202502,9372822,0206030029,11.0,954.25
SIA,BA,202502,9373853,0206030037,39.0,5406.57
SIA,BA,202502,9507930,0206010010,7.0,607.32
SIA,BA,202502,2487438,0206030029,3.0,260.25
SIA,BA,202502,4145542,0206030029,6.0,520.5
SIA,BA,202502,6595197,0206010010,37.0,3210.12
SIA,BA,202502,3972925,0206010044,32.0,2776.0
SIA,BA,202502,0004294,0206030029,92.0,7981.0
SIA,BA,202502,0004294,0206010044,356.0,30883.0
SIA,BA,202502,2525569,0206010044,7.0,607.25
SIA,BA,202502,0004294,0206010010,248.0,21516.48
SIA,BA,202502,0003980,0206010044,31.0,2689.25
SIA,BA,202502,4026896,0206010044,36.0,3123.0
SIA,BA,202502,4389034,0206010010,24.0,2082.24
SIA,BA,202502,4028155,0206010044,7.0,607.25
SIA,BA,202502,2770512,0206030010,35.0,4852.05
SIA,BA,202502,7592191,0211020036,126.0,648.9
SIA,BA,202502,2550032,0206010052,2.0,173.5
SIA,BA,202502,4578732,0206010010,27.0,2342.52
SIA,BA,202502,2802112,0206030010,24.0,3327.12
SIA,BA,202502,4578732,0206010044,10.0,867.5
SIA,BA,202502,9966366,0206030029,17.0,1474.75
SIA,BA,202502,9966366,0206010044,24.0,2082.0
SIA,BA,202502,9915583,0206010010,9.0,780.84
SIA,BA,202502,9922962,0206010044,28.0,2429.0
SIA,BA,202502,9915583,0206030029,17.0,1474.75
SIA,BA,202502,9145168,0211020060,14.0,420.0
SIA,BA,202502,2533057,0211020036,53.0,272.95
SIA,BA,202502,2875802,0206030037,14.0,1940.82
SIA,BA,202502,0004251,0208010025,42.0,17157.84
SIA,BA,202502,2601680,0206010079,62.0,6041.28
SIA,BA,202502,3295451,0208010025,1.0,408.52
SIA,BA,202502,9866035,0206010044,22.0,1908.5
SIA,BA,202502,9966366,0206010010,18.0,1561.68
SIA,BA,202502,9866035,0206010010,21.0,1821.96
SIA,BA,202502,6485235,0211020036,81.0,417.15
SIA,BA,202502,2938499,0206010079,100.0,9744.0
SIA,BA,202502,0005428,0206010044,3.0,260.25
SIA,BA,202502,2770512,0206030037,28.0,3881.64
SIA,BA,202502,0003859,0206010044,3.0,260.25
SIA,BA,202502,9507930,0206010044,54.0,4684.5
SIA,BA,202502,2488892,0211020060,5.0,150.0
SIA,BA,202502,9866027,0206030029,22.0,1908.5
SIA,BA,202502,6364322,0211020060,3.0,90.0
SIA,BA,202502,4028155,0206010028,9.0,909.9
SIA,BA,202502,0005061,0206020031,7.0,954.87
SIA,BA,202502,9372822,0206010010,34.0,2949.84
SIA,BA,202502,0003832,0206010028,2.0,202.2
SIA,BA,202502,3240622,0206020031,3.0,409.23
SIA,BA,202502,9052844,0206010044,2.0,500.0
SIA,BA,202502,9052844,0206030010,18.0,6660.0
SIA,BA,202502,6772838,0206030010,15.0,5550.0
SIA,BA,202502,3531481,0211020036,66.0,339.9
SIA,BA,202502,4578732,0206030029,7.0,607.25
SIA,BA,202502,6595197,0206010044,37.0,3209.75
SIA,BA,202502,6414702,0206010010,35.0,3036.6
SIA,BA,202502,2802104,0206010044,47.0,4077.25
SIA,BA,202502,0003832,0206010095,67.0,141183.74
SIA,BA,202502,0003832,0211020010,93.0,67893.72
SIA,BA,202502,2938499,0206030037,48.0,6654.24
SIA,BA,202502,2385171,0206020015,6.0,520.5
SIA,BA,202502,2938499,0206010036,5.0,433.8
SIA,BA,202502,7084129,0211020036,193.0,993.95
SIA,BA,202502,2601729,0211020036,140.0,721.0
SIA,BA,202502,0832014,0206010044,33.0,2862.75
SIA,BA,202502,0884189,0206010044,26.0,2255.5
SIA,BA,202502,2802023,0206030037,147.0,20378.61
SIA,BA,202502,0786608,0206010010,8.0,694.08
SIA,BA,202502,0004278,0206010028,3.0,303.3
SIA,BA,202502,0004251,0206030037,7.0,970.41
SIA,BA,202502,0607126,0206010010,8.0,694.08
SIA,BA,202502,0059218,0206010010,23.0,1995.48
SIA,BA,202502,2802090,0206010044,26.0,2255.5
SIA,BA,202502,2913348,0206010010,14.0,1214.64
SIA,BA,202502,2804034,0206010044,22.0,1908.5
SIA,BA,202502,2862301,0206010010,13.0,1127.88
SIA,BA,202502,2862301,0206030029,7.0,607.25
SIA,BA,202502,2804034,0206010010,36.0,3123.36
SIA,BA,202502,2514648,0211020036,414.0,2132.1
SIA,BA,202502,2802090,0206010010,20.0,1735.2
SIA,BA,202502,4446321,0206010044,4.0,347.0
SIA,BA,202502,2913348,0206030029,8.0,694.0
SIA,BA,202502,2804034,0206030029,11.0,954.25
SIA,BA,202502,2415844,0206030029,1.0,86.75
SIA,BA,202502,0004065,0206030037,24.0,3327.12
SIA,BA,202502,2388057,0206010010,26.0,2255.76
SIA,BA,202502,0004251,0206010095,73.0,153827.06
SIA,BA,202502,6414702,0206010044,37.0,3209.75
SIA,BA,202502,9866035,0206030029,10.0,867.5
SIA,BA,202502,9922962,0206030029,22.0,1908.5
SIA,BA,202502,2627418,0206020031,12.0,1636.92
SIA,BA,202502,2388057,0206010044,40.0,3470.0
SIA,BA,202502,2388057,0206030029,21.0,1821.75
SIA,BA,202502,3271110,0206010010,3.0,260.28
SIA,BA,202502,6602533,0206030037,12.0,1663.56
SIA,BA,202502,2620464,0211020036,76.0,391.4
SIA,BA,202502,0003921,0206010028,8.0,808.8
SIA,BA,202502,2400693,0206010079,5.0,487.2
SIA,BA,202502,0489670,0211020036,5.0,25.75
SIA,BA,202502,0607126,0206010028,4.0,404.4
SIA,BA,202502,9837841,0206010010,7.0,607.32
SIA,BA,202502,4145542,0206010028,2.0,202.2
SIA,BA,202502,9915583,0206010044,20.0,1735.0
SIA,BA,202502,9922962,0206010010,16.0,1388.16
SIA,BA,202502,9866027,0206010010,15.0,1301.4
SIA,BA,202502,3893170,0211020036,167.0,860.05
SIA,BA,202502,6616917,0206030010,2.0,277.26
SIA,BA,202502,0004251,0211020010,13.0,9490.52
SIA,BA,202502,6595197,0206030029,27.0,2342.25
SIA,BA,202502,2799758,0206010010,102.0,8849.52
SIA,BA,202502,0786608,0206010044,35.0,3036.25
SIA,BA,202502,0607126,0206030029,3.0,260.25
SIA,BA,202502,0829781,0206010044,28.0,2429.0
SIA,BA,202502,2802112,0206010036,1.0,86.76
SIA,BA,202502,0059218,0206010044,32.0,2776.0
SIA,BA,202502,4026896,0206030029,16.0,1388.0
SIA,BA,202502,9372822,0206010044,32.0,2776.0
SIA,BA,202502,0785245,0206010010,9.0,780.84
SIA,BA,202502,0059218,0206030029,21.0,1821.75
SIA,BA,202502,0003980,0206030029,29.0,2515.75
SIA,BA,202502,0005428,0206030029,2.0,173.5
SIA,BA,202502,4389034,0206010044,31.0,2689.25
SIA,BA,202502,0003921,0206010060,2.0,194.88
SIA,BA,202502,9078673,0211020036,282.0,1452.3
SIA,BA,202502,0785245,0206010044,24.0,2082.0
SIA,BA,202502,2802090,0206030029,7.0,607.25
SIA,BA,202502,2600943,0211020036,116.0,597.4
SIA,BA,202502,9866035,0206010060,1.0,97.44
SIA,BA,202502,2388928,0211020036,86.0,442.9
SIA,BA,202502,3972925,0206010010,24.0,2082.24
SIA,BA,202502,4028155,0206030029,6.0,520.5
SIA,BA,202502,2799839,0206010044,53.0,4597.75
SIA,BA,202502,2388685,0211020036,144.0,741.6
SIA,BA,202502,0003859,0206010028,3.0,303.3
SIA,BA,202502,2385171,0206010036,9.0,780.84
SIA,BA,202502,7111606,0211020036,261.0,1344.15
SIA,BA,202502,4145542,0206010044,14.0,1214.5
SIA,BA,202502,9837841,0206010044,6.0,520.5
SIA,BA,202502,2926970,0206010079,2.0,194.88
SIA,BA,202502,3972925,0206030029,17.0,1474.75
SIA,BA,202502,0003816,0206010044,19.0,1648.25
SIA,BA,202502,2494973,0206030037,40.0,5545.2
SIA,BA,202502,9837841,0206030029,5.0,433.75
SIA,BA,202502,9383298,0206010044,16.0,1388.0
SIA,BA,202502,4389034,0206030029,14.0,1214.5
SIA,BA,202502,4028155,0206010010,5.0,433.8
SIA,BA,202502,3124940,0211020036,245.0,1261.75
SIA,BA,202502,9866027,0206010044,10.0,867.5
SIA,BA,202502,0785245,0206030029,15.0,1301.25
SIA,BA,202502,6602533,0206010010,6.0,520.56
SIA,BA,202502,4026896,0206010010,27.0,2342.52
SIA,BA,202502,2550032,0206010079,9.0,876.96
SIA,BA,202502,3968537,0206020031,14.0,1909.74
SIA,BA,202502,2802023,0206030010,150.0,20794.5
SIA,BA,202502,9443665,0206010079,290.0,28257.6
SIA,BA,202502,2497751,0206010079,90.0,8769.6
SIA,BA,202502,3054799,0211020036,200.0,1030.0
SIA,BA,202502,2385171,0206020031,100.0,13641.0
SIA,BA,202502,2497751,0206010044,1.0,86.75
SIA,BA,202502,0004278,0206010079,20.0,1948.8
SIA,BA,202502,2772280,0206020031,73.0,9957.93
SIA,BA,202502,2407205,0206030037,77.0,10674.51
SIA,BA,202502,6476120,0206020031,24.0,8773.68
SIA,BA,202502,2938499,0206020015,7.0,607.25
SIA,BA,202502,9383298,0206010010,10.0,867.6
SIA,BA,202502,2520613,0206030029,1.0,86.75
SIA,BA,202502,6602533,0206010044,13.0,1127.75
SIA,BA,202502,0829781,0206030029,34.0,2949.5
SIA,BA,202502,2601680,0206010028,7.0,707.7
SIA,BA,202502,0003980,0206010010,5.0,433.8
SIA,BA,202502,0004278,0206030037,10.0,1386.3
SIA,BA,202502,0829781,0206010010,17.0,1474.92
SIA,BA,202502,2926970,0206020031,8.0,1091.28
SIA,BA,202502,2799790,0206010044,16.0,1388.0
SIA,BA,202502,2301318,0206010052,1.0,86.75
SIA,BA,202502,2799839,0206030029,4.0,347.0
SIA,BA,202502,4446321,0206010010,17.0,1474.92
SIA,BA,202502,2386569,0206030010,11.0,1524.93
SIA,BA,202502,3017028,0211020036,19.0,97.85
SIA,BA,202502,9373853,0206030010,36.0,4990.68
SIA,BA,202502,2913348,0206010044,9.0,780.75
SIA,BA,202502,2772280,0206010036,3.0,260.28
SIA,BA,202502,7094647,0206010079,8.0,779.52
SIA,BA,202502,3271110,0206030010,65.0,9010.95
SIA,BA,202502,0786608,0206030029,10.0,867.5
SIA,BA,202502,2627418,0206010010,5.0,433.8
SIA,BA,202502,2772280,0206010028,15.0,1516.5
SIA,BA,202502,0884189,0206030029,8.0,694.0
SIA,BA,202502,2520613,0206010079,71.0,6918.24
SIA,BA,202502,0003859,0206010010,1.0,86.76
SIA,BA,202502,2799758,0206030029,8.0,694.0
SIA,BA,202502,2597594,0211020036,165.0,849.75
SIA,BA,202502,9443665,0206010044,22.0,1908.5
SIA,BA,202502,3464156,0206010079,4.0,389.76
SIA,BA,202502,2802023,0206010060,1.0,97.44
SIA,BA,202502,2938499,0206030010,55.0,7624.65
SIA,BA,202502,2772280,0206010052,4.0,347.0
SIA,BA,202502,2386569,0206030037,10.0,1386.3
SIA,BA,202502,9507930,0206030029,11.0,954.25
SIA,BA,202502,7037880,0211020036,8.0,41.2
SIA,BA,202502,2525933,0206010044,5.0,433.75
SIA,BA,202502,2494973,0206030010,40.0,5545.2
SIA,BA,202502,0004065,0206030010,24.0,3327.12
SIA,BA,202502,0832014,0206030029,7.0,607.25
SIA,BA,202502,0003778,0206010010,3.0,260.28
SIA,BA,202502,0884189,0206010010,4.0,347.04
SIA,BA,202502,0832014,0206010010,9.0,780.84
SIA,BA,202502,2385171,0206010028,25.0,2527.5
SIA,BA,202502,6616917,0206020031,3.0,409.23
SIA,BA,202502,6998593,0211020060,5.0,150.0
SIA,BA,202502,0003859,0211020010,22.0,16060.88
SIA,BA,202502,7094647,0206030010,18.0,2495.34
SIA,BA,202502,6476120,0206010079,12.0,3133.68
SIA,BA,202502,2799790,0206030029,6.0,520.5
SIA,BA,202502,0607126,0206010044,1.0,86.75
SIA,BA,202502,2799790,0206010010,4.0,347.04
SIA,BA,202502,0003875,0206030029,8.0,694.0
SIA,BA,202502,2550032,0206030029,3.0,260.25
SIA,BA,202502,0003778,0206010044,2.0,173.5
SIA,BA,202502,6602533,0206030029,5.0,433.75
SIA,BA,202502,2799839,0206010010,4.0,347.04
SIA,BA,202502,0004073,0206010010,1.0,86.76
SIA,BA,202502,0003816,0206010036,2.0,173.52
SIA,BA,202502,0003816,0206010010,9.0,780.84
SIA,BA,202502,0003816,0206030029,3.0,260.25
SIA,BA,202502,2862301,0206010044,2.0,173.5
SIA,BA,202502,0003832,0206010036,1.0,86.76
SIA,BA,202502,2938499,0206010010,4.0,347.04
SIA,BA,202502,2388626,0211020036,290.0,1493.5
SIA,BA,202502,2525259,0211020036,173.0,890.95
SIA,BA,202502,2301318,0206010028,5.0,505.5
SIA,BA,202502,2627418,0206010052,2.0,173.5
SIA,BA,202502,2487756,0206030037,1.0,138.63
SIA,BA,202502,2488892,0211020010,55.0,40152.2
SIA,BA,202502,0004820,0206030037,9.0,1247.67
SIA,BA,202502,0003921,0206010010,6.0,520.56
SIA,BA,202502,7175973,0211020036,106.0,545.9
SIA,BA,202502,0003832,0206010044,3.0,260.25
SIA,BA,202502,2802112,0206010079,3.0,292.32
SIA,BA,202502,4022718,0206010028,3.0,303.3
SIA,BA,202502,0004251,0206010079,3.0,292.32
SIA,BA,202502,4029801,0211020036,31.0,159.65
SIA,BA,202502,2497751,0206030037,6.0,831.78
SIA,BA,202502,2494973,0206010036,3.0,260.28
SIA,BA,202502,0003859,0206030029,5.0,433.75
SIA,BA,202502,0003832,0206010079,13.0,1266.72
SIA,BA,202502,2520613,0206010010,1.0,86.76
SIA,BA,202502,4145542,0206010010,1.0,86.76
SIA,BA,202502,0003921,0206010044,5.0,433.75
SIA,BA,202502,2400693,0206010010,2.0,173.52
SIA,BA,202502,2494973,0206030029,4.0,347.0
SIA,BA,202502,2414430,0211020036,150.0,772.5
SIA,BA,202502,2644789,0206020031,1.0,136.41
SIA,BA,202502,0156132,0211020036,154.0,793.1
SIA,BA,202502,2550032,0206020023,2.0,173.5
SIA,BA,202502,2601680,0206010052,12.0,1041.0
SIA,BA,202502,6772838,0206010044,1.0,250.0
SIA,BA,202502,2505711,0211020036,220.0,1133.0
SIA,BA,202502,7675135,0206030037,1.0,138.63
SIA,BA,202502,2525933,0206030029,1.0,86.75
SIA,BA,202502,2414244,0206030029,6.0,520.5
SIA,BA,202502,2523558,0211020036,364.0,1874.6
SIA,BA,202502,2627418,0206030037,3.0,415.89
SIA,BA,202502,2508915,0211020036,130.0,669.5
SIA,BA,202502,2525569,0206020031,4.0,545.64
SIA,BA,202502,2801558,0211020036,144.0,741.6
SIA,BA,202502,4028740,0211020036,35.0,180.25
SIA,BA,202502,2772280,0206020023,1.0,86.75
SIA,BA,202502,2506211,0211020036,160.0,4000.0
SIA,BA,202502,4032802,0211020036,93.0,478.95
SIA,BA,202502,2387263,0211020036,18.0,92.7
SIA,BA,202502,6905617,0211020060,4.0,242.4
SIA,BA,202502,2601400,0211020036,100.0,515.0
SIA,BA,202502,7094647,0206010044,1.0,86.75
SIA,BA,202502,3240622,0206010079,2.0,194.88
SIA,BA,202502,2644789,0206010079,1.0,97.44
SIA,BA,202502,3831256,0211020036,107.0,551.05
SIA,BA,202502,0003875,0205010016,2.0,330.0
SIA,BA,202502,2493195,0211020036,51.0,262.65
SIA,BA,202502,3271110,0206020015,5.0,433.75
SIA,BA,202502,3295451,0208010033,1.0,383.07
SIA,BA,202502,6737633,0211020036,141.0,726.15
SIA,BA,202502,2407205,0206020023,1.0,86.75
SIA,BA,202502,4026896,0206010060,1.0,97.44
SIA,BA,202502,2799790,0206010028,5.0,505.5
SIA,BA,202502,0004065,0206010028,1.0,101.1
SIA,BA,202502,2550032,0206010010,1.0,86.76
SIA,BA,202502,0004820,0206010028,1.0,101.1
SIA,BA,202502,2505843,0211020036,37.0,925.0
SIA,BA,202502,0004073,0206010028,3.0,303.3
SIA,BA,202502,2520613,0206020015,1.0,86.75
SIA,BA,202502,0607126,0211020036,3.0,15.45
SIA,BA,202502,2400669,0211020036,179.0,921.85
SIA,BA,202502,2770512,0206010010,4.0,347.04
SIA,BA,202502,6602533,0206010028,2.0,202.2
SIA,BA,202502,5889448,0206010044,2.0,173.5
SIA,BA,202502,6616917,0206010052,2.0,173.5
SIA,BA,202502,2800527,0211020036,134.0,690.1
SIA,BA,202502,4446321,0206010079,4.0,389.76
SIA,BA,202502,7675135,0206010079,2.0,194.88
SIA,BA,202502,4022718,0206030029,1.0,86.75
SIA,BA,202502,7675135,0206010044,1.0,86.75
SIA,BA,202502,6237509,0206010010,1.0,245.0
SIA,BA,202502,2525933,0206030037,2.0,277.26
SIA,BA,202502,0028460,0211020036,564.0,2904.6
SIA,BA,202502,9915583,0206010060,1.0,97.44
SIA,BA,202502,2804034,0206010060,1.0,97.44
SIA,BA,202502,4025148,0211020036,118.0,607.7
SIA,BA,202502,7092776,0211020036,191.0,983.65
SIA,BA,202502,0004278,0206010060,2.0,194.88
SIA,BA,202502,6491499,0211020036,59.0,303.85
SIA,BA,202502,2497751,0206020031,2.0,272.82
SIA,BA,202502,2389398,0211020036,116.0,597.4
SIA,BA,202502,2557509,0211020036,168.0,865.2
SIA,BA,202502,7587651,0211020036,18.0,92.7
SIA,BA,202502,2487756,0211020010,10.0,7300.4
SIA,BA,202502,2487438,0206020015,4.0,347.0
SIA,BA,202502,7986076,0211020036,668.0,3440.2
SIA,BA,202502,2602636,0211020036,73.0,375.95
SIA,BA,202502,0004340,0211020036,482.0,2482.3
SIA,BA,202502,7675135,0206010052,1.0,86.75
SIA,BA,202502,6962017,0211020036,37.0,190.55
SIA,BA,202502,7223676,0211020036,67.0,345.05
SIA,BA,202502,7033974,0211020036,393.0,2023.95
SIA,BA,202502,0028568,0211020036,392.0,2018.8
SIA,BA,202502,7171897,0211020036,241.0,1241.15
SIA,BA,202502,2526557,0211020036,500.0,2575.0
SIA,BA,202502,4736346,0211020036,3.0,15.45
SIA,BA,202502,3948684,0206010010,1.0,86.76
SIA,BA,202502,6476120,0206010010,1.0,232.51
SIA,BA,202502,7633149,0211020036,513.0,2641.95
SIA,BA,202502,2400693,0206020015,1.0,86.75
SIA,BA,202502,2415844,0206030037,1.0,138.63
SIA,BA,202502,7033753,0211020036,480.0,2472.0
SIA,BA,202502,6476120,0206030029,1.0,232.49
SIA,BA,202502,7761112,0211020036,388.0,1998.2
SIA,BA,202502,5025729,0211020036,72.0,370.8
SIA,BA,202502,2387581,0211020036,154.0,793.1
SIA,BA,202502,2598213,0211020036,84.0,432.6
SIA,BA,202502,7476469,0211020036,326.0,1678.9
SIA,BA,202502,2497751,0211020036,408.0,2101.2
SIA,BA,202502,0003816,0206020015,2.0,173.5
SIA,BA,202502,9837841,0206010060,1.0,97.44
SIA,BA,202502,0133965,0211020036,462.0,2379.3
SIA,BA,202502,2819147,0211020036,1.0,5.15
SIA,BA,202502,9030158,0211020036,485.0,2497.75
SIA,BA,202502,9866027,0206010052,2.0,173.5
SIA,BA,202502,2387042,0211020036,105.0,540.75
SIA,BA,202502,2386569,0206030029,1.0,86.75
SIA,BA,202502,0005428,0206010010,1.0,86.76
SIA,BA,202502,2926970,0206010044,0.0,0.0
SIA,BA,202502,9019308,0211020036,415.0,2137.25
SIA,BA,202502,2415844,0206010010,1.0,86.76
SIA,BA,202502,7946120,0211020036,80.0,412.0
SIA,BA,202502,0003859,0206020015,1.0,86.75
SIA,BA,202502,4578732,0206020023,1.0,86.75
SIA,BA,202502,2483408,0211020036,100.0,515.0
SIA,BA,202502,4267109,0211020036,250.0,1287.5
SIA,BA,202502,2601680,0206030029,1.0,86.75
SIA,BA,202502,4033418,0211020036,128.0,659.2
SIA,BA,202502,7894015,0211020036,613.0,3156.95
SIA,BA,202502,5889448,0206020015,1.0,86.75
SIA,BA,202502,0004073,0206010044,1.0,86.75
SIA,BA,202502,0004065,0206010044,2.0,173.5
SIA,BA,202502,5835208,0211020036,25.0,128.75
SIA,BA,202502,4029607,0211020036,96.0,494.4
SIA,BA,202502,2799286,0206010028,1.0,101.1
SIA,BA,202502,2722879,0211020060,11.0,330.0
SIA,BA,202502,2402467,0211020036,33.0,169.95
SIA,BA,202502,7521316,0211020036,483.0,2487.45
SIA,BA,202502,0003875,0206010028,1.0,101.1
SIA,BA,202502,7117507,0211020036,12.0,61.8
SIA,BA,202502,2506254,0211020036,46.0,236.9
SIA,BA,202502,2799553,0211020036,82.0,422.3
SIA,BA,202502,2301318,0206010010,1.0,86.76
SIA,BA,202502,0003956,0211020060,66.0,1980.0
SIA,BA,202502,4671244,0211020060,198.0,5940.0
SIA,BA,202502,2412551,0211020036,105.0,540.75
SIA,BA,202502,2600609,0211020036,74.0,381.1
SIA,BA,202502,2444704,0211020036,11.0,56.65
SIA,BA,202502,2498804,0211020036,33.0,169.95
SIA,BA,202502,5889448,0206010010,2.0,173.52
SIA,BA,202502,2814056,0211020036,180.0,927.0
SIA,BA,202502,9442693,0211020036,100.0,515.0
SIA,BA,202502,2603071,0211020036,40.0,206.0
SIA,BA,202502,3208419,0211020036,349.0,1797.35
SIA,BA,202502,2498634,0211020036,120.0,618.0
SIA,BA,202502,2942585,0211020060,48.0,1440.0
SIA,BA,202502,2939363,0211020036,113.0,581.95
SIA,BA,202502,7922000,0211020036,451.0,2322.65
SIA,BA,202502,2402564,0211020036,513.0,2641.95
SIA,BA,202502,3238989,0211020036,37.0,190.55
SIA,BA,202502,2557096,0211020036,185.0,952.75
SIA,BA,202502,9237224,0211020036,50.0,257.5
SIA,BA,202502,2601702,0211020036,258.0,1328.7
SIA,BA,202502,7964145,0211020036,229.0,1179.35
SIA,BA,202502,0003875,0211020060,18.0,540.0
SIA,BA,202502,2982781,0211020036,10.0,51.5
SIA,BA,202502,7103840,0211020036,150.0,772.5
SIA,BA,202502,2493330,0211020036,156.0,803.4
SIA,BA,202502,3208508,0211020036,17.0,87.55
SIA,BA,202502,2550032,0206010028,1.0,101.1
SIA,BA,202502,6772838,0206010052,1.0,300.0
SIA,BA,202502,2523515,0211020036,27.0,139.05
SIA,BA,202502,2495090,0211020036,445.0,2291.75
SIA,BA,202502,2304295,0211020036,79.0,406.85
SIA,BA,202502,4022262,0211020036,74.0,381.1
SIA,BA,202502,3010902,0211020036,194.0,999.1
SIA,BA,202502,2402556,0211020036,91.0,468.65
SIA,BA,202502,2602881,0211020036,20.0,103.0
SIA,BA,202502,2487756,0211020036,87.0,448.05
SIA,BA,202502,9493646,0211020036,124.0,638.6
SIA,BA,202502,2802015,0211020036,21.0,108.15
SIA,BA,202502,2386569,0211020036,463.0,2384.45
SIA,BA,202502,2942208,0211020060,43.0,1290.0
SIA,BA,202502,0004820,0206010079,1.0,97.44
SIA,BA,202502,2494973,0206020015,2.0,173.5
SIA,BA,202502,6670385,0211020036,46.0,236.9
SIA,BA,202502,5020743,0211020036,1.0,5.15
SIA,BA,202502,4474309,0211020036,19.0,97.85
SIA,BA,202502,2600730,0211020036,8.0,41.2
SIA,BA,202502,2524643,0211020036,42.0,216.3
SIA,BA,202502,0004278,0206010036,1.0,86.76
SIA,BA,202502,2532522,0211020036,105.0,540.75
SIA,BA,202502,2520613,0211020036,167.0,860.05
SIA,BA,202502,2445247,0211020036,59.0,303.85
SIA,BA,202502,2389592,0211020036,160.0,824.0
SIA,BA,202502,6211496,0211020036,332.0,1709.8
SIA,BA,202502,2412381,0211020036,52.0,267.8
SIA,BA,202502,2304910,0211020036,26.0,133.9
SIA,BA,202502,9443088,0211020036,155.0,798.25
SIA,BA,202502,0222690,0211020060,7.0,424.2
SIA,BA,202502,2653494,0211020036,37.0,190.55
SIA,BA,202502,0004073,0206030029,2.0,173.5
SIA,BA,202502,2524163,0211020036,60.0,309.0
SIA,BA,202502,2801914,0211020036,152.0,782.8
SIA,BA,202502,2385171,0211020036,137.0,705.55
SIA,BA,202502,2520613,0206010052,1.0,86.75
SIA,BA,202502,2770512,0206010052,1.0,86.75
SIA,BA,202502,2523779,0211020036,50.0,257.5
SIA,BA,202502,2801574,0211020036,160.0,824.0
SIA,BA,202502,2417375,0211020036,71.0,365.65
SIA,BA,202502,2802112,0211020036,2.0,10.3
SIA,BA,202502,2483629,0211020036,68.0,350.2
SIA,BA,202502,2772280,0211020036,17.0,87.55
SIA,BA,202502,2385171,0206010052,1.0,86.75
SIA,BA,202502,0209023,0211020036,67.0,345.05
SIA,BA,202503,2384779,0211020036,77.0,396.55
SIA,BA,202503,2389347,0211020036,4.0,20.6
SIA,BA,202503,2509326,0211020036,85.0,437.75
SIA,BA,202503,0722529,0211020036,24.0,123.6
SIA,BA,202503,3238989,0211020036,33.0,169.95
SIA,BA,202503,2493330,0211020036,199.0,1024.85
SIA,BA,202503,2505606,0211020036,99.0,509.85
SIA,BA,202503,5439051,0211020036,175.0,4544.75
SIA,BA,202503,6772838,0206030037,18.0,6660.0
SIA,BA,202503,2498413,0211020036,24.0,123.6
SIA,BA,202503,0204595,0211020036,998.0,5139.7
SIA,BA,202503,2517744,0206010079,29.0,7573.06
SIA,BA,202503,2517744,0206030010,35.0,13003.55
SIA,BA,202503,2517744,0206030037,33.0,12260.49
SIA,BA,202503,2517744,0206020031,36.0,13160.52
SIA,BA,202503,4145542,0211020036,99.0,509.85
SIA,BA,202503,4145542,0206030010,48.0,6654.24
SIA,BA,202503,2497751,0206030037,6.0,831.78
SIA,BA,202503,9560785,0211020036,217.0,1117.55
SIA,BA,202503,2386569,0206030037,124.0,17190.12
SIA,BA,202503,2385171,0206020031,100.0,13641.0
SIA,BA,202503,2385171,0206010036,6.0,520.56
SIA,BA,202503,2385171,0206030037,300.0,41589.0
SIA,BA,202503,0003778,0206020031,149.0,20325.09
SIA,BA,202503,0829781,0206010044,31.0,2689.25
SIA,BA,202503,4145542,0206010044,16.0,1388.0
SIA,BA,202503,9776702,0211020036,1310.0,6746.5
SIA,BA,202503,2804034,0206010036,15.0,1301.4
SIA,BA,202503,2804034,0206020031,231.0,31510.71
SIA,BA,202503,2400693,0206030010,38.0,5267.94
SIA,BA,202503,4026624,0211020036,205.0,1055.75
SIA,BA,202503,2804034,0206010028,49.0,4953.9
SIA,BA,202503,0829781,0206030010,83.0,11506.29
SIA,BA,202503,4024222,0211020036,53.0,272.95
SIA,BA,202503,0829781,0206010028,54.0,5459.4
SIA,BA,202503,0003778,0206030037,194.0,26894.22
SIA,BA,202503,0829781,0206010079,169.0,16467.36
SIA,BA,202503,0003778,0206030010,195.0,27032.85
SIA,BA,202503,0003778,0206010079,19.0,1851.36
SIA,BA,202503,0829781,0211020036,240.0,1236.0
SIA,BA,202503,2804034,0206010079,373.0,36345.12
SIA,BA,202503,2804034,0206030010,304.0,42143.52
SIA,BA,202503,0829781,0206010010,27.0,2342.52
SIA,BA,202503,2386569,0206010028,22.0,2224.2
SIA,BA,202503,2386569,0206010079,129.0,12569.76
SIA,BA,202503,2627418,0206010010,6.0,520.56
SIA,BA,202503,2385171,0206010079,300.0,29232.0
SIA,BA,202503,2385171,0206030010,300.0,41589.0
SIA,BA,202503,0785245,0211020036,329.0,1694.35
SIA,BA,202503,9922962,0211020060,84.0,2520.0
SIA,BA,202503,3972925,0206030010,162.0,22458.06
SIA,BA,202503,9765697,0211020036,1813.0,9336.95
SIA,BA,202503,3972925,0206020031,123.0,16778.43
SIA,BA,202503,2497751,0206020023,49.0,4250.75
SIA,BA,202503,2497751,0206030029,40.0,3470.0
SIA,BA,202503,2799758,0206010079,307.0,29914.08
SIA,BA,202503,9915583,0206010028,22.0,2224.2
SIA,BA,202503,4145542,0211020060,57.0,1710.0
SIA,BA,202503,2400693,0206030037,39.0,5406.57
SIA,BA,202503,2804034,0206030037,318.0,44084.34
SIA,BA,202503,2804034,0206030029,23.0,1995.25
SIA,BA,202503,7231458,0211020036,13.0,66.95
SIA,BA,202503,2497751,0206010036,15.0,1301.4
SIA,BA,202503,0829781,0206030037,91.0,12615.33
SIA,BA,202503,0829781,0206020031,88.0,12004.08
SIA,BA,202503,2799286,0206030010,10.0,1386.3
SIA,BA,202503,2400693,0206020031,47.0,6411.27
SIA,BA,202503,4145542,0206030037,38.0,5267.94
SIA,BA,202503,6772838,0206020031,17.0,6290.0
SIA,BA,202503,2804034,0206020015,9.0,780.75
SIA,BA,202503,4671244,0211020060,224.0,6720.0
SIA,BA,202503,2489511,0208010025,18.0,7353.36
SIA,BA,202503,2801906,0211020036,65.0,334.75
SIA,BA,202503,4145542,0206010079,118.0,11497.92
SIA,BA,202503,2804034,0206010052,17.0,1474.75
SIA,BA,202503,2804034,0206010044,33.0,2862.75
SIA,BA,202503,6602533,0206010079,165.0,16077.6
SIA,BA,202503,2386569,0206030010,106.0,14694.78
SIA,BA,202503,2385171,0206010010,22.0,1908.72
SIA,BA,202503,0004774,0211020036,590.0,3038.5
SIA,BA,202503,2497751,0206010079,76.0,7405.44
SIA,BA,202503,2627418,0206020031,17.0,2318.97
SIA,BA,202503,0003778,0206010010,9.0,780.84
SIA,BA,202503,4028759,0211020036,370.0,1905.5
SIA,BA,202503,0003778,0206010036,11.0,954.36
SIA,BA,202503,7167156,0206030037,20.0,2772.6
SIA,BA,202503,4145542,0206020031,63.0,8593.83
SIA,BA,202503,2799286,0206020031,18.0,2455.38
SIA,BA,202503,4145542,0206010028,15.0,1516.5
SIA,BA,202503,0829781,0206020015,4.0,347.0
SIA,BA,202503,0829781,0206030029,26.0,2255.5
SIA,BA,202503,7167156,0206020031,47.0,6411.27
SIA,BA,202503,2627418,0206010028,22.0,2224.2
SIA,BA,202503,3464156,0206030010,16.0,2218.08
SIA,BA,202503,3464156,0206010079,15.0,1461.6
SIA,BA,202503,2517744,0206010044,1.0,232.49
SIA,BA,202503,2386569,0206020031,59.0,8048.19
SIA,BA,202503,2386569,0206020023,5.0,433.75
SIA,BA,202503,2386569,0206030029,11.0,954.25
SIA,BA,202503,2444704,0211020036,11.0,56.65
SIA,BA,202503,9600299,0211020036,466.0,12102.02
SIA,BA,202503,2533057,0211020036,35.0,180.25
SIA,BA,202503,6602533,0206030010,11.0,1524.93
SIA,BA,202503,4145542,0206010010,6.0,520.56
SIA,BA,202503,7094647,0206010079,13.0,1266.72
SIA,BA,202503,2400693,0206010028,3.0,303.3
SIA,BA,202503,2804034,0206010010,38.0,3296.88
SIA,BA,202503,9922962,0211020036,265.0,1364.75
SIA,BA,202503,9922962,0206030010,83.0,11506.29
SIA,BA,202503,2799758,0206030037,129.0,17883.27
SIA,BA,202503,2799758,0206030010,134.0,18576.42
SIA,BA,202503,2799758,0206020031,149.0,20325.09
SIA,BA,202503,2385171,0206010028,24.0,2426.4
SIA,BA,202503,2525569,0206030010,26.0,3604.38
SIA,BA,202503,6602533,0206010044,14.0,1214.5
SIA,BA,202503,4145542,0206030029,8.0,694.0
SIA,BA,202503,2520613,0206010079,45.0,4384.8
SIA,BA,202503,4324307,0211020036,940.0,4841.0
SIA,BA,202503,4616685,0211020036,706.0,3635.9
SIA,BA,202503,2402564,0211020036,327.0,1684.05
SIA,BA,202503,2385015,0208010025,81.0,33090.12
SIA,BA,202503,2385015,0208010033,83.0,31794.81
SIA,BA,202503,7167156,0206010079,3.0,292.32
SIA,BA,202503,6194745,0211020036,116.0,3012.52
SIA,BA,202503,3893170,0211020036,82.0,422.3
SIA,BA,202503,6476120,0206020031,28.0,10235.96
SIA,BA,202503,6476120,0206010044,1.0,232.49
SIA,BA,202503,6476120,0206030037,21.0,7802.13
SIA,BA,202503,6476120,0206010079,13.0,3394.82
SIA,BA,202503,3240622,0206020031,3.0,409.23
SIA,BA,202503,4145542,0206020015,2.0,173.5
SIA,BA,202503,7094647,0206030010,18.0,2495.34
SIA,BA,202503,6602533,0206030037,11.0,1524.93
SIA,BA,202503,2388057,0206030037,259.0,35905.17
SIA,BA,202503,0004294,0206010036,97.0,8415.72
SIA,BA,202503,4028155,0206030010,216.0,29944.08
SIA,BA,202503,2520613,0206010044,7.0,607.25
SIA,BA,202503,2520613,0206030010,27.0,3743.01
SIA,BA,202503,2520613,0206030037,28.0,3881.64
SIA,BA,202503,2520613,0206020031,26.0,3546.66
SIA,BA,202503,6414702,0206010079,367.0,35760.48
SIA,BA,202503,9866027,0211020036,317.0,1632.55
SIA,BA,202503,9373853,0206010036,28.0,2429.28
SIA,BA,202503,9516182,0206010028,81.0,8189.1
SIA,BA,202503,9516182,0206030029,32.0,2776.0
SIA,BA,202503,0003980,0206030029,30.0,2602.5
SIA,BA,202503,0003980,0206030037,186.0,25785.18
SIA,BA,202503,0004065,0206020031,237.0,32329.17
SIA,BA,202503,4026896,0206010079,71.0,6918.24
SIA,BA,202503,4026896,0206030010,100.0,13863.0
SIA,BA,202503,9373845,0206020031,132.0,18006.12
SIA,BA,202503,9373845,0206030010,141.0,19546.83
SIA,BA,202503,9373845,0211020060,108.0,3240.0
SIA,BA,202503,2799790,0206010079,193.0,18805.92
SIA,BA,202503,4578732,0206010010,27.0,2342.52
SIA,BA,202503,2388057,0206010079,369.0,35955.36
SIA,BA,202503,0004294,0206030010,162.0,22458.06
SIA,BA,202503,0004294,0206020031,202.0,27554.82
SIA,BA,202503,2913348,0206010028,50.0,5055.0
SIA,BA,202503,9373845,0206030037,132.0,18299.16
SIA,BA,202503,9373845,0211020036,371.0,1910.65
SIA,BA,202503,2525933,0206010079,41.0,3995.04
SIA,BA,202503,9373845,0206010079,219.0,21339.36
SIA,BA,202503,6962017,0211020036,38.0,195.7
SIA,BA,202503,6414702,0206010044,18.0,1561.5
SIA,BA,202503,9373853,0211020036,221.0,1138.15
SIA,BA,202503,9516182,0206010079,135.0,13154.4
SIA,BA,202503,0003980,0206010079,166.0,16175.04
SIA,BA,202503,0829781,0206010036,7.0,607.32
SIA,BA,202503,5889448,0206010079,14.0,1364.16
SIA,BA,202503,5889448,0206020031,9.0,1227.69
SIA,BA,202503,0003980,0206030010,185.0,25646.55
SIA,BA,202503,2525569,0206010079,59.0,5748.96
SIA,BA,202503,2799286,0206030037,6.0,831.78
SIA,BA,202503,2627418,0206010079,25.0,2436.0
SIA,BA,202503,2407205,0206030037,87.0,12060.81
SIA,BA,202503,2400669,0211020036,130.0,669.5
SIA,BA,202503,2407205,0206020031,121.0,16505.61
SIA,BA,202503,4026896,0206030037,80.0,11090.4
SIA,BA,202503,4026896,0206010052,9.0,780.75
SIA,BA,202503,0004065,0206010052,14.0,1214.5
SIA,BA,202503,0004065,0206030010,85.0,11783.55
SIA,BA,202503,0004065,0206010010,4.0,347.04
SIA,BA,202503,3407829,0211020036,85.0,437.75
SIA,BA,202503,2772280,0206020031,49.0,6684.09
SIA,BA,202503,2772280,0206030010,33.0,4574.79
SIA,BA,202503,0003832,0206020031,72.0,9821.52
SIA,BA,202503,6602533,0206020031,4.0,545.64
SIA,BA,202503,2772280,0206030037,33.0,4574.79
SIA,BA,202503,4032101,0211020036,148.0,762.2
SIA,BA,202503,2489511,0208010033,18.0,6895.26
SIA,BA,202503,2385171,0206010052,4.0,347.0
SIA,BA,202503,2415844,0206010079,31.0,3020.64
SIA,BA,202503,2415844,0206030010,14.0,1940.82
SIA,BA,202503,2415844,0206020031,4.0,545.64
SIA,BA,202503,2517744,0206010052,4.0,929.96
SIA,BA,202503,9373853,0206010079,284.0,27672.96
SIA,BA,202503,9516182,0211020036,200.0,1030.0
SIA,BA,202503,6414702,0206010028,13.0,1314.3
SIA,BA,202503,2497751,0206010028,9.0,909.9
SIA,BA,202503,9373845,0206010028,44.0,4448.4
SIA,BA,202503,9373845,0206010044,58.0,5031.5
SIA,BA,202503,9373845,0206030029,17.0,1474.75
SIA,BA,202503,9372822,0206010079,156.0,15200.64
SIA,BA,202503,9372822,0206010044,44.0,3817.0
SIA,BA,202503,9372822,0206020031,91.0,12413.31
SIA,BA,202503,9372822,0206030010,59.0,8179.17
SIA,BA,202503,9372822,0206010028,62.0,6268.2
SIA,BA,202503,9372822,0206030029,11.0,954.25
SIA,BA,202503,9372822,0206030037,66.0,9149.58
SIA,BA,202503,9372822,0206010010,27.0,2342.52
SIA,BA,202503,6595197,0206010044,50.0,4337.5
SIA,BA,202503,4578732,0206010079,60.0,5846.4
SIA,BA,202503,0004294,0206010044,255.0,22121.25
SIA,BA,202503,0004294,0206010079,787.0,76685.28
SIA,BA,202503,6595197,0206030037,139.0,19269.57
SIA,BA,202503,4578732,0206030010,64.0,8872.32
SIA,BA,202503,4578732,0206030037,69.0,9565.47
SIA,BA,202503,0004294,0206010028,110.0,11121.0
SIA,BA,202503,2525933,0206020031,4.0,545.64
SIA,BA,202503,2386569,0206010010,13.0,1127.88
SIA,BA,202503,4028155,0206010079,82.0,7990.08
SIA,BA,202503,0004073,0206010079,34.0,3312.96
SIA,BA,202503,2514311,0211020036,30.0,154.5
SIA,BA,202503,2913348,0206010079,108.0,10523.52
SIA,BA,202503,4028155,0206020031,100.0,13641.0
SIA,BA,202503,2799839,0211020036,96.0,1920.0
SIA,BA,202503,6414702,0206030037,313.0,43391.19
SIA,BA,202503,6414702,0206030010,306.0,42420.78
SIA,BA,202503,9516182,0206030010,39.0,5406.57
SIA,BA,202503,9373853,0206010044,39.0,3383.25
SIA,BA,202503,4028155,0206030037,208.0,28835.04
SIA,BA,202503,2549905,0206010079,148.0,14421.12
SIA,BA,202503,6595197,0206010079,261.0,25431.84
SIA,BA,202503,9373853,0206020031,129.0,17596.89
SIA,BA,202503,9373853,0211020060,68.0,2040.0
SIA,BA,202503,0003832,0208010033,46.0,17621.22
SIA,BA,202503,9481966,0208010033,4.0,1532.28
SIA,BA,202503,2772280,0206010079,45.0,4384.8
SIA,BA,202503,9383298,0206010052,3.0,260.25
SIA,BA,202503,9383298,0206010036,8.0,694.08
SIA,BA,202503,9383298,0206010044,8.0,694.0
SIA,BA,202503,0867551,0211020036,290.0,1493.5
SIA,BA,202503,6414702,0206010010,31.0,2689.56
SIA,BA,202503,9516182,0211020060,26.0,780.0
SIA,BA,202503,4199219,0211020036,58.0,298.7
SIA,BA,202503,6602533,0206010010,4.0,347.04
SIA,BA,202503,2407205,0206030010,70.0,9704.1
SIA,BA,202503,2525569,0206030037,28.0,3881.64
SIA,BA,202503,9373853,0206030037,76.0,10535.88
SIA,BA,202503,0003980,0206020031,47.0,6411.27
SIA,BA,202503,0004065,0206030037,84.0,11644.92
SIA,BA,202503,2520613,0211020060,3.0,90.0
SIA,BA,202503,0004065,0206010079,48.0,4677.12
SIA,BA,202503,0004065,0206010028,5.0,505.5
SIA,BA,202503,2301687,0211020036,312.0,1606.8
SIA,BA,202503,2802023,0206010028,20.0,2022.0
SIA,BA,202503,2802023,0206030010,150.0,20794.5
SIA,BA,202503,2802023,0206020031,318.0,43378.38
SIA,BA,202503,2802023,0206010079,400.0,38976.0
SIA,BA,202503,2802023,0206030037,147.0,20378.61
SIA,BA,202503,9372822,0211020036,286.0,1472.9
SIA,BA,202503,2802023,0206010044,83.0,7200.25
SIA,BA,202503,2557509,0211020036,221.0,1138.15
SIA,BA,202503,9052844,0206020031,12.0,4440.0
SIA,BA,202503,9383298,0206020015,2.0,173.5
SIA,BA,202503,9383298,0206030010,39.0,5406.57
SIA,BA,202503,9383298,0206010028,7.0,707.7
SIA,BA,202503,4026896,0206010010,39.0,3383.64
SIA,BA,202503,4026896,0211020036,155.0,798.25
SIA,BA,202503,4026896,0206010044,37.0,3209.75
SIA,BA,202503,2385171,0206010044,39.0,3383.25
SIA,BA,202503,4028155,0206010036,4.0,347.04
SIA,BA,202503,2799790,0206030037,155.0,21487.65
SIA,BA,202503,2388057,0206020031,141.0,19233.81
SIA,BA,202503,2799790,0206020031,102.0,13913.82
SIA,BA,202503,6595197,0206030029,18.0,1561.5
SIA,BA,202503,2799790,0206030010,157.0,21764.91
SIA,BA,202503,9383298,0206010079,54.0,5261.76
SIA,BA,202503,4029844,0211020036,30.0,154.5
SIA,BA,202503,2549905,0206030010,103.0,14278.89
SIA,BA,202503,0003778,0206010052,7.0,607.25
SIA,BA,202503,0003832,0206010079,30.0,2923.2
SIA,BA,202503,9373845,0206010036,10.0,867.6
SIA,BA,202503,0003832,0208010025,47.0,19200.44
SIA,BA,202503,2802023,0206010010,29.0,2516.04
SIA,BA,202503,4026896,0206030029,12.0,1041.0
SIA,BA,202503,0004294,0206010010,179.0,15530.04
SIA,BA,202503,0004073,0206010052,7.0,607.25
SIA,BA,202503,4578732,0206020031,64.0,8730.24
SIA,BA,202503,0005061,0206020031,7.0,954.87
SIA,BA,202503,6211496,0211020036,272.0,1400.8
SIA,BA,202503,6843271,0211020036,46.0,236.9
SIA,BA,202503,2407205,0206010052,44.0,3817.0
SIA,BA,202503,2497751,0206010010,11.0,954.36
SIA,BA,202503,0003980,0206020015,24.0,2082.0
SIA,BA,202503,0003980,0206010044,18.0,1561.5
SIA,BA,202503,2401231,0211020036,100.0,515.0
SIA,BA,202503,2772280,0206030029,13.0,1127.75
SIA,BA,202503,6476120,0206010052,4.0,929.96
SIA,BA,202503,6476120,0206030029,2.0,464.98
SIA,BA,202503,0004065,0206030029,6.0,520.5
SIA,BA,202503,9383298,0206030037,37.0,5129.31
SIA,BA,202503,2407205,0206020015,1.0,86.75
SIA,BA,202503,9922962,0206030037,69.0,9565.47
SIA,BA,202503,0003832,0206010052,15.0,1301.25
SIA,BA,202503,6595197,0206020015,13.0,1127.75
SIA,BA,202503,4026896,0206020031,70.0,9548.7
SIA,BA,202503,9516182,0206030037,58.0,8040.54
SIA,BA,202503,2549905,0211020036,94.0,484.1
SIA,BA,202503,6595197,0206030010,133.0,18437.79
SIA,BA,202503,2525933,0206030010,15.0,2079.45
SIA,BA,202503,6595197,0206020031,36.0,4910.76
SIA,BA,202503,2801566,0211020036,93.0,478.95
SIA,BA,202503,9373845,0206010052,16.0,1388.0
SIA,BA,202503,9516182,0206020031,52.0,7093.32
SIA,BA,202503,0133965,0211020036,561.0,2889.15
SIA,BA,202503,4026896,0206020015,6.0,520.5
SIA,BA,202503,2304295,0211020036,91.0,468.65
SIA,BA,202503,0003980,0206010010,12.0,1041.12
SIA,BA,202503,0004294,0206030037,186.0,25785.18
SIA,BA,202503,9373853,0206010010,51.0,4424.76
SIA,BA,202503,9373853,0206010028,116.0,11727.6
SIA,BA,202503,2497751,0206010044,1.0,86.75
SIA,BA,202503,0003832,0206030037,56.0,7763.28
SIA,BA,202503,6988407,0211020036,3.0,15.45
SIA,BA,202503,9052844,0206030037,17.0,6290.0
SIA,BA,202503,9383298,0211020036,162.0,834.3
SIA,BA,202503,0004065,0206020023,2.0,173.5
SIA,BA,202503,0004065,0206010044,9.0,780.75
SIA,BA,202503,4305183,0211020036,57.0,293.55
SIA,BA,202503,2520613,0206010036,1.0,86.76
SIA,BA,202503,9866027,0211020060,130.0,3900.0
SIA,BA,202503,9516182,0206010010,23.0,1995.48
SIA,BA,202503,2601702,0211020036,56.0,288.4
SIA,BA,202503,6414702,0206020023,25.0,2168.75
SIA,BA,202503,9078673,0211020036,34.0,175.1
SIA,BA,202503,0003832,0206030010,28.0,3881.64
SIA,BA,202503,2525569,0206010044,3.0,260.25
SIA,BA,202503,2407205,0206010079,38.0,3702.72
SIA,BA,202503,6414702,0206010036,12.0,1041.12
SIA,BA,202503,6238742,0211020036,79.0,2051.63
SIA,BA,202503,6687636,0206010044,18.0,1561.5
SIA,BA,202503,0003980,0206010028,6.0,606.6
SIA,BA,202503,9373845,0206010010,13.0,1127.88
SIA,BA,202503,9516182,0206010044,42.0,3643.5
SIA,BA,202503,0156132,0211020036,171.0,880.65
SIA,BA,202503,0004073,0206030037,29.0,4020.27
SIA,BA,202503,0004294,0206030029,56.0,4858.0
SIA,BA,202503,2388057,0206030010,236.0,32716.68
SIA,BA,202503,9373853,0206030010,46.0,6376.98
SIA,BA,202503,2525569,0206020023,2.0,173.5
SIA,BA,202503,7223676,0211020036,106.0,545.9
SIA,BA,202503,9373853,0206020015,11.0,954.25
SIA,BA,202503,9516182,0206010036,10.0,867.6
SIA,BA,202503,7033753,0211020036,347.0,1787.05
SIA,BA,202503,2525933,0206010028,5.0,505.5
SIA,BA,202503,2525933,0211020036,359.0,1848.85
SIA,BA,202503,2525569,0206020031,3.0,409.23
SIA,BA,202503,2627418,0206030010,11.0,1524.93
SIA,BA,202503,9052844,0206030010,17.0,6290.0
SIA,BA,202503,2804034,0206010060,1.0,97.44
SIA,BA,202503,5025729,0211020036,38.0,195.7
SIA,BA,202503,2802023,0206020023,56.0,4858.0
SIA,BA,202503,2862301,0206010010,6.0,520.56
SIA,BA,202503,2862301,0206010028,14.0,1415.4
SIA,BA,202503,0004294,0206020015,53.0,4597.75
SIA,BA,202503,9383298,0206010010,11.0,954.36
SIA,BA,202503,6485235,0211020036,107.0,551.05
SIA,BA,202503,2525569,0206030029,1.0,86.75
SIA,BA,202503,2771292,0211020036,128.0,659.2
SIA,BA,202503,6414702,0206020031,83.0,11322.03
SIA,BA,202503,9052844,0206010052,2.0,600.0
SIA,BA,202503,4145542,0206010036,3.0,260.28
SIA,BA,202503,4145542,0206010052,10.0,867.5
SIA,BA,202503,2913348,0206030010,37.0,5129.31
SIA,BA,202503,4578732,0206010028,10.0,1011.0
SIA,BA,202503,4578732,0206010052,10.0,867.5
SIA,BA,202503,4032691,0211020036,123.0,633.45
SIA,BA,202503,2913348,0206010052,2.0,173.5
SIA,BA,202503,2913348,0206010010,11.0,954.36
SIA,BA,202503,0004073,0206020031,62.0,8457.42
SIA,BA,202503,0004073,0206030010,34.0,4713.42
SIA,BA,202503,2913348,0211020036,91.0,468.65
SIA,BA,202503,6595197,0206010010,52.0,4511.52
SIA,BA,202503,6988423,0211020036,3.0,15.45
SIA,BA,202503,3240622,0206030037,6.0,831.78
SIA,BA,202503,2772280,0206020015,3.0,260.25
SIA,BA,202503,2772280,0206010052,5.0,433.75
SIA,BA,202503,2802023,0206020015,4.0,347.0
SIA,BA,202503,7057334,0211020036,168.0,865.2
SIA,BA,202503,2497751,0206020015,12.0,1041.0
SIA,BA,202503,2549905,0206010044,8.0,694.0
SIA,BA,202503,2525933,0206030037,5.0,693.15
SIA,BA,202503,2517744,0206010028,1.0,270.95
SIA,BA,202503,3464156,0206020031,6.0,818.46
SIA,BA,202503,2772280,0206010028,8.0,808.8
SIA,BA,202503,5005027,0211020036,5.0,25.75
SIA,BA,202503,2862301,0206030010,30.0,4158.9
SIA,BA,202503,4024370,0211020036,138.0,710.7
SIA,BA,202503,4032837,0211020036,103.0,530.45
SIA,BA,202503,9383298,0206020031,6.0,818.46
SIA,BA,202503,2400693,0206010079,14.0,1364.16
SIA,BA,202503,4026896,0206010036,4.0,347.04
SIA,BA,202503,4026896,0206010028,5.0,505.5
SIA,BA,202503,0005398,0211020036,106.0,545.9
SIA,BA,202503,4578732,0206020015,7.0,607.25
SIA,BA,202503,6476120,0206030010,17.0,6316.01
SIA,BA,202503,7092776,0211020060,17.0,510.0
SIA,BA,202503,3179648,0211020036,142.0,731.3
SIA,BA,202503,2525569,0206010036,1.0,86.76
SIA,BA,202503,4028155,0206010052,13.0,1127.75
SIA,BA,202503,2549905,0206020031,42.0,5729.22
SIA,BA,202503,2862301,0206030037,12.0,1663.56
SIA,BA,202503,2523396,0211020036,107.0,551.05
SIA,BA,202503,0003778,0206010028,12.0,1213.2
SIA,BA,202503,7171897,0211020036,257.0,1323.55
SIA,BA,202503,2498804,0211020036,35.0,180.25
SIA,BA,202503,2799790,0206010036,2.0,173.52
SIA,BA,202503,4578732,0206010036,5.0,433.8
SIA,BA,202503,2875802,0206030037,9.0,1247.67
SIA,BA,202503,0004294,0206010052,34.0,2949.5
SIA,BA,202503,0003980,0206020023,5.0,433.75
SIA,BA,202503,2862301,0206010079,75.0,7308.0
SIA,BA,202503,2862301,0206010036,5.0,433.8
SIA,BA,202503,2862301,0206020031,15.0,2046.15
SIA,BA,202503,2388057,0206010036,18.0,1561.68
SIA,BA,202503,2913348,0206030029,8.0,694.0
SIA,BA,202503,2799790,0206020015,3.0,260.25
SIA,BA,202503,4578732,0206010044,12.0,1041.0
SIA,BA,202503,6772838,0206020015,1.0,300.0
SIA,BA,202503,2862301,0206010052,1.0,86.75
SIA,BA,202503,2862301,0211020036,80.0,412.0
SIA,BA,202503,2862301,0206030029,5.0,433.75
SIA,BA,202503,0003980,0211020036,689.0,3548.35
SIA,BA,202503,2862301,0206020015,2.0,173.5
SIA,BA,202503,7094647,0206020031,16.0,2182.56
SIA,BA,202503,2400693,0206010010,3.0,260.28
SIA,BA,202503,3464156,0206030037,13.0,1802.19
SIA,BA,202503,2388057,0206010044,37.0,3209.75
SIA,BA,202503,2802074,0211020036,83.0,427.45
SIA,BA,202503,2415844,0206030037,4.0,554.52
SIA,BA,202503,9052844,0206010079,5.0,1100.0
SIA,BA,202503,5889448,0206030010,5.0,693.15
SIA,BA,202503,2304910,0211020036,27.0,139.05
SIA,BA,202503,9922962,0206010079,151.0,14713.44
SIA,BA,202503,6595197,0206010052,2.0,173.5
SIA,BA,202503,9922962,0206020031,71.0,9685.11
SIA,BA,202503,9511377,0211020036,161.0,829.15
SIA,BA,202503,0004065,0206010036,1.0,86.76
SIA,BA,202503,6595197,0206010036,10.0,867.6
SIA,BA,202503,2415844,0211020036,1.0,5.15
SIA,BA,202503,2386569,0206010036,9.0,780.84
SIA,BA,202503,0489670,0211020036,4.0,20.6
SIA,BA,202503,6476120,0206010028,2.0,541.9
SIA,BA,202503,9383298,0206030029,3.0,260.25
SIA,BA,202503,2497751,0206020031,8.0,1091.28
SIA,BA,202503,7986076,0211020036,835.0,4300.25
SIA,BA,202503,0829781,0206010052,3.0,260.25
SIA,BA,202503,2799286,0206010079,1.0,97.44
SIA,BA,202503,9372822,0206010052,3.0,260.25
SIA,BA,202503,4028155,0206010028,5.0,505.5
SIA,BA,202503,3240622,0206030010,6.0,831.78
SIA,BA,202503,2772280,0206010036,2.0,173.52
SIA,BA,202503,9373853,0206030029,31.0,2689.25
SIA,BA,202503,4670019,0211020036,430.0,2214.5
SIA,BA,202503,9372822,0206020015,2.0,173.5
SIA,BA,202503,6772838,0206030010,7.0,2590.0
SIA,BA,202503,2802023,0211020036,563.0,2899.45
SIA,BA,202503,0222690,0211020060,10.0,606.0
SIA,BA,202503,2386569,0206010044,9.0,780.75
SIA,BA,202503,0940534,0211020036,47.0,242.05
SIA,BA,202503,2400693,0206010036,4.0,347.04
SIA,BA,202503,2388685,0211020036,165.0,849.75
SIA,BA,202503,0003832,0206010044,5.0,433.75
SIA,BA,202503,9915583,0206010079,134.0,13056.96
SIA,BA,202503,2804034,0211020036,44.0,226.6
SIA,BA,202503,2913348,0206030037,46.0,6376.98
SIA,BA,202503,4028155,0211020036,437.0,2250.55
SIA,BA,202503,2388057,0206010010,43.0,3730.68
SIA,BA,202503,2417189,0211020036,88.0,453.2
SIA,BA,202503,2913348,0206020031,49.0,6684.09
SIA,BA,202503,4578732,0206030029,8.0,694.0
SIA,BA,202503,2524163,0211020036,92.0,473.8
SIA,BA,202503,6988393,0211020036,3.0,15.45
SIA,BA,202503,2385171,0206020023,6.0,520.5
SIA,BA,202503,2942208,0211020060,47.0,1410.0
SIA,BA,202503,0785245,0206020031,65.0,8866.65
SIA,BA,202503,0785245,0206010079,63.0,6138.72
SIA,BA,202503,0003778,0206020023,2.0,173.5
SIA,BA,202503,2488892,0211020060,5.0,150.0
SIA,BA,202503,9915583,0206020031,82.0,11185.62
SIA,BA,202503,0785245,0206030010,45.0,6238.35
SIA,BA,202503,9915583,0206030037,87.0,12060.81
SIA,BA,202503,2304953,0211020036,214.0,1102.1
SIA,BA,202503,9915583,0206030010,92.0,12753.96
SIA,BA,202503,3827127,0211020036,14.0,72.1
SIA,BA,202503,3972925,0206030037,165.0,22873.95
SIA,BA,202503,3972925,0206010044,47.0,4077.25
SIA,BA,202503,2799758,0206010028,14.0,1415.4
SIA,BA,202503,2799758,0206010044,77.0,6679.75
SIA,BA,202503,9949763,0206020031,30.0,4092.3
SIA,BA,202503,9949763,0211020060,31.0,930.0
SIA,BA,202503,4446321,0206030037,46.0,6376.98
SIA,BA,202503,2799758,0206030029,14.0,1214.5
SIA,BA,202503,9922962,0206010028,49.0,4953.9
SIA,BA,202503,2445204,0205010016,61.0,10065.0
SIA,BA,202503,9949763,0211020036,176.0,906.4
SIA,BA,202503,2520613,0211020036,146.0,751.9
SIA,BA,202503,2388057,0206010028,24.0,2426.4
SIA,BA,202503,2627418,0206030037,3.0,415.89
SIA,BA,202503,2627418,0206010052,1.0,86.75
SIA,BA,202503,9922962,0206030029,38.0,3296.5
SIA,BA,202503,9922962,0206010010,26.0,2255.76
SIA,BA,202503,2799758,0206010010,77.0,6680.52
SIA,BA,202503,2799758,0206010036,16.0,1388.16
SIA,BA,202503,0785245,0206020015,4.0,347.0
SIA,BA,202503,9915583,0206010044,19.0,1648.25
SIA,BA,202503,9922962,0206020015,20.0,1735.0
SIA,BA,202503,9922962,0206010036,6.0,520.56
SIA,BA,202503,4028155,0206010044,11.0,954.25
SIA,BA,202503,4446321,0206010028,33.0,3336.3
SIA,BA,202503,4446321,0206020015,16.0,1388.0
SIA,BA,202503,0007587,0211020036,88.0,453.2
SIA,BA,202503,5889448,0206030037,1.0,138.63
SIA,BA,202503,2400693,0206010052,3.0,260.25
SIA,BA,202503,2799812,0211020036,140.0,721.0
SIA,BA,202503,3972925,0206010079,129.0,12569.76
SIA,BA,202503,0004073,0206010044,3.0,260.25
SIA,BA,202503,2913348,0206010044,13.0,1127.75
SIA,BA,202503,2388057,0206020015,15.0,1301.25
SIA,BA,202503,2388057,0206020023,18.0,1561.5
SIA,BA,202503,4446321,0206030029,29.0,2515.75
SIA,BA,202503,0785245,0206030037,59.0,8179.17
SIA,BA,202503,9949763,0206030010,62.0,8595.06
SIA,BA,202503,9949763,0206010079,84.0,8184.96
SIA,BA,202503,9949763,0206030037,67.0,9288.21
SIA,BA,202503,2799758,0206020015,11.0,954.25
SIA,BA,202503,2600943,0211020036,84.0,432.6
SIA,BA,202503,9949763,0206010036,5.0,433.8
SIA,BA,202503,2557096,0211020036,174.0,896.1
SIA,BA,202503,2804034,0206020023,3.0,260.25
SIA,BA,202503,9915583,0206010010,9.0,780.84
SIA,BA,202503,9949763,0206030029,17.0,1474.75
SIA,BA,202503,4446321,0206010010,5.0,433.8
SIA,BA,202503,2400693,0206020023,2.0,173.5
SIA,BA,202503,2772280,0206010044,7.0,607.25
SIA,BA,202503,3285022,0211020036,29.0,149.35
SIA,BA,202503,9949763,0206010028,17.0,1718.7
SIA,BA,202503,3154904,0208010025,60.0,24511.2
SIA,BA,202503,3271110,0206010079,11.0,1071.84
SIA,BA,202503,2799251,0211020036,381.0,1962.15
SIA,BA,202503,2487438,0206010079,266.0,25919.04
SIA,BA,202503,2487438,0206030010,190.0,26339.7
SIA,BA,202503,2487438,0206020031,86.0,11731.26
SIA,BA,202503,9507930,0206030010,118.0,16358.34
SIA,BA,202503,9966366,0206030037,78.0,10813.14
SIA,BA,202503,0003875,0206030010,119.0,16496.97
SIA,BA,202503,9507930,0206010028,19.0,1920.9
SIA,BA,202503,0003875,0206010052,32.0,2776.0
SIA,BA,202503,9966366,0211020036,250.0,1287.5
SIA,BA,202503,9922962,0206010044,22.0,1908.5
SIA,BA,202503,2414244,0206030010,21.0,2911.23
SIA,BA,202503,2487438,0206030037,202.0,28003.26
SIA,BA,202503,9507930,0211020060,72.0,2160.0
SIA,BA,202503,0003816,0206030010,68.0,9426.84
SIA,BA,202503,0003816,0206020031,70.0,9548.7
SIA,BA,202503,4389034,0206020031,99.0,13504.59
SIA,BA,202503,4389034,0206030037,53.0,7347.39
SIA,BA,202503,4389034,0206010044,21.0,1821.75
SIA,BA,202503,2802104,0206010052,45.0,3903.75
SIA,BA,202503,2802104,0206030010,223.0,30914.49
SIA,BA,202503,0003816,0211020036,581.0,2992.15
SIA,BA,202503,0003786,0206010079,127.0,12374.88
SIA,BA,202503,2802104,0206020031,229.0,31237.89
SIA,BA,202503,9966366,0206010079,155.0,15103.2
SIA,BA,202503,0003786,0206020031,549.0,74889.09
SIA,BA,202503,9507930,0206010079,226.0,22021.44
SIA,BA,202503,0003875,0208010025,206.0,84155.12
SIA,BA,202503,4389034,0206030010,62.0,8595.06
SIA,BA,202503,2802104,0206030037,199.0,27587.37
SIA,BA,202503,9507930,0206020031,131.0,17869.71
SIA,BA,202503,4389034,0211020036,137.0,705.55
SIA,BA,202503,0003786,0206030010,423.0,58640.49
SIA,BA,202503,0003786,0206030037,491.0,68067.33
SIA,BA,202503,0003816,0211020060,27.0,810.0
SIA,BA,202503,9507930,0211020036,267.0,1375.05
SIA,BA,202503,0003875,0206020031,184.0,25099.44
SIA,BA,202503,2414244,0206010079,61.0,5943.84
SIA,BA,202503,2414244,0206020031,24.0,3273.84
SIA,BA,202503,2487438,0206010028,16.0,1617.6
SIA,BA,202503,2487438,0206010036,8.0,694.08
SIA,BA,202503,0003921,0206030037,95.0,13169.85
SIA,BA,202503,0003921,0206020015,10.0,867.5
SIA,BA,202503,2487438,0206010044,50.0,4337.5
SIA,BA,202503,2550032,0206010079,29.0,2825.76
SIA,BA,202503,4389034,0211020060,76.0,2280.0
SIA,BA,202503,9966366,0206020031,61.0,8321.01
SIA,BA,202503,0003921,0206010079,31.0,3020.64
SIA,BA,202503,0297542,0211020036,133.0,684.95
SIA,BA,202503,9966366,0206010028,44.0,4448.4
SIA,BA,202503,2772280,0206020023,1.0,86.75
SIA,BA,202503,0003875,0208010033,206.0,78912.42
SIA,BA,202503,0003921,0206020031,98.0,13368.18
SIA,BA,202503,2487438,0206020015,3.0,260.25
SIA,BA,202503,9507930,0206030037,105.0,14556.15
SIA,BA,202503,4389034,0206010028,61.0,6167.1
SIA,BA,202503,4389034,0206010079,167.0,16272.48
SIA,BA,202503,3972925,0211020036,109.0,561.35
SIA,BA,202503,0003816,0206010079,17.0,1656.48
SIA,BA,202503,4446321,0206020023,34.0,2949.5
SIA,BA,202503,0003875,0206030037,55.0,7624.65
SIA,BA,202503,9837841,0211020036,247.0,1272.05
SIA,BA,202503,2770512,0206030010,54.0,7486.02
SIA,BA,202503,0884189,0211020036,104.0,535.6
SIA,BA,202503,0884189,0206020031,58.0,7911.78
SIA,BA,202503,2926970,0206020031,4.0,545.64
SIA,BA,202503,4389034,0206030029,27.0,2342.25
SIA,BA,202503,0004251,0206020031,37.0,5047.17
SIA,BA,202503,0884189,0206010079,162.0,15785.28
SIA,BA,202503,4022718,0206010079,34.0,3312.96
SIA,BA,202503,0884189,0206030029,8.0,694.0
SIA,BA,202503,2402076,0206030037,140.0,19408.2
SIA,BA,202503,0003816,0206010044,20.0,1735.0
SIA,BA,202503,9837841,0206010079,70.0,6820.8
SIA,BA,202503,6237509,0206020031,14.0,5320.0
SIA,BA,202503,0884189,0206030010,55.0,7624.65
SIA,BA,202503,4022718,0206030037,27.0,3743.01
SIA,BA,202503,0785245,0206010010,4.0,347.04
SIA,BA,202503,9837841,0206030010,25.0,3465.75
SIA,BA,202503,4031709,0211020036,26.0,133.9
SIA,BA,202503,0003921,0206030010,96.0,13308.48
SIA,BA,202503,2802104,0206010079,65.0,6333.6
SIA,BA,202503,0003786,0206010052,182.0,15788.5
SIA,BA,202503,2414244,0206010052,1.0,86.75
SIA,BA,202503,2487438,0206010010,32.0,2776.32
SIA,BA,202503,9966366,0206030010,80.0,11090.4
SIA,BA,202503,6364322,0211020036,103.0,530.45
SIA,BA,202503,4022718,0206020031,21.0,2864.61
SIA,BA,202503,9837841,0206030037,26.0,3604.38
SIA,BA,202503,0005428,0206020031,50.0,6820.5
SIA,BA,202503,3271110,0206030010,44.0,6099.72
SIA,BA,202503,9966366,0206010010,18.0,1561.68
SIA,BA,202503,2494973,0206010044,14.0,1214.5
SIA,BA,202503,2494973,0206010079,77.0,7502.88
SIA,BA,202503,6364322,0211020060,31.0,930.0
SIA,BA,202503,9507930,0206010044,30.0,2602.5
SIA,BA,202503,2802104,0206010044,53.0,4597.75
SIA,BA,202503,0003816,0206030037,64.0,8872.32
SIA,BA,202503,0003875,0206030029,15.0,1301.25
SIA,BA,202503,4389034,0206010010,11.0,954.36
SIA,BA,202503,0785245,0206010028,12.0,1213.2
SIA,BA,202503,9966366,0206010044,22.0,1908.5
SIA,BA,202503,2494973,0206020031,41.0,5592.81
SIA,BA,202503,3154904,0208010033,60.0,22984.2
SIA,BA,202503,6237509,0206030037,10.0,2250.0
SIA,BA,202503,3948684,0206020031,19.0,2591.79
SIA,BA,202503,3948684,0206030037,6.0,831.78
SIA,BA,202503,0003816,0206010052,15.0,1301.25
SIA,BA,202503,0884189,0206010044,24.0,2082.0
SIA,BA,202503,2802090,0206010010,17.0,1474.92
SIA,BA,202503,2802090,0206010028,15.0,1516.5
SIA,BA,202503,2802090,0206010036,8.0,694.08
SIA,BA,202503,0005428,0206010079,52.0,5066.88
SIA,BA,202503,2402076,0206020031,155.0,21143.55
SIA,BA,202503,2802090,0206010079,119.0,11595.36
SIA,BA,202503,3271110,0206010052,5.0,433.75
SIA,BA,202503,3271110,0206010044,2.0,173.5
SIA,BA,202503,2402076,0206030010,152.0,21071.76
SIA,BA,202503,3948684,0206030010,10.0,1386.3
SIA,BA,202503,2802104,0206010028,5.0,505.5
SIA,BA,202503,2802090,0206030010,70.0,9704.1
SIA,BA,202503,6237509,0206010079,28.0,8260.0
SIA,BA,202503,9837841,0211020060,21.0,630.0
SIA,BA,202503,2770512,0206030037,33.0,4574.79
SIA,BA,202503,2985470,0206030010,2.0,453.32
SIA,BA,202503,0003816,0206010010,9.0,780.84
SIA,BA,202503,9966366,0206010052,6.0,520.5
SIA,BA,202503,2802090,0206030037,37.0,5129.31
SIA,BA,202503,2802090,0206020015,5.0,433.75
SIA,BA,202503,2985470,0206030037,2.0,453.32
SIA,BA,202503,2494973,0206010028,11.0,1112.1
SIA,BA,202503,6345891,0206030037,5.0,693.15
SIA,BA,202503,6345891,0206020031,5.0,682.05
SIA,BA,202503,2494973,0206030037,35.0,4852.05
SIA,BA,202503,3271110,0206020031,15.0,2046.15
SIA,BA,202503,2523310,0211020036,21.0,108.15
SIA,BA,202503,9949763,0206010044,15.0,1301.25
SIA,BA,202503,3972925,0206010010,30.0,2602.8
SIA,BA,202503,0003786,0208010033,139.0,53246.73
SIA,BA,202503,9949763,0206010010,9.0,780.84
SIA,BA,202503,9966366,0206030029,11.0,954.25
SIA,BA,202503,4389034,0206020015,16.0,1388.0
SIA,BA,202503,0005428,0206030037,10.0,1386.3
SIA,BA,202503,7094647,0206030037,8.0,1109.04
SIA,BA,202503,0003786,0206010036,16.0,1388.16
SIA,BA,202503,0003921,0206010044,1.0,86.75
SIA,BA,202503,0785245,0206010044,13.0,1127.75
SIA,BA,202503,2770512,0206010079,85.0,8282.4
SIA,BA,202503,2550032,0206030010,37.0,5129.31
SIA,BA,202503,2550032,0206020031,38.0,5183.58
SIA,BA,202503,4022718,0206010036,2.0,173.52
SIA,BA,202503,2926970,0206010044,0.0,0.0
SIA,BA,202503,2550032,0206030037,35.0,4852.05
SIA,BA,202503,2550032,0206010010,1.0,86.76
SIA,BA,202503,2389584,0211020036,19.0,97.85
SIA,BA,202503,3972925,0206010052,8.0,694.0
SIA,BA,202503,2799758,0206020023,7.0,607.25
SIA,BA,202503,0003921,0206020023,11.0,954.25
SIA,BA,202503,9922962,0206010052,13.0,1127.75
SIA,BA,202503,9915583,0206020015,2.0,173.5
SIA,BA,202503,9915583,0206030029,16.0,1388.0
SIA,BA,202503,3972925,0206020015,13.0,1127.75
SIA,BA,202503,9443665,0206020031,112.0,15277.92
SIA,BA,202503,9443665,0206010028,40.0,4044.0
SIA,BA,202503,6292550,0211020036,175.0,4544.75
SIA,BA,202503,2938499,0206020031,37.0,5047.17
SIA,BA,202503,2487756,0211020060,63.0,1890.0
SIA,BA,202503,9443665,0206010036,37.0,3210.12
SIA,BA,202503,9443665,0206030010,218.0,30221.34
SIA,BA,202503,9443665,0206030029,14.0,1214.5
SIA,BA,202503,9443665,0206030037,219.0,30359.97
SIA,BA,202503,9443665,0206010079,311.0,30303.84
SIA,BA,202503,3295451,0208010025,53.0,21651.56
SIA,BA,202503,2938499,0206020015,9.0,780.75
SIA,BA,202503,0004278,0206020031,19.0,2591.79
SIA,BA,202503,9866035,0211020060,112.0,3360.0
SIA,BA,202503,9866035,0206030037,91.0,12615.33
SIA,BA,202503,0059218,0206020031,73.0,9957.93
SIA,BA,202503,0884189,0211020060,60.0,1800.0
SIA,BA,202503,9866035,0206010079,150.0,14616.0
SIA,BA,202503,0832014,0211020036,237.0,1220.55
SIA,BA,202503,0059218,0206010079,201.0,19585.44
SIA,BA,202503,7946120,0211020036,175.0,901.25
SIA,BA,202503,2770512,0206020031,23.0,3137.43
SIA,BA,202503,0832014,0206010079,179.0,17441.76
SIA,BA,202503,2799839,0206010079,48.0,4677.12
SIA,BA,202503,2799839,0206020031,18.0,2455.38
SIA,BA,202503,2799839,0206030010,42.0,5822.46
SIA,BA,202503,9507930,0206010052,7.0,607.25
SIA,BA,202503,0003786,0206010044,40.0,3470.0
SIA,BA,202503,4446321,0211020036,460.0,2369.0
SIA,BA,202503,7521316,0211020036,547.0,2817.05
SIA,BA,202503,6602533,0206010028,3.0,303.3
SIA,BA,202503,9507930,0206030029,12.0,1041.0
SIA,BA,202503,4446321,0206010036,8.0,694.08
SIA,BA,202503,2802090,0206020031,37.0,5047.17
SIA,BA,202503,0003786,0208010025,138.0,56375.76
SIA,BA,202503,2800527,0211020036,133.0,684.95
SIA,BA,202503,4022718,0206030010,23.0,3188.49
SIA,BA,202503,4389034,0206010052,5.0,433.75
SIA,BA,202503,2799286,0211020036,160.0,824.0
SIA,BA,202503,2770512,0206020015,2.0,173.5
SIA,BA,202503,2799839,0206030037,42.0,5822.46
SIA,BA,202503,0003859,0206020031,56.0,7638.96
SIA,BA,202503,0003859,0206030010,63.0,8733.69
SIA,BA,202503,0059218,0211020036,394.0,2029.1
SIA,BA,202503,0607126,0206030037,18.0,2495.34
SIA,BA,202503,2799758,0211020036,14.0,72.1
SIA,BA,202503,2802090,0206010044,9.0,780.75
SIA,BA,202503,0607126,0206030010,18.0,2495.34
SIA,BA,202503,0832014,0206030029,19.0,1648.25
SIA,BA,202503,0059218,0206010010,21.0,1821.96
SIA,BA,202503,0832014,0206010044,25.0,2168.75
SIA,BA,202503,3295451,0208010033,54.0,20685.78
SIA,BA,202503,2938499,0206030037,59.0,8179.17
SIA,BA,202503,6602533,0206020015,1.0,86.75
SIA,BA,202503,6616917,0206030010,2.0,277.26
SIA,BA,202503,9966366,0206010036,11.0,954.36
SIA,BA,202503,2938499,0206030010,56.0,7763.28
SIA,BA,202503,0059218,0206020015,13.0,1127.75
SIA,BA,202503,2799839,0206010044,46.0,3990.5
SIA,BA,202503,9915583,0206010036,3.0,260.28
SIA,BA,202503,6988474,0211020036,2.0,10.3
SIA,BA,202503,3054799,0211020036,200.0,1030.0
SIA,BA,202503,2402076,0206010052,14.0,1214.5
SIA,BA,202503,0832014,0211020060,56.0,1680.0
SIA,BA,202503,2400693,0211020036,34.0,175.1
SIA,BA,202503,3972925,0206010028,11.0,1112.1
SIA,BA,202503,0003921,0206010036,13.0,1127.88
SIA,BA,202503,0004251,0208010033,43.0,16472.01
SIA,BA,202503,0004278,0206010079,34.0,3312.96
SIA,BA,202503,0059218,0206030037,79.0,10951.77
SIA,BA,202503,0003859,0206030037,60.0,8317.8
SIA,BA,202503,9866035,0206020031,71.0,9685.11
SIA,BA,202503,0884189,0206030037,49.0,6792.87
SIA,BA,202503,0832014,0206030037,67.0,9288.21
SIA,BA,202503,3972925,0206030029,15.0,1301.25
SIA,BA,202503,2414244,0206020023,5.0,433.75
SIA,BA,202503,2414244,0206030037,18.0,2495.34
SIA,BA,202503,2494973,0206010010,7.0,607.32
SIA,BA,202503,0004251,0206010060,1.0,97.44
SIA,BA,202503,9443665,0206010010,66.0,5726.16
SIA,BA,202503,9966366,0206020015,1.0,86.75
SIA,BA,202503,0004251,0206030037,12.0,1663.56
SIA,BA,202503,0004251,0206010079,5.0,487.2
SIA,BA,202503,7094647,0206030029,2.0,173.5
SIA,BA,202503,0059218,0206010044,28.0,2429.0
SIA,BA,202503,0832014,0206030010,53.0,7347.39
SIA,BA,202503,2938499,0206010079,100.0,9744.0
SIA,BA,202503,3948684,0206010079,2.0,194.88
SIA,BA,202503,2938499,0206010044,17.0,1474.75
SIA,BA,202503,2550032,0206030029,3.0,260.25
SIA,BA,202503,4029801,0211020036,29.0,149.35
SIA,BA,202503,9866035,0206010044,26.0,2255.5
SIA,BA,202503,2494973,0206030010,34.0,4713.42
SIA,BA,202503,9443665,0206010052,45.0,3903.75
SIA,BA,202503,2523051,0211020036,59.0,303.85
SIA,BA,202503,4446321,0206010044,5.0,433.75
SIA,BA,202503,0059218,0206010028,63.0,6369.3
SIA,BA,202503,0004251,0208010025,43.0,17566.36
SIA,BA,202503,0004251,0206030010,16.0,2218.08
SIA,BA,202503,2483629,0205010016,14.0,2310.0
SIA,BA,202503,2802104,0206020023,2.0,173.5
SIA,BA,202503,9866035,0206030010,91.0,12615.33
SIA,BA,202503,0004278,0206030037,26.0,3604.38
SIA,BA,202503,2402076,0206010036,3.0,260.28
SIA,BA,202503,2802090,0206010052,2.0,173.5
SIA,BA,202503,2770512,0206010028,5.0,505.5
SIA,BA,202503,0884189,0206010028,15.0,1516.5
SIA,BA,202503,9915583,0206010052,5.0,433.75
SIA,BA,202503,9507930,0206010010,12.0,1041.12
SIA,BA,202503,2507447,0211020036,200.0,3600.0
SIA,BA,202503,9866035,0206010028,27.0,2729.7
SIA,BA,202503,2402076,0206010079,19.0,1851.36
SIA,BA,202503,9837841,0206010028,10.0,1011.0
SIA,BA,202503,9837841,0206030029,4.0,347.0
SIA,BA,202503,9443665,0206020015,6.0,520.5
SIA,BA,202503,0003921,0206010028,10.0,1011.0
SIA,BA,202503,3972925,0206010036,6.0,520.56
SIA,BA,202503,2524996,0211020036,20.0,103.0
SIA,BA,202503,0003816,0206020015,1.0,86.75
SIA,BA,202503,0832014,0206020031,65.0,8866.65
SIA,BA,202503,0003786,0206030029,6.0,520.5
SIA,BA,202503,3956369,0211020036,239.0,1230.85
SIA,BA,202503,2938499,0206010052,3.0,260.25
SIA,BA,202503,0607126,0206010079,8.0,779.52
SIA,BA,202503,7037937,0211020036,3.0,15.45
SIA,BA,202503,0884189,0206010010,9.0,780.84
SIA,BA,202503,0059218,0206030010,58.0,8040.54
SIA,BA,202503,0003859,0206010079,36.0,3507.84
SIA,BA,202503,2938499,0206010028,7.0,707.7
SIA,BA,202503,2414244,0206010028,7.0,707.7
SIA,BA,202503,2414244,0206010044,10.0,867.5
SIA,BA,202503,4446321,0206010079,3.0,292.32
SIA,BA,202503,0003921,0206010010,9.0,780.84
SIA,BA,202503,0005428,0206010028,1.0,101.1
SIA,BA,202503,0884189,0206010036,5.0,433.8
SIA,BA,202503,6602533,0211020036,4.0,20.6
SIA,BA,202503,2494973,0206020023,2.0,173.5
SIA,BA,202503,0004278,0206010044,14.0,1214.5
SIA,BA,202503,6237509,0206010028,2.0,490.0
SIA,BA,202503,6237509,0206010052,1.0,295.0
SIA,BA,202503,9866035,0206010010,16.0,1388.16
SIA,BA,202503,0832014,0206020015,5.0,433.75
SIA,BA,202503,0832014,0206010028,43.0,4347.3
SIA,BA,202503,0832014,0206010010,15.0,1301.4
SIA,BA,202503,0059218,0206010052,10.0,867.5
SIA,BA,202503,2487438,0206030029,3.0,260.25
SIA,BA,202503,2802090,0206030029,12.0,1041.0
SIA,BA,202503,0059218,0206010036,9.0,780.84
SIA,BA,202503,2799839,0206010052,46.0,3990.5
SIA,BA,202503,0832014,0206010036,4.0,347.04
SIA,BA,202503,0884189,0206010052,6.0,520.5
SIA,BA,202503,2938499,0206010010,10.0,867.6
SIA,BA,202503,6345891,0206010052,1.0,86.75
SIA,BA,202503,9276998,0211020036,36.0,185.4
SIA,BA,202503,6345891,0206030010,8.0,1109.04
SIA,BA,202503,9347135,0211020036,10.0,51.5
SIA,BA,202503,9443665,0206010044,24.0,2082.0
SIA,BA,202503,3948684,0206010052,1.0,86.75
SIA,BA,202503,0003875,0206010028,3.0,303.3
SIA,BA,202503,2517744,0206030029,3.0,697.47
SIA,BA,202503,9949763,0206020015,1.0,86.75
SIA,BA,202503,0059218,0206030029,23.0,1995.25
SIA,BA,202503,0004278,0206030029,5.0,433.75
SIA,BA,202503,0005428,0206010044,5.0,433.75
SIA,BA,202503,2487438,0206010052,3.0,260.25
SIA,BA,202503,4028481,0211020036,20.0,103.0
SIA,BA,202503,6602533,0206010036,2.0,173.52
SIA,BA,202503,0004278,0206030010,15.0,2079.45
SIA,BA,202503,2556847,0206010079,11.0,3245.0
SIA,BA,202503,2413469,0211020036,515.0,2652.25
SIA,BA,202503,2445204,0211020036,600.0,3090.0
SIA,BA,202503,2387042,0211020036,105.0,540.75
SIA,BA,202503,2556847,0206010010,1.0,245.0
SIA,BA,202503,9866035,0206010036,7.0,607.32
SIA,BA,202503,6237509,0206030010,10.0,2250.0
SIA,BA,202503,0005363,0211020036,397.0,2044.55
SIA,BA,202503,2494973,0206010052,1.0,86.75
SIA,BA,202503,0003875,0206010079,15.0,1461.6
SIA,BA,202503,0003778,0206020015,1.0,86.75
SIA,BA,202503,9866035,0206010052,6.0,520.5
SIA,BA,202503,0003921,0206010052,4.0,347.0
SIA,BA,202503,0005428,0206030010,12.0,1663.56
SIA,BA,202503,7111606,0211020036,233.0,1199.95
SIA,BA,202503,4446321,0206010052,1.0,86.75
SIA,BA,202503,0003956,0211020036,1159.0,5968.85
SIA,BA,202503,0785245,0206030029,4.0,347.0
SIA,BA,202503,9949763,0206010052,4.0,347.0
SIA,BA,202503,2386879,0211020036,67.0,345.05
SIA,BA,202503,0003786,0211020036,446.0,2296.9
SIA,BA,202503,0003786,0206020015,5.0,433.75
SIA,BA,202503,2386550,0211020036,39.0,200.85
SIA,BA,202503,2601680,0206020031,62.0,8457.42
SIA,BA,202503,2601680,0206010079,22.0,2143.68
SIA,BA,202503,2601680,0206030010,61.0,8456.43
SIA,BA,202503,0607126,0206020015,2.0,173.5
SIA,BA,202503,2526557,0211020036,500.0,2575.0
SIA,BA,202503,9837841,0206020031,14.0,1909.74
SIA,BA,202503,9922962,0206010060,1.0,97.44
SIA,BA,202503,2802112,0206010010,5.0,433.8
SIA,BA,202503,2802112,0206010028,31.0,3134.1
SIA,BA,202503,2802112,0206010079,61.0,5943.84
SIA,BA,202503,2802112,0206030010,28.0,3881.64
SIA,BA,202503,2799154,0211020036,51.0,262.65
SIA,BA,202503,7160488,0211020036,3.0,15.45
SIA,BA,202503,2926970,0206030010,5.0,693.15
SIA,BA,202503,2799731,0211020036,1307.0,6731.05
SIA,BA,202503,2799758,0206010052,9.0,780.75
SIA,BA,202503,2517744,0206010010,1.0,232.51
SIA,BA,202503,4598334,0211020036,1200.0,6180.0
SIA,BA,202503,0003859,0206010028,3.0,303.3
SIA,BA,202503,2417375,0211020036,16.0,82.4
SIA,BA,202503,6602533,0206010052,1.0,86.75
SIA,BA,202503,5401755,0211020060,5.0,150.0
SIA,BA,202503,0003786,0206010028,16.0,1617.6
SIA,BA,202503,2601680,0206010052,12.0,1041.0
SIA,BA,202503,0003786,0206020023,13.0,1127.75
SIA,BA,202503,2799839,0206010010,6.0,520.56
SIA,BA,202503,5401755,0211020036,9.0,46.35
SIA,BA,202503,2601680,0206010044,8.0,694.0
SIA,BA,202503,2802112,0206020031,20.0,2728.2
SIA,BA,202503,2557088,0211020036,43.0,221.45
SIA,BA,202503,0004820,0206030010,28.0,3881.64
SIA,BA,202503,0003778,0211020036,887.0,4568.05
SIA,BA,202503,2601680,0206030037,66.0,9149.58
SIA,BA,202503,3968537,0206010079,34.0,3312.96
SIA,BA,202503,2802112,0206030037,17.0,2356.71
SIA,BA,202503,2802252,0211020036,259.0,1333.85
SIA,BA,202503,9837841,0206020015,2.0,173.5
SIA,BA,202503,2799839,0206020023,2.0,173.5
SIA,BA,202503,2799820,0211020036,57.0,293.55
SIA,BA,202503,9130411,0211020036,372.0,1915.8
SIA,BA,202503,0785245,0206010052,2.0,173.5
SIA,BA,202503,0785245,0206010036,1.0,86.76
SIA,BA,202503,5889448,0206010044,1.0,86.75
SIA,BA,202503,3968537,0206030010,11.0,1524.93
SIA,BA,202503,0004820,0206020031,18.0,2455.38
SIA,BA,202503,4022718,0206010010,1.0,86.76
SIA,BA,202503,4454855,0211020036,800.0,4120.0
SIA,BA,202503,0607126,0206030029,2.0,173.5
SIA,BA,202503,2517744,0206010036,1.0,232.51
SIA,BA,202503,2401681,0211020036,133.0,684.95
SIA,BA,202503,0004820,0206030037,24.0,3327.12
SIA,BA,202503,9443665,0211020060,310.0,9300.0
SIA,BA,202503,2802112,0211020036,1.0,5.15
SIA,BA,202503,0004278,0206010052,4.0,347.0
SIA,BA,202503,2400693,0206010044,3.0,260.25
SIA,BA,202503,0832014,0206020023,1.0,86.75
SIA,BA,202503,6670385,0211020036,36.0,185.4
SIA,BA,202503,7675135,0206030010,13.0,1802.19
SIA,BA,202503,2601680,0211020036,7.0,36.05
SIA,BA,202503,3245500,0206030037,1.0,138.63
SIA,BA,202503,0003859,0206010052,8.0,694.0
SIA,BA,202503,2402076,0206010028,2.0,202.2
SIA,BA,202503,9026908,0211020036,412.0,2121.8
SIA,BA,202503,4446321,0206030010,2.0,277.26
SIA,BA,202503,7675135,0206020031,18.0,2455.38
SIA,BA,202503,0004235,0211020036,1740.0,8961.0
SIA,BA,202503,0004820,0206010079,6.0,584.64
SIA,BA,202503,0003778,0206010044,1.0,86.75
SIA,BA,202503,2926970,0206030037,4.0,554.52
SIA,BA,202503,3968537,0206020031,21.0,2864.61
SIA,BA,202503,3968537,0206010044,4.0,347.0
SIA,BA,202503,0028460,0211020036,632.0,3254.8
SIA,BA,202503,2415844,0206010010,1.0,86.76
SIA,BA,202503,6345891,0206010079,1.0,97.44
SIA,BA,202503,6345891,0206010044,1.0,86.75
SIA,BA,202503,9373845,0206020015,2.0,173.5
SIA,BA,202503,9866035,0206020015,1.0,86.75
SIA,BA,202503,4446321,0206020031,3.0,409.23
SIA,BA,202503,2799286,0206010052,2.0,173.5
SIA,BA,202503,7592191,0211020036,231.0,1189.65
SIA,BA,202503,2514435,0211020036,90.0,463.5
SIA,BA,202503,0710210,0211020036,58.0,298.7
SIA,BA,202503,2389592,0211020036,167.0,860.05
SIA,BA,202503,4025636,0211020036,607.0,3126.05
SIA,BA,202503,0003832,0211020036,866.0,4459.9
SIA,BA,202503,3208419,0211020036,350.0,1802.5
SIA,BA,202503,2799103,0211020036,176.0,906.4
SIA,BA,202503,5731887,0211020036,57.0,293.55
SIA,BA,202503,2407205,0206010044,13.0,1127.75
SIA,BA,202503,4671244,0211020036,889.0,4578.35
SIA,BA,202503,7675135,0206010044,2.0,173.5
SIA,BA,202503,0004820,0206010052,2.0,173.5
SIA,BA,202503,2508915,0211020036,100.0,515.0
SIA,BA,202503,2620421,0211020036,121.0,623.15
SIA,BA,202503,2601680,0206010028,3.0,303.3
SIA,BA,202503,2602636,0211020036,105.0,540.75
SIA,BA,202503,9005919,0211020036,47.0,242.05
SIA,BA,202503,2802112,0206030029,3.0,260.25
SIA,BA,202503,2597586,0211020036,160.0,824.0
SIA,BA,202503,2532387,0211020036,505.0,2600.75
SIA,BA,202503,2549905,0206010028,5.0,505.5
SIA,BA,202503,3464156,0206010044,4.0,347.0
SIA,BA,202503,9516182,0206020015,5.0,433.75
SIA,BA,202503,2400693,0206020015,3.0,260.25
SIA,BA,202503,9443088,0211020036,206.0,1060.9
SIA,BA,202503,6273696,0211020060,5.0,450.0
SIA,BA,202503,2802023,0206010060,1.0,97.44
SIA,BA,202503,2802112,0206010044,6.0,520.5
SIA,BA,202503,2802112,0206010052,1.0,86.75
SIA,BA,202503,0003786,0206010010,6.0,520.56
SIA,BA,202503,0003980,0206010052,4.0,347.0
SIA,BA,202503,2601680,0206010036,2.0,173.52
SIA,BA,202503,2601680,0206010010,3.0,260.28
SIA,BA,202503,7922000,0211020036,392.0,2018.8
SIA,BA,202503,7633149,0211020036,4977.0,25631.55
SIA,BA,202503,2802112,0206010036,2.0,173.52
SIA,BA,202503,2549182,0211020036,161.0,829.15
SIA,BA,202503,2653230,0211020036,1.0,5.15
SIA,BA,202503,9040803,0211020036,71.0,365.65
SIA,BA,202503,9470832,0211020036,264.0,1359.6
SIA,BA,202503,2644789,0206030037,1.0,138.63
SIA,BA,202503,2601117,0211020036,108.0,556.2
SIA,BA,202503,3010902,0211020036,197.0,1014.55
SIA,BA,202503,2523558,0211020036,279.0,1436.85
SIA,BA,202503,2386569,0206020015,4.0,347.0
SIA,BA,202503,6616917,0206030037,1.0,138.63
SIA,BA,202503,2412640,0211020036,765.0,3939.75
SIA,BA,202503,6561411,0211020036,100.0,515.0
SIA,BA,202503,0209023,0211020036,103.0,530.45
SIA,BA,202503,2772280,0206010010,4.0,347.04
SIA,BA,202503,2627256,0211020036,286.0,1472.9
SIA,BA,202503,4201175,0211020036,70.0,360.5
SIA,BA,202503,9133585,0211020036,252.0,1297.8
SIA,BA,202503,7675135,0206030029,2.0,173.5
SIA,BA,202503,7476469,0211020036,348.0,1792.2
SIA,BA,202503,4028740,0211020036,47.0,242.05
SIA,BA,202503,9054162,0211020036,405.0,2085.75
SIA,BA,202503,2413671,0211020036,60.0,309.0
SIA,BA,202503,3968537,0206010028,1.0,101.1
SIA,BA,202503,0004340,0211020036,161.0,829.15
SIA,BA,202503,2509954,0211020036,57.0,293.55
SIA,BA,202503,6616917,0206020031,1.0,136.41
SIA,BA,202503,7675135,0206030037,2.0,277.26
SIA,BA,202503,6616917,0206010079,1.0,97.44
SIA,BA,202503,2598221,0211020036,146.0,751.9
SIA,BA,202503,2549905,0206010010,3.0,260.28
SIA,BA,202503,3968537,0206020023,1.0,86.75
SIA,BA,202503,2510782,0211020036,284.0,1462.6
SIA,BA,202503,2801914,0211020036,203.0,1045.45
SIA,BA,202503,2601680,0206030029,1.0,86.75
SIA,BA,202503,3972925,0206020023,1.0,86.75
SIA,BA,202503,2598183,0211020036,111.0,571.65
SIA,BA,202503,2412551,0211020036,106.0,545.9
SIA,BA,202503,2802015,0211020036,30.0,154.5
SIA,BA,202503,3968537,0206030037,4.0,554.52
SIA,BA,202503,9024042,0211020036,78.0,401.7
SIA,BA,202503,7675135,0206010052,2.0,173.5
SIA,BA,202503,2600730,0211020036,9.0,46.35
SIA,BA,202503,2802112,0206020023,3.0,260.25
SIA,BA,202503,2644789,0206010079,3.0,292.32
SIA,BA,202503,4022416,0211020036,270.0,1390.5
SIA,BA,202503,2389398,0211020036,68.0,350.2
SIA,BA,202503,3968537,0206010010,1.0,86.76
SIA,BA,202503,2407205,0206020023,2.0,173.5
SIA,BA,202503,7894015,0211020036,684.0,3522.6
SIA,BA,202503,2799804,0211020036,106.0,545.9
SIA,BA,202503,9052844,0206010044,3.0,750.0
SIA,BA,202503,2385171,0206030029,1.0,86.75
SIA,BA,202503,2600609,0211020036,138.0,710.7
SIA,BA,202503,2407205,0206010028,3.0,303.3
SIA,BA,202503,9019308,0211020036,440.0,2266.0
SIA,BA,202503,7465106,0211020036,160.0,824.0
SIA,BA,202503,4736346,0211020036,5.0,25.75
SIA,BA,202503,6414702,0206020015,8.0,694.0
SIA,BA,202503,9237224,0211020036,50.0,257.5
SIA,BA,202503,2390078,0211020036,122.0,628.3
SIA,BA,202503,7027869,0211020036,54.0,278.1
SIA,BA,202503,2494973,0206030029,5.0,433.75
SIA,BA,202503,2550032,0206010028,1.0,101.1
SIA,BA,202503,4032594,0211020036,299.0,1539.85
SIA,BA,202503,7761112,0211020036,443.0,2281.45
SIA,BA,202503,2532549,0211020036,45.0,231.75
SIA,BA,202503,2386305,0211020036,20.0,103.0
SIA,BA,202503,2601761,0211020036,98.0,504.7
SIA,BA,202503,4389034,0206010036,4.0,347.04
SIA,BA,202503,9481966,0208010025,4.0,1634.08
SIA,BA,202503,5375924,0211020036,254.0,1308.1
SIA,BA,202503,2601591,0211020036,140.0,721.0
SIA,BA,202503,9362398,0211020036,650.0,3347.5
SIA,BA,202503,0003921,0206030029,2.0,173.5
SIA,BA,202503,2772280,0211020036,16.0,82.4
SIA,BA,202503,2497751,0211020036,394.0,2029.1
SIA,BA,202503,2414228,0211020036,12.0,61.8
SIA,BA,202503,2385171,0211020036,169.0,870.35
SIA,BA,202503,2407205,0206030029,1.0,86.75
SIA,BA,202503,2407205,0206010010,2.0,173.52
SIA,BA,202503,2939363,0211020036,160.0,824.0
SIA,BA,202503,4474309,0211020036,16.0,82.4
SIA,BA,202503,4267109,0211020036,245.0,1261.75
SIA,BA,202503,3017028,0211020036,22.0,113.3
SIA,BA,202503,7084129,0211020036,217.0,1117.55
SIA,BA,202503,7033974,0211020036,563.0,2899.45
SIA,BA,202503,9507930,0206020023,3.0,260.25
SIA,BA,202503,2386569,0211020036,95.0,489.25
SIA,BA,202503,2556847,0211020036,173.0,890.95
SIA,BA,202503,2416867,0211020036,503.0,2590.45
SIA,BA,202503,6491499,0211020036,32.0,164.8
SIA,BA,202503,6998143,0211020036,3.0,15.45
SIA,BA,202503,2400693,0206030029,1.0,86.75
SIA,BA,202503,2402467,0211020036,36.0,185.4
SIA,BA,202503,9507930,0206020015,3.0,260.25
SIA,BA,202503,0003875,0206010044,3.0,260.25
SIA,BA,202503,0003832,0211020010,89.0,64973.56
SIA,BA,202503,0003832,0206010095,67.0,141183.74
SIA,BA,202503,2799839,0206010028,5.0,505.5
SIA,BA,202503,2401665,0211020036,10.0,51.5
SIA,BA,202503,2722879,0211020060,12.0,360.0
SIA,BA,202503,0607126,0206010010,2.0,173.52
SIA,BA,202503,2985470,0206010079,1.0,200.0
SIA,BA,202503,2550032,0206010036,1.0,86.76
SIA,BA,202503,2487756,0206010028,1.0,101.1
SIA,BA,202503,9210695,0211020036,3.0,15.45
SIA,BA,202503,9007148,0211020036,1166.0,6004.9
SIA,BA,202503,2487756,0206030037,1.0,138.63
SIA,BA,202503,3245500,0206010079,1.0,97.44
SIA,BA,202503,9443665,0206020023,4.0,347.0
SIA,BA,202503,0003859,0206010010,2.0,173.52
SIA,BA,202503,9966366,0206010060,1.0,97.44
SIA,BA,202503,7092776,0211020036,60.0,309.0
SIA,BA,202503,7443382,0211020036,120.0,618.0
SIA,BA,202503,2799839,0206010036,5.0,433.8
SIA,BA,202503,6943977,0211020036,325.0,1673.75
SIA,BA,202503,2771306,0211020036,10.0,51.5
SIA,BA,202503,6292550,0211020060,8.0,720.0
SIA,BA,202503,2799839,0206020015,2.0,173.5
SIA,BA,202503,0003832,0206020023,1.0,86.75
SIA,BA,202503,2801558,0211020036,59.0,303.85
SIA,BA,202503,6414702,0206010052,5.0,433.75
SIA,BA,202503,0004251,0206010095,84.0,177006.48
SIA,BA,202503,2550032,0206010052,5.0,433.75
SIA,BA,202503,7037880,0211020036,2.0,10.3
SIA,BA,202503,7945671,0211020036,289.0,1488.35
SIA,BA,202503,2603055,0211020036,275.0,1416.25
SIA,BA,202503,2938499,0206030029,6.0,520.5
SIA,BA,202503,2802090,0211020036,212.0,1091.8
SIA,BA,202503,2603071,0211020036,53.0,272.95
SIA,BA,202503,9443665,0211020036,629.0,3239.35
SIA,BA,202503,2603012,0211020036,142.0,731.3
SIA,BA,202503,3245500,0206020031,2.0,272.82
SIA,BA,202503,2802104,0206020015,1.0,86.75
SIA,BA,202503,9142193,0211020036,311.0,1601.65
SIA,BA,202503,0004251,0206010028,1.0,101.1
SIA,BA,202503,4022750,0211020036,100.0,515.0
SIA,BA,202503,6998313,0211020036,1.0,5.15
SIA,BA,202503,2505622,0211020036,88.0,453.2
SIA,BA,202503,2802023,0206010036,2.0,173.52
SIA,BA,202503,0004251,0206010044,2.0,173.5
SIA,BA,202503,2414244,0206010036,2.0,173.52
SIA,BA,202503,2799839,0206030029,5.0,433.75
SIA,BA,202503,0004251,0211020036,42.0,216.3
SIA,BA,202503,7077149,0211020036,260.0,1339.0
SIA,BA,202503,6237509,0206010010,2.0,490.0
SIA,BA,202503,0607126,0206010028,3.0,303.3
SIA,BA,202503,2556847,0206020031,1.0,380.0
SIA,BA,202503,9837841,0206010010,3.0,260.28
SIA,BA,202503,2498456,0211020036,112.0,576.8
SIA,BA,202503,0003980,0206010036,1.0,86.76
SIA,BA,202503,2414244,0206010010,5.0,433.8
SIA,BA,202503,0004251,0206010052,2.0,173.5
SIA,BA,202503,0004278,0211020036,140.0,721.0
SIA,BA,202503,2413450,0211020036,200.0,1030.0
SIA,BA,202503,0607126,0206020031,6.0,818.46
SIA,BA,202503,2523299,0211020036,55.0,283.25
SIA,BA,202503,2487756,0206010010,1.0,86.76
SIA,BA,202503,2401789,0211020036,243.0,1251.45
SIA,BA,202503,9507930,0206010036,4.0,347.04
SIA,BA,202503,0003859,0206030029,1.0,86.75
SIA,BA,202503,0884189,0206020015,4.0,347.0
SIA,BA,202503,9388133,0211020036,144.0,741.6
SIA,BA,202503,0003875,0205010016,1.0,165.0
SIA,BA,202503,4033418,0211020036,187.0,963.05
SIA,BA,202503,6677460,0211020036,78.0,401.7
SIA,BA,202503,7193386,0211020036,35.0,180.25
SIA,BA,202503,0004251,0206010010,1.0,86.76
SIA,BA,202503,9383298,0206020023,2.0,173.5
SIA,BA,202503,2862301,0206010044,4.0,347.0
SIA,BA,202503,2498634,0211020036,128.0,659.2
SIA,BA,202503,0004251,0211020010,18.0,13140.72
SIA,BA,202503,0003859,0211020036,181.0,932.15
SIA,BA,202503,9372822,0206010036,2.0,173.52
SIA,BA,202503,3968537,0206030029,2.0,173.5
SIA,BA,202503,2413299,0211020036,68.0,350.2
SIA,BA,202503,0003859,0206010044,3.0,260.25
SIA,BA,202503,2524805,0211020036,65.0,334.75
SIA,BA,202503,2505444,0211020036,288.0,7479.36
SIA,BA,202503,2601575,0211020036,82.0,422.3
SIA,BA,202503,0059218,0206010060,1.0,97.44
SIA,BA,202503,2498790,0211020036,13.0,66.95
SIA,BA,202503,2415844,0206030029,1.0,86.75
SIA,BA,202503,2802090,0206020023,1.0,86.75
SIA,BA,202503,2414430,0211020036,101.0,520.15
SIA,BA,202503,2802104,0211020036,984.0,5067.6
SIA,BA,202503,0004065,0206020015,1.0,86.75
SIA,BA,202503,2802112,0206020015,1.0,86.75
SIA,BA,202503,0005428,0211020036,39.0,200.85
SIA,BA,202503,2802104,0206010036,1.0,86.76
SIA,BA,202503,9837841,0206010044,3.0,260.25
SIA,BA,202503,2402076,0206020023,1.0,86.75
SIA,BA,202503,2402076,0211020036,603.0,3105.45
SIA,BA,202503,0003875,0211020060,7.0,210.0
SIA,BA,202503,2508176,0211020036,42.0,216.3
SIA,BA,202503,0004820,0206010044,1.0,86.75
SIA,BA,202503,2525933,0206010036,1.0,86.76
SIA,BA,202503,2942208,0211020036,68.0,350.2
SIA,BA,202503,3968537,0206010036,1.0,86.76
SIA,BA,202503,0003875,0206010010,2.0,173.52
SIA,BA,202503,0003875,0206010036,2.0,173.52
SIA,BA,202503,4026896,0206010060,1.0,97.44
SIA,BA,202503,2387727,0211020036,275.0,1416.25
SIA,BA,202503,2487438,0211020036,457.0,2353.55
SIA,BA,202503,0003875,0211020036,923.0,4753.45
SIA,BA,202503,3948684,0211020036,20.0,103.0
SIA,BA,202503,2415844,0206010044,1.0,86.75
SIA,BA,202503,2301385,0211020036,31.0,159.65
SIA,BA,202503,0003875,0211020010,313.0,228502.52
SIA,BA,202503,2601680,0211020010,51.0,37232.04
SIA,BA,202503,2601729,0211020036,120.0,618.0
SIA,BA,202503,2802104,0206030029,1.0,86.75
SIA,BA,202503,2549905,0206020015,3.0,260.25
SIA,BA,202503,9372822,0206020023,1.0,86.75
SIA,BA,202503,2620464,0211020036,125.0,643.75
SIA,BA,202503,2525062,0211020036,160.0,824.0
SIA,BA,202503,2601680,0206020023,1.0,86.75
SIA,BA,202503,2487438,0206020023,3.0,260.25
SIA,BA,202503,2802104,0206010010,1.0,86.76
SIA,BA,202503,2660024,0211020036,178.0,916.7
SIA,BA,202503,2401509,0211020036,81.0,417.15
SIA,BA,202503,2985470,0206020031,2.0,493.32
SIA,BA,202503,7117507,0211020036,16.0,82.4
SIA,BA,202503,7675135,0206010079,1.0,97.44
SIA,BA,202503,3271110,0206010010,1.0,86.76
SIA,BA,202503,2799855,0211020036,10.0,51.5
SIA,BA,202503,2549905,0206030037,12.0,1663.56
SIA,BA,202503,9561056,0211020036,65.0,334.75
SIA,BA,202503,9052844,0206010028,1.0,220.0
SIA,BA,202503,2414244,0206020015,2.0,173.5
SIA,BA,202503,2414465,0211020036,25.0,128.75
SIA,BA,202503,2525933,0206010010,2.0,173.52
SIA,BA,202503,2525933,0206030029,2.0,173.5
SIA,BA,202503,9091157,0211020036,418.0,2152.7
SIA,BA,202503,0003832,0206010010,1.0,86.76
SIA,BA,202503,0004820,0206010028,1.0,101.1
SIA,BA,202503,2414244,0211020036,400.0,2060.0
SIA,BA,202503,2816830,0211020036,239.0,1230.85
SIA,BA,202503,3531481,0211020036,74.0,381.1
SIA,BA,202503,2492881,0211020036,84.0,1428.0
SIA,BA,202503,0003816,0211020010,27.0,19711.08
SIA,BA,202503,0003859,0211020010,12.0,8760.48
SIA,BA,202503,0003832,0206020015,1.0,86.75
SIA,BA,202503,0003859,0206010036,1.0,86.76
SIA,BA,202503,0004073,0206020015,1.0,86.75
SIA,BA,202503,2388057,0206010052,26.0,2255.5
SIA,BA,202503,2799790,0206010044,16.0,1388.0
SIA,BA,202503,2799790,0206010010,16.0,1388.16
SIA,BA,202503,2942585,0211020036,262.0,1349.3
SIA,BA,202503,2942585,0211020060,41.0,1230.0
SIA,BA,202503,2388057,0206010060,4.0,389.76
SIA,BA,202503,6595197,0206010028,19.0,1920.9
SIA,BA,202503,2525933,0206010044,1.0,86.75
SIA,BA,202503,2488892,0211020010,36.0,26281.44
SIA,BA,202503,2913348,0206010036,3.0,260.28
SIA,BA,202503,0004073,0206010028,8.0,808.8
SIA,BA,202503,2388057,0206030029,31.0,2689.25
SIA,BA,202503,6595197,0211020036,17.0,87.55
SIA,BA,202503,2913348,0206020015,5.0,433.75
SIA,BA,202503,0004073,0206010010,2.0,173.52
SIA,BA,202503,2483629,0211020036,14.0,72.1
SIA,BA,202503,2799790,0206010052,1.0,86.75
SIA,BA,202503,2498049,0211020036,74.0,381.1
SIA,BA,202503,4028155,0206030029,2.0,173.5
SIA,BA,202503,7587651,0211020036,14.0,72.1
SIA,BA,202503,2799790,0211020036,335.0,1725.25
SIA,BA,202503,2772280,0211020010,45.0,32851.8
SIA,BA,202503,2301318,0211020036,14.0,72.1
SIA,BA,202503,0004294,0211020036,678.0,3491.7
SIA,BA,202503,2601710,0211020036,106.0,545.9
SIA,BA,202503,0004073,0206010036,2.0,173.52
SIA,BA,202503,2387581,0211020036,170.0,875.5
SIA,BA,202503,9145168,0211020060,19.0,570.0
SIA,BA,202503,2799790,0206030029,6.0,520.5
SIA,BA,202503,9866035,0206030029,3.0,260.25
SIA,BA,202503,6905617,0211020060,3.0,181.8
SIA,BA,202503,2488892,0208010025,2.0,817.04
SIA,BA,202503,7596871,0211020036,366.0,1884.9
SIA,BA,202503,9141820,0211020036,10.0,51.5
SIA,BA,202503,2550032,0206010044,1.0,86.75
SIA,BA,202503,2525569,0206010010,3.0,260.28
SIA,BA,202503,2520613,0206010010,1.0,86.76
SIA,BA,202503,2487756,0211020010,35.0,25551.4
SIA,BA,202503,0004073,0206030029,9.0,780.75
SIA,BA,202503,0004820,0206010095,22.0,46358.84
SIA,BA,202503,2799790,0206010028,5.0,505.5
SIA,BA,202503,2799847,0211020036,63.0,324.45
SIA,BA,202503,9507930,0206010060,1.0,97.44
SIA,BA,202503,2600714,0211020036,122.0,628.3
SIA,BA,202503,0003816,0206020023,1.0,86.75
SIA,BA,202503,2523515,0211020036,12.0,61.8
SIA,BA,202503,2388057,0211020036,458.0,2358.7
SIA,BA,202503,6855180,0211020036,700.0,3605.0
SIA,BA,202503,6025692,0211020036,87.0,448.05
SIA,BA,202503,4022262,0211020036,81.0,417.15
SIA,BA,202503,2505843,0211020036,44.0,1100.0
SIA,BA,202503,2414244,0206030029,1.0,86.75
SIA,BA,202503,4028155,0206020023,1.0,86.75
SIA,BA,202503,2506211,0211020036,100.0,2500.0
SIA,BA,202503,2602652,0211020036,200.0,1030.0
SIA,BA,202503,2602083,0211020036,268.0,1380.2
SIA,BA,202503,6414702,0211020036,452.0,2327.8
SIA,BA,202503,6602533,0206030029,1.0,86.75
SIA,BA,202503,6298354,0211020036,264.0,1359.6
SIA,BA,202503,9453474,0211020036,30.0,154.5
SIA,BA,202503,2532522,0211020036,301.0,1550.15
SIA,BA,202503,2771365,0211020036,4.0,20.6
SIA,BA,202503,2494973,0206020015,1.0,86.75
SIA,BA,202503,2488892,0208010033,2.0,766.14
SIA,BA,202503,0004294,0206020023,1.0,86.75
SIA,BA,202503,4032829,0211020036,125.0,643.75
SIA,BA,202503,0003913,0211020036,405.0,2085.75
SIA,BA,202503,2304961,0211020036,108.0,556.2
SIA,BA,202503,0004235,0211020060,401.0,12030.0
SIA,BA,202503,0003956,0211020060,78.0,2340.0
SIA,BA,202503,2926970,0206010052,2.0,173.5
SIA,BA,202503,7476523,0211020036,200.0,1030.0
SIA,BA,202503,2601079,0211020036,25.0,128.75
SIA,BA,202503,3124940,0211020036,294.0,1514.1
SIA,BA,202503,2549905,0206010052,1.0,86.75
SIA,BA,202503,2498421,0211020036,206.0,1060.9
SIA,BA,202503,2525259,0211020036,184.0,947.6
SIA,BA,202503,2386674,0211020036,121.0,623.15
SIA,BA,202503,2770512,0206010044,4.0,347.0
SIA,BA,202503,0028568,0211020036,331.0,1704.65
SIA,BA,202503,4022718,0206010028,1.0,101.1
SIA,BA,202503,7228724,0211020036,28.0,144.2
SIA,BA,202503,2487756,0211020036,85.0,437.75
SIA,BA,202503,2602032,0211020036,37.0,190.55
SIA,BA,202503,2402556,0211020036,102.0,525.3
SIA,BA,202503,2385171,0206010060,1.0,97.44
SIA,BA,202503,2602121,0211020036,260.0,1339.0
SIA,BA,202503,2653494,0211020036,41.0,211.15
SIA,BA,202503,3373223,0211020036,160.0,824.0
SIA,BA,202503,2495090,0211020036,419.0,2157.85
SIA,BA,202503,2388928,0211020036,81.0,417.15
SIA,BA,202503,7175973,0211020036,106.0,545.9
SIA,BA,202503,0004456,0211020036,156.0,803.4
SIA,BA,202503,2388626,0211020036,240.0,1236.0
SIA,BA,202503,2799456,0211020036,326.0,1678.9
SIA,BA,202503,2466694,0211020036,95.0,489.25
SIA,BA,202503,2601400,0211020036,175.0,901.25
SIA,BA,202503,2412381,0211020036,53.0,272.95
SIA,BA,202503,7449151,0211020036,200.0,1030.0
SIA,BA,202503,4023463,0211020036,30.0,154.5
SIA,BA,202503,9030158,0211020036,522.0,2688.3
SIA,BA,202503,2598213,0211020036,88.0,453.2
SIA,BA,202503,2514648,0211020036,233.0,1199.95
SIA,BA,202503,7167156,0206010028,1.0,101.1
SIA,BA,202503,0004278,0206010028,1.0,101.1
SIA,BA,202503,2801507,0206010044,6.0,520.5
SIA,BA,202503,2770512,0206030029,2.0,173.5
SIA,BA,202503,4029607,0211020036,1.0,5.15
SIA,BA,202503,2445247,0211020036,66.0,339.9
SIA,BA,202503,2597594,0211020036,185.0,952.75
SIA,BA,202503,4022807,0211020036,100.0,515.0
SIA,BA,202503,2510936,0211020036,75.0,386.25
SIA,BA,202503,4022718,0206010044,2.0,173.5
SIA,BA,202503,7103840,0211020036,230.0,1184.5
SIA,BA,202503,2653125,0211020036,140.0,721.0
SIA,BA,202503,2402076,0206010044,2.0,173.5
SIA,BA,202503,2487616,0211020036,86.0,442.9
SIA,BA,202503,0005428,0206010010,3.0,260.28
SIA,BA,202503,7586361,0211020036,235.0,1210.25
SIA,BA,202503,2520613,0206020015,1.0,86.75
SIA,BA,202503,2493195,0211020036,81.0,417.15
SIA,BA,202503,2304848,0211020036,55.0,283.25
SIA,BA,202503,2483408,0211020036,100.0,515.0
SIA,BA,202503,3208508,0211020036,12.0,61.8
SIA,BA,202503,0005428,0206010052,1.0,86.75
SIA,BA,202503,9442693,0211020036,250.0,1287.5
SIA,BA,202503,2771276,0211020036,52.0,267.8
SIA,BA,202503,9837841,0206010036,1.0,86.76
SIA,BA,202503,4022718,0206020023,1.0,86.75
SIA,BA,202503,2402076,0206010010,2.0,173.52
SIA,BA,202503,2659069,0211020036,51.0,1324.47
SIA,BA,202503,2526565,0211020036,80.0,412.0
SIA,BA,202503,3240622,0206010052,2.0,173.5
SIA,BA,202503,2525569,0206010028,1.0,101.1
SIA,BA,202503,2487756,0206010079,1.0,97.44
SIA,BA,202503,4028155,0206010010,1.0,86.76
SIA,BA,202503,2523779,0211020036,50.0,257.5
SIA,BA,202503,2520613,0206030029,1.0,86.75
SIA,BA,202503,2487756,0206010036,1.0,86.76
SIA,BA,202503,7907222,0211020036,276.0,1421.4
SIA,BA,202503,2926970,0206010079,2.0,194.88
SIA,BA,202503,4578732,0206010060,1.0,97.44
SIA,BA,202503,2520613,0206010028,1.0,101.1
SIA,BA,202503,0004278,0206010060,1.0,97.44
SIA,BA,202503,4785614,0211020036,722.0,3718.3
SIA,BA,202503,4262867,0211020036,11.0,56.65
SIA,BA,202503,2505711,0211020036,248.0,1277.2
SIA,BA,202503,9347135,0211020060,1.0,30.0
SIA,BA,202503,4578732,0211020036,42.0,216.3
SIA,BA,202503,2506254,0211020036,22.0,113.3
SIA,BA,202503,6737633,0211020036,134.0,690.1
SIA,BA,202504,2388057,0206010044,31.0,2689.25
SIA,BA,202504,2799758,0206010079,549.0,53494.56
SIA,BA,202504,0003786,0206030010,460.0,63769.8
SIA,BA,202504,9443665,0206030010,235.0,32578.05
SIA,BA,202504,0004820,0206010052,2.0,173.5
SIA,BA,202504,2494973,0206010079,86.0,8379.84
SIA,BA,202504,2804034,0206010044,35.0,3036.25
SIA,BA,202504,2942585,0206010044,37.0,3209.75
SIA,BA,202504,3295451,0208010025,42.0,17157.84
SIA,BA,202504,0004235,0211020060,385.0,11550.0
SIA,BA,202504,2799251,0211020036,806.0,4150.9
SIA,BA,202504,0003875,0208010025,261.0,106623.72
SIA,BA,202504,0003875,0208010033,261.0,99981.27
SIA,BA,202504,9966366,0206020031,124.0,16914.84
SIA,BA,202504,0004073,0206010052,8.0,694.0
SIA,BA,202504,0004294,0206020031,315.0,42969.15
SIA,BA,202504,9966366,0206010052,9.0,780.75
SIA,BA,202504,0003778,0206020031,168.0,22916.88
SIA,BA,202504,9915583,0206020031,97.0,13231.77
SIA,BA,202504,9866035,0206020031,98.0,13368.18
SIA,BA,202504,2385171,0206030010,300.0,41589.0
SIA,BA,202504,2601680,0206030010,60.0,8317.8
SIA,BA,202504,2772280,0206010079,27.0,2630.88
SIA,BA,202504,0003980,0206010044,37.0,3209.75
SIA,BA,202504,0004294,0206010044,376.0,32618.0
SIA,BA,202504,0003786,0206020023,13.0,1127.75
SIA,BA,202504,6595197,0206010044,37.0,3209.75
SIA,BA,202504,4026896,0206010044,38.0,3296.5
SIA,BA,202504,2385171,0206010079,281.0,27380.64
SIA,BA,202504,9052844,0206030010,11.0,4070.0
SIA,BA,202504,6843271,0211020036,53.0,272.95
SIA,BA,202504,9922962,0206010044,29.0,2515.75
SIA,BA,202504,2770512,0206010079,86.0,8379.84
SIA,BA,202504,9949763,0206030037,64.0,8872.32
SIA,BA,202504,9507949,0206010044,12.0,1041.0
SIA,BA,202504,0004294,0206010036,117.0,10150.92
SIA,BA,202504,0005428,0206020031,47.0,6411.27
SIA,BA,202504,0003778,0206010036,11.0,954.36
SIA,BA,202504,6414702,0206020023,48.0,4164.0
SIA,BA,202504,2799839,0206010044,57.0,4944.75
SIA,BA,202504,2802023,0206020023,28.0,2429.0
SIA,BA,202504,0003859,0206020031,56.0,7638.96
SIA,BA,202504,0003786,0206020031,595.0,81163.95
SIA,BA,202504,0867551,0211020036,241.0,1241.15
SIA,BA,202504,0003786,0208010025,107.0,43711.64
SIA,BA,202504,4671244,0211020060,180.0,5400.0
SIA,BA,202504,2489511,0208010025,11.0,4493.72
SIA,BA,202504,3271110,0206010079,18.0,1753.92
SIA,BA,202504,2494973,0206010044,21.0,1821.75
SIA,BA,202504,9866035,0206010044,39.0,3383.25
SIA,BA,202504,2601680,0206010028,3.0,303.3
SIA,BA,202504,0297542,0211020036,80.0,412.0
SIA,BA,202504,9373853,0206010044,51.0,4424.25
SIA,BA,202504,0003956,0211020060,55.0,1650.0
SIA,BA,202504,2770512,0206030037,19.0,2633.97
SIA,BA,202504,0003875,0206020031,235.0,32056.35
SIA,BA,202504,0003875,0206010052,32.0,2776.0
SIA,BA,202504,0003921,0206010036,8.0,694.08
SIA,BA,202504,0004073,0206020031,55.0,7502.55
SIA,BA,202504,0004251,0206020031,37.0,5047.17
SIA,BA,202504,0003980,0206020031,54.0,7366.14
SIA,BA,202504,0004251,0208010025,34.0,13889.68
SIA,BA,202504,0003786,0206010052,189.0,16395.75
SIA,BA,202504,0003980,0206010052,6.0,520.5
SIA,BA,202504,0003778,0206010052,8.0,694.0
SIA,BA,202504,0004294,0206010052,49.0,4250.75
SIA,BA,202504,0003921,0206020031,94.0,12822.54
SIA,BA,202504,9516182,0206020031,85.0,11594.85
SIA,BA,202504,4446321,0206010044,12.0,1041.0
SIA,BA,202504,9837841,0206020031,34.0,4637.94
SIA,BA,202504,9866035,0206010036,8.0,694.08
SIA,BA,202504,9507930,0206010044,45.0,3903.75
SIA,BA,202504,9507930,0206020031,167.0,22780.47
SIA,BA,202504,9372822,0206010052,10.0,867.5
SIA,BA,202504,9373845,0206020031,62.0,8457.42
SIA,BA,202504,9373853,0206020031,187.0,25508.67
SIA,BA,202504,9966366,0206010036,21.0,1821.96
SIA,BA,202504,2799758,0206030010,180.0,24953.4
SIA,BA,202504,2402076,0206020031,202.0,27554.82
SIA,BA,202504,0884189,0206020031,101.0,13777.41
SIA,BA,202504,0832014,0206010036,7.0,607.32
SIA,BA,202504,0786608,0206020031,126.0,17187.66
SIA,BA,202504,2388057,0206020031,160.0,21825.6
SIA,BA,202504,2414244,0206020031,32.0,4365.12
SIA,BA,202504,4446321,0206020023,30.0,2602.5
SIA,BA,202504,2402076,0206010052,16.0,1388.0
SIA,BA,202504,9443665,0211020060,310.0,9300.0
SIA,BA,202504,7092776,0211020060,17.0,510.0
SIA,BA,202504,2802023,0206020031,171.0,23326.11
SIA,BA,202504,2799790,0206020031,97.0,13231.77
SIA,BA,202504,2517744,0206020031,48.0,17547.36
SIA,BA,202504,2802112,0206010079,69.0,6723.36
SIA,BA,202504,2985470,0206030037,4.0,906.64
SIA,BA,202504,4026896,0206010052,15.0,1301.25
SIA,BA,202504,4578732,0206020031,44.0,6002.04
SIA,BA,202504,4578732,0206010036,5.0,433.8
SIA,BA,202504,2772280,0206030010,47.0,6515.61
SIA,BA,202504,0004251,0206030010,12.0,1663.56
SIA,BA,202504,2644827,0211020036,15.0,77.25
SIA,BA,202504,9966366,0206010044,26.0,2255.5
SIA,BA,202504,2802104,0206010052,38.0,3296.5
SIA,BA,202504,2385015,0208010033,107.0,40988.49
SIA,BA,202504,2385171,0206010044,36.0,3123.0
SIA,BA,202504,4578732,0206010044,13.0,1127.75
SIA,BA,202504,4028155,0206010052,15.0,1301.25
SIA,BA,202504,2802104,0206020031,272.0,37103.52
SIA,BA,202504,2799839,0206010052,55.0,4771.25
SIA,BA,202504,9372822,0206020031,56.0,7638.96
SIA,BA,202504,0829781,0206020031,132.0,18006.12
SIA,BA,202504,7167156,0206020031,48.0,6547.68
SIA,BA,202504,4028155,0206020031,109.0,14868.69
SIA,BA,202504,3972925,0206020031,129.0,17596.89
SIA,BA,202504,2804034,0206010036,14.0,1214.64
SIA,BA,202504,0785245,0206020031,69.0,9412.29
SIA,BA,202504,4578732,0206010052,5.0,433.75
SIA,BA,202504,6414702,0206020031,147.0,20052.27
SIA,BA,202504,6595197,0206010052,4.0,347.0
SIA,BA,202504,2804034,0206010052,19.0,1648.25
SIA,BA,202504,2804034,0206020031,199.0,27145.59
SIA,BA,202504,9922962,0206010036,5.0,433.8
SIA,BA,202504,9507949,0206020031,52.0,7093.32
SIA,BA,202504,2938499,0206020031,25.0,3410.25
SIA,BA,202504,9130411,0211020036,315.0,1622.25
SIA,BA,202504,2799758,0206020023,21.0,1821.75
SIA,BA,202504,2402076,0206010036,5.0,433.8
SIA,BA,202504,9949763,0206030029,10.0,867.5
SIA,BA,202504,0785245,0206010044,36.0,3123.0
SIA,BA,202504,3972925,0206020023,1.0,86.75
SIA,BA,202504,0004294,0206020023,9.0,780.75
SIA,BA,202504,3054799,0211020036,200.0,1030.0
SIA,BA,202504,2400693,0206010052,3.0,260.25
SIA,BA,202504,2400693,0206020031,53.0,7229.73
SIA,BA,202504,2799790,0206010036,1.0,86.76
SIA,BA,202504,2802090,0206020031,65.0,8866.65
SIA,BA,202504,2799839,0206020031,15.0,2046.15
SIA,BA,202504,0004278,0206010052,11.0,954.25
SIA,BA,202504,9866035,0206010079,194.0,18903.36
SIA,BA,202504,9373853,0206010079,321.0,31278.24
SIA,BA,202504,9922962,0206010028,46.0,4650.6
SIA,BA,202504,0829781,0206010044,30.0,2602.5
SIA,BA,202504,9507949,0206010079,83.0,8087.52
SIA,BA,202504,9949763,0206010079,71.0,6918.24
SIA,BA,202504,9922962,0206010079,190.0,18513.6
SIA,BA,202504,2601680,0206030037,74.0,10258.62
SIA,BA,202504,0786608,0206010028,90.0,9099.0
SIA,BA,202504,0786608,0206030029,61.0,5291.75
SIA,BA,202504,9507930,0206010079,321.0,31278.24
SIA,BA,202504,0004294,0206010028,137.0,13850.7
SIA,BA,202504,0003980,0206010079,249.0,24262.56
SIA,BA,202504,0004294,0206010079,1017.0,99096.48
SIA,BA,202504,9373845,0206010079,147.0,14323.68
SIA,BA,202504,0003921,0206010028,8.0,808.8
SIA,BA,202504,0003786,0208010033,106.0,40605.42
SIA,BA,202504,4578732,0206010079,60.0,5846.4
SIA,BA,202504,0003832,0208010025,24.0,9804.48
SIA,BA,202504,6595197,0206010079,247.0,24067.68
SIA,BA,202504,6602533,0206010079,128.0,12472.32
SIA,BA,202504,6414702,0206010079,520.0,50668.8
SIA,BA,202504,4389034,0206010079,179.0,17441.76
SIA,BA,202504,2804034,0206010079,323.0,31473.12
SIA,BA,202504,0004251,0206030037,12.0,1663.56
SIA,BA,202504,9372822,0206010079,121.0,11790.24
SIA,BA,202504,9837841,0206010079,110.0,10718.4
SIA,BA,202504,9383298,0206010079,86.0,8379.84
SIA,BA,202504,9966366,0206010079,248.0,24165.12
SIA,BA,202504,2525933,0206020031,10.0,1364.1
SIA,BA,202504,2517744,0206010052,4.0,929.96
SIA,BA,202504,0003832,0211020036,787.0,4053.05
SIA,BA,202504,2627418,0206020031,74.0,10094.34
SIA,BA,202504,0884189,0206010079,193.0,18805.92
SIA,BA,202504,2388057,0206010028,22.0,2224.2
SIA,BA,202504,2388057,0206010079,288.0,28062.72
SIA,BA,202504,2386569,0206030037,135.0,18715.05
SIA,BA,202504,2799286,0206020031,15.0,2046.15
SIA,BA,202504,4026896,0206010079,50.0,4872.0
SIA,BA,202504,4389034,0206010028,73.0,7380.3
SIA,BA,202504,2913348,0206010079,155.0,15103.2
SIA,BA,202504,2942585,0206010079,114.0,11108.16
SIA,BA,202504,0003778,0206030037,135.0,18715.05
SIA,BA,202504,3972925,0206020015,16.0,1388.0
SIA,BA,202504,2799839,0206010079,55.0,5359.2
SIA,BA,202504,0829781,0206010036,13.0,1127.88
SIA,BA,202504,2497751,0206030029,40.0,3470.0
SIA,BA,202504,0829781,0206010079,205.0,19975.2
SIA,BA,202504,2802090,0206010079,161.0,15687.84
SIA,BA,202504,0786608,0206010079,394.0,38391.36
SIA,BA,202504,9516182,0206010079,163.0,15882.72
SIA,BA,202504,9837841,0206020015,5.0,433.75
SIA,BA,202504,9915583,0206010079,117.0,11400.48
SIA,BA,202504,0832014,0206010079,210.0,20462.4
SIA,BA,202504,2385015,0208010025,108.0,44120.16
SIA,BA,202504,2802023,0206010079,200.0,19488.0
SIA,BA,202504,2385171,0206020031,100.0,13641.0
SIA,BA,202504,4028155,0206010079,86.0,8379.84
SIA,BA,202504,2487438,0206010079,122.0,11887.68
SIA,BA,202504,9516182,0206010036,9.0,780.84
SIA,BA,202504,9373845,0206010036,5.0,433.8
SIA,BA,202504,0832014,0206010044,27.0,2342.25
SIA,BA,202504,9507949,0206010028,13.0,1314.3
SIA,BA,202504,2388057,0206020015,12.0,1041.0
SIA,BA,202504,2799790,0206010079,188.0,18318.72
SIA,BA,202504,9373853,0206010028,128.0,12940.8
SIA,BA,202504,0004294,0206020015,75.0,6506.25
SIA,BA,202504,2802023,0206010044,43.0,3730.25
SIA,BA,202504,2802090,0206010044,15.0,1301.25
SIA,BA,202504,2862301,0206010044,10.0,867.5
SIA,BA,202504,0003786,0206010044,41.0,3556.75
SIA,BA,202504,9507930,0206010028,39.0,3942.9
SIA,BA,202504,0786608,0206020015,13.0,1127.75
SIA,BA,202504,0003786,0206030037,494.0,68483.22
SIA,BA,202504,3464156,0206030010,17.0,2356.71
SIA,BA,202504,0786608,0206030037,167.0,23151.21
SIA,BA,202504,9507949,0206030037,56.0,7763.28
SIA,BA,202504,9516182,0206030037,83.0,11506.29
SIA,BA,202504,3968537,0206010079,40.0,3897.6
SIA,BA,202504,9507949,0211020060,40.0,1200.0
SIA,BA,202504,9516182,0206010028,70.0,7077.0
SIA,BA,202504,4145542,0206010079,97.0,9451.68
SIA,BA,202504,2804034,0206010028,53.0,5358.3
SIA,BA,202504,2799758,0206010028,56.0,5661.6
SIA,BA,202504,0832014,0206020031,51.0,6956.91
SIA,BA,202504,0884189,0206010052,6.0,520.5
SIA,BA,202504,4024222,0211020036,98.0,504.7
SIA,BA,202504,4145542,0206010052,6.0,520.5
SIA,BA,202504,0004073,0206030037,64.0,8872.32
SIA,BA,202504,0003980,0206030037,199.0,27587.37
SIA,BA,202504,2497751,0206020023,49.0,4250.75
SIA,BA,202504,6476120,0206030029,4.0,929.96
SIA,BA,202504,2514311,0211020036,37.0,190.55
SIA,BA,202504,0785245,0206010079,89.0,8672.16
SIA,BA,202504,6251803,0206020031,1.0,136.41
SIA,BA,202504,2799758,0206010036,30.0,2602.8
SIA,BA,202504,9372822,0206010028,51.0,5156.1
SIA,BA,202504,4389034,0206020031,96.0,13095.36
SIA,BA,202504,9922962,0206020031,90.0,12276.9
SIA,BA,202504,2862301,0206020031,13.0,1773.33
SIA,BA,202504,2402076,0206010079,26.0,2533.44
SIA,BA,202504,0832014,0206010028,45.0,4549.5
SIA,BA,202504,4026896,0206020015,5.0,433.75
SIA,BA,202504,2407205,0206020031,100.0,13641.0
SIA,BA,202504,7945671,0211020036,289.0,1488.35
SIA,BA,202504,2627418,0206030037,3.0,415.89
SIA,BA,202504,4578732,0206030037,79.0,10951.77
SIA,BA,202504,2802090,0206010052,2.0,173.5
SIA,BA,202504,2400693,0206030037,60.0,8317.8
SIA,BA,202504,2388057,0206030037,240.0,33271.2
SIA,BA,202504,0004294,0206030037,260.0,36043.8
SIA,BA,202504,2385171,0206020015,9.0,780.75
SIA,BA,202504,5889448,0206010079,6.0,584.64
SIA,BA,202504,2414244,0206020015,3.0,260.25
SIA,BA,202504,0607126,0206010079,8.0,779.52
SIA,BA,202504,6595197,0206020015,12.0,1041.0
SIA,BA,202504,2802104,0206010079,58.0,5651.52
SIA,BA,202504,9866035,0206010028,35.0,3538.5
SIA,BA,202504,9373845,0206010044,41.0,3556.75
SIA,BA,202504,4616685,0211020036,1099.0,5659.85
SIA,BA,202504,2520613,0206020031,57.0,7775.37
SIA,BA,202504,0004073,0206010044,12.0,1041.0
SIA,BA,202504,9516182,0206020015,30.0,2602.5
SIA,BA,202504,0003786,0206010028,28.0,2830.8
SIA,BA,202504,0003778,0206010079,15.0,1461.6
SIA,BA,202504,9949763,0211020060,39.0,1170.0
SIA,BA,202504,9837841,0206010028,35.0,3538.5
SIA,BA,202504,9837841,0206030037,30.0,4158.9
SIA,BA,202504,2550032,0206030010,31.0,4297.53
SIA,BA,202504,4031709,0211020036,50.0,257.5
SIA,BA,202504,2494973,0206030029,6.0,520.5
SIA,BA,202504,9373845,0206030037,87.0,12060.81
SIA,BA,202504,9373853,0206030037,85.0,11783.55
SIA,BA,202504,0884189,0206010036,5.0,433.8
SIA,BA,202504,9915583,0206010028,27.0,2729.7
SIA,BA,202504,9949763,0211020036,228.0,1174.2
SIA,BA,202504,0829781,0206010028,72.0,7279.2
SIA,BA,202504,2525933,0206010079,44.0,4287.36
SIA,BA,202504,9966366,0206010028,61.0,6167.1
SIA,BA,202504,0003786,0206010079,122.0,11887.68
SIA,BA,202504,0786608,0206010044,78.0,6766.5
SIA,BA,202504,2487438,0206010044,12.0,1041.0
SIA,BA,202504,0003921,0206030037,93.0,12892.59
SIA,BA,202504,0003875,0206030037,74.0,10258.62
SIA,BA,202504,2386569,0206010010,20.0,1735.2
SIA,BA,202504,2938499,0206010079,100.0,9744.0
SIA,BA,202504,2913348,0206010036,14.0,1214.64
SIA,BA,202504,2913348,0206020031,47.0,6411.27
SIA,BA,202504,2401231,0211020036,100.0,515.0
SIA,BA,202504,9949763,0206010028,10.0,1011.0
SIA,BA,202504,2517744,0206010079,31.0,8095.34
SIA,BA,202504,2414244,0206010079,59.0,5748.96
SIA,BA,202504,2862301,0206010079,54.0,5261.76
SIA,BA,202504,3531481,0211020036,79.0,406.85
SIA,BA,202504,2913348,0206010028,63.0,6369.3
SIA,BA,202504,9383298,0206010052,2.0,173.5
SIA,BA,202504,2942585,0206030037,77.0,10674.51
SIA,BA,202504,2802112,0206020015,2.0,173.5
SIA,BA,202504,5894603,0206020031,8.0,3552.0
SIA,BA,202504,2862301,0206010028,14.0,1415.4
SIA,BA,202504,9560785,0211020036,298.0,1534.7
SIA,BA,202504,9373845,0206010028,36.0,3639.6
SIA,BA,202504,0003921,0206010079,25.0,2436.0
SIA,BA,202504,0829781,0206030037,121.0,16774.23
SIA,BA,202504,4028155,0206030037,208.0,28835.04
SIA,BA,202504,0884189,0206010028,14.0,1415.4
SIA,BA,202504,2400693,0206010079,23.0,2241.12
SIA,BA,202504,4026896,0206030037,80.0,11090.4
SIA,BA,202504,0003832,0206030010,23.0,3188.49
SIA,BA,202504,0005428,0206010079,55.0,5359.2
SIA,BA,202504,7167156,0206010079,1.0,97.44
SIA,BA,202504,4389034,0211020060,98.0,2940.0
SIA,BA,202504,6595197,0206020031,33.0,4501.53
SIA,BA,202504,2799790,0206030037,183.0,25369.29
SIA,BA,202504,0829781,0206010052,7.0,607.25
SIA,BA,202504,2802023,0206030037,147.0,20378.61
SIA,BA,202504,2802090,0206030037,104.0,14417.52
SIA,BA,202504,4028155,0206010028,9.0,909.9
SIA,BA,202504,6476120,0206020031,17.0,6214.69
SIA,BA,202504,2802104,0206010044,49.0,4250.75
SIA,BA,202504,2550032,0206010010,3.0,260.28
SIA,BA,202504,2487438,0206030010,70.0,9704.1
SIA,BA,202504,9922962,0206010052,15.0,1301.25
SIA,BA,202504,2913348,0206010052,7.0,607.25
SIA,BA,202504,6485235,0211020036,127.0,654.05
SIA,BA,202504,9966366,0206030037,98.0,13585.74
SIA,BA,202504,9511377,0211020060,43.0,1290.0
SIA,BA,202504,2913348,0206030037,89.0,12338.07
SIA,BA,202504,2402076,0206030037,184.0,25507.92
SIA,BA,202504,0004278,0206030010,18.0,2495.34
SIA,BA,202504,0004073,0206010079,35.0,3410.4
SIA,BA,202504,9007148,0211020036,1221.0,6288.15
SIA,BA,202504,9372822,0206010044,19.0,1648.25
SIA,BA,202504,6414702,0206030037,379.0,52540.77
SIA,BA,202504,2913348,0206020015,4.0,347.0
SIA,BA,202504,2802023,0206010028,20.0,2022.0
SIA,BA,202504,6595197,0206030037,143.0,19824.09
SIA,BA,202504,4446321,0206010028,33.0,3336.3
SIA,BA,202504,2802090,0206020015,10.0,867.5
SIA,BA,202504,2497751,0206010036,15.0,1301.4
SIA,BA,202504,6345891,0206030037,9.0,1247.67
SIA,BA,202504,2601680,0206010079,23.0,2241.12
SIA,BA,202504,2520613,0206010079,214.0,20852.16
SIA,BA,202504,2601680,0211020036,5.0,25.75
SIA,BA,202504,0003786,0206010036,24.0,2082.24
SIA,BA,202504,2487438,0206030037,73.0,10119.99
SIA,BA,202504,2799790,0206010044,14.0,1214.5
SIA,BA,202504,3972925,0206010044,51.0,4424.25
SIA,BA,202504,2402076,0206020023,4.0,347.0
SIA,BA,202504,2414244,0206010044,10.0,867.5
SIA,BA,202504,2414244,0206020023,4.0,347.0
SIA,BA,202504,9372822,0206010036,7.0,607.32
SIA,BA,202504,4026896,0206010036,8.0,694.08
SIA,BA,202504,2415844,0206010079,14.0,1364.16
SIA,BA,202504,6602533,0206020031,6.0,818.46
SIA,BA,202504,0003786,0206020015,10.0,867.5
SIA,BA,202504,2942585,0206010028,32.0,3235.2
SIA,BA,202504,2799790,0206010028,9.0,909.9
SIA,BA,202504,9922962,0211020060,89.0,2670.0
SIA,BA,202504,0003859,0206010079,51.0,4969.44
SIA,BA,202504,0607126,0206030037,12.0,1663.56
SIA,BA,202504,4026896,0206020031,70.0,9548.7
SIA,BA,202504,2487438,0206020031,25.0,3410.25
SIA,BA,202504,2802104,0206030037,243.0,33687.09
SIA,BA,202504,2385171,0211020036,138.0,710.7
SIA,BA,202504,2942585,0206020031,39.0,5319.99
SIA,BA,202504,4145542,0206010044,21.0,1821.75
SIA,BA,202504,6414702,0206010044,48.0,4164.0
SIA,BA,202504,2913348,0206010044,17.0,1474.75
SIA,BA,202504,2926970,0206020031,5.0,682.05
SIA,BA,202504,6414702,0206010028,21.0,2123.1
SIA,BA,202504,3948684,0206020031,23.0,3137.43
SIA,BA,202504,9507930,0206030037,135.0,18715.05
SIA,BA,202504,9373845,0211020060,72.0,2160.0
SIA,BA,202504,9373853,0211020060,34.0,1020.0
SIA,BA,202504,0003859,0206030037,66.0,9149.58
SIA,BA,202504,7761112,0211020036,394.0,2029.1
SIA,BA,202504,2400693,0206010028,5.0,505.5
SIA,BA,202504,2799758,0206020031,213.0,29055.33
SIA,BA,202504,9866035,0206010052,11.0,954.25
SIA,BA,202504,9915583,0206010052,2.0,173.5
SIA,BA,202504,3972925,0206010079,156.0,15200.64
SIA,BA,202504,9915583,0206010036,6.0,520.56
SIA,BA,202504,2520613,0211020036,165.0,849.75
SIA,BA,202504,9443665,0206010028,29.0,2931.9
SIA,BA,202504,4145542,0206020031,67.0,9139.47
SIA,BA,202504,3972925,0206010036,3.0,260.28
SIA,BA,202504,0884189,0211020060,67.0,2010.0
SIA,BA,202504,0832014,0211020060,51.0,1530.0
SIA,BA,202504,4446321,0206010036,8.0,694.08
SIA,BA,202504,0884189,0206030037,103.0,14278.89
SIA,BA,202504,4389034,0206030037,50.0,6931.5
SIA,BA,202504,0003875,0206010079,20.0,1948.8
SIA,BA,202504,0786608,0211020036,150.0,772.5
SIA,BA,202504,2802104,0206010028,6.0,606.6
SIA,BA,202504,2804034,0206030037,293.0,40618.59
SIA,BA,202504,4578732,0206010028,10.0,1011.0
SIA,BA,202504,6998593,0211020036,78.0,401.7
SIA,BA,202504,6982980,0211020036,400.0,2060.0
SIA,BA,202504,6364322,0211020036,165.0,849.75
SIA,BA,202504,2772280,0206010044,5.0,433.75
SIA,BA,202504,9443665,0206020015,6.0,520.5
SIA,BA,202504,9837841,0206010036,6.0,520.56
SIA,BA,202504,9507930,0206010052,18.0,1561.5
SIA,BA,202504,6595197,0206010036,9.0,780.84
SIA,BA,202504,2942585,0206010052,5.0,433.75
SIA,BA,202504,2772280,0206020031,60.0,8184.6
SIA,BA,202504,4671244,0211020036,938.0,4830.7
SIA,BA,202504,0785245,0206010028,15.0,1516.5
SIA,BA,202504,2386569,0206020023,7.0,607.25
SIA,BA,202504,9516182,0206010044,46.0,3990.5
SIA,BA,202504,3271110,0206030010,73.0,10119.99
SIA,BA,202504,7675135,0206030037,3.0,415.89
SIA,BA,202504,0607126,0206020015,4.0,347.0
SIA,BA,202504,0004073,0206020015,1.0,86.75
SIA,BA,202504,4267109,0211020036,207.0,1066.05
SIA,BA,202504,4446321,0206030037,61.0,8456.43
SIA,BA,202504,2644789,0206010079,3.0,292.32
SIA,BA,202504,4389034,0206020015,7.0,607.25
SIA,BA,202504,9507930,0206010036,5.0,433.8
SIA,BA,202504,9866035,0211020060,123.0,3690.0
SIA,BA,202504,9915583,0206030037,89.0,12338.07
SIA,BA,202504,0004251,0208010033,34.0,13024.38
SIA,BA,202504,9866027,0211020060,112.0,3360.0
SIA,BA,202504,9866035,0206030037,95.0,13169.85
SIA,BA,202504,0003980,0206010028,6.0,606.6
SIA,BA,202504,2414244,0206030037,32.0,4436.16
SIA,BA,202504,2402076,0206030010,189.0,26201.07
SIA,BA,202504,4145542,0206030037,52.0,7208.76
SIA,BA,202504,0005428,0206010052,2.0,173.5
SIA,BA,202504,2601680,0206020031,82.0,11185.62
SIA,BA,202504,7117507,0211020036,13.0,66.95
SIA,BA,202504,2801906,0211020036,50.0,257.5
SIA,BA,202504,0884189,0206010044,33.0,2862.75
SIA,BA,202504,9949763,0206020031,30.0,4092.3
SIA,BA,202504,9922962,0206030037,86.0,11922.18
SIA,BA,202504,2401177,0211020036,9.0,46.35
SIA,BA,202504,2938499,0206010010,4.0,347.04
SIA,BA,202504,2550032,0206020023,1.0,86.75
SIA,BA,202504,2620464,0211020036,103.0,530.45
SIA,BA,202504,9561056,0211020036,74.0,381.1
SIA,BA,202504,3972925,0206030037,146.0,20239.98
SIA,BA,202504,6595197,0206010028,17.0,1718.7
SIA,BA,202504,0005428,0206010028,5.0,505.5
SIA,BA,202504,0003778,0206010028,14.0,1415.4
SIA,BA,202504,0003921,0206020015,7.0,607.25
SIA,BA,202504,4670019,0211020036,430.0,2214.5
SIA,BA,202504,2412551,0211020036,128.0,659.2
SIA,BA,202504,2525569,0206020031,3.0,409.23
SIA,BA,202504,2520613,0206010028,12.0,1213.2
SIA,BA,202504,5894603,0206010079,27.0,6558.3
SIA,BA,202504,4446321,0206020031,8.0,1091.28
SIA,BA,202504,9383298,0206020031,17.0,2318.97
SIA,BA,202504,9516182,0206010052,11.0,954.25
SIA,BA,202504,9383298,0206010036,4.0,347.04
SIA,BA,202504,7675135,0206030010,26.0,3604.38
SIA,BA,202504,2601702,0211020036,260.0,1339.0
SIA,BA,202504,9507930,0211020060,80.0,2400.0
SIA,BA,202504,2489511,0208010033,11.0,4213.77
SIA,BA,202504,4446321,0206020015,10.0,867.5
SIA,BA,202504,6237509,0206020031,12.0,4560.0
SIA,BA,202504,0722529,0211020036,23.0,118.45
SIA,BA,202504,9373853,0206010036,15.0,1301.4
SIA,BA,202504,2487438,0206010036,3.0,260.28
SIA,BA,202504,2799839,0206010028,1.0,101.1
SIA,BA,202504,2802090,0206010028,16.0,1617.6
SIA,BA,202504,6414702,0206010036,10.0,867.6
SIA,BA,202504,4389034,0206010036,10.0,867.6
SIA,BA,202504,6476120,0206010052,2.0,464.98
SIA,BA,202504,2386569,0206020031,79.0,10776.39
SIA,BA,202504,7675135,0206010079,5.0,487.2
SIA,BA,202504,0004251,0211020036,40.0,206.0
SIA,BA,202504,4028155,0206010036,6.0,520.56
SIA,BA,202504,4389034,0206010052,6.0,520.5
SIA,BA,202504,2799758,0206030037,80.0,11090.4
SIA,BA,202504,3271110,0206020031,18.0,2455.38
SIA,BA,202504,2799839,0206030037,36.0,4990.68
SIA,BA,202504,2532549,0211020036,674.0,3471.1
SIA,BA,202504,2802104,0206020023,3.0,260.25
SIA,BA,202504,4026896,0206010028,11.0,1112.1
SIA,BA,202504,3464156,0206010028,1.0,101.1
SIA,BA,202504,0884189,0206020015,1.0,86.75
SIA,BA,202504,4578732,0206020015,5.0,433.75
SIA,BA,202504,2413671,0211020036,45.0,231.75
SIA,BA,202504,2388057,0206010052,21.0,1821.75
SIA,BA,202504,2414244,0206010028,8.0,808.8
SIA,BA,202504,9507930,0206020015,9.0,780.75
SIA,BA,202504,0003980,0206020015,25.0,2168.75
SIA,BA,202504,2799839,0206020015,5.0,433.75
SIA,BA,202504,9373853,0206010052,2.0,173.5
SIA,BA,202504,3240622,0206030037,6.0,831.78
SIA,BA,202504,0786608,0206010052,23.0,1995.25
SIA,BA,202504,2802104,0206010036,2.0,173.52
SIA,BA,202504,2601761,0211020036,134.0,690.1
SIA,BA,202504,9443665,0206010052,41.0,3556.75
SIA,BA,202504,2801507,0206010044,6.0,520.5
SIA,BA,202504,2601729,0211020036,117.0,602.55
SIA,BA,202504,0005428,0206030037,20.0,2772.6
SIA,BA,202504,9372822,0206030037,66.0,9149.58
SIA,BA,202504,9383298,0206030037,54.0,7486.02
SIA,BA,202504,2525933,0206010036,1.0,86.76
SIA,BA,202504,2601117,0211020036,66.0,339.9
SIA,BA,202504,0832014,0206020015,4.0,347.0
SIA,BA,202504,0832014,0206030037,41.0,5683.83
SIA,BA,202504,9507949,0206010052,7.0,607.25
SIA,BA,202504,2510057,0211020036,39.0,200.85
SIA,BA,202504,6414702,0206020015,5.0,433.75
SIA,BA,202504,4454855,0211020036,800.0,4120.0
SIA,BA,202504,3240622,0206020031,3.0,409.23
SIA,BA,202504,2414147,0211020036,80.0,412.0
SIA,BA,202504,0004235,0211020036,2064.0,10629.6
SIA,BA,202504,7228724,0211020036,14.0,72.1
SIA,BA,202504,2494973,0206030010,34.0,4713.42
SIA,BA,202504,2494973,0206010028,10.0,1011.0
SIA,BA,202504,2802023,0206010036,3.0,260.28
SIA,BA,202504,2532387,0211020036,350.0,1802.5
SIA,BA,202504,2525259,0211020036,201.0,1035.15
SIA,BA,202504,2942585,0206010036,6.0,520.56
SIA,BA,202504,5894603,0206010010,1.0,242.9
SIA,BA,202504,0004278,0211020036,140.0,721.0
SIA,BA,202504,3968537,0206020031,7.0,954.87
SIA,BA,202504,6772838,0206030010,5.0,1850.0
SIA,BA,202504,0003921,0206010052,4.0,347.0
SIA,BA,202504,9210695,0211020036,1.0,5.15
SIA,BA,202504,9966366,0206020015,8.0,694.0
SIA,BA,202504,2525569,0206030010,21.0,2911.23
SIA,BA,202504,9145168,0211020060,12.0,360.0
SIA,BA,202504,0785245,0206030037,63.0,8733.69
SIA,BA,202504,4145542,0206010028,12.0,1213.2
SIA,BA,202504,0829781,0206020015,4.0,347.0
SIA,BA,202504,0786608,0206010036,12.0,1041.12
SIA,BA,202504,9837841,0206010044,10.0,867.5
SIA,BA,202504,3948684,0206010079,4.0,389.76
SIA,BA,202504,0004278,0206010028,2.0,202.2
SIA,BA,202504,3039919,0211020036,3.0,15.45
SIA,BA,202504,0003859,0206010052,3.0,260.25
SIA,BA,202504,6414702,0206010052,4.0,347.0
SIA,BA,202504,2487438,0206010028,4.0,404.4
SIA,BA,202504,2407205,0206010044,8.0,694.0
SIA,BA,202504,2525569,0206010079,42.0,4092.48
SIA,BA,202504,2926970,0206030037,5.0,693.15
SIA,BA,202504,0029521,0211020036,416.0,2142.4
SIA,BA,202504,2627418,0206030010,100.0,13863.0
SIA,BA,202504,2388928,0211020036,87.0,448.05
SIA,BA,202504,6345891,0206010079,1.0,97.44
SIA,BA,202504,9915583,0206010044,14.0,1214.5
SIA,BA,202504,4446321,0206010079,4.0,389.76
SIA,BA,202504,2415844,0206010052,1.0,86.75
SIA,BA,202504,0004073,0206010028,7.0,707.7
SIA,BA,202504,6602533,0206020015,5.0,433.75
SIA,BA,202504,9915583,0206020015,6.0,520.5
SIA,BA,202504,2556847,0211020036,83.0,427.45
SIA,BA,202504,2550032,0211020060,5.0,150.0
SIA,BA,202504,2517744,0206010010,2.0,465.02
SIA,BA,202504,5889448,0206030010,6.0,831.78
SIA,BA,202504,2771276,0211020036,52.0,267.8
SIA,BA,202504,2400693,0206020015,3.0,260.25
SIA,BA,202504,2802112,0206010044,3.0,260.25
SIA,BA,202504,2388057,0206010036,11.0,954.36
SIA,BA,202504,0219665,0211020036,1.0,5.15
SIA,BA,202504,2497751,0206010044,1.0,86.75
SIA,BA,202504,2385171,0206010052,11.0,954.25
SIA,BA,202504,3968537,0206010044,4.0,347.0
SIA,BA,202504,4474309,0211020036,33.0,169.95
SIA,BA,202504,7167156,0206030037,16.0,2218.08
SIA,BA,202504,7094647,0206030010,11.0,1524.93
SIA,BA,202504,0003832,0206010052,4.0,347.0
SIA,BA,202504,9866035,0206020015,2.0,173.5
SIA,BA,202504,2862301,0206020015,5.0,433.75
SIA,BA,202504,4022718,0206010028,1.0,101.1
SIA,BA,202504,0785245,0206010052,5.0,433.75
SIA,BA,202504,2402076,0206010028,1.0,101.1
SIA,BA,202504,2942585,0206020015,5.0,433.75
SIA,BA,202504,2799758,0211020036,116.0,597.4
SIA,BA,202504,2386569,0206010052,3.0,260.25
SIA,BA,202504,2386569,0206010044,9.0,780.75
SIA,BA,202504,5894603,0206030037,2.0,679.0
SIA,BA,202504,0832014,0206010052,2.0,173.5
SIA,BA,202504,9052844,0206020015,1.0,300.0
SIA,BA,202504,2985470,0206030010,4.0,906.64
SIA,BA,202504,9949763,0206020015,2.0,173.5
SIA,BA,202504,9373845,0206020015,2.0,173.5
SIA,BA,202504,2600943,0211020036,117.0,602.55
SIA,BA,202504,2601680,0206010036,3.0,260.28
SIA,BA,202504,6687636,0206010044,5.0,433.75
SIA,BA,202504,2415844,0206010028,2.0,202.2
SIA,BA,202504,2517744,0206030029,3.0,697.47
SIA,BA,202504,9373853,0206020015,14.0,1214.5
SIA,BA,202504,2799790,0206020015,6.0,520.5
SIA,BA,202504,7443382,0211020036,120.0,618.0
SIA,BA,202504,6616917,0206030010,3.0,415.89
SIA,BA,202504,2407205,0206010052,40.0,3470.0
SIA,BA,202504,2942208,0211020060,50.0,1500.0
SIA,BA,202504,2802090,0206010036,7.0,607.32
SIA,BA,202504,0607126,0206020031,4.0,545.64
SIA,BA,202504,4145542,0211020060,33.0,990.0
SIA,BA,202504,2517744,0206020015,2.0,464.98
SIA,BA,202504,0003956,0211020036,1178.0,6066.7
SIA,BA,202504,9443665,0211020036,586.0,3017.9
SIA,BA,202504,4324307,0211020036,940.0,4841.0
SIA,BA,202504,2384779,0211020036,87.0,448.05
SIA,BA,202504,3972925,0206010052,6.0,520.5
SIA,BA,202504,0003786,0211020036,526.0,2708.9
SIA,BA,202504,2804034,0206020015,11.0,954.25
SIA,BA,202504,4598334,0211020036,1200.0,6180.0
SIA,BA,202504,2875802,0206030037,15.0,2079.45
SIA,BA,202504,2942585,0211020060,46.0,1380.0
SIA,BA,202504,0004820,0206030010,19.0,2633.97
SIA,BA,202504,2497751,0206030037,6.0,831.78
SIA,BA,202504,2862301,0206010036,3.0,260.28
SIA,BA,202504,3295451,0208010033,41.0,15705.87
SIA,BA,202504,9442693,0211020036,131.0,674.65
SIA,BA,202504,2926970,0206010052,1.0,86.75
SIA,BA,202504,7894015,0211020036,693.0,3568.95
SIA,BA,202504,7633149,0211020036,997.0,5134.55
SIA,BA,202504,2304961,0211020036,86.0,442.9
SIA,BA,202504,2627418,0206020015,1.0,86.75
SIA,BA,202504,0204595,0211020036,1023.0,5268.45
SIA,BA,202504,7033753,0211020036,530.0,2729.5
SIA,BA,202504,6491499,0211020036,76.0,391.4
SIA,BA,202504,4201175,0211020036,102.0,525.3
SIA,BA,202504,2799286,0206030037,10.0,1386.3
SIA,BA,202504,9237224,0211020036,50.0,257.5
SIA,BA,202504,7964145,0211020036,243.0,1251.45
SIA,BA,202504,2407205,0206010079,29.0,2825.76
SIA,BA,202504,0003921,0206020023,6.0,520.5
SIA,BA,202504,9443088,0211020036,200.0,1030.0
SIA,BA,202504,2772280,0206010052,9.0,780.75
SIA,BA,202504,2466694,0211020036,84.0,432.6
SIA,BA,202504,5401755,0211020060,4.0,120.0
SIA,BA,202504,4032837,0211020036,87.0,448.05
SIA,BA,202504,9516182,0211020060,34.0,1020.0
SIA,BA,202504,4029607,0211020036,1.0,5.15
SIA,BA,202504,6962017,0211020036,31.0,159.65
SIA,BA,202504,4446321,0206010052,1.0,86.75
SIA,BA,202504,9837841,0211020060,35.0,1050.0
SIA,BA,202504,0004073,0206010036,4.0,347.04
SIA,BA,202504,0005428,0206010044,6.0,520.5
SIA,BA,202504,0005428,0206010036,2.0,173.52
SIA,BA,202504,9373845,0206010052,4.0,347.0
SIA,BA,202504,2862301,0206030037,7.0,970.41
SIA,BA,202504,7231458,0211020036,8.0,41.2
SIA,BA,202504,7476469,0211020036,365.0,1879.75
SIA,BA,202504,9383298,0206010028,5.0,505.5
SIA,BA,202504,0003875,0206010044,2.0,173.5
SIA,BA,202504,9383298,0206010044,13.0,1127.75
SIA,BA,202504,7033974,0211020036,599.0,3084.85
SIA,BA,202504,7057334,0211020036,224.0,1153.6
SIA,BA,202504,0003921,0206010044,1.0,86.75
SIA,BA,202504,2802090,0206020023,5.0,433.75
SIA,BA,202504,2597594,0211020036,197.0,1014.55
SIA,BA,202504,2525933,0206010028,5.0,505.5
SIA,BA,202504,2412276,0211020036,200.0,1030.0
SIA,BA,202504,2508915,0211020036,85.0,437.75
SIA,BA,202504,5894603,0206010052,1.0,242.89
SIA,BA,202504,9019308,0211020036,465.0,2394.75
SIA,BA,202504,2520613,0206010010,11.0,954.36
SIA,BA,202504,2389347,0211020036,2.0,10.3
SIA,BA,202504,0003859,0206010036,3.0,260.28
SIA,BA,202504,2389398,0211020036,106.0,545.9
SIA,BA,202504,2942585,0206020023,12.0,1041.0
SIA,BA,202504,2556847,0206020031,1.0,380.0
SIA,BA,202504,2523515,0211020036,108.0,556.2
SIA,BA,202504,6602533,0206030037,8.0,1109.04
SIA,BA,202504,6677460,0211020036,39.0,200.85
SIA,BA,202504,0003859,0206010028,4.0,404.4
SIA,BA,202504,0785245,0206020015,2.0,173.5
SIA,BA,202504,9030158,0211020036,543.0,2796.45
SIA,BA,202504,7094647,0206030037,4.0,554.52
SIA,BA,202504,2488892,0211020060,5.0,150.0
SIA,BA,202504,2523396,0211020036,110.0,566.5
SIA,BA,202504,7103840,0211020036,237.0,1220.55
SIA,BA,202504,2985470,0206010079,2.0,400.0
SIA,BA,202504,2407205,0206010010,4.0,347.04
SIA,BA,202504,7521316,0211020036,471.0,2425.65
SIA,BA,202504,2514648,0211020036,189.0,973.35
SIA,BA,202504,2510782,0211020036,272.0,1400.8
SIA,BA,202504,0786608,0206010060,1.0,97.44
SIA,BA,202504,0156132,0211020036,181.0,932.15
SIA,BA,202504,2444704,0211020036,14.0,72.1
SIA,BA,202504,3368726,0211020036,34.0,175.1
SIA,BA,202504,3208508,0211020036,11.0,56.65
SIA,BA,202504,0003875,0206010036,1.0,86.76
SIA,BA,202504,3972925,0206010028,2.0,202.2
SIA,BA,202504,2644789,0206030010,2.0,277.26
SIA,BA,202504,2601400,0211020036,100.0,515.0
SIA,BA,202504,2507447,0211020036,72.0,1296.0
SIA,BA,202504,0028568,0211020036,461.0,2374.15
SIA,BA,202504,3544095,0206010044,1.0,86.75
SIA,BA,202504,2653494,0211020036,35.0,180.25
SIA,BA,202504,0003875,0206010028,1.0,101.1
SIA,BA,202504,2412845,0211020036,350.0,1802.5
SIA,BA,202504,2412640,0211020036,469.0,2415.35
SIA,BA,202504,0003832,0208010033,22.0,8427.54
SIA,BA,202504,2550032,0206010044,5.0,433.75
SIA,BA,202504,4022718,0206030037,2.0,277.26
SIA,BA,202504,2385171,0206030029,5.0,433.75
SIA,BA,202504,2508559,0211020036,51.0,262.65
SIA,BA,202504,6237509,0206020015,1.0,245.0
SIA,BA,202504,2523558,0211020036,315.0,1622.25
SIA,BA,202504,3948684,0206030037,6.0,831.78
SIA,BA,202504,9922962,0206020015,2.0,173.5
SIA,BA,202504,0028460,0211020036,696.0,3584.4
SIA,BA,202504,7094647,0206020023,1.0,86.75
SIA,BA,202504,0004340,0211020036,161.0,829.15
SIA,BA,202504,2772280,0211020036,1.0,5.15
SIA,BA,202504,4032594,0211020036,209.0,1076.35
SIA,BA,202504,4022718,0206030010,8.0,1109.04
SIA,BA,202504,0003875,0211020060,24.0,720.0
SIA,BA,202504,2799758,0206020015,8.0,694.0
SIA,BA,202504,2509954,0211020036,51.0,262.65
SIA,BA,202504,7111606,0211020036,318.0,1637.7
SIA,BA,202504,3017028,0211020036,21.0,108.15
SIA,BA,202504,2799804,0211020036,132.0,679.8
SIA,BA,202504,2627256,0211020036,350.0,1802.5
SIA,BA,202504,2771365,0211020036,4.0,20.6
SIA,BA,202504,0503894,0211020036,105.0,540.75
SIA,BA,202504,2802112,0206030029,6.0,520.5
SIA,BA,202504,7922000,0211020036,429.0,2209.35
SIA,BA,202504,9054162,0211020036,215.0,1107.25
SIA,BA,202504,0003778,0206020015,1.0,86.75
SIA,BA,202504,2514435,0211020036,97.0,499.55
SIA,BA,202504,2525933,0206030037,8.0,1109.04
SIA,BA,202504,0004774,0211020036,250.0,1287.5
SIA,BA,202504,7986076,0211020036,795.0,4094.25
SIA,BA,202504,7636822,0211020036,412.0,2121.8
SIA,BA,202504,6998143,0211020036,3.0,15.45
SIA,BA,202504,0003832,0211020010,96.0,70083.84
SIA,BA,202504,0004251,0206010095,87.0,183328.14
SIA,BA,202504,0004251,0211020010,14.0,10220.56
SIA,BA,202504,2802112,0206010028,23.0,2325.3
SIA,BA,202504,2385171,0206030037,300.0,41589.0
SIA,BA,202504,2603071,0211020036,153.0,787.95
SIA,BA,202504,2800527,0211020036,135.0,695.25
SIA,BA,202504,2386569,0206010028,17.0,1718.7
SIA,BA,202504,2386569,0206030010,129.0,17883.27
SIA,BA,202504,2385171,0206020023,10.0,867.5
SIA,BA,202504,2414244,0206010052,1.0,86.75
SIA,BA,202504,2517744,0206030010,67.0,24892.51
SIA,BA,202504,7094647,0206020031,34.0,4637.94
SIA,BA,202504,2799758,0206010044,164.0,14227.0
SIA,BA,202504,2407205,0206030010,62.0,8595.06
SIA,BA,202504,6292550,0211020060,2.0,180.0
SIA,BA,202504,6476120,0206030010,26.0,9659.78
SIA,BA,202504,2386569,0206030029,5.0,433.75
SIA,BA,202504,9425632,0211020060,31.0,2790.0
SIA,BA,202504,9443665,0206030037,238.0,32993.94
SIA,BA,202504,9443665,0206020031,131.0,17869.71
SIA,BA,202504,0004278,0206020031,43.0,5865.63
SIA,BA,202504,0003875,0211020010,317.0,231422.68
SIA,BA,202504,2445204,0205010016,15.0,2475.0
SIA,BA,202504,4032829,0211020036,114.0,587.1
SIA,BA,202504,2402556,0211020036,66.0,339.9
SIA,BA,202504,2487756,0211020036,100.0,515.0
SIA,BA,202504,2385171,0206010028,21.0,2123.1
SIA,BA,202504,2385171,0206010036,7.0,607.32
SIA,BA,202504,0004820,0206020031,39.0,5319.99
SIA,BA,202504,0786608,0206030010,193.0,26755.59
SIA,BA,202504,2525569,0206030037,21.0,2911.23
SIA,BA,202504,0003832,0206020031,43.0,5865.63
SIA,BA,202504,9443665,0206030029,13.0,1127.75
SIA,BA,202504,2412381,0211020036,74.0,381.1
SIA,BA,202504,7094647,0206010079,18.0,1753.92
SIA,BA,202504,0004820,0206030037,14.0,1940.82
SIA,BA,202504,0004251,0206010052,3.0,260.25
SIA,BA,202504,6237509,0206030037,13.0,2925.0
SIA,BA,202504,6616917,0206020031,1.0,136.41
SIA,BA,202504,6273696,0211020060,3.0,270.0
SIA,BA,202504,2304953,0211020036,304.0,1565.6
SIA,BA,202504,5894603,0206030010,9.0,4500.0
SIA,BA,202504,2986930,0211020036,191.0,983.65
SIA,BA,202504,7907222,0211020036,276.0,1421.4
SIA,BA,202504,2644789,0206010044,1.0,86.75
SIA,BA,202504,2644789,0206030037,2.0,277.26
SIA,BA,202504,2799839,0211020036,99.0,1980.0
SIA,BA,202504,2772280,0206030037,45.0,6238.35
SIA,BA,202504,2520613,0206020015,4.0,347.0
SIA,BA,202504,2414228,0211020036,89.0,458.35
SIA,BA,202504,3464156,0206030037,14.0,1940.82
SIA,BA,202504,0003832,0206030037,36.0,4990.68
SIA,BA,202504,0005061,0206020031,7.0,954.87
SIA,BA,202504,2602121,0211020036,399.0,2054.85
SIA,BA,202504,2520338,0211020036,280.0,1442.0
SIA,BA,202504,2938499,0206010028,10.0,1011.0
SIA,BA,202504,2414244,0206010036,3.0,260.28
SIA,BA,202504,2770512,0206020031,18.0,2455.38
SIA,BA,202504,0004278,0206030037,16.0,2218.08
SIA,BA,202504,9949763,0206010044,11.0,954.25
SIA,BA,202504,2550032,0206020031,26.0,3546.66
SIA,BA,202504,2494973,0206010052,5.0,433.75
SIA,BA,202504,9949763,0206030010,52.0,7208.76
SIA,BA,202504,0003859,0211020010,35.0,25551.4
SIA,BA,202504,0003816,0211020010,33.0,24091.32
SIA,BA,202504,0607126,0206010036,1.0,86.76
SIA,BA,202504,2938499,0206010044,7.0,607.25
SIA,BA,202504,6194745,0211020036,114.0,2960.58
SIA,BA,202504,9511377,0211020036,187.0,963.05
SIA,BA,202504,9507949,0211020036,281.0,1447.15
SIA,BA,202504,9966366,0211020036,235.0,1210.25
SIA,BA,202504,9373845,0211020036,189.0,973.35
SIA,BA,202504,9922962,0211020036,334.0,1720.1
SIA,BA,202504,5439051,0211020036,131.0,3402.07
SIA,BA,202504,9373853,0211020036,236.0,1215.4
SIA,BA,202504,6292550,0211020036,171.0,4440.87
SIA,BA,202504,9765697,0211020036,528.0,2719.2
SIA,BA,202504,9443665,0206010079,252.0,24554.88
SIA,BA,202504,9507930,0211020036,236.0,1215.4
SIA,BA,202504,9776702,0211020036,239.0,1230.85
SIA,BA,202504,9516182,0211020036,203.0,1045.45
SIA,BA,202504,5889448,0206030029,3.0,260.25
SIA,BA,202504,2913348,0211020036,101.0,520.15
SIA,BA,202504,2938499,0206030037,32.0,4436.16
SIA,BA,202504,9837841,0211020036,238.0,1225.7
SIA,BA,202504,0884189,0211020036,159.0,818.85
SIA,BA,202504,0829781,0211020036,268.0,1380.2
SIA,BA,202504,9866027,0211020036,280.0,1442.0
SIA,BA,202504,4389034,0211020036,75.0,386.25
SIA,BA,202504,0832014,0211020036,273.0,1405.95
SIA,BA,202504,0785245,0211020036,406.0,2090.9
SIA,BA,202504,6602533,0206010036,1.0,86.76
SIA,BA,202504,2497751,0206010028,9.0,909.9
SIA,BA,202504,2445247,0211020036,83.0,427.45
SIA,BA,202504,6251803,0206030010,1.0,138.63
SIA,BA,202504,2550032,0206010079,29.0,2825.76
SIA,BA,202504,0004278,0206010079,36.0,3507.84
SIA,BA,202504,2407205,0206030037,81.0,11229.03
SIA,BA,202504,2802112,0206030037,26.0,3604.38
SIA,BA,202504,2494973,0206020031,44.0,6002.04
SIA,BA,202504,2770512,0206030010,26.0,3604.38
SIA,BA,202504,2603012,0211020036,181.0,932.15
SIA,BA,202504,2549905,0211020036,102.0,525.3
SIA,BA,202504,2799758,0206010010,132.0,11452.32
SIA,BA,202504,3464156,0206020031,4.0,545.64
SIA,BA,202504,4145542,0211020036,122.0,628.3
SIA,BA,202504,2802112,0206030010,33.0,4574.79
SIA,BA,202504,9949763,0206010010,6.0,520.56
SIA,BA,202504,6237509,0206030029,3.0,735.0
SIA,BA,202504,2772280,0206010028,11.0,1112.1
SIA,BA,202504,3948684,0206010036,1.0,86.76
SIA,BA,202504,2804034,0211020036,31.0,159.65
SIA,BA,202504,2497751,0206010079,76.0,7405.44
SIA,BA,202504,9443665,0206010010,34.0,2949.84
SIA,BA,202504,9443665,0206010036,22.0,1908.72
SIA,BA,202504,6238742,0211020036,76.0,1973.72
SIA,BA,202504,3948684,0206010052,1.0,86.75
SIA,BA,202504,0004820,0206010095,15.0,31608.3
SIA,BA,202504,2520613,0206030037,84.0,11644.92
SIA,BA,202504,3154904,0208010025,74.0,30230.48
SIA,BA,202504,3464156,0206010079,6.0,584.64
SIA,BA,202504,2799839,0206010036,1.0,86.76
SIA,BA,202504,2550032,0206030037,8.0,1109.04
SIA,BA,202504,7465106,0211020036,136.0,700.4
SIA,BA,202504,4145542,0206010036,1.0,86.76
SIA,BA,202504,3948684,0211020036,31.0,159.65
SIA,BA,202504,9507930,0206020023,4.0,347.0
SIA,BA,202504,2938499,0206030029,7.0,607.25
SIA,BA,202504,2601680,0206010052,11.0,954.25
SIA,BA,202504,0003859,0206020015,2.0,173.5
SIA,BA,202504,5889448,0206010036,1.0,86.76
SIA,BA,202504,5894603,0206010036,1.0,242.9
SIA,BA,202504,0003832,0206010095,64.0,134862.08
SIA,BA,202504,6772838,0206010028,1.0,220.0
SIA,BA,202504,2494973,0206020015,1.0,86.75
SIA,BA,202504,2494973,0206030037,33.0,4574.79
SIA,BA,202504,6476120,0206010028,1.0,270.95
SIA,BA,202504,0004251,0206020023,1.0,86.75
SIA,BA,202504,2770512,0206010010,3.0,260.28
SIA,BA,202504,0004278,0206010044,8.0,694.0
SIA,BA,202504,2487438,0206020015,1.0,86.75
SIA,BA,202504,0004820,0206010079,4.0,389.76
SIA,BA,202504,4028155,0206020015,1.0,86.75
SIA,BA,202504,9507949,0206010036,1.0,86.76
SIA,BA,202504,2524996,0211020036,20.0,103.0
SIA,BA,202504,0003786,0206010010,14.0,1214.64
SIA,BA,202504,2494973,0206020023,1.0,86.75
SIA,BA,202504,4028155,0211020036,464.0,2389.6
SIA,BA,202504,6476120,0206010010,1.0,232.51
SIA,BA,202504,2415844,0206020015,1.0,86.75
SIA,BA,202504,6345891,0206020031,7.0,954.87
SIA,BA,202504,2386674,0211020036,150.0,772.5
SIA,BA,202504,0004294,0206010010,258.0,22384.08
SIA,BA,202504,4026624,0211020036,187.0,963.05
SIA,BA,202504,0829781,0206010010,39.0,3383.64
SIA,BA,202504,9866035,0206010010,15.0,1301.4
SIA,BA,202504,2802112,0206020031,28.0,3819.48
SIA,BA,202504,2509326,0211020036,185.0,952.75
SIA,BA,202504,7094647,0206010028,1.0,101.1
SIA,BA,202504,0003859,0211020036,181.0,932.15
SIA,BA,202504,6998593,0211020060,19.0,570.0
SIA,BA,202504,6364322,0211020060,43.0,1290.0
SIA,BA,202504,4305183,0211020036,38.0,195.7
SIA,BA,202504,2802023,0206010010,29.0,2516.04
SIA,BA,202504,6414702,0206010010,68.0,5899.68
SIA,BA,202504,6595197,0206010010,34.0,2949.84
SIA,BA,202504,2804034,0206010010,58.0,5032.08
SIA,BA,202504,0004073,0206010010,4.0,347.04
SIA,BA,202504,0786608,0206010010,28.0,2429.28
SIA,BA,202504,2510936,0211020036,67.0,345.05
SIA,BA,202504,7160488,0211020036,5.0,25.75
SIA,BA,202504,7476523,0211020036,200.0,1030.0
SIA,BA,202504,2802023,0206020015,2.0,173.5
SIA,BA,202504,9372822,0206010010,20.0,1735.2
SIA,BA,202504,2517744,0206030037,69.0,25635.57
SIA,BA,202504,3968537,0206030037,17.0,2356.71
SIA,BA,202504,3154904,0208010033,74.0,28347.18
SIA,BA,202504,9372822,0206020015,1.0,86.75
SIA,BA,202504,3972925,0206010010,43.0,3730.68
SIA,BA,202504,6772838,0206020031,10.0,3700.0
SIA,BA,202504,6476120,0206030037,26.0,9659.78
SIA,BA,202504,4026896,0206010010,48.0,4164.48
SIA,BA,202504,2942585,0206010010,10.0,867.6
SIA,BA,202504,0832014,0206010010,17.0,1474.92
SIA,BA,202504,3271110,0206010052,1.0,86.75
SIA,BA,202504,2402076,0206020015,2.0,173.5
SIA,BA,202504,9516182,0206010010,17.0,1474.92
SIA,BA,202504,9922962,0206010010,18.0,1561.68
SIA,BA,202504,2523779,0211020036,169.0,870.35
SIA,BA,202504,2799154,0211020036,143.0,736.45
SIA,BA,202504,2770512,0206010044,5.0,433.75
SIA,BA,202504,2414244,0206010010,5.0,433.8
SIA,BA,202504,6602533,0206010010,5.0,433.8
SIA,BA,202504,0003875,0206010010,1.0,86.76
SIA,BA,202504,0785245,0206010010,7.0,607.32
SIA,BA,202504,0884189,0206010010,9.0,780.84
SIA,BA,202504,2802090,0206010010,16.0,1388.16
SIA,BA,202504,9383298,0206010010,19.0,1648.44
SIA,BA,202504,2388057,0206010010,26.0,2255.76
SIA,BA,202504,4446321,0206010010,17.0,1474.92
SIA,BA,202504,2799790,0206010010,13.0,1127.88
SIA,BA,202504,2483408,0211020036,100.0,515.0
SIA,BA,202504,9141820,0211020036,10.0,51.5
SIA,BA,202504,6237509,0206030010,13.0,2925.0
SIA,BA,202504,2913348,0206010010,20.0,1735.2
SIA,BA,202504,9373853,0206010010,44.0,3817.44
SIA,BA,202504,3373223,0211020036,196.0,1009.4
SIA,BA,202504,9362398,0211020036,707.0,3641.05
SIA,BA,202504,2862301,0206010010,8.0,694.08
SIA,BA,202504,2520613,0206010036,3.0,260.28
SIA,BA,202504,6345891,0206030010,8.0,1109.04
SIA,BA,202504,0607126,0206010028,1.0,101.1
SIA,BA,202504,9507930,0206010010,12.0,1041.12
SIA,BA,202504,0003980,0206010010,13.0,1127.88
SIA,BA,202504,0005363,0211020036,364.0,1874.6
SIA,BA,202504,4578732,0206010010,27.0,2342.52
SIA,BA,202504,3972925,0211020036,116.0,597.4
SIA,BA,202504,7675135,0206020031,32.0,4365.12
SIA,BA,202504,6616917,0206030037,2.0,277.26
SIA,BA,202504,4028155,0206010010,7.0,607.32
SIA,BA,202504,2487438,0206010010,10.0,867.6
SIA,BA,202504,3010902,0211020036,140.0,721.0
SIA,BA,202504,2520613,0206010044,4.0,347.0
SIA,BA,202504,2386569,0206010036,2.0,173.52
SIA,BA,202504,2525933,0206010010,3.0,260.28
SIA,BA,202504,9373845,0206010010,14.0,1214.64
SIA,BA,202504,7395280,0211020036,102.0,525.3
SIA,BA,202504,5889448,0206020031,6.0,818.46
SIA,BA,202504,0004278,0206010010,3.0,260.28
SIA,BA,202504,0003980,0206020023,4.0,347.0
SIA,BA,202504,0003859,0206010044,3.0,260.25
SIA,BA,202504,9388133,0211020036,195.0,1004.25
SIA,BA,202504,5894603,0206010044,1.0,242.89
SIA,BA,202504,6943977,0211020036,264.0,1359.6
SIA,BA,202504,4022718,0206020031,10.0,1364.1
SIA,BA,202504,9091157,0211020036,467.0,2405.05
SIA,BA,202504,4389034,0206010010,25.0,2169.0
SIA,BA,202504,0003778,0206010010,7.0,607.32
SIA,BA,202504,2517744,0206010044,4.0,929.96
SIA,BA,202504,2497751,0206010010,11.0,954.36
SIA,BA,202504,2520613,0206030029,7.0,607.25
SIA,BA,202504,0607126,0206010010,2.0,173.52
SIA,BA,202504,2802090,0211020036,140.0,721.0
SIA,BA,202504,3285022,0211020036,29.0,149.35
SIA,BA,202504,2492881,0211020036,75.0,1275.0
SIA,BA,202504,0003980,0211020036,696.0,3584.4
SIA,BA,202504,0003832,0206010079,13.0,1266.72
SIA,BA,202504,2388057,0206010060,1.0,97.44
SIA,BA,202504,6414702,0211020036,603.0,3105.45
SIA,BA,202504,3972925,0206010087,1.0,138.63
SIA,BA,202504,6237509,0206010044,2.0,490.0
SIA,BA,202504,2493195,0211020036,45.0,231.75
SIA,BA,202504,2497751,0206020031,8.0,1091.28
SIA,BA,202504,9837841,0206010010,7.0,607.32
SIA,BA,202504,9915583,0206010010,12.0,1041.12
SIA,BA,202504,0003786,0206030029,10.0,867.5
SIA,BA,202504,9052844,0206020031,5.0,1850.0
SIA,BA,202504,2505444,0211020036,344.0,8933.68
SIA,BA,202504,2407205,0206010028,2.0,202.2
SIA,BA,202504,0003859,0206010010,3.0,260.28
SIA,BA,202504,7116896,0211020036,45.0,231.75
SIA,BA,202504,0003832,0206010044,5.0,433.75
SIA,BA,202504,0004278,0206010036,4.0,347.04
SIA,BA,202504,0003859,0206030010,71.0,9842.73
SIA,BA,202504,0003875,0206030029,19.0,1648.25
SIA,BA,202504,4145542,0206010010,4.0,347.04
SIA,BA,202504,9922962,0206030010,100.0,13863.0
SIA,BA,202504,2802104,0206030010,266.0,36875.58
SIA,BA,202504,2804034,0206030010,272.0,37707.36
SIA,BA,202504,9372822,0206030010,64.0,8872.32
SIA,BA,202504,9915583,0206030010,105.0,14556.15
SIA,BA,202504,9373853,0206030029,30.0,2602.5
SIA,BA,202504,9922962,0206030029,34.0,2949.5
SIA,BA,202504,0003921,0206030010,93.0,12892.59
SIA,BA,202504,9507930,0206030010,156.0,21626.28
SIA,BA,202504,0004294,0206030010,245.0,33964.35
SIA,BA,202504,0003980,0206030010,185.0,25646.55
SIA,BA,202504,2388057,0206030029,26.0,2255.5
SIA,BA,202504,3972925,0206030010,153.0,21210.39
SIA,BA,202504,4389034,0206030010,58.0,8040.54
SIA,BA,202504,2802023,0206030010,150.0,20794.5
SIA,BA,202504,9443665,0206010044,13.0,1127.75
SIA,BA,202504,2414244,0206030010,33.0,4574.79
SIA,BA,202504,6414702,0206030010,374.0,51847.62
SIA,BA,202504,2388057,0206030010,220.0,30498.6
SIA,BA,202504,4578732,0206030010,61.0,8456.43
SIA,BA,202504,2802090,0206030010,138.0,19130.94
SIA,BA,202504,4028155,0206030010,216.0,29944.08
SIA,BA,202504,6595197,0206030010,140.0,19408.2
SIA,BA,202504,2415844,0206030010,7.0,970.41
SIA,BA,202504,2816830,0211020036,223.0,1148.45
SIA,BA,202504,2487756,0211020060,46.0,1380.0
SIA,BA,202504,0003778,0206030010,220.0,30498.6
SIA,BA,202504,2627418,0206010079,100.0,9744.0
SIA,BA,202504,9966366,0206030010,106.0,14694.78
SIA,BA,202504,0003980,0206030029,37.0,3209.75
SIA,BA,202504,0003875,0206030010,151.0,20933.13
SIA,BA,202504,2942585,0206030010,85.0,11783.55
SIA,BA,202504,0785245,0206030010,47.0,6515.61
SIA,BA,202504,4026896,0206030010,100.0,13863.0
SIA,BA,202504,2402076,0206030029,3.0,260.25
SIA,BA,202504,0710210,0211020036,209.0,1076.35
SIA,BA,202504,0003921,0206010010,8.0,694.08
SIA,BA,202504,9966366,0206010010,24.0,2082.24
SIA,BA,202504,2386569,0206010079,171.0,16662.24
SIA,BA,202504,2386569,0206020015,8.0,694.0
SIA,BA,202504,0829781,0206030010,124.0,17190.12
SIA,BA,202504,4145542,0206030010,57.0,7901.91
SIA,BA,202504,2799790,0206030010,198.0,27448.74
SIA,BA,202504,0004251,0206010079,4.0,389.76
SIA,BA,202504,0884189,0206030010,114.0,15803.82
SIA,BA,202504,2799839,0206030010,40.0,5545.2
SIA,BA,202504,2913348,0206030010,72.0,9981.36
SIA,BA,202504,2942585,0206030029,21.0,1821.75
SIA,BA,202504,0832014,0206030010,40.0,5545.2
SIA,BA,202504,0607126,0206030010,9.0,1247.67
SIA,BA,202504,2862301,0206030010,16.0,2218.08
SIA,BA,202504,2400693,0206030010,61.0,8456.43
SIA,BA,202504,9373853,0206030010,56.0,7763.28
SIA,BA,202504,9373845,0206030010,97.0,13447.11
SIA,BA,202504,9516182,0206030029,36.0,3123.0
SIA,BA,202504,6772838,0206030037,10.0,3700.0
SIA,BA,202504,2938499,0206020015,3.0,260.25
SIA,BA,202504,6237509,0206010079,36.0,10620.0
SIA,BA,202504,3240622,0206030010,6.0,831.78
SIA,BA,202504,9493646,0211020036,127.0,654.05
SIA,BA,202504,9507949,0206030010,54.0,7486.02
SIA,BA,202504,2799286,0206030010,17.0,2356.71
SIA,BA,202504,2802090,0206030029,8.0,694.0
SIA,BA,202504,3893170,0211020036,83.0,427.45
SIA,BA,202504,6737633,0211020036,157.0,808.55
SIA,BA,202504,0004294,0206030029,92.0,7981.0
SIA,BA,202504,0004073,0206030010,58.0,8040.54
SIA,BA,202504,4446321,0206030029,37.0,3209.75
SIA,BA,202504,9516182,0206030010,69.0,9565.47
SIA,BA,202504,9966366,0206030029,20.0,1735.0
SIA,BA,202504,2525933,0206030010,23.0,3188.49
SIA,BA,202504,9866035,0206030010,90.0,12476.7
SIA,BA,202504,6602533,0206030010,9.0,1247.67
SIA,BA,202504,9443665,0206020023,6.0,520.5
SIA,BA,202504,4389034,0206030029,24.0,2082.0
SIA,BA,202504,0829781,0206030029,36.0,3123.0
SIA,BA,202504,2706490,0211020036,96.0,494.4
SIA,BA,202504,9915583,0206030029,24.0,2082.0
SIA,BA,202504,2385171,0206010010,26.0,2255.76
SIA,BA,202504,9383298,0206030010,43.0,5961.09
SIA,BA,202504,9373845,0206030029,12.0,1041.0
SIA,BA,202504,2407205,0206030029,1.0,86.75
SIA,BA,202504,2556847,0206010079,10.0,2950.0
SIA,BA,202504,2556847,0206010010,4.0,980.0
SIA,BA,202504,4022718,0206010044,6.0,520.5
SIA,BA,202504,0003875,0211020036,914.0,4707.1
SIA,BA,202504,2402076,0206010010,2.0,173.52
SIA,BA,202504,2799758,0206010052,2.0,173.5
SIA,BA,202504,2497751,0206020015,12.0,1041.0
SIA,BA,202504,0884189,0206030029,13.0,1127.75
SIA,BA,202504,9966366,0206010060,1.0,97.44
SIA,BA,202504,2520613,0206030010,99.0,13724.37
SIA,BA,202504,9383298,0211020036,162.0,834.3
SIA,BA,202504,7596871,0211020036,254.0,1308.1
SIA,BA,202504,0785245,0206030029,8.0,694.0
SIA,BA,202504,0005398,0211020036,156.0,803.4
SIA,BA,202504,0005428,0206030010,17.0,2356.71
SIA,BA,202504,2520613,0206010052,7.0,607.25
SIA,BA,202504,2601680,0206010010,2.0,173.52
SIA,BA,202504,2938499,0206030010,31.0,4297.53
SIA,BA,202504,2804034,0206030029,22.0,1908.5
SIA,BA,202504,4145542,0206030029,9.0,780.75
SIA,BA,202504,2926970,0206030010,5.0,693.15
SIA,BA,202504,9052844,0206010010,1.0,220.0
SIA,BA,202504,9507930,0206030029,5.0,433.75
SIA,BA,202504,9052844,0206030037,13.0,4810.0
SIA,BA,202504,5894603,0206030029,1.0,242.9
SIA,BA,202504,2913348,0206030029,22.0,1908.5
SIA,BA,202504,2938499,0206010036,1.0,86.76
SIA,BA,202504,2659999,0211020036,50.0,257.5
SIA,BA,202504,3968537,0206030010,16.0,2218.08
SIA,BA,202504,5894603,0206010028,3.0,728.7
SIA,BA,202504,9949763,0206010036,1.0,86.76
SIA,BA,202504,2402076,0206010044,5.0,433.75
SIA,BA,202504,2862301,0206030029,7.0,607.25
SIA,BA,202504,4454642,0211020036,88.0,453.2
SIA,BA,202504,6595197,0206030029,12.0,1041.0
SIA,BA,202504,2772280,0206010010,5.0,433.8
SIA,BA,202504,4028155,0206030029,6.0,520.5
SIA,BA,202504,2799790,0206030029,13.0,1127.75
SIA,BA,202504,2400693,0206010010,4.0,347.04
SIA,BA,202504,9949763,0206010052,9.0,780.75
SIA,BA,202504,2526557,0211020036,500.0,2575.0
SIA,BA,202504,2802104,0206010010,2.0,173.52
SIA,BA,202504,4578732,0206030029,5.0,433.75
SIA,BA,202504,4026896,0206030029,11.0,954.25
SIA,BA,202504,2414244,0206030029,5.0,433.75
SIA,BA,202504,9837841,0206030010,31.0,4297.53
SIA,BA,202504,2414430,0211020036,101.0,520.15
SIA,BA,202504,2494973,0206010010,2.0,173.52
SIA,BA,202504,9507949,0206030029,5.0,433.75
SIA,BA,202504,9052844,0206010079,4.0,880.0
SIA,BA,202504,7675135,0206010052,1.0,86.75
SIA,BA,202504,6772838,0206030029,2.0,600.0
SIA,BA,202504,3972925,0206030029,13.0,1127.75
SIA,BA,202504,9837841,0206030029,3.0,260.25
SIA,BA,202504,4028759,0211020036,346.0,1781.9
SIA,BA,202504,6602533,0206030029,4.0,347.0
SIA,BA,202504,0005428,0206010010,2.0,173.52
SIA,BA,202504,2942585,0211020036,364.0,1874.6
SIA,BA,202504,0004073,0206030029,4.0,347.0
SIA,BA,202504,3271110,0206030037,3.0,415.89
SIA,BA,202504,2802104,0206030029,5.0,433.75
SIA,BA,202504,9866035,0206030029,6.0,520.5
SIA,BA,202504,2388685,0211020036,165.0,849.75
SIA,BA,202504,2620421,0211020036,98.0,504.7
SIA,BA,202504,9005919,0211020036,25.0,128.75
SIA,BA,202504,0832014,0206030029,8.0,694.0
SIA,BA,202504,0003786,0206010060,1.0,97.44
SIA,BA,202504,4026896,0211020036,199.0,1024.85
SIA,BA,202504,2799839,0206030029,5.0,433.75
SIA,BA,202504,6237509,0206010010,5.0,1225.0
SIA,BA,202504,3240622,0206010028,1.0,101.1
SIA,BA,202504,2533057,0211020036,73.0,375.95
SIA,BA,202504,7092776,0211020036,247.0,1272.05
SIA,BA,202504,4032101,0211020036,37.0,190.55
SIA,BA,202504,5731887,0211020036,74.0,381.1
SIA,BA,202504,9372822,0206030029,6.0,520.5
SIA,BA,202504,2402467,0211020036,44.0,226.6
SIA,BA,202504,6476120,0206010036,1.0,232.51
SIA,BA,202504,9383298,0206030029,1.0,86.75
SIA,BA,202504,4199219,0211020036,50.0,257.5
SIA,BA,202504,2557509,0211020036,156.0,803.4
SIA,BA,202504,4028481,0211020036,100.0,515.0
SIA,BA,202504,3238989,0211020036,47.0,242.05
SIA,BA,202504,2304910,0211020036,25.0,128.75
SIA,BA,202504,2523051,0211020036,44.0,226.6
SIA,BA,202504,2402564,0211020036,439.0,2260.85
SIA,BA,202504,2524163,0211020036,134.0,690.1
SIA,BA,202504,2801914,0211020036,212.0,1091.8
SIA,BA,202504,2415844,0211020036,29.0,149.35
SIA,BA,202504,2400693,0211020036,12.0,61.8
SIA,BA,202504,2799286,0211020036,161.0,829.15
SIA,BA,202504,2498413,0211020036,64.0,329.6
SIA,BA,202504,2301687,0211020036,84.0,432.6
SIA,BA,202504,2389592,0211020036,246.0,1266.9
SIA,BA,202504,7592191,0211020036,247.0,1272.05
SIA,BA,202504,2802104,0211020036,1001.0,5155.15
SIA,BA,202504,2772280,0206010036,2.0,173.52
SIA,BA,202504,4023463,0211020036,30.0,154.5
SIA,BA,202504,3956369,0211020036,181.0,932.15
SIA,BA,202504,2523299,0211020036,74.0,381.1
SIA,BA,202504,7193386,0211020036,35.0,180.25
SIA,BA,202504,7175973,0211020036,121.0,623.15
SIA,BA,202504,2602083,0211020036,275.0,1416.25
SIA,BA,202504,2772280,0206020023,1.0,86.75
SIA,BA,202504,4029844,0211020036,27.0,139.05
SIA,BA,202504,0003816,0211020036,547.0,2817.05
SIA,BA,202504,2498049,0211020036,64.0,329.6
SIA,BA,202504,9922962,0206010060,1.0,97.44
SIA,BA,202504,4262867,0211020036,7.0,36.05
SIA,BA,202504,2414465,0211020036,29.0,149.35
SIA,BA,202504,2653125,0211020036,185.0,952.75
SIA,BA,202504,3271110,0206010028,1.0,101.1
SIA,BA,202504,2389584,0211020036,31.0,159.65
SIA,BA,202504,2498790,0211020036,13.0,66.95
SIA,BA,202504,2660024,0211020036,263.0,1354.45
SIA,BA,202504,2525062,0211020036,163.0,839.45
SIA,BA,202504,9026908,0211020036,512.0,2636.8
SIA,BA,202504,2413450,0211020036,200.0,1030.0
SIA,BA,202504,2799847,0211020036,61.0,314.15
SIA,BA,202504,0005428,0211020036,56.0,288.4
SIA,BA,202504,3208419,0211020036,350.0,1802.5
SIA,BA,202504,6602533,0211020036,3.0,15.45
SIA,BA,202504,2520613,0211020060,6.0,180.0
SIA,BA,202504,2413469,0211020036,427.0,2199.05
SIA,BA,202504,9453474,0211020036,30.0,154.5
SIA,BA,202504,2497751,0211020036,394.0,2029.1
SIA,BA,202504,2414244,0211020036,400.0,2060.0
SIA,BA,202504,2387727,0211020036,2.0,10.3
SIA,BA,202504,4033418,0211020036,198.0,1019.7
SIA,BA,202504,4024370,0211020036,44.0,226.6
SIA,BA,202504,2862301,0211020036,194.0,999.1
SIA,BA,202504,2387263,0211020036,5.0,25.75
SIA,BA,202504,4446321,0211020036,481.0,2477.15
SIA,BA,202504,7094647,0206010010,1.0,86.76
SIA,BA,202504,2802023,0211020036,549.0,2827.35
SIA,BA,202504,6211496,0211020036,277.0,1426.55
SIA,BA,202504,2415844,0206030037,2.0,277.26
SIA,BA,202504,4578732,0211020036,42.0,216.3
SIA,BA,202504,2799839,0206020023,1.0,86.75
SIA,BA,202504,2401665,0211020036,45.0,231.75
SIA,BA,202504,2498421,0211020036,154.0,793.1
SIA,BA,202504,4389034,0206010044,21.0,1821.75
SIA,BA,202504,9470832,0211020036,425.0,2188.75
SIA,BA,202504,2627418,0206010052,1.0,86.75
SIA,BA,202504,2487438,0206020023,3.0,260.25
SIA,BA,202504,2799758,0206030029,7.0,607.25
SIA,BA,202504,6602533,0206010044,11.0,954.25
SIA,BA,202504,2417189,0211020036,54.0,278.1
SIA,BA,202504,2388057,0211020036,534.0,2750.1
SIA,BA,202504,2387719,0211020036,72.0,370.8
SIA,BA,202504,2799456,0211020036,208.0,1071.2
SIA,BA,202504,2799855,0211020036,10.0,51.5
SIA,BA,202504,2799731,0211020036,1308.0,6736.2
SIA,BA,202504,2505711,0211020036,198.0,1019.7
SIA,BA,202504,9276998,0211020036,44.0,226.6
SIA,BA,202504,7586361,0211020036,168.0,865.2
SIA,BA,202504,3407829,0211020036,80.0,412.0
SIA,BA,202504,2659069,0211020036,53.0,1376.41
SIA,BA,202504,7077149,0211020036,260.0,1339.0
SIA,BA,202504,2802252,0211020036,249.0,1282.35
SIA,BA,202504,2802112,0206010010,7.0,607.32
SIA,BA,202504,2550032,0206010052,1.0,86.75
SIA,BA,202504,2772280,0206030029,3.0,260.25
SIA,BA,202504,2401681,0211020036,230.0,1184.5
SIA,BA,202504,2505622,0211020036,98.0,504.7
SIA,BA,202504,2557088,0211020036,43.0,221.45
SIA,BA,202504,4028155,0206010044,7.0,607.25
SIA,BA,202504,4578732,0206020023,2.0,173.5
SIA,BA,202504,6561411,0211020036,100.0,515.0
SIA,BA,202504,2304848,0211020036,82.0,422.3
SIA,BA,202504,2487438,0211020036,487.0,2508.05
SIA,BA,202504,2386550,0211020036,76.0,391.4
SIA,BA,202504,2660253,0211020036,9.0,46.35
SIA,BA,202504,2388057,0206020023,10.0,867.5
SIA,BA,202504,0489670,0211020036,1.0,5.15
SIA,BA,202504,0007587,0211020036,159.0,818.85
SIA,BA,202504,0003778,0211020036,860.0,4429.0
SIA,BA,202504,6476120,0206010079,8.0,2089.12
SIA,BA,202504,2602652,0211020036,200.0,1030.0
SIA,BA,202504,2598213,0211020036,97.0,499.55
SIA,BA,202504,2804034,0206020023,10.0,867.5
SIA,BA,202504,2304295,0211020036,98.0,504.7
SIA,BA,202504,2799820,0211020036,63.0,324.45
SIA,BA,202504,2600609,0211020036,155.0,798.25
SIA,BA,202504,7084129,0211020036,220.0,1133.0
SIA,BA,202504,2601575,0211020036,55.0,283.25
SIA,BA,202504,3271110,0206010044,1.0,86.75
SIA,BA,202504,2386569,0211020036,537.0,2765.55
SIA,BA,202504,2507447,0206030010,2.0,740.0
SIA,BA,202504,2445204,0211020036,600.0,3090.0
SIA,BA,202504,2799839,0206010010,2.0,173.52
SIA,BA,202504,5546826,0211020036,6.0,30.9
SIA,BA,202504,4022262,0211020036,100.0,515.0
SIA,BA,202504,2526565,0211020036,80.0,412.0
SIA,BA,202504,2508176,0211020036,42.0,216.3
SIA,BA,202504,2402076,0206010060,1.0,97.44
SIA,BA,202504,2517744,0206010028,1.0,270.95
SIA,BA,202504,0607126,0206010044,1.0,86.75
SIA,BA,202504,2505606,0211020036,79.0,406.85
SIA,BA,202504,4785614,0211020036,1009.0,5196.35
SIA,BA,202504,2495090,0211020036,524.0,2698.6
SIA,BA,202504,2550032,0211020036,18.0,92.7
SIA,BA,202504,2493330,0211020036,199.0,1024.85
SIA,BA,202504,2801566,0211020036,225.0,1158.75
SIA,BA,202504,5375924,0211020036,7.0,36.05
SIA,BA,202504,2498634,0211020036,113.0,581.95
SIA,BA,202504,2487616,0211020036,102.0,525.3
SIA,BA,202504,2942208,0211020036,73.0,375.95
SIA,BA,202504,2525933,0211020036,364.0,1874.6
SIA,BA,202504,5889448,0206010044,2.0,173.5
SIA,BA,202504,2524805,0211020036,75.0,386.25
SIA,BA,202504,4029801,0211020036,32.0,164.8
SIA,BA,202504,0004294,0211020036,698.0,3594.7
SIA,BA,202504,3179648,0211020036,161.0,829.15
SIA,BA,202504,2532522,0211020036,269.0,1385.35
SIA,BA,202504,0003778,0206020023,1.0,86.75
SIA,BA,202504,9060537,0211020036,778.0,4006.7
SIA,BA,202504,2400693,0206010044,4.0,347.0
SIA,BA,202504,2603055,0211020036,281.0,1447.15
SIA,BA,202504,3827127,0211020036,19.0,97.85
SIA,BA,202504,6595197,0211020036,8.0,41.2
SIA,BA,202504,2598221,0211020036,47.0,242.05
SIA,BA,202504,9052844,0206010052,2.0,600.0
SIA,BA,202504,2386879,0211020036,84.0,432.6
SIA,BA,202504,3968537,0206030029,1.0,86.75
SIA,BA,202504,7223676,0211020036,62.0,319.3
SIA,BA,202504,2413299,0211020036,68.0,350.2
SIA,BA,202504,9052844,0206010044,5.0,1250.0
SIA,BA,202504,2601710,0211020036,106.0,545.9
SIA,BA,202504,2508222,0211020036,214.0,1102.1
SIA,BA,202504,2525933,0206010044,3.0,260.25
SIA,BA,202504,4025636,0211020036,481.0,2477.15
SIA,BA,202504,2602636,0211020036,93.0,478.95
SIA,BA,202504,2770512,0206030029,2.0,173.5
SIA,BA,202504,2416867,0211020036,350.0,1802.5
SIA,BA,202504,6908705,0211020036,2.0,10.3
SIA,BA,202504,9040803,0211020036,75.0,386.25
SIA,BA,202504,6855180,0211020036,980.0,5047.0
SIA,BA,202504,2488892,0211020010,46.0,33581.84
SIA,BA,202504,2509245,0211020036,121.0,623.15
SIA,BA,202504,6670385,0211020036,41.0,211.15
SIA,BA,202504,9024042,0211020036,276.0,1421.4
SIA,BA,202504,2498804,0211020036,43.0,221.45
SIA,BA,202504,6025692,0211020036,87.0,448.05
SIA,BA,202504,2799790,0211020036,299.0,1539.85
SIA,BA,202504,2523310,0211020036,36.0,185.4
SIA,BA,202504,2598183,0211020036,101.0,520.15
SIA,BA,202504,9507949,0206010010,1.0,86.76
SIA,BA,202504,2402076,0211020036,360.0,1854.0
SIA,BA,202504,2387042,0211020036,115.0,592.25
SIA,BA,202504,9600299,0211020036,428.0,11115.16
SIA,BA,202504,3124940,0211020036,306.0,1575.9
SIA,BA,202504,6298354,0211020036,234.0,1205.1
SIA,BA,202504,6595197,0206020023,1.0,86.75
SIA,BA,202504,0003913,0211020036,372.0,1915.8
SIA,BA,202504,2386305,0211020036,20.0,103.0
SIA,BA,202504,2985470,0206020031,4.0,986.64
SIA,BA,202504,2799812,0211020036,124.0,638.6
SIA,BA,202504,2597586,0211020036,150.0,772.5
SIA,BA,202504,2400669,0211020036,197.0,1014.55
SIA,BA,202504,2549182,0211020036,275.0,1416.25
SIA,BA,202504,5401755,0211020036,10.0,51.5
SIA,BA,202504,2415844,0206030029,1.0,86.75
SIA,BA,202504,9133585,0211020036,148.0,762.2
SIA,BA,202504,9347135,0211020036,8.0,41.2
SIA,BA,202504,2487756,0211020010,25.0,18251.0
SIA,BA,202504,2601680,0211020010,44.0,32121.76
SIA,BA,202504,3948684,0206030010,4.0,554.52
SIA,BA,202504,2601427,0211020036,51.0,262.65
SIA,BA,202504,4022718,0206010079,6.0,584.64
SIA,BA,202504,2802015,0211020036,36.0,185.4
SIA,BA,202504,4032691,0211020036,104.0,535.6
SIA,BA,202504,6345891,0206010044,1.0,86.75
SIA,BA,202504,5005027,0211020036,1.0,5.15
SIA,BA,202504,2772280,0211020010,74.0,54022.96
SIA,BA,202504,4022750,0211020036,100.0,515.0
SIA,BA,202504,2601591,0211020036,157.0,808.55
SIA,BA,202504,4022807,0211020036,100.0,515.0
SIA,BA,202504,2487438,0206030029,4.0,347.0
SIA,BA,202504,2802112,0206020023,2.0,173.5
SIA,BA,202504,2505843,0211020036,56.0,1400.0
SIA,BA,202504,2556847,0206010044,1.0,245.0
SIA,BA,202504,2400693,0206030029,2.0,173.5
SIA,BA,202504,2506254,0211020036,60.0,309.0
SIA,BA,202504,2938499,0206010052,2.0,173.5
SIA,BA,202504,0003859,0206030029,3.0,260.25
SIA,BA,202504,2939363,0211020036,138.0,710.7
SIA,BA,202504,3271110,0206010010,2.0,173.52
SIA,BA,202504,2771292,0211020036,72.0,370.8
SIA,BA,202504,2387581,0211020036,169.0,870.35
SIA,BA,202504,2802112,0206010052,2.0,173.5
SIA,BA,202504,2506211,0211020036,57.0,1425.0
SIA,BA,202504,0209023,0211020036,160.0,824.0
SIA,BA,202504,2488892,0208010033,1.0,383.07
SIA,BA,202504,7171897,0211020036,258.0,1328.7
SIA,BA,202504,2600730,0211020036,22.0,113.3
SIA,BA,202504,2801558,0211020036,140.0,721.0
SIA,BA,202504,2488892,0208010025,1.0,408.52
SIA,BA,202504,9078673,0211020036,337.0,1735.55
SIA,BA,202504,2301318,0211020036,25.0,128.75
SIA,BA,202504,4736346,0211020036,16.0,82.4
SIA,BA,202504,2557096,0211020036,226.0,1163.9
SIA,BA,202504,4446321,0206030010,1.0,138.63
SIA,BA,202504,4028740,0211020036,28.0,144.2
SIA,BA,202504,6237509,0206010028,1.0,245.0
SIA,BA,202504,2507447,0206010079,1.0,220.0
SIA,BA,202504,3358860,0211020036,55.0,283.25
SIA,BA,202504,0003921,0206030029,1.0,86.75
SIA,BA,202504,0607126,0206030029,1.0,86.75
SIA,BA,202504,0004251,0206010044,1.0,86.75
SIA,BA,202504,2388626,0211020036,284.0,1462.6
SIA,BA,202504,2384523,0211020036,2.0,10.3
SIA,BA,202504,3968537,0206010052,1.0,86.75
SIA,BA,202504,0133965,0211020036,396.0,2039.4
SIA,BA,202504,2722879,0211020060,14.0,420.0
SIA,BA,202504,2483629,0211020036,70.0,360.5
SIA,BA,202504,4022416,0211020036,213.0,1096.95
SIA,BA,202504,2301385,0211020036,63.0,324.45
SIA,BA,202505,0003859,0211020010,13.0,9490.52
SIA,BA,202505,0003875,0211020010,355.0,259164.2
SIA,BA,202505,2913348,0206010079,110.0,10718.4
SIA,BA,202505,2942208,0206010079,80.0,7795.2
SIA,BA,202505,2862301,0206010079,84.0,8184.96
SIA,BA,202505,2804034,0206030010,213.0,29528.19
SIA,BA,202505,4578732,0206030010,41.0,5683.83
SIA,BA,202505,6414702,0206030010,377.0,52263.51
SIA,BA,202505,6414702,0206010079,461.0,44919.84
SIA,BA,202505,6595197,0206030010,87.0,12060.81
SIA,BA,202505,6602533,0206010079,141.0,13739.04
SIA,BA,202505,4028155,0206010079,103.0,10036.32
SIA,BA,202505,9507930,0206010079,277.0,26990.88
SIA,BA,202505,9507949,0206030010,67.0,9288.21
SIA,BA,202505,9383298,0206010079,85.0,8282.4
SIA,BA,202505,9507930,0206030010,180.0,24953.4
SIA,BA,202505,9516182,0206010079,170.0,16564.8
SIA,BA,202505,9516182,0211020060,30.0,900.0
SIA,BA,202505,2913348,0206030010,61.0,8456.43
SIA,BA,202505,9922962,0206010079,212.0,20657.28
SIA,BA,202505,9966366,0206030010,101.0,14001.63
SIA,BA,202505,9949763,0206030037,86.0,11922.18
SIA,BA,202505,9949763,0206010079,204.0,19877.76
SIA,BA,202505,2385171,0206010079,300.0,29232.0
SIA,BA,202505,9915583,0206030010,96.0,13308.48
SIA,BA,202505,9866027,0211020060,136.0,4080.0
SIA,BA,202505,9866035,0206010079,262.0,25529.28
SIA,BA,202505,9915583,0206010079,184.0,17928.96
SIA,BA,202505,9866035,0211020060,95.0,2850.0
SIA,BA,202505,9837841,0206010079,108.0,10523.52
SIA,BA,202505,9837841,0211020060,41.0,1230.0
SIA,BA,202505,2802090,0206010079,156.0,15200.64
SIA,BA,202505,9866035,0206010044,54.0,4684.5
SIA,BA,202505,2802090,0206030010,113.0,15665.19
SIA,BA,202505,2802104,0206030010,238.0,32993.94
SIA,BA,202505,0003816,0211020010,38.0,27741.52
SIA,BA,202505,0786608,0206010079,192.0,18708.48
SIA,BA,202505,0829781,0206030010,123.0,17051.49
SIA,BA,202505,0059218,0211020060,75.0,2250.0
SIA,BA,202505,0829781,0206010079,257.0,25042.08
SIA,BA,202505,0785245,0206030010,48.0,6654.24
SIA,BA,202505,0003980,0206010079,261.0,25431.84
SIA,BA,202505,2549905,0206010079,209.0,20364.96
SIA,BA,202505,2525933,0206010079,70.0,6820.8
SIA,BA,202505,2388057,0206010079,372.0,36247.68
SIA,BA,202505,2388057,0206030010,245.0,33964.35
SIA,BA,202505,0884189,0206010079,229.0,22313.76
SIA,BA,202505,0786608,0206030010,103.0,14278.89
SIA,BA,202505,0003816,0211020060,99.0,2970.0
SIA,BA,202505,0003816,0206030010,172.0,23844.36
SIA,BA,202505,0003786,0206030010,416.0,57670.08
SIA,BA,202505,0004294,0206010079,688.0,67038.72
SIA,BA,202505,0004294,0206030010,144.0,19962.72
SIA,BA,202505,0004073,0206010079,41.0,3995.04
SIA,BA,202505,2799758,0206010079,470.0,45796.8
SIA,BA,202505,2799758,0206030037,168.0,23289.84
SIA,BA,202505,2799790,0206010079,170.0,16564.8
SIA,BA,202505,2799790,0206030010,161.0,22319.43
SIA,BA,202505,2802023,0206010079,200.0,19488.0
SIA,BA,202505,2802023,0206030010,150.0,20794.5
SIA,BA,202505,2799758,0206030010,199.0,27587.37
SIA,BA,202505,2550032,0206030037,6.0,831.78
SIA,BA,202505,2520613,0206030010,117.0,16219.71
SIA,BA,202505,2414244,0206030010,28.0,3881.64
SIA,BA,202505,2414244,0206010079,73.0,7113.12
SIA,BA,202505,2470748,0206010079,92.0,8964.48
SIA,BA,202505,2487438,0206010079,176.0,17149.44
SIA,BA,202505,2938499,0206020031,58.0,7911.78
SIA,BA,202505,0003980,0206030010,208.0,28835.04
SIA,BA,202505,0785245,0206010079,92.0,8964.48
SIA,BA,202505,2802104,0206010079,82.0,7990.08
SIA,BA,202505,0003816,0206030037,158.0,21903.54
SIA,BA,202505,4578732,0206010079,60.0,5846.4
SIA,BA,202505,6595197,0206010079,203.0,19780.32
SIA,BA,202505,9383298,0206030010,36.0,4990.68
SIA,BA,202505,9507949,0206010079,150.0,14616.0
SIA,BA,202505,0003816,0206010079,79.0,7697.76
SIA,BA,202505,2401665,0211020036,49.0,252.35
SIA,BA,202505,9443665,0206010052,47.0,4077.25
SIA,BA,202505,9373853,0206020015,10.0,867.5
SIA,BA,202505,9373853,0206010044,37.0,3209.75
SIA,BA,202505,9443665,0206010010,48.0,4164.48
SIA,BA,202505,2549905,0206030010,144.0,19962.72
SIA,BA,202505,0832014,0206010079,244.0,23775.36
SIA,BA,202505,0884189,0211020060,64.0,1920.0
SIA,BA,202505,0832014,0206030010,39.0,5406.57
SIA,BA,202505,0832014,0211020060,66.0,1980.0
SIA,BA,202505,2497751,0206010010,26.0,2255.76
SIA,BA,202505,4026896,0206010044,59.0,5118.25
SIA,BA,202505,2601680,0206030010,54.0,7486.02
SIA,BA,202505,2487756,0211020010,23.0,16790.92
SIA,BA,202505,2497751,0206010028,26.0,2628.6
SIA,BA,202505,0003859,0206010079,70.0,6820.8
SIA,BA,202505,3968537,0206030010,23.0,3188.49
SIA,BA,202505,4028155,0206030010,216.0,29944.08
SIA,BA,202505,9966366,0206010079,253.0,24652.32
SIA,BA,202505,9949763,0206030010,81.0,11229.03
SIA,BA,202505,4145542,0206010079,117.0,11400.48
SIA,BA,202505,3972925,0206030010,171.0,23705.73
SIA,BA,202505,4145542,0206030010,55.0,7624.65
SIA,BA,202505,9866035,0206030010,103.0,14278.89
SIA,BA,202505,9837841,0206030010,65.0,9010.95
SIA,BA,202505,2942585,0206030010,97.0,13447.11
SIA,BA,202505,0003875,0211020060,30.0,900.0
SIA,BA,202505,0003859,0206030010,62.0,8595.06
SIA,BA,202505,5439051,0211020036,147.0,3817.59
SIA,BA,202505,6194745,0211020036,95.0,2467.15
SIA,BA,202505,2505444,0211020036,263.0,6830.11
SIA,BA,202505,6238742,0211020036,90.0,2337.3
SIA,BA,202505,7094647,0206020031,28.0,3819.48
SIA,BA,202505,3154904,0208010033,58.0,22218.06
SIA,BA,202505,0003921,0206030010,109.0,15110.67
SIA,BA,202505,2387581,0211020036,176.0,906.4
SIA,BA,202505,0059218,0206010079,132.0,12862.08
SIA,BA,202505,2942585,0206010044,34.0,2949.5
SIA,BA,202505,0003921,0206010079,22.0,2143.68
SIA,BA,202505,2487438,0206030010,109.0,15110.67
SIA,BA,202505,2862301,0206010044,9.0,780.75
SIA,BA,202505,4389034,0211020060,75.0,2250.0
SIA,BA,202505,4145542,0211020060,36.0,1080.0
SIA,BA,202505,9922962,0211020060,111.0,3330.0
SIA,BA,202505,9507930,0211020060,71.0,2130.0
SIA,BA,202505,9372822,0206010079,243.0,23677.92
SIA,BA,202505,9922962,0206030010,94.0,13031.22
SIA,BA,202505,9373853,0211020060,135.0,4050.0
SIA,BA,202505,4026896,0206010079,282.0,27478.08
SIA,BA,202505,9372822,0211020060,69.0,2070.0
SIA,BA,202505,9373853,0206010079,270.0,26308.8
SIA,BA,202505,9373853,0206030010,100.0,13863.0
SIA,BA,202505,9372822,0206030010,71.0,9842.73
SIA,BA,202505,9373845,0211020060,95.0,2850.0
SIA,BA,202505,9373845,0206010079,46.0,4482.24
SIA,BA,202505,2804034,0206010079,296.0,28842.24
SIA,BA,202505,9516182,0206030010,71.0,9842.73
SIA,BA,202505,2802023,0206020015,19.0,1648.25
SIA,BA,202505,0004294,0206010044,264.0,22902.0
SIA,BA,202505,0003859,0206010044,12.0,1041.0
SIA,BA,202505,0786608,0206010044,45.0,3903.75
SIA,BA,202505,0884189,0206030010,91.0,12615.33
SIA,BA,202505,2799758,0206010010,105.0,9109.8
SIA,BA,202505,2772280,0211020010,58.0,42342.32
SIA,BA,202505,9949763,0211020060,97.0,2910.0
SIA,BA,202505,4880048,0206010079,2.0,194.88
SIA,BA,202505,0003778,0206030010,18.0,2495.34
SIA,BA,202505,3972925,0206010079,163.0,15882.72
SIA,BA,202505,4026896,0206030010,176.0,24398.88
SIA,BA,202505,2862301,0206030010,40.0,5545.2
SIA,BA,202505,4028481,0211020036,100.0,515.0
SIA,BA,202505,2525933,0206030010,25.0,3465.75
SIA,BA,202505,0005428,0206010079,53.0,5164.32
SIA,BA,202505,2400693,0206030010,33.0,4574.79
SIA,BA,202505,2942208,0206030010,93.0,12892.59
SIA,BA,202505,9373845,0206030010,59.0,8179.17
SIA,BA,202505,2942585,0206010079,111.0,10815.84
SIA,BA,202505,2942208,0211020060,45.0,1350.0
SIA,BA,202505,9507949,0211020060,23.0,690.0
SIA,BA,202505,2497751,0206010079,139.0,13544.16
SIA,BA,202505,2770512,0206030037,46.0,6376.98
SIA,BA,202505,0003786,0206010079,144.0,14031.36
SIA,BA,202505,0003875,0206030010,118.0,16358.34
SIA,BA,202505,3295451,0208010033,43.0,16472.01
SIA,BA,202505,2525933,0206010044,6.0,520.5
SIA,BA,202505,3154904,0208010025,58.0,23694.16
SIA,BA,202505,0003786,0206030037,547.0,75830.61
SIA,BA,202505,0003832,0208010033,86.0,32944.02
SIA,BA,202505,2802104,0206010044,54.0,4684.5
SIA,BA,202505,2799839,0206010044,47.0,4077.25
SIA,BA,202505,0003832,0206020031,67.0,9139.47
SIA,BA,202505,2402076,0206020031,80.0,10912.8
SIA,BA,202505,3054799,0211020036,200.0,1030.0
SIA,BA,202505,2497751,0206030037,14.0,1940.82
SIA,BA,202505,2523310,0211020036,23.0,118.45
SIA,BA,202505,2497751,0206010036,24.0,2082.24
SIA,BA,202505,0003786,0208010033,154.0,58992.78
SIA,BA,202505,9507930,0206010044,60.0,5205.0
SIA,BA,202505,9516182,0206010044,49.0,4250.75
SIA,BA,202505,2487438,0206030037,112.0,15526.56
SIA,BA,202505,2386569,0206010079,208.0,20267.52
SIA,BA,202505,6908705,0211020036,3.0,15.45
SIA,BA,202505,2938499,0206010079,100.0,9744.0
SIA,BA,202505,2770512,0206010079,105.0,10231.2
SIA,BA,202505,3968537,0206030037,3.0,415.89
SIA,BA,202505,0004820,0206030037,27.0,3743.01
SIA,BA,202505,7094647,0206030010,14.0,1940.82
SIA,BA,202505,4022718,0206010036,4.0,347.04
SIA,BA,202505,0004278,0206030037,28.0,3881.64
SIA,BA,202505,2799758,0206020031,219.0,29873.79
SIA,BA,202505,2388057,0206010044,35.0,3036.25
SIA,BA,202505,0832014,0206010044,33.0,2862.75
SIA,BA,202505,0832014,0206020015,6.0,520.5
SIA,BA,202505,6595197,0206020015,15.0,1301.25
SIA,BA,202505,9507949,0206010044,27.0,2342.25
SIA,BA,202505,9443665,0206010036,22.0,1908.72
SIA,BA,202505,9949763,0206020031,73.0,9957.93
SIA,BA,202505,0003816,0206020031,273.0,37239.93
SIA,BA,202505,2497751,0206020023,77.0,6679.75
SIA,BA,202505,0884189,0206010044,30.0,2602.5
SIA,BA,202505,4028155,0206010044,16.0,1388.0
SIA,BA,202505,2627418,0206010028,34.0,3437.4
SIA,BA,202505,2804034,0206010044,43.0,3730.25
SIA,BA,202505,6595197,0206010044,31.0,2689.25
SIA,BA,202505,3464156,0206030037,13.0,1802.19
SIA,BA,202505,9560785,0211020036,280.0,1442.0
SIA,BA,202505,2407205,0206010044,18.0,1561.5
SIA,BA,202505,2388057,0206020015,19.0,1648.25
SIA,BA,202505,2802023,0206010044,43.0,3730.25
SIA,BA,202505,2799758,0206010036,20.0,1735.2
SIA,BA,202505,6414702,0206010044,30.0,2602.5
SIA,BA,202505,6476120,0206030037,6.0,2229.18
SIA,BA,202505,9949763,0206010044,28.0,2429.0
SIA,BA,202505,2386569,0206020031,102.0,13913.82
SIA,BA,202505,0003786,0206010044,63.0,5465.25
SIA,BA,202505,9443665,0206030037,171.0,23705.73
SIA,BA,202505,9949763,0206010036,4.0,347.04
SIA,BA,202505,4578732,0206020015,5.0,433.75
SIA,BA,202505,7092776,0211020060,24.0,720.0
SIA,BA,202505,2400693,0206010079,32.0,3118.08
SIA,BA,202505,0004294,0206020015,35.0,3036.25
SIA,BA,202505,6251803,0206030010,6.0,831.78
SIA,BA,202505,2601680,0206020031,61.0,8321.01
SIA,BA,202505,0003921,0206020015,11.0,954.25
SIA,BA,202505,2799758,0206020023,11.0,954.25
SIA,BA,202505,9866035,0206020015,4.0,347.0
SIA,BA,202505,2487756,0211020060,79.0,2370.0
SIA,BA,202505,9516182,0206020015,12.0,1041.0
SIA,BA,202505,9922962,0206010044,36.0,3123.0
SIA,BA,202505,2942208,0206010044,40.0,3470.0
SIA,BA,202505,2799839,0206030010,39.0,5406.57
SIA,BA,202505,9915583,0206010044,29.0,2515.75
SIA,BA,202505,2386569,0206030037,134.0,18576.42
SIA,BA,202505,0003980,0206020015,31.0,2689.25
SIA,BA,202505,3271110,0206020031,34.0,4637.94
SIA,BA,202505,2415844,0206030010,17.0,2356.71
SIA,BA,202505,0004073,0206030010,61.0,8456.43
SIA,BA,202505,2942585,0211020060,40.0,1200.0
SIA,BA,202505,6602533,0206030010,8.0,1109.04
SIA,BA,202505,2799758,0206010044,125.0,10843.75
SIA,BA,202505,0829781,0206010044,46.0,3990.5
SIA,BA,202505,2653125,0211020036,85.0,437.75
SIA,BA,202505,2799839,0206010079,50.0,4872.0
SIA,BA,202505,2938499,0206010036,3.0,260.28
SIA,BA,202505,2771365,0211020036,3.0,15.45
SIA,BA,202505,2802112,0206020031,42.0,5729.22
SIA,BA,202505,9372822,0206010044,49.0,4250.75
SIA,BA,202505,0003832,0206030037,63.0,8733.69
SIA,BA,202505,2802090,0206010044,16.0,1388.0
SIA,BA,202505,2549905,0206010044,20.0,1735.0
SIA,BA,202505,4026896,0206020015,8.0,694.0
SIA,BA,202505,2601680,0211020036,5.0,25.75
SIA,BA,202505,4446321,0206010079,3.0,292.32
SIA,BA,202505,2938499,0206030029,13.0,1127.75
SIA,BA,202505,3948684,0206030010,12.0,1663.56
SIA,BA,202505,0004073,0206010044,6.0,520.5
SIA,BA,202505,9561056,0211020036,144.0,741.6
SIA,BA,202505,2494973,0206020015,1.0,86.75
SIA,BA,202505,2445204,0205010016,15.0,2475.0
SIA,BA,202505,0003816,0206010044,59.0,5118.25
SIA,BA,202505,2489511,0208010033,21.0,8044.47
SIA,BA,202505,4578732,0206010044,5.0,433.75
SIA,BA,202505,0004251,0208010033,46.0,17621.22
SIA,BA,202505,0829781,0206020015,14.0,1214.5
SIA,BA,202505,0003875,0206010079,25.0,2436.0
SIA,BA,202505,0003816,0206010010,13.0,1127.88
SIA,BA,202505,3968537,0206010079,32.0,3118.08
SIA,BA,202505,0059218,0206010044,28.0,2429.0
SIA,BA,202505,0607126,0206020015,2.0,173.5
SIA,BA,202505,9373845,0206010044,10.0,867.5
SIA,BA,202505,9922962,0206020015,6.0,520.5
SIA,BA,202505,2489511,0208010025,21.0,8578.92
SIA,BA,202505,4446321,0206020015,20.0,1648.25
SIA,BA,202505,6345891,0206030010,13.0,1802.19
SIA,BA,202505,0004820,0206020031,19.0,2591.79
SIA,BA,202505,2494973,0206010044,24.0,2082.0
SIA,BA,202505,9915583,0206020015,8.0,694.0
SIA,BA,202505,2620464,0211020036,97.0,499.55
SIA,BA,202505,6561411,0211020036,86.0,442.9
SIA,BA,202505,2487438,0206020031,58.0,7911.78
SIA,BA,202505,2487438,0206010044,33.0,2862.75
SIA,BA,202505,2470748,0206020015,2.0,173.5
SIA,BA,202505,0004251,0206030037,9.0,1247.67
SIA,BA,202505,2802112,0206010044,7.0,607.25
SIA,BA,202505,2802112,0206010010,6.0,520.56
SIA,BA,202505,0003786,0206020031,577.0,78708.57
SIA,BA,202505,2520613,0206010010,5.0,433.8
SIA,BA,202505,0003980,0206010044,26.0,2255.5
SIA,BA,202505,2802090,0206020015,4.0,347.0
SIA,BA,202505,0785245,0206020015,4.0,347.0
SIA,BA,202505,0607126,0206010079,10.0,974.4
SIA,BA,202505,5889448,0206010079,7.0,682.08
SIA,BA,202505,2913348,0206010044,11.0,954.25
SIA,BA,202505,2804034,0206020015,21.0,1821.75
SIA,BA,202505,9966366,0206010044,22.0,1908.5
SIA,BA,202505,0004073,0206020015,2.0,173.5
SIA,BA,202505,2799286,0206030010,16.0,2218.08
SIA,BA,202505,2386569,0206010028,23.0,2325.3
SIA,BA,202505,3972925,0206010044,48.0,4164.0
SIA,BA,202505,0785245,0206010044,29.0,2515.75
SIA,BA,202505,7675135,0206010079,5.0,487.2
SIA,BA,202505,0005428,0206030010,13.0,1802.19
SIA,BA,202505,0786608,0206020015,9.0,780.75
SIA,BA,202505,2520613,0206030029,8.0,694.0
SIA,BA,202505,7171897,0211020036,312.0,1606.8
SIA,BA,202505,2601680,0211020010,50.0,36502.0
SIA,BA,202505,4022718,0206010010,5.0,433.8
SIA,BA,202505,2470748,0206010044,7.0,607.25
SIA,BA,202505,2799790,0206010044,18.0,1561.5
SIA,BA,202505,0607126,0206030010,10.0,1386.3
SIA,BA,202505,2487438,0206010010,28.0,2429.28
SIA,BA,202505,0003832,0206010079,31.0,3020.64
SIA,BA,202505,2415844,0206010079,27.0,2630.88
SIA,BA,202505,3972925,0206020015,8.0,694.0
SIA,BA,202505,2487438,0206020015,5.0,433.75
SIA,BA,202505,2520613,0211020036,148.0,762.2
SIA,BA,202505,4145542,0206010044,12.0,1041.0
SIA,BA,202505,6602533,0206010044,5.0,433.75
SIA,BA,202505,6772838,0206030037,30.0,11100.0
SIA,BA,202505,0003875,0206010044,2.0,173.5
SIA,BA,202505,0059218,0206030010,57.0,7901.91
SIA,BA,202505,2799790,0206020015,11.0,954.25
SIA,BA,202505,0003859,0206020015,4.0,347.0
SIA,BA,202505,6476120,0206010079,3.0,783.42
SIA,BA,202505,2407205,0206010052,37.0,3209.75
SIA,BA,202505,0003786,0206010036,16.0,1388.16
SIA,BA,202505,0003778,0206010044,1.0,86.75
SIA,BA,202505,2400693,0206010044,6.0,520.5
SIA,BA,202505,4022718,0206010044,12.0,1041.0
SIA,BA,202505,6345891,0206010079,5.0,487.2
SIA,BA,202505,0003875,0206020015,3.0,260.25
SIA,BA,202505,2942208,0206020015,5.0,433.75
SIA,BA,202505,6251803,0206010036,1.0,86.76
SIA,BA,202505,2497751,0206020031,15.0,2046.15
SIA,BA,202505,2470748,0206030010,43.0,5961.09
SIA,BA,202505,2556847,0206010028,1.0,245.0
SIA,BA,202505,9383298,0206010044,11.0,954.25
SIA,BA,202505,0003778,0206010079,24.0,2338.56
SIA,BA,202505,9949763,0206010010,11.0,954.36
SIA,BA,202505,0003921,0206010044,4.0,347.0
SIA,BA,202505,9052844,0206030037,15.0,5550.0
SIA,BA,202505,2488892,0211020060,4.0,120.0
SIA,BA,202505,0004251,0206020023,1.0,86.75
SIA,BA,202505,0003786,0206020023,10.0,867.5
SIA,BA,202505,6251803,0206010028,2.0,202.2
SIA,BA,202505,2414244,0206010044,8.0,694.0
SIA,BA,202505,2402076,0206020023,2.0,173.5
SIA,BA,202505,6414702,0206020015,11.0,954.25
SIA,BA,202505,9600299,0211020036,557.0,14465.29
SIA,BA,202505,2304953,0211020036,328.0,1689.2
SIA,BA,202505,9443665,0206020023,4.0,347.0
SIA,BA,202505,2659069,0211020036,68.0,1765.96
SIA,BA,202505,0004251,0206010079,5.0,487.2
SIA,BA,202505,2550032,0206030010,4.0,554.52
SIA,BA,202505,2772280,0206010079,3.0,292.32
SIA,BA,202505,2862301,0206020015,3.0,260.25
SIA,BA,202505,9837841,0206020015,4.0,347.0
SIA,BA,202505,2387263,0211020036,8.0,41.2
SIA,BA,202505,7675135,0206010036,1.0,86.76
SIA,BA,202505,7117507,0211020036,8.0,41.2
SIA,BA,202505,5731887,0211020036,83.0,427.45
SIA,BA,202505,2550032,0206010044,3.0,260.25
SIA,BA,202505,2388057,0206020023,14.0,1214.5
SIA,BA,202505,0832014,0211020036,212.0,1091.8
SIA,BA,202505,0829781,0211020036,256.0,1318.4
SIA,BA,202505,0785245,0211020036,393.0,2023.95
SIA,BA,202505,0059218,0211020036,435.0,2240.25
SIA,BA,202505,2627418,0206010079,100.0,9744.0
SIA,BA,202505,2942585,0206010010,10.0,867.6
SIA,BA,202505,2942208,0206030037,91.0,12615.33
SIA,BA,202505,2942585,0206030037,96.0,13308.48
SIA,BA,202505,3972925,0206030037,166.0,23012.58
SIA,BA,202505,4028155,0206030037,208.0,28835.04
SIA,BA,202505,9922962,0206030037,85.0,11783.55
SIA,BA,202505,9007148,0211020036,1294.0,6664.1
SIA,BA,202505,6491499,0211020036,73.0,375.95
SIA,BA,202505,4671244,0211020036,924.0,4722.55
SIA,BA,202505,9866035,0206030037,105.0,14556.15
SIA,BA,202505,9966366,0206030037,98.0,13585.74
SIA,BA,202505,4446321,0206030037,58.0,8040.54
SIA,BA,202505,9949763,0211020036,138.0,710.7
SIA,BA,202505,4145542,0206030037,53.0,7347.39
SIA,BA,202505,9372822,0206030037,77.0,10674.51
SIA,BA,202505,9373845,0206030037,52.0,7208.76
SIA,BA,202505,9372822,0206010010,45.0,3904.2
SIA,BA,202505,2386569,0206030010,122.0,16912.86
SIA,BA,202505,3893170,0211020036,256.0,1318.4
SIA,BA,202505,2799154,0211020036,74.0,381.1
SIA,BA,202505,9373853,0206030037,134.0,18576.42
SIA,BA,202505,9373853,0206010010,35.0,3036.6
SIA,BA,202505,9837841,0206030037,58.0,8040.54
SIA,BA,202505,9866035,0206010036,10.0,867.6
SIA,BA,202505,9922962,0206010010,29.0,2516.04
SIA,BA,202505,2497751,0206030010,4.0,554.52
SIA,BA,202505,4578732,0206030037,55.0,7624.65
SIA,BA,202505,4578732,0206010036,5.0,433.8
SIA,BA,202505,6414702,0206030037,385.0,53372.55
SIA,BA,202505,6595197,0206030037,89.0,12338.07
SIA,BA,202505,6595197,0206010036,7.0,607.32
SIA,BA,202505,6414702,0206010010,49.0,4251.24
SIA,BA,202505,9507930,0206030037,170.0,23567.1
SIA,BA,202505,9507949,0206030037,66.0,9149.58
SIA,BA,202505,9507930,0206010036,3.0,260.28
SIA,BA,202505,9383298,0206010010,11.0,954.36
SIA,BA,202505,4616685,0211020036,990.0,5098.5
SIA,BA,202505,0006564,0211020036,24.0,123.6
SIA,BA,202505,9443665,0206010079,300.0,29232.0
SIA,BA,202505,9443665,0211020036,674.0,3471.1
SIA,BA,202505,9443665,0206010044,29.0,2515.75
SIA,BA,202505,9443665,0206020031,140.0,19097.4
SIA,BA,202505,4022718,0206020031,73.0,9957.93
SIA,BA,202505,4022718,0206020015,2.0,173.5
SIA,BA,202505,9866027,0211020036,355.0,1828.25
SIA,BA,202505,4389034,0211020036,130.0,669.5
SIA,BA,202505,0004294,0206030037,159.0,22042.17
SIA,BA,202505,9776702,0211020036,614.0,3162.1
SIA,BA,202505,9837841,0211020036,260.0,1339.0
SIA,BA,202505,0003786,0208010025,152.0,62095.04
SIA,BA,202505,2509326,0211020036,235.0,1210.25
SIA,BA,202505,6772838,0206030010,15.0,5550.0
SIA,BA,202505,2407205,0206020031,114.0,15550.74
SIA,BA,202505,4022718,0206030037,71.0,9842.73
SIA,BA,202505,9966366,0206010010,21.0,1821.96
SIA,BA,202505,9922962,0206010036,6.0,520.56
SIA,BA,202505,2627418,0206030010,101.0,14001.63
SIA,BA,202505,2802104,0206030037,222.0,30775.86
SIA,BA,202505,0786608,0206030037,94.0,13031.22
SIA,BA,202505,0829781,0206030037,145.0,20101.35
SIA,BA,202505,0829781,0206010010,24.0,2082.24
SIA,BA,202505,0785245,0206030037,56.0,7763.28
SIA,BA,202505,0786608,0206010010,10.0,867.6
SIA,BA,202505,2524996,0211020036,20.0,103.0
SIA,BA,202505,9516182,0206010010,25.0,2169.0
SIA,BA,202505,2804034,0206030037,218.0,30221.34
SIA,BA,202505,2804034,0206010010,58.0,5032.08
SIA,BA,202505,6595197,0206010010,38.0,3296.88
SIA,BA,202505,6414702,0206010036,7.0,607.32
SIA,BA,202505,9383298,0206030037,39.0,5406.57
SIA,BA,202505,9516182,0206030037,95.0,13169.85
SIA,BA,202505,2862301,0206010010,8.0,694.08
SIA,BA,202505,2913348,0206030037,90.0,12476.7
SIA,BA,202505,4026896,0206030037,166.0,23012.58
SIA,BA,202505,4026896,0206010036,8.0,694.08
SIA,BA,202505,4145542,0206010010,6.0,520.56
SIA,BA,202505,4446321,0206010036,5.0,433.8
SIA,BA,202505,7675135,0206010044,4.0,347.0
SIA,BA,202505,0004294,0206010010,150.0,13014.0
SIA,BA,202505,0004294,0206010036,71.0,6159.96
SIA,BA,202505,2802023,0206030037,147.0,20378.61
SIA,BA,202505,2802023,0206010010,29.0,2516.04
SIA,BA,202505,2414244,0206030037,28.0,3881.64
SIA,BA,202505,2627418,0206010052,1.0,86.75
SIA,BA,202505,9516182,0211020036,214.0,1102.1
SIA,BA,202505,9373845,0211020036,200.0,1030.0
SIA,BA,202505,9372822,0211020036,196.0,1009.4
SIA,BA,202505,4145542,0211020036,133.0,684.95
SIA,BA,202505,2494973,0206010079,110.0,10718.4
SIA,BA,202505,4305183,0211020036,35.0,180.25
SIA,BA,202505,9507930,0211020036,350.0,1802.5
SIA,BA,202505,9507949,0211020036,249.0,1282.35
SIA,BA,202505,9373853,0211020036,236.0,1215.4
SIA,BA,202505,0003980,0206030037,214.0,29666.82
SIA,BA,202505,0003921,0206030037,106.0,14694.78
SIA,BA,202505,2388057,0206030037,291.0,40341.33
SIA,BA,202505,0832014,0206030037,45.0,6238.35
SIA,BA,202505,0884189,0206030037,87.0,12060.81
SIA,BA,202505,0003921,0206010036,10.0,867.6
SIA,BA,202505,7167156,0206030037,20.0,2772.6
SIA,BA,202505,4145542,0206010036,4.0,347.04
SIA,BA,202505,9372822,0206010036,13.0,1127.88
SIA,BA,202505,9373853,0206010036,16.0,1388.16
SIA,BA,202505,4028155,0206010010,8.0,694.08
SIA,BA,202505,4028155,0206010036,3.0,260.28
SIA,BA,202505,2706490,0211020036,87.0,448.05
SIA,BA,202505,6414702,0206020023,39.0,3383.25
SIA,BA,202505,9966366,0211020036,183.0,942.45
SIA,BA,202505,2799790,0206030037,174.0,24121.62
SIA,BA,202505,0003875,0206030037,59.0,8179.17
SIA,BA,202505,0003859,0206030037,66.0,9149.58
SIA,BA,202505,0786608,0211020036,45.0,231.75
SIA,BA,202505,0003778,0206030037,305.0,42282.15
SIA,BA,202505,2494973,0206020031,61.0,8321.01
SIA,BA,202505,2802104,0206020023,2.0,173.5
SIA,BA,202505,0059218,0206030037,73.0,10119.99
SIA,BA,202505,0004073,0206030037,60.0,8317.8
SIA,BA,202505,2938499,0206030037,74.0,10258.62
SIA,BA,202505,9516182,0206010036,12.0,1041.12
SIA,BA,202505,2550032,0206010079,4.0,389.76
SIA,BA,202505,2520613,0211020060,6.0,180.0
SIA,BA,202505,2487438,0206010036,3.0,260.28
SIA,BA,202505,2415844,0206030037,10.0,1386.3
SIA,BA,202505,3968537,0206020031,16.0,2182.56
SIA,BA,202505,6843271,0211020036,52.0,267.8
SIA,BA,202505,2384523,0211020036,1.0,5.15
SIA,BA,202505,0003832,0208010025,88.0,35949.76
SIA,BA,202505,0004251,0208010025,46.0,18791.92
SIA,BA,202505,2385171,0206030010,300.0,41589.0
SIA,BA,202505,9922962,0211020036,316.0,1627.4
SIA,BA,202505,2497751,0206030029,74.0,6419.5
SIA,BA,202505,2384779,0211020036,131.0,674.65
SIA,BA,202505,2770512,0206030010,40.0,5545.2
SIA,BA,202505,2488892,0211020010,38.0,27741.52
SIA,BA,202505,9866035,0206010010,24.0,2082.24
SIA,BA,202505,9915583,0206030037,84.0,11644.92
SIA,BA,202505,7521316,0211020036,527.0,2714.05
SIA,BA,202505,7476469,0211020036,380.0,1957.0
SIA,BA,202505,2388057,0206010036,33.0,2863.08
SIA,BA,202505,2388057,0206010010,37.0,3210.12
SIA,BA,202505,0832014,0206010010,17.0,1474.92
SIA,BA,202505,9837841,0206010010,6.0,520.56
SIA,BA,202505,4446321,0206010010,11.0,867.6
SIA,BA,202505,2913348,0211020036,79.0,406.85
SIA,BA,202505,0003859,0206020023,6.0,520.5
SIA,BA,202505,0884189,0211020036,159.0,818.85
SIA,BA,202505,2470748,0206030037,44.0,6099.72
SIA,BA,202505,0059218,0206010010,15.0,1301.4
SIA,BA,202505,2525933,0206030037,4.0,554.52
SIA,BA,202505,0005428,0206030037,14.0,1940.82
SIA,BA,202505,0004073,0206010010,4.0,347.04
SIA,BA,202505,2799790,0206010010,20.0,1735.2
SIA,BA,202505,2802090,0206010010,23.0,1995.48
SIA,BA,202505,2913348,0206010010,15.0,1301.4
SIA,BA,202505,3373223,0211020036,192.0,988.8
SIA,BA,202505,0607126,0206030037,11.0,1524.93
SIA,BA,202505,2799839,0206010036,4.0,347.04
SIA,BA,202505,0005428,0206010010,2.0,173.52
SIA,BA,202505,9966366,0206020015,5.0,433.75
SIA,BA,202505,0204595,0211020036,963.0,4959.45
SIA,BA,202505,9837841,0206010044,21.0,1821.75
SIA,BA,202505,0003786,0206020015,6.0,520.5
SIA,BA,202505,2407205,0206010079,49.0,4774.56
SIA,BA,202505,0004820,0206010095,15.0,31608.3
SIA,BA,202505,3972925,0206010010,63.0,5465.88
SIA,BA,202505,3972925,0206010036,9.0,780.84
SIA,BA,202505,2799286,0206030037,9.0,1247.67
SIA,BA,202505,2799839,0206020015,6.0,520.5
SIA,BA,202505,2799839,0206030037,39.0,5406.57
SIA,BA,202505,0832014,0206010036,9.0,780.84
SIA,BA,202505,2400693,0206030037,38.0,5267.94
SIA,BA,202505,2938499,0206010028,23.0,2325.3
SIA,BA,202505,7945671,0211020036,289.0,1488.35
SIA,BA,202505,9443665,0206020015,11.0,954.25
SIA,BA,202505,2497751,0206020015,19.0,1648.25
SIA,BA,202505,7395280,0211020036,100.0,515.0
SIA,BA,202505,2799839,0206010010,5.0,433.8
SIA,BA,202505,0003786,0206010010,13.0,1127.88
SIA,BA,202505,0028460,0211020036,615.0,3167.25
SIA,BA,202505,0004774,0211020036,744.0,3831.6
SIA,BA,202505,2801914,0211020036,464.0,2389.6
SIA,BA,202505,2304910,0211020036,30.0,154.5
SIA,BA,202505,9507930,0206010010,16.0,1388.16
SIA,BA,202505,2407205,0206030037,121.0,16774.23
SIA,BA,202505,0003778,0206010010,5.0,433.8
SIA,BA,202505,9915583,0206010036,5.0,433.8
SIA,BA,202505,0829781,0206010036,16.0,1388.16
SIA,BA,202505,3240622,0206010052,2.0,173.5
SIA,BA,202505,0004251,0206020031,21.0,2864.61
SIA,BA,202505,9915583,0206010010,11.0,954.36
SIA,BA,202505,6237509,0206010044,4.0,980.0
SIA,BA,202505,6988474,0211020036,4.0,20.6
SIA,BA,202505,9052844,0206030010,16.0,5920.0
SIA,BA,202505,2770512,0206010052,2.0,173.5
SIA,BA,202505,2407205,0206010028,3.0,303.3
SIA,BA,202505,4671244,0902010026,7.0,1400.0
SIA,BA,202505,2802015,0211020036,18.0,92.7
SIA,BA,202505,0003980,0206010036,3.0,260.28
SIA,BA,202505,0003980,0206010010,12.0,1041.12
SIA,BA,202505,2862301,0206010036,4.0,347.04
SIA,BA,202505,4578732,0206010010,23.0,1995.48
SIA,BA,202505,2938499,0206030010,68.0,9426.84
SIA,BA,202505,3295451,0208010025,43.0,17566.36
SIA,BA,202505,2804034,0206010036,18.0,1561.68
SIA,BA,202505,2913348,0206010036,7.0,607.32
SIA,BA,202505,3285022,0211020036,11.0,56.65
SIA,BA,202505,6943977,0211020036,370.0,1905.5
SIA,BA,202505,4022718,0206030010,67.0,9288.21
SIA,BA,202505,0884189,0206010010,6.0,520.56
SIA,BA,202505,9966366,0206010036,16.0,1388.16
SIA,BA,202505,4026896,0206010010,37.0,3210.12
SIA,BA,202505,0005061,0206020031,2.0,272.82
SIA,BA,202505,2942208,0206010010,8.0,694.08
SIA,BA,202505,9507930,0206020015,5.0,433.75
SIA,BA,202505,7633149,0211020036,903.0,4650.45
SIA,BA,202505,0785245,0206010010,11.0,954.36
SIA,BA,202505,0607126,0206010010,2.0,173.52
SIA,BA,202505,2402076,0206010052,9.0,780.75
SIA,BA,202505,2532387,0211020036,377.0,1941.55
SIA,BA,202505,9030158,0211020036,679.0,3496.85
SIA,BA,202505,2802090,0206030037,93.0,12892.59
SIA,BA,202505,4446321,0206010044,3.0,260.25
SIA,BA,202505,2549905,0206010010,9.0,780.84
SIA,BA,202505,0003875,0206010010,2.0,173.52
SIA,BA,202505,2549905,0206030037,25.0,3465.75
SIA,BA,202505,2804034,0206020023,10.0,867.5
SIA,BA,202505,0786608,0206010036,4.0,347.04
SIA,BA,202505,4267109,0211020036,215.0,1107.25
SIA,BA,202505,9372822,0206020015,4.0,347.0
SIA,BA,202505,2875802,0206030037,8.0,1109.04
SIA,BA,202505,4145542,0206020015,3.0,260.25
SIA,BA,202505,9052844,0206010010,2.0,440.0
SIA,BA,202505,2525933,0206010036,2.0,173.52
SIA,BA,202505,2942585,0206020023,12.0,1041.0
SIA,BA,202505,0004251,0206030010,14.0,1940.82
SIA,BA,202505,2799251,0211020036,362.0,1864.3
SIA,BA,202505,3464156,0206020031,7.0,954.87
SIA,BA,202505,2497751,0211020036,968.0,4985.2
SIA,BA,202505,2492881,0211020036,7.0,119.0
SIA,BA,202505,2802090,0206010036,7.0,607.32
SIA,BA,202505,4446321,0206010028,32.0,3033.0
SIA,BA,202505,4446321,0206030029,31.0,2515.75
SIA,BA,202505,0059218,0206010036,6.0,520.56
SIA,BA,202505,2388057,0206010052,34.0,2949.5
SIA,BA,202505,2388057,0206020031,158.0,21552.78
SIA,BA,202505,0884189,0206020031,86.0,11731.26
SIA,BA,202505,2388057,0206030029,31.0,2689.25
SIA,BA,202505,7033753,0211020036,486.0,2502.9
SIA,BA,202505,9373853,0206020031,194.0,26463.54
SIA,BA,202505,2510936,0211020036,77.0,396.55
SIA,BA,202505,9372822,0206020031,111.0,15141.51
SIA,BA,202505,4026896,0206010052,20.0,1735.0
SIA,BA,202505,4026896,0206020031,134.0,18278.94
SIA,BA,202505,0832014,0206020031,53.0,7229.73
SIA,BA,202505,0884189,0206010052,7.0,607.25
SIA,BA,202505,0884189,0206030029,12.0,1041.0
SIA,BA,202505,9443665,0211020060,260.0,7800.0
SIA,BA,202505,4578732,0206020031,43.0,5865.63
SIA,BA,202505,4578732,0206010052,5.0,433.75
SIA,BA,202505,9507949,0206010052,16.0,1388.0
SIA,BA,202505,9507930,0206010052,24.0,2082.0
SIA,BA,202505,9507930,0206020031,157.0,21416.37
SIA,BA,202505,9507949,0206020031,75.0,10230.75
SIA,BA,202505,6251803,0206030037,5.0,693.15
SIA,BA,202505,9516182,0206020031,97.0,13231.77
SIA,BA,202505,9507930,0206030029,6.0,520.5
SIA,BA,202505,4578732,0206030029,7.0,607.25
SIA,BA,202505,0003956,0211020060,101.0,3030.0
SIA,BA,202505,2520613,0206020031,77.0,10503.57
SIA,BA,202505,9516182,0206030029,31.0,2689.25
SIA,BA,202505,7167156,0206020031,67.0,9139.47
SIA,BA,202505,9373853,0206010052,7.0,607.25
SIA,BA,202505,2802112,0206010079,52.0,5066.88
SIA,BA,202505,2526557,0211020036,136.0,700.4
SIA,BA,202505,2627418,0206020031,69.0,9412.29
SIA,BA,202505,6251803,0206020031,5.0,682.05
SIA,BA,202505,4671244,0211020060,257.0,7710.0
SIA,BA,202505,2862301,0206030037,4.0,554.52
SIA,BA,202505,0004073,0206020031,57.0,7775.37
SIA,BA,202505,0004294,0206020031,188.0,25645.08
SIA,BA,202505,2799758,0206030029,26.0,2255.5
SIA,BA,202505,2802023,0206020031,171.0,23326.11
SIA,BA,202505,2799790,0206030029,23.0,1995.25
SIA,BA,202505,2802090,0206020031,51.0,6956.91
SIA,BA,202505,0003875,0208010025,189.0,77210.28
SIA,BA,202505,2802112,0206020015,6.0,520.5
SIA,BA,202505,4145542,0206020031,53.0,7229.73
SIA,BA,202505,3948684,0206020031,22.0,3001.02
SIA,BA,202505,9383298,0206020031,15.0,2046.15
SIA,BA,202505,9516182,0206010052,7.0,607.25
SIA,BA,202505,2804034,0206020031,159.0,21689.19
SIA,BA,202505,6595197,0206030029,20.0,1735.0
SIA,BA,202505,6414702,0206020031,76.0,10367.16
SIA,BA,202505,6595197,0206020031,23.0,3137.43
SIA,BA,202505,2913348,0206020031,64.0,8730.24
SIA,BA,202505,0004235,0211020060,460.0,13800.0
SIA,BA,202505,0003786,0206030029,4.0,347.0
SIA,BA,202505,4022718,0206010079,124.0,12082.56
SIA,BA,202505,0003786,0206010052,188.0,16309.0
SIA,BA,202505,2802104,0206020031,243.0,33147.63
SIA,BA,202505,2799790,0206020031,141.0,19233.81
SIA,BA,202505,0785245,0206010036,3.0,260.28
SIA,BA,202505,4145542,0206010052,9.0,780.75
SIA,BA,202505,4028155,0211020036,493.0,2538.95
SIA,BA,202505,2942208,0206030029,18.0,1561.5
SIA,BA,202505,2942208,0206020031,44.0,6002.04
SIA,BA,202505,4028155,0206020031,132.0,18006.12
SIA,BA,202505,9915583,0206030029,19.0,1648.25
SIA,BA,202505,9866035,0206020031,116.0,15823.56
SIA,BA,202505,9915583,0206020031,106.0,14459.46
SIA,BA,202505,3972925,0206020031,168.0,22916.88
SIA,BA,202505,2802112,0206030037,23.0,3188.49
SIA,BA,202505,9922962,0206030029,34.0,2949.5
SIA,BA,202505,9922962,0206020031,85.0,11594.85
SIA,BA,202505,2913348,0206010052,6.0,520.5
SIA,BA,202505,9966366,0206020031,103.0,14050.23
SIA,BA,202505,0003778,0206020031,180.0,24553.8
SIA,BA,202505,0829781,0206020031,126.0,17187.66
SIA,BA,202505,0059218,0206020031,79.0,10776.39
SIA,BA,202505,2525933,0206020031,28.0,3819.48
SIA,BA,202505,0005428,0206020031,59.0,8048.19
SIA,BA,202505,0004294,0206010052,29.0,2515.75
SIA,BA,202505,0785245,0206020031,62.0,8457.42
SIA,BA,202505,0829781,0206030029,34.0,2949.5
SIA,BA,202505,0785245,0206030029,5.0,433.75
SIA,BA,202505,0003816,0206010052,47.0,4077.25
SIA,BA,202505,9373853,0206030029,33.0,2862.75
SIA,BA,202505,4145542,0206030029,7.0,607.25
SIA,BA,202505,2557509,0211020036,267.0,1375.05
SIA,BA,202505,0607126,0206020031,5.0,682.05
SIA,BA,202505,0786608,0206010052,6.0,520.5
SIA,BA,202505,2414244,0206020031,22.0,3001.02
SIA,BA,202505,9372822,0206030029,23.0,1995.25
SIA,BA,202505,9837841,0206020031,49.0,6684.09
SIA,BA,202505,9866035,0206030029,5.0,433.75
SIA,BA,202505,4026896,0206030029,11.0,954.25
SIA,BA,202505,4446321,0206020023,57.0,4858.0
SIA,BA,202505,2772280,0206030010,6.0,831.78
SIA,BA,202505,0786608,0206020031,86.0,11731.26
SIA,BA,202505,2942585,0206030029,23.0,1995.25
SIA,BA,202505,0003921,0206020031,119.0,16232.79
SIA,BA,202505,4032837,0211020036,80.0,412.0
SIA,BA,202505,0004278,0206030029,3.0,260.25
SIA,BA,202505,9966366,0206030029,15.0,1301.25
SIA,BA,202505,9949763,0206030029,12.0,1041.0
SIA,BA,202505,9922962,0206010052,9.0,780.75
SIA,BA,202505,7033974,0211020036,644.0,3316.6
SIA,BA,202505,2802023,0206020023,19.0,1648.25
SIA,BA,202505,6595197,0206010052,5.0,433.75
SIA,BA,202505,6602533,0206010052,1.0,86.75
SIA,BA,202505,9373845,0206020031,42.0,5729.22
SIA,BA,202505,0884189,0206010036,3.0,260.28
SIA,BA,202505,0004065,0206020031,4.0,545.64
SIA,BA,202505,6237509,0206010079,29.0,8555.0
SIA,BA,202505,6237509,0206020031,18.0,6840.0
SIA,BA,202505,9915583,0206010052,7.0,607.25
SIA,BA,202505,2804034,0206030029,27.0,2342.25
SIA,BA,202505,9373845,0206010052,8.0,694.0
SIA,BA,202505,0003980,0206020031,48.0,6547.68
SIA,BA,202505,0003875,0206030029,19.0,1648.25
SIA,BA,202505,0003875,0206020031,204.0,27827.64
SIA,BA,202505,0003859,0206020031,65.0,8866.65
SIA,BA,202505,3972925,0206030029,10.0,867.5
SIA,BA,202505,9837841,0206010052,6.0,520.5
SIA,BA,202505,9866035,0206010052,10.0,867.5
SIA,BA,202505,2862301,0206020031,38.0,5183.58
SIA,BA,202505,2523299,0211020036,43.0,221.45
SIA,BA,202505,3271110,0206010079,45.0,4384.8
SIA,BA,202505,2926970,0206030010,5.0,693.15
SIA,BA,202505,2385171,0206010044,52.0,4511.0
SIA,BA,202505,2799758,0206020015,6.0,520.5
SIA,BA,202505,6602533,0206020031,9.0,1227.69
SIA,BA,202505,2407205,0206010010,4.0,347.04
SIA,BA,202505,0003921,0206020023,10.0,867.5
SIA,BA,202505,2802090,0206020023,4.0,347.0
SIA,BA,202505,9507949,0206030029,4.0,347.0
SIA,BA,202505,4026896,0211020036,161.0,829.15
SIA,BA,202505,2926970,0206030037,5.0,693.15
SIA,BA,202505,2549905,0211020036,116.0,597.4
SIA,BA,202505,2804034,0206010052,14.0,1214.5
SIA,BA,202505,2926970,0206010052,2.0,173.5
SIA,BA,202505,9507949,0206010036,1.0,86.76
SIA,BA,202505,2487438,0206020023,2.0,173.5
SIA,BA,202505,2597594,0211020036,172.0,885.8
SIA,BA,202505,2627418,0206010010,20.0,1735.2
SIA,BA,202505,4028155,0206010052,22.0,1908.5
SIA,BA,202505,9133585,0211020036,196.0,1009.4
SIA,BA,202505,2942585,0206020031,45.0,6138.45
SIA,BA,202505,3972925,0206010052,8.0,694.0
SIA,BA,202505,3358860,0211020036,78.0,401.7
SIA,BA,202505,3464156,0206010044,3.0,260.25
SIA,BA,202505,9383298,0206030029,5.0,433.75
SIA,BA,202505,2597586,0211020036,180.0,927.0
SIA,BA,202505,2550032,0211020060,2.0,60.0
SIA,BA,202505,2387042,0211020036,130.0,669.5
SIA,BA,202505,9949763,0206010052,11.0,954.25
SIA,BA,202505,9481966,0208010033,14.0,5362.98
SIA,BA,202505,2509954,0211020036,58.0,298.7
SIA,BA,202505,0003778,0206010036,6.0,520.56
SIA,BA,202505,3240622,0206030010,6.0,831.78
SIA,BA,202505,2799758,0206010028,26.0,2628.6
SIA,BA,202505,7033850,0211020036,889.0,4578.35
SIA,BA,202505,2549905,0206020031,59.0,8048.19
SIA,BA,202505,2802104,0206010052,40.0,3470.0
SIA,BA,202505,3240622,0206030037,6.0,831.78
SIA,BA,202505,2799103,0211020036,329.0,1694.35
SIA,BA,202505,2520613,0206020015,3.0,260.25
SIA,BA,202505,4446321,0211020036,523.0,2693.45
SIA,BA,202505,2602881,0211020036,30.0,154.5
SIA,BA,202505,0003859,0206010052,8.0,694.0
SIA,BA,202505,0884189,0206010060,1.0,97.44
SIA,BA,202505,2942208,0206020023,6.0,520.5
SIA,BA,202505,7077149,0211020036,260.0,1339.0
SIA,BA,202505,2862301,0206030029,7.0,607.25
SIA,BA,202505,3271110,0206020015,2.0,173.5
SIA,BA,202505,9443665,0206030010,167.0,23151.21
SIA,BA,202505,2507609,0211020036,320.0,1648.0
SIA,BA,202505,2508222,0211020036,188.0,968.2
SIA,BA,202505,0003778,0206010052,8.0,694.0
SIA,BA,202505,7986076,0211020036,878.0,4521.7
SIA,BA,202505,2942208,0206010052,5.0,433.75
SIA,BA,202505,2549905,0206010052,6.0,520.5
SIA,BA,202505,2601079,0211020036,20.0,103.0
SIA,BA,202505,2600730,0211020036,21.0,108.15
SIA,BA,202505,0028568,0211020036,543.0,2796.45
SIA,BA,202505,2942585,0211020036,216.0,1112.4
SIA,BA,202505,2550032,0211020036,4.0,20.6
SIA,BA,202505,2603012,0211020036,168.0,865.2
SIA,BA,202505,2414244,0206020023,1.0,86.75
SIA,BA,202505,2389347,0211020036,10.0,51.5
SIA,BA,202505,9507930,0206020023,4.0,347.0
SIA,BA,202505,2942585,0206010052,5.0,433.75
SIA,BA,202505,2400693,0206020031,42.0,5729.22
SIA,BA,202505,2913348,0206030029,13.0,1127.75
SIA,BA,202505,7443382,0211020036,120.0,618.0
SIA,BA,202505,7894015,0211020036,661.0,3404.15
SIA,BA,202505,2385171,0206020023,20.0,1735.0
SIA,BA,202505,9443665,0206030029,13.0,1127.75
SIA,BA,202505,2417189,0211020036,94.0,484.1
SIA,BA,202505,4026624,0211020036,137.0,705.55
SIA,BA,202505,2385171,0206020031,100.0,13641.0
SIA,BA,202505,2660253,0211020036,57.0,293.55
SIA,BA,202505,2601680,0206010052,14.0,1214.5
SIA,BA,202505,9443665,0206010028,26.0,2628.6
SIA,BA,202505,2770512,0206020031,15.0,2046.15
SIA,BA,202505,2520613,0206030037,99.0,13724.37
SIA,BA,202505,9966366,0206010028,49.0,4953.9
SIA,BA,202505,6345891,0206030037,9.0,1247.67
SIA,BA,202505,0829781,0206010028,66.0,6672.6
SIA,BA,202505,0003875,0208010033,189.0,72400.23
SIA,BA,202505,2407205,0206030010,95.0,13169.85
SIA,BA,202505,2494973,0206030010,47.0,6515.61
SIA,BA,202505,2601680,0206010044,4.0,347.0
SIA,BA,202505,4578732,0206010028,10.0,1011.0
SIA,BA,202505,2799286,0206010079,1.0,97.44
SIA,BA,202505,2802112,0206010052,2.0,173.5
SIA,BA,202505,4022416,0211020036,203.0,1045.45
SIA,BA,202505,9372822,0206010028,115.0,11626.5
SIA,BA,202505,9966366,0206010052,6.0,520.5
SIA,BA,202505,9372822,0206010052,7.0,607.25
SIA,BA,202505,9373853,0206010028,128.0,12940.8
SIA,BA,202505,2802023,0206010028,20.0,2022.0
SIA,BA,202505,0004294,0206010028,85.0,8593.5
SIA,BA,202505,9516182,0206010028,66.0,6672.6
SIA,BA,202505,9507930,0206010028,20.0,2022.0
SIA,BA,202505,4446321,0206010052,2.0,173.5
SIA,BA,202505,9866035,0206010028,42.0,4246.2
SIA,BA,202505,2804034,0206010028,52.0,5257.2
SIA,BA,202505,2514311,0211020036,33.0,169.95
SIA,BA,202505,6414702,0206010052,4.0,347.0
SIA,BA,202505,6687636,0206010044,19.0,1648.25
SIA,BA,202505,0003786,0206010028,20.0,2022.0
SIA,BA,202505,2385171,0206010028,39.0,3942.9
SIA,BA,202505,2801906,0211020036,87.0,448.05
SIA,BA,202505,4880110,0211020036,868.0,4470.2
SIA,BA,202505,2556847,0206010044,2.0,490.0
SIA,BA,202505,3124940,0211020036,295.0,1519.25
SIA,BA,202505,0059218,0206010028,40.0,4044.0
SIA,BA,202505,3972925,0211020036,97.0,499.55
SIA,BA,202505,9922962,0206010028,103.0,10413.3
SIA,BA,202505,2802090,0206010028,16.0,1617.6
SIA,BA,202505,0832014,0206010028,44.0,4448.4
SIA,BA,202505,2799790,0206010028,11.0,1112.1
SIA,BA,202505,2603284,0211020036,14.0,72.1
SIA,BA,202505,2549182,0211020036,243.0,1251.45
SIA,BA,202505,2938499,0206010044,11.0,954.25
SIA,BA,202505,2913348,0206010028,42.0,4246.2
SIA,BA,202505,6595197,0206020023,1.0,86.75
SIA,BA,202505,2470748,0206010028,8.0,808.8
SIA,BA,202505,2386569,0206020015,5.0,433.75
SIA,BA,202505,4024222,0211020036,71.0,365.65
SIA,BA,202505,0004278,0206010010,3.0,260.28
SIA,BA,202505,0786608,0206010028,27.0,2729.7
SIA,BA,202505,7675135,0206030010,18.0,2495.34
SIA,BA,202505,0003980,0206010028,13.0,1314.3
SIA,BA,202505,2386569,0206010010,13.0,1127.88
SIA,BA,202505,0003859,0206010028,7.0,707.7
SIA,BA,202505,0003778,0206010028,13.0,1314.3
SIA,BA,202505,0884189,0206010028,10.0,1011.0
SIA,BA,202505,2388057,0206010028,26.0,2628.6
SIA,BA,202505,2386569,0206010044,16.0,1388.0
SIA,BA,202505,2942208,0206010028,17.0,1718.7
SIA,BA,202505,6345891,0206020031,9.0,1227.69
SIA,BA,202505,0004820,0206030010,27.0,3743.01
SIA,BA,202505,9507949,0206010028,14.0,1415.4
SIA,BA,202505,3271110,0206010044,13.0,1127.75
SIA,BA,202505,3271110,0206010052,5.0,433.75
SIA,BA,202505,0829781,0206010052,10.0,867.5
SIA,BA,202505,2402076,0206010036,4.0,347.04
SIA,BA,202505,2601680,0206030037,77.0,10674.51
SIA,BA,202505,2801507,0206010044,5.0,433.75
SIA,BA,202505,2400693,0206010052,7.0,607.25
SIA,BA,202505,0003980,0206030029,30.0,2602.5
SIA,BA,202505,4446321,0206020031,8.0,1091.28
SIA,BA,202505,2525259,0211020036,167.0,860.05
SIA,BA,202505,2862301,0206010028,12.0,1213.2
SIA,BA,202505,0004251,0206010052,2.0,173.5
SIA,BA,202505,7587651,0211020036,15.0,77.25
SIA,BA,202505,2415844,0206020031,4.0,545.64
SIA,BA,202505,6602533,0206030029,3.0,260.25
SIA,BA,202505,9915583,0206010028,22.0,2224.2
SIA,BA,202505,0003832,0206030010,28.0,3881.64
SIA,BA,202505,2926970,0206010079,2.0,194.88
SIA,BA,202505,2525569,0211020036,2.0,10.3
SIA,BA,202505,2942585,0206010028,31.0,3134.1
SIA,BA,202505,3948684,0206010052,1.0,86.75
SIA,BA,202505,2799286,0206020031,16.0,2182.56
SIA,BA,202505,0003875,0206010052,31.0,2689.25
SIA,BA,202505,7167156,0206010079,2.0,194.88
SIA,BA,202505,2799839,0206020031,20.0,2728.2
SIA,BA,202505,2799839,0206010052,47.0,4077.25
SIA,BA,202505,9481966,0208010025,14.0,5719.28
SIA,BA,202505,2627256,0211020036,259.0,1333.85
SIA,BA,202505,6345891,0206010052,1.0,86.75
SIA,BA,202505,2407205,0206030029,3.0,260.25
SIA,BA,202505,7449151,0211020036,200.0,1030.0
SIA,BA,202505,0004278,0206010052,8.0,694.0
SIA,BA,202505,4026896,0206010028,19.0,1920.9
SIA,BA,202505,2938499,0206020015,3.0,260.25
SIA,BA,202505,2770512,0206010044,6.0,520.5
SIA,BA,202505,2487616,0211020036,329.0,1694.35
SIA,BA,202505,0722529,0211020036,13.0,66.95
SIA,BA,202505,2304295,0211020036,87.0,448.05
SIA,BA,202505,2415844,0206030029,2.0,173.5
SIA,BA,202505,0059218,0206010052,6.0,520.5
SIA,BA,202505,2497751,0206010052,4.0,347.0
SIA,BA,202505,7092776,0211020036,160.0,824.0
SIA,BA,202505,0832014,0206030029,16.0,1388.0
SIA,BA,202505,6414702,0206010028,18.0,1819.8
SIA,BA,202505,6595197,0206010028,14.0,1415.4
SIA,BA,202505,2385171,0206010036,4.0,347.04
SIA,BA,202505,0003832,0206010028,1.0,101.1
SIA,BA,202505,4028155,0206010028,7.0,707.7
SIA,BA,202505,7675135,0206010052,2.0,173.5
SIA,BA,202505,9837841,0206010028,23.0,2325.3
SIA,BA,202505,3972925,0206010028,14.0,1415.4
SIA,BA,202505,2659999,0211020036,52.0,267.8
SIA,BA,202505,3464156,0206010028,1.0,101.1
SIA,BA,202505,0003832,0206010052,14.0,1214.5
SIA,BA,202505,4022718,0206010028,8.0,808.8
SIA,BA,202505,2644789,0206020031,1.0,136.41
SIA,BA,202505,6237509,0206030037,11.0,2475.0
SIA,BA,202505,2926970,0206010044,0.0,0.0
SIA,BA,202505,2386569,0206010036,4.0,347.04
SIA,BA,202505,2385171,0211020036,217.0,1117.55
SIA,BA,202505,7675135,0206010028,2.0,202.2
SIA,BA,202505,2601680,0206010028,2.0,202.2
SIA,BA,202505,9052844,0206010044,2.0,500.0
SIA,BA,202505,2549905,0206010028,7.0,707.7
SIA,BA,202505,2402564,0211020036,245.0,1261.75
SIA,BA,202505,2388057,0206010060,2.0,194.88
SIA,BA,202505,6616917,0206030037,1.0,138.63
SIA,BA,202505,0004294,0206030029,56.0,4858.0
SIA,BA,202505,2523558,0211020036,371.0,1910.65
SIA,BA,202505,2508915,0211020036,95.0,489.25
SIA,BA,202505,3968537,0206010044,4.0,347.0
SIA,BA,202505,2414244,0206030029,6.0,520.5
SIA,BA,202505,0003778,0206030029,5.0,433.75
SIA,BA,202505,2386569,0206030029,9.0,780.75
SIA,BA,202505,0785245,0206010028,15.0,1516.5
SIA,BA,202505,2414244,0206010028,6.0,606.6
SIA,BA,202505,0003921,0206010028,7.0,707.7
SIA,BA,202505,2802090,0206010052,3.0,260.25
SIA,BA,202505,2385171,0206010052,9.0,780.75
SIA,BA,202505,4022718,0206030029,1.0,86.75
SIA,BA,202505,9443088,0211020036,233.0,1199.95
SIA,BA,202505,0059218,0206030029,16.0,1388.0
SIA,BA,202505,2525933,0206010028,5.0,505.5
SIA,BA,202505,0004073,0206010052,5.0,433.75
SIA,BA,202505,0786608,0206030029,10.0,867.5
SIA,BA,202505,9949763,0206010028,10.0,1011.0
SIA,BA,202505,2601702,0211020036,260.0,1339.0
SIA,BA,202505,4026896,0206010060,1.0,97.44
SIA,BA,202505,9026908,0211020036,1432.0,7374.8
SIA,BA,202505,0607126,0206030029,3.0,260.25
SIA,BA,202505,0004820,0206010052,4.0,347.0
SIA,BA,202505,3948684,0206010079,2.0,194.88
SIA,BA,202505,9383298,0206010028,10.0,1011.0
SIA,BA,202505,0003859,0206030029,5.0,433.75
SIA,BA,202505,2601680,0206010010,2.0,173.52
SIA,BA,202505,4028155,0206030029,9.0,780.75
SIA,BA,202505,2772280,0211020036,10.0,51.5
SIA,BA,202505,2470748,0206030029,4.0,347.0
SIA,BA,202505,2799286,0206010052,5.0,433.75
SIA,BA,202505,2799790,0206010052,2.0,173.5
SIA,BA,202505,9837841,0206030029,3.0,260.25
SIA,BA,202505,2802104,0206010028,4.0,404.4
SIA,BA,202505,0003980,0206010052,5.0,433.75
SIA,BA,202505,0607126,0206010060,1.0,97.44
SIA,BA,202505,2494973,0206010028,16.0,1617.6
SIA,BA,202505,4880048,0206020031,5.0,682.05
SIA,BA,202505,2402076,0206010028,1.0,101.1
SIA,BA,202505,0003921,0206010052,4.0,347.0
SIA,BA,202505,7465106,0211020036,107.0,551.05
SIA,BA,202505,2402076,0206010060,1.0,97.44
SIA,BA,202505,2801558,0211020036,87.0,448.05
SIA,BA,202505,0004073,0206030029,3.0,260.25
SIA,BA,202505,2494973,0206030029,3.0,260.25
SIA,BA,202505,0003816,0206010060,2.0,194.88
SIA,BA,202505,2556847,0206020031,1.0,380.0
SIA,BA,202505,0489670,0211020036,6.0,30.9
SIA,BA,202505,5889448,0206030010,3.0,415.89
SIA,BA,202505,2470748,0206010052,1.0,86.75
SIA,BA,202505,4029844,0211020036,16.0,82.4
SIA,BA,202505,3021858,0211020036,143.0,736.45
SIA,BA,202505,9373845,0206030029,1.0,86.75
SIA,BA,202505,2804034,0206010060,2.0,194.88
SIA,BA,202505,2549905,0206030029,4.0,347.0
SIA,BA,202505,2770512,0206010036,1.0,86.76
SIA,BA,202505,0005428,0206030029,5.0,433.75
SIA,BA,202505,2601680,0206010036,2.0,173.52
SIA,BA,202505,2532522,0211020036,381.0,1962.15
SIA,BA,202505,0004073,0206010028,3.0,303.3
SIA,BA,202505,2802112,0206010036,1.0,86.76
SIA,BA,202505,2556847,0206010079,4.0,1180.0
SIA,BA,202505,0005428,0206010028,3.0,303.3
SIA,BA,202505,0004073,0206010060,1.0,97.44
SIA,BA,202505,2799839,0206030029,1.0,86.75
SIA,BA,202505,2802090,0206030029,4.0,347.0
SIA,BA,202505,2400693,0206030029,2.0,173.5
SIA,BA,202505,9383298,0206010052,1.0,86.75
SIA,BA,202505,0785245,0206010052,2.0,173.5
SIA,BA,202505,3961915,0211020036,30.0,154.5
SIA,BA,202505,7094647,0206010028,1.0,101.1
SIA,BA,202505,6772838,0206010044,1.0,250.0
SIA,BA,202505,2488892,0208010025,2.0,817.04
SIA,BA,202505,6485235,0211020036,131.0,674.65
SIA,BA,202505,2601591,0211020036,145.0,746.75
SIA,BA,202505,7160488,0211020036,4.0,20.6
SIA,BA,202505,2771306,0211020036,2.0,10.3
SIA,BA,202505,5005027,0211020036,1.0,5.15
SIA,BA,202505,2301318,0211020036,21.0,108.15
SIA,BA,202505,3948684,0206030037,1.0,138.63
SIA,BA,202505,4145542,0206010028,13.0,1314.3
SIA,BA,202505,7675135,0206030037,5.0,693.15
SIA,BA,202505,3271110,0206030010,100.0,13863.0
SIA,BA,202505,2444704,0211020036,5.0,25.75
SIA,BA,202505,0003921,0206010010,6.0,520.56
SIA,BA,202505,0003956,0211020036,1280.0,6592.0
SIA,BA,202505,9091157,0211020036,497.0,2559.55
SIA,BA,202505,0607126,0206010028,4.0,404.4
SIA,BA,202505,2483408,0211020036,100.0,515.0
SIA,BA,202505,0003816,0206030029,1.0,86.75
SIA,BA,202505,2802104,0206010036,3.0,260.28
SIA,BA,202505,2470748,0206010010,4.0,347.04
SIA,BA,202505,2942208,0206010036,5.0,433.8
SIA,BA,202505,2603071,0211020036,47.0,242.05
SIA,BA,202505,2601680,0206010079,9.0,876.96
SIA,BA,202505,0785245,0206010060,1.0,97.44
SIA,BA,202505,2385015,0208010033,120.0,45968.4
SIA,BA,202505,9372822,0206010060,1.0,97.44
SIA,BA,202505,4029801,0211020036,27.0,139.05
SIA,BA,202505,6988423,0211020036,9.0,46.35
SIA,BA,202505,3464156,0206030010,15.0,2079.45
SIA,BA,202505,2402076,0206030037,1.0,138.63
SIA,BA,202505,2804034,0211020036,45.0,231.75
SIA,BA,202505,2942208,0211020036,70.0,360.5
SIA,BA,202505,0003875,0206010036,2.0,173.52
SIA,BA,202505,0003816,0206020023,1.0,86.75
SIA,BA,202505,0003816,0206010028,7.0,707.7
SIA,BA,202505,6414702,0211020036,384.0,1977.6
SIA,BA,202505,0003832,0206010044,4.0,347.0
SIA,BA,202505,0003832,0211020036,844.0,4346.6
SIA,BA,202505,0004278,0206010044,11.0,954.25
SIA,BA,202505,2644789,0206010079,2.0,194.88
SIA,BA,202505,6273696,0211020060,2.0,180.0
SIA,BA,202505,2802112,0206030029,11.0,954.25
SIA,BA,202505,2601400,0211020036,100.0,515.0
SIA,BA,202505,2770512,0206010028,3.0,303.3
SIA,BA,202505,9060537,0211020036,831.0,4279.65
SIA,BA,202505,0003980,0206020023,3.0,260.25
SIA,BA,202505,9949763,0206020015,2.0,173.5
SIA,BA,202505,0004278,0206020031,26.0,3546.66
SIA,BA,202505,2602032,0211020036,129.0,664.35
SIA,BA,202505,2942585,0206010036,2.0,173.52
SIA,BA,202505,6602533,0206030037,11.0,1524.93
SIA,BA,202505,9383298,0206010036,6.0,520.56
SIA,BA,202505,9373845,0206010036,2.0,173.52
SIA,BA,202505,3017028,0211020036,21.0,108.15
SIA,BA,202505,0003832,0211020010,92.0,67163.68
SIA,BA,202505,9373845,0206010010,3.0,260.28
SIA,BA,202505,9383298,0206020023,1.0,86.75
SIA,BA,202505,0003875,0205010016,3.0,495.0
SIA,BA,202505,2494973,0206030037,50.0,6931.5
SIA,BA,202505,2802104,0211020036,948.0,4882.2
SIA,BA,202505,2385015,0208010025,122.0,49839.44
SIA,BA,202505,0867551,0211020036,52.0,267.8
SIA,BA,202505,2520613,0206010079,208.0,20267.52
SIA,BA,202505,6251803,0206010044,1.0,86.75
SIA,BA,202505,0004278,0206030010,26.0,3604.38
SIA,BA,202505,2802112,0206030010,26.0,3604.38
SIA,BA,202505,2385171,0206030037,300.0,41589.0
SIA,BA,202505,5889448,0206020031,6.0,818.46
SIA,BA,202505,2938499,0206010010,13.0,1127.88
SIA,BA,202505,9301631,0211020036,205.0,1055.75
SIA,BA,202505,6772838,0206020031,24.0,8880.0
SIA,BA,202505,7675135,0206020031,23.0,3137.43
SIA,BA,202505,2802104,0206010010,2.0,173.52
SIA,BA,202505,2802112,0206010028,19.0,1920.9
SIA,BA,202505,2557509,0211020010,38.0,27741.52
SIA,BA,202505,6364322,0211020036,29.0,149.35
SIA,BA,202505,0004278,0206010079,31.0,3020.64
SIA,BA,202505,0297542,0211020036,66.0,339.9
SIA,BA,202505,2926970,0206020031,9.0,1227.69
SIA,BA,202505,2520613,0206010028,13.0,1314.3
SIA,BA,202505,6998593,0211020036,81.0,417.15
SIA,BA,202505,4032691,0211020036,150.0,772.5
SIA,BA,202505,7596871,0211020036,262.0,1349.3
SIA,BA,202505,2772280,0206030037,6.0,831.78
SIA,BA,202505,2494973,0206010010,4.0,347.04
SIA,BA,202505,2385171,0206010010,30.0,2602.8
SIA,BA,202505,6251803,0206010010,1.0,86.76
SIA,BA,202505,2799758,0206010052,16.0,1388.0
SIA,BA,202505,2644827,0211020036,17.0,87.55
SIA,BA,202505,2402076,0206010079,24.0,2338.56
SIA,BA,202505,0003921,0206030029,1.0,86.75
SIA,BA,202505,0004820,0206010079,5.0,487.2
SIA,BA,202505,9052844,0206010052,2.0,600.0
SIA,BA,202505,9024042,0211020036,315.0,1622.25
SIA,BA,202505,6737633,0211020036,39.0,200.85
SIA,BA,202505,0004235,0211020036,1918.0,9877.7
SIA,BA,202505,3464156,0206010079,12.0,1169.28
SIA,BA,202505,9837841,0206010036,1.0,86.76
SIA,BA,202505,9949763,0206010060,1.0,97.44
SIA,BA,202505,7193386,0211020036,35.0,180.25
SIA,BA,202505,9372822,0206020023,2.0,173.5
SIA,BA,202505,2386569,0206020023,9.0,780.75
SIA,BA,202505,9052844,0206010079,5.0,1100.0
SIA,BA,202505,9388133,0211020036,179.0,921.85
SIA,BA,202505,2400693,0206020023,2.0,173.5
SIA,BA,202505,2402076,0206030010,1.0,138.63
SIA,BA,202505,5835208,0211020036,213.0,1096.95
SIA,BA,202505,7094647,0206010079,15.0,1461.6
SIA,BA,202505,0005428,0206010052,2.0,173.5
SIA,BA,202505,2301385,0211020036,74.0,381.1
SIA,BA,202505,7037937,0211020036,2.0,10.3
SIA,BA,202505,4022718,0211020036,2.0,10.3
SIA,BA,202505,3240622,0206020031,3.0,409.23
SIA,BA,202505,0003786,0211020036,554.0,2853.1
SIA,BA,202505,4028759,0211020036,428.0,2204.2
SIA,BA,202505,4578732,0206020023,1.0,86.75
SIA,BA,202505,6251803,0206010079,3.0,292.32
SIA,BA,202505,0004251,0206020015,1.0,86.75
SIA,BA,202505,6602533,0211020036,7.0,36.05
SIA,BA,202505,0003816,0211020036,683.0,3517.45
SIA,BA,202505,4578732,0211020036,42.0,216.3
SIA,BA,202505,0003832,0206010095,37.0,77967.14
SIA,BA,202505,2938499,0206010052,3.0,260.25
SIA,BA,202505,2400693,0206010010,3.0,260.28
SIA,BA,202505,0003859,0206010060,1.0,97.44
SIA,BA,202505,9383298,0211020036,145.0,746.75
SIA,BA,202505,0004251,0206010095,81.0,170684.82
SIA,BA,202505,4032101,0211020036,57.0,293.55
SIA,BA,202505,0003859,0206010036,2.0,173.52
SIA,BA,202505,2799758,0211020036,26.0,133.9
SIA,BA,202505,2389398,0211020036,96.0,494.4
SIA,BA,202505,2986930,0211020036,208.0,1071.2
SIA,BA,202505,2627418,0206030037,5.0,693.15
SIA,BA,202505,2415844,0206010010,1.0,86.76
SIA,BA,202505,2507447,0211020036,42.0,756.0
SIA,BA,202505,0004251,0211020036,53.0,272.95
SIA,BA,202505,4028155,0206020023,1.0,86.75
SIA,BA,202505,0209023,0211020036,175.0,901.25
SIA,BA,202505,2487438,0206010052,1.0,86.75
SIA,BA,202505,0004251,0211020010,17.0,12410.68
SIA,BA,202505,9052844,0206020031,13.0,4810.0
SIA,BA,202505,3948684,0211020036,35.0,180.25
SIA,BA,202505,7094647,0206030037,3.0,415.89
SIA,BA,202505,6988393,0211020036,2.0,10.3
SIA,BA,202505,2493330,0211020036,199.0,1024.85
SIA,BA,202505,2510057,0211020036,46.0,236.9
SIA,BA,202505,2497751,0206010044,1.0,86.75
SIA,BA,202505,3271110,0206010028,1.0,101.1
SIA,BA,202505,0003816,0206010036,1.0,86.76
SIA,BA,202505,2557096,0211020036,220.0,1133.0
SIA,BA,202505,2523396,0211020036,200.0,1030.0
SIA,BA,202505,7084129,0211020036,220.0,1133.0
SIA,BA,202505,0607126,0206010036,1.0,86.76
SIA,BA,202505,6237509,0206030010,11.0,2475.0
SIA,BA,202505,2556847,0211020036,66.0,339.9
SIA,BA,202505,2816830,0211020036,234.0,1205.1
SIA,BA,202505,0004251,0206010044,1.0,86.75
SIA,BA,202505,0004065,0206030037,1.0,138.63
SIA,BA,202505,2799758,0206010060,1.0,97.44
SIA,BA,202505,6476120,0206020031,3.0,1096.71
SIA,BA,202505,2414244,0206010010,2.0,173.52
SIA,BA,202505,4032594,0211020036,300.0,1545.0
SIA,BA,202505,0607126,0206010044,2.0,173.5
SIA,BA,202505,2942585,0206020015,3.0,260.25
SIA,BA,202505,2487438,0206010028,6.0,606.6
SIA,BA,202505,3968537,0206030029,1.0,86.75
SIA,BA,202505,4262867,0211020036,10.0,51.5
SIA,BA,202505,2407205,0206010036,1.0,86.76
SIA,BA,202505,2385171,0206030029,2.0,173.5
SIA,BA,202505,2400693,0206010060,1.0,97.44
SIA,BA,202505,0832014,0206010052,1.0,86.75
SIA,BA,202505,3271110,0206030037,4.0,554.52
SIA,BA,202505,2799839,0206010028,4.0,404.4
SIA,BA,202505,2523779,0211020036,141.0,726.15
SIA,BA,202505,9507949,0206020015,1.0,86.75
SIA,BA,202505,2402076,0206010044,6.0,520.5
SIA,BA,202505,0003875,0206010028,2.0,202.2
SIA,BA,202505,0003816,0206020015,3.0,260.25
SIA,BA,202505,6855180,0211020036,1000.0,5150.0
SIA,BA,202505,2466694,0211020036,100.0,515.0
SIA,BA,202505,2400693,0206010028,2.0,202.2
SIA,BA,202505,3968537,0206020023,1.0,86.75
SIA,BA,202505,0004278,0206010028,3.0,303.3
SIA,BA,202505,0059218,0206020015,5.0,433.75
SIA,BA,202505,2601427,0211020036,83.0,427.45
SIA,BA,202505,2598183,0211020036,106.0,545.9
SIA,BA,202505,2523051,0211020036,56.0,288.4
SIA,BA,202505,3245500,0211020036,2.0,10.3
SIA,BA,202505,2506211,0211020060,2.0,200.0
SIA,BA,202505,2601761,0211020036,126.0,648.9
SIA,BA,202505,4880048,0206030037,2.0,277.26
SIA,BA,202505,4032802,0211020036,94.0,484.1
SIA,BA,202505,2550032,0206020031,2.0,272.82
SIA,BA,202505,2389592,0211020036,235.0,1210.25
SIA,BA,202505,9210695,0211020036,1.0,5.15
SIA,BA,202505,0156132,0211020036,172.0,885.8
SIA,BA,202505,4880048,0206010028,2.0,202.2
SIA,BA,202505,2412381,0211020036,56.0,288.4
SIA,BA,202505,2509245,0211020036,148.0,762.2
SIA,BA,202505,9373845,0206010028,8.0,808.8
SIA,BA,202505,2488892,0208010033,2.0,766.14
SIA,BA,202505,2524805,0211020036,131.0,674.65
SIA,BA,202505,4023463,0211020036,120.0,618.0
SIA,BA,202505,3531481,0211020036,73.0,375.95
SIA,BA,202505,2412640,0211020036,655.0,3373.25
SIA,BA,202505,0029521,0211020036,508.0,2616.2
SIA,BA,202505,4022807,0211020036,100.0,515.0
SIA,BA,202505,6602533,0206010028,1.0,101.1
SIA,BA,202505,2772280,0206010028,1.0,101.1
SIA,BA,202505,2510782,0211020036,237.0,1220.55
SIA,BA,202505,9347135,0211020036,12.0,61.8
SIA,BA,202505,2771276,0211020036,52.0,267.8
SIA,BA,202505,5401755,0211020036,8.0,41.2
SIA,BA,202505,2913348,0206020015,3.0,260.25
SIA,BA,202505,2771292,0211020036,111.0,571.65
SIA,BA,202505,2601729,0211020036,116.0,597.4
SIA,BA,202505,3208419,0211020036,250.0,1287.5
SIA,BA,202505,7223676,0211020036,32.0,164.8
SIA,BA,202505,2799812,0211020036,156.0,803.4
SIA,BA,202505,4201175,0211020036,80.0,412.0
SIA,BA,202505,2523515,0211020036,97.0,499.55
SIA,BA,202505,4022750,0211020036,12.0,61.8
SIA,BA,202505,2653494,0211020036,59.0,303.85
SIA,BA,202505,3245500,0206010060,1.0,97.44
SIA,BA,202505,6211496,0211020036,310.0,1596.5
SIA,BA,202505,7907222,0211020036,276.0,1421.4
SIA,BA,202505,2602121,0211020036,319.0,1642.85
SIA,BA,202505,2799790,0206010060,1.0,97.44
SIA,BA,202505,2402467,0211020036,31.0,159.65
SIA,BA,202505,2415844,0206010028,1.0,101.1
SIA,BA,202505,4355539,0211020036,11.0,56.65
SIA,BA,202505,2549905,0206020015,5.0,433.75
SIA,BA,202505,2514648,0211020036,228.0,1174.2
SIA,BA,202505,6298354,0211020036,293.0,1508.95
SIA,BA,202505,2416867,0211020036,660.0,3399.0
SIA,BA,202505,2526565,0211020036,80.0,412.0
SIA,BA,202505,0005428,0206010044,2.0,173.5
SIA,BA,202505,0503894,0211020036,79.0,406.85
SIA,BA,202505,6616917,0206030029,1.0,86.75
SIA,BA,202505,2493195,0211020036,71.0,365.65
SIA,BA,202505,2772280,0206010010,2.0,173.52
SIA,BA,202505,2402076,0206010010,1.0,86.76
SIA,BA,202505,0884189,0206020015,2.0,173.5
SIA,BA,202505,4028740,0211020036,32.0,164.8
SIA,BA,202505,2498413,0211020036,75.0,386.25
SIA,BA,202505,3245500,0206020031,1.0,136.41
SIA,BA,202505,2799839,0211020036,100.0,2000.0
SIA,BA,202505,2770512,0206030029,2.0,173.5
SIA,BA,202505,2982781,0211020036,39.0,200.85
SIA,BA,202505,2799804,0211020036,95.0,489.25
SIA,BA,202505,2508559,0211020036,40.0,206.0
SIA,BA,202505,7922000,0211020036,395.0,2034.25
SIA,BA,202505,4029607,0211020036,120.0,618.0
SIA,BA,202505,2627418,0206010036,3.0,260.28
SIA,BA,202505,2386305,0211020036,20.0,103.0
SIA,BA,202505,6962017,0211020036,33.0,169.95
SIA,BA,202505,2498634,0211020036,157.0,808.55
SIA,BA,202505,4199219,0211020036,60.0,309.0
SIA,BA,202505,2401231,0211020036,84.0,432.6
SIA,BA,202505,6476120,0206030010,5.0,1857.65
SIA,BA,202505,7103840,0211020036,187.0,963.05
SIA,BA,202505,4736346,0211020036,1.0,5.15
SIA,BA,202505,2627418,0206020015,1.0,86.75
SIA,BA,202505,2386674,0211020036,150.0,772.5
SIA,BA,202505,5401755,0211020060,4.0,120.0
SIA,BA,202505,9276998,0211020036,25.0,128.75
SIA,BA,202505,4355539,0211020060,2.0,60.0
SIA,BA,202505,2601753,0211020036,70.0,360.5
SIA,BA,202505,0004340,0211020036,161.0,829.15
SIA,BA,202505,0004278,0211020036,140.0,721.0
SIA,BA,202505,2770512,0206010010,3.0,260.28
SIA,BA,202505,3827127,0211020036,20.0,103.0
SIA,BA,202505,2601117,0211020036,74.0,381.1
SIA,BA,202505,4474309,0211020036,35.0,180.25
SIA,BA,202505,4078675,0211020036,1.0,5.15
SIA,BA,202505,9040803,0211020036,85.0,437.75
SIA,BA,202505,2533057,0211020036,72.0,370.8
SIA,BA,202505,7175973,0211020036,136.0,700.4
SIA,BA,202505,2600714,0211020036,152.0,782.8
SIA,BA,202505,2600609,0211020036,161.0,829.15
SIA,BA,202505,0005428,0206010036,1.0,86.76
SIA,BA,202505,6670385,0211020036,116.0,597.4
SIA,BA,202505,9383298,0206020015,1.0,86.75
SIA,BA,202505,3271110,0206010036,1.0,86.76
SIA,BA,202505,2387719,0211020036,121.0,623.15
SIA,BA,202505,3179648,0211020036,157.0,808.55
SIA,BA,202505,2802112,0211020036,6.0,30.9
SIA,BA,202505,2388685,0211020036,191.0,983.65
SIA,BA,202505,2600943,0211020036,94.0,484.1
SIA,BA,202505,3271110,0206010010,4.0,347.04
SIA,BA,202505,4022718,0206020023,2.0,173.5
SIA,BA,202505,0004278,0206010036,2.0,173.52
SIA,BA,202505,6602533,0206010010,4.0,347.04
SIA,BA,202505,2386569,0211020036,356.0,1833.4
SIA,BA,202505,2388626,0211020036,383.0,1972.45
SIA,BA,202505,2505622,0211020036,114.0,587.1
SIA,BA,202505,2505711,0211020036,185.0,952.75
SIA,BA,202505,2598213,0211020036,112.0,576.8
SIA,BA,202505,9052844,0206010028,4.0,880.0
SIA,BA,202505,7228724,0211020036,30.0,154.5
SIA,BA,202505,2514435,0211020036,122.0,628.3
SIA,BA,202505,3238989,0211020036,49.0,252.35
SIA,BA,202505,2414244,0206010036,2.0,173.52
SIA,BA,202505,9470832,0211020036,527.0,2714.05
SIA,BA,202505,2412551,0211020036,126.0,648.9
SIA,BA,202505,4025636,0211020036,491.0,2528.65
SIA,BA,202505,2385171,0206020015,2.0,173.5
SIA,BA,202505,2939363,0211020036,150.0,772.5
SIA,BA,202505,2386550,0211020036,115.0,592.25
SIA,BA,202505,7592191,0211020036,169.0,870.35
SIA,BA,202505,4028155,0206020015,4.0,347.0
SIA,BA,202505,2532549,0211020036,265.0,1364.75
SIA,BA,202505,2498804,0211020036,32.0,164.8
SIA,BA,202505,2525933,0206010010,2.0,173.52
SIA,BA,202505,9005919,0211020036,25.0,128.75
SIA,BA,202505,9054162,0211020036,247.0,1272.05
SIA,BA,202505,2415844,0206020015,2.0,173.5
SIA,BA,202505,2620421,0211020036,98.0,504.7
SIA,BA,202505,2401789,0211020036,202.0,1040.3
SIA,BA,202505,2414430,0211020036,125.0,643.75
SIA,BA,202505,7586361,0211020036,218.0,1122.7
SIA,BA,202505,0004456,0211020036,162.0,834.3
SIA,BA,202505,7761112,0211020036,403.0,2075.45
SIA,BA,202505,5025729,0211020036,52.0,267.8
SIA,BA,202505,2506254,0211020036,17.0,87.55
SIA,BA,202505,2483629,0211020036,108.0,556.2
SIA,BA,202505,4022262,0211020036,100.0,515.0
SIA,BA,202505,2401681,0211020036,265.0,1364.75
SIA,BA,202505,4785614,0211020036,331.0,1704.65
SIA,BA,202505,0133965,0211020036,364.0,1874.6
SIA,BA,202505,0003859,0206010010,1.0,86.76
SIA,BA,202505,2494973,0206010052,2.0,173.5
SIA,BA,202505,2505606,0211020036,88.0,453.2
SIA,BA,202505,2506211,0211020036,85.0,2125.0
SIA,BA,202505,0003832,0206010036,1.0,86.76
SIA,BA,202505,2400693,0206010036,2.0,173.52
SIA,BA,202505,7057334,0211020036,236.0,1215.4
SIA,BA,202505,5375924,0211020036,215.0,1107.25
SIA,BA,202505,3968537,0206010010,2.0,173.52
SIA,BA,202505,2602636,0211020036,107.0,551.05
SIA,BA,202505,6998143,0211020036,4.0,20.6
SIA,BA,202505,2390078,0211020036,101.0,520.15
SIA,BA,202505,2304848,0211020036,65.0,334.75
SIA,BA,202505,7111606,0211020036,352.0,1812.8
SIA,BA,202505,9442693,0211020036,110.0,566.5
SIA,BA,202505,2660024,0211020036,179.0,921.85
SIA,BA,202505,9052844,0206030029,1.0,300.0
SIA,BA,202505,0003832,0206010010,1.0,86.76
SIA,BA,202505,9078673,0211020036,400.0,2060.0
SIA,BA,202505,6476120,0206010010,1.0,232.51
SIA,BA,202505,3208508,0211020036,21.0,108.15
SIA,BA,202505,2602075,0211020036,81.0,417.15
SIA,BA,202505,4446321,0206030010,5.0,693.15
SIA,BA,202505,6677460,0211020036,131.0,674.65
SIA,BA,202505,2802023,0206010036,1.0,86.76
SIA,BA,202505,9237224,0211020036,50.0,257.5
SIA,BA,202505,2772280,0206020031,3.0,409.23
SIA,BA,202505,7675135,0206010010,1.0,86.76
SIA,BA,202505,2414244,0211020036,400.0,2060.0
SIA,BA,202505,0004294,0211020036,782.0,4027.3
SIA,BA,202505,6025692,0211020036,87.0,448.05
SIA,BA,202505,2799286,0211020036,160.0,824.0
SIA,BA,202505,2799820,0211020036,57.0,293.55
SIA,BA,202505,9453474,0211020036,30.0,154.5
SIA,BA,202505,0003980,0211020036,710.0,3656.5
SIA,BA,202505,9052844,0206010036,1.0,220.0
SIA,BA,202505,6237509,0206010052,1.0,295.0
SIA,BA,202505,9145168,0211020060,10.0,300.0
SIA,BA,202505,2520613,0206010052,1.0,86.75
SIA,BA,202505,2413469,0211020036,427.0,2199.05
SIA,BA,202505,2400669,0211020036,171.0,880.65
SIA,BA,202505,6602533,0206020015,1.0,86.75
SIA,BA,202505,2445247,0211020036,95.0,489.25
SIA,BA,202505,2557088,0211020036,43.0,221.45
SIA,BA,202505,0003913,0211020036,367.0,1890.05
SIA,BA,202505,4032829,0211020036,111.0,571.65
SIA,BA,202505,2802112,0206020023,1.0,86.75
SIA,BA,202505,6616917,0206030010,1.0,138.63
SIA,BA,202505,2498421,0211020036,182.0,937.3
SIA,BA,202505,3010902,0211020036,223.0,1148.45
SIA,BA,202505,6237509,0206010028,1.0,245.0
SIA,BA,202505,2505843,0211020036,53.0,1325.0
SIA,BA,202505,2494973,0206020023,2.0,173.5
SIA,BA,202505,2402076,0211020036,395.0,2034.25
SIA,BA,202505,0003875,0211020036,889.0,4578.35
SIA,BA,202505,2498049,0211020036,68.0,350.2
SIA,BA,202505,2602083,0211020036,333.0,1714.95
SIA,BA,202505,2388057,0211020036,516.0,2657.4
SIA,BA,202505,2495090,0211020036,488.0,2513.2
SIA,BA,202505,7476523,0211020036,200.0,1030.0
SIA,BA,202505,2802090,0211020036,241.0,1241.15
SIA,BA,202505,2520613,0206020023,2.0,173.5
SIA,BA,202505,2402556,0211020036,76.0,391.4
SIA,BA,202505,2802023,0211020036,535.0,2755.25
SIA,BA,202505,0003859,0211020036,187.0,963.05
SIA,BA,202505,3968537,0206010028,2.0,202.2
SIA,BA,202505,2601710,0211020036,106.0,545.9
SIA,BA,202505,2520613,0206010044,2.0,173.5
SIA,BA,202505,6772838,0206010060,1.0,220.0
SIA,BA,202505,2799790,0211020036,430.0,2214.5
SIA,BA,202505,2801566,0211020036,167.0,860.05
SIA,BA,202505,2400693,0211020036,25.0,128.75
SIA,BA,202505,2799847,0211020036,65.0,334.75
SIA,BA,202505,2799855,0211020036,10.0,51.5
SIA,BA,202505,6237509,0206010010,2.0,490.0
SIA,BA,202505,2487438,0211020036,552.0,2842.8
SIA,BA,202505,2862301,0211020036,163.0,839.45
SIA,BA,202505,2802252,0211020036,278.0,1431.7
SIA,BA,202505,0003832,0206020023,1.0,86.75
SIA,BA,202505,3956369,0211020036,224.0,1153.6
SIA,BA,202505,2601575,0211020036,2.0,10.3
SIA,BA,202505,2388928,0211020036,171.0,880.65
SIA,BA,202505,2525062,0211020036,163.0,839.45
SIA,BA,202505,2524163,0211020036,130.0,669.5
SIA,BA,202505,2524643,0211020036,34.0,175.1
SIA,BA,202505,9362398,0211020036,647.0,3332.05
SIA,BA,202505,4033418,0211020036,194.0,999.1
SIA,BA,202505,2301687,0211020036,163.0,839.45
SIA,BA,202505,0832014,0206020023,1.0,86.75
SIA,BA,202505,2445204,0211020036,458.0,2358.7
SIA,BA,202505,0005363,0211020036,377.0,1941.55
SIA,BA,202505,4024370,0211020036,106.0,545.9
SIA,BA,202505,2413299,0211020036,68.0,350.2
SIA,BA,202505,2386879,0211020036,73.0,375.95
SIA,BA,202505,2414465,0211020036,25.0,128.75
SIA,BA,202505,2413450,0211020036,200.0,1030.0
SIA,BA,202505,2510391,0211020036,29.0,149.35
SIA,BA,202505,2525933,0211020036,363.0,1869.45
SIA,BA,202505,0005398,0211020036,162.0,834.3
SIA,BA,202505,0007587,0211020036,198.0,1019.7
SIA,BA,202505,0004073,0206020023,1.0,86.75
SIA,BA,202505,2487756,0211020036,87.0,448.05
SIA,BA,202505,2603055,0211020036,218.0,1122.7
SIA,BA,202505,2415844,0211020036,70.0,360.5
SIA,BA,202505,2799456,0211020036,239.0,1230.85
SIA,BA,202505,6595197,0211020036,5.0,25.75
SIA,BA,202505,0607126,0211020036,3.0,15.45
SIA,BA,202505,3972925,0206020023,1.0,86.75
SIA,BA,202505,0005428,0211020036,52.0,267.8
SIA,BA,202505,2799731,0211020036,1550.0,7982.5
SIA,BA,202505,0003778,0211020036,866.0,4459.9
SIA,BA,202505,2498790,0211020036,13.0,66.95
SIA,BA,202505,2470748,0211020036,184.0,947.6
SIA,BA,202505,3407829,0211020036,50.0,257.5
SIA,BA,202505,2508176,0211020036,42.0,216.3
SIA,BA,202505,9141820,0211020036,10.0,51.5
SIA,BA,202506,2385171,0206010010,29.0,2516.04
SIA,BA,202506,2385171,0206010079,300.0,29232.0
SIA,BA,202506,2385171,0206030010,300.0,41589.0
SIA,BA,202506,2386569,0206030010,172.0,23844.36
SIA,BA,202506,6998593,0211020036,87.0,448.05
SIA,BA,202506,2799758,0206010079,872.0,84967.68
SIA,BA,202506,2802023,0206010079,200.0,19488.0
SIA,BA,202506,2802090,0206010079,190.0,18513.6
SIA,BA,202506,2802104,0206010044,58.0,5031.5
SIA,BA,202506,2799790,0206010079,191.0,18611.04
SIA,BA,202506,2802023,0206020023,17.0,1474.75
SIA,BA,202506,6251803,0206030010,11.0,1524.93
SIA,BA,202506,0004278,0206010079,29.0,2825.76
SIA,BA,202506,2802112,0206030037,18.0,2495.34
SIA,BA,202506,2498413,0211020036,68.0,350.2
SIA,BA,202506,3295451,0208010033,39.0,14939.73
SIA,BA,202506,9443665,0206010079,339.0,33032.16
SIA,BA,202506,9301631,0211020036,128.0,659.2
SIA,BA,202506,3464156,0206010079,16.0,1559.04
SIA,BA,202506,6982980,0211020036,267.0,1375.05
SIA,BA,202506,2799758,0206030037,194.0,26894.22
SIA,BA,202506,0297542,0211020036,58.0,298.7
SIA,BA,202506,0003832,0206010079,24.0,2338.56
SIA,BA,202506,2385171,0206030037,300.0,41589.0
SIA,BA,202506,0004820,0206010095,15.0,31608.3
SIA,BA,202506,2444704,0211020036,13.0,66.95
SIA,BA,202506,2497751,0206020023,61.0,5291.75
SIA,BA,202506,3154904,0208010025,33.0,13481.16
SIA,BA,202506,0003786,0206030010,471.0,65294.73
SIA,BA,202506,2601680,0206030010,88.0,12199.44
SIA,BA,202506,2627418,0206010079,100.0,9744.0
SIA,BA,202506,7675135,0206030010,17.0,2356.71
SIA,BA,202506,0156132,0211020036,150.0,772.5
SIA,BA,202506,2386569,0206020031,140.0,19097.4
SIA,BA,202506,2620421,0211020036,98.0,504.7
SIA,BA,202506,0003786,0206020023,6.0,520.5
SIA,BA,202506,2706490,0211020036,299.0,1539.85
SIA,BA,202506,9443665,0211020060,247.0,7410.0
SIA,BA,202506,9443665,0206010010,65.0,5639.4
SIA,BA,202506,2804034,0206010010,48.0,4164.48
SIA,BA,202506,0003875,0208010033,191.0,73166.37
SIA,BA,202506,0003875,0208010025,191.0,78027.32
SIA,BA,202506,2644827,0211020036,26.0,133.9
SIA,BA,202506,2799839,0206010044,58.0,5031.5
SIA,BA,202506,0003786,0206010079,155.0,15103.2
SIA,BA,202506,6237509,0206010079,43.0,12685.0
SIA,BA,202506,6237509,0206030010,17.0,3825.0
SIA,BA,202506,4031709,0211020036,42.0,216.3
SIA,BA,202506,2509326,0211020036,212.0,1091.8
SIA,BA,202506,4305183,0211020036,38.0,195.7
SIA,BA,202506,2489511,0208010025,23.0,9395.96
SIA,BA,202506,2407205,0206010052,38.0,3296.5
SIA,BA,202506,9373853,0206030029,11.0,954.25
SIA,BA,202506,2487438,0206010028,9.0,909.9
SIA,BA,202506,4446321,0206010028,28.0,2830.8
SIA,BA,202506,9922962,0206010028,80.0,8088.0
SIA,BA,202506,9516182,0206010028,56.0,5661.6
SIA,BA,202506,2412640,0211020036,516.0,2657.4
SIA,BA,202506,9837841,0206010028,19.0,1920.9
SIA,BA,202506,0004294,0206010028,65.0,6571.5
SIA,BA,202506,0004065,0206020031,389.0,53063.49
SIA,BA,202506,0004065,0206030037,165.0,22873.95
SIA,BA,202506,2627418,0206020031,67.0,9139.47
SIA,BA,202506,6251803,0211020036,55.0,283.25
SIA,BA,202506,3968537,0206010079,42.0,4092.48
SIA,BA,202506,9443665,0206030029,13.0,1127.75
SIA,BA,202506,2488892,0211020010,60.0,43802.4
SIA,BA,202506,9052844,0206030037,19.0,7030.0
SIA,BA,202506,6772838,0206030037,29.0,10730.0
SIA,BA,202506,6237509,0206010028,3.0,735.0
SIA,BA,202506,0003921,0206010079,15.0,1461.6
SIA,BA,202506,2802112,0206010079,104.0,10133.76
SIA,BA,202506,2799758,0206010010,210.0,18219.6
SIA,BA,202506,3968537,0206030037,2.0,277.26
SIA,BA,202506,3968537,0206030029,4.0,347.0
SIA,BA,202506,4446321,0206030029,26.0,2255.5
SIA,BA,202506,9372822,0206010028,88.0,8896.8
SIA,BA,202506,9372822,0206030029,23.0,1995.25
SIA,BA,202506,0059218,0206010028,76.0,7683.6
SIA,BA,202506,9560785,0211020036,254.0,1308.1
SIA,BA,202506,0003832,0206010010,2.0,173.52
SIA,BA,202506,2601680,0206010079,29.0,2825.76
SIA,BA,202506,5020743,0211020036,1.0,5.15
SIA,BA,202506,2386569,0206010079,182.0,17734.08
SIA,BA,202506,2386569,0206030037,187.0,25923.81
SIA,BA,202506,9966366,0206030029,17.0,1474.75
SIA,BA,202506,6595197,0206030029,15.0,1301.25
SIA,BA,202506,2772280,0206020031,18.0,2455.38
SIA,BA,202506,0004251,0206010010,1.0,86.76
SIA,BA,202506,9443665,0206010036,23.0,1995.48
SIA,BA,202506,2802104,0206010052,56.0,4858.0
SIA,BA,202506,0003859,0206010079,37.0,3605.28
SIA,BA,202506,2799758,0206010028,70.0,7077.0
SIA,BA,202506,2497751,0206010079,97.0,9451.68
SIA,BA,202506,2799758,0206010044,255.0,22121.25
SIA,BA,202506,0003786,0206010010,10.0,867.6
SIA,BA,202506,2487756,0211020010,19.0,13870.76
SIA,BA,202506,0003816,0206010052,19.0,1648.25
SIA,BA,202506,2799758,0206020031,407.0,55518.87
SIA,BA,202506,2799758,0211020036,131.0,674.65
SIA,BA,202506,0003832,0206010052,5.0,433.75
SIA,BA,202506,6364322,0211020036,132.0,679.8
SIA,BA,202506,9425632,0211020060,43.0,3870.0
SIA,BA,202506,2938499,0206030010,53.0,7347.39
SIA,BA,202506,4022718,0206030037,27.0,3743.01
SIA,BA,202506,2799839,0211020036,100.0,2000.0
SIA,BA,202506,2517744,0206020031,17.0,6214.69
SIA,BA,202506,9443665,0206020015,15.0,1301.25
SIA,BA,202506,2385171,0206030029,5.0,433.75
SIA,BA,202506,2385015,0208010025,99.0,40443.48
SIA,BA,202506,0003786,0208010033,142.0,54395.94
SIA,BA,202506,0003980,0206030029,40.0,3470.0
SIA,BA,202506,6476120,0206020031,16.0,5849.12
SIA,BA,202506,2520613,0206030037,45.0,6238.35
SIA,BA,202506,2386569,0206010010,18.0,1561.68
SIA,BA,202506,4022718,0206020031,40.0,5456.4
SIA,BA,202506,9481966,0208010033,5.0,1915.35
SIA,BA,202506,0003875,0206010010,2.0,173.52
SIA,BA,202506,0003875,0206010052,28.0,2429.0
SIA,BA,202506,2466694,0211020036,100.0,515.0
SIA,BA,202506,2412551,0211020036,84.0,432.6
SIA,BA,202506,2494973,0206020015,2.0,173.5
SIA,BA,202506,2938499,0206010052,6.0,520.5
SIA,BA,202506,0003875,0206010079,18.0,1753.92
SIA,BA,202506,2770512,0206030010,28.0,3881.64
SIA,BA,202506,9443665,0206030037,210.0,29112.3
SIA,BA,202506,2601680,0211020010,33.0,24091.32
SIA,BA,202506,2938499,0206030037,58.0,8040.54
SIA,BA,202506,0003786,0206030037,483.0,66958.29
SIA,BA,202506,0003921,0206020023,9.0,780.75
SIA,BA,202506,4671244,0211020060,213.0,6360.0
SIA,BA,202506,2385171,0206010044,73.0,6332.75
SIA,BA,202506,2402076,0206020031,88.0,12004.08
SIA,BA,202506,0004251,0206010079,7.0,682.08
SIA,BA,202506,2445247,0211020036,93.0,478.95
SIA,BA,202506,7675135,0206020031,21.0,2864.61
SIA,BA,202506,2407205,0206010079,31.0,3020.64
SIA,BA,202506,4145542,0206010028,5.0,505.5
SIA,BA,202506,0832014,0206010028,27.0,2729.7
SIA,BA,202506,0059218,0206030029,35.0,3036.25
SIA,BA,202506,2483408,0211020036,100.0,515.0
SIA,BA,202506,9078673,0211020036,400.0,2060.0
SIA,BA,202506,0003980,0206010079,230.0,22411.2
SIA,BA,202506,0003980,0206020015,37.0,3209.75
SIA,BA,202506,3544095,0206010079,5.0,487.2
SIA,BA,202506,2470748,0206030029,4.0,347.0
SIA,BA,202506,4671244,0211020036,774.0,3960.35
SIA,BA,202506,4671244,0902010026,3.0,600.0
SIA,BA,202506,4671244,0902010018,1.0,130.0
SIA,BA,202506,4671244,0902010069,1.0,350.0
SIA,BA,202506,2802023,0206010044,43.0,3730.25
SIA,BA,202506,2802023,0206020015,17.0,1474.75
SIA,BA,202506,2407205,0206020031,112.0,15277.92
SIA,BA,202506,2497751,0206010036,12.0,1041.12
SIA,BA,202506,2804034,0206010079,285.0,27770.4
SIA,BA,202506,2804034,0206010044,33.0,2862.75
SIA,BA,202506,2799839,0206010079,59.0,5748.96
SIA,BA,202506,4389034,0206010028,60.0,6066.0
SIA,BA,202506,4389034,0206030029,12.0,1041.0
SIA,BA,202506,6595197,0206010028,14.0,1415.4
SIA,BA,202506,9383298,0206030029,2.0,173.5
SIA,BA,202506,2402076,0206030037,82.0,11367.66
SIA,BA,202506,0004073,0206030029,10.0,867.5
SIA,BA,202506,5401755,0211020036,5.0,25.75
SIA,BA,202506,2556847,0206010079,8.0,2360.0
SIA,BA,202506,3531481,0211020036,75.0,386.25
SIA,BA,202506,4201175,0211020036,59.0,303.85
SIA,BA,202506,2601753,0211020036,58.0,298.7
SIA,BA,202506,2532549,0211020036,233.0,1199.95
SIA,BA,202506,2387263,0211020036,4.0,20.6
SIA,BA,202506,2802090,0206010028,13.0,1314.3
SIA,BA,202506,2802104,0206010079,105.0,10231.2
SIA,BA,202506,4355539,0211020036,12.0,61.8
SIA,BA,202506,2799758,0206020023,31.0,2689.25
SIA,BA,202506,2385015,0208010033,99.0,37923.93
SIA,BA,202506,9966366,0206010028,34.0,3437.4
SIA,BA,202506,0003816,0206010079,28.0,2728.32
SIA,BA,202506,0003816,0206010044,15.0,1301.25
SIA,BA,202506,0003832,0206030037,45.0,6238.35
SIA,BA,202506,0004235,0211020060,260.0,7800.0
SIA,BA,202506,0829781,0206010028,45.0,4549.5
SIA,BA,202506,6772838,0206010044,1.0,250.0
SIA,BA,202506,7675135,0206010052,3.0,260.25
SIA,BA,202506,6908705,0211020036,5.0,25.75
SIA,BA,202506,0003875,0206030029,10.0,867.5
SIA,BA,202506,0004251,0206010095,68.0,143290.96
SIA,BA,202506,9052844,0206010044,2.0,500.0
SIA,BA,202506,9443088,0211020036,219.0,1127.85
SIA,BA,202506,2497751,0206010010,12.0,1041.12
SIA,BA,202506,2532387,0211020036,393.0,2023.95
SIA,BA,202506,2938499,0206010028,25.0,2527.5
SIA,BA,202506,0003980,0206010028,16.0,1617.6
SIA,BA,202506,2801566,0211020036,142.0,731.3
SIA,BA,202506,2388057,0206010028,22.0,2224.2
SIA,BA,202506,0004294,0206030029,35.0,3036.25
SIA,BA,202506,0829781,0206030029,21.0,1821.75
SIA,BA,202506,9276998,0211020036,25.0,128.75
SIA,BA,202506,2802023,0206010010,29.0,2516.04
SIA,BA,202506,0003778,0206010079,15.0,1461.6
SIA,BA,202506,9507949,0206010028,21.0,2123.1
SIA,BA,202506,2804034,0206020015,12.0,1041.0
SIA,BA,202506,2386569,0206030029,10.0,867.5
SIA,BA,202506,0003859,0206010052,6.0,520.5
SIA,BA,202506,2799790,0206010044,22.0,1908.5
SIA,BA,202506,2799839,0206010052,58.0,5031.5
SIA,BA,202506,2804034,0206030029,14.0,1214.5
SIA,BA,202506,2601680,0206010044,3.0,260.25
SIA,BA,202506,2483629,0206010079,1.0,97.44
SIA,BA,202506,9443665,0206030010,217.0,30082.71
SIA,BA,202506,7945671,0211020036,289.0,1488.35
SIA,BA,202506,2601729,0211020036,117.0,602.55
SIA,BA,202506,2407205,0206030037,77.0,10674.51
SIA,BA,202506,2772280,0206030010,2.0,277.26
SIA,BA,202506,2802090,0206030029,8.0,694.0
SIA,BA,202506,0003786,0206010028,17.0,1718.7
SIA,BA,202506,2804034,0206010028,30.0,3033.0
SIA,BA,202506,2799790,0206010028,7.0,707.7
SIA,BA,202506,6292550,0211020060,4.0,360.0
SIA,BA,202506,3042413,0206020031,1.0,136.41
SIA,BA,202506,2520613,0206030010,49.0,6792.87
SIA,BA,202506,2385171,0206010036,9.0,780.84
SIA,BA,202506,2644789,0206010079,4.0,389.76
SIA,BA,202506,2802023,0206010028,20.0,2022.0
SIA,BA,202506,9373853,0206010028,39.0,3942.9
SIA,BA,202506,4578732,0206010028,10.0,1011.0
SIA,BA,202506,0003786,0206010052,185.0,16048.75
SIA,BA,202506,2470748,0206010028,12.0,1213.2
SIA,BA,202506,6414702,0206010028,11.0,1112.1
SIA,BA,202506,2388057,0206010060,2.0,194.88
SIA,BA,202506,0832014,0206030029,8.0,694.0
SIA,BA,202506,9922962,0206030029,47.0,4077.25
SIA,BA,202506,2942208,0206010028,16.0,1617.6
SIA,BA,202506,4026896,0206010028,11.0,1112.1
SIA,BA,202506,2627256,0211020036,217.0,1117.55
SIA,BA,202506,0003832,0211020010,86.0,62783.44
SIA,BA,202506,0004820,0206010079,4.0,389.76
SIA,BA,202506,9052844,0206030010,20.0,7400.0
SIA,BA,202506,0003832,0206010095,71.0,149612.62
SIA,BA,202506,2550032,0206010060,1.0,97.44
SIA,BA,202506,6211496,0211020036,275.0,1416.25
SIA,BA,202506,2600943,0211020036,90.0,463.5
SIA,BA,202506,2799790,0206010010,15.0,1301.4
SIA,BA,202506,2802090,0206010010,13.0,1127.88
SIA,BA,202506,3373223,0211020036,175.0,901.25
SIA,BA,202506,2802112,0206030029,4.0,347.0
SIA,BA,202506,2804034,0206020023,9.0,780.75
SIA,BA,202506,2402556,0211020036,58.0,298.7
SIA,BA,202506,2800527,0211020036,148.0,762.2
SIA,BA,202506,6616917,0206030010,2.0,277.26
SIA,BA,202506,0003778,0206010052,10.0,867.5
SIA,BA,202506,2598183,0211020036,126.0,648.9
SIA,BA,202506,0003980,0206010044,20.0,1735.0
SIA,BA,202506,4578732,0206030029,5.0,433.75
SIA,BA,202506,7442173,0211020036,73.0,375.95
SIA,BA,202506,5894603,0206010079,15.0,3643.5
SIA,BA,202506,4026896,0206030029,4.0,347.0
SIA,BA,202506,2487438,0206030029,8.0,694.0
SIA,BA,202506,2525933,0206010028,5.0,505.5
SIA,BA,202506,2942208,0206030029,6.0,520.5
SIA,BA,202506,7922000,0211020036,337.0,1735.55
SIA,BA,202506,2802090,0206010044,16.0,1388.0
SIA,BA,202506,0003921,0206020015,8.0,694.0
SIA,BA,202506,2388057,0206030029,33.0,2862.75
SIA,BA,202506,9516182,0206030029,22.0,1908.5
SIA,BA,202506,3972925,0206030029,8.0,694.0
SIA,BA,202506,9383298,0206010028,6.0,606.6
SIA,BA,202506,2304295,0211020036,120.0,618.0
SIA,BA,202506,0003980,0206010010,16.0,1388.16
SIA,BA,202506,9347135,0211020036,8.0,41.2
SIA,BA,202506,0003875,0211020010,375.0,273765.0
SIA,BA,202506,2799790,0206020015,4.0,347.0
SIA,BA,202506,2497751,0206030029,31.0,2689.25
SIA,BA,202506,9054162,0211020036,283.0,1457.45
SIA,BA,202506,2802090,0206020015,6.0,520.5
SIA,BA,202506,0003875,0206010044,1.0,86.75
SIA,BA,202506,2402564,0211020036,510.0,2626.5
SIA,BA,202506,6943977,0208010033,1.0,383.07
SIA,BA,202506,9481966,0208010025,4.0,1634.08
SIA,BA,202506,9866035,0206010028,34.0,3437.4
SIA,BA,202506,3208419,0211020036,350.0,1802.5
SIA,BA,202506,6905617,0211020060,29.0,1757.4
SIA,BA,202506,6485235,0211020036,122.0,628.3
SIA,BA,202506,7907222,0211020036,276.0,1421.4
SIA,BA,202506,2494973,0206030029,7.0,607.25
SIA,BA,202506,0004820,0206030037,16.0,2218.08
SIA,BA,202506,0003921,0206010010,4.0,347.04
SIA,BA,202506,0003816,0206010010,2.0,173.52
SIA,BA,202506,2498804,0211020036,29.0,149.35
SIA,BA,202506,2799758,0206010036,41.0,3557.16
SIA,BA,202506,2772280,0206010079,11.0,1071.84
SIA,BA,202506,2389347,0211020036,10.0,51.5
SIA,BA,202506,0005428,0206010028,2.0,202.2
SIA,BA,202506,0003832,0208010033,57.0,21834.99
SIA,BA,202506,0004820,0206030010,20.0,2772.6
SIA,BA,202506,0004065,0206010028,10.0,1011.0
SIA,BA,202506,0003786,0206020015,8.0,694.0
SIA,BA,202506,0003778,0206010044,2.0,173.5
SIA,BA,202506,2487756,0211020036,67.0,345.05
SIA,BA,202506,0607126,0206030029,9.0,780.75
SIA,BA,202506,0003921,0206010052,4.0,347.0
SIA,BA,202506,2416867,0211020036,320.0,1648.0
SIA,BA,202506,2493330,0211020036,148.0,762.2
SIA,BA,202506,4022718,0206030010,25.0,3465.75
SIA,BA,202506,2507609,0211020036,84.0,432.6
SIA,BA,202506,2523558,0211020036,291.0,1498.65
SIA,BA,202506,2526565,0211020036,80.0,412.0
SIA,BA,202506,2799251,0211020036,579.0,2981.85
SIA,BA,202506,0004065,0206010044,27.0,2342.25
SIA,BA,202506,9507930,0206010028,17.0,1718.7
SIA,BA,202506,2601079,0211020036,81.0,417.15
SIA,BA,202506,2772280,0211020036,16.0,82.4
SIA,BA,202506,7116896,0211020036,37.0,190.55
SIA,BA,202506,2414244,0206010028,11.0,1112.1
SIA,BA,202506,2799790,0206010052,3.0,260.25
SIA,BA,202506,6772838,0206030010,18.0,6660.0
SIA,BA,202506,2627418,0206030037,6.0,831.78
SIA,BA,202506,7592191,0211020036,184.0,947.6
SIA,BA,202506,4029801,0211020036,24.0,123.6
SIA,BA,202506,2524643,0211020036,44.0,226.6
SIA,BA,202506,0004251,0211020010,15.0,10950.6
SIA,BA,202506,9443665,0206020023,6.0,520.5
SIA,BA,202506,2772280,0211020010,32.0,23361.28
SIA,BA,202506,0003786,0206030029,9.0,780.75
SIA,BA,202506,9915583,0206010028,27.0,2729.7
SIA,BA,202506,0003786,0208010025,140.0,57192.8
SIA,BA,202506,0004278,0206010036,2.0,173.52
SIA,BA,202506,6298354,0211020036,343.0,1766.45
SIA,BA,202506,6855180,0211020036,1105.0,5690.75
SIA,BA,202506,2514648,0211020036,214.0,1102.1
SIA,BA,202506,3010902,0211020036,135.0,695.25
SIA,BA,202506,2401665,0211020036,41.0,211.15
SIA,BA,202506,0003859,0206010044,6.0,520.5
SIA,BA,202506,4880048,0206020031,4.0,545.64
SIA,BA,202506,6237509,0206010044,3.0,735.0
SIA,BA,202506,7094647,0206020031,23.0,3137.43
SIA,BA,202506,2799839,0206020015,5.0,433.75
SIA,BA,202506,2600609,0211020036,228.0,1174.2
SIA,BA,202506,0003832,0206030010,24.0,3327.12
SIA,BA,202506,2804034,0206010052,8.0,694.0
SIA,BA,202506,9915583,0206030029,21.0,1821.75
SIA,BA,202506,2520613,0206030029,5.0,433.75
SIA,BA,202506,9837841,0206030029,3.0,260.25
SIA,BA,202506,0710210,0211020036,60.0,309.0
SIA,BA,202506,2799286,0206010052,4.0,347.0
SIA,BA,202506,2799758,0206010052,21.0,1821.75
SIA,BA,202506,2799804,0211020036,64.0,329.6
SIA,BA,202506,5835208,0211020036,215.0,1107.25
SIA,BA,202506,7111606,0211020036,406.0,2090.9
SIA,BA,202506,0003921,0206010028,7.0,707.7
SIA,BA,202506,5889448,0206020031,5.0,682.05
SIA,BA,202506,2524163,0211020036,135.0,695.25
SIA,BA,202506,0003786,0206010044,48.0,4164.0
SIA,BA,202506,9210695,0211020036,1.0,5.15
SIA,BA,202506,7228724,0211020036,50.0,257.5
SIA,BA,202506,2938499,0206030029,10.0,867.5
SIA,BA,202506,2601591,0211020036,143.0,736.45
SIA,BA,202506,6621643,0211020036,2.0,10.3
SIA,BA,202506,6998143,0211020036,10.0,51.5
SIA,BA,202506,2385171,0211020036,261.0,1344.15
SIA,BA,202506,0867551,0211020036,115.0,592.25
SIA,BA,202506,0222690,0211020060,26.0,1575.6
SIA,BA,202506,0003786,0206020031,604.0,82391.64
SIA,BA,202506,9443665,0206020031,121.0,16505.61
SIA,BA,202506,2804034,0206010036,5.0,433.8
SIA,BA,202506,2660253,0211020036,36.0,185.4
SIA,BA,202506,9915583,0206010036,5.0,433.8
SIA,BA,202506,2517744,0206010052,2.0,464.98
SIA,BA,202506,0003786,0206010036,17.0,1474.92
SIA,BA,202506,2385171,0206020015,10.0,867.5
SIA,BA,202506,4022718,0206010044,5.0,433.75
SIA,BA,202506,2799758,0206030010,303.0,42004.89
SIA,BA,202506,2799839,0206020023,3.0,260.25
SIA,BA,202506,2799154,0211020036,34.0,175.1
SIA,BA,202506,0004278,0206020031,29.0,3955.89
SIA,BA,202506,0004820,0206020031,31.0,4228.71
SIA,BA,202506,4578732,0206010036,5.0,433.8
SIA,BA,202506,6595197,0206010036,11.0,954.36
SIA,BA,202506,0004294,0206010036,57.0,4945.32
SIA,BA,202506,2494973,0206010044,13.0,1127.75
SIA,BA,202506,9443665,0206010052,70.0,6072.5
SIA,BA,202506,2388057,0206010036,18.0,1561.68
SIA,BA,202506,0004065,0206010079,88.0,8574.72
SIA,BA,202506,2497751,0206010052,4.0,347.0
SIA,BA,202506,0004065,0206030010,183.0,25369.29
SIA,BA,202506,2938499,0206010079,100.0,9744.0
SIA,BA,202506,2938499,0206020031,36.0,4910.76
SIA,BA,202506,2802090,0206010036,5.0,433.8
SIA,BA,202506,2386569,0206010028,26.0,2628.6
SIA,BA,202506,2487756,0211020060,64.0,1920.0
SIA,BA,202506,0004251,0206020031,13.0,1773.33
SIA,BA,202506,2801507,0206010044,7.0,607.25
SIA,BA,202506,4389034,0206010036,6.0,520.56
SIA,BA,202506,2385171,0206020023,20.0,1735.0
SIA,BA,202506,7675135,0206030037,9.0,1247.67
SIA,BA,202506,0003832,0206020031,46.0,6274.86
SIA,BA,202506,0004294,0206010044,155.0,13446.25
SIA,BA,202506,0004294,0206010079,514.0,50084.16
SIA,BA,202506,0004294,0206020015,25.0,2168.75
SIA,BA,202506,0832014,0206010044,16.0,1388.0
SIA,BA,202506,0059218,0206010079,224.0,21826.56
SIA,BA,202506,0829781,0206010079,136.0,13251.84
SIA,BA,202506,0607126,0206010079,41.0,3995.04
SIA,BA,202506,0607126,0206020015,4.0,347.0
SIA,BA,202506,0884189,0206010079,124.0,12082.56
SIA,BA,202506,0059218,0206020015,15.0,1301.25
SIA,BA,202506,0785245,0206010079,26.0,2533.44
SIA,BA,202506,0832014,0206010079,159.0,15492.96
SIA,BA,202506,0059218,0206010044,42.0,3643.5
SIA,BA,202506,4026896,0206010079,272.0,26503.68
SIA,BA,202506,3972925,0206010044,29.0,2515.75
SIA,BA,202506,6414702,0206010079,393.0,38293.92
SIA,BA,202506,2494973,0206010028,17.0,1718.7
SIA,BA,202506,6595197,0206020015,16.0,1388.0
SIA,BA,202506,6414702,0206020023,43.0,3730.25
SIA,BA,202506,6414702,0206010044,33.0,2862.75
SIA,BA,202506,6414702,0206020015,15.0,1301.25
SIA,BA,202506,6595197,0206010079,241.0,23483.04
SIA,BA,202506,4578732,0206010079,60.0,5846.4
SIA,BA,202506,4578732,0206010044,9.0,780.75
SIA,BA,202506,0003980,0206020023,4.0,347.0
SIA,BA,202506,3972925,0206010079,142.0,13836.48
SIA,BA,202506,2802023,0206010036,8.0,694.08
SIA,BA,202506,4389034,0206010079,93.0,9061.92
SIA,BA,202506,9507930,0206010079,254.0,24749.76
SIA,BA,202506,9507949,0206010079,164.0,15980.16
SIA,BA,202506,4145542,0206010044,6.0,520.5
SIA,BA,202506,2862301,0206010079,61.0,5943.84
SIA,BA,202506,9373853,0206010079,120.0,11692.8
SIA,BA,202506,3464156,0206030010,10.0,1386.3
SIA,BA,202506,2388057,0206020015,21.0,1821.75
SIA,BA,202506,9372822,0206020015,12.0,1041.0
SIA,BA,202506,6345891,0206030037,10.0,1386.3
SIA,BA,202506,2487438,0206010036,2.0,173.52
SIA,BA,202506,9383298,0206010079,79.0,7697.76
SIA,BA,202506,9373853,0206020015,6.0,520.5
SIA,BA,202506,9922962,0206010036,12.0,1041.12
SIA,BA,202506,2942208,0206010079,61.0,5943.84
SIA,BA,202506,9966366,0206010079,150.0,14616.0
SIA,BA,202506,6595197,0206010044,44.0,3817.0
SIA,BA,202506,9966366,0206020015,11.0,954.25
SIA,BA,202506,2525933,0206010079,72.0,7015.68
SIA,BA,202506,4145542,0206010079,65.0,6333.6
SIA,BA,202506,4028155,0206010044,11.0,954.25
SIA,BA,202506,4028155,0206010079,116.0,11303.04
SIA,BA,202506,9922962,0206010079,282.0,27478.08
SIA,BA,202506,9837841,0206010079,58.0,5651.52
SIA,BA,202506,4389034,0206020015,3.0,260.25
SIA,BA,202506,9866035,0206010079,165.0,16077.6
SIA,BA,202506,4446321,0206020023,30.0,2602.5
SIA,BA,202506,9915583,0206010079,159.0,15492.96
SIA,BA,202506,2414244,0206010036,3.0,260.28
SIA,BA,202506,4026896,0206010044,44.0,3817.0
SIA,BA,202506,2942585,0206010079,71.0,6918.24
SIA,BA,202506,2494973,0206010052,7.0,607.25
SIA,BA,202506,9373853,0206010044,22.0,1908.5
SIA,BA,202506,9372822,0206010044,44.0,3817.0
SIA,BA,202506,2770512,0206030037,35.0,4852.05
SIA,BA,202506,9966366,0206010036,7.0,607.32
SIA,BA,202506,2388057,0206010079,397.0,38683.68
SIA,BA,202506,9866035,0206010044,30.0,2602.5
SIA,BA,202506,9516182,0206010079,113.0,11010.72
SIA,BA,202506,9372822,0206010079,209.0,20364.96
SIA,BA,202506,2627418,0206010028,30.0,3033.0
SIA,BA,202506,0005428,0206010079,48.0,4677.12
SIA,BA,202506,0059218,0206010036,15.0,1301.4
SIA,BA,202506,2802090,0206020023,6.0,520.5
SIA,BA,202506,2470748,0206010079,125.0,12180.0
SIA,BA,202506,9383298,0206010044,12.0,1041.0
SIA,BA,202506,2487438,0206010079,180.0,17539.2
SIA,BA,202506,0785245,0206020015,2.0,173.5
SIA,BA,202506,6602533,0206010079,84.0,8184.96
SIA,BA,202506,9966366,0206010044,8.0,694.0
SIA,BA,202506,2402076,0206010079,10.0,974.4
SIA,BA,202506,2414244,0206010079,89.0,8672.16
SIA,BA,202506,2388057,0206010044,42.0,3643.5
SIA,BA,202506,2506211,0211020060,2.0,200.0
SIA,BA,202506,9383298,0206020015,3.0,260.25
SIA,BA,202506,9866035,0206010036,2.0,173.52
SIA,BA,202506,2487438,0206010044,30.0,2602.5
SIA,BA,202506,0884189,0206020015,6.0,520.5
SIA,BA,202506,2913348,0206010079,35.0,3410.4
SIA,BA,202506,2400693,0206010079,19.0,1851.36
SIA,BA,202506,4578732,0206020015,5.0,433.75
SIA,BA,202506,0004065,0206010052,20.0,1735.0
SIA,BA,202506,0829781,0206010044,23.0,1995.25
SIA,BA,202506,2772280,0206010052,2.0,173.5
SIA,BA,202506,2771365,0211020036,2.0,10.3
SIA,BA,202506,3972925,0206010036,10.0,867.6
SIA,BA,202506,2415844,0206010079,15.0,1461.6
SIA,BA,202506,4446321,0206020015,16.0,1388.0
SIA,BA,202506,4389034,0206010044,17.0,1474.75
SIA,BA,202506,9516182,0206010044,37.0,3209.75
SIA,BA,202506,9507949,0206010044,7.0,607.25
SIA,BA,202506,2942585,0206010044,20.0,1735.0
SIA,BA,202506,4446321,0206010079,1.0,97.44
SIA,BA,202506,0884189,0206010044,16.0,1388.0
SIA,BA,202506,2627418,0206010052,3.0,260.25
SIA,BA,202506,9507930,0206010044,31.0,2689.25
SIA,BA,202506,0003832,0208010025,76.0,31047.52
SIA,BA,202506,9915583,0206020015,7.0,607.25
SIA,BA,202506,0003980,0206010036,6.0,520.56
SIA,BA,202506,0004073,0206010079,28.0,2728.32
SIA,BA,202506,2510391,0206010079,30.0,2923.2
SIA,BA,202506,2388057,0206020023,12.0,1041.0
SIA,BA,202506,9922962,0206010044,44.0,3817.0
SIA,BA,202506,2862301,0206010044,8.0,694.0
SIA,BA,202506,0785245,0206010044,6.0,520.5
SIA,BA,202506,9373853,0206010036,7.0,607.32
SIA,BA,202506,2770512,0206010044,8.0,694.0
SIA,BA,202506,2414244,0206020023,7.0,607.25
SIA,BA,202506,2407205,0206010010,5.0,433.8
SIA,BA,202506,6602533,0206010044,7.0,607.25
SIA,BA,202506,9052844,0206030029,1.0,300.0
SIA,BA,202506,4446321,0206010036,7.0,607.32
SIA,BA,202506,0003778,0206010036,7.0,607.32
SIA,BA,202506,3972925,0206020015,8.0,694.0
SIA,BA,202506,3948684,0206010079,1.0,97.44
SIA,BA,202506,9915583,0206010044,15.0,1301.25
SIA,BA,202506,9507930,0206020023,4.0,347.0
SIA,BA,202506,2400693,0206010044,5.0,433.75
SIA,BA,202506,2414244,0206010044,8.0,694.0
SIA,BA,202506,2942208,0206010044,18.0,1561.5
SIA,BA,202506,3968537,0206010028,3.0,303.3
SIA,BA,202506,6595197,0206020023,4.0,347.0
SIA,BA,202506,9516182,0206010036,6.0,520.56
SIA,BA,202506,9507930,0206010036,5.0,433.8
SIA,BA,202506,2517744,0206030037,15.0,5572.95
SIA,BA,202506,9922962,0206020015,8.0,694.0
SIA,BA,202506,9837841,0206010044,7.0,607.25
SIA,BA,202506,3464156,0206020031,12.0,1636.92
SIA,BA,202506,2799839,0206010036,3.0,260.28
SIA,BA,202506,9516182,0206020015,5.0,433.75
SIA,BA,202506,0003859,0211020010,39.0,28471.56
SIA,BA,202506,2470748,0206020015,5.0,433.75
SIA,BA,202506,4446321,0206010044,3.0,260.25
SIA,BA,202506,0829781,0206010036,5.0,433.8
SIA,BA,202506,4024222,0211020036,26.0,133.9
SIA,BA,202506,2470748,0206010044,11.0,954.25
SIA,BA,202506,0607126,0206010044,8.0,694.0
SIA,BA,202506,3295451,0208010025,39.0,15932.28
SIA,BA,202506,2510391,0206020015,1.0,86.75
SIA,BA,202506,2913348,0206010036,1.0,86.76
SIA,BA,202506,2802104,0206020023,2.0,173.5
SIA,BA,202506,6476120,0206010052,4.0,929.96
SIA,BA,202506,0003921,0206010036,10.0,867.6
SIA,BA,202506,2942208,0206020015,3.0,260.25
SIA,BA,202506,2770512,0206030029,3.0,260.25
SIA,BA,202506,9837841,0206010036,4.0,347.04
SIA,BA,202506,4028155,0206010036,5.0,433.8
SIA,BA,202506,6476120,0206030037,15.0,5572.95
SIA,BA,202506,4026896,0206020015,9.0,780.75
SIA,BA,202506,5894603,0206020031,3.0,1332.0
SIA,BA,202506,3968537,0206030010,16.0,2218.08
SIA,BA,202506,2653125,0211020036,104.0,535.6
SIA,BA,202506,2942585,0206010036,2.0,173.52
SIA,BA,202506,7964145,0211020036,281.0,1447.15
SIA,BA,202506,2627418,0206030029,7.0,607.25
SIA,BA,202506,2400693,0206010036,6.0,520.56
SIA,BA,202506,9372822,0206010036,3.0,260.28
SIA,BA,202506,2400693,0206020015,1.0,86.75
SIA,BA,202506,9052844,0206010036,1.0,220.0
SIA,BA,202506,4026896,0206010036,11.0,954.36
SIA,BA,202506,2802112,0206010010,12.0,1041.12
SIA,BA,202506,2487438,0206020015,3.0,260.25
SIA,BA,202506,0829781,0206020015,6.0,520.5
SIA,BA,202506,0003778,0206020015,3.0,260.25
SIA,BA,202506,0004278,0206010052,10.0,867.5
SIA,BA,202506,9507930,0206020015,3.0,260.25
SIA,BA,202506,9507949,0206010036,4.0,347.04
SIA,BA,202506,2525933,0206010044,3.0,260.25
SIA,BA,202506,2414244,0206020015,2.0,173.5
SIA,BA,202506,0004251,0208010025,33.0,13481.16
SIA,BA,202506,0832014,0206010036,5.0,433.8
SIA,BA,202506,5025729,0211020036,48.0,247.2
SIA,BA,202506,0004073,0206010044,5.0,433.75
SIA,BA,202506,2487438,0206020023,4.0,347.0
SIA,BA,202506,9837841,0206020015,1.0,86.75
SIA,BA,202506,9866035,0206020015,1.0,86.75
SIA,BA,202506,2601680,0206010028,4.0,404.4
SIA,BA,202506,4028155,0206020015,7.0,607.25
SIA,BA,202506,2942585,0206020015,4.0,347.0
SIA,BA,202506,9372822,0206020023,4.0,347.0
SIA,BA,202506,6414702,0206010036,8.0,694.08
SIA,BA,202506,0003859,0206020023,1.0,86.75
SIA,BA,202506,3245500,0206010044,1.0,86.75
SIA,BA,202506,2942208,0206020023,9.0,780.75
SIA,BA,202506,0832014,0206020015,5.0,433.75
SIA,BA,202506,2799790,0206010036,4.0,347.04
SIA,BA,202506,2415844,0206020015,1.0,86.75
SIA,BA,202506,4145542,0206020015,1.0,86.75
SIA,BA,202506,2497751,0206020031,6.0,818.46
SIA,BA,202506,2627418,0206010036,3.0,260.28
SIA,BA,202506,2799286,0206010079,1.0,97.44
SIA,BA,202506,0003816,0211020010,16.0,11680.64
SIA,BA,202506,0005428,0206010044,1.0,86.75
SIA,BA,202506,2862301,0206010036,3.0,260.28
SIA,BA,202506,0884189,0206010036,2.0,173.52
SIA,BA,202506,0003816,0206010036,3.0,260.28
SIA,BA,202506,2985470,0206010079,3.0,600.0
SIA,BA,202506,9052844,0206010010,1.0,220.0
SIA,BA,202506,2523779,0211020036,161.0,829.15
SIA,BA,202506,2913348,0206010044,5.0,433.75
SIA,BA,202506,6602533,0206020015,2.0,173.5
SIA,BA,202506,5894603,0206030010,2.0,1000.0
SIA,BA,202506,2470748,0206010036,2.0,173.52
SIA,BA,202506,0004251,0206010052,5.0,433.75
SIA,BA,202506,2772280,0206030037,2.0,277.26
SIA,BA,202506,0003786,0211020036,412.0,2121.8
SIA,BA,202506,6491499,0211020036,50.0,257.5
SIA,BA,202506,9007148,0211020036,981.0,5052.15
SIA,BA,202506,9443665,0211020036,554.0,2853.1
SIA,BA,202506,0003956,0211020036,1024.0,5273.6
SIA,BA,202506,0003832,0211020036,717.0,3692.55
SIA,BA,202506,3368726,0211020036,51.0,262.65
SIA,BA,202506,0832014,0206020023,2.0,173.5
SIA,BA,202506,2550032,0206020023,2.0,173.5
SIA,BA,202506,0004235,0211020036,1415.0,7287.25
SIA,BA,202506,0003875,0211020036,1130.0,5819.5
SIA,BA,202506,4026896,0206010010,44.0,3817.44
SIA,BA,202506,2550032,0206010010,1.0,86.76
SIA,BA,202506,6237509,0206020031,17.0,6460.0
SIA,BA,202506,6237509,0206010036,1.0,245.0
SIA,BA,202506,0006564,0211020036,80.0,412.0
SIA,BA,202506,2384779,0211020036,50.0,257.5
SIA,BA,202506,2772280,0206010044,2.0,173.5
SIA,BA,202506,0004251,0211020036,36.0,185.4
SIA,BA,202506,2494973,0206010079,116.0,11303.04
SIA,BA,202506,2799847,0211020036,61.0,314.15
SIA,BA,202506,2407205,0206010044,25.0,2168.75
SIA,BA,202506,2602083,0211020036,330.0,1699.5
SIA,BA,202506,2802112,0206030010,20.0,2772.6
SIA,BA,202506,4026624,0211020036,121.0,623.15
SIA,BA,202506,2385171,0206010052,7.0,607.25
SIA,BA,202506,2385171,0206010028,25.0,2527.5
SIA,BA,202506,4578732,0206010010,27.0,2342.52
SIA,BA,202506,9443665,0206010044,33.0,2862.75
SIA,BA,202506,6988423,0211020036,11.0,56.65
SIA,BA,202506,0004294,0206010010,87.0,7548.12
SIA,BA,202506,2388057,0206010010,38.0,3296.88
SIA,BA,202506,6414702,0206010052,7.0,607.25
SIA,BA,202506,2985470,0206020031,3.0,739.98
SIA,BA,202506,2804034,0211020036,67.0,345.05
SIA,BA,202506,4616685,0211020036,1140.0,5871.0
SIA,BA,202506,9372822,0206010010,32.0,2776.32
SIA,BA,202506,2942585,0206030029,6.0,520.5
SIA,BA,202506,7033753,0211020036,420.0,2163.0
SIA,BA,202506,0005428,0206030029,5.0,433.75
SIA,BA,202506,4578732,0206010052,5.0,433.75
SIA,BA,202506,0059218,0206010010,32.0,2776.32
SIA,BA,202506,2514435,0211020036,121.0,623.15
SIA,BA,202506,0003778,0206010028,8.0,808.8
SIA,BA,202506,2498413,0206010079,11.0,1071.84
SIA,BA,202506,3968537,0206010044,3.0,260.25
SIA,BA,202506,2942208,0206010036,3.0,260.28
SIA,BA,202506,4032101,0211020036,50.0,257.5
SIA,BA,202506,0003816,0211020036,580.0,2987.0
SIA,BA,202506,2627418,0206010010,13.0,1127.88
SIA,BA,202506,9507930,0206010052,12.0,1041.0
SIA,BA,202506,6476120,0206010044,2.0,464.98
SIA,BA,202506,4028155,0206010010,5.0,433.8
SIA,BA,202506,0829781,0206010010,8.0,694.08
SIA,BA,202506,0004294,0206010052,17.0,1474.75
SIA,BA,202506,7033850,0211020036,566.0,2914.9
SIA,BA,202506,2603055,0211020036,189.0,973.35
SIA,BA,202506,2603012,0211020036,169.0,870.35
SIA,BA,202506,2772280,0206010028,5.0,505.5
SIA,BA,202506,7894015,0211020036,637.0,3280.55
SIA,BA,202506,2802104,0211020036,906.0,4665.9
SIA,BA,202506,9507949,0206030029,8.0,694.0
SIA,BA,202506,9442693,0211020036,153.0,787.95
SIA,BA,202506,0204595,0211020036,888.0,4573.2
SIA,BA,202506,0884189,0206010028,5.0,505.5
SIA,BA,202506,0004251,0208010033,33.0,12641.31
SIA,BA,202506,2388057,0206010052,38.0,3296.5
SIA,BA,202506,6414702,0206010010,41.0,3557.16
SIA,BA,202506,9507930,0206010010,8.0,694.08
SIA,BA,202506,9922962,0206010010,32.0,2776.32
SIA,BA,202506,6595197,0206010010,36.0,3123.36
SIA,BA,202506,2514311,0211020036,17.0,87.55
SIA,BA,202506,9866035,0206030029,8.0,694.0
SIA,BA,202506,9052844,0206020031,14.0,5180.0
SIA,BA,202506,0004073,0206010036,2.0,173.52
SIA,BA,202506,4028155,0206010028,8.0,808.8
SIA,BA,202506,3042413,0206030037,3.0,415.89
SIA,BA,202506,0004278,0211020036,140.0,721.0
SIA,BA,202506,4022718,0206010036,4.0,347.04
SIA,BA,202506,3972925,0206010010,36.0,3123.36
SIA,BA,202506,2938499,0206010036,6.0,520.56
SIA,BA,202506,2497751,0206020015,10.0,867.5
SIA,BA,202506,9019308,0211020036,510.0,2626.5
SIA,BA,202506,2802023,0211020036,517.0,2662.55
SIA,BA,202506,2770512,0206020023,2.0,173.5
SIA,BA,202506,4026896,0206010052,20.0,1735.0
SIA,BA,202506,9516182,0206010010,22.0,1908.72
SIA,BA,202506,9866035,0206010052,4.0,347.0
SIA,BA,202506,9373853,0206010052,5.0,433.75
SIA,BA,202506,2386569,0206010044,16.0,1388.0
SIA,BA,202506,5894603,0206020015,1.0,242.9
SIA,BA,202506,0004073,0206020015,2.0,173.5
SIA,BA,202506,2487756,0206010079,1.0,97.44
SIA,BA,202506,9507949,0206020015,2.0,173.5
SIA,BA,202506,2487438,0206030037,115.0,15942.45
SIA,BA,202506,2388235,0211020036,1.0,5.15
SIA,BA,202506,9373853,0206010010,20.0,1735.2
SIA,BA,202506,2415844,0206010010,2.0,173.52
SIA,BA,202506,0003875,0206010028,1.0,101.1
SIA,BA,202506,7037937,0211020036,2.0,10.3
SIA,BA,202506,4032691,0211020036,100.0,515.0
SIA,BA,202506,0607126,0206010028,10.0,1011.0
SIA,BA,202506,2801906,0211020036,61.0,314.15
SIA,BA,202506,0028460,0211020036,477.0,2456.55
SIA,BA,202506,9837841,0206010060,1.0,97.44
SIA,BA,202506,6345891,0206020031,8.0,1091.28
SIA,BA,202506,5889448,0206010079,9.0,876.96
SIA,BA,202506,2489511,0208010033,23.0,8810.61
SIA,BA,202506,2926970,0206010079,1.0,97.44
SIA,BA,202506,6988407,0211020036,2.0,10.3
SIA,BA,202506,7033974,0211020036,635.0,3270.25
SIA,BA,202506,0003956,0211020060,53.0,1590.0
SIA,BA,202506,3968537,0206020015,2.0,173.5
SIA,BA,202506,2862301,0206010028,7.0,707.7
SIA,BA,202506,9026908,0211020036,352.0,1812.8
SIA,BA,202506,2520613,0211020060,3.0,90.0
SIA,BA,202506,6345891,0206030010,12.0,1663.56
SIA,BA,202506,0004073,0206010052,5.0,433.75
SIA,BA,202506,3042413,0206010044,1.0,86.75
SIA,BA,202506,2802112,0206020031,17.0,2318.97
SIA,BA,202506,3544095,0206020031,1.0,136.41
SIA,BA,202506,0884189,0206010010,3.0,260.28
SIA,BA,202506,2510391,0206020023,3.0,260.25
SIA,BA,202506,9966366,0206010010,8.0,694.08
SIA,BA,202506,9922962,0206010052,8.0,694.0
SIA,BA,202506,5546826,0211020036,9.0,46.35
SIA,BA,202506,6988474,0211020036,6.0,30.9
SIA,BA,202506,3271110,0206030010,8.0,1109.04
SIA,BA,202506,0004278,0206010044,9.0,780.75
SIA,BA,202506,2862301,0206030029,8.0,694.0
SIA,BA,202506,7521316,0211020036,542.0,2791.3
SIA,BA,202506,2802090,0211020036,170.0,875.5
SIA,BA,202506,2799855,0211020036,10.0,51.5
SIA,BA,202506,2400693,0206010028,4.0,404.4
SIA,BA,202506,2985470,0206030010,5.0,1133.3
SIA,BA,202506,0004278,0206030037,23.0,3188.49
SIA,BA,202506,2942585,0206010028,8.0,808.8
SIA,BA,202506,2799758,0206030029,28.0,2429.0
SIA,BA,202506,0003913,0211020036,262.0,1349.3
SIA,BA,202506,3968537,0206010036,1.0,86.76
SIA,BA,202506,6772838,0206020031,26.0,9620.0
SIA,BA,202506,2488892,0208010033,7.0,2681.49
SIA,BA,202506,2862301,0206010010,6.0,520.56
SIA,BA,202506,0004340,0211020036,161.0,829.15
SIA,BA,202506,2942585,0206020023,2.0,173.5
SIA,BA,202506,2799790,0206030029,7.0,607.25
SIA,BA,202506,9052844,0206010079,6.0,1320.0
SIA,BA,202506,7037880,0211020036,2.0,10.3
SIA,BA,202506,2799839,0206010028,3.0,303.3
SIA,BA,202506,0004073,0206010028,2.0,202.2
SIA,BA,202506,0003778,0206030010,192.0,26616.96
SIA,BA,202506,0003859,0206020031,48.0,6547.68
SIA,BA,202506,0003875,0206020031,184.0,25099.44
SIA,BA,202506,2804034,0206020031,168.0,22916.88
SIA,BA,202506,0003816,0206030010,79.0,10951.77
SIA,BA,202506,2802023,0206020031,88.0,12004.08
SIA,BA,202506,2804034,0206030010,192.0,26616.96
SIA,BA,202506,2802090,0206020031,51.0,6956.91
SIA,BA,202506,7946120,0211020036,133.0,684.95
SIA,BA,202506,0003816,0206020031,91.0,12413.31
SIA,BA,202506,0003859,0206030037,75.0,10397.25
SIA,BA,202506,7092776,0211020060,28.0,840.0
SIA,BA,202506,7223676,0211020036,61.0,314.15
SIA,BA,202506,2926970,0206030037,5.0,693.15
SIA,BA,202506,2802023,0206030010,150.0,20794.5
SIA,BA,202506,2802090,0206030010,117.0,16219.71
SIA,BA,202506,2802104,0206030010,249.0,34518.87
SIA,BA,202506,2799790,0206030010,108.0,14972.04
SIA,BA,202506,2799790,0206020031,129.0,17596.89
SIA,BA,202506,2799839,0206030010,30.0,4158.9
SIA,BA,202506,2802023,0206030037,147.0,20378.61
SIA,BA,202506,4578732,0206020031,61.0,8321.01
SIA,BA,202506,2520613,0206010079,135.0,13154.4
SIA,BA,202506,4028155,0206030010,216.0,29944.08
SIA,BA,202506,0832014,0211020060,53.0,1590.0
SIA,BA,202506,0607126,0206030010,56.0,7763.28
SIA,BA,202506,0004073,0206020031,49.0,6684.09
SIA,BA,202506,9866027,0211020060,69.0,2070.0
SIA,BA,202506,0005428,0206020031,37.0,5047.17
SIA,BA,202506,9837841,0206030010,50.0,6931.5
SIA,BA,202506,0003778,0206030037,197.0,27310.11
SIA,BA,202506,4578732,0206030010,48.0,6654.24
SIA,BA,202506,4446321,0206030037,51.0,7070.13
SIA,BA,202506,6414702,0206030037,291.0,40341.33
SIA,BA,202506,3972925,0206030010,166.0,23012.58
SIA,BA,202506,9516182,0206030037,53.0,7347.39
SIA,BA,202506,9866035,0206020031,65.0,8866.65
SIA,BA,202506,9507930,0206020031,126.0,17187.66
SIA,BA,202506,2415844,0206030010,13.0,1802.19
SIA,BA,202506,2388057,0206030010,238.0,32993.94
SIA,BA,202506,6414702,0206030010,287.0,39786.81
SIA,BA,202506,6595197,0206030010,88.0,12199.44
SIA,BA,202506,9922962,0206030037,104.0,14417.52
SIA,BA,202506,2942585,0206030037,67.0,9288.21
SIA,BA,202506,3154904,0208010033,33.0,12641.31
SIA,BA,202506,4026896,0206030010,182.0,25230.66
SIA,BA,202506,9373853,0206020031,104.0,14186.64
SIA,BA,202506,9507949,0206030010,54.0,7486.02
SIA,BA,202506,6602533,0206010052,2.0,173.5
SIA,BA,202506,2400693,0206020031,50.0,6820.5
SIA,BA,202506,2942585,0206020031,24.0,3273.84
SIA,BA,202506,4026896,0206020031,168.0,22916.88
SIA,BA,202506,9516182,0206020031,76.0,10367.16
SIA,BA,202506,9372822,0206030010,69.0,9565.47
SIA,BA,202506,6595197,0206030037,92.0,12753.96
SIA,BA,202506,9966366,0206030037,68.0,9426.84
SIA,BA,202506,2388057,0206030037,280.0,38816.4
SIA,BA,202506,0829781,0206020031,60.0,8184.6
SIA,BA,202506,0059218,0211020060,59.0,1770.0
SIA,BA,202506,9866035,0211020060,66.0,1980.0
SIA,BA,202506,9915583,0206020031,86.0,11731.26
SIA,BA,202506,0004294,0206030037,93.0,12892.59
SIA,BA,202506,2802112,0206010028,37.0,3740.7
SIA,BA,202506,2802104,0206020031,244.0,33284.04
SIA,BA,202506,2802090,0206030037,98.0,13585.74
SIA,BA,202506,2802104,0206030037,229.0,31746.27
SIA,BA,202506,2799839,0206020031,10.0,1364.1
SIA,BA,202506,9866035,0206030010,61.0,8456.43
SIA,BA,202506,2388057,0206020031,131.0,17869.71
SIA,BA,202506,0003980,0206030010,206.0,28557.78
SIA,BA,202506,2470748,0206030010,63.0,8733.69
SIA,BA,202506,9507930,0206030037,130.0,18021.9
SIA,BA,202506,6414702,0206020031,98.0,13368.18
SIA,BA,202506,0059218,0206030010,31.0,4297.53
SIA,BA,202506,0607126,0206030037,62.0,8595.06
SIA,BA,202506,4028155,0206030037,208.0,28835.04
SIA,BA,202506,9372822,0211020060,55.0,1650.0
SIA,BA,202506,0003980,0206030037,218.0,30221.34
SIA,BA,202506,4026896,0206030037,165.0,22873.95
SIA,BA,202506,2487756,0206020015,1.0,86.75
SIA,BA,202506,0003921,0206030037,75.0,10397.25
SIA,BA,202506,0003816,0211020060,43.0,1290.0
SIA,BA,202506,4389034,0211020060,55.0,1650.0
SIA,BA,202506,9383298,0206020031,22.0,3001.02
SIA,BA,202506,9507930,0206030010,130.0,18021.9
SIA,BA,202506,2487438,0206030010,113.0,15665.19
SIA,BA,202506,4578732,0206030037,56.0,7763.28
SIA,BA,202506,2862301,0206030010,35.0,4852.05
SIA,BA,202506,3972925,0206020031,131.0,17869.71
SIA,BA,202506,4028155,0206020031,140.0,19097.4
SIA,BA,202506,9372822,0206020031,99.0,13504.59
SIA,BA,202506,9373853,0206030010,52.0,7208.76
SIA,BA,202506,2414244,0206030037,39.0,5406.57
SIA,BA,202506,2400693,0206030010,52.0,7208.76
SIA,BA,202506,9507930,0211020060,66.0,1980.0
SIA,BA,202506,0785245,0206020031,27.0,3683.07
SIA,BA,202506,0829781,0206030010,38.0,5267.94
SIA,BA,202506,3948684,0206010036,1.0,86.76
SIA,BA,202506,9915583,0206030010,65.0,9010.95
SIA,BA,202506,9915583,0206030037,63.0,8733.69
SIA,BA,202506,0004294,0206030010,86.0,11922.18
SIA,BA,202506,9516182,0211020060,18.0,540.0
SIA,BA,202506,0004073,0206030037,53.0,7347.39
SIA,BA,202506,9507949,0206030037,54.0,7486.02
SIA,BA,202506,9383298,0206030037,49.0,6792.87
SIA,BA,202506,0004294,0206020031,123.0,16778.43
SIA,BA,202506,0829781,0206030037,50.0,6931.5
SIA,BA,202506,6595197,0206020031,31.0,4228.71
SIA,BA,202506,9373853,0206030037,67.0,9288.21
SIA,BA,202506,2913348,0206020031,10.0,1364.1
SIA,BA,202506,7167156,0206020031,41.0,5592.81
SIA,BA,202506,4389034,0206030037,25.0,3465.75
SIA,BA,202506,9966366,0206020031,70.0,9548.7
SIA,BA,202506,0059218,0206030037,48.0,6654.24
SIA,BA,202506,3972925,0206030037,165.0,22873.95
SIA,BA,202506,9837841,0206030037,46.0,6376.98
SIA,BA,202506,9922962,0206030010,100.0,13863.0
SIA,BA,202506,2470748,0206020031,44.0,6002.04
SIA,BA,202506,2799286,0211020036,177.0,911.55
SIA,BA,202506,2494973,0206020031,49.0,6684.09
SIA,BA,202506,9383298,0206030010,42.0,5822.46
SIA,BA,202506,2799820,0211020036,62.0,319.3
SIA,BA,202506,9922962,0206020031,125.0,17051.25
SIA,BA,202506,2942208,0206030037,60.0,8317.8
SIA,BA,202506,4145542,0211020060,22.0,660.0
SIA,BA,202506,0785245,0206030010,29.0,4020.27
SIA,BA,202506,9837841,0206020031,44.0,6002.04
SIA,BA,202506,9866035,0206030037,66.0,9149.58
SIA,BA,202506,2414244,0206030029,5.0,433.75
SIA,BA,202506,9507949,0206010052,9.0,780.75
SIA,BA,202506,2523299,0211020036,46.0,236.9
SIA,BA,202506,6988393,0211020036,4.0,20.6
SIA,BA,202506,2802252,0211020036,249.0,1282.35
SIA,BA,202506,3042413,0206030010,3.0,415.89
SIA,BA,202506,9372822,0206030037,74.0,10258.62
SIA,BA,202506,0785245,0206030037,38.0,5267.94
SIA,BA,202506,4446321,0206010010,12.0,1041.12
SIA,BA,202506,0003816,0206030037,61.0,8456.43
SIA,BA,202506,9516182,0206030010,49.0,6792.87
SIA,BA,202506,0884189,0211020060,90.0,2700.0
SIA,BA,202506,3948684,0206020031,19.0,2591.79
SIA,BA,202506,2942585,0206030010,68.0,9426.84
SIA,BA,202506,0832014,0206020031,45.0,6138.45
SIA,BA,202506,2470748,0206030037,69.0,9565.47
SIA,BA,202506,0003980,0206020031,58.0,7911.78
SIA,BA,202506,0059218,0206020031,96.0,13095.36
SIA,BA,202506,2414244,0206020031,17.0,2318.97
SIA,BA,202506,9507949,0206020031,55.0,7502.55
SIA,BA,202506,3972925,0206010028,12.0,1213.2
SIA,BA,202506,0004065,0206010036,4.0,347.04
SIA,BA,202506,2487438,0206020031,53.0,7229.73
SIA,BA,202506,2913348,0206030010,16.0,2218.08
SIA,BA,202506,0003859,0206030029,5.0,433.75
SIA,BA,202506,3544095,0206030037,1.0,138.63
SIA,BA,202506,7126816,0211020036,389.0,2003.35
SIA,BA,202506,0004073,0206030010,58.0,8040.54
SIA,BA,202506,2862301,0206020031,17.0,2318.97
SIA,BA,202506,2799790,0206030037,114.0,15803.82
SIA,BA,202506,0003875,0206030010,102.0,14140.26
SIA,BA,202506,0003859,0206030010,70.0,9704.1
SIA,BA,202506,0003778,0206020031,155.0,21143.55
SIA,BA,202506,2520613,0206020031,52.0,7093.32
SIA,BA,202506,9966366,0206030010,68.0,9426.84
SIA,BA,202506,0884189,0206020031,46.0,6274.86
SIA,BA,202506,2913348,0206010028,14.0,1415.4
SIA,BA,202506,2494973,0206030037,45.0,6238.35
SIA,BA,202506,2601680,0206010052,17.0,1474.75
SIA,BA,202506,2926970,0206020031,9.0,1227.69
SIA,BA,202506,7094647,0206030010,5.0,693.15
SIA,BA,202506,6687636,0206010044,9.0,780.75
SIA,BA,202506,0003980,0206010052,7.0,607.25
SIA,BA,202506,0785245,0206010028,4.0,404.4
SIA,BA,202506,9030158,0211020036,593.0,3053.95
SIA,BA,202506,7636822,0211020036,1395.0,7184.25
SIA,BA,202506,4389034,0206010010,15.0,1301.4
SIA,BA,202506,2799758,0206020015,7.0,607.25
SIA,BA,202506,4022718,0206010028,4.0,404.4
SIA,BA,202506,2400693,0206010010,4.0,347.04
SIA,BA,202506,3464156,0206030037,16.0,2218.08
SIA,BA,202506,9373853,0211020060,44.0,1320.0
SIA,BA,202506,0832014,0206030037,30.0,4158.9
SIA,BA,202506,2487438,0206010010,29.0,2516.04
SIA,BA,202506,2942208,0206010010,6.0,520.56
SIA,BA,202506,0029521,0211020036,617.0,3177.55
SIA,BA,202506,7986076,0211020036,849.0,4372.35
SIA,BA,202506,2804034,0206030037,202.0,28003.26
SIA,BA,202506,3948684,0206030037,10.0,1386.3
SIA,BA,202506,0003778,0206030029,4.0,347.0
SIA,BA,202506,0607126,0206020031,21.0,2864.61
SIA,BA,202506,2445204,0205010016,15.0,2475.0
SIA,BA,202506,6476120,0206010079,5.0,1305.7
SIA,BA,202506,9511377,0211020060,18.0,540.0
SIA,BA,202506,2550032,0206030010,19.0,2633.97
SIA,BA,202506,2400693,0206030037,55.0,7624.65
SIA,BA,202506,2386674,0211020036,150.0,772.5
SIA,BA,202506,2913348,0206030037,23.0,3188.49
SIA,BA,202506,0003921,0206020031,85.0,11594.85
SIA,BA,202506,0003921,0206030010,77.0,10674.51
SIA,BA,202506,2799839,0206030037,37.0,5129.31
SIA,BA,202506,3893170,0211020036,63.0,324.45
SIA,BA,202506,4028155,0206010052,29.0,2515.75
SIA,BA,202506,2415844,0206020031,3.0,409.23
SIA,BA,202506,2525933,0206030010,9.0,1247.67
SIA,BA,202506,2601710,0211020036,106.0,545.9
SIA,BA,202506,6602533,0206020031,5.0,682.05
SIA,BA,202506,0028568,0211020036,469.0,2415.35
SIA,BA,202506,2497751,0206030037,5.0,693.15
SIA,BA,202506,9837841,0211020060,14.0,420.0
SIA,BA,202506,2517744,0206010079,16.0,4178.24
SIA,BA,202506,2770512,0206020031,26.0,3546.66
SIA,BA,202506,2525933,0206020031,17.0,2318.97
SIA,BA,202506,4389034,0206020031,45.0,6138.45
SIA,BA,202506,0832014,0206030010,26.0,3604.38
SIA,BA,202506,9922962,0211020060,91.0,2730.0
SIA,BA,202506,4145542,0206020031,27.0,3683.07
SIA,BA,202506,4145542,0206010060,1.0,97.44
SIA,BA,202506,2942208,0206030010,55.0,7624.65
SIA,BA,202506,0004456,0211020036,563.0,2899.45
SIA,BA,202506,2799839,0206030029,5.0,433.75
SIA,BA,202506,3968537,0206020031,10.0,1364.1
SIA,BA,202506,4028155,0206030029,10.0,867.5
SIA,BA,202506,2414244,0206030010,37.0,5129.31
SIA,BA,202506,2601575,0211020036,53.0,272.95
SIA,BA,202506,4446321,0206020031,9.0,1227.69
SIA,BA,202506,4446321,0206030010,2.0,277.26
SIA,BA,202506,0004774,0211020036,715.0,3682.25
SIA,BA,202506,2498413,0206030010,4.0,554.52
SIA,BA,202506,2801558,0211020036,60.0,309.0
SIA,BA,202506,2942208,0206020031,27.0,3683.07
SIA,BA,202506,2802112,0206010036,2.0,173.52
SIA,BA,202506,2402076,0206010044,7.0,607.25
SIA,BA,202506,2386569,0206020023,9.0,780.75
SIA,BA,202506,7675135,0206010079,3.0,292.32
SIA,BA,202506,2510391,0206030010,21.0,2911.23
SIA,BA,202506,2507447,0206010079,1.0,220.0
SIA,BA,202506,2913348,0206030029,6.0,520.5
SIA,BA,202506,0005428,0206030010,7.0,970.41
SIA,BA,202506,2602652,0211020036,200.0,1030.0
SIA,BA,202506,0003875,0206030037,40.0,5545.2
SIA,BA,202506,6251803,0206030037,6.0,831.78
SIA,BA,202506,4145542,0206030037,32.0,4436.16
SIA,BA,202506,2510391,0206030037,2.0,277.26
SIA,BA,202506,2414430,0211020036,35.0,180.25
SIA,BA,202506,4145542,0206030029,2.0,173.5
SIA,BA,202506,7476469,0211020036,337.0,1735.55
SIA,BA,202506,4028511,0211020036,968.0,4985.2
SIA,BA,202506,4145542,0206030010,26.0,3604.38
SIA,BA,202506,0003859,0211020036,158.0,813.7
SIA,BA,202506,2799731,0211020036,1002.0,5160.3
SIA,BA,202506,5894603,0206010036,1.0,242.9
SIA,BA,202506,2799286,0206030037,5.0,693.15
SIA,BA,202506,9507930,0206030029,7.0,607.25
SIA,BA,202506,0004278,0206010060,1.0,97.44
SIA,BA,202506,9507949,0211020060,23.0,690.0
SIA,BA,202506,0004820,0206010044,1.0,86.75
SIA,BA,202506,0884189,0206030010,13.0,1802.19
SIA,BA,202506,0884189,0206030037,11.0,1524.93
SIA,BA,202506,2412276,0211020036,200.0,1030.0
SIA,BA,202506,2415844,0206030029,1.0,86.75
SIA,BA,202506,7167156,0206030037,6.0,831.78
SIA,BA,202506,2525933,0206010010,6.0,520.56
SIA,BA,202506,2802104,0206030029,1.0,86.75
SIA,BA,202506,0003859,0206010028,3.0,303.3
SIA,BA,202506,2799790,0211020036,424.0,2183.6
SIA,BA,202506,4389034,0206030010,22.0,3049.86
SIA,BA,202506,2875802,0206030037,6.0,831.78
SIA,BA,202506,7092776,0211020036,193.0,993.95
SIA,BA,202506,2549182,0211020036,289.0,1488.35
SIA,BA,202506,0005428,0206030037,9.0,1247.67
SIA,BA,202506,2799456,0211020036,234.0,1205.1
SIA,BA,202506,2799286,0206020031,11.0,1500.51
SIA,BA,202506,3021858,0211020036,143.0,736.45
SIA,BA,202506,2523051,0211020036,54.0,278.1
SIA,BA,202506,2802112,0206020015,6.0,520.5
SIA,BA,202506,3972925,0206010052,8.0,694.0
SIA,BA,202506,9383298,0206010010,14.0,1214.64
SIA,BA,202506,2470748,0206010010,12.0,1041.12
SIA,BA,202506,9372822,0206010052,9.0,780.75
SIA,BA,202506,2597586,0211020036,125.0,643.75
SIA,BA,202506,2627418,0206030010,100.0,13863.0
SIA,BA,202506,0003778,0211020036,870.0,4480.5
SIA,BA,202506,0004065,0206020015,2.0,173.5
SIA,BA,202506,7675135,0206020015,1.0,86.75
SIA,BA,202506,2557088,0211020036,43.0,221.45
SIA,BA,202506,2550032,0206030029,3.0,260.25
SIA,BA,202506,0884189,0206030029,3.0,260.25
SIA,BA,202506,6602533,0206030010,4.0,554.52
SIA,BA,202506,2510391,0206020031,6.0,818.46
SIA,BA,202506,0004278,0206030029,1.0,86.75
SIA,BA,202506,2938499,0206010010,13.0,1127.88
SIA,BA,202506,0004065,0206010010,7.0,607.32
SIA,BA,202506,2799286,0206030010,10.0,1386.3
SIA,BA,202506,7761112,0211020036,381.0,1962.15
SIA,BA,202506,3948684,0206030010,4.0,554.52
SIA,BA,202506,2386569,0211020036,278.0,1431.7
SIA,BA,202506,0004251,0206030010,9.0,1247.67
SIA,BA,202506,2387719,0211020036,157.0,808.55
SIA,BA,202506,2494973,0206030010,42.0,5822.46
SIA,BA,202506,2498413,0206030037,4.0,554.52
SIA,BA,202506,0003832,0206010036,2.0,173.52
SIA,BA,202506,2488892,0211020060,1.0,30.0
SIA,BA,202506,2986930,0211020036,222.0,1143.3
SIA,BA,202506,4145542,0206010052,6.0,520.5
SIA,BA,202506,2386550,0211020036,159.0,818.85
SIA,BA,202506,7084129,0211020036,220.0,1133.0
SIA,BA,202506,9516182,0206010052,2.0,173.5
SIA,BA,202506,9866035,0206010010,11.0,954.36
SIA,BA,202506,7443382,0211020036,120.0,618.0
SIA,BA,202506,4145542,0206010010,4.0,347.04
SIA,BA,202506,9837841,0206010052,2.0,173.5
SIA,BA,202506,2601427,0211020036,83.0,427.45
SIA,BA,202506,2488892,0208010025,7.0,2859.64
SIA,BA,202506,6476120,0206010028,2.0,541.9
SIA,BA,202506,2415844,0206030037,4.0,554.52
SIA,BA,202506,2942585,0211020060,42.0,1260.0
SIA,BA,202506,2942208,0211020060,44.0,1320.0
SIA,BA,202506,0607126,0206010010,9.0,780.84
SIA,BA,202506,2386569,0206010052,1.0,86.75
SIA,BA,202506,2414244,0206010052,1.0,86.75
SIA,BA,202506,2414244,0206010010,1.0,86.76
SIA,BA,202506,2525933,0206030037,6.0,831.78
SIA,BA,202506,0832014,0206010010,9.0,780.84
SIA,BA,202506,6595197,0206010052,3.0,260.25
SIA,BA,202506,6345891,0206010079,3.0,292.32
SIA,BA,202506,0003859,0206010010,1.0,86.76
SIA,BA,202506,2597594,0211020036,137.0,705.55
SIA,BA,202506,4033418,0211020036,198.0,1019.7
SIA,BA,202506,2550032,0211020060,7.0,210.0
SIA,BA,202506,6602533,0206010010,5.0,433.8
SIA,BA,202506,2598213,0211020036,61.0,314.15
SIA,BA,202506,0004251,0206030037,6.0,831.78
SIA,BA,202506,6602533,0206030037,4.0,554.52
SIA,BA,202506,3238989,0211020036,25.0,128.75
SIA,BA,202506,0004065,0206020023,5.0,433.75
SIA,BA,202506,0785245,0206010010,3.0,260.28
SIA,BA,202506,2862301,0206030037,4.0,554.52
SIA,BA,202506,2524805,0211020036,120.0,618.0
SIA,BA,202506,9024042,0211020036,246.0,1266.9
SIA,BA,202506,5889448,0206010052,1.0,86.75
SIA,BA,202506,9507949,0206010010,8.0,694.08
SIA,BA,202506,3240622,0206020031,3.0,409.23
SIA,BA,202506,4022416,0211020036,144.0,741.6
SIA,BA,202506,0133965,0211020036,259.0,1333.85
SIA,BA,202506,2487438,0206010052,3.0,260.25
SIA,BA,202506,2510782,0211020036,201.0,1035.15
SIA,BA,202506,2402076,0206010010,1.0,86.76
SIA,BA,202506,5731887,0211020036,61.0,314.15
SIA,BA,202506,7675135,0206010044,6.0,520.5
SIA,BA,202506,2601761,0211020036,66.0,339.9
SIA,BA,202506,2487616,0211020036,368.0,1895.2
SIA,BA,202506,2520613,0206010010,2.0,173.52
SIA,BA,202506,0489670,0211020036,3.0,15.45
SIA,BA,202506,2557509,0211020036,190.0,978.5
SIA,BA,202506,4022718,0206010010,3.0,260.28
SIA,BA,202506,3271110,0206030037,1.0,138.63
SIA,BA,202506,0003816,0206010028,2.0,202.2
SIA,BA,202506,6251803,0206010028,1.0,101.1
SIA,BA,202506,5889448,0206030010,4.0,554.52
SIA,BA,202506,2602636,0211020036,112.0,576.8
SIA,BA,202506,3544095,0206010010,1.0,86.76
SIA,BA,202506,2942585,0206010052,4.0,347.0
SIA,BA,202506,2413671,0211020036,147.0,757.05
SIA,BA,202506,0004073,0206010010,3.0,260.28
SIA,BA,202506,0607126,0206010052,5.0,433.75
SIA,BA,202506,4389034,0206010052,3.0,260.25
SIA,BA,202506,2799839,0206010010,3.0,260.28
SIA,BA,202506,2942585,0206010010,3.0,260.28
SIA,BA,202506,2942208,0206010052,3.0,260.25
SIA,BA,202506,9915583,0206010010,6.0,520.56
SIA,BA,202506,0004278,0206010010,2.0,173.52
SIA,BA,202506,6962017,0211020036,38.0,195.7
SIA,BA,202506,4454642,0211020036,202.0,1040.3
SIA,BA,202506,9966366,0206010052,8.0,694.0
SIA,BA,202506,6670385,0211020036,41.0,211.15
SIA,BA,202506,0004820,0206010010,2.0,173.52
SIA,BA,202506,2407205,0206010028,6.0,606.6
SIA,BA,202506,0503894,0211020036,76.0,391.4
SIA,BA,202506,2301385,0211020036,62.0,319.3
SIA,BA,202506,6772838,0206010079,1.0,220.0
SIA,BA,202506,4029607,0211020036,14.0,72.1
SIA,BA,202506,2913348,0206010010,5.0,433.8
SIA,BA,202506,9915583,0206010052,4.0,347.0
SIA,BA,202506,2301318,0211020036,20.0,103.0
SIA,BA,202506,2802112,0206010044,3.0,260.25
SIA,BA,202506,4025148,0211020036,590.0,3038.5
SIA,BA,202506,2506254,0211020036,11.0,56.65
SIA,BA,202506,2407205,0206010036,1.0,86.76
SIA,BA,202506,5555426,0206010044,3.0,260.25
SIA,BA,202506,2799812,0211020036,146.0,751.9
SIA,BA,202506,7167156,0206010052,1.0,86.75
SIA,BA,202506,5401755,0211020060,5.0,150.0
SIA,BA,202506,3358860,0211020036,39.0,200.85
SIA,BA,202506,2659999,0211020036,49.0,252.35
SIA,BA,202506,2771306,0211020036,78.0,401.7
SIA,BA,202506,7057334,0211020036,182.0,937.3
SIA,BA,202506,2802015,0211020036,25.0,128.75
SIA,BA,202506,4880110,0211020036,224.0,1153.6
SIA,BA,202506,3245500,0206030037,1.0,138.63
SIA,BA,202506,0884189,0206010052,2.0,173.5
SIA,BA,202506,2862301,0206010052,1.0,86.75
SIA,BA,202506,2415844,0206010052,1.0,86.75
SIA,BA,202506,0005428,0206010052,2.0,173.5
SIA,BA,202506,3240622,0206010052,1.0,86.75
SIA,BA,202506,2517744,0206010028,1.0,270.95
SIA,BA,202506,9561056,0211020036,47.0,242.05
SIA,BA,202506,7587651,0211020036,17.0,87.55
SIA,BA,202506,5005027,0211020036,3.0,15.45
SIA,BA,202506,2600730,0211020036,17.0,87.55
SIA,BA,202506,9866027,0211020036,224.0,1153.6
SIA,BA,202506,9922962,0211020036,282.0,1452.3
SIA,BA,202506,9507930,0211020036,225.0,1158.75
SIA,BA,202506,9511377,0211020036,97.0,499.55
SIA,BA,202506,9372822,0211020036,179.0,921.85
SIA,BA,202506,0059218,0211020036,389.0,2003.35
SIA,BA,202506,9373853,0211020036,138.0,710.7
SIA,BA,202506,0829781,0211020036,144.0,741.6
SIA,BA,202506,0832014,0211020036,230.0,1184.5
SIA,BA,202506,9837841,0211020036,150.0,772.5
SIA,BA,202506,9516182,0211020036,162.0,834.3
SIA,BA,202506,2524996,0211020036,20.0,103.0
SIA,BA,202506,9966366,0211020036,73.0,375.95
SIA,BA,202506,0004065,0206030029,8.0,694.0
SIA,BA,202506,0785245,0211020036,110.0,566.5
SIA,BA,202506,9507949,0211020036,203.0,1045.45
SIA,BA,202506,4145542,0211020036,71.0,365.65
SIA,BA,202506,2550032,0206010044,6.0,520.5
SIA,BA,202506,2913348,0211020036,44.0,226.6
SIA,BA,202506,0884189,0211020036,107.0,551.05
SIA,BA,202506,2602121,0211020036,393.0,2023.95
SIA,BA,202506,2414147,0211020036,33.0,169.95
SIA,BA,202506,2816830,0211020036,247.0,1272.05
SIA,BA,202506,2772280,0206030029,1.0,86.75
SIA,BA,202506,9142193,0211020036,198.0,1019.7
SIA,BA,202506,9837841,0206010010,2.0,173.52
SIA,BA,202506,0785245,0206010052,2.0,173.5
SIA,BA,202506,2802090,0206010052,1.0,86.75
SIA,BA,202506,3948684,0206010052,3.0,260.25
SIA,BA,202506,0832014,0206010052,2.0,173.5
SIA,BA,202506,7231458,0211020036,10.0,51.5
SIA,BA,202506,4267109,0211020036,250.0,1287.5
SIA,BA,202506,4355539,0211020060,3.0,90.0
SIA,BA,202506,4028155,0211020036,496.0,2554.4
SIA,BA,202506,2400693,0206010052,1.0,86.75
SIA,BA,202506,2549905,0211020036,86.0,442.9
SIA,BA,202506,0003832,0206010044,4.0,347.0
SIA,BA,202506,2517744,0206010044,1.0,232.49
SIA,BA,202506,6616917,0206030037,2.0,277.26
SIA,BA,202506,5889448,0206010028,1.0,101.1
SIA,BA,202506,2532522,0211020036,261.0,1344.15
SIA,BA,202506,2508915,0211020036,85.0,437.75
SIA,BA,202506,2926970,0206030029,2.0,173.5
SIA,BA,202506,2627418,0206010044,5.0,433.75
SIA,BA,202506,0004820,0206010036,1.0,86.76
SIA,BA,202506,2620464,0211020036,72.0,370.8
SIA,BA,202506,4026896,0211020036,123.0,633.45
SIA,BA,202506,3271110,0206020015,1.0,86.75
SIA,BA,202506,2387581,0211020036,146.0,751.9
SIA,BA,202506,2520168,0211020036,100.0,515.0
SIA,BA,202506,2509954,0211020036,35.0,180.25
SIA,BA,202506,5894603,0206010028,1.0,242.9
SIA,BA,202506,2497751,0211020036,496.0,2554.4
SIA,BA,202506,3464156,0206010044,2.0,173.5
SIA,BA,202506,6251803,0206020031,2.0,272.82
SIA,BA,202506,6237509,0206020015,1.0,245.0
SIA,BA,202506,2926970,0206010010,1.0,86.76
SIA,BA,202506,2400669,0211020036,110.0,566.5
SIA,BA,202506,4022718,0206010052,1.0,86.75
SIA,BA,202506,2556847,0211020036,91.0,468.65
SIA,BA,202506,6251803,0206010079,1.0,97.44
SIA,BA,202506,2304848,0211020036,41.0,211.15
SIA,BA,202506,2498413,0206010052,1.0,86.75
SIA,BA,202506,2601680,0206010036,3.0,260.28
SIA,BA,202506,0005428,0211020036,47.0,242.05
SIA,BA,202506,2413469,0211020036,500.0,2575.0
SIA,BA,202506,2520613,0206010028,2.0,202.2
SIA,BA,202506,2525062,0211020036,163.0,839.45
SIA,BA,202506,3972925,0211020036,74.0,381.1
SIA,BA,202506,0005363,0211020036,350.0,1802.5
SIA,BA,202506,4024370,0211020036,44.0,226.6
SIA,BA,202506,9141820,0211020036,10.0,51.5
SIA,BA,202506,0003980,0211020036,582.0,2997.3
SIA,BA,202506,0004065,0211020060,37.0,1110.0
SIA,BA,202506,0004294,0211020036,978.0,5036.7
SIA,BA,202506,9362398,0211020036,487.0,2508.05
SIA,BA,202506,7117507,0211020036,17.0,87.55
SIA,BA,202506,2498634,0211020036,161.0,829.15
SIA,BA,202506,2942585,0211020036,238.0,1225.7
SIA,BA,202506,2498790,0211020036,13.0,66.95
SIA,BA,202506,2495090,0211020036,272.0,1400.8
SIA,BA,202506,9091157,0211020036,451.0,2322.65
SIA,BA,202506,2862301,0211020036,109.0,561.35
SIA,BA,202506,3245500,0206020031,1.0,136.41
SIA,BA,202506,3948684,0211020036,30.0,154.5
SIA,BA,202506,2520613,0206010052,2.0,173.5
SIA,BA,202506,2415844,0211020036,36.0,185.4
SIA,BA,202506,2417189,0211020036,73.0,375.95
SIA,BA,202506,7160488,0211020036,3.0,15.45
SIA,BA,202506,0005398,0211020036,107.0,551.05
SIA,BA,202506,6025692,0211020036,87.0,448.05
SIA,BA,202506,2470748,0211020036,260.0,1339.0
SIA,BA,202506,9453474,0211020036,30.0,154.5
SIA,BA,202506,2414244,0211020036,400.0,2060.0
SIA,BA,202506,2301687,0211020036,252.0,1297.8
SIA,BA,202506,2445204,0211020036,458.0,2358.7
SIA,BA,202506,6595197,0211020036,2.0,10.3
SIA,BA,202506,0007587,0211020036,76.0,391.4
SIA,BA,202506,3956369,0211020036,192.0,988.8
SIA,BA,202506,6476120,0206020015,1.0,232.49
SIA,BA,202506,2802112,0206010052,1.0,86.75
SIA,BA,202506,3968537,0206010052,1.0,86.75
SIA,BA,202506,4446321,0205010016,2.0,330.0
SIA,BA,202506,2402076,0206010052,8.0,694.0
SIA,BA,202506,9383298,0211020036,109.0,561.35
SIA,BA,202506,4446321,0211020036,372.0,1915.8
SIA,BA,202506,2525933,0211020036,351.0,1807.65
SIA,BA,202506,2498049,0211020036,102.0,525.3
SIA,BA,202506,2510391,0211020036,38.0,195.7
SIA,BA,202506,3968537,0206010010,1.0,86.76
SIA,BA,202506,2487438,0211020036,538.0,2770.7
SIA,BA,202506,2525933,0206030029,1.0,86.75
SIA,BA,202506,6602533,0211020036,5.0,25.75
SIA,BA,202506,7193386,0211020036,35.0,180.25
SIA,BA,202506,2400693,0211020036,53.0,272.95
SIA,BA,202506,2386879,0211020036,56.0,288.4
SIA,BA,202506,4880048,0206030010,2.0,277.26
SIA,BA,202506,2402076,0211020036,375.0,1931.25
SIA,BA,202506,6414702,0211020036,332.0,1709.8
SIA,BA,202506,7596871,0211020036,259.0,1333.85
SIA,BA,202506,3407829,0211020036,50.0,257.5
SIA,BA,202506,2770512,0206010028,1.0,101.1
SIA,BA,202506,2413299,0211020036,68.0,350.2
SIA,BA,202506,2498421,0211020036,264.0,1359.6
SIA,BA,202506,3544095,0206030010,2.0,277.26
SIA,BA,202506,0004251,0206010044,1.0,86.75
SIA,BA,202506,4578732,0211020036,43.0,221.45
SIA,BA,202506,0004278,0206030010,22.0,3049.86
SIA,BA,202506,9443665,0206010060,1.0,97.44
SIA,BA,202506,2414465,0211020036,20.0,103.0
SIA,BA,202506,2387727,0211020036,275.0,1416.25
SIA,BA,202506,2388057,0211020036,452.0,2327.8
SIA,BA,202506,2508176,0211020036,42.0,216.3
SIA,BA,202506,9388133,0211020036,144.0,741.6
SIA,BA,202506,2483629,0206030010,1.0,138.63
SIA,BA,202506,3948684,0206010028,1.0,101.1
SIA,BA,202506,7077149,0211020036,166.0,854.9
SIA,BA,202506,2510391,0206030029,2.0,173.5
SIA,BA,202506,2722879,0211020060,15.0,450.0
SIA,BA,202506,7103840,0211020036,170.0,875.5
SIA,BA,202506,2402076,0206020023,1.0,86.75
SIA,BA,202506,3042413,0206010079,1.0,97.44
SIA,BA,202506,6561411,0211020036,100.0,515.0
SIA,BA,202506,2386569,0206010036,1.0,86.76
SIA,BA,202506,6292550,0211020036,185.0,4804.45
SIA,BA,202506,2523310,0211020036,40.0,206.0
SIA,BA,202506,6843271,0211020036,24.0,123.6
SIA,BA,202506,2601680,0206030037,119.0,16496.97
SIA,BA,202506,0003832,0206010028,3.0,303.3
SIA,BA,202506,2770512,0206010079,96.0,9354.24
SIA,BA,202506,9443665,0206010028,31.0,3134.1
SIA,BA,202506,3271110,0206020031,10.0,1364.1
SIA,BA,202506,0004251,0206010028,2.0,202.2
SIA,BA,202506,2938499,0206020015,7.0,607.25
SIA,BA,202506,2498413,0206020031,4.0,545.64
SIA,BA,202506,2926970,0206030010,5.0,693.15
SIA,BA,202506,2385171,0206020031,100.0,13641.0
SIA,BA,202506,2550032,0206020031,23.0,3137.43
SIA,BA,202506,4022718,0206010079,68.0,6625.92
SIA,BA,202506,6194745,0211020036,48.0,1246.56
SIA,BA,202506,2517744,0206030010,15.0,5572.95
SIA,BA,202506,3054799,0211020036,174.0,896.1
SIA,BA,202506,6238742,0211020036,48.0,1246.56
SIA,BA,202506,2601680,0206020031,89.0,12140.49
SIA,BA,202506,5439051,0211020036,149.0,3869.53
SIA,BA,202506,2602032,0211020036,130.0,669.5
SIA,BA,202506,5375924,0211020036,260.0,1339.0
SIA,BA,202506,2402076,0206030029,2.0,173.5
SIA,BA,202506,2407205,0206030010,61.0,8456.43
SIA,BA,202506,6616917,0206020031,1.0,136.41
SIA,BA,202506,7175973,0211020036,130.0,669.5
SIA,BA,202506,2533057,0211020036,52.0,267.8
SIA,BA,202506,2601680,0206010010,1.0,86.76
SIA,BA,202506,2550032,0206010079,18.0,1753.92
SIA,BA,202506,6602533,0206030029,1.0,86.75
SIA,BA,202506,6237509,0206030037,17.0,3825.0
SIA,BA,202506,2507447,0211020036,15.0,270.0
SIA,BA,202506,2520613,0206010044,11.0,954.25
SIA,BA,202506,4880048,0206010079,1.0,97.44
SIA,BA,202506,2510391,0206010060,1.0,97.44
SIA,BA,202506,2304961,0211020036,130.0,669.5
SIA,BA,202506,0004278,0206010028,3.0,303.3
SIA,BA,202506,2497751,0206030010,4.0,554.52
SIA,BA,202506,2938499,0206010044,14.0,1214.5
SIA,BA,202506,2772280,0206020015,1.0,86.75
SIA,BA,202506,0003875,0211020060,31.0,930.0
SIA,BA,202506,2497751,0206010028,10.0,1011.0
SIA,BA,202506,3240622,0206030010,6.0,831.78
SIA,BA,202506,2600714,0211020036,120.0,618.0
SIA,BA,202506,2557096,0211020036,209.0,1076.35
SIA,BA,202506,2413094,0211020036,11.0,56.65
SIA,BA,202506,2498413,0206010010,1.0,86.76
SIA,BA,202506,2601680,0211020036,16.0,82.4
SIA,BA,202506,9052844,0206010028,7.0,1540.0
SIA,BA,202506,3285022,0211020036,42.0,216.3
SIA,BA,202506,2400693,0206020023,1.0,86.75
SIA,BA,202506,3240622,0206030037,2.0,277.26
SIA,BA,202506,2550032,0206030037,9.0,1247.67
SIA,BA,202506,2414228,0211020036,42.0,216.3
SIA,BA,202506,2598221,0211020036,94.0,484.1
SIA,BA,202506,2771276,0211020036,52.0,267.8
SIA,BA,202506,3271110,0206010079,7.0,682.08
SIA,BA,202506,4785614,0211020036,1194.0,6149.1
SIA,BA,202506,2985470,0206030037,5.0,1133.3
SIA,BA,202506,6476120,0206010036,1.0,232.51
SIA,BA,202506,6476120,0206030010,14.0,5201.42
SIA,BA,202506,2520613,0206020023,2.0,173.5
SIA,BA,202506,2644789,0206020031,1.0,136.41
SIA,BA,202506,4474309,0211020036,1.0,5.15
SIA,BA,202506,2386569,0206020015,7.0,607.25
SIA,BA,202506,7395280,0211020036,100.0,515.0
SIA,BA,202506,2862301,0206020015,1.0,86.75
SIA,BA,202506,2913348,0206020015,1.0,86.75
SIA,BA,202506,2389398,0211020036,56.0,288.4
SIA,BA,202506,2389584,0211020036,16.0,82.4
SIA,BA,202506,7094647,0206030037,1.0,138.63
SIA,BA,202506,3017028,0211020036,22.0,113.3
SIA,BA,202506,9005919,0211020036,38.0,195.7
SIA,BA,202506,4022718,0206030029,3.0,260.25
SIA,BA,202506,2508559,0211020036,42.0,216.3
SIA,BA,202506,2982781,0211020036,125.0,643.75
SIA,BA,202506,2770512,0206010052,1.0,86.75
SIA,BA,202506,2926970,0206010044,0.0,0.0
SIA,BA,202506,2799103,0211020036,128.0,659.2
SIA,BA,202506,2770512,0206010010,1.0,86.76
SIA,BA,202506,4025636,0211020036,277.0,1426.55
SIA,BA,202506,2926970,0206020015,1.0,86.75
SIA,BA,202506,7094647,0206010079,13.0,1266.72
SIA,BA,202506,2801914,0211020036,423.0,2178.45
SIA,BA,202506,2388928,0211020036,143.0,736.45
SIA,BA,202506,4029844,0211020036,22.0,113.3
SIA,BA,202506,2659069,0211020036,62.0,1610.14
SIA,BA,202506,2401231,0211020036,87.0,448.05
SIA,BA,202506,9237224,0211020036,50.0,257.5
SIA,BA,202506,2510936,0211020036,78.0,401.7
SIA,BA,202506,2520613,0211020036,104.0,535.6
SIA,BA,202506,5894603,0206030037,1.0,339.5
SIA,BA,202506,4032829,0211020036,124.0,638.6
SIA,BA,202506,2532638,0211020036,19.0,97.85
SIA,BA,202506,2771292,0211020036,129.0,664.35
SIA,BA,202506,2550032,0211020036,40.0,206.0
SIA,BA,202506,2523396,0211020036,160.0,824.0
SIA,BA,202506,0722529,0211020036,19.0,97.85
SIA,BA,202506,2525933,0206010036,1.0,86.76
SIA,BA,202506,3271110,0206010010,1.0,86.76
SIA,BA,202506,2402076,0206010036,2.0,173.52
SIA,BA,202506,6345891,0206010052,1.0,86.75
SIA,BA,202506,2505622,0211020036,82.0,422.3
SIA,BA,202506,2492881,0211020036,11.0,187.0
SIA,BA,202506,6237509,0206010010,4.0,980.0
SIA,BA,202506,2526557,0211020036,500.0,2575.0
SIA,BA,202506,3124940,0211020036,264.0,1359.6
SIA,BA,202506,2772280,0206010010,1.0,86.76
SIA,BA,202506,9383298,0206020023,1.0,86.75
SIA,BA,202506,2772280,0206010036,1.0,86.76
SIA,BA,202506,2494973,0206010010,4.0,347.04
SIA,BA,202506,9470832,0211020036,405.0,2085.75
SIA,BA,202506,0003859,0206020015,1.0,86.75
SIA,BA,202506,2942208,0211020036,77.0,396.55
SIA,BA,202506,2802112,0206020023,1.0,86.75
SIA,BA,202506,2653494,0211020036,54.0,278.1
SIA,BA,202506,7187556,0211020036,378.0,1946.7
SIA,BA,202506,2550032,0206010052,1.0,86.75
SIA,BA,202506,2493195,0211020036,45.0,231.75
SIA,BA,202506,2388626,0211020036,195.0,1004.25
SIA,BA,202506,2508222,0211020036,167.0,860.05
SIA,BA,202506,3179648,0211020036,242.0,1246.3
SIA,BA,202506,4022718,0206020023,1.0,86.75
SIA,BA,202506,2602881,0211020036,10.0,51.5
SIA,BA,202506,2505711,0211020036,179.0,921.85
SIA,BA,202506,9145168,0211020060,3.0,90.0
SIA,BA,202506,9600299,0211020036,481.0,12491.57
SIA,BA,202506,4022718,0211020036,1.0,5.15
SIA,BA,202506,2401681,0211020036,189.0,973.35
SIA,BA,202506,2523515,0211020036,67.0,345.05
SIA,BA,202506,2506211,0211020036,28.0,700.0
SIA,BA,202506,2601117,0211020036,111.0,571.65
SIA,BA,202506,6943977,0211020036,299.0,1539.85
SIA,BA,202506,2603071,0211020036,27.0,139.05
SIA,BA,202506,2388685,0211020036,153.0,787.95
SIA,BA,202506,2802074,0211020036,37.0,190.55
SIA,BA,202506,2304910,0211020036,18.0,92.7
SIA,BA,202506,2644835,0211020036,480.0,2472.0
SIA,BA,202506,7449151,0211020036,108.0,556.2
SIA,BA,202506,2412381,0211020036,86.0,442.9
SIA,BA,202506,2389592,0211020036,235.0,1210.25
SIA,BA,202506,4032594,0211020036,299.0,1539.85
SIA,BA,202506,3831256,0211020036,105.0,540.75
SIA,BA,202506,0209023,0211020036,123.0,633.45
SIA,BA,202506,4028481,0211020036,19.0,97.85
SIA,BA,202506,4023463,0211020036,39.0,200.85
SIA,BA,202506,4028759,0211020036,403.0,2075.45
SIA,BA,202506,4022718,0206020015,1.0,86.75
SIA,BA,202506,2401509,0211020036,56.0,288.4
SIA,BA,202506,2601400,0211020036,100.0,515.0
SIA,BA,202506,2556847,0206010010,2.0,490.0
SIA,BA,202506,2509245,0211020036,117.0,602.55
SIA,BA,202506,2939363,0211020036,177.0,911.55
SIA,BA,202506,2386305,0211020036,20.0,103.0
SIA,BA,202506,2802112,0211020036,2.0,10.3
SIA,BA,202506,0785245,0206010036,1.0,86.76
SIA,BA,202506,4199219,0211020036,72.0,370.8
SIA,BA,202506,4880048,0206030037,1.0,138.63
SIA,BA,202506,2401789,0211020036,259.0,1333.85
SIA,BA,202506,2413450,0211020036,200.0,1030.0
SIA,BA,202506,2505843,0211020036,58.0,1450.0
SIA,BA,202506,2550032,0206010028,1.0,101.1
SIA,BA,202506,4032837,0211020036,111.0,571.65
SIA,BA,202506,2304953,0211020036,221.0,1138.15
SIA,BA,202506,2505444,0211020036,240.0,6232.8
SIA,BA,202506,7465106,0211020036,131.0,674.65
SIA,BA,202506,9040803,0211020036,74.0,381.1
SIA,BA,202506,2483629,0211020036,91.0,468.65
SIA,BA,202506,9130411,0211020036,320.0,1648.0
SIA,BA,202506,2505606,0211020036,81.0,417.15
SIA,BA,202506,7586361,0211020036,215.0,1107.25
SIA,BA,202506,2525259,0211020036,161.0,829.15
SIA,BA,202506,3827127,0211020036,1.0,5.15
