sistema,uf,competencia,cnes,procedimento,qtd,valor
SIA,AC,202501,2000393,0211020036,13.0,66.95
SIA,AC,202501,6861849,0206020031,1406.0,191792.46
SIA,AC,202501,6861849,0206010010,181.0,15703.56
SIA,AC,202501,6861849,0206010079,1271.0,123846.24
SIA,AC,202501,6861849,0206030037,867.0,120192.21
SIA,AC,202501,6861849,0206030010,853.0,118251.39
SIA,AC,202501,6861849,0206010044,153.0,13272.75
SIA,AC,202501,6861849,0206030029,117.0,10149.75
SIA,AC,202501,6861849,0206010028,246.0,24870.6
SIA,AC,202501,6861849,0206010036,141.0,12233.16
SIA,AC,202501,6861849,0206010060,8.0,779.52
SIA,AC,202501,6861849,0206010052,53.0,4597.75
SIA,AC,202501,6861849,0206020023,8.0,694.0
SIA,AC,202501,6861849,0206020015,36.0,3123.0
SIA,AC,202501,2002078,0211020010,28.0,20441.12
SIA,AC,202501,2001578,0206010079,596.0,58074.24
SIA,AC,202501,2001578,0206020031,319.0,43514.79
SIA,AC,202501,2001578,0206030010,257.0,35627.91
SIA,AC,202501,2001578,0206030029,37.0,3209.75
SIA,AC,202501,2001578,0206010010,56.0,4858.56
SIA,AC,202501,2001578,0206030037,260.0,36043.8
SIA,AC,202501,2001578,0206010028,43.0,4347.3
SIA,AC,202501,2001578,0206010036,36.0,3123.36
SIA,AC,202501,2001578,0206020015,12.0,1041.0
SIA,AC,202501,2001578,0206010044,59.0,5118.25
SIA,AC,202501,2001578,0206020023,12.0,1041.0
SIA,AC,202501,2000075,0211020036,135.0,695.25
SIA,AC,202501,2001586,0206010052,9.0,780.75
SIA,AC,202501,2001586,0206010028,2.0,202.2
SIA,AC,202501,2001586,0206020031,23.0,3137.43
SIA,AC,202501,2001578,0211020036,585.0,3012.75
SIA,AC,202501,2001586,0206030037,17.0,2356.71
SIA,AC,202501,2001586,0206030010,10.0,1386.3
SIA,AC,202501,2001586,0206010079,11.0,1071.84
SIA,AC,202501,2001527,0211020036,35.0,180.25
SIA,AC,202501,2001578,0206010052,5.0,433.75
SIA,AC,202501,2001586,0211020036,873.0,4495.95
SIA,AC,202501,2001586,0211020060,89.0,2670.0
SIA,AC,202501,2002566,0211020036,12.0,61.8
SIA,AC,202501,2001500,0206020031,42.0,5729.22
SIA,AC,202501,2001500,0206030029,12.0,1041.0
SIA,AC,202501,2001500,0206030010,28.0,3881.64
SIA,AC,202501,2001500,0206010036,5.0,433.8
SIA,AC,202501,2001500,0206010079,81.0,7892.64
SIA,AC,202501,2001500,0206030037,15.0,2079.45
SIA,AC,202501,2001500,0206010028,11.0,1112.1
SIA,AC,202501,2001500,0206010010,6.0,520.56
SIA,AC,202501,5336171,0206010079,262.0,25529.28
SIA,AC,202501,9966501,0211020036,183.0,942.45
SIA,AC,202501,2001500,0211020036,47.0,242.05
SIA,AC,202501,5336171,0206020031,157.0,21416.37
SIA,AC,202501,5336171,0206030029,15.0,1301.25
SIA,AC,202501,5336171,0206010028,120.0,12132.0
SIA,AC,202501,5336171,0206010036,47.0,4077.72
SIA,AC,202501,5336171,0206010044,40.0,3470.0
SIA,AC,202501,5336171,0206020015,8.0,694.0
SIA,AC,202501,5336171,0206030010,118.0,16358.34
SIA,AC,202501,5336171,0206010010,68.0,5899.68
SIA,AC,202501,7540868,0211020036,59.0,303.85
SIA,AC,202501,2000202,0211020036,74.0,381.1
SIA,AC,202501,2000997,0211020036,55.0,283.25
SIA,AC,202501,5336171,0206030037,95.0,13169.85
SIA,AC,202501,5336171,0206020023,4.0,347.0
SIA,AC,202501,5336171,0206010052,7.0,607.25
SIA,AC,202501,2000865,0211020036,103.0,530.45
SIA,AC,202501,2001020,0211020036,51.0,262.65
SIA,AC,202501,2001586,0206010010,1.0,86.76
SIA,AC,202501,5336171,0211020060,71.0,2130.0
SIA,AC,202501,2000725,0211020036,56.0,288.4
SIA,AC,202501,5336171,0211020036,291.0,1498.65
SIA,AC,202501,7232489,0211020036,175.0,901.25
SIA,AC,202501,2000083,0211020036,65.0,334.75
SIA,AC,202501,5981891,0211020036,80.0,412.0
SIA,AC,202501,7530684,0211020036,335.0,1725.25
SIA,AC,202501,6439837,0211020036,388.0,1998.2
SIA,AC,202501,2000970,0211020036,28.0,144.2
SIA,AC,202501,2001500,0206010044,1.0,86.75
SIA,AC,202501,2000024,0211020036,56.0,288.4
SIA,AC,202501,5858208,0211020036,4.0,20.6
SIA,AC,202501,2000512,0211020036,111.0,571.65
SIA,AC,202501,5661714,0211020036,7.0,36.05
SIA,AC,202501,2000822,0211020036,11.0,56.65
SIA,AC,202501,5336171,0206010060,2.0,194.88
SIA,AC,202502,5336171,0206010028,122.0,12334.2
SIA,AC,202502,5336171,0206010044,39.0,3383.25
SIA,AC,202502,2001578,0206030037,217.0,30082.71
SIA,AC,202502,6861849,0206010036,147.0,12753.72
SIA,AC,202502,6861849,0206030037,699.0,96902.37
SIA,AC,202502,5336171,0206030037,92.0,12753.96
SIA,AC,202502,2001500,0206030037,50.0,6931.5
SIA,AC,202502,2001586,0206030037,42.0,5822.46
SIA,AC,202502,5336171,0206010036,48.0,4164.48
SIA,AC,202502,2002078,0208010025,28.0,11438.56
SIA,AC,202502,2001578,0206010036,43.0,3730.68
SIA,AC,202502,2001500,0206010036,11.0,954.36
SIA,AC,202502,5336171,0206030029,12.0,1041.0
SIA,AC,202502,2001586,0206010036,2.0,173.52
SIA,AC,202502,2000024,0211020036,16.0,82.4
SIA,AC,202502,2002078,0211020010,42.0,30661.68
SIA,AC,202502,2001578,0206030029,39.0,3383.25
SIA,AC,202502,6861849,0206030029,81.0,7026.75
SIA,AC,202502,2000512,0211020036,231.0,1189.65
SIA,AC,202502,2000075,0211020036,65.0,334.75
SIA,AC,202502,5336171,0206010079,236.0,22995.84
SIA,AC,202502,2000202,0211020036,109.0,561.35
SIA,AC,202502,6861849,0206010044,107.0,9282.25
SIA,AC,202502,6861849,0206010079,854.0,83213.76
SIA,AC,202502,2001586,0206020031,52.0,7093.32
SIA,AC,202502,6861849,0206020031,1106.0,150869.46
SIA,AC,202502,2001578,0206010079,497.0,48427.68
SIA,AC,202502,5336171,0206020031,149.0,20325.09
SIA,AC,202502,2001578,0206020031,287.0,39149.67
SIA,AC,202502,2001578,0206010044,50.0,4337.5
SIA,AC,202502,2001500,0206020031,46.0,6274.86
SIA,AC,202502,6861849,0206020015,41.0,3556.75
SIA,AC,202502,2001500,0206030029,1.0,86.75
SIA,AC,202502,2001586,0206010079,17.0,1656.48
SIA,AC,202502,2001500,0206010079,77.0,7502.88
SIA,AC,202502,5336171,0206010060,3.0,292.32
SIA,AC,202502,2002566,0211020036,19.0,97.85
SIA,AC,202502,2001578,0206020015,24.0,2082.0
SIA,AC,202502,6861849,0206010060,3.0,292.32
SIA,AC,202502,5336171,0206020015,5.0,433.75
SIA,AC,202502,2001500,0206010044,4.0,347.0
SIA,AC,202502,2001578,0206030010,220.0,30498.6
SIA,AC,202502,2001578,0206010028,52.0,5257.2
SIA,AC,202502,2001578,0206010010,69.0,5986.44
SIA,AC,202502,2001500,0206010010,11.0,954.36
SIA,AC,202502,2001500,0206010028,15.0,1516.5
SIA,AC,202502,6861849,0206010010,181.0,15703.56
SIA,AC,202502,6861849,0206010028,216.0,21837.6
SIA,AC,202502,6861849,0206030010,696.0,96486.48
SIA,AC,202502,2001586,0206030010,33.0,4574.79
SIA,AC,202502,5336171,0206030010,97.0,13447.11
SIA,AC,202502,5336171,0206010010,64.0,5552.64
SIA,AC,202502,9966501,0211020036,208.0,1071.2
SIA,AC,202502,2001500,0206030010,52.0,7208.76
SIA,AC,202502,2001578,0206020023,10.0,867.5
SIA,AC,202502,6861849,0206020023,15.0,1301.25
SIA,AC,202502,2001020,0211020036,26.0,133.9
SIA,AC,202502,2001578,0211020036,541.0,2786.15
SIA,AC,202502,2001586,0211020036,832.0,4284.8
SIA,AC,202502,2001586,0211020060,103.0,3090.0
SIA,AC,202502,2000822,0211020036,20.0,103.0
SIA,AC,202502,2001500,0211020036,15.0,77.25
SIA,AC,202502,2002078,0208010033,32.0,12258.24
SIA,AC,202502,5661714,0211020036,13.0,66.95
SIA,AC,202502,5336171,0211020036,325.0,1673.75
SIA,AC,202502,2000725,0211020036,45.0,231.75
SIA,AC,202502,2001527,0211020036,36.0,185.4
SIA,AC,202502,7540868,0211020036,64.0,329.6
SIA,AC,202502,2000393,0211020036,13.0,66.95
SIA,AC,202502,2000997,0211020036,33.0,169.95
SIA,AC,202502,7530684,0211020036,374.0,1926.1
SIA,AC,202502,5336171,0206020023,1.0,86.75
SIA,AC,202502,6439837,0211020036,380.0,1957.0
SIA,AC,202502,2000083,0211020036,71.0,365.65
SIA,AC,202502,2000970,0211020036,24.0,123.6
SIA,AC,202502,2001586,0206010028,5.0,505.5
SIA,AC,202502,2001586,0206010052,9.0,780.75
SIA,AC,202502,6861849,0206010052,43.0,3730.25
SIA,AC,202502,5336171,0206010052,6.0,520.5
SIA,AC,202502,2001578,0206010052,6.0,520.5
SIA,AC,202502,2001586,0206010010,1.0,86.76
SIA,AC,202502,5336171,0211020060,56.0,1680.0
SIA,AC,202503,2002078,0208010025,21.0,8578.92
SIA,AC,202503,2002078,0208010033,21.0,8044.47
SIA,AC,202503,2000024,0211020036,32.0,164.8
SIA,AC,202503,2000725,0211020036,53.0,272.95
SIA,AC,202503,6861849,0206010079,1392.0,135636.48
SIA,AC,202503,6861849,0206030037,1013.0,140432.19
SIA,AC,202503,6861849,0206020031,1485.0,202568.85
SIA,AC,202503,6861849,0206010028,312.0,31543.2
SIA,AC,202503,6861849,0206010010,239.0,20735.64
SIA,AC,202503,6861849,0206030010,993.0,137659.59
SIA,AC,202503,6861849,0206010036,186.0,16137.36
SIA,AC,202503,6861849,0206010044,129.0,11190.75
SIA,AC,202503,6861849,0206010052,59.0,5118.25
SIA,AC,202503,6861849,0206030029,117.0,10149.75
SIA,AC,202503,6861849,0206020023,29.0,2515.75
SIA,AC,202503,6861849,0206020015,36.0,3123.0
SIA,AC,202503,9966501,0211020036,184.0,947.6
SIA,AC,202503,7530684,0211020036,450.0,2317.5
SIA,AC,202503,6861849,0206010060,1.0,97.44
SIA,AC,202503,5336171,0206010079,186.0,18123.84
SIA,AC,202503,5336171,0206030037,58.0,8040.54
SIA,AC,202503,5336171,0206010010,40.0,3470.4
SIA,AC,202503,5336171,0206010028,88.0,8896.8
SIA,AC,202503,5336171,0206020031,119.0,16232.79
SIA,AC,202503,2000512,0211020036,194.0,999.1
SIA,AC,202503,5336171,0206010044,30.0,2602.5
SIA,AC,202503,5981891,0211020036,150.0,772.5
SIA,AC,202503,2001527,0211020036,33.0,169.95
SIA,AC,202503,5336171,0206030010,95.0,13169.85
SIA,AC,202503,2000083,0211020036,52.0,267.8
SIA,AC,202503,2001586,0206030037,16.0,2218.08
SIA,AC,202503,2001586,0206010079,17.0,1656.48
SIA,AC,202503,2001586,0206020031,16.0,2182.56
SIA,AC,202503,2001586,0206030010,18.0,2495.34
SIA,AC,202503,2001586,0206010052,3.0,260.25
SIA,AC,202503,2001586,0206010036,2.0,173.52
SIA,AC,202503,5336171,0206030029,7.0,607.25
SIA,AC,202503,2001578,0206030010,242.0,33548.46
SIA,AC,202503,2001578,0206020031,351.0,47879.91
SIA,AC,202503,2001578,0206010010,82.0,7114.32
SIA,AC,202503,2001578,0206010079,565.0,55053.6
SIA,AC,202503,2001578,0206030037,255.0,35350.65
SIA,AC,202503,2001578,0206010036,50.0,4338.0
SIA,AC,202503,2001578,0206010028,59.0,5964.9
SIA,AC,202503,2001578,0206030029,29.0,2515.75
SIA,AC,202503,2001578,0206010044,54.0,4684.5
SIA,AC,202503,2001578,0206020023,16.0,1388.0
SIA,AC,202503,2001578,0206020015,21.0,1821.75
SIA,AC,202503,2001578,0206010052,8.0,694.0
SIA,AC,202503,2001586,0211020036,798.0,4109.7
SIA,AC,202503,2000202,0211020036,116.0,597.4
SIA,AC,202503,2001586,0211020060,103.0,3090.0
SIA,AC,202503,5336171,0206010036,24.0,2082.24
SIA,AC,202503,2000393,0211020036,19.0,97.85
SIA,AC,202503,2000075,0211020036,36.0,185.4
SIA,AC,202503,5336171,0206020023,4.0,347.0
SIA,AC,202503,5336171,0206020015,2.0,173.5
SIA,AC,202503,5661714,0211020036,8.0,41.2
SIA,AC,202503,5336171,0211020036,362.0,1864.3
SIA,AC,202503,2000997,0211020036,36.0,185.4
SIA,AC,202503,5336171,0206010052,3.0,260.25
SIA,AC,202503,5336171,0211020060,78.0,2340.0
SIA,AC,202503,2000970,0211020036,19.0,97.85
SIA,AC,202503,6439837,0211020036,388.0,1998.2
SIA,AC,202503,2001586,0206010028,2.0,202.2
SIA,AC,202503,2001586,0206020023,1.0,86.75
SIA,AC,202503,2000822,0211020036,8.0,41.2
SIA,AC,202503,2001586,0206010010,1.0,86.76
SIA,AC,202503,7232489,0211020036,186.0,957.9
SIA,AC,202503,7540868,0211020036,72.0,370.8
SIA,AC,202503,2002078,0211020010,42.0,30661.68
SIA,AC,202503,2001500,0211020036,35.0,180.25
SIA,AC,202503,2001578,0211020036,615.0,3167.25
SIA,AC,202503,5858208,0211020036,27.0,139.05
SIA,AC,202503,2001020,0211020036,62.0,319.3
SIA,AC,202504,2000202,0211020036,132.0,679.8
SIA,AC,202504,2000865,0211020036,173.0,890.95
SIA,AC,202504,5336171,0206020015,7.0,607.25
SIA,AC,202504,2002566,0211020036,12.0,61.8
SIA,AC,202504,5981891,0211020036,90.0,463.5
SIA,AC,202504,7232489,0211020036,151.0,777.65
SIA,AC,202504,5336171,0206010010,66.0,5726.16
SIA,AC,202504,5336171,0206010052,10.0,867.5
SIA,AC,202504,6861849,0206010036,209.0,18132.84
SIA,AC,202504,2001578,0206010079,535.0,52130.4
SIA,AC,202504,6861849,0206010079,1583.0,154247.52
SIA,AC,202504,5336171,0206010079,275.0,26796.0
SIA,AC,202504,2001578,0206010036,36.0,3123.36
SIA,AC,202504,5336171,0206010036,50.0,4338.0
SIA,AC,202504,5336171,0206010028,133.0,13446.3
SIA,AC,202504,2001586,0206010079,8.0,779.52
SIA,AC,202504,6861849,0206010044,186.0,16135.5
SIA,AC,202504,2001578,0206030010,247.0,34241.61
SIA,AC,202504,2001586,0206030010,16.0,2218.08
SIA,AC,202504,5336171,0206030010,148.0,20517.24
SIA,AC,202504,6861849,0206030010,1046.0,145006.98
SIA,AC,202504,2001578,0206010044,50.0,4337.5
SIA,AC,202504,6861849,0206030037,1073.0,148749.99
SIA,AC,202504,6861849,0206010052,72.0,6246.0
SIA,AC,202504,6861849,0206010010,268.0,23251.68
SIA,AC,202504,6861849,0206020023,17.0,1474.75
SIA,AC,202504,6861849,0206020015,37.0,3209.75
SIA,AC,202504,5336171,0206010044,29.0,2515.75
SIA,AC,202504,5336171,0206030037,120.0,16635.6
SIA,AC,202504,5336171,0206010060,4.0,389.76
SIA,AC,202504,2001586,0206030037,12.0,1663.56
SIA,AC,202504,2001578,0206010010,50.0,4338.0
SIA,AC,202504,2001578,0206030037,246.0,34102.98
SIA,AC,202504,2001586,0206010052,7.0,607.25
SIA,AC,202504,2002078,0208010025,17.0,6944.84
SIA,AC,202504,6861849,0206010060,7.0,682.08
SIA,AC,202504,2001578,0206010052,3.0,260.25
SIA,AC,202504,2001578,0206020015,9.0,780.75
SIA,AC,202504,2001578,0206020023,6.0,520.5
SIA,AC,202504,2002078,0208010033,17.0,6512.19
SIA,AC,202504,5336171,0206020023,3.0,260.25
SIA,AC,202504,6861849,0206010087,1.0,138.63
SIA,AC,202504,6861849,0206020031,1524.0,207888.84
SIA,AC,202504,6861849,0206010028,342.0,34576.2
SIA,AC,202504,2001578,0206020031,297.0,40513.77
SIA,AC,202504,2001578,0206030029,41.0,3556.75
SIA,AC,202504,5336171,0206020031,176.0,24008.16
SIA,AC,202504,6861849,0206030029,126.0,10930.5
SIA,AC,202504,2001578,0206010028,46.0,4650.6
SIA,AC,202504,5336171,0206030029,16.0,1388.0
SIA,AC,202504,2000393,0211020036,28.0,144.2
SIA,AC,202504,2001586,0206020031,15.0,2046.15
SIA,AC,202504,2001586,0206020023,1.0,86.75
SIA,AC,202504,2000512,0211020036,151.0,777.65
SIA,AC,202504,2000075,0211020036,215.0,1107.25
SIA,AC,202504,5336171,0211020060,83.0,2490.0
SIA,AC,202504,2001586,0211020060,98.0,2940.0
SIA,AC,202504,2000725,0211020036,48.0,247.2
SIA,AC,202504,2000970,0211020036,17.0,87.55
SIA,AC,202504,6439837,0211020036,396.0,2039.4
SIA,AC,202504,2001578,0211020036,592.0,3048.8
SIA,AC,202504,2001527,0211020036,44.0,226.6
SIA,AC,202504,2000083,0211020036,57.0,293.55
SIA,AC,202504,5661714,0211020036,10.0,51.5
SIA,AC,202504,2001586,0211020036,739.0,3805.85
SIA,AC,202504,7540868,0211020036,65.0,334.75
SIA,AC,202504,5336171,0211020036,282.0,1452.3
SIA,AC,202504,7530684,0211020036,407.0,2096.05
SIA,AC,202504,2000997,0211020036,42.0,216.3
SIA,AC,202504,2001500,0211020036,44.0,226.6
SIA,AC,202504,2000822,0211020036,7.0,36.05
SIA,AC,202504,2001020,0211020036,64.0,329.6
SIA,AC,202504,5858208,0211020036,8.0,41.2
SIA,AC,202505,2001586,0211020036,1116.0,4326.0
SIA,AC,202505,2002078,0211020010,99.0,72273.96
SIA,AC,202505,2001586,0902010018,276.0,35880.0
SIA,AC,202505,6861849,0206010044,169.0,14660.75
SIA,AC,202505,6861849,0206030037,1070.0,148334.1
SIA,AC,202505,5336171,0206030037,124.0,17190.12
SIA,AC,202505,6861849,0206010028,301.0,30431.1
SIA,AC,202505,5336171,0206010044,47.0,4077.25
SIA,AC,202505,5336171,0206010028,174.0,17591.4
SIA,AC,202505,2001578,0206030037,280.0,38816.4
SIA,AC,202505,2001578,0206010028,68.0,6874.8
SIA,AC,202505,2001586,0206030037,13.0,1802.19
SIA,AC,202505,2001578,0206010044,63.0,5465.25
SIA,AC,202505,2001586,0206010028,3.0,303.3
SIA,AC,202505,2001586,0206010044,3.0,260.25
SIA,AC,202505,6861849,0206020023,32.0,2776.0
SIA,AC,202505,2000393,0211020036,17.0,87.55
SIA,AC,202505,2000997,0211020036,21.0,108.15
SIA,AC,202505,5336171,0206020023,6.0,520.5
SIA,AC,202505,5336171,0206010060,5.0,487.2
SIA,AC,202505,2001578,0206020023,14.0,1214.5
SIA,AC,202505,6861849,0206010036,178.0,15443.28
SIA,AC,202505,5336171,0206010036,64.0,5552.64
SIA,AC,202505,2001578,0206010036,53.0,4598.28
SIA,AC,202505,2000202,0211020036,120.0,618.0
SIA,AC,202505,5336171,0206010010,92.0,7981.92
SIA,AC,202505,2001578,0206010079,591.0,57587.04
SIA,AC,202505,6861849,0206010079,1626.0,158437.44
SIA,AC,202505,5336171,0206010079,294.0,28647.36
SIA,AC,202505,2001586,0206010079,11.0,1071.84
SIA,AC,202505,6861849,0206010010,263.0,22817.88
SIA,AC,202505,6861849,0206020015,62.0,5378.5
SIA,AC,202505,2001578,0206010010,85.0,7374.6
SIA,AC,202505,2001586,0206010010,2.0,173.52
SIA,AC,202505,6861849,0206010052,64.0,5552.0
SIA,AC,202505,2001578,0206010052,2.0,173.5
SIA,AC,202505,5336171,0206020031,218.0,29737.38
SIA,AC,202505,2001578,0206020015,8.0,694.0
SIA,AC,202505,5336171,0206020015,6.0,520.5
SIA,AC,202505,5336171,0206010052,3.0,260.25
SIA,AC,202505,2001500,0211020036,49.0,252.35
SIA,AC,202505,2001578,0211020036,638.0,3285.7
SIA,AC,202505,7530684,0211020036,409.0,2106.35
SIA,AC,202505,2002566,0211020036,7.0,36.05
SIA,AC,202505,2000970,0211020036,14.0,72.1
SIA,AC,202505,2001586,0211020060,105.0,3150.0
SIA,AC,202505,5858208,0211020036,2.0,10.3
SIA,AC,202505,2001020,0211020036,60.0,309.0
SIA,AC,202505,7540868,0211020036,55.0,283.25
SIA,AC,202505,2000822,0211020036,14.0,72.1
SIA,AC,202505,2000083,0211020036,89.0,458.35
SIA,AC,202505,5981891,0211020036,118.0,607.7
SIA,AC,202505,6439837,0211020036,399.0,2054.85
SIA,AC,202505,5336171,0206030010,138.0,19130.94
SIA,AC,202505,2001527,0211020036,41.0,211.15
SIA,AC,202505,2000512,0211020036,125.0,643.75
SIA,AC,202505,2000725,0211020036,56.0,288.4
SIA,AC,202505,5336171,0211020060,90.0,2700.0
SIA,AC,202505,5336171,0211020036,394.0,2029.1
SIA,AC,202505,5661714,0211020036,11.0,56.65
SIA,AC,202505,2000075,0211020036,194.0,999.1
SIA,AC,202505,2001586,0206010036,3.0,260.28
SIA,AC,202505,6861849,0206020031,1668.0,227531.88
SIA,AC,202505,6861849,0206030010,1039.0,144036.57
SIA,AC,202505,2001578,0206020031,350.0,47743.5
SIA,AC,202505,6861849,0206030029,130.0,11277.5
SIA,AC,202505,2001578,0206030010,273.0,37845.99
SIA,AC,202505,2002078,0208010025,25.0,10213.0
SIA,AC,202505,2002078,0208010033,25.0,9576.75
SIA,AC,202505,2001586,0206020031,39.0,5319.99
SIA,AC,202505,2001578,0206030029,41.0,3556.75
SIA,AC,202505,5336171,0206030029,19.0,1648.25
SIA,AC,202505,2001586,0206030010,22.0,3049.86
SIA,AC,202505,2001586,0206010052,2.0,173.5
SIA,AC,202505,6861849,0206010060,1.0,97.44
SIA,AC,202506,5336171,0206030029,27.0,2342.25
SIA,AC,202506,6861849,0206030029,125.0,10843.75
SIA,AC,202506,2001586,0206030029,1.0,86.75
SIA,AC,202506,2001578,0206030029,40.0,3470.0
SIA,AC,202506,7168748,0211020036,62.0,319.3
SIA,AC,202506,2001578,0206030037,283.0,39232.29
SIA,AC,202506,6861849,0206030037,949.0,131559.87
SIA,AC,202506,7598688,0211020036,14.0,72.1
SIA,AC,202506,2001578,0206010028,65.0,6571.5
SIA,AC,202506,5336171,0206030037,141.0,19546.83
SIA,AC,202506,5336171,0206010028,149.0,15063.9
SIA,AC,202506,6861849,0206010028,304.0,30734.4
SIA,AC,202506,6861849,0206010052,51.0,4424.25
SIA,AC,202506,2001578,0206020023,8.0,694.0
SIA,AC,202506,2000512,0211020036,212.0,1091.8
SIA,AC,202506,6861849,0206020023,14.0,1214.5
SIA,AC,202506,2001578,0206010052,7.0,607.25
SIA,AC,202506,2000075,0211020036,175.0,901.25
SIA,AC,202506,2001586,0206030037,23.0,3188.49
SIA,AC,202506,2001578,0206010079,528.0,51448.32
SIA,AC,202506,6861849,0206010010,237.0,20562.12
SIA,AC,202506,6861849,0206010079,1476.0,143821.44
SIA,AC,202506,6861849,0206010036,180.0,15616.8
SIA,AC,202506,5336171,0206010079,294.0,28647.36
SIA,AC,202506,2001578,0206010036,51.0,4424.76
SIA,AC,202506,2001578,0206010010,77.0,6680.52
SIA,AC,202506,6861849,0206020015,71.0,6159.25
SIA,AC,202506,5336171,0206010010,98.0,8502.48
SIA,AC,202506,2001578,0206020015,17.0,1474.75
SIA,AC,202506,5336171,0206010036,61.0,5292.36
SIA,AC,202506,2001586,0206010079,11.0,1071.84
SIA,AC,202506,5336171,0206020015,7.0,607.25
SIA,AC,202506,2001586,0206010010,2.0,173.52
SIA,AC,202506,5336171,0206010044,38.0,3296.5
SIA,AC,202506,6861849,0206010044,140.0,12145.0
SIA,AC,202506,2002078,0208010033,14.0,5362.98
SIA,AC,202506,2001578,0206010044,52.0,4511.0
SIA,AC,202506,5336171,0206020023,12.0,1041.0
SIA,AC,202506,2001586,0206010052,10.0,867.5
SIA,AC,202506,2000393,0211020036,18.0,92.7
SIA,AC,202506,6861849,0206020031,1569.0,214027.29
SIA,AC,202506,2001578,0206020031,351.0,47879.91
SIA,AC,202506,5336171,0206020031,240.0,32738.4
SIA,AC,202506,2001586,0206010028,2.0,202.2
SIA,AC,202506,2001586,0206020031,33.0,4501.53
SIA,AC,202506,2001020,0211020036,87.0,448.05
SIA,AC,202506,5336171,0206010052,7.0,607.25
SIA,AC,202506,2000202,0211020036,87.0,448.05
SIA,AC,202506,2001578,0211020036,593.0,3053.95
SIA,AC,202506,2001586,0211020036,1018.0,3785.25
SIA,AC,202506,2000725,0211020036,50.0,257.5
SIA,AC,202506,2000970,0211020036,13.0,66.95
SIA,AC,202506,9966501,0211020036,87.0,448.05
SIA,AC,202506,7530684,0211020036,355.0,1828.25
SIA,AC,202506,7540868,0211020036,49.0,252.35
SIA,AC,202506,5336171,0211020036,286.0,1472.9
SIA,AC,202506,2001527,0211020036,52.0,267.8
SIA,AC,202506,2001500,0211020036,44.0,226.6
SIA,AC,202506,2001586,0211020060,100.0,3000.0
SIA,AC,202506,2000865,0211020036,197.0,1014.55
SIA,AC,202506,2000024,0211020036,5.0,25.75
SIA,AC,202506,5336171,0211020060,88.0,2640.0
SIA,AC,202506,2001578,0206030010,277.0,38400.51
SIA,AC,202506,2001586,0206030010,27.0,3743.01
SIA,AC,202506,6861849,0206030010,931.0,129064.53
SIA,AC,202506,5336171,0206030010,137.0,18992.31
SIA,AC,202506,6861849,0206010060,4.0,389.76
SIA,AC,202506,2002078,0208010025,13.0,5310.76
SIA,AC,202506,2001578,0206010060,2.0,194.88
SIA,AC,202506,2000822,0211020036,25.0,128.75
SIA,AC,202506,5858208,0211020036,15.0,77.25
SIA,AC,202506,2000997,0211020036,19.0,97.85
SIA,AC,202506,5661714,0211020036,10.0,51.5
SIA,AC,202506,6439837,0211020036,414.0,2132.1
SIA,AC,202506,2000083,0211020036,89.0,458.35
SIA,AC,202506,5336171,0206010060,1.0,97.44
SIA,AC,202506,7232489,0211020036,176.0,906.4
SIA,AC,202506,2001586,0206010036,1.0,86.76
SIA,AC,202506,2001586,0206020015,1.0,86.75
SIA,AC,202506,2002566,0211020036,7.0,36.05
SIA,AC,202506,5981891,0211020036,10.0,51.5
SIA,AC,202506,2001586,0902010018,283.0,36790.0
SIA,AC,202506,2002078,0211020010,63.0,45992.52
SIA,AC,202507,2000393,0211020036,23.0,118.45
SIA,AC,202507,5981891,0211020036,158.0,813.7
SIA,AC,202507,2000490,0211020036,133.0,684.95
SIA,AC,202507,2002078,0208010033,20.0,7661.4
SIA,AC,202507,2002078,0208010025,20.0,8170.4
SIA,AC,202507,2001586,0211020036,1442.0,4717.4
SIA,AC,202507,2001586,0206010052,13.0,1127.75
SIA,AC,202507,2001586,0206010079,15.0,1461.6
SIA,AC,202507,2001586,0206020031,39.0,5319.99
SIA,AC,202507,2001586,0206030037,25.0,3465.75
SIA,AC,202507,7598688,0211020036,78.0,401.7
SIA,AC,202507,7540868,0211020036,67.0,345.05
SIA,AC,202507,2000075,0211020036,190.0,978.5
SIA,AC,202507,2000997,0211020036,33.0,169.95
SIA,AC,202507,5661714,0211020036,16.0,82.4
SIA,AC,202507,9966501,0211020036,205.0,1055.75
SIA,AC,202507,2001578,0206020023,13.0,1127.75
SIA,AC,202507,2001578,0206020031,289.0,39422.49
SIA,AC,202507,2001578,0206030037,213.0,29528.19
SIA,AC,202507,7168748,0211020036,96.0,494.4
SIA,AC,202507,2001578,0206010010,76.0,6593.76
SIA,AC,202507,2001578,0206010079,486.0,47355.84
SIA,AC,202507,2001578,0206010044,62.0,5378.5
SIA,AC,202507,2001578,0206010036,48.0,4164.48
SIA,AC,202507,2001578,0206030029,29.0,2515.75
SIA,AC,202507,2001578,0206030010,213.0,29528.19
SIA,AC,202507,2001578,0206010028,61.0,6167.1
SIA,AC,202507,2001578,0206010060,1.0,97.44
SIA,AC,202507,2000970,0211020036,4.0,20.6
SIA,AC,202507,2000202,0211020036,79.0,406.85
SIA,AC,202507,2000822,0211020036,11.0,56.65
SIA,AC,202507,2001578,0206010052,2.0,173.5
SIA,AC,202507,2001578,0206020015,9.0,780.75
SIA,AC,202507,2001586,0206010028,8.0,808.8
SIA,AC,202507,5336171,0206030037,171.0,23705.73
SIA,AC,202507,5336171,0206030010,174.0,24121.62
SIA,AC,202507,5336171,0206010028,131.0,13244.1
SIA,AC,202507,5336171,0206010079,295.0,28744.8
SIA,AC,202507,5336171,0206010036,59.0,5118.84
SIA,AC,202507,5336171,0206010044,53.0,4597.75
SIA,AC,202507,2001586,0206010036,4.0,347.04
SIA,AC,202507,2001586,0206010044,3.0,260.25
SIA,AC,202507,2001586,0206030010,15.0,2079.45
SIA,AC,202507,2001586,0206020023,1.0,86.75
SIA,AC,202507,5336171,0206020031,251.0,34238.91
SIA,AC,202507,5336171,0206010010,88.0,7634.88
SIA,AC,202507,5336171,0206030029,17.0,1474.75
SIA,AC,202507,5336171,0211020060,63.0,1890.0
SIA,AC,202507,2000865,0211020036,101.0,520.15
SIA,AC,202507,5336171,0206020015,9.0,780.75
SIA,AC,202507,5336171,0206020023,8.0,694.0
SIA,AC,202507,5336171,0206010052,17.0,1474.75
SIA,AC,202507,5336171,0206010060,4.0,389.76
SIA,AC,202507,5336171,0211020036,303.0,1560.45
SIA,AC,202507,6861849,0206030029,124.0,10757.0
SIA,AC,202507,6861849,0206020031,1678.0,228895.98
SIA,AC,202507,6861849,0206010044,219.0,18998.25
SIA,AC,202507,6861849,0206010079,1607.0,156586.08
SIA,AC,202507,6861849,0206030010,1109.0,153740.67
SIA,AC,202507,6861849,0206010036,219.0,19000.44
SIA,AC,202507,6861849,0206030037,1096.0,151938.48
SIA,AC,202507,6861849,0206010028,340.0,34374.0
SIA,AC,202507,6861849,0206010010,277.0,24032.52
SIA,AC,202507,6861849,0206010052,60.0,5205.0
SIA,AC,202507,6861849,0206020015,68.0,5899.0
SIA,AC,202507,2001586,0206010060,2.0,194.88
SIA,AC,202507,2000083,0211020036,101.0,520.15
SIA,AC,202507,6861849,0206020023,15.0,1301.25
SIA,AC,202507,6861849,0206010060,6.0,584.64
SIA,AC,202507,2000512,0211020036,262.0,1349.3
SIA,AC,202507,2000725,0211020036,55.0,283.25
SIA,AC,202507,6439837,0211020036,435.0,2240.25
SIA,AC,202507,2001020,0211020036,97.0,499.55
SIA,AC,202507,7530684,0211020036,353.0,1817.95
SIA,AC,202507,2001578,0211020036,699.0,3599.85
SIA,AC,202507,2002566,0211020036,1.0,5.15
SIA,AC,202507,2001500,0211020036,29.0,149.35
SIA,AC,202507,2001586,0902010018,526.0,68380.0
SIA,AC,202507,2002078,0211020010,93.0,67893.72
SIA,AC,202507,2001586,0206010010,3.0,260.28
SIA,AC,202507,7232489,0211020036,79.0,406.85
SIA,AC,202507,2001586,0206020015,1.0,86.75
SIA,AC,202507,2001586,0211020060,113.0,3390.0
SIA,AC,202507,2001527,0211020036,59.0,303.85
SIA,AC,202507,2001586,0206030029,1.0,86.75
SIA,AC,202508,5336171,0206010036,38.0,3296.88
SIA,AC,202508,5336171,0206010010,69.0,5986.44
SIA,AC,202508,7598688,0211020036,29.0,149.35
SIA,AC,202508,2000393,0211020036,12.0,61.8
SIA,AC,202508,6861849,0206020031,1656.0,225894.96
SIA,AC,202508,5336171,0206020031,166.0,22644.06
SIA,AC,202508,2001578,0206020031,211.0,28782.51
SIA,AC,202508,6861849,0206030029,119.0,10323.25
SIA,AC,202508,2001586,0206020031,82.0,11185.62
SIA,AC,202508,2001578,0206030029,18.0,1561.5
SIA,AC,202508,5336171,0206030029,21.0,1821.75
SIA,AC,202508,6861849,0206010036,251.0,21776.76
SIA,AC,202508,2001578,0206010036,37.0,3210.12
SIA,AC,202508,2001586,0206010036,4.0,347.04
SIA,AC,202508,6861849,0206010079,1665.0,162237.6
SIA,AC,202508,6861849,0206030037,1143.0,158454.09
SIA,AC,202508,6861849,0206030010,1095.0,151799.85
SIA,AC,202508,2001586,0206010079,24.0,2338.56
SIA,AC,202508,5336171,0206010079,295.0,28744.8
SIA,AC,202508,6861849,0206010028,341.0,34475.1
SIA,AC,202508,2001578,0211020036,629.0,3239.35
SIA,AC,202508,2002078,0208010033,30.0,11492.1
SIA,AC,202508,5336171,0206030010,158.0,21903.54
SIA,AC,202508,2001578,0206010079,363.0,35370.72
SIA,AC,202508,2001578,0206030037,204.0,28280.52
SIA,AC,202508,5336171,0206010028,133.0,13446.3
SIA,AC,202508,2002078,0208010025,28.0,11438.56
SIA,AC,202508,2001578,0206030010,186.0,25785.18
SIA,AC,202508,2001578,0206010044,46.0,3990.5
SIA,AC,202508,5336171,0206030037,121.0,16774.23
SIA,AC,202508,6861849,0206010044,201.0,17436.75
SIA,AC,202508,2001586,0206030037,48.0,6654.24
SIA,AC,202508,5336171,0206010044,38.0,3296.5
SIA,AC,202508,2001586,0206010052,27.0,2342.25
SIA,AC,202508,2001586,0206010028,5.0,505.5
SIA,AC,202508,2000865,0211020036,184.0,947.6
SIA,AC,202508,2001578,0206010028,48.0,4852.8
SIA,AC,202508,6861849,0206010052,45.0,3903.75
SIA,AC,202508,2001586,0206030010,52.0,7208.76
SIA,AC,202508,2000083,0211020036,73.0,375.95
SIA,AC,202508,5336171,0206010052,8.0,694.0
SIA,AC,202508,9966501,0211020036,237.0,1220.55
SIA,AC,202508,5858208,0211020036,5.0,25.75
SIA,AC,202508,2000997,0211020036,95.0,489.25
SIA,AC,202508,2001586,0206010044,1.0,86.75
SIA,AC,202508,5336171,0206020023,4.0,347.0
SIA,AC,202508,5336171,0211020036,309.0,1591.35
SIA,AC,202508,2001586,0211020036,858.0,2193.9
SIA,AC,202508,2000725,0211020036,62.0,319.3
SIA,AC,202508,6439837,0211020036,441.0,2271.15
SIA,AC,202508,7530684,0211020036,347.0,1787.05
SIA,AC,202508,5661714,0211020036,19.0,97.85
SIA,AC,202508,7540868,0211020036,61.0,314.15
SIA,AC,202508,2001020,0211020036,56.0,288.4
SIA,AC,202508,6861849,0206010087,1.0,138.63
SIA,AC,202508,2000822,0211020036,15.0,77.25
SIA,AC,202508,2001578,0206020015,8.0,694.0
SIA,AC,202508,6861849,0206020015,93.0,8067.75
SIA,AC,202508,2001578,0206020023,11.0,954.25
SIA,AC,202508,6861849,0206020023,10.0,867.5
SIA,AC,202508,2001500,0211020036,44.0,226.6
SIA,AC,202508,6861849,0206010060,9.0,876.96
SIA,AC,202508,2000202,0211020036,178.0,916.7
SIA,AC,202508,2001586,0206020015,1.0,86.75
SIA,AC,202508,5336171,0206020015,3.0,260.25
SIA,AC,202508,2002566,0211020036,15.0,77.25
SIA,AC,202508,5981891,0211020036,10.0,51.5
SIA,AC,202508,5336171,0206010060,2.0,194.88
SIA,AC,202508,7168748,0211020036,122.0,628.3
SIA,AC,202508,5336171,0211020060,72.0,2160.0
SIA,AC,202508,2001578,0206010010,65.0,5639.4
SIA,AC,202508,6861849,0206010010,312.0,27069.12
SIA,AC,202508,2001586,0206010010,4.0,347.04
SIA,AC,202508,2001586,0902010018,381.0,49530.0
SIA,AC,202508,2001586,0902010026,51.0,10200.0
SIA,AC,202508,2001578,0206010052,2.0,173.5
SIA,AC,202508,2001586,0211020060,121.0,3630.0
SIA,AC,202508,2000024,0211020036,33.0,169.95
SIA,AC,202508,2000075,0211020036,251.0,1292.65
SIA,AC,202508,2000490,0211020036,232.0,1194.8
SIA,AC,202508,2000512,0211020036,185.0,952.75
SIA,AC,202509,2001578,0206020031,319.0,43514.79
SIA,AC,202509,2001578,0206030010,261.0,36182.43
SIA,AC,202509,2001578,0206010079,538.0,52422.72
SIA,AC,202509,2001578,0206030037,275.0,38123.25
SIA,AC,202509,2001578,0206020023,18.0,1561.5
SIA,AC,202509,2001578,0206030029,32.0,2776.0
SIA,AC,202509,2001578,0206020015,16.0,1388.0
SIA,AC,202509,7598688,0211020036,32.0,164.8
SIA,AC,202509,2000083,0211020036,52.0,267.8
SIA,AC,202509,2002566,0211020036,8.0,41.2
SIA,AC,202509,2001578,0206010044,80.0,6940.0
SIA,AC,202509,2001578,0206010028,78.0,7885.8
SIA,AC,202509,2001578,0206010036,66.0,5726.16
SIA,AC,202509,2001578,0206010010,94.0,8155.44
SIA,AC,202509,6861849,0206010079,1704.0,166037.76
SIA,AC,202509,2001578,0211020036,665.0,3424.75
SIA,AC,202509,2001020,0211020036,49.0,252.35
SIA,AC,202509,7530684,0211020036,386.0,1987.9
SIA,AC,202509,6861849,0206030010,1075.0,149027.25
SIA,AC,202509,6861849,0206020031,1684.0,229714.44
SIA,AC,202509,6861849,0206030029,148.0,12839.0
SIA,AC,202509,6861849,0206010010,322.0,27936.72
SIA,AC,202509,9966501,0211020036,122.0,628.3
SIA,AC,202509,6439837,0211020036,451.0,2322.65
SIA,AC,202509,7540868,0211020036,68.0,350.2
SIA,AC,202509,2001500,0211020036,19.0,97.85
SIA,AC,202509,6861849,0206010028,451.0,45596.1
SIA,AC,202509,6861849,0206030037,1122.0,155542.86
SIA,AC,202509,6861849,0206010044,252.0,21861.0
SIA,AC,202509,5981891,0211020036,146.0,751.9
SIA,AC,202509,6861849,0206010052,61.0,5291.75
SIA,AC,202509,6861849,0206010036,268.0,23251.68
SIA,AC,202509,2000393,0211020036,23.0,118.45
SIA,AC,202509,2002078,0208010025,24.0,9804.48
SIA,AC,202509,2002078,0208010033,24.0,9193.68
SIA,AC,202509,7168748,0211020036,43.0,221.45
SIA,AC,202509,2000512,0211020036,143.0,736.45
SIA,AC,202509,5336171,0206010028,114.0,11525.4
SIA,AC,202509,5336171,0206010044,42.0,3643.5
SIA,AC,202509,5336171,0206030010,201.0,27864.63
SIA,AC,202509,5336171,0206020031,177.0,24144.57
SIA,AC,202509,5336171,0206010079,307.0,29914.08
SIA,AC,202509,5336171,0206030037,158.0,21903.54
SIA,AC,202509,5336171,0206020015,2.0,173.5
SIA,AC,202509,5336171,0206010010,65.0,5639.4
SIA,AC,202509,5336171,0206020023,3.0,260.25
SIA,AC,202509,5336171,0206010036,45.0,3904.2
SIA,AC,202509,5336171,0206030029,8.0,694.0
SIA,AC,202509,2000997,0211020036,47.0,242.05
SIA,AC,202509,5336171,0206010052,5.0,433.75
SIA,AC,202509,2001578,0206010052,1.0,86.75
SIA,AC,202509,2000490,0211020036,207.0,1066.05
SIA,AC,202509,6861849,0206020015,102.0,8848.5
SIA,AC,202509,7232489,0211020036,248.0,1277.2
SIA,AC,202509,6861849,0206020023,12.0,1041.0
SIA,AC,202509,2000075,0211020036,242.0,1246.3
SIA,AC,202509,2001586,0206010079,1.0,97.44
SIA,AC,202509,5336171,0211020060,79.0,2370.0
SIA,AC,202509,2000202,0211020036,109.0,561.35
SIA,AC,202509,5858208,0211020036,13.0,66.95
SIA,AC,202509,5336171,0211020036,327.0,1684.05
SIA,AC,202509,6861849,0206010060,8.0,779.52
SIA,AC,202509,2001586,0206020031,13.0,1773.33
SIA,AC,202509,2001586,0206010052,4.0,347.0
SIA,AC,202509,2001586,0206030037,9.0,1247.67
SIA,AC,202509,2001586,0206030010,7.0,970.41
SIA,AC,202509,2001586,0206020023,1.0,86.75
SIA,AC,202509,2001527,0211020036,37.0,190.55
SIA,AC,202509,5661714,0211020036,10.0,51.5
SIA,AC,202509,2001586,0211020060,79.0,2370.0
SIA,AC,202509,2001586,0211020036,939.0,1843.7
SIA,AC,202509,2001586,0902010018,485.0,63050.0
SIA,AC,202509,2001586,0902010026,96.0,19200.0
SIA,AC,202509,2002078,0211020010,31.0,22631.24
SIA,AC,202509,2000725,0211020036,69.0,355.35
SIA,AC,202509,2000822,0211020036,12.0,61.8
SIA,AC,202510,6861849,0206030037,1138.0,157760.94
SIA,AC,202510,6861849,0206030010,1102.0,152770.26
SIA,AC,202510,6861849,0206020031,1709.0,233124.69
SIA,AC,202510,2000393,0211020036,25.0,128.75
SIA,AC,202510,6861849,0206010079,1798.0,175197.12
SIA,AC,202510,6861849,0206010036,316.0,27416.16
SIA,AC,202510,6861849,0206010010,398.0,34530.48
SIA,AC,202510,6861849,0206010028,493.0,49842.3
SIA,AC,202510,6861849,0206010044,203.0,17610.25
SIA,AC,202510,6861849,0206020015,76.0,6593.0
SIA,AC,202510,6861849,0206030029,145.0,12578.75
SIA,AC,202510,6861849,0206010052,77.0,6679.75
SIA,AC,202510,6861849,0206010060,6.0,584.64
SIA,AC,202510,6861849,0206020023,35.0,3036.25
SIA,AC,202510,5336171,0206010079,339.0,33032.16
SIA,AC,202510,2001578,0206020031,313.0,42696.33
SIA,AC,202510,2001578,0206010010,113.0,9803.88
SIA,AC,202510,2001578,0206010079,631.0,61484.64
SIA,AC,202510,2001578,0206030037,305.0,42282.15
SIA,AC,202510,5336171,0206020031,201.0,27418.41
SIA,AC,202510,5336171,0206030010,195.0,27032.85
SIA,AC,202510,5336171,0206010010,57.0,4945.32
SIA,AC,202510,5336171,0206010036,43.0,3730.68
SIA,AC,202510,5336171,0206030037,161.0,22319.43
SIA,AC,202510,5336171,0206010028,121.0,12233.1
SIA,AC,202510,2001578,0206010036,75.0,6507.0
SIA,AC,202510,2001578,0206030010,290.0,40202.7
SIA,AC,202510,2001578,0206020015,11.0,954.25
SIA,AC,202510,5336171,0206010060,4.0,389.76
SIA,AC,202510,2001578,0206030029,53.0,4597.75
SIA,AC,202510,5336171,0206010044,39.0,3383.25
SIA,AC,202510,2002078,0208010025,20.0,8170.4
SIA,AC,202510,2001578,0206010028,80.0,8088.0
SIA,AC,202510,2001578,0206010044,56.0,4858.0
SIA,AC,202510,2000075,0211020036,161.0,829.15
SIA,AC,202510,2002078,0208010033,21.0,8044.47
SIA,AC,202510,5336171,0206010052,8.0,694.0
SIA,AC,202510,5336171,0206030029,21.0,1821.75
SIA,AC,202510,5336171,0206020015,6.0,520.5
SIA,AC,202510,2001578,0206010052,8.0,694.0
SIA,AC,202510,2001586,0902010018,508.0,66040.0
SIA,AC,202510,2001586,0902010026,91.0,18200.0
SIA,AC,202510,5981891,0211020036,120.0,618.0
SIA,AC,202510,7598688,0211020036,192.0,988.8
SIA,AC,202510,2001020,0211020036,18.0,92.7
SIA,AC,202510,2001578,0206020023,8.0,694.0
SIA,AC,202510,2000024,0211020036,10.0,51.5
SIA,AC,202510,2002566,0211020036,3.0,15.45
SIA,AC,202510,2001500,0211020036,9.0,46.35
SIA,AC,202510,7540868,0211020036,82.0,422.3
SIA,AC,202510,2001586,0206030010,36.0,4990.68
SIA,AC,202510,2001586,0206020031,43.0,5865.63
SIA,AC,202510,2000997,0211020036,40.0,206.0
SIA,AC,202510,2001586,0206030037,38.0,5267.94
SIA,AC,202510,2000822,0211020036,13.0,66.95
SIA,AC,202510,2000725,0211020036,62.0,319.3
SIA,AC,202510,2001586,0206010079,19.0,1851.36
SIA,AC,202510,2001586,0211020036,975.0,1936.4
SIA,AC,202510,2000083,0211020036,86.0,442.9
SIA,AC,202510,2000512,0211020036,108.0,556.2
SIA,AC,202510,2001586,0206010036,2.0,173.52
SIA,AC,202510,2001586,0206010052,12.0,1041.0
SIA,AC,202510,7168748,0211020036,171.0,880.65
SIA,AC,202510,2000202,0211020036,143.0,736.45
SIA,AC,202510,7530684,0211020036,484.0,2492.6
SIA,AC,202510,5858208,0211020036,14.0,72.1
SIA,AC,202510,9966501,0211020036,23.0,118.45
SIA,AC,202510,2001586,0206010044,1.0,86.75
SIA,AC,202510,2001586,0206020023,2.0,173.5
SIA,AC,202510,5336171,0206020023,2.0,173.5
SIA,AC,202510,5336171,0211020036,760.0,3914.0
SIA,AC,202510,2000490,0211020036,192.0,988.8
SIA,AC,202510,6439837,0211020036,436.0,2245.4
SIA,AC,202510,5336171,0206010087,1.0,138.63
SIA,AC,202510,5661714,0211020036,15.0,77.25
SIA,AC,202510,5336171,0211020060,73.0,2190.0
SIA,AC,202510,2001578,0211020036,819.0,4217.85
SIA,AC,202510,7232489,0211020036,193.0,993.95
SIA,AC,202511,7598688,0211020036,169.0,870.35
SIA,AC,202511,2001586,0206030010,15.0,2079.45
SIA,AC,202511,2001586,0206030037,17.0,2356.71
SIA,AC,202511,7540868,0211020036,86.0,442.9
SIA,AC,202511,2001586,0206020023,1.0,86.75
SIA,AC,202511,2001586,0206020031,30.0,4092.3
SIA,AC,202511,2001586,0206010044,1.0,86.75
SIA,AC,202511,5661714,0211020036,24.0,123.6
SIA,AC,202511,2001527,0211020036,19.0,97.85
SIA,AC,202511,2002078,0211020010,172.0,125566.88
SIA,AC,202511,2001586,0211020036,913.0,1817.95
SIA,AC,202511,2001020,0211020036,10.0,51.5
SIA,AC,202511,2001586,0902010018,433.0,56290.0
SIA,AC,202511,2001586,0902010026,127.0,25400.0
SIA,AC,202511,2001586,0206010079,13.0,1266.72
SIA,AC,202511,2000822,0211020036,5.0,25.75
SIA,AC,202511,2001586,0211020060,102.0,3060.0
SIA,AC,202511,2001586,0206030029,2.0,173.5
SIA,AC,202511,2000725,0211020036,67.0,345.05
SIA,AC,202511,5336171,0206010036,42.0,3643.92
SIA,AC,202511,5336171,0206020031,177.0,24144.57
SIA,AC,202511,5336171,0206030010,151.0,20933.13
SIA,AC,202511,5336171,0206010044,51.0,4424.25
SIA,AC,202511,5336171,0206010028,111.0,11222.1
SIA,AC,202511,5336171,0206010079,311.0,30303.84
SIA,AC,202511,5336171,0206030037,108.0,14972.04
SIA,AC,202511,5336171,0206010010,72.0,6246.72
SIA,AC,202511,5336171,0206020015,6.0,520.5
SIA,AC,202511,6439837,0211020036,442.0,2276.3
SIA,AC,202511,5336171,0206020023,8.0,694.0
SIA,AC,202511,5336171,0206030029,13.0,1127.75
SIA,AC,202511,2002078,0208010033,27.0,10342.89
SIA,AC,202511,2001578,0206010036,77.0,6680.52
SIA,AC,202511,2001578,0206010028,98.0,9907.8
SIA,AC,202511,2001578,0206010079,592.0,57684.48
SIA,AC,202511,2001578,0206020031,359.0,48971.19
SIA,AC,202511,2001578,0206030010,319.0,44222.97
SIA,AC,202511,2001578,0206010010,101.0,8762.76
SIA,AC,202511,2001578,0206030037,345.0,47827.35
SIA,AC,202511,2001578,0206010044,76.0,6593.0
SIA,AC,202511,2002078,0208010025,27.0,11030.04
SIA,AC,202511,5336171,0206010052,7.0,607.25
SIA,AC,202511,2001578,0206030029,34.0,2949.5
SIA,AC,202511,2001578,0206020015,22.0,1908.5
SIA,AC,202511,2001578,0211020036,623.0,3208.45
SIA,AC,202511,2001578,0206020023,15.0,1301.25
SIA,AC,202511,2001578,0206010052,5.0,433.75
SIA,AC,202511,2000997,0211020036,128.0,659.2
SIA,AC,202511,2000075,0211020036,200.0,1030.0
SIA,AC,202511,5336171,0211020060,65.0,1950.0
SIA,AC,202511,5336171,0211020036,295.0,1519.25
SIA,AC,202511,6861849,0206030037,1044.0,144729.72
SIA,AC,202511,6861849,0206030029,130.0,11277.5
SIA,AC,202511,6861849,0206010010,335.0,29064.6
SIA,AC,202511,6861849,0206010079,1564.0,152396.16
SIA,AC,202511,6861849,0206010028,439.0,44382.9
SIA,AC,202511,6861849,0206010036,282.0,24466.32
SIA,AC,202511,6861849,0206030010,1024.0,141957.12
SIA,AC,202511,2000865,0211020036,234.0,1205.1
SIA,AC,202511,7530684,0211020036,390.0,2008.5
SIA,AC,202511,6861849,0206020031,1437.0,196021.17
SIA,AC,202511,6861849,0206010044,222.0,19258.5
SIA,AC,202511,7168748,0211020036,200.0,1030.0
SIA,AC,202511,2001500,0211020036,21.0,108.15
SIA,AC,202511,6861849,0206020015,59.0,5118.25
SIA,AC,202511,6861849,0206020023,54.0,4684.5
SIA,AC,202511,6861849,0206010052,55.0,4771.25
SIA,AC,202511,2000393,0211020036,27.0,139.05
SIA,AC,202511,6861849,0206010060,3.0,292.32
SIA,AC,202511,2002566,0211020036,33.0,169.95
SIA,AC,202511,2000512,0211020036,150.0,772.5
SIA,AC,202511,5981891,0211020036,142.0,731.3
SIA,AC,202511,2000024,0211020036,15.0,77.25
SIA,AC,202511,9966501,0211020036,9.0,46.35
SIA,AC,202511,2000490,0211020036,170.0,875.5
SIA,AC,202511,2000970,0211020036,50.0,257.5
SIA,AC,202511,2000083,0211020036,89.0,458.35
SIA,AC,202511,2001586,0206010010,1.0,86.76
SIA,AC,202511,2001586,0206020015,2.0,173.5
SIA,AC,202512,2001578,0206010052,7.0,607.25
SIA,AC,202512,6861849,0206010052,58.0,5031.5
SIA,AC,202512,6861849,0206010028,345.0,34879.5
SIA,AC,202512,5336171,0206010028,110.0,11121.0
SIA,AC,202512,2001578,0211020036,778.0,4006.7
SIA,AC,202512,2001578,0206010028,87.0,8795.7
SIA,AC,202512,7598688,0211020036,2.0,10.3
SIA,AC,202512,6439837,0211020036,451.0,2322.65
SIA,AC,202512,5336171,0211020036,287.0,1478.05
SIA,AC,202512,2001586,0211020036,672.0,1941.55
SIA,AC,202512,2001500,0211020036,65.0,334.75
SIA,AC,202512,2000083,0211020036,81.0,417.15
SIA,AC,202512,2000393,0211020036,19.0,97.85
SIA,AC,202512,7540868,0211020036,59.0,303.85
SIA,AC,202512,2000822,0211020036,13.0,66.95
SIA,AC,202512,5336171,0206010052,3.0,260.25
SIA,AC,202512,2001586,0206010052,2.0,173.5
SIA,AC,202512,2001578,0206030037,295.0,40895.85
SIA,AC,202512,6861849,0206020031,1519.0,207206.79
SIA,AC,202512,6861849,0206030037,939.0,130173.57
SIA,AC,202512,2001578,0206020031,408.0,55655.28
SIA,AC,202512,2002078,0208010033,21.0,8044.47
SIA,AC,202512,5336171,0206020031,211.0,28782.51
SIA,AC,202512,2000865,0211020036,97.0,499.55
SIA,AC,202512,5336171,0206030037,136.0,18853.68
SIA,AC,202512,7530684,0211020036,361.0,1859.15
SIA,AC,202512,2002078,0208010025,21.0,8578.92
SIA,AC,202512,2001586,0206020031,35.0,4774.35
SIA,AC,202512,5336171,0206010079,272.0,26503.68
SIA,AC,202512,2001586,0206030037,20.0,2772.6
SIA,AC,202512,5336171,0206010010,81.0,7027.56
SIA,AC,202512,6861849,0206010010,250.0,21690.0
SIA,AC,202512,2001578,0206010010,97.0,8415.72
SIA,AC,202512,2001527,0211020036,16.0,82.4
SIA,AC,202512,2000490,0211020036,193.0,993.95
SIA,AC,202512,6861849,0206030010,935.0,129619.05
SIA,AC,202512,6861849,0206020015,55.0,4771.25
SIA,AC,202512,5336171,0206030010,182.0,25230.66
SIA,AC,202512,5336171,0206020015,13.0,1127.75
SIA,AC,202512,2001578,0206030010,289.0,40064.07
SIA,AC,202512,2001586,0206020015,7.0,607.25
SIA,AC,202512,2001586,0206030010,13.0,1802.19
SIA,AC,202512,2001578,0206010044,81.0,7026.75
SIA,AC,202512,6861849,0206010044,174.0,15094.5
SIA,AC,202512,5336171,0206010044,26.0,2255.5
SIA,AC,202512,5336171,0206010060,7.0,682.08
SIA,AC,202512,2001578,0206020015,15.0,1301.25
SIA,AC,202512,2001586,0206010044,5.0,433.75
SIA,AC,202512,6861849,0206010079,1573.0,153273.12
SIA,AC,202512,6861849,0206030029,128.0,11104.0
SIA,AC,202512,6861849,0206020023,57.0,4944.75
SIA,AC,202512,2001578,0206010079,723.0,70449.12
SIA,AC,202512,2000512,0211020036,184.0,947.6
SIA,AC,202512,2001586,0206010079,15.0,1461.6
SIA,AC,202512,5336171,0206030029,26.0,2255.5
SIA,AC,202512,2001578,0206030029,43.0,3730.25
SIA,AC,202512,7168748,0211020036,73.0,375.95
SIA,AC,202512,2001578,0206020023,11.0,954.25
SIA,AC,202512,2001586,0206020023,5.0,433.75
SIA,AC,202512,2001586,0206030029,8.0,694.0
SIA,AC,202512,5336171,0206020023,4.0,347.0
SIA,AC,202512,2002566,0211020036,12.0,61.8
SIA,AC,202512,9966501,0211020036,39.0,200.85
SIA,AC,202512,5858208,0211020036,16.0,82.4
SIA,AC,202512,2001586,0206010028,2.0,202.2
SIA,AC,202512,6861849,0206010036,198.0,17178.48
SIA,AC,202512,5336171,0206010036,47.0,4077.72
SIA,AC,202512,2001578,0206010036,67.0,5812.92
SIA,AC,202512,2000024,0211020036,14.0,72.1
SIA,AC,202512,6861849,0206010060,3.0,292.32
SIA,AC,202512,2001586,0206010010,1.0,86.76
SIA,AC,202512,2000725,0211020036,62.0,319.3
SIA,AC,202512,2001020,0211020036,90.0,463.5
SIA,AC,202512,7232489,0211020036,115.0,592.25
SIA,AC,202512,2002078,0211020010,143.0,104395.72
SIA,AC,202512,2001586,0902010018,154.0,20020.0
SIA,AC,202512,2001586,0902010026,141.0,28200.0
SIA,AC,202512,2000075,0211020036,108.0,556.2
SIA,AC,202512,2001586,0211020060,104.0,3120.0
SIA,AC,202512,5336171,0211020060,60.0,1800.0
SIA,AC,202512,5981891,0211020036,130.0,669.5
SIA,AC,202512,2000202,0211020036,73.0,375.95
SIA,AL,202501,2007037,0208010025,72.0,29413.44
SIA,AL,202501,2007037,0206010010,17.0,1474.92
SIA,AL,202501,2007037,0206030029,1.0,86.75
SIA,AL,202501,2007037,0206020031,128.0,17460.48
SIA,AL,202501,2007037,0206030010,125.0,17328.75
SIA,AL,202501,2007037,0208010033,72.0,27581.04
SIA,AL,202501,0806285,0206010044,15.0,1301.25
SIA,AL,202501,2006197,0206020031,31.0,4228.71
SIA,AL,202501,2006197,0206010079,26.0,2533.44
SIA,AL,202501,2006197,0206030010,16.0,2218.08
SIA,AL,202501,2007037,0206010079,62.0,6041.28
SIA,AL,202501,2006197,0206010036,4.0,347.04
SIA,AL,202501,0806285,0206010079,59.0,5748.96
SIA,AL,202501,2007037,0206010052,30.0,2602.5
SIA,AL,202501,2007037,0206010028,52.0,5257.2
SIA,AL,202501,2006197,0206010052,10.0,867.5
SIA,AL,202501,2007037,0206030037,95.0,13169.85
SIA,AL,202501,2005727,0211020036,184.0,947.6
SIA,AL,202501,0806285,0206030010,61.0,8456.43
SIA,AL,202501,0806285,0206030037,64.0,8872.32
SIA,AL,202501,0806285,0206020015,4.0,347.0
SIA,AL,202501,2007037,0206020015,21.0,1821.75
SIA,AL,202501,0806285,0206020031,20.0,2728.2
SIA,AL,202501,2006197,0206030037,20.0,2772.6
SIA,AL,202501,2007037,0206010044,18.0,1561.5
SIA,AL,202501,2006197,0206010010,2.0,173.52
SIA,AL,202501,0806285,0206010010,9.0,780.84
SIA,AL,202501,2719290,0211020036,160.0,824.0
SIA,AL,202501,2722372,0211020036,41.0,211.15
SIA,AL,202501,2006197,0206010044,3.0,260.25
SIA,AL,202501,2006197,0206010060,1.0,97.44
SIA,AL,202501,2007037,0206010036,17.0,1474.92
SIA,AL,202501,2006197,0206010028,5.0,505.5
SIA,AL,202501,0806285,0206010028,18.0,1819.8
SIA,AL,202501,0806285,0206030029,1.0,86.75
SIA,AL,202501,2009544,0211020036,76.0,391.4
SIA,AL,202501,9804439,0211020036,22.0,113.3
SIA,AL,202501,2010151,0206010079,21.0,2046.24
SIA,AL,202501,7040989,0211020036,368.0,1895.2
SIA,AL,202501,2010151,0206030037,24.0,3327.12
SIA,AL,202501,2010151,0206030010,43.0,5961.09
SIA,AL,202501,3515842,0206020031,24.0,3273.84
SIA,AL,202501,3515842,0206030010,141.0,19546.83
SIA,AL,202501,3515842,0206010079,95.0,9256.8
SIA,AL,202501,2010151,0206010052,2.0,173.5
SIA,AL,202501,4394445,0206020031,13.0,1773.33
SIA,AL,202501,2010151,0206010010,12.0,1041.12
SIA,AL,202501,4394445,0206010028,31.0,3134.1
SIA,AL,202501,3515842,0206010028,52.0,5257.2
SIA,AL,202501,2010151,0206010044,5.0,433.75
SIA,AL,202501,2010151,0206020015,1.0,86.75
SIA,AL,202501,3515842,0206020015,10.0,867.5
SIA,AL,202501,3515842,0206010010,15.0,1301.4
SIA,AL,202501,4394445,0206010079,26.0,2533.44
SIA,AL,202501,3515842,0206030037,12.0,1663.56
SIA,AL,202501,3515842,0206030029,12.0,1041.0
SIA,AL,202501,7726996,0206030010,52.0,7208.76
SIA,AL,202501,2003333,0206010028,140.0,14154.0
SIA,AL,202501,2003333,0206010079,109.0,10620.96
SIA,AL,202501,7726996,0206010010,26.0,2255.76
SIA,AL,202501,2003333,0206030029,3.0,260.25
SIA,AL,202501,4020472,0211020036,12.0,61.8
SIA,AL,202501,7726996,0206020031,40.0,5456.4
SIA,AL,202501,7726996,0206010079,44.0,4287.36
SIA,AL,202501,2010151,0206020031,15.0,2046.15
SIA,AL,202501,2003333,0206010010,16.0,1388.16
SIA,AL,202501,7726996,0206030037,40.0,5545.2
SIA,AL,202501,4394445,0206010010,7.0,607.32
SIA,AL,202501,7726996,0206010036,15.0,1301.4
SIA,AL,202501,4394445,0206030010,2.0,277.26
SIA,AL,202501,7726996,0206030029,2.0,173.5
SIA,AL,202501,2003333,0206030037,2.0,277.26
SIA,AL,202501,7726996,0206010052,6.0,520.5
SIA,AL,202501,2007061,0211020036,35.0,180.25
SIA,AL,202501,2003333,0206010036,10.0,867.6
SIA,AL,202501,4394445,0206010044,6.0,520.5
SIA,AL,202501,7726996,0206010028,10.0,1011.0
SIA,AL,202501,2010151,0206010028,17.0,1718.7
SIA,AL,202501,2003333,0206030010,2.0,277.26
SIA,AL,202501,2003333,0206020031,2.0,272.82
SIA,AL,202501,7471645,0211020036,120.0,618.0
SIA,AL,202501,4394445,0206030037,5.0,693.15
SIA,AL,202501,7726996,0211020036,117.0,602.55
SIA,AL,202501,3515842,0206010036,8.0,694.08
SIA,AL,202501,4394445,0206020023,1.0,86.75
SIA,AL,202501,3515842,0206010044,4.0,347.0
SIA,AL,202501,4394445,0206010052,1.0,86.75
SIA,AL,202501,7042671,0206010079,271.0,26406.24
SIA,AL,202501,7042671,0206010028,187.0,18905.7
SIA,AL,202501,7042671,0206020031,162.0,22098.42
SIA,AL,202501,3015408,0206010079,518.0,50473.92
SIA,AL,202501,3015408,0206010044,215.0,18651.25
SIA,AL,202501,3015408,0206020031,221.0,30146.61
SIA,AL,202501,3015408,0206010028,138.0,13951.8
SIA,AL,202501,7042671,0206010010,125.0,10845.0
SIA,AL,202501,7042671,0206030037,270.0,37430.1
SIA,AL,202501,7042671,0206030010,14.0,1940.82
SIA,AL,202501,3015408,0206010010,89.0,7721.64
SIA,AL,202501,3954579,0211020036,42.0,216.3
SIA,AL,202501,7042671,0206010044,87.0,7547.25
SIA,AL,202501,7042671,0206010036,99.0,8589.24
SIA,AL,202501,7753470,0206030037,11.0,1524.93
SIA,AL,202501,3015408,0206020015,22.0,1908.5
SIA,AL,202501,7753470,0206010079,4.0,389.76
SIA,AL,202501,2010356,0211020036,436.0,2245.4
SIA,AL,202501,7042671,0206020015,5.0,433.75
SIA,AL,202501,2719363,0211020036,21.0,108.15
SIA,AL,202501,7753470,0206010044,2.0,173.5
SIA,AL,202501,3015408,0206030037,9.0,1247.67
SIA,AL,202501,3015408,0206030029,14.0,1214.5
SIA,AL,202501,7042671,0206010052,7.0,607.25
SIA,AL,202501,7042671,0206030029,20.0,1735.0
SIA,AL,202501,2006960,0206030037,14.0,1940.82
SIA,AL,202501,7112068,0211020036,33.0,169.95
SIA,AL,202501,4394445,0206010036,1.0,86.76
SIA,AL,202501,2006529,0211020036,166.0,854.9
SIA,AL,202501,2010151,0206010060,5.0,487.2
SIA,AL,202501,2010151,0211020036,179.0,921.85
SIA,AL,202501,2705729,0211020060,11.0,330.0
SIA,AL,202501,4020405,0211020036,50.0,257.5
SIA,AL,202501,2006510,0206030010,42.0,5822.46
SIA,AL,202501,2006510,0206020031,31.0,4228.71
SIA,AL,202501,2004968,0211020060,96.0,2880.0
SIA,AL,202501,2006510,0206010079,149.0,14518.56
SIA,AL,202501,2006510,0206010010,17.0,1474.92
SIA,AL,202501,2006510,0206010028,16.0,1617.6
SIA,AL,202501,2010151,0206030029,1.0,86.75
SIA,AL,202501,2006510,0206010044,43.0,3730.25
SIA,AL,202501,2006448,0206010028,15.0,1516.5
SIA,AL,202501,2006448,0206020031,2.0,272.82
SIA,AL,202501,2006510,0206010036,4.0,347.04
SIA,AL,202501,2006448,0206030029,1.0,86.75
SIA,AL,202501,7510233,0211020036,111.0,571.65
SIA,AL,202501,2003856,0211020036,6.0,30.9
SIA,AL,202501,2006448,0206030037,1.0,138.63
SIA,AL,202501,2006448,0206010079,3.0,292.32
SIA,AL,202501,2006510,0206030037,3.0,415.89
SIA,AL,202501,2006448,0206010044,1.0,86.75
SIA,AL,202501,2006448,0206010010,2.0,173.52
SIA,AL,202501,2005417,0206020031,107.0,14595.87
SIA,AL,202501,3990222,0206030037,16.0,2218.08
SIA,AL,202501,2005417,0211020036,226.0,1163.9
SIA,AL,202501,2005417,0206010036,13.0,1127.88
SIA,AL,202501,2005417,0208010025,43.0,17566.36
SIA,AL,202501,3990222,0206010036,7.0,607.32
SIA,AL,202501,7372116,0211020036,30.0,154.5
SIA,AL,202501,3990222,0206010079,40.0,3897.6
SIA,AL,202501,2005417,0206010079,46.0,4482.24
SIA,AL,202501,2005417,0206010028,88.0,8896.8
SIA,AL,202501,2005417,0206010052,9.0,780.75
SIA,AL,202501,2005417,0206030037,109.0,15110.67
SIA,AL,202501,2005417,0206020015,2.0,173.5
SIA,AL,202501,2005417,0206010044,9.0,780.75
SIA,AL,202501,2005417,0208010033,43.0,16472.01
SIA,AL,202501,3990222,0206020031,14.0,1909.74
SIA,AL,202501,2005417,0211020060,18.0,540.0
SIA,AL,202501,2005417,0206030010,93.0,12892.59
SIA,AL,202501,3990222,0206010028,59.0,5964.9
SIA,AL,202501,7481624,0211020036,7.0,36.05
SIA,AL,202501,9643567,0211020036,21.0,108.15
SIA,AL,202501,2006855,0208010033,6.0,2298.42
SIA,AL,202501,3990222,0206010010,13.0,1127.88
SIA,AL,202501,2005417,0206010010,24.0,2082.24
SIA,AL,202501,3990222,0206010044,6.0,520.5
SIA,AL,202501,3990222,0206030029,3.0,260.25
SIA,AL,202501,3990222,0206030010,20.0,2772.6
SIA,AL,202501,2006510,0211020036,90.0,463.5
SIA,AL,202501,4412710,0206010010,39.0,3383.64
SIA,AL,202501,0136581,0206010079,196.0,19098.24
SIA,AL,202501,0136581,0206020023,8.0,694.0
SIA,AL,202501,0136581,0206010010,39.0,3383.64
SIA,AL,202501,4412710,0208010033,14.0,5362.98
SIA,AL,202501,4412710,0206030029,11.0,954.25
SIA,AL,202501,4412710,0206030010,51.0,7070.13
SIA,AL,202501,4412710,0206010028,135.0,13648.5
SIA,AL,202501,6985173,0211020036,69.0,355.35
SIA,AL,202501,4412710,0206030037,45.0,6238.35
SIA,AL,202501,2006510,0206010052,1.0,86.75
SIA,AL,202501,4412710,0206010079,93.0,9061.92
SIA,AL,202501,4412710,0206010044,19.0,1648.25
SIA,AL,202501,6518052,0211020036,131.0,674.65
SIA,AL,202501,0136581,0206030010,74.0,10258.62
SIA,AL,202501,2720043,0211020036,313.0,1611.95
SIA,AL,202501,2005050,0211020036,166.0,854.9
SIA,AL,202501,2005050,0206010079,60.0,5846.4
SIA,AL,202501,0136581,0206020031,69.0,9412.29
SIA,AL,202501,0136581,0206030037,143.0,19824.09
SIA,AL,202501,4412710,0208010025,14.0,5719.28
SIA,AL,202501,4412710,0206010036,21.0,1821.96
SIA,AL,202501,2006855,0208010025,7.0,2859.64
SIA,AL,202501,2006197,0206030029,1.0,86.75
SIA,AL,202501,2005417,0206030029,2.0,173.5
SIA,AL,202501,7753470,0206010052,2.0,173.5
SIA,AL,202501,2007037,0211020036,248.0,1277.2
SIA,AL,202501,2005530,0211020036,163.0,839.45
SIA,AL,202501,7885075,0211020036,88.0,453.2
SIA,AL,202501,4463129,0211020036,95.0,489.25
SIA,AL,202501,2004607,0211020036,137.0,705.55
SIA,AL,202501,2876604,0211020036,41.0,211.15
SIA,AL,202501,2006960,0206010036,5.0,433.8
SIA,AL,202501,9923837,0206030010,52.0,7208.76
SIA,AL,202501,3397874,0206020031,73.0,9957.93
SIA,AL,202501,9923837,0206020031,26.0,3546.66
SIA,AL,202501,3397874,0206030010,46.0,6376.98
SIA,AL,202501,9923837,0206010079,63.0,6138.72
SIA,AL,202501,7120869,0206010079,23.0,2241.12
SIA,AL,202501,7120869,0206010028,65.0,6571.5
SIA,AL,202501,3397874,0206010028,25.0,2527.5
SIA,AL,202501,7120869,0206020031,12.0,1636.92
SIA,AL,202501,9923837,0206030037,46.0,6376.98
SIA,AL,202501,3397874,0206030037,33.0,4574.79
SIA,AL,202501,3397874,0206010010,6.0,520.56
SIA,AL,202501,2006960,0206020031,11.0,1500.51
SIA,AL,202501,7120869,0206010010,16.0,1388.16
SIA,AL,202501,9923837,0206010044,8.0,694.0
SIA,AL,202501,9923837,0206020015,2.0,173.5
SIA,AL,202501,3515842,0211020060,28.0,840.0
SIA,AL,202501,4156714,0211020036,304.0,1565.6
SIA,AL,202501,2006960,0206030010,13.0,1802.19
SIA,AL,202501,2006960,0206010028,16.0,1617.6
SIA,AL,202501,9923837,0206030029,7.0,607.25
SIA,AL,202501,3397874,0206010036,9.0,780.84
SIA,AL,202501,2006960,0206030029,8.0,694.0
SIA,AL,202501,9923837,0206010010,8.0,694.08
SIA,AL,202501,3397874,0211020060,34.0,1020.0
SIA,AL,202501,9923837,0206010028,18.0,1819.8
SIA,AL,202501,3397874,0206030029,5.0,433.75
SIA,AL,202501,3397874,0206020015,3.0,260.25
SIA,AL,202501,7120869,0206030037,7.0,970.41
SIA,AL,202501,3397874,0206010079,24.0,2338.56
SIA,AL,202501,2006960,0206010044,5.0,433.75
SIA,AL,202501,7120869,0206010044,3.0,260.25
SIA,AL,202501,9923837,0206010036,6.0,520.56
SIA,AL,202501,2006960,0206010010,12.0,1041.12
SIA,AL,202501,7120869,0206020015,4.0,347.0
SIA,AL,202501,9923837,0206020023,1.0,86.75
SIA,AL,202501,2007037,0206010095,188.0,396157.36
SIA,AL,202501,2006960,0206020015,5.0,433.75
SIA,AL,202501,2006960,0206010079,13.0,1266.72
SIA,AL,202501,2004380,0211020036,11.0,56.65
SIA,AL,202501,2006219,0206010095,116.0,244437.52
SIA,AL,202501,7120869,0206010036,6.0,520.56
SIA,AL,202501,7120869,0206030010,2.0,277.26
SIA,AL,202501,2007037,0211020010,54.0,39422.16
SIA,AL,202501,7120869,0206030029,3.0,260.25
SIA,AL,202501,3397874,0206010052,1.0,86.75
SIA,AL,202501,4412710,0206020031,42.0,5729.22
SIA,AL,202501,2005050,0206030010,42.0,5822.46
SIA,AL,202501,2719770,0211020036,251.0,1292.65
SIA,AL,202501,9146350,0211020036,129.0,664.35
SIA,AL,202501,0136581,0206030029,10.0,867.5
SIA,AL,202501,0136581,0206010028,85.0,8593.5
SIA,AL,202501,0136581,0206010052,14.0,1214.5
SIA,AL,202501,0793213,0211020036,9.0,46.35
SIA,AL,202501,2005050,0206020031,19.0,2591.79
SIA,AL,202501,3515842,0211020036,106.0,545.9
SIA,AL,202501,2007606,0211020036,109.0,2725.0
SIA,AL,202501,2006219,0208010025,2.0,817.04
SIA,AL,202501,4412710,0206010060,1.0,97.44
SIA,AL,202501,2009420,0211020036,34.0,175.1
SIA,AL,202501,3515842,0206010052,1.0,86.75
SIA,AL,202501,2005417,0211020010,40.0,29201.6
SIA,AL,202501,0136581,0206010044,14.0,1214.5
SIA,AL,202501,4412710,0211020060,179.0,5370.0
SIA,AL,202501,2005050,0206010028,1.0,101.1
SIA,AL,202501,2719347,0211020036,28.0,144.2
SIA,AL,202501,4412710,0206020015,4.0,347.0
SIA,AL,202501,2009250,0211020036,15.0,77.25
SIA,AL,202501,4043847,0211020036,307.0,1581.05
SIA,AL,202501,4156730,0211020036,381.0,1962.15
SIA,AL,202501,2009137,0211020036,14.0,72.1
SIA,AL,202501,0136581,0206020015,2.0,173.5
SIA,AL,202501,0990221,0211020036,227.0,1169.05
SIA,AL,202501,7753470,0206020031,1.0,136.41
SIA,AL,202501,2010151,0206010036,1.0,86.76
SIA,AL,202501,2876582,0211020036,24.0,123.6
SIA,AL,202501,2006219,0208010033,2.0,766.14
SIA,AL,202501,3990222,0206020023,1.0,86.75
SIA,AL,202501,3990222,0206010052,2.0,173.5
SIA,AL,202501,7753470,0206010036,1.0,86.76
SIA,AL,202501,7753470,0206010028,2.0,202.2
SIA,AL,202501,4412710,0211020036,272.0,1400.8
SIA,AL,202501,3990222,0206010060,1.0,97.44
SIA,AL,202501,7042671,0211020036,2.0,10.3
SIA,AL,202501,0806285,0211020036,176.0,906.4
SIA,AL,202501,6154549,0211020036,508.0,2616.2
SIA,AL,202501,4156722,0211020036,228.0,1174.2
SIA,AL,202501,0806285,0206010036,2.0,173.52
SIA,AL,202501,2722364,0211020036,14.0,72.1
SIA,AL,202501,9787925,0211020036,207.0,1066.05
SIA,AL,202501,2003910,0211020036,40.0,206.0
SIA,AL,202501,2721643,0211020036,18.0,92.7
SIA,AL,202501,6489699,0211020036,180.0,927.0
SIA,AL,202501,7641117,0211020036,80.0,412.0
SIA,AL,202501,0136581,0211020036,160.0,824.0
SIA,AL,202501,0136581,0206010036,1.0,86.76
SIA,AL,202501,2719762,0211020036,63.0,324.45
SIA,AL,202501,2010631,0211020036,0.0,0.0
SIA,AL,202501,9923837,0206010052,2.0,173.5
SIA,AL,202501,7996314,0211020036,236.0,1215.4
SIA,AL,202501,2004267,0211020036,355.0,1828.25
SIA,AL,202501,2722410,0211020036,316.0,1627.4
SIA,AL,202501,3397874,0206010044,3.0,260.25
SIA,AL,202501,9158251,0211020036,699.0,3599.85
SIA,AL,202501,2006448,0206030010,1.0,138.63
SIA,AL,202501,9158251,0211020060,90.0,2700.0
SIA,AL,202501,2721449,0211020036,12.0,61.8
SIA,AL,202501,2004968,0211020036,119.0,612.85
SIA,AL,202501,3008924,0211020036,172.0,885.8
SIA,AL,202501,2006510,0206020015,2.0,173.5
SIA,AL,202501,4412710,0206010052,2.0,173.5
SIA,AL,202501,9923837,0211020036,148.0,762.2
SIA,AL,202501,7753470,0206010010,1.0,86.76
SIA,AL,202501,3397874,0211020036,312.0,1606.8
SIA,AL,202501,4412710,0206020023,1.0,86.75
SIA,AL,202501,7753470,0211020036,338.0,1740.7
SIA,AL,202502,0806285,0206030010,190.0,26339.7
SIA,AL,202502,2005050,0206010079,67.0,6528.48
SIA,AL,202502,7120869,0206010028,62.0,6268.2
SIA,AL,202502,7120869,0206020031,12.0,1636.92
SIA,AL,202502,2005417,0206010028,89.0,8997.9
SIA,AL,202502,9923837,0206030010,137.0,18992.31
SIA,AL,202502,2719657,0211020036,42.0,216.3
SIA,AL,202502,3015408,0206010028,107.0,10817.7
SIA,AL,202502,2005417,0206020031,86.0,11731.26
SIA,AL,202502,7042671,0206010028,190.0,19209.0
SIA,AL,202502,2005050,0211020036,191.0,983.65
SIA,AL,202502,2004968,0211020060,73.0,2190.0
SIA,AL,202502,4412710,0206020031,123.0,16778.43
SIA,AL,202502,2007037,0208010033,67.0,25665.69
SIA,AL,202502,0136581,0206030010,37.0,5129.31
SIA,AL,202502,0806285,0206010028,129.0,13041.9
SIA,AL,202502,7042671,0206030037,231.0,32023.53
SIA,AL,202502,2006510,0206010028,5.0,505.5
SIA,AL,202502,9923837,0206010028,85.0,8593.5
SIA,AL,202502,2006197,0208010033,13.0,4979.91
SIA,AL,202502,2006510,0206030010,41.0,5683.83
SIA,AL,202502,4412710,0208010033,41.0,15705.87
SIA,AL,202502,2006219,0208010033,3.0,1149.21
SIA,AL,202502,2007037,0206020031,129.0,17596.89
SIA,AL,202502,0136581,0206010028,52.0,5257.2
SIA,AL,202502,3990222,0206030010,28.0,3881.64
SIA,AL,202502,3990222,0206010010,16.0,1388.16
SIA,AL,202502,2007037,0206020015,33.0,2862.75
SIA,AL,202502,2006197,0206020031,58.0,7911.78
SIA,AL,202502,2005417,0211020036,216.0,1112.4
SIA,AL,202502,3015408,0206010044,184.0,15962.0
SIA,AL,202502,3397874,0211020060,79.0,2370.0
SIA,AL,202502,7042671,0206010044,98.0,8501.5
SIA,AL,202502,7042671,0206010079,264.0,25724.16
SIA,AL,202502,2006510,0206010079,118.0,11497.92
SIA,AL,202502,3015408,0206010079,451.0,43945.44
SIA,AL,202502,2006510,0206010044,33.0,2862.75
SIA,AL,202502,0136581,0206010079,135.0,13154.4
SIA,AL,202502,0806285,0206010044,51.0,4424.25
SIA,AL,202502,3397874,0206030029,3.0,260.25
SIA,AL,202502,9923837,0206010079,160.0,15590.4
SIA,AL,202502,4394445,0206020031,11.0,1500.51
SIA,AL,202502,7726996,0206030037,8.0,1109.04
SIA,AL,202502,4412710,0206030010,258.0,35766.54
SIA,AL,202502,4412710,0206010028,348.0,35182.8
SIA,AL,202502,2006448,0206010028,19.0,1920.9
SIA,AL,202502,3397874,0206010079,26.0,2533.44
SIA,AL,202502,2003333,0206010028,225.0,22747.5
SIA,AL,202502,2007037,0206030010,95.0,13169.85
SIA,AL,202502,0136581,0206010044,11.0,954.25
SIA,AL,202502,2008793,0211020036,55.0,283.25
SIA,AL,202502,4412710,0206010036,55.0,4771.8
SIA,AL,202502,2007037,0206010028,76.0,7683.6
SIA,AL,202502,0806285,0206010079,261.0,25431.84
SIA,AL,202502,9923837,0206030037,131.0,18160.53
SIA,AL,202502,3397874,0206010044,2.0,173.5
SIA,AL,202502,9923837,0206010044,26.0,2255.5
SIA,AL,202502,2010151,0206010044,5.0,433.75
SIA,AL,202502,2006197,0206030010,64.0,8872.32
SIA,AL,202502,3397874,0206030010,34.0,4713.42
SIA,AL,202502,2005417,0211020060,34.0,1020.0
SIA,AL,202502,2010151,0206020031,15.0,2046.15
SIA,AL,202502,2003333,0206020031,2.0,272.82
SIA,AL,202502,2010151,0206030037,19.0,2633.97
SIA,AL,202502,3397874,0206010028,19.0,1920.9
SIA,AL,202502,4412710,0206020015,14.0,1214.5
SIA,AL,202502,2006197,0206010028,12.0,1213.2
SIA,AL,202502,7753470,0206010044,1.0,86.75
SIA,AL,202502,3015408,0206030029,16.0,1388.0
SIA,AL,202502,3954579,0211020036,56.0,288.4
SIA,AL,202502,2005417,0208010033,34.0,13024.38
SIA,AL,202502,4394445,0206010028,34.0,3437.4
SIA,AL,202502,7753470,0206010079,8.0,779.52
SIA,AL,202502,2006855,0208010033,7.0,2681.49
SIA,AL,202502,3990222,0206010044,5.0,433.75
SIA,AL,202502,0136581,0206020023,3.0,260.25
SIA,AL,202502,2005417,0206010010,26.0,2255.76
SIA,AL,202502,2006960,0206010036,8.0,694.08
SIA,AL,202502,2006960,0206030010,13.0,1802.19
SIA,AL,202502,4394445,0206010036,1.0,86.76
SIA,AL,202502,7042671,0206030029,18.0,1561.5
SIA,AL,202502,2006197,0206010036,10.0,867.6
SIA,AL,202502,3397874,0206030037,29.0,4020.27
SIA,AL,202502,7753470,0206030037,6.0,831.78
SIA,AL,202502,2007037,0206010036,10.0,867.6
SIA,AL,202502,9923837,0206030029,13.0,1127.75
SIA,AL,202502,2010151,0211020036,75.0,386.25
SIA,AL,202502,2006960,0206020031,21.0,2864.61
SIA,AL,202502,2003333,0206010036,10.0,867.6
SIA,AL,202502,2006448,0206020031,1.0,136.41
SIA,AL,202502,2003333,0206030010,3.0,415.89
SIA,AL,202502,7042671,0206030010,19.0,2633.97
SIA,AL,202502,0806285,0206020023,7.0,607.25
SIA,AL,202502,0806285,0206030029,10.0,867.5
SIA,AL,202502,2005050,0206020031,15.0,2046.15
SIA,AL,202502,2005417,0206010036,7.0,607.32
SIA,AL,202502,6566995,0211020036,32.0,164.8
SIA,AL,202502,2010151,0206020015,3.0,260.25
SIA,AL,202502,6489699,0211020036,180.0,927.0
SIA,AL,202502,2006960,0206010028,32.0,3235.2
SIA,AL,202502,4394445,0206010010,8.0,694.08
SIA,AL,202502,0136581,0206030029,7.0,607.25
SIA,AL,202502,7120869,0206010036,5.0,433.8
SIA,AL,202502,2006448,0206030010,1.0,138.63
SIA,AL,202502,2006448,0206010036,1.0,86.76
SIA,AL,202502,7120869,0206010010,8.0,694.08
SIA,AL,202502,2719290,0211020036,160.0,824.0
SIA,AL,202502,2006960,0206020015,3.0,260.25
SIA,AL,202502,2009420,0211020036,17.0,87.55
SIA,AL,202502,2011689,0211020036,149.0,767.35
SIA,AL,202502,2010151,0206010036,1.0,86.76
SIA,AL,202502,2006510,0211020036,31.0,159.65
SIA,AL,202502,2719576,0211020036,728.0,3749.2
SIA,AL,202502,4020154,0211020036,40.0,206.0
SIA,AL,202502,7996314,0211020036,209.0,1076.35
SIA,AL,202502,4412710,0206020023,2.0,173.5
SIA,AL,202502,3990222,0206010036,3.0,260.28
SIA,AL,202502,2010151,0206010028,23.0,2325.3
SIA,AL,202502,4412710,0206010079,452.0,44042.88
SIA,AL,202502,2003333,0206010079,112.0,10913.28
SIA,AL,202502,7726996,0206010010,10.0,867.6
SIA,AL,202502,6985173,0211020036,86.0,442.9
SIA,AL,202502,2010151,0206010060,12.0,1169.28
SIA,AL,202502,4412710,0206010052,9.0,780.75
SIA,AL,202502,2007037,0206010079,78.0,7600.32
SIA,AL,202502,7726996,0206010079,24.0,2338.56
SIA,AL,202502,2006960,0206010079,18.0,1753.92
SIA,AL,202502,2009137,0211020036,23.0,118.45
SIA,AL,202502,3990222,0206020031,30.0,4092.3
SIA,AL,202502,2006197,0206010079,29.0,2825.76
SIA,AL,202502,2007037,0206010052,49.0,4250.75
SIA,AL,202502,4412710,0206010060,2.0,194.88
SIA,AL,202502,7372116,0211020036,22.0,113.3
SIA,AL,202502,2006448,0206010079,4.0,389.76
SIA,AL,202502,7040989,0211020036,283.0,1457.45
SIA,AL,202502,3524175,0211020036,19.0,97.85
SIA,AL,202502,2006197,0206010052,14.0,1214.5
SIA,AL,202502,2719444,0211020036,11.0,56.65
SIA,AL,202502,2010631,0211020036,0.0,0.0
SIA,AL,202502,2004380,0211020036,17.0,87.55
SIA,AL,202502,0806285,0206030037,195.0,27032.85
SIA,AL,202502,0136581,0206030037,76.0,10535.88
SIA,AL,202502,2006197,0206010010,6.0,520.56
SIA,AL,202502,4412710,0206010010,107.0,9283.32
SIA,AL,202502,2007037,0206010010,21.0,1821.96
SIA,AL,202502,2006960,0206010010,19.0,1648.44
SIA,AL,202502,2006197,0211020060,35.0,1050.0
SIA,AL,202502,4412710,0206030029,18.0,1561.5
SIA,AL,202502,4412710,0211020060,418.0,12540.0
SIA,AL,202502,0806285,0206010036,21.0,1821.96
SIA,AL,202502,2005417,0206030029,7.0,607.25
SIA,AL,202502,2719363,0211020036,31.0,159.65
SIA,AL,202502,2003570,0211020036,13.0,66.95
SIA,AL,202502,3990222,0206010079,56.0,5456.64
SIA,AL,202502,3990222,0206030037,24.0,3327.12
SIA,AL,202502,3426793,0211020036,154.0,793.1
SIA,AL,202502,9146350,0211020036,212.0,1091.8
SIA,AL,202502,7042671,0206010036,81.0,7027.56
SIA,AL,202502,5283191,0205010016,34.0,5610.0
SIA,AL,202502,2719894,0211020036,3.0,15.45
SIA,AL,202502,2003333,0206030029,3.0,260.25
SIA,AL,202502,2006960,0206030029,8.0,694.0
SIA,AL,202502,2009242,0211020036,16.0,82.4
SIA,AL,202502,2003333,0206010010,15.0,1301.4
SIA,AL,202502,2006197,0206030029,2.0,173.5
SIA,AL,202502,0806285,0206010052,3.0,260.25
SIA,AL,202502,2005050,0206030010,60.0,8317.8
SIA,AL,202502,3015408,0206030037,11.0,1524.93
SIA,AL,202502,3397874,0206010036,4.0,347.04
SIA,AL,202502,2006448,0206010010,1.0,86.76
SIA,AL,202502,2007606,0211020036,114.0,2850.0
SIA,AL,202502,9923837,0206010036,19.0,1648.44
SIA,AL,202502,9158251,0211020060,79.0,2370.0
SIA,AL,202502,2007037,0206030029,2.0,173.5
SIA,AL,202502,7726996,0206010052,2.0,173.5
SIA,AL,202502,2006197,0206030037,53.0,7347.39
SIA,AL,202502,2006219,0208010025,3.0,1225.56
SIA,AL,202502,2005417,0208010025,34.0,13889.68
SIA,AL,202502,2005417,0206030010,84.0,11644.92
SIA,AL,202502,4394445,0206010079,19.0,1851.36
SIA,AL,202502,7120869,0206010079,25.0,2436.0
SIA,AL,202502,2010151,0206030010,39.0,5406.57
SIA,AL,202502,2006197,0206010044,6.0,520.5
SIA,AL,202502,2007037,0206010044,18.0,1561.5
SIA,AL,202502,4412710,0206030037,258.0,35766.54
SIA,AL,202502,7120869,0206030010,9.0,1247.67
SIA,AL,202502,3990222,0206020023,1.0,86.75
SIA,AL,202502,2007037,0208010025,67.0,27370.84
SIA,AL,202502,2007037,0206030037,150.0,20794.5
SIA,AL,202502,4412710,0208010025,67.0,27370.84
SIA,AL,202502,4412710,0206010044,61.0,5291.75
SIA,AL,202502,2006197,0208010025,9.0,3676.68
SIA,AL,202502,2010151,0206010079,24.0,2338.56
SIA,AL,202502,2006960,0206010044,7.0,607.25
SIA,AL,202502,2005417,0206010079,46.0,4482.24
SIA,AL,202502,6621333,0211020036,30.0,154.5
SIA,AL,202502,2010151,0206010010,12.0,1041.12
SIA,AL,202502,3990222,0206030029,7.0,607.25
SIA,AL,202502,2003333,0206030037,3.0,415.89
SIA,AL,202502,2006855,0208010025,7.0,2859.64
SIA,AL,202502,2719010,0211020036,65.0,334.75
SIA,AL,202502,7042671,0206010052,7.0,607.25
SIA,AL,202502,2006510,0206010036,1.0,86.76
SIA,AL,202502,2005417,0206010044,11.0,954.25
SIA,AL,202502,2006960,0206030037,10.0,1386.3
SIA,AL,202502,0806285,0206020031,96.0,13095.36
SIA,AL,202502,0806285,0206010010,51.0,4424.76
SIA,AL,202502,7042671,0206010010,106.0,9196.56
SIA,AL,202502,7042671,0206020031,139.0,18960.99
SIA,AL,202502,3015408,0206020031,205.0,27964.05
SIA,AL,202502,4394445,0206030010,6.0,831.78
SIA,AL,202502,9923837,0206010010,24.0,2082.24
SIA,AL,202502,9923837,0206020031,57.0,7775.37
SIA,AL,202502,3397874,0206020031,54.0,7366.14
SIA,AL,202502,2006510,0206020031,27.0,3683.07
SIA,AL,202502,3397874,0206010052,2.0,173.5
SIA,AL,202502,3015408,0206010010,73.0,6333.48
SIA,AL,202502,2005417,0206030037,98.0,13585.74
SIA,AL,202502,3990222,0206010028,90.0,9099.0
SIA,AL,202502,0806285,0206020015,5.0,433.75
SIA,AL,202502,2006510,0206010052,4.0,347.0
SIA,AL,202502,7726996,0206020031,16.0,2182.56
SIA,AL,202502,0136581,0206010010,18.0,1561.68
SIA,AL,202502,7120869,0206030037,6.0,831.78
SIA,AL,202502,2005417,0206010052,18.0,1561.5
SIA,AL,202502,0136581,0206020031,52.0,7093.32
SIA,AL,202502,3397874,0206010010,4.0,347.04
SIA,AL,202502,9923837,0206020015,5.0,433.75
SIA,AL,202502,7120869,0206010044,5.0,433.75
SIA,AL,202502,3015408,0206020015,21.0,1821.75
SIA,AL,202502,7726996,0211020036,116.0,597.4
SIA,AL,202502,2006510,0206010010,19.0,1648.44
SIA,AL,202502,7726996,0206030010,20.0,2772.6
SIA,AL,202502,7753470,0206020031,4.0,545.64
SIA,AL,202502,4394445,0206030037,7.0,970.41
SIA,AL,202502,7120869,0206010052,1.0,86.75
SIA,AL,202502,0806285,0206010060,1.0,97.44
SIA,AL,202502,2010151,0206020023,1.0,86.75
SIA,AL,202502,9643567,0211020036,105.0,540.75
SIA,AL,202502,9158251,0211020036,1023.0,5268.45
SIA,AL,202502,9056971,0211020036,478.0,2461.7
SIA,AL,202502,7911238,0211020036,530.0,2729.5
SIA,AL,202502,2006448,0211020036,124.0,638.6
SIA,AL,202502,2719347,0211020036,21.0,108.15
SIA,AL,202502,4463129,0211020036,73.0,375.95
SIA,AL,202502,2007061,0211020036,60.0,309.0
SIA,AL,202502,2719770,0211020036,431.0,2219.65
SIA,AL,202502,4394445,0206010044,1.0,86.75
SIA,AL,202502,9357688,0211020036,18.0,92.7
SIA,AL,202502,7753470,0206010028,1.0,101.1
SIA,AL,202502,0136581,0206020015,2.0,173.5
SIA,AL,202502,2007037,0211020036,206.0,1060.9
SIA,AL,202502,2005530,0211020036,168.0,865.2
SIA,AL,202502,7042671,0206020015,1.0,86.75
SIA,AL,202502,2006448,0206030037,1.0,138.63
SIA,AL,202502,7510233,0211020036,140.0,721.0
SIA,AL,202502,2722410,0211020036,466.0,2399.9
SIA,AL,202502,2005417,0211020010,51.0,37232.04
SIA,AL,202502,9923837,0206010060,1.0,97.44
SIA,AL,202502,7893361,0211020036,376.0,1936.4
SIA,AL,202502,4020383,0211020036,55.0,1375.0
SIA,AL,202502,9923837,0211020036,133.0,684.95
SIA,AL,202502,2006960,0206020023,1.0,86.75
SIA,AL,202502,4156730,0211020036,335.0,1725.25
SIA,AL,202502,4156722,0211020036,224.0,1153.6
SIA,AL,202502,9787925,0211020036,178.0,916.7
SIA,AL,202502,0902179,0211020036,343.0,1766.45
SIA,AL,202502,2719762,0211020036,161.0,829.15
SIA,AL,202502,4020510,0211020036,71.0,365.65
SIA,AL,202502,0806285,0211020036,228.0,1174.2
SIA,AL,202502,7753470,0211020036,288.0,1483.2
SIA,AL,202502,2006448,0206010044,1.0,86.75
SIA,AL,202502,0136581,0211020036,219.0,1127.85
SIA,AL,202502,2722364,0211020036,14.0,72.1
SIA,AL,202502,3397874,0211020036,368.0,1895.2
SIA,AL,202502,2011131,0211020036,15.0,77.25
SIA,AL,202502,0990221,0211020036,197.0,1014.55
SIA,AL,202502,0793213,0211020036,1.0,5.15
SIA,AL,202502,4156714,0211020036,212.0,1091.8
SIA,AL,202502,2720043,0211020036,313.0,1611.95
SIA,AL,202502,2876604,0211020036,129.0,664.35
SIA,AL,202502,2009250,0211020036,8.0,41.2
SIA,AL,202502,2721643,0211020036,22.0,113.3
SIA,AL,202502,7120869,0206020015,1.0,86.75
SIA,AL,202502,3990222,0206010060,1.0,97.44
SIA,AL,202502,7112068,0211020036,33.0,169.95
SIA,AL,202502,2005417,0206020015,1.0,86.75
SIA,AL,202502,2007037,0206010095,198.0,417229.56
SIA,AL,202502,2006219,0206010095,110.0,231794.2
SIA,AL,202502,2010151,0206010052,2.0,173.5
SIA,AL,202502,2007037,0211020010,58.0,42342.32
SIA,AL,202502,7120869,0206030029,5.0,433.75
SIA,AL,202502,2004267,0211020036,314.0,1617.1
SIA,AL,202502,9923837,0206010052,4.0,347.0
SIA,AL,202502,2722372,0211020036,30.0,154.5
SIA,AL,202502,0136581,0206010052,1.0,86.75
SIA,AL,202502,4394445,0206030029,1.0,86.75
SIA,AL,202502,2721449,0211020036,28.0,144.2
SIA,AL,202502,4020405,0211020036,43.0,221.45
SIA,AL,202502,2010356,0211020036,438.0,2255.7
SIA,AL,202502,7433905,0211020036,17.0,87.55
SIA,AL,202502,7481624,0211020036,1.0,5.15
SIA,AL,202502,7363176,0211020036,34.0,175.1
SIA,AL,202502,7471645,0211020036,96.0,494.4
SIA,AL,202502,2004607,0211020036,268.0,1380.2
SIA,AL,202502,2705729,0211020060,7.0,210.0
SIA,AL,202502,9948562,0211020036,43.0,221.45
SIA,AL,202502,2006529,0211020036,155.0,798.25
SIA,AL,202502,7212038,0211020036,53.0,272.95
SIA,AL,202502,2006510,0206020023,1.0,86.75
SIA,AL,202502,4043847,0211020036,315.0,1622.25
SIA,AL,202502,3008924,0211020036,407.0,2096.05
SIA,AL,202502,6518052,0211020036,176.0,906.4
SIA,AL,202502,9804439,0211020036,52.0,267.8
SIA,AL,202502,7641117,0211020036,47.0,242.05
SIA,AL,202502,2876582,0211020036,30.0,154.5
SIA,AL,202502,2005727,0211020036,201.0,1035.15
SIA,AL,202502,9896333,0211020036,359.0,1848.85
SIA,AL,202502,7885075,0211020036,76.0,391.4
SIA,AL,202503,0136581,0206010079,239.0,23288.16
SIA,AL,202503,0136581,0206010028,70.0,7077.0
SIA,AL,202503,0136581,0206030037,276.0,38261.88
SIA,AL,202503,0136581,0206020031,114.0,15550.74
SIA,AL,202503,0136581,0206030010,271.0,37568.73
SIA,AL,202503,3515842,0206010079,210.0,20462.4
SIA,AL,202503,3515842,0206010010,51.0,4424.76
SIA,AL,202503,3515842,0206020015,6.0,520.5
SIA,AL,202503,3515842,0206030010,272.0,37707.36
SIA,AL,202503,3515842,0206020031,73.0,9957.93
SIA,AL,202503,3515842,0206010028,170.0,17187.0
SIA,AL,202503,2006960,0206010079,29.0,2825.76
SIA,AL,202503,0136581,0206030029,16.0,1388.0
SIA,AL,202503,2005050,0211020036,158.0,813.7
SIA,AL,202503,2005050,0206010079,43.0,4189.92
SIA,AL,202503,2005050,0206030037,7.0,970.41
SIA,AL,202503,9357688,0211020036,23.0,118.45
SIA,AL,202503,2006960,0206010028,30.0,3033.0
SIA,AL,202503,2006960,0206020031,15.0,2046.15
SIA,AL,202503,2006960,0206010036,2.0,173.52
SIA,AL,202503,2005050,0206030010,32.0,4436.16
SIA,AL,202503,2006960,0206010044,4.0,347.0
SIA,AL,202503,7042671,0206030037,233.0,32300.79
SIA,AL,202503,7042671,0206010079,269.0,26211.36
SIA,AL,202503,0806285,0206030010,221.0,30637.23
SIA,AL,202503,7042671,0206020031,125.0,17051.25
SIA,AL,202503,7042671,0206010044,86.0,7460.5
SIA,AL,202503,7042671,0206020015,9.0,780.75
SIA,AL,202503,0806285,0206030037,231.0,32023.53
SIA,AL,202503,0806285,0206010079,280.0,27283.2
SIA,AL,202503,0806285,0206010028,158.0,15973.8
SIA,AL,202503,0136581,0206010036,12.0,1041.12
SIA,AL,202503,2005417,0206030010,67.0,9288.21
SIA,AL,202503,0806285,0206020031,110.0,15005.1
SIA,AL,202503,7042671,0206010010,86.0,7461.36
SIA,AL,202503,7042671,0206010028,138.0,13951.8
SIA,AL,202503,0806285,0206010036,21.0,1821.96
SIA,AL,202503,2005417,0206020031,82.0,11185.62
SIA,AL,202503,2005417,0206010079,47.0,4579.68
SIA,AL,202503,2005417,0206030037,68.0,9426.84
SIA,AL,202503,2006960,0206030029,11.0,954.25
SIA,AL,202503,2005417,0206010028,64.0,6470.4
SIA,AL,202503,2006960,0206030037,12.0,1663.56
SIA,AL,202503,2005417,0211020036,189.0,973.35
SIA,AL,202503,0806285,0206010044,61.0,5291.75
SIA,AL,202503,2005417,0206010036,4.0,347.04
SIA,AL,202503,2005417,0211020060,29.0,870.0
SIA,AL,202503,7042671,0206010036,56.0,4858.56
SIA,AL,202503,2005417,0208010025,28.0,11438.56
SIA,AL,202503,7042671,0206030010,7.0,970.41
SIA,AL,202503,0806285,0206010010,43.0,3730.68
SIA,AL,202503,3515842,0211020060,16.0,480.0
SIA,AL,202503,3515842,0211020036,485.0,2497.75
SIA,AL,202503,0806285,0206020023,5.0,433.75
SIA,AL,202503,2005417,0206010010,19.0,1648.44
SIA,AL,202503,5616298,0211020036,1.0,5.15
SIA,AL,202503,7042671,0211020036,6.0,30.9
SIA,AL,202503,0806285,0206030029,14.0,1214.5
SIA,AL,202503,2006960,0206010010,6.0,520.56
SIA,AL,202503,2005417,0208010033,28.0,10725.96
SIA,AL,202503,3515842,0206010036,15.0,1301.4
SIA,AL,202503,3515842,0206030037,39.0,5406.57
SIA,AL,202503,2005050,0206020031,6.0,818.46
SIA,AL,202503,0136581,0206010044,7.0,607.25
SIA,AL,202503,7042671,0206030029,15.0,1301.25
SIA,AL,202503,2006960,0206030010,16.0,2218.08
SIA,AL,202503,0806285,0206010060,2.0,194.88
SIA,AL,202503,2006960,0206020015,8.0,694.0
SIA,AL,202503,2005417,0206010044,9.0,780.75
SIA,AL,202503,3515842,0206010044,11.0,954.25
SIA,AL,202503,3515842,0206030029,19.0,1648.25
SIA,AL,202503,0806285,0206020015,5.0,433.75
SIA,AL,202503,5446503,0211020036,40.0,206.0
SIA,AL,202503,3426793,0211020036,114.0,587.1
SIA,AL,202503,2005417,0206020015,5.0,433.75
SIA,AL,202503,0136581,0211020036,264.0,1359.6
SIA,AL,202503,2005050,0206010028,1.0,101.1
SIA,AL,202503,2005417,0206010052,7.0,607.25
SIA,AL,202503,0136581,0206010010,31.0,2689.56
SIA,AL,202503,0806285,0206010052,7.0,607.25
SIA,AL,202503,3515842,0206010052,1.0,86.75
SIA,AL,202503,9923837,0206030010,144.0,19962.72
SIA,AL,202503,9923837,0206030037,139.0,19269.57
SIA,AL,202503,9923837,0206010010,9.0,780.84
SIA,AL,202503,0136581,0206010052,9.0,780.75
SIA,AL,202503,9923837,0206010028,48.0,4852.8
SIA,AL,202503,9923837,0206010079,122.0,11887.68
SIA,AL,202503,2009250,0211020036,8.0,41.2
SIA,AL,202503,2005344,0211020036,118.0,607.7
SIA,AL,202503,9923837,0206020031,65.0,8866.65
SIA,AL,202503,9923837,0206010060,4.0,389.76
SIA,AL,202503,9923837,0206010044,12.0,1041.0
SIA,AL,202503,0136581,0206020023,6.0,520.5
SIA,AL,202503,9923837,0211020036,151.0,777.65
SIA,AL,202503,9923837,0206030029,9.0,780.75
SIA,AL,202503,9923837,0206010052,6.0,520.5
SIA,AL,202503,2006219,0208010033,2.0,766.14
SIA,AL,202503,2005417,0206030029,2.0,173.5
SIA,AL,202503,2003333,0206010010,19.0,1648.44
SIA,AL,202503,6985173,0211020036,86.0,442.9
SIA,AL,202503,2003333,0206010079,106.0,10328.64
SIA,AL,202503,3990222,0206010079,65.0,6333.6
SIA,AL,202503,2003333,0206010028,201.0,20321.1
SIA,AL,202503,3990222,0206010044,11.0,954.25
SIA,AL,202503,3990222,0206010028,65.0,6571.5
SIA,AL,202503,7753470,0206030037,8.0,1109.04
SIA,AL,202503,3990222,0206020031,28.0,3819.48
SIA,AL,202503,2003333,0206030010,3.0,415.89
SIA,AL,202503,2003570,0211020036,10.0,51.5
SIA,AL,202503,2003333,0206010036,8.0,694.08
SIA,AL,202503,3990222,0206030037,17.0,2356.71
SIA,AL,202503,2719371,0211020036,17.0,87.55
SIA,AL,202503,3990222,0206010036,12.0,1041.12
SIA,AL,202503,7753470,0206010010,2.0,173.52
SIA,AL,202503,3990222,0206030010,18.0,2495.34
SIA,AL,202503,3990222,0206020023,1.0,86.75
SIA,AL,202503,2006855,0208010025,8.0,3268.16
SIA,AL,202503,3990222,0206010010,18.0,1561.68
SIA,AL,202503,2006855,0208010033,9.0,3447.63
SIA,AL,202503,9923837,0206020015,2.0,173.5
SIA,AL,202503,7753470,0206010052,2.0,173.5
SIA,AL,202503,7120869,0206010010,20.0,1735.2
SIA,AL,202503,3397874,0206030010,41.0,5683.83
SIA,AL,202503,2006510,0206010079,162.0,15785.28
SIA,AL,202503,2006510,0206010044,39.0,3383.25
SIA,AL,202503,3397874,0211020060,62.0,1860.0
SIA,AL,202503,3397874,0206020031,72.0,9821.52
SIA,AL,202503,5074681,0211020036,35.0,180.25
SIA,AL,202503,3397874,0206010010,4.0,347.04
SIA,AL,202503,3397874,0206010036,3.0,260.28
SIA,AL,202503,2006510,0206030010,69.0,9565.47
SIA,AL,202503,3990222,0206010060,1.0,97.44
SIA,AL,202503,2003333,0206030029,5.0,433.75
SIA,AL,202503,7120869,0206010028,62.0,6268.2
SIA,AL,202503,2006510,0206020031,39.0,5319.99
SIA,AL,202503,3990222,0206010052,3.0,260.25
SIA,AL,202503,7120869,0206030037,11.0,1524.93
SIA,AL,202503,3397874,0206030037,29.0,4020.27
SIA,AL,202503,4300440,0211020036,45.0,231.75
SIA,AL,202503,2006510,0206010010,23.0,1995.48
SIA,AL,202503,3397874,0206010079,24.0,2338.56
SIA,AL,202503,7753470,0206010079,4.0,389.76
SIA,AL,202503,7120869,0206030010,10.0,1386.3
SIA,AL,202503,4412710,0206010010,63.0,5465.88
SIA,AL,202503,4412710,0206010079,228.0,22216.32
SIA,AL,202503,4412710,0206030010,198.0,27448.74
SIA,AL,202503,4412710,0206020031,74.0,10094.34
SIA,AL,202503,4412710,0208010033,44.0,16855.08
SIA,AL,202503,4412710,0206030037,175.0,24260.25
SIA,AL,202503,4412710,0206030029,24.0,2082.0
SIA,AL,202503,2009242,0211020036,35.0,180.25
SIA,AL,202503,4412710,0206010028,171.0,17288.1
SIA,AL,202503,2719770,0211020036,434.0,2235.1
SIA,AL,202503,3397874,0206030029,2.0,173.5
SIA,AL,202503,3015408,0206020031,232.0,31647.12
SIA,AL,202503,3015408,0206010079,516.0,50279.04
SIA,AL,202503,3397874,0206010028,16.0,1617.6
SIA,AL,202503,2007037,0208010025,63.0,25736.76
SIA,AL,202503,2007037,0206010028,80.0,8088.0
SIA,AL,202503,3015408,0206030037,11.0,1524.93
SIA,AL,202503,3015408,0206010044,248.0,21514.0
SIA,AL,202503,2010151,0206010060,13.0,1266.72
SIA,AL,202503,2010151,0206010079,25.0,2436.0
SIA,AL,202503,2010151,0206030037,22.0,3049.86
SIA,AL,202503,2010151,0206010028,25.0,2527.5
SIA,AL,202503,2010151,0206030010,22.0,3049.86
SIA,AL,202503,7120869,0206030029,3.0,260.25
SIA,AL,202503,3015408,0206010010,59.0,5118.84
SIA,AL,202503,3015408,0206010028,145.0,14659.5
SIA,AL,202503,2010151,0206010036,2.0,173.52
SIA,AL,202503,2010151,0211020036,150.0,772.5
SIA,AL,202503,4412710,0206020023,5.0,433.75
SIA,AL,202503,4412710,0206010044,31.0,2689.25
SIA,AL,202503,3015408,0206030029,22.0,1908.5
SIA,AL,202503,2007037,0206010079,47.0,4579.68
SIA,AL,202503,2006510,0206010028,6.0,606.6
SIA,AL,202503,2010151,0206010044,2.0,173.5
SIA,AL,202503,2007037,0208010033,63.0,24133.41
SIA,AL,202503,2007037,0206010010,31.0,2689.56
SIA,AL,202503,4412710,0206010036,15.0,1301.4
SIA,AL,202503,4412710,0211020036,7.0,36.05
SIA,AL,202503,4412710,0211020060,171.0,5130.0
SIA,AL,202503,2006448,0206030037,3.0,415.89
SIA,AL,202503,2006448,0206010079,8.0,779.52
SIA,AL,202503,4412710,0206020015,11.0,954.25
SIA,AL,202503,2007037,0206020031,139.0,18960.99
SIA,AL,202503,2006448,0206010028,28.0,2830.8
SIA,AL,202503,2007037,0206010052,24.0,2082.0
SIA,AL,202503,7120869,0206010079,27.0,2630.88
SIA,AL,202503,2010151,0206010052,3.0,260.25
SIA,AL,202503,4156714,0211020036,312.0,1606.8
SIA,AL,202503,2004607,0211020036,281.0,1447.15
SIA,AL,202503,7120869,0206020031,18.0,2455.38
SIA,AL,202503,2007037,0206020015,23.0,1995.25
SIA,AL,202503,2007037,0206030010,113.0,15665.19
SIA,AL,202503,2007037,0206030037,98.0,13585.74
SIA,AL,202503,2006448,0206010036,3.0,260.28
SIA,AL,202503,2007037,0206010044,38.0,3296.5
SIA,AL,202503,2008793,0211020036,39.0,200.85
SIA,AL,202503,4412710,0208010025,43.0,17566.36
SIA,AL,202503,7481624,0211020036,1.0,5.15
SIA,AL,202503,7372116,0211020036,22.0,113.3
SIA,AL,202503,7040989,0211020036,274.0,1411.1
SIA,AL,202503,0806285,0211020036,394.0,2029.1
SIA,AL,202503,3954579,0211020036,84.0,432.6
SIA,AL,202503,9146350,0211020036,218.0,1122.7
SIA,AL,202503,2007037,0206010036,11.0,954.36
SIA,AL,202503,2007037,0211020036,194.0,999.1
SIA,AL,202503,9643567,0211020036,169.0,870.35
SIA,AL,202503,2006448,0206010010,8.0,694.08
SIA,AL,202503,2010151,0206020031,15.0,2046.15
SIA,AL,202503,2010151,0206010010,11.0,954.36
SIA,AL,202503,0793213,0211020036,15.0,77.25
SIA,AL,202503,7120869,0206020015,2.0,173.5
SIA,AL,202503,2705729,0211020060,13.0,390.0
SIA,AL,202503,2006197,0211020060,70.0,2100.0
SIA,AL,202503,2006197,0211020036,512.0,2636.8
SIA,AL,202503,2006197,0206030037,97.0,13447.11
SIA,AL,202503,2006197,0208010033,13.0,4979.91
SIA,AL,202503,4394445,0206010079,27.0,2630.88
SIA,AL,202503,4394445,0206010010,11.0,954.36
SIA,AL,202503,2006197,0206020031,85.0,11594.85
SIA,AL,202503,2006197,0206010036,10.0,867.6
SIA,AL,202503,2719657,0211020036,30.0,154.5
SIA,AL,202503,4394445,0206010028,22.0,2224.2
SIA,AL,202503,2006197,0206030010,97.0,13447.11
SIA,AL,202503,2006197,0206010010,8.0,694.08
SIA,AL,202503,2006197,0206010079,84.0,8184.96
SIA,AL,202503,2010631,0211020036,0.0,0.0
SIA,AL,202503,2006197,0206010028,55.0,5560.5
SIA,AL,202503,2006197,0206010052,18.0,1561.5
SIA,AL,202503,2007037,0206030029,2.0,173.5
SIA,AL,202503,7042671,0206010052,3.0,260.25
SIA,AL,202503,9804439,0211020036,24.0,123.6
SIA,AL,202503,4020405,0211020036,41.0,211.15
SIA,AL,202503,2004968,0211020060,43.0,1290.0
SIA,AL,202503,7996314,0211020036,184.0,947.6
SIA,AL,202503,3524175,0211020036,33.0,169.95
SIA,AL,202503,2004968,0211020036,98.0,504.7
SIA,AL,202503,4394445,0206010044,4.0,347.0
SIA,AL,202503,4394445,0206020031,9.0,1227.69
SIA,AL,202503,7433905,0211020036,11.0,56.65
SIA,AL,202503,9923837,0206010036,6.0,520.56
SIA,AL,202503,2009137,0211020036,6.0,30.9
SIA,AL,202503,2006197,0206010060,3.0,292.32
SIA,AL,202503,2722364,0211020036,16.0,82.4
SIA,AL,202503,4412710,0206010060,1.0,97.44
SIA,AL,202503,2005727,0211020036,50.0,257.5
SIA,AL,202503,6154549,0211020036,1058.0,5448.7
SIA,AL,202503,4394445,0206030037,6.0,831.78
SIA,AL,202503,7510233,0211020036,151.0,777.65
SIA,AL,202503,7112068,0211020036,30.0,154.5
SIA,AL,202503,2721643,0211020036,22.0,113.3
SIA,AL,202503,4412710,0206010052,3.0,260.25
SIA,AL,202503,2010151,0206020023,1.0,86.75
SIA,AL,202503,0990221,0211020036,246.0,1266.9
SIA,AL,202503,2719479,0211020036,16.0,82.4
SIA,AL,202503,2006197,0206030029,12.0,1041.0
SIA,AL,202503,2006197,0208010025,9.0,3676.68
SIA,AL,202503,2004380,0211020036,10.0,51.5
SIA,AL,202503,2006197,0206010044,10.0,867.5
SIA,AL,202503,4394445,0206030010,5.0,693.15
SIA,AL,202503,4020383,0211020036,54.0,1350.0
SIA,AL,202503,2004267,0211020036,417.0,2147.55
SIA,AL,202503,4020154,0211020036,80.0,412.0
SIA,AL,202503,2719576,0211020036,373.0,1920.95
SIA,AL,202503,7363176,0211020036,10.0,51.5
SIA,AL,202503,2003910,0211020036,76.0,391.4
SIA,AL,202503,3990222,0206030029,5.0,433.75
SIA,AL,202503,7885075,0211020036,75.0,386.25
SIA,AL,202503,2003333,0206030037,1.0,138.63
SIA,AL,202503,2007037,0211020010,54.0,39422.16
SIA,AL,202503,9948562,0211020036,29.0,149.35
SIA,AL,202503,2007606,0211020036,106.0,2650.0
SIA,AL,202503,2006219,0206010095,66.0,139076.52
SIA,AL,202503,2007037,0206010095,133.0,280260.26
SIA,AL,202503,6518052,0211020036,129.0,664.35
SIA,AL,202503,2005417,0211020010,29.0,21171.16
SIA,AL,202503,9158251,0211020036,952.0,4902.8
SIA,AL,202503,9158251,0211020060,111.0,3330.0
SIA,AL,202503,2007061,0211020036,61.0,314.15
SIA,AL,202503,3397874,0211020036,311.0,1601.65
SIA,AL,202503,0902179,0211020036,392.0,2018.8
SIA,AL,202503,2006197,0206020015,1.0,86.75
SIA,AL,202503,3397874,0206010052,1.0,86.75
SIA,AL,202503,4394445,0206020023,1.0,86.75
SIA,AL,202503,2006510,0211020036,68.0,350.2
SIA,AL,202503,2006510,0206030037,3.0,415.89
SIA,AL,202503,4394445,0206010052,1.0,86.75
SIA,AL,202503,2719347,0211020036,21.0,108.15
SIA,AL,202503,7753470,0211020036,119.0,612.85
SIA,AL,202503,2009420,0211020036,51.0,262.65
SIA,AL,202503,6489699,0211020036,180.0,927.0
SIA,AL,202503,7753470,0206010044,2.0,173.5
SIA,AL,202503,7753470,0206020031,1.0,136.41
SIA,AL,202503,7641117,0211020036,67.0,345.05
SIA,AL,202503,2007037,0206010060,1.0,97.44
SIA,AL,202503,2876604,0211020036,54.0,278.1
SIA,AL,202503,2006448,0211020036,60.0,309.0
SIA,AL,202503,3015408,0206020015,14.0,1214.5
SIA,AL,202503,7753470,0206010028,1.0,101.1
SIA,AL,202503,2006448,0206030010,1.0,138.63
SIA,AL,202503,2006448,0206020031,1.0,136.41
SIA,AL,202503,9787925,0211020036,288.0,1483.2
SIA,AL,202503,2006529,0211020036,193.0,993.95
SIA,AL,202503,2006219,0208010025,2.0,817.04
SIA,AL,202503,4156722,0211020036,244.0,1256.6
SIA,AL,202503,3990222,0206020015,1.0,86.75
SIA,AL,202503,7893361,0211020036,303.0,1560.45
SIA,AL,202503,2010356,0211020036,438.0,2255.7
SIA,AL,202503,4156730,0211020036,336.0,1730.4
SIA,AL,202503,7120869,0206010036,10.0,867.6
SIA,AL,202503,7120869,0206010052,1.0,86.75
SIA,AL,202503,9056971,0211020036,524.0,2698.6
SIA,AL,202503,4020510,0211020036,72.0,370.8
SIA,AL,202503,3008924,0211020036,751.0,3867.65
SIA,AL,202503,7212038,0211020036,9.0,46.35
SIA,AL,202503,7120869,0206010044,4.0,347.0
SIA,AL,202503,7726996,0211020036,117.0,602.55
SIA,AL,202503,2011689,0211020036,150.0,772.5
SIA,AL,202503,2722410,0211020036,415.0,2137.25
SIA,AL,202503,2010151,0206030029,2.0,173.5
SIA,AL,202503,7120869,0206020023,1.0,86.75
SIA,AL,202503,2006448,0206010044,1.0,86.75
SIA,AL,202503,9831452,0211020036,14.0,72.1
SIA,AL,202503,3397874,0206010044,2.0,173.5
SIA,AL,202503,2006510,0206010052,1.0,86.75
SIA,AL,202503,2719444,0211020036,11.0,56.65
SIA,AL,202503,2722372,0211020036,43.0,221.45
SIA,AL,202503,2719363,0211020036,30.0,154.5
SIA,AL,202503,6566995,0211020036,13.0,66.95
SIA,AL,202504,7040989,0211020036,275.0,1416.25
SIA,AL,202504,2007037,0206010079,69.0,6723.36
SIA,AL,202504,2006197,0206010079,59.0,5748.96
SIA,AL,202504,2003333,0206010079,93.0,9061.92
SIA,AL,202504,3015408,0206010010,62.0,5379.12
SIA,AL,202504,2006510,0206010010,23.0,1995.48
SIA,AL,202504,0806285,0206010044,45.0,3903.75
SIA,AL,202504,7042671,0206010044,83.0,7200.25
SIA,AL,202504,3515842,0206010079,68.0,6625.92
SIA,AL,202504,4412710,0206010079,169.0,16467.36
SIA,AL,202504,3524175,0211020036,44.0,226.6
SIA,AL,202504,3015408,0206030029,16.0,1388.0
SIA,AL,202504,3015408,0206010044,230.0,19952.5
SIA,AL,202504,3397874,0211020060,52.0,1560.0
SIA,AL,202504,5074681,0211020036,40.0,206.0
SIA,AL,202504,7753470,0206010044,2.0,173.5
SIA,AL,202504,4394445,0206010010,8.0,694.08
SIA,AL,202504,2005417,0208010025,33.0,13481.16
SIA,AL,202504,2003333,0206010036,8.0,694.08
SIA,AL,202504,9923837,0206010044,18.0,1561.5
SIA,AL,202504,2006510,0206010044,47.0,4077.25
SIA,AL,202504,7042671,0206030029,32.0,2776.0
SIA,AL,202504,9923837,0206030029,6.0,520.5
SIA,AL,202504,0806285,0206010010,44.0,3817.44
SIA,AL,202504,3515842,0206010028,81.0,8189.1
SIA,AL,202504,2005417,0206030010,88.0,12199.44
SIA,AL,202504,3397874,0206010010,17.0,1474.92
SIA,AL,202504,4394445,0206010044,3.0,260.25
SIA,AL,202504,0136581,0206030029,10.0,867.5
SIA,AL,202504,7042671,0206010010,74.0,6420.24
SIA,AL,202504,2719371,0211020036,20.0,103.0
SIA,AL,202504,2719770,0211020036,495.0,2549.25
SIA,AL,202504,3990222,0206010044,13.0,1127.75
SIA,AL,202504,4020405,0211020036,29.0,149.35
SIA,AL,202504,3990222,0206010028,93.0,9402.3
SIA,AL,202504,3990222,0206030037,17.0,2356.71
SIA,AL,202504,9923837,0206010010,13.0,1127.88
SIA,AL,202504,2005417,0206010010,26.0,2255.76
SIA,AL,202504,2010151,0206030029,4.0,347.0
SIA,AL,202504,2003333,0206030029,2.0,173.5
SIA,AL,202504,2007037,0206010036,11.0,954.36
SIA,AL,202504,7120869,0206030010,15.0,2079.45
SIA,AL,202504,4412710,0206030029,19.0,1648.25
SIA,AL,202504,6518052,0211020036,218.0,1122.7
SIA,AL,202504,3515842,0206030037,16.0,2218.08
SIA,AL,202504,0136581,0206010044,9.0,780.75
SIA,AL,202504,4412710,0206010036,10.0,867.6
SIA,AL,202504,2006960,0206030029,22.0,1908.5
SIA,AL,202504,2010151,0206010044,4.0,347.0
SIA,AL,202504,2006960,0206010036,5.0,433.8
SIA,AL,202504,2003570,0211020036,6.0,30.9
SIA,AL,202504,9643567,0211020036,192.0,988.8
SIA,AL,202504,4394445,0206030010,4.0,554.52
SIA,AL,202504,7112068,0211020036,30.0,154.5
SIA,AL,202504,2006197,0206030029,4.0,347.0
SIA,AL,202504,7641117,0211020036,84.0,432.6
SIA,AL,202504,2005050,0206030010,18.0,2495.34
SIA,AL,202504,2005050,0211020036,128.0,659.2
SIA,AL,202504,2006197,0206010036,3.0,260.28
SIA,AL,202504,9923837,0206010052,9.0,780.75
SIA,AL,202504,7893361,0211020036,300.0,1545.0
SIA,AL,202504,3990222,0206010052,5.0,433.75
SIA,AL,202504,0806285,0206030029,17.0,1474.75
SIA,AL,202504,7120869,0206010044,4.0,347.0
SIA,AL,202504,7042671,0206020031,106.0,14459.46
SIA,AL,202504,7042671,0206030037,238.0,32993.94
SIA,AL,202504,2003333,0206010028,186.0,18804.6
SIA,AL,202504,3015408,0206020031,224.0,30555.84
SIA,AL,202504,9923837,0206020031,52.0,7093.32
SIA,AL,202504,2010151,0206020031,17.0,2318.97
SIA,AL,202504,7042671,0206010036,45.0,3904.2
SIA,AL,202504,3397874,0206030037,52.0,7208.76
SIA,AL,202504,2005417,0206030037,94.0,13031.22
SIA,AL,202504,4412710,0206010028,139.0,14052.9
SIA,AL,202504,7120869,0206030037,18.0,2495.34
SIA,AL,202504,2006510,0206020031,40.0,5456.4
SIA,AL,202504,2005050,0206030037,12.0,1663.56
SIA,AL,202504,2006197,0206010028,46.0,4650.6
SIA,AL,202504,2719363,0211020036,50.0,257.5
SIA,AL,202504,2007037,0206010028,80.0,8088.0
SIA,AL,202504,2007037,0206020015,20.0,1735.0
SIA,AL,202504,2006960,0206020015,10.0,867.5
SIA,AL,202504,2006960,0206010028,30.0,3033.0
SIA,AL,202504,0136581,0206020031,65.0,8866.65
SIA,AL,202504,0806285,0206020031,89.0,12140.49
SIA,AL,202504,3397874,0206020031,63.0,8593.83
SIA,AL,202504,0806285,0206010036,15.0,1301.4
SIA,AL,202504,4369297,0211020036,160.0,824.0
SIA,AL,202504,3515842,0206030010,136.0,18853.68
SIA,AL,202504,3515842,0206020031,21.0,2864.61
SIA,AL,202504,4020383,0211020036,53.0,1325.0
SIA,AL,202504,2705729,0211020060,11.0,330.0
SIA,AL,202504,3015408,0206030037,15.0,2079.45
SIA,AL,202504,2005050,0206010079,18.0,1753.92
SIA,AL,202504,0136581,0206030037,150.0,20794.5
SIA,AL,202504,0806285,0206030037,248.0,34380.24
SIA,AL,202504,4394445,0206030037,7.0,970.41
SIA,AL,202504,9923837,0206030037,93.0,12892.59
SIA,AL,202504,3397874,0206010036,13.0,1127.88
SIA,AL,202504,9357688,0211020036,70.0,360.5
SIA,AL,202504,9804439,0211020036,40.0,206.0
SIA,AL,202504,3990222,0206030010,18.0,2495.34
SIA,AL,202504,0136581,0206010036,6.0,520.56
SIA,AL,202504,2010151,0206010028,21.0,2123.1
SIA,AL,202504,3397874,0206010052,3.0,260.25
SIA,AL,202504,7120869,0206010010,14.0,1214.64
SIA,AL,202504,0136581,0206020023,4.0,347.0
SIA,AL,202504,2006448,0206010028,14.0,1415.4
SIA,AL,202504,0136581,0206010010,20.0,1735.2
SIA,AL,202504,7753470,0206030037,9.0,1247.67
SIA,AL,202504,4412710,0206020015,6.0,520.5
SIA,AL,202504,2006448,0206010036,1.0,86.76
SIA,AL,202504,3426793,0211020036,85.0,437.75
SIA,AL,202504,2004607,0211020036,254.0,1308.1
SIA,AL,202504,2006510,0206030037,2.0,277.26
SIA,AL,202504,6566995,0211020036,85.0,437.75
SIA,AL,202504,7996314,0211020036,206.0,1060.9
SIA,AL,202504,2010151,0211020036,135.0,695.25
SIA,AL,202504,7753470,0206020031,4.0,545.64
SIA,AL,202504,2003910,0211020036,63.0,324.45
SIA,AL,202504,2722429,0211020036,250.0,1287.5
SIA,AL,202504,2719290,0211020036,157.0,808.55
SIA,AL,202504,4394445,0206020015,2.0,173.5
SIA,AL,202504,0806285,0206020023,1.0,86.75
SIA,AL,202504,7726996,0211020036,146.0,751.9
SIA,AL,202504,2006855,0208010033,11.0,4213.77
SIA,AL,202504,2006197,0206020031,107.0,14595.87
SIA,AL,202504,2005417,0206010028,91.0,9200.1
SIA,AL,202504,4412710,0206030037,103.0,14278.89
SIA,AL,202504,2006197,0208010025,7.0,2859.64
SIA,AL,202504,4394445,0206020031,11.0,1500.51
SIA,AL,202504,0806285,0206020015,3.0,260.25
SIA,AL,202504,2007037,0206020031,160.0,21825.6
SIA,AL,202504,2007037,0206030037,133.0,18437.79
SIA,AL,202504,3990222,0206010079,73.0,7113.12
SIA,AL,202504,2007037,0208010025,76.0,31047.52
SIA,AL,202504,7120869,0206010028,68.0,6874.8
SIA,AL,202504,3008924,0211020036,596.0,3069.4
SIA,AL,202504,2010151,0206020023,4.0,347.0
SIA,AL,202504,2005417,0208010033,33.0,12641.31
SIA,AL,202504,7120869,0206020031,13.0,1773.33
SIA,AL,202504,2005417,0206020031,93.0,12686.13
SIA,AL,202504,2010151,0206010010,7.0,607.32
SIA,AL,202504,2006197,0206030037,99.0,13724.37
SIA,AL,202504,4412710,0206020031,55.0,7502.55
SIA,AL,202504,9923837,0206010036,4.0,347.04
SIA,AL,202504,2010151,0206030037,15.0,2079.45
SIA,AL,202504,3990222,0206010010,26.0,2255.76
SIA,AL,202504,2006197,0211020060,59.0,1770.0
SIA,AL,202504,3515842,0206010010,20.0,1735.2
SIA,AL,202504,4394445,0206010028,24.0,2426.4
SIA,AL,202504,3515842,0206020015,3.0,260.25
SIA,AL,202504,7433905,0211020036,31.0,159.65
SIA,AL,202504,2006960,0206020031,17.0,2318.97
SIA,AL,202504,3015408,0206020015,16.0,1388.0
SIA,AL,202504,5616298,0206030037,1.0,138.63
SIA,AL,202504,3397874,0206020015,3.0,260.25
SIA,AL,202504,7097794,0211020036,364.0,1874.6
SIA,AL,202504,3515842,0211020036,483.0,2487.45
SIA,AL,202504,2006960,0206030037,12.0,1663.56
SIA,AL,202504,2009137,0211020036,52.0,267.8
SIA,AL,202504,7042671,0206020015,6.0,520.5
SIA,AL,202504,2010151,0206010060,1.0,97.44
SIA,AL,202504,2006219,0208010025,5.0,2042.6
SIA,AL,202504,2006855,0208010025,10.0,4085.2
SIA,AL,202504,0136581,0206020015,2.0,173.5
SIA,AL,202504,2005417,0211020010,42.0,30661.68
SIA,AL,202504,2007037,0206010095,158.0,332940.76
SIA,AL,202504,2007037,0211020010,82.0,59863.28
SIA,AL,202504,2006448,0206020031,6.0,818.46
SIA,AL,202504,2006197,0211020036,215.0,1107.25
SIA,AL,202504,4412710,0206030010,150.0,20794.5
SIA,AL,202504,2006510,0206030010,50.0,6931.5
SIA,AL,202504,2876604,0211020036,56.0,288.4
SIA,AL,202504,0136581,0206030010,157.0,21764.91
SIA,AL,202504,2007037,0206030010,122.0,16912.86
SIA,AL,202504,2006197,0206030010,101.0,14001.63
SIA,AL,202504,0806285,0206030010,236.0,32716.68
SIA,AL,202504,2005344,0211020036,83.0,427.45
SIA,AL,202504,3397874,0206010044,1.0,86.75
SIA,AL,202504,7042671,0206030010,25.0,3465.75
SIA,AL,202504,0136581,0206010052,8.0,694.0
SIA,AL,202504,2005417,0211020036,227.0,1169.05
SIA,AL,202504,7449003,0211020036,56.0,288.4
SIA,AL,202504,9923837,0206030010,98.0,13585.74
SIA,AL,202504,3397874,0206030010,49.0,6792.87
SIA,AL,202504,9923837,0211020036,135.0,695.25
SIA,AL,202504,2007037,0206010010,21.0,1821.96
SIA,AL,202504,2006448,0206010079,5.0,487.2
SIA,AL,202504,4412710,0206010010,41.0,3557.16
SIA,AL,202504,2006219,0206010095,106.0,223365.32
SIA,AL,202504,0793213,0211020036,10.0,51.5
SIA,AL,202504,7753470,0206010036,2.0,173.52
SIA,AL,202504,2006960,0206010052,4.0,347.0
SIA,AL,202504,0806285,0211020036,231.0,1189.65
SIA,AL,202504,0806285,0206010052,6.0,520.5
SIA,AL,202504,2009250,0211020036,15.0,77.25
SIA,AL,202504,7726996,0206010036,5.0,433.8
SIA,AL,202504,4156730,0211020036,342.0,1761.3
SIA,AL,202504,2005417,0206010052,20.0,1735.0
SIA,AL,202504,2006197,0206010052,23.0,1995.25
SIA,AL,202504,2005417,0211020060,31.0,930.0
SIA,AL,202504,2005417,0206010044,7.0,607.25
SIA,AL,202504,7120869,0206010079,20.0,1948.8
SIA,AL,202504,7753470,0211020036,140.0,721.0
SIA,AL,202504,4394445,0206010079,31.0,3020.64
SIA,AL,202504,9787925,0211020036,334.0,1720.1
SIA,AL,202504,2005417,0206010079,55.0,5359.2
SIA,AL,202504,2719657,0211020036,30.0,154.5
SIA,AL,202504,2004968,0211020060,55.0,1650.0
SIA,AL,202504,7372116,0211020036,11.0,56.65
SIA,AL,202504,7726996,0206010028,5.0,505.5
SIA,AL,202504,3515842,0206010044,7.0,607.25
SIA,AL,202504,3515842,0206030029,11.0,954.25
SIA,AL,202504,4412710,0206010052,5.0,433.75
SIA,AL,202504,4412710,0206010044,25.0,2168.75
SIA,AL,202504,2007037,0206010052,22.0,1908.5
SIA,AL,202504,2006960,0206010044,7.0,607.25
SIA,AL,202504,2006197,0206010010,12.0,1041.12
SIA,AL,202504,2006960,0206010079,6.0,584.64
SIA,AL,202504,2006510,0211020036,48.0,247.2
SIA,AL,202504,2006197,0206010044,13.0,1127.75
SIA,AL,202504,7726996,0206030037,9.0,1247.67
SIA,AL,202504,2006197,0206010060,1.0,97.44
SIA,AL,202504,7726996,0206010079,11.0,1071.84
SIA,AL,202504,2010151,0206030010,17.0,2356.71
SIA,AL,202504,2007037,0206010044,17.0,1474.75
SIA,AL,202504,2006960,0206010010,9.0,780.84
SIA,AL,202504,2005050,0206020031,4.0,545.64
SIA,AL,202504,7042671,0206010052,4.0,347.0
SIA,AL,202504,3990222,0206030029,6.0,520.5
SIA,AL,202504,2006448,0206010010,4.0,347.04
SIA,AL,202504,7726996,0206030010,16.0,2218.08
SIA,AL,202504,2006960,0206030010,25.0,3465.75
SIA,AL,202504,2721643,0211020036,22.0,113.3
SIA,AL,202504,0990221,0211020036,218.0,1122.7
SIA,AL,202504,2003333,0206010010,13.0,1127.88
SIA,AL,202504,0136581,0211020036,300.0,1545.0
SIA,AL,202504,2722364,0211020036,34.0,175.1
SIA,AL,202504,6489699,0211020036,180.0,927.0
SIA,AL,202504,0902179,0211020036,438.0,2255.7
SIA,AL,202504,4156714,0211020036,285.0,1467.75
SIA,AL,202504,2719894,0211020036,110.0,566.5
SIA,AL,202504,4156722,0211020036,265.0,1364.75
SIA,AL,202504,3397874,0211020036,335.0,1725.25
SIA,AL,202504,3397874,0206030029,2.0,173.5
SIA,AL,202504,2006448,0206010044,2.0,173.5
SIA,AL,202504,4394445,0206010052,1.0,86.75
SIA,AL,202504,2876582,0211020036,27.0,139.05
SIA,AL,202504,2004267,0211020036,315.0,1622.25
SIA,AL,202504,2010151,0206010036,3.0,260.28
SIA,AL,202504,7120869,0206010036,10.0,867.6
SIA,AL,202504,2006510,0206010079,132.0,12862.08
SIA,AL,202504,0806285,0206010028,125.0,12637.5
SIA,AL,202504,0806285,0206010079,270.0,26308.8
SIA,AL,202504,0136581,0206010079,166.0,16175.04
SIA,AL,202504,2006510,0206010028,13.0,1314.3
SIA,AL,202504,3397874,0206010028,49.0,4953.9
SIA,AL,202504,3015408,0206010079,555.0,54079.2
SIA,AL,202504,7042671,0206010079,279.0,27185.76
SIA,AL,202504,3990222,0206020031,24.0,3273.84
SIA,AL,202504,7042671,0206010028,138.0,13951.8
SIA,AL,202504,9923837,0206010028,25.0,2527.5
SIA,AL,202504,6985173,0211020036,86.0,442.9
SIA,AL,202504,2010151,0206010079,36.0,3507.84
SIA,AL,202504,0136581,0206010028,60.0,6066.0
SIA,AL,202504,9923837,0206010079,96.0,9354.24
SIA,AL,202504,2005417,0206010036,15.0,1301.4
SIA,AL,202504,3015408,0206010028,127.0,12839.7
SIA,AL,202504,2007037,0208010033,76.0,29113.32
SIA,AL,202504,2005417,0206030029,13.0,1127.75
SIA,AL,202504,3397874,0206010079,39.0,3800.16
SIA,AL,202504,7481624,0211020036,8.0,41.2
SIA,AL,202504,2003333,0206030010,2.0,277.26
SIA,AL,202504,3990222,0206010036,10.0,867.6
SIA,AL,202504,7726996,0206020031,8.0,1091.28
SIA,AL,202504,7753470,0206010028,1.0,101.1
SIA,AL,202504,2006448,0206030010,2.0,277.26
SIA,AL,202504,3515842,0206010052,1.0,86.75
SIA,AL,202504,2006219,0208010033,5.0,1915.35
SIA,AL,202504,2006448,0206010052,1.0,86.75
SIA,AL,202504,4412710,0206020023,3.0,260.25
SIA,AL,202504,7753470,0206010079,13.0,1266.72
SIA,AL,202504,2010151,0206010052,2.0,173.5
SIA,AL,202504,3515842,0206010036,8.0,694.08
SIA,AL,202504,2003333,0206030037,1.0,138.63
SIA,AL,202504,2006448,0206030037,2.0,277.26
SIA,AL,202504,2005530,0211020036,286.0,1472.9
SIA,AL,202504,4020510,0211020036,53.0,272.95
SIA,AL,202504,4412710,0211020036,159.0,818.85
SIA,AL,202504,2004704,0211020036,50.0,257.5
SIA,AL,202504,2007061,0211020036,61.0,314.15
SIA,AL,202504,2719576,0211020036,461.0,2374.15
SIA,AL,202504,9056971,0211020036,458.0,2358.7
SIA,AL,202504,2007037,0211020036,172.0,885.8
SIA,AL,202504,4879244,0211020036,522.0,2688.3
SIA,AL,202504,9948562,0211020036,50.0,257.5
SIA,AL,202504,9146350,0211020036,168.0,865.2
SIA,AL,202504,2004968,0211020036,140.0,721.0
SIA,AL,202504,7212038,0211020036,25.0,128.75
SIA,AL,202504,2719479,0211020036,16.0,82.4
SIA,AL,202504,2006197,0206020023,1.0,86.75
SIA,AL,202504,2006448,0211020036,79.0,406.85
SIA,AL,202504,2005727,0211020036,103.0,530.45
SIA,AL,202504,5616298,0206030010,1.0,138.63
SIA,AL,202504,4412710,0211020060,66.0,1980.0
SIA,AL,202504,9923837,0206020015,2.0,173.5
SIA,AL,202504,2003856,0211020036,38.0,195.7
SIA,AL,202504,9158251,0211020036,963.0,4959.45
SIA,AL,202504,2004380,0211020036,32.0,164.8
SIA,AL,202504,7885075,0211020036,77.0,396.55
SIA,AL,202504,2721449,0211020036,18.0,92.7
SIA,AL,202504,9158251,0211020060,81.0,2430.0
SIA,AL,202504,2009420,0211020036,49.0,252.35
SIA,AL,202504,2011131,0211020036,16.0,82.4
SIA,AL,202504,7726996,0206010010,7.0,607.32
SIA,AL,202504,2006510,0206010052,1.0,86.75
SIA,AL,202504,4020472,0211020036,55.0,283.25
SIA,AL,202504,9831452,0211020036,416.0,2142.4
SIA,AL,202504,2719762,0211020036,99.0,509.85
SIA,AL,202504,7510233,0211020036,168.0,865.2
SIA,AL,202504,2719444,0211020036,31.0,159.65
SIA,AL,202504,2005417,0206020015,1.0,86.75
SIA,AL,202504,7042671,0211020036,2.0,10.3
SIA,AL,202504,2722410,0211020036,855.0,4403.25
SIA,AL,202504,9587861,0211020036,264.0,1359.6
SIA,AL,202504,2009544,0211020036,37.0,190.55
SIA,AL,202504,2007037,0206010060,1.0,97.44
SIA,AL,202504,7753470,0206010010,2.0,173.52
SIA,AL,202504,2011689,0211020036,81.0,417.15
SIA,AL,202504,4020278,0211020036,81.0,417.15
SIA,AL,202504,6154549,0211020036,451.0,2322.65
SIA,AL,202504,2010631,0211020036,0.0,0.0
SIA,AL,202504,2010747,0211020036,70.0,360.5
SIA,AL,202504,2007606,0211020036,178.0,4450.0
SIA,AL,202505,2005417,0211020010,54.0,39422.16
SIA,AL,202505,2003333,0206010079,134.0,13056.96
SIA,AL,202505,2005417,0211020036,238.0,1225.7
SIA,AL,202505,0136581,0206030037,156.0,21626.28
SIA,AL,202505,0806285,0206030037,218.0,30221.34
SIA,AL,202505,7753470,0206010010,2.0,173.52
SIA,AL,202505,0793213,0211020036,31.0,159.65
SIA,AL,202505,7042671,0206020031,115.0,15687.15
SIA,AL,202505,0136581,0206020031,66.0,9003.06
SIA,AL,202505,0806285,0206020031,95.0,12958.95
SIA,AL,202505,9923837,0206020031,78.0,10639.98
SIA,AL,202505,2005050,0206030010,24.0,3327.12
SIA,AL,202505,2009242,0211020036,24.0,123.6
SIA,AL,202505,2005417,0206010052,12.0,1041.0
SIA,AL,202505,2006960,0206010079,12.0,1169.28
SIA,AL,202505,5074681,0211020036,25.0,128.75
SIA,AL,202505,4412710,0206010079,293.0,28549.92
SIA,AL,202505,3015408,0206020031,261.0,35603.01
SIA,AL,202505,3397874,0206020031,70.0,9548.7
SIA,AL,202505,2006197,0206010079,39.0,3800.16
SIA,AL,202505,3015408,0206010010,73.0,6333.48
SIA,AL,202505,2005050,0211020036,122.0,628.3
SIA,AL,202505,4394445,0206020031,23.0,3137.43
SIA,AL,202505,7753470,0206020031,5.0,682.05
SIA,AL,202505,7042671,0206030037,234.0,32439.42
SIA,AL,202505,0136581,0206010010,25.0,2169.0
SIA,AL,202505,3990222,0206020031,22.0,3001.02
SIA,AL,202505,3397874,0206030037,43.0,5961.09
SIA,AL,202505,9923837,0206030037,106.0,14694.78
SIA,AL,202505,2005344,0211020036,87.0,448.05
SIA,AL,202505,2006510,0206020031,20.0,2728.2
SIA,AL,202505,5616298,0206010079,159.0,15492.96
SIA,AL,202505,3990222,0206030037,21.0,2911.23
SIA,AL,202505,7120869,0206020031,24.0,3273.84
SIA,AL,202505,2005417,0206020031,93.0,12686.13
SIA,AL,202505,7641117,0211020036,81.0,417.15
SIA,AL,202505,2003856,0211020036,15.0,77.25
SIA,AL,202505,7996314,0211020036,250.0,1287.5
SIA,AL,202505,9643567,0211020036,131.0,674.65
SIA,AL,202505,2007037,0206010079,53.0,5164.32
SIA,AL,202505,5616298,0206010028,23.0,2325.3
SIA,AL,202505,2719770,0211020036,319.0,1642.85
SIA,AL,202505,7510233,0211020036,175.0,901.25
SIA,AL,202505,2005417,0208010025,37.0,15115.24
SIA,AL,202505,7042671,0206010010,70.0,6073.2
SIA,AL,202505,2006448,0206010079,3.0,292.32
SIA,AL,202505,6518052,0211020036,153.0,787.95
SIA,AL,202505,9923837,0206010010,22.0,1908.72
SIA,AL,202505,6985173,0211020036,86.0,442.9
SIA,AL,202505,2005417,0206030037,83.0,11506.29
SIA,AL,202505,2008793,0211020036,37.0,190.55
SIA,AL,202505,3015408,0206030037,14.0,1940.82
SIA,AL,202505,2009544,0211020036,63.0,324.45
SIA,AL,202505,3990222,0206010079,73.0,7113.12
SIA,AL,202505,2007037,0206010010,23.0,1995.48
SIA,AL,202505,5616298,0206030010,141.0,19546.83
SIA,AL,202505,2010151,0206020031,12.0,1636.92
SIA,AL,202505,4394445,0206010010,10.0,867.6
SIA,AL,202505,3397874,0206010010,11.0,954.36
SIA,AL,202505,9923837,0206010052,5.0,433.75
SIA,AL,202505,3426793,0211020036,142.0,731.3
SIA,AL,202505,2003333,0206010010,10.0,867.6
SIA,AL,202505,2005417,0206010010,31.0,2689.56
SIA,AL,202505,2005417,0206010079,66.0,6431.04
SIA,AL,202505,7120869,0206010079,28.0,2728.32
SIA,AL,202505,2010151,0206030010,11.0,1524.93
SIA,AL,202505,2010151,0211020036,1.0,5.15
SIA,AL,202505,4394445,0206010079,46.0,4482.24
SIA,AL,202505,0806285,0206010010,43.0,3730.68
SIA,AL,202505,4412710,0206010010,60.0,5205.6
SIA,AL,202505,2006510,0206010010,10.0,867.6
SIA,AL,202505,7120869,0206010010,51.0,4424.76
SIA,AL,202505,2006960,0206010010,14.0,1214.64
SIA,AL,202505,2010151,0206010028,8.0,808.8
SIA,AL,202505,0136581,0206010052,5.0,433.75
SIA,AL,202505,0806285,0206010052,4.0,347.0
SIA,AL,202505,7120869,0206030037,17.0,2356.71
SIA,AL,202505,2005050,0206010079,28.0,2728.32
SIA,AL,202505,2705729,0211020060,10.0,300.0
SIA,AL,202505,7042671,0206010052,10.0,867.5
SIA,AL,202505,2719444,0211020036,27.0,139.05
SIA,AL,202505,4394445,0206030037,12.0,1663.56
SIA,AL,202505,3015408,0206010044,256.0,22208.0
SIA,AL,202505,4412710,0206010028,206.0,20826.6
SIA,AL,202505,7042671,0211020036,200.0,1030.0
SIA,AL,202505,2006960,0206030037,15.0,2079.45
SIA,AL,202505,2007037,0206010036,13.0,1127.88
SIA,AL,202505,2004968,0211020060,98.0,2940.0
SIA,AL,202505,2005417,0206030010,80.0,11090.4
SIA,AL,202505,2006960,0206010028,27.0,2729.7
SIA,AL,202505,2007037,0208010033,88.0,33710.16
SIA,AL,202505,2006197,0211020036,155.0,798.25
SIA,AL,202505,2006448,0206010036,2.0,173.52
SIA,AL,202505,2006197,0206030037,105.0,14556.15
SIA,AL,202505,4412710,0206030037,177.0,24537.51
SIA,AL,202505,2010151,0206010079,15.0,1461.6
SIA,AL,202505,2006448,0206010010,5.0,433.8
SIA,AL,202505,5616298,0206020031,48.0,6547.68
SIA,AL,202505,2007037,0206010060,1.0,97.44
SIA,AL,202505,2006855,0208010033,11.0,4213.77
SIA,AL,202505,2005050,0206030037,24.0,3327.12
SIA,AL,202505,3015408,0206020015,16.0,1388.0
SIA,AL,202505,2007606,0211020036,119.0,2975.0
SIA,AL,202505,7112068,0211020036,30.0,154.5
SIA,AL,202505,0136581,0206010044,14.0,1214.5
SIA,AL,202505,2003333,0206010028,179.0,18096.9
SIA,AL,202505,4394445,0206030010,9.0,1247.67
SIA,AL,202505,2005417,0206010044,11.0,954.25
SIA,AL,202505,4394445,0206010044,9.0,780.75
SIA,AL,202505,7481624,0211020036,2.0,10.3
SIA,AL,202505,2006510,0206010044,28.0,2429.0
SIA,AL,202505,2006448,0206010028,22.0,2224.2
SIA,AL,202505,7120869,0206030010,15.0,2079.45
SIA,AL,202505,7753470,0206010052,1.0,86.75
SIA,AL,202505,7040989,0211020036,15.0,77.25
SIA,AL,202505,2007037,0211020010,71.0,51832.84
SIA,AL,202505,2005530,0211020036,457.0,2353.55
SIA,AL,202505,2006960,0206010036,6.0,520.56
SIA,AL,202505,2876604,0211020036,82.0,422.3
SIA,AL,202505,2006197,0206010010,4.0,347.04
SIA,AL,202505,2006197,0206010028,23.0,2325.3
SIA,AL,202505,9158251,0211020036,1353.0,6967.95
SIA,AL,202505,2007037,0206010028,92.0,9301.2
SIA,AL,202505,7042671,0206010044,69.0,5985.75
SIA,AL,202505,2004607,0211020036,229.0,1179.35
SIA,AL,202505,7120869,0206010044,5.0,433.75
SIA,AL,202505,9923837,0206010044,27.0,2342.25
SIA,AL,202505,9923837,0206020015,9.0,780.75
SIA,AL,202505,0806285,0206010044,60.0,5205.0
SIA,AL,202505,4412710,0206030029,52.0,4511.0
SIA,AL,202505,2006197,0211020060,95.0,2850.0
SIA,AL,202505,2006197,0208010025,9.0,3676.68
SIA,AL,202505,0806285,0206010036,20.0,1735.2
SIA,AL,202505,2009420,0211020036,47.0,242.05
SIA,AL,202505,2003333,0206030029,1.0,86.75
SIA,AL,202505,7042671,0206010036,54.0,4685.04
SIA,AL,202505,2005417,0211020060,25.0,750.0
SIA,AL,202505,3990222,0206010036,7.0,607.32
SIA,AL,202505,2007037,0208010025,88.0,35949.76
SIA,AL,202505,9923837,0206010036,11.0,954.36
SIA,AL,202505,3990222,0206010028,86.0,8694.6
SIA,AL,202505,7042671,0206020015,5.0,433.75
SIA,AL,202505,2006219,0208010025,2.0,817.04
SIA,AL,202505,3397874,0206010036,4.0,347.04
SIA,AL,202505,2722410,0211020036,519.0,2672.85
SIA,AL,202505,2719657,0211020036,28.0,144.2
SIA,AL,202505,2003333,0206010036,1.0,86.76
SIA,AL,202505,2007037,0206010095,154.0,324511.88
SIA,AL,202505,2719894,0211020036,110.0,566.5
SIA,AL,202505,4412710,0211020060,194.0,5820.0
SIA,AL,202505,2007037,0206030037,110.0,15249.3
SIA,AL,202505,0136581,0206010036,11.0,954.36
SIA,AL,202505,2006855,0208010025,12.0,4902.24
SIA,AL,202505,3990222,0206030029,6.0,520.5
SIA,AL,202505,6489699,0211020036,180.0,927.0
SIA,AL,202505,2006197,0206030029,1.0,86.75
SIA,AL,202505,2007037,0211020036,208.0,1071.2
SIA,AL,202505,0806285,0206020015,3.0,260.25
SIA,AL,202505,2006510,0206020015,3.0,260.25
SIA,AL,202505,9056971,0211020036,1011.0,5206.65
SIA,AL,202505,2004267,0211020036,357.0,1838.55
SIA,AL,202505,2719576,0211020036,433.0,2229.95
SIA,AL,202505,2719290,0211020036,160.0,824.0
SIA,AL,202505,2005050,0206020031,3.0,409.23
SIA,AL,202505,3990222,0206010010,16.0,1388.16
SIA,AL,202505,4412710,0206010036,24.0,2082.24
SIA,AL,202505,2876582,0211020036,78.0,401.7
SIA,AL,202505,9158251,0211020060,99.0,2970.0
SIA,AL,202505,2010151,0206010044,1.0,86.75
SIA,AL,202505,7262132,0211020036,2.0,10.3
SIA,AL,202505,4020510,0211020036,58.0,298.7
SIA,AL,202505,3015408,0206010079,568.0,55345.92
SIA,AL,202505,2006510,0206030010,38.0,5267.94
SIA,AL,202505,3397874,0206010079,35.0,3410.4
SIA,AL,202505,3397874,0206010028,26.0,2628.6
SIA,AL,202505,0136581,0206030010,153.0,21210.39
SIA,AL,202505,2005417,0206010036,8.0,694.08
SIA,AL,202505,0806285,0206010028,146.0,14760.6
SIA,AL,202505,0806285,0206010079,307.0,29914.08
SIA,AL,202505,0136581,0206010079,187.0,18221.28
SIA,AL,202505,7042671,0206030010,29.0,4020.27
SIA,AL,202505,9923837,0206010028,53.0,5358.3
SIA,AL,202505,2006197,0206020031,103.0,14050.23
SIA,AL,202505,3008924,0211020036,767.0,3950.05
SIA,AL,202505,3397874,0211020060,93.0,2790.0
SIA,AL,202505,2007037,0206020015,23.0,1995.25
SIA,AL,202505,4412710,0206020031,80.0,10912.8
SIA,AL,202505,9923837,0206030010,107.0,14833.41
SIA,AL,202505,9923837,0206010079,171.0,16662.24
SIA,AL,202505,3015408,0206010028,135.0,13648.5
SIA,AL,202505,7042671,0206010079,257.0,25042.08
SIA,AL,202505,0136581,0206010028,58.0,5863.8
SIA,AL,202505,2007037,0206020031,125.0,17051.25
SIA,AL,202505,0806285,0206030010,210.0,29112.3
SIA,AL,202505,2006960,0206020031,13.0,1773.33
SIA,AL,202505,4412710,0206010052,9.0,780.75
SIA,AL,202505,7042671,0206010028,139.0,14052.9
SIA,AL,202505,7372116,0211020036,23.0,118.45
SIA,AL,202505,2006510,0206010079,139.0,13544.16
SIA,AL,202505,2006197,0206010052,27.0,2342.25
SIA,AL,202505,3990222,0206010044,10.0,867.5
SIA,AL,202505,2007037,0206010052,23.0,1995.25
SIA,AL,202505,3397874,0206030010,47.0,6515.61
SIA,AL,202505,3524175,0211020036,44.0,226.6
SIA,AL,202505,4020472,0211020036,67.0,345.05
SIA,AL,202505,0806285,0206020023,4.0,347.0
SIA,AL,202505,7753470,0206010079,8.0,779.52
SIA,AL,202505,2005417,0206020015,3.0,260.25
SIA,AL,202505,7120869,0206010036,21.0,1821.96
SIA,AL,202505,4412710,0206020015,19.0,1648.25
SIA,AL,202505,2006510,0206010028,11.0,1112.1
SIA,AL,202505,2006960,0206020015,2.0,173.5
SIA,AL,202505,0136581,0206020023,6.0,520.5
SIA,AL,202505,2006960,0206030029,4.0,347.0
SIA,AL,202505,3397874,0206010044,2.0,173.5
SIA,AL,202505,2010151,0206010010,1.0,86.76
SIA,AL,202505,5616298,0206010010,9.0,780.84
SIA,AL,202505,4394445,0206010036,3.0,260.28
SIA,AL,202505,2003570,0211020036,2.0,10.3
SIA,AL,202505,2003333,0206020031,1.0,136.41
SIA,AL,202505,5616298,0206020023,1.0,86.75
SIA,AL,202505,5616298,0206010036,3.0,260.28
SIA,AL,202505,2719010,0211020036,90.0,463.5
SIA,AL,202505,7753470,0206010044,1.0,86.75
SIA,AL,202505,2006448,0206020031,2.0,272.82
SIA,AL,202505,5616298,0206020015,3.0,260.25
SIA,AL,202505,2007037,0206030029,1.0,86.75
SIA,AL,202505,2006960,0206010052,1.0,86.75
SIA,AL,202505,3990222,0206010052,3.0,260.25
SIA,AL,202505,2006510,0206010036,1.0,86.76
SIA,AL,202505,2006448,0206030029,1.0,86.75
SIA,AL,202505,9804439,0211020036,64.0,329.6
SIA,AL,202505,4020405,0211020036,21.0,108.15
SIA,AL,202505,2006219,0208010033,2.0,766.14
SIA,AL,202505,2006197,0206010036,7.0,607.32
SIA,AL,202505,7097794,0211020036,106.0,545.9
SIA,AL,202505,3515842,0211020036,386.0,1987.9
SIA,AL,202505,4412710,0206030010,212.0,29389.56
SIA,AL,202505,2006197,0206030010,105.0,14556.15
SIA,AL,202505,4394445,0206010028,46.0,4650.6
SIA,AL,202505,5616298,0206030037,147.0,20378.61
SIA,AL,202505,2005417,0206010028,118.0,11929.8
SIA,AL,202505,2005417,0208010033,37.0,14173.59
SIA,AL,202505,2010151,0206030037,9.0,1247.67
SIA,AL,202505,2006960,0206030010,17.0,2356.71
SIA,AL,202505,2007037,0206010044,18.0,1561.5
SIA,AL,202505,2007037,0206030010,76.0,10535.88
SIA,AL,202505,7120869,0206010028,133.0,13446.3
SIA,AL,202505,3990222,0206030010,25.0,3465.75
SIA,AL,202505,4412710,0206010044,36.0,3123.0
SIA,AL,202505,9923837,0206030029,7.0,607.25
SIA,AL,202505,7042671,0206030029,19.0,1648.25
SIA,AL,202505,7120869,0206030029,3.0,260.25
SIA,AL,202505,0806285,0206030029,13.0,1127.75
SIA,AL,202505,5616298,0206010052,1.0,86.75
SIA,AL,202505,2006960,0206010044,3.0,260.25
SIA,AL,202505,0136581,0206030029,14.0,1214.5
SIA,AL,202505,2006219,0206010095,93.0,195971.46
SIA,AL,202505,5616298,0206010044,7.0,607.25
SIA,AL,202505,0136581,0206020015,3.0,260.25
SIA,AL,202505,4020383,0211020036,54.0,1350.0
SIA,AL,202505,3015408,0206030029,12.0,1041.0
SIA,AL,202505,5446503,0211020036,75.0,386.25
SIA,AL,202505,3028984,0211020036,1.0,5.15
SIA,AL,202505,2010356,0211020036,492.0,2533.8
SIA,AL,202505,2005417,0206030029,9.0,780.75
SIA,AL,202505,2006197,0206010044,5.0,433.75
SIA,AL,202505,2006529,0211020036,422.0,2173.3
SIA,AL,202505,9948562,0211020036,39.0,200.85
SIA,AL,202505,2721449,0211020036,22.0,113.3
SIA,AL,202505,5616298,0206030029,1.0,86.75
SIA,AL,202505,7753470,0206030037,4.0,554.52
SIA,AL,202505,9923837,0206020023,2.0,173.5
SIA,AL,202505,7471645,0211020036,168.0,865.2
SIA,AL,202505,2004968,0211020036,120.0,618.0
SIA,AL,202505,2006510,0206030037,1.0,138.63
SIA,AL,202505,2006510,0206020023,1.0,86.75
SIA,AL,202505,2006510,0206010060,1.0,97.44
SIA,AL,202505,2006510,0206030029,2.0,173.5
SIA,AL,202505,2010747,0211020036,40.0,206.0
SIA,AL,202505,4412710,0206020023,1.0,86.75
SIA,AL,202505,6566995,0211020036,84.0,432.6
SIA,AL,202505,2719371,0211020036,19.0,97.85
SIA,AL,202505,4369297,0211020036,260.0,1339.0
SIA,AL,202505,4020278,0211020036,63.0,324.45
SIA,AL,202505,2010631,0211020036,0.0,0.0
SIA,AL,202505,4394445,0206030029,1.0,86.75
SIA,AL,202505,4412710,0211020036,578.0,2976.7
SIA,AL,202505,7911238,0211020036,1011.0,5206.65
SIA,AL,202505,3397874,0206030029,1.0,86.75
SIA,AL,202505,2006448,0211020036,66.0,339.9
SIA,AL,202505,7885075,0211020036,66.0,339.9
SIA,AL,202505,2010151,0206010052,1.0,86.75
SIA,AL,202505,2006448,0206010044,2.0,173.5
SIA,AL,202505,2007061,0211020036,60.0,309.0
SIA,AL,202505,2005727,0211020036,228.0,1174.2
SIA,AL,202505,9146350,0211020036,158.0,813.7
SIA,AL,202505,2722429,0211020036,184.0,947.6
SIA,AL,202505,2006197,0206020015,1.0,86.75
SIA,AL,202505,9861858,0211020036,161.0,829.15
SIA,AL,202505,2011131,0211020036,45.0,231.75
SIA,AL,202505,7893361,0211020036,326.0,1678.9
SIA,AL,202505,2004704,0211020036,44.0,226.6
SIA,AL,202505,9357688,0211020036,40.0,206.0
SIA,AL,202505,6154549,0211020036,410.0,2111.5
SIA,AL,202505,2005050,0206010028,1.0,101.1
SIA,AL,202505,2006197,0206020023,1.0,86.75
SIA,AL,202505,3990222,0206020023,1.0,86.75
SIA,AL,202505,2004380,0211020036,20.0,103.0
SIA,AL,202505,2003910,0211020036,82.0,422.3
SIA,AL,202505,2009137,0211020036,12.0,61.8
SIA,AL,202506,2006510,0206010010,24.0,2082.24
SIA,AL,202506,2003333,0206010036,11.0,954.36
SIA,AL,202506,0806285,0206030037,210.0,29112.3
SIA,AL,202506,7042671,0206030037,183.0,25369.29
SIA,AL,202506,2005417,0211020036,208.0,1071.2
SIA,AL,202506,3397874,0206030037,42.0,5822.46
SIA,AL,202506,9923837,0206030037,17.0,2356.71
SIA,AL,202506,0806285,0206010010,40.0,3470.4
SIA,AL,202506,2005050,0211020036,252.0,1297.8
SIA,AL,202506,2005344,0211020036,74.0,381.1
SIA,AL,202506,3397874,0206010010,8.0,694.08
SIA,AL,202506,3990222,0206030010,20.0,2772.6
SIA,AL,202506,5074681,0211020036,33.0,169.95
SIA,AL,202506,2006855,0208010033,8.0,3064.56
SIA,AL,202506,2004968,0211020036,100.0,515.0
SIA,AL,202506,7042671,0206010010,91.0,7895.16
SIA,AL,202506,9923837,0206010010,4.0,347.04
SIA,AL,202506,2006197,0208010033,13.0,4979.91
SIA,AL,202506,2719657,0211020036,29.0,149.35
SIA,AL,202506,0136581,0206030037,127.0,17606.01
SIA,AL,202506,2007037,0208010033,57.0,21834.99
SIA,AL,202506,3015408,0206010010,43.0,3730.68
SIA,AL,202506,0806285,0206030010,194.0,26894.22
SIA,AL,202506,2005417,0211020060,22.0,660.0
SIA,AL,202506,0136581,0206010044,15.0,1301.25
SIA,AL,202506,0806285,0206010044,49.0,4250.75
SIA,AL,202506,4300440,0211020036,42.0,216.3
SIA,AL,202506,0136581,0206030010,127.0,17606.01
SIA,AL,202506,7372116,0211020036,22.0,113.3
SIA,AL,202506,2005417,0206010010,29.0,2516.04
SIA,AL,202506,2005417,0206010028,96.0,9705.6
SIA,AL,202506,4394445,0206010010,8.0,694.08
SIA,AL,202506,2005417,0206030037,84.0,11644.92
SIA,AL,202506,2005417,0206030010,66.0,9149.58
SIA,AL,202506,7120869,0206010028,90.0,9099.0
SIA,AL,202506,7120869,0206010010,25.0,2169.0
SIA,AL,202506,2005050,0206030037,71.0,9842.73
SIA,AL,202506,3524175,0211020036,42.0,216.3
SIA,AL,202506,7120869,0206030037,31.0,4297.53
SIA,AL,202506,3015408,0206020015,14.0,1214.5
SIA,AL,202506,3515842,0206020031,43.0,5865.63
SIA,AL,202506,7042671,0206030010,112.0,15526.56
SIA,AL,202506,4394445,0206010028,37.0,3740.7
SIA,AL,202506,3015408,0206010044,217.0,18824.75
SIA,AL,202506,7042671,0206010044,62.0,5378.5
SIA,AL,202506,2006510,0206030010,56.0,7763.28
SIA,AL,202506,2007037,0208010025,57.0,23285.64
SIA,AL,202506,7042671,0206010052,7.0,607.25
SIA,AL,202506,7471645,0211020036,112.0,576.8
SIA,AL,202506,3990222,0206010010,15.0,1301.4
SIA,AL,202506,4394445,0206030037,14.0,1940.82
SIA,AL,202506,7212038,0211020036,32.0,164.8
SIA,AL,202506,2005417,0211020010,39.0,28471.56
SIA,AL,202506,3515842,0206030010,142.0,19685.46
SIA,AL,202506,7042671,0206020015,5.0,433.75
SIA,AL,202506,7433905,0211020036,46.0,236.9
SIA,AL,202506,7262132,0211020036,6.0,30.9
SIA,AL,202506,2004968,0211020060,91.0,2730.0
SIA,AL,202506,9923837,0206030010,16.0,2218.08
SIA,AL,202506,2005050,0206030010,19.0,2633.97
SIA,AL,202506,6518052,0211020036,74.0,381.1
SIA,AL,202506,3397874,0206030010,46.0,6376.98
SIA,AL,202506,4394445,0206010036,1.0,86.76
SIA,AL,202506,3515842,0206030037,21.0,2911.23
SIA,AL,202506,2006197,0206010052,16.0,1388.0
SIA,AL,202506,2007037,0206010095,139.0,292903.58
SIA,AL,202506,7120869,0206010036,11.0,954.36
SIA,AL,202506,2009242,0211020036,48.0,247.2
SIA,AL,202506,2719894,0211020036,110.0,566.5
SIA,AL,202506,2006448,0211020010,16.0,11680.64
SIA,AL,202506,2010151,0206030010,6.0,831.78
SIA,AL,202506,4412710,0206010036,22.0,1908.72
SIA,AL,202506,7120869,0206030010,25.0,3465.75
SIA,AL,202506,3990222,0206030037,15.0,2079.45
SIA,AL,202506,2006197,0208010025,19.0,7761.88
SIA,AL,202506,3015408,0206030037,10.0,1386.3
SIA,AL,202506,2006855,0208010025,8.0,3268.16
SIA,AL,202506,2007037,0206010052,17.0,1474.75
SIA,AL,202506,2721449,0211020036,13.0,66.95
SIA,AL,202506,2005417,0206010052,17.0,1474.75
SIA,AL,202506,4394445,0206010052,3.0,260.25
SIA,AL,202506,2005417,0206020015,2.0,173.5
SIA,AL,202506,2006197,0206010036,7.0,607.32
SIA,AL,202506,0136581,0206010010,10.0,867.6
SIA,AL,202506,7042671,0206020031,125.0,17051.25
SIA,AL,202506,0806285,0206020031,86.0,11731.26
SIA,AL,202506,2007037,0206030037,98.0,13585.74
SIA,AL,202506,0136581,0206020031,46.0,6274.86
SIA,AL,202506,2006197,0206030037,93.0,12892.59
SIA,AL,202506,4412710,0206030037,156.0,21626.28
SIA,AL,202506,2006197,0206030010,98.0,13585.74
SIA,AL,202506,3990222,0206010079,73.0,7113.12
SIA,AL,202506,2007037,0206020015,39.0,3383.25
SIA,AL,202506,2007037,0206030010,104.0,14417.52
SIA,AL,202506,2007037,0206010036,19.0,1648.44
SIA,AL,202506,3515842,0206010028,95.0,9604.5
SIA,AL,202506,4412710,0206030010,210.0,29112.3
SIA,AL,202506,4412710,0206030029,27.0,2342.25
SIA,AL,202506,3015408,0206020031,227.0,30965.07
SIA,AL,202506,9923837,0206020031,15.0,2046.15
SIA,AL,202506,2007037,0211020010,65.0,47452.6
SIA,AL,202506,9948562,0211020036,50.0,257.5
SIA,AL,202506,3990222,0206020031,21.0,2864.61
SIA,AL,202506,2006510,0206020031,28.0,3819.48
SIA,AL,202506,0136581,0211020036,300.0,1545.0
SIA,AL,202506,7753470,0206030037,8.0,1109.04
SIA,AL,202506,3397874,0206020031,50.0,6820.5
SIA,AL,202506,2006219,0208010025,4.0,1634.08
SIA,AL,202506,3515842,0206010036,4.0,347.04
SIA,AL,202506,7120869,0206010044,8.0,694.0
SIA,AL,202506,4412710,0206010052,10.0,867.5
SIA,AL,202506,2006219,0206010095,79.0,166470.38
SIA,AL,202506,0793213,0211020036,27.0,139.05
SIA,AL,202506,3397874,0211020060,80.0,2400.0
SIA,AL,202506,4879244,0211020036,688.0,3543.2
SIA,AL,202506,2006219,0208010033,4.0,1532.28
SIA,AL,202506,3990222,0206010036,8.0,694.08
SIA,AL,202506,3515842,0206020015,2.0,173.5
SIA,AL,202506,2006529,0211020036,244.0,1256.6
SIA,AL,202506,2008793,0211020036,29.0,149.35
SIA,AL,202506,7753470,0206020031,5.0,682.05
SIA,AL,202506,2005417,0206010036,13.0,1127.88
SIA,AL,202506,2010356,0211020036,443.0,2281.45
SIA,AL,202506,2006448,0206030029,2.0,173.5
SIA,AL,202506,7641117,0211020036,82.0,422.3
SIA,AL,202506,3397874,0206010044,4.0,347.0
SIA,AL,202506,2005417,0206010044,11.0,954.25
SIA,AL,202506,2006359,0206030010,1.0,138.63
SIA,AL,202506,2007606,0211020036,186.0,4650.0
SIA,AL,202506,7042671,0211020036,222.0,1143.3
SIA,AL,202506,2003333,0206030037,2.0,277.26
SIA,AL,202506,0806285,0206010052,7.0,607.25
SIA,AL,202506,2006448,0206030010,5.0,693.15
SIA,AL,202506,4412710,0206020015,12.0,1041.0
SIA,AL,202506,2006197,0206030029,6.0,520.5
SIA,AL,202506,2006960,0206030029,1.0,86.75
SIA,AL,202506,2722364,0211020036,19.0,97.85
SIA,AL,202506,4156714,0211020036,265.0,1364.75
SIA,AL,202506,3515842,0206010044,4.0,347.0
SIA,AL,202506,6489699,0211020036,180.0,927.0
SIA,AL,202506,0806285,0211020036,157.0,808.55
SIA,AL,202506,4156722,0211020036,261.0,1344.15
SIA,AL,202506,2876582,0211020036,45.0,231.75
SIA,AL,202506,2005417,0208010033,37.0,14173.59
SIA,AL,202506,4412710,0206010044,43.0,3730.25
SIA,AL,202506,2719770,0211020036,397.0,2044.55
SIA,AL,202506,2006197,0206010044,10.0,867.5
SIA,AL,202506,2006197,0211020060,61.0,1830.0
SIA,AL,202506,3990222,0206010028,59.0,5964.9
SIA,AL,202506,0806285,0206020023,3.0,260.25
SIA,AL,202506,0806285,0206010036,24.0,2082.24
SIA,AL,202506,2006448,0206010044,7.0,607.25
SIA,AL,202506,9923837,0211020036,66.0,339.9
SIA,AL,202506,0806285,0206030029,7.0,607.25
SIA,AL,202506,2876604,0211020036,38.0,195.7
SIA,AL,202506,3515842,0206010079,110.0,10718.4
SIA,AL,202506,3515842,0206010052,1.0,86.75
SIA,AL,202506,2007037,0206010044,15.0,1301.25
SIA,AL,202506,2005417,0208010025,37.0,15115.24
SIA,AL,202506,3397874,0211020036,355.0,1828.25
SIA,AL,202506,0990221,0211020036,245.0,1261.75
SIA,AL,202506,2005050,0206010079,64.0,6236.16
SIA,AL,202506,2006510,0206010044,42.0,3643.5
SIA,AL,202506,2006510,0211020036,35.0,180.25
SIA,AL,202506,2003570,0211020036,12.0,61.8
SIA,AL,202506,9158251,0211020060,98.0,2940.0
SIA,AL,202506,3515842,0206010010,22.0,1908.72
SIA,AL,202506,9831452,0211020036,426.0,2193.9
SIA,AL,202506,6154549,0211020036,410.0,2111.5
SIA,AL,202506,2010631,0206030010,0.0,0.0
SIA,AL,202506,2722410,0211020036,519.0,2672.85
SIA,AL,202506,9787925,0211020036,300.0,1545.0
SIA,AL,202506,7753470,0211020036,180.0,927.0
SIA,AL,202506,0136581,0206020015,4.0,347.0
SIA,AL,202506,2721643,0211020036,22.0,113.3
SIA,AL,202506,0902179,0211020036,407.0,2096.05
SIA,AL,202506,3008924,0211020036,597.0,3074.55
SIA,AL,202506,7996314,0211020036,225.0,1158.75
SIA,AL,202506,2009544,0211020036,51.0,262.65
SIA,AL,202506,2722429,0211020036,187.0,963.05
SIA,AL,202506,4394445,0206010044,7.0,607.25
SIA,AL,202506,2007037,0206030029,1.0,86.75
SIA,AL,202506,2009137,0211020036,10.0,51.5
SIA,AL,202506,0806285,0206020015,7.0,607.25
SIA,AL,202506,4412710,0211020060,147.0,4410.0
SIA,AL,202506,2006448,0206030037,4.0,554.52
SIA,AL,202506,4412710,0206020023,2.0,173.5
SIA,AL,202506,2003333,0206030010,3.0,415.89
SIA,AL,202506,4412710,0206010028,211.0,21332.1
SIA,AL,202506,7120869,0206020031,29.0,3955.89
SIA,AL,202506,2003333,0206010028,198.0,20017.8
SIA,AL,202506,2006197,0206010079,58.0,5651.52
SIA,AL,202506,4412710,0206010079,284.0,27672.96
SIA,AL,202506,4412710,0206020031,91.0,12413.31
SIA,AL,202506,2006359,0206030037,1.0,138.63
SIA,AL,202506,2003333,0206030029,3.0,260.25
SIA,AL,202506,3990222,0206010052,2.0,173.5
SIA,AL,202506,2006197,0211020036,165.0,849.75
SIA,AL,202506,2003333,0206010079,129.0,12569.76
SIA,AL,202506,6985173,0211020036,86.0,442.9
SIA,AL,202506,2006510,0206010060,2.0,194.88
SIA,AL,202506,2005417,0206020031,85.0,11594.85
SIA,AL,202506,2007037,0206010028,94.0,9503.4
SIA,AL,202506,3990222,0206030029,5.0,433.75
SIA,AL,202506,2006448,0206010079,7.0,682.08
SIA,AL,202506,2007037,0206020031,144.0,19643.04
SIA,AL,202506,2006197,0206010028,40.0,4044.0
SIA,AL,202506,2006197,0206020031,88.0,12004.08
SIA,AL,202506,2007037,0206010079,47.0,4579.68
SIA,AL,202506,3954579,0211020036,20.0,103.0
SIA,AL,202506,4394445,0206020031,20.0,2728.2
SIA,AL,202506,2006960,0206010079,1.0,97.44
SIA,AL,202506,2006448,0206010028,10.0,1011.0
SIA,AL,202506,5446201,0211020036,427.0,2199.05
SIA,AL,202506,2010151,0206020031,4.0,545.64
SIA,AL,202506,2719290,0211020036,160.0,824.0
SIA,AL,202506,2719371,0211020036,10.0,51.5
SIA,AL,202506,4394445,0206030010,9.0,1247.67
SIA,AL,202506,2722372,0211020036,35.0,180.25
SIA,AL,202506,2010151,0206030037,7.0,970.41
SIA,AL,202506,2010631,0211020036,0.0,0.0
SIA,AL,202506,2007037,0211020036,186.0,957.9
SIA,AL,202506,2006359,0206010079,1.0,97.44
SIA,AL,202506,7120869,0206030029,5.0,433.75
SIA,AL,202506,3515842,0206030029,5.0,433.75
SIA,AL,202506,9861858,0211020036,76.0,391.4
SIA,AL,202506,7753470,0206010044,4.0,347.0
SIA,AL,202506,0136581,0206010052,5.0,433.75
SIA,AL,202506,7120869,0206020015,1.0,86.75
SIA,AL,202506,2005050,0206010052,2.0,173.5
SIA,AL,202506,2005050,0206020031,10.0,1364.1
SIA,AL,202506,7042671,0206010036,57.0,4945.32
SIA,AL,202506,6041337,0211020036,13.0,66.95
SIA,AL,202506,0136581,0206020023,3.0,260.25
SIA,AL,202506,7042671,0206030029,18.0,1561.5
SIA,AL,202506,9923837,0206010044,3.0,260.25
SIA,AL,202506,3015408,0206030029,13.0,1127.75
SIA,AL,202506,3397874,0206030029,6.0,520.5
SIA,AL,202506,3397874,0206010036,7.0,607.32
SIA,AL,202506,7120869,0206020023,1.0,86.75
SIA,AL,202506,0136581,0206030029,7.0,607.25
SIA,AL,202506,9357688,0211020036,19.0,97.85
SIA,AL,202506,9923837,0206030029,1.0,86.75
SIA,AL,202506,7753470,0206020023,1.0,86.75
SIA,AL,202506,2719347,0211020036,23.0,118.45
SIA,AL,202506,2006510,0206030037,6.0,831.78
SIA,AL,202506,2004380,0211020036,41.0,211.15
SIA,AL,202506,2005417,0206030029,2.0,173.5
SIA,AL,202506,9923837,0206010036,7.0,607.32
SIA,AL,202506,7042671,0206020023,3.0,260.25
SIA,AL,202506,2006510,0206010052,1.0,86.75
SIA,AL,202506,2006510,0206010036,2.0,173.52
SIA,AL,202506,2006510,0206030029,3.0,260.25
SIA,AL,202506,0136581,0206010036,2.0,173.52
SIA,AL,202506,4020383,0211020036,51.0,1275.0
SIA,AL,202506,7112068,0211020036,25.0,128.75
SIA,AL,202506,3397874,0206020015,1.0,86.75
SIA,AL,202506,3426793,0211020036,106.0,545.9
SIA,AL,202506,4020510,0211020036,12.0,61.8
SIA,AL,202506,2005417,0206010079,69.0,6723.36
SIA,AL,202506,7040989,0211020036,283.0,1457.45
SIA,AL,202506,7042671,0206010079,301.0,29329.44
SIA,AL,202506,7042671,0206010028,130.0,13143.0
SIA,AL,202506,3015408,0206010079,515.0,50181.6
SIA,AL,202506,0136581,0206010079,152.0,14810.88
SIA,AL,202506,4412710,0206010010,64.0,5552.64
SIA,AL,202506,7120869,0206010079,39.0,3800.16
SIA,AL,202506,0806285,0206010079,252.0,24554.88
SIA,AL,202506,2006510,0206010079,151.0,14713.44
SIA,AL,202506,0806285,0206010028,136.0,13749.6
SIA,AL,202506,9923837,0206010028,8.0,808.8
SIA,AL,202506,3015408,0206010028,124.0,12536.4
SIA,AL,202506,9923837,0206010079,19.0,1851.36
SIA,AL,202506,2006448,0211020036,66.0,339.9
SIA,AL,202506,2003333,0206010010,15.0,1301.4
SIA,AL,202506,0136581,0206010028,39.0,3942.9
SIA,AL,202506,3397874,0206010079,51.0,4969.44
SIA,AL,202506,2010151,0206010044,2.0,173.5
SIA,AL,202506,2007037,0206010010,35.0,3036.6
SIA,AL,202506,3397874,0206010028,42.0,4246.2
SIA,AL,202506,2010747,0211020036,99.0,509.85
SIA,AL,202506,4394445,0206010079,30.0,2923.2
SIA,AL,202506,2006510,0206010028,21.0,2123.1
SIA,AL,202506,2010151,0206010079,12.0,1169.28
SIA,AL,202506,2007061,0211020036,61.0,314.15
SIA,AL,202506,4369297,0211020036,126.0,648.9
SIA,AL,202506,2006448,0206010010,4.0,347.04
SIA,AL,202506,4412710,0206010060,2.0,194.88
SIA,AL,202506,2006197,0206010010,6.0,520.56
SIA,AL,202506,7753470,0206010079,14.0,1364.16
SIA,AL,202506,2719576,0211020036,431.0,2219.65
SIA,AL,202506,7885075,0211020036,69.0,355.35
SIA,AL,202506,3990222,0206010044,12.0,1041.0
SIA,AL,202506,9056971,0211020036,371.0,1910.65
SIA,AL,202506,9158251,0211020036,1300.0,6695.0
SIA,AL,202506,9643567,0211020036,83.0,427.45
SIA,AL,202506,2705729,0211020060,11.0,330.0
SIA,AL,202506,2719444,0211020036,15.0,77.25
SIA,AL,202506,9804439,0211020036,61.0,314.15
SIA,AL,202506,2005530,0211020036,408.0,2101.2
SIA,AL,202506,4020278,0211020036,84.0,432.6
SIA,AL,202506,2719010,0211020036,80.0,412.0
SIA,AL,202506,4412710,0211020036,457.0,2353.55
SIA,AL,202506,2003910,0211020036,80.0,412.0
SIA,AL,202506,3028984,0211020036,1.0,5.15
SIA,AL,202506,2005727,0211020036,184.0,947.6
SIA,AL,202506,2004267,0211020036,382.0,1967.3
SIA,AL,202506,5446503,0211020036,110.0,566.5
SIA,AL,202506,7911238,0211020036,358.0,1843.7
SIA,AL,202506,2004607,0211020036,191.0,983.65
SIA,AL,202506,3515842,0211020036,318.0,1637.7
SIA,AL,202506,7097794,0211020036,110.0,566.5
SIA,AL,202506,4020405,0211020036,39.0,200.85
SIA,AL,202506,2009420,0211020036,29.0,149.35
SIA,AL,202506,7726996,0211020036,133.0,684.95
SIA,AL,202506,6566995,0211020036,44.0,226.6
SIA,AL,202507,3990222,0206010079,68.0,6625.92
SIA,AL,202507,3990222,0206010028,72.0,7279.2
SIA,AL,202507,3990222,0206010010,28.0,2429.28
SIA,AL,202507,3990222,0206010036,11.0,954.36
SIA,AL,202507,3990222,0206030010,28.0,3881.64
SIA,AL,202507,2007037,0206030010,131.0,18160.53
SIA,AL,202507,3524175,0211020036,49.0,252.35
SIA,AL,202507,2719444,0211020036,22.0,113.3
SIA,AL,202507,2007037,0208010033,115.0,44053.05
SIA,AL,202507,3954579,0211020036,130.0,669.5
SIA,AL,202507,7911238,0211020036,761.0,3919.15
SIA,AL,202507,7120869,0206010079,37.0,3605.28
SIA,AL,202507,7120869,0206020031,15.0,2046.15
SIA,AL,202507,7120869,0206010010,17.0,1474.92
SIA,AL,202507,2007037,0206010010,23.0,1995.48
SIA,AL,202507,2007037,0206020015,38.0,3296.5
SIA,AL,202507,2007037,0206020031,168.0,22916.88
SIA,AL,202507,2719770,0211020036,352.0,1812.8
SIA,AL,202507,2007037,0208010025,115.0,46979.8
SIA,AL,202507,2007037,0206010028,61.0,6167.1
SIA,AL,202507,2719371,0211020036,28.0,144.2
SIA,AL,202507,2007037,0206010079,67.0,6528.48
SIA,AL,202507,7120869,0206010028,84.0,8492.4
SIA,AL,202507,7120869,0206030010,19.0,2633.97
SIA,AL,202507,9643567,0211020036,10.0,51.5
SIA,AL,202507,2007037,0206030037,120.0,16635.6
SIA,AL,202507,2007037,0206010052,32.0,2776.0
SIA,AL,202507,3990222,0206020031,25.0,3410.25
SIA,AL,202507,2006510,0206020031,38.0,5183.58
SIA,AL,202507,2010151,0206030010,11.0,1524.93
SIA,AL,202507,2005417,0211020036,242.0,1246.3
SIA,AL,202507,2005417,0206030037,112.0,15526.56
SIA,AL,202507,2005417,0206030010,103.0,14278.89
SIA,AL,202507,2006510,0206010079,157.0,15298.08
SIA,AL,202507,7120869,0206030037,21.0,2911.23
SIA,AL,202507,7120869,0206010036,14.0,1214.64
SIA,AL,202507,7120869,0206010044,7.0,607.25
SIA,AL,202507,7372116,0211020036,22.0,113.3
SIA,AL,202507,7726996,0206010028,9.0,909.9
SIA,AL,202507,2006510,0206030010,62.0,8595.06
SIA,AL,202507,2005417,0208010033,36.0,13790.52
SIA,AL,202507,2005417,0206020031,106.0,14459.46
SIA,AL,202507,2005417,0206010079,62.0,6041.28
SIA,AL,202507,2006510,0206010044,66.0,5725.5
SIA,AL,202507,2005417,0206010028,91.0,9200.1
SIA,AL,202507,2005417,0208010025,36.0,14706.72
SIA,AL,202507,2005417,0206010010,30.0,2602.8
SIA,AL,202507,2005417,0206010036,15.0,1301.4
SIA,AL,202507,2007037,0206010044,24.0,2082.0
SIA,AL,202507,0793213,0211020036,13.0,66.95
SIA,AL,202507,7726996,0206010010,14.0,1214.64
SIA,AL,202507,2006510,0206010010,17.0,1474.92
SIA,AL,202507,3990222,0206030037,22.0,3049.86
SIA,AL,202507,2007037,0206010060,1.0,97.44
SIA,AL,202507,7726996,0206030010,29.0,4020.27
SIA,AL,202507,7726996,0206010079,20.0,1948.8
SIA,AL,202507,3990222,0206030029,9.0,780.75
SIA,AL,202507,2005417,0211020060,21.0,630.0
SIA,AL,202507,7726996,0206020031,9.0,1227.69
SIA,AL,202507,2876582,0211020036,92.0,473.8
SIA,AL,202507,2006510,0206010028,14.0,1415.4
SIA,AL,202507,2722429,0211020036,197.0,1014.55
SIA,AL,202507,2007037,0206010036,6.0,520.56
SIA,AL,202507,9357688,0211020036,38.0,195.7
SIA,AL,202507,4394445,0206010036,3.0,260.28
SIA,AL,202507,7753470,0206030037,29.0,4020.27
SIA,AL,202507,7726996,0206030037,7.0,970.41
SIA,AL,202507,2003333,0206010028,180.0,18198.0
SIA,AL,202507,4394445,0206010079,45.0,4384.8
SIA,AL,202507,2003333,0206010010,21.0,1821.96
SIA,AL,202507,6985173,0211020036,86.0,442.9
SIA,AL,202507,4394445,0206010028,52.0,5257.2
SIA,AL,202507,4394445,0206010010,16.0,1388.16
SIA,AL,202507,4394445,0206010044,7.0,607.25
SIA,AL,202507,4394445,0206020031,23.0,3137.43
SIA,AL,202507,7753470,0206010079,30.0,2923.2
SIA,AL,202507,2719657,0211020036,27.0,139.05
SIA,AL,202507,6489699,0211020036,180.0,927.0
SIA,AL,202507,7753470,0211020036,201.0,1035.15
SIA,AL,202507,7753470,0206010044,16.0,1388.0
SIA,AL,202507,2003333,0206010079,126.0,12277.44
SIA,AL,202507,4394445,0206010052,2.0,173.5
SIA,AL,202507,4394445,0206030037,15.0,2079.45
SIA,AL,202507,2007037,0206030029,2.0,173.5
SIA,AL,202507,2006359,0206030037,1.0,138.63
SIA,AL,202507,4020278,0211020036,73.0,375.95
SIA,AL,202507,2010747,0211020036,108.0,556.2
SIA,AL,202507,2004267,0211020036,437.0,2250.55
SIA,AL,202507,2007037,0211020060,1.0,30.0
SIA,AL,202507,2005417,0206010044,9.0,780.75
SIA,AL,202507,4394445,0206030010,12.0,1663.56
SIA,AL,202507,6518052,0211020036,173.0,890.95
SIA,AL,202507,7753470,0206020031,13.0,1773.33
SIA,AL,202507,2010151,0206010028,3.0,303.3
SIA,AL,202507,4879244,0211020036,585.0,3012.75
SIA,AL,202507,2006359,0206010028,5.0,505.5
SIA,AL,202507,2719894,0211020036,110.0,566.5
SIA,AL,202507,2003333,0206030029,5.0,433.75
SIA,AL,202507,5446201,0211020036,87.0,448.05
SIA,AL,202507,7753470,0206010028,1.0,101.1
SIA,AL,202507,2719347,0211020036,31.0,159.65
SIA,AL,202507,7893361,0211020036,273.0,1405.95
SIA,AL,202507,6566995,0211020036,30.0,154.5
SIA,AL,202507,7753470,0206030010,1.0,138.63
SIA,AL,202507,2006359,0206010060,1.0,97.44
SIA,AL,202507,7726996,0206010036,7.0,607.32
SIA,AL,202507,2005417,0206030029,6.0,520.5
SIA,AL,202507,7753470,0206010010,3.0,260.28
SIA,AL,202507,2005417,0206010052,17.0,1474.75
SIA,AL,202507,3990222,0206010044,6.0,520.5
SIA,AL,202507,4394445,0206020023,1.0,86.75
SIA,AL,202507,4020383,0211020036,52.0,1300.0
SIA,AL,202507,2009544,0211020036,76.0,391.4
SIA,AL,202507,7120869,0206030029,5.0,433.75
SIA,AL,202507,4156730,0211020036,460.0,2369.0
SIA,AL,202507,2006510,0206030037,1.0,138.63
SIA,AL,202507,2006359,0206010044,3.0,260.25
SIA,AL,202507,2006359,0206030010,3.0,415.89
SIA,AL,202507,2007037,0211020036,233.0,1199.95
SIA,AL,202507,5446503,0211020036,110.0,566.5
SIA,AL,202507,2006359,0206010079,5.0,487.2
SIA,AL,202507,2006359,0206010010,3.0,260.28
SIA,AL,202507,9804439,0211020036,51.0,262.65
SIA,AL,202507,4020405,0211020036,43.0,221.45
SIA,AL,202507,7112068,0211020036,30.0,154.5
SIA,AL,202507,2010151,0206010079,12.0,1169.28
SIA,AL,202507,2722372,0211020036,42.0,216.3
SIA,AL,202507,4394445,0206030029,2.0,173.5
SIA,AL,202507,2003333,0206030037,2.0,277.26
SIA,AL,202507,2705729,0211020060,13.0,390.0
SIA,AL,202507,2010151,0206010036,2.0,173.52
SIA,AL,202507,2003856,0211020036,49.0,252.35
SIA,AL,202507,2010151,0206030037,8.0,1109.04
SIA,AL,202507,3397874,0211020060,153.0,4590.0
SIA,AL,202507,3397874,0206010079,64.0,6236.16
SIA,AL,202507,3397874,0206030037,77.0,10674.51
SIA,AL,202507,3397874,0206010036,5.0,433.8
SIA,AL,202507,3397874,0206010028,74.0,7481.4
SIA,AL,202507,3397874,0206020031,78.0,10639.98
SIA,AL,202507,2006510,0206010036,2.0,173.52
SIA,AL,202507,3397874,0206030010,84.0,11644.92
SIA,AL,202507,3397874,0206010010,23.0,1995.48
SIA,AL,202507,2010151,0206020031,5.0,682.05
SIA,AL,202507,2010151,0206010010,2.0,173.52
SIA,AL,202507,9787925,0211020036,294.0,1514.1
SIA,AL,202507,3397874,0206010044,12.0,1041.0
SIA,AL,202507,7471645,0211020036,97.0,499.55
SIA,AL,202507,7510233,0211020036,164.0,844.6
SIA,AL,202507,7433905,0211020036,20.0,103.0
SIA,AL,202507,3397874,0206030029,9.0,780.75
SIA,AL,202507,3397874,0211020036,399.0,2054.85
SIA,AL,202507,9861858,0211020036,99.0,509.85
SIA,AL,202507,9923837,0206010028,36.0,3639.6
SIA,AL,202507,9923837,0206030010,78.0,10813.14
SIA,AL,202507,9923837,0206030037,79.0,10951.77
SIA,AL,202507,2005050,0206030010,83.0,11506.29
SIA,AL,202507,2005050,0206020031,12.0,1636.92
SIA,AL,202507,2005050,0211020036,229.0,1179.35
SIA,AL,202507,9923837,0206010079,105.0,10231.2
SIA,AL,202507,9923837,0206020031,38.0,5183.58
SIA,AL,202507,2005050,0206010079,97.0,9451.68
SIA,AL,202507,2005050,0206030037,85.0,11783.55
SIA,AL,202507,9923837,0206010044,32.0,2776.0
SIA,AL,202507,3426793,0211020036,154.0,793.1
SIA,AL,202507,7097794,0211020036,86.0,442.9
SIA,AL,202507,2005417,0206020015,1.0,86.75
SIA,AL,202507,0990221,0211020036,258.0,1328.7
SIA,AL,202507,9923837,0206010052,2.0,173.5
SIA,AL,202507,2009137,0211020036,17.0,87.55
SIA,AL,202507,6041337,0211020036,28.0,144.2
SIA,AL,202507,7726996,0211020036,138.0,710.7
SIA,AL,202507,9831452,0211020036,46.0,236.9
SIA,AL,202507,3397874,0206010052,2.0,173.5
SIA,AL,202507,2005050,0206010044,2.0,173.5
SIA,AL,202507,9923837,0206010060,1.0,97.44
SIA,AL,202507,2010151,0206010052,1.0,86.75
SIA,AL,202507,2719010,0211020036,88.0,453.2
SIA,AL,202507,9948562,0211020036,50.0,257.5
SIA,AL,202507,7885075,0211020036,88.0,453.2
SIA,AL,202507,2722364,0211020036,10.0,51.5
SIA,AL,202507,7726996,0206010052,2.0,173.5
SIA,AL,202507,2003570,0211020036,9.0,46.35
SIA,AL,202507,2010151,0206010044,1.0,86.75
SIA,AL,202507,4412710,0206010028,302.0,30532.2
SIA,AL,202507,4412710,0206010079,350.0,34104.0
SIA,AL,202507,4412710,0206010010,81.0,7027.56
SIA,AL,202507,2004968,0211020060,59.0,1770.0
SIA,AL,202507,4412710,0206020031,156.0,21279.96
SIA,AL,202507,2006510,0211020036,51.0,262.65
SIA,AL,202507,4412710,0206010044,54.0,4684.5
SIA,AL,202507,4412710,0206030010,214.0,29666.82
SIA,AL,202507,4412710,0206030037,155.0,21487.65
SIA,AL,202507,9923837,0206010010,12.0,1041.12
SIA,AL,202507,2005530,0211020036,452.0,2327.8
SIA,AL,202507,9146350,0211020036,166.0,854.9
SIA,AL,202507,4412710,0211020060,210.0,6300.0
SIA,AL,202507,4020472,0211020036,12.0,61.8
SIA,AL,202507,4412710,0206010036,34.0,2949.84
SIA,AL,202507,4412710,0206030029,24.0,2082.0
SIA,AL,202507,4412710,0206010052,10.0,867.5
SIA,AL,202507,4412710,0211020036,671.0,3455.65
SIA,AL,202507,7042671,0206010028,143.0,14457.3
SIA,AL,202507,7042671,0206010079,278.0,27088.32
SIA,AL,202507,7042671,0206010010,73.0,6333.48
SIA,AL,202507,7042671,0206020031,124.0,16914.84
SIA,AL,202507,7042671,0211020036,257.0,1323.55
SIA,AL,202507,7042671,0206030037,160.0,22180.8
SIA,AL,202507,7042671,0206030010,72.0,9981.36
SIA,AL,202507,0806285,0206030010,255.0,35350.65
SIA,AL,202507,0806285,0206010079,336.0,32739.84
SIA,AL,202507,0806285,0206030037,272.0,37707.36
SIA,AL,202507,7042671,0206020015,10.0,867.5
SIA,AL,202507,3515842,0206010028,106.0,10716.6
SIA,AL,202507,0136581,0206010079,212.0,20657.28
SIA,AL,202507,0806285,0206020031,114.0,15550.74
SIA,AL,202507,0136581,0206030010,107.0,14833.41
SIA,AL,202507,0806285,0206010036,31.0,2689.56
SIA,AL,202507,0806285,0206010010,69.0,5986.44
SIA,AL,202507,0136581,0206020031,55.0,7502.55
SIA,AL,202507,2005344,0211020036,78.0,401.7
SIA,AL,202507,0136581,0206010044,17.0,1474.75
SIA,AL,202507,3515842,0206030010,96.0,13308.48
SIA,AL,202507,3515842,0206010010,40.0,3470.4
SIA,AL,202507,3515842,0206010079,103.0,10036.32
SIA,AL,202507,7042671,0206020023,15.0,1301.25
SIA,AL,202507,7042671,0206010036,44.0,3817.44
SIA,AL,202507,2009242,0211020036,54.0,278.1
SIA,AL,202507,0806285,0206010028,162.0,16378.2
SIA,AL,202507,3515842,0206010044,11.0,954.25
SIA,AL,202507,0136581,0206030037,131.0,18160.53
SIA,AL,202507,2006855,0208010025,19.0,7761.88
SIA,AL,202507,4412710,0206020015,16.0,1388.0
SIA,AL,202507,7042671,0206010044,58.0,5031.5
SIA,AL,202507,0806285,0206010044,66.0,5725.5
SIA,AL,202507,3515842,0206010036,11.0,954.36
SIA,AL,202507,3515842,0206020031,39.0,5319.99
SIA,AL,202507,0136581,0206010028,38.0,3841.8
SIA,AL,202507,0806285,0206020015,8.0,694.0
SIA,AL,202507,3515842,0211020036,362.0,1864.3
SIA,AL,202507,3515842,0206030037,17.0,2356.71
SIA,AL,202507,0806285,0206030029,14.0,1214.5
SIA,AL,202507,5074681,0211020036,48.0,247.2
SIA,AL,202507,7042671,0206010052,8.0,694.0
SIA,AL,202507,0136581,0206030029,3.0,260.25
SIA,AL,202507,0806285,0206020023,8.0,694.0
SIA,AL,202507,2006855,0208010033,20.0,7661.4
SIA,AL,202507,0136581,0206010010,13.0,1127.88
SIA,AL,202507,3515842,0206030029,11.0,954.25
SIA,AL,202507,2004380,0211020036,26.0,133.9
SIA,AL,202507,2007606,0211020036,103.0,2575.0
SIA,AL,202507,7641117,0211020036,109.0,561.35
SIA,AL,202507,7262132,0211020036,9.0,46.35
SIA,AL,202507,0136581,0206020023,9.0,780.75
SIA,AL,202507,4412710,0206010060,3.0,292.32
SIA,AL,202507,9923837,0206010036,2.0,173.52
SIA,AL,202507,2005727,0211020036,245.0,1261.75
SIA,AL,202507,2006219,0208010025,5.0,2042.6
SIA,AL,202507,4412710,0206020023,1.0,86.75
SIA,AL,202507,3990222,0206020023,1.0,86.75
SIA,AL,202507,2719762,0211020036,286.0,1472.9
SIA,AL,202507,0136581,0211020036,381.0,1962.15
SIA,AL,202507,0806285,0211020036,309.0,1591.35
SIA,AL,202507,3515842,0206020015,3.0,260.25
SIA,AL,202507,2004968,0211020036,150.0,772.5
SIA,AL,202507,7042671,0206030029,2.0,173.5
SIA,AL,202507,2719576,0211020036,511.0,2631.65
SIA,AL,202507,0136581,0206010036,2.0,173.52
SIA,AL,202507,2009420,0211020036,49.0,252.35
SIA,AL,202507,0806285,0206010052,6.0,520.5
SIA,AL,202507,4156714,0211020036,314.0,1617.1
SIA,AL,202507,2006219,0208010033,5.0,1915.35
SIA,AL,202507,0902179,0211020036,400.0,2060.0
SIA,AL,202507,0136581,0206010052,2.0,173.5
SIA,AL,202507,7120869,0206010052,1.0,86.75
SIA,AL,202507,2722410,0211020036,546.0,2811.9
SIA,AL,202507,2003910,0211020036,100.0,515.0
SIA,AL,202507,2003333,0206020031,4.0,545.64
SIA,AL,202507,7753470,0206010052,1.0,86.75
SIA,AL,202507,7040989,0211020036,280.0,1442.0
SIA,AL,202507,2006448,0206020031,6.0,818.46
SIA,AL,202507,2003333,0206010036,5.0,433.8
SIA,AL,202507,0136581,0206020015,5.0,433.75
SIA,AL,202507,2006448,0211020036,92.0,473.8
SIA,AL,202507,2006448,0206010028,17.0,1718.7
SIA,AL,202507,2006448,0206010079,6.0,584.64
SIA,AL,202507,2006448,0206010044,6.0,520.5
SIA,AL,202507,2006448,0206030010,2.0,277.26
SIA,AL,202507,3397874,0206020015,1.0,86.75
SIA,AL,202507,2006960,0206010036,5.0,433.8
SIA,AL,202507,2006960,0206030010,9.0,1247.67
SIA,AL,202507,2006960,0206020031,16.0,2182.56
SIA,AL,202507,2006448,0206010010,3.0,260.28
SIA,AL,202507,2006960,0206030037,10.0,1386.3
SIA,AL,202507,2003333,0206030010,2.0,277.26
SIA,AL,202507,2006960,0206030029,9.0,780.75
SIA,AL,202507,2006960,0206010079,15.0,1461.6
SIA,AL,202507,3515842,0206010052,1.0,86.75
SIA,AL,202507,2006359,0206020031,1.0,136.41
SIA,AL,202507,2006960,0206010044,7.0,607.25
SIA,AL,202507,2006448,0206030037,1.0,138.63
SIA,AL,202507,2006960,0206010028,23.0,2325.3
SIA,AL,202507,2006960,0206010010,9.0,780.84
SIA,AL,202507,2010631,0211020036,0.0,0.0
SIA,AL,202507,2876604,0211020036,13.0,66.95
SIA,AL,202507,2006960,0206020023,1.0,86.75
SIA,AL,202507,2006529,0211020036,193.0,993.95
SIA,AL,202507,2006448,0206010052,1.0,86.75
SIA,AL,202507,9923837,0206030029,7.0,607.25
SIA,AL,202507,2006219,0206010095,134.0,282367.48
SIA,AL,202507,2006448,0211020010,9.0,6570.36
SIA,AL,202507,2007037,0206010095,115.0,242330.3
SIA,AL,202507,2006448,0206030029,1.0,86.75
SIA,AL,202507,2006960,0206020015,1.0,86.75
SIA,AL,202507,4369297,0211020036,110.0,566.5
SIA,AL,202507,9923837,0211020036,105.0,540.75
SIA,AL,202507,2004607,0211020036,188.0,968.2
SIA,AL,202507,2006448,0206010036,1.0,86.76
SIA,AL,202507,2007037,0211020010,61.0,44532.44
SIA,AL,202507,2005417,0211020010,61.0,44532.44
SIA,AL,202507,9923837,0206020015,1.0,86.75
SIA,AL,202507,7996314,0211020036,301.0,1550.15
SIA,AL,202507,2005050,0206010052,1.0,86.75
SIA,AL,202507,2010356,0211020036,436.0,2245.4
SIA,AL,202507,2719290,0211020036,160.0,824.0
SIA,AL,202507,2007061,0211020036,61.0,314.15
SIA,AL,202507,4156722,0211020036,309.0,1591.35
SIA,AL,202507,9158251,0211020036,1723.0,8873.45
SIA,AL,202507,9158251,0211020060,141.0,4230.0
SIA,AL,202508,2008793,0211020036,53.0,272.95
SIA,AL,202508,2005417,0206030010,81.0,11229.03
SIA,AL,202508,5616298,0206030037,73.0,10119.99
SIA,AL,202508,2006197,0211020060,147.0,4410.0
SIA,AL,202508,3990222,0206010010,16.0,1388.16
SIA,AL,202508,2010151,0206030037,18.0,2495.34
SIA,AL,202508,5074681,0211020036,31.0,159.65
SIA,AL,202508,7120869,0206010036,22.0,1908.72
SIA,AL,202508,2006510,0206010044,44.0,3817.0
SIA,AL,202508,2006197,0211020036,457.0,2353.55
SIA,AL,202508,3397874,0206010044,6.0,520.5
SIA,AL,202508,0136581,0206010044,14.0,1214.5
SIA,AL,202508,7042671,0206010044,70.0,6072.5
SIA,AL,202508,0806285,0206010044,50.0,4337.5
SIA,AL,202508,2005050,0206030010,87.0,12060.81
SIA,AL,202508,7120869,0206010010,23.0,1995.48
SIA,AL,202508,2005050,0206030037,20.0,2772.6
SIA,AL,202508,2006510,0206020015,2.0,173.5
SIA,AL,202508,2006197,0206010044,18.0,1561.5
SIA,AL,202508,7042671,0206010028,160.0,16176.0
SIA,AL,202508,2007037,0206010028,134.0,13547.4
SIA,AL,202508,2005417,0208010033,34.0,13024.38
SIA,AL,202508,9923837,0206010028,19.0,1920.9
SIA,AL,202508,0136581,0206010028,38.0,3841.8
SIA,AL,202508,0806285,0206010028,145.0,14659.5
SIA,AL,202508,4412710,0206010028,312.0,31543.2
SIA,AL,202508,7120869,0206030010,11.0,1524.93
SIA,AL,202508,3954579,0211020036,93.0,478.95
SIA,AL,202508,2005417,0208010025,34.0,13889.68
SIA,AL,202508,2003333,0206010028,163.0,16479.3
SIA,AL,202508,2006197,0206010060,2.0,194.88
SIA,AL,202508,3397874,0206010028,61.0,6167.1
SIA,AL,202508,2006197,0206010028,65.0,6571.5
SIA,AL,202508,2006510,0206010028,18.0,1819.8
SIA,AL,202508,2005417,0206010010,16.0,1388.16
SIA,AL,202508,7449003,0211020036,79.0,406.85
SIA,AL,202508,4412710,0206030029,24.0,2082.0
SIA,AL,202508,2010151,0206020031,8.0,1091.28
SIA,AL,202508,2006960,0206030029,14.0,1214.5
SIA,AL,202508,2006960,0206010028,39.0,3942.9
SIA,AL,202508,2007037,0206020015,14.0,1214.5
SIA,AL,202508,2005050,0206010079,22.0,2143.68
SIA,AL,202508,4369297,0211020036,97.0,499.55
SIA,AL,202508,2006197,0206030029,7.0,607.25
SIA,AL,202508,2006197,0206010052,51.0,4424.25
SIA,AL,202508,5283191,0205010016,40.0,6600.0
SIA,AL,202508,2006197,0206010036,16.0,1388.16
SIA,AL,202508,4412710,0206020015,5.0,433.75
SIA,AL,202508,6154549,0211020036,965.0,4969.75
SIA,AL,202508,5616298,0206010052,2.0,173.5
SIA,AL,202508,2006448,0206010028,16.0,1617.6
SIA,AL,202508,2007037,0206030029,1.0,86.75
SIA,AL,202508,2007037,0206010044,31.0,2689.25
SIA,AL,202508,2003856,0211020036,66.0,339.9
SIA,AL,202508,9923837,0206010079,104.0,10133.76
SIA,AL,202508,2006510,0206010079,189.0,18416.16
SIA,AL,202508,0806285,0206010079,289.0,28160.16
SIA,AL,202508,6985173,0211020036,72.0,370.8
SIA,AL,202508,7042671,0211020036,243.0,1251.45
SIA,AL,202508,2006197,0206020031,243.0,33147.63
SIA,AL,202508,2005417,0206030029,9.0,780.75
SIA,AL,202508,7120869,0206010028,103.0,10413.3
SIA,AL,202508,4394445,0206030010,5.0,693.15
SIA,AL,202508,5616298,0206010079,261.0,25431.84
SIA,AL,202508,2007037,0208010033,102.0,39073.14
SIA,AL,202508,9158251,0211020060,127.0,3810.0
SIA,AL,202508,0136581,0206010079,242.0,23580.48
SIA,AL,202508,5616298,0206020031,36.0,4910.76
SIA,AL,202508,2007037,0206020031,132.0,18006.12
SIA,AL,202508,7042671,0206020015,3.0,260.25
SIA,AL,202508,2009544,0211020036,131.0,674.65
SIA,AL,202508,2010151,0206010044,3.0,260.25
SIA,AL,202508,7042671,0206010079,255.0,24847.2
SIA,AL,202508,3397874,0206010079,61.0,5943.84
SIA,AL,202508,4394445,0206010028,55.0,5560.5
SIA,AL,202508,2006855,0208010033,16.0,6129.12
SIA,AL,202508,2010151,0206010010,2.0,173.52
SIA,AL,202508,3990222,0206010079,60.0,5846.4
SIA,AL,202508,0136581,0206020015,2.0,173.5
SIA,AL,202508,7753470,0206010079,14.0,1364.16
SIA,AL,202508,2005417,0206010028,89.0,8997.9
SIA,AL,202508,2006197,0208010033,84.0,32177.88
SIA,AL,202508,4394445,0206010010,18.0,1561.68
SIA,AL,202508,2006960,0206020015,12.0,1041.0
SIA,AL,202508,4394445,0206010036,2.0,173.52
SIA,AL,202508,2005417,0211020036,160.0,824.0
SIA,AL,202508,0136581,0206030037,233.0,32300.79
SIA,AL,202508,7042671,0206030037,232.0,32162.16
SIA,AL,202508,9923837,0206030037,71.0,9842.73
SIA,AL,202508,2010151,0206030029,1.0,86.75
SIA,AL,202508,7042671,0206020023,18.0,1561.5
SIA,AL,202508,0136581,0206020023,7.0,607.25
SIA,AL,202508,0806285,0206030037,229.0,31746.27
SIA,AL,202508,7753470,0206010044,3.0,260.25
SIA,AL,202508,7753470,0206030037,10.0,1386.3
SIA,AL,202508,9923837,0206010044,18.0,1561.5
SIA,AL,202508,9923837,0206020015,4.0,347.0
SIA,AL,202508,4412710,0206010044,55.0,4771.25
SIA,AL,202508,3397874,0206030037,71.0,9842.73
SIA,AL,202508,2005344,0211020036,77.0,396.55
SIA,AL,202508,2006359,0206010044,4.0,347.0
SIA,AL,202508,2006510,0206030037,6.0,831.78
SIA,AL,202508,5616298,0206010028,17.0,1718.7
SIA,AL,202508,7120869,0206030029,2.0,173.5
SIA,AL,202508,2719010,0211020036,88.0,453.2
SIA,AL,202508,2006960,0206010044,5.0,433.75
SIA,AL,202508,3397874,0206030029,2.0,173.5
SIA,AL,202508,2010151,0206030010,14.0,1940.82
SIA,AL,202508,2010151,0206010079,13.0,1266.72
SIA,AL,202508,3397874,0206020031,94.0,12822.54
SIA,AL,202508,3990222,0206010028,64.0,6470.4
SIA,AL,202508,3990222,0206020031,28.0,3819.48
SIA,AL,202508,2006219,0208010033,3.0,1149.21
SIA,AL,202508,0806285,0206020031,136.0,18551.76
SIA,AL,202508,7042671,0206020031,116.0,15823.56
SIA,AL,202508,7042671,0206010036,35.0,3036.6
SIA,AL,202508,2006448,0206010044,1.0,86.75
SIA,AL,202508,9923837,0206020031,23.0,3137.43
SIA,AL,202508,9923837,0206010036,5.0,433.8
SIA,AL,202508,2005417,0206010036,5.0,433.8
SIA,AL,202508,2003570,0211020036,10.0,51.5
SIA,AL,202508,4412710,0211020060,124.0,3720.0
SIA,AL,202508,0806285,0206010036,21.0,1821.96
SIA,AL,202508,2005417,0206010044,17.0,1474.75
SIA,AL,202508,0806285,0206020015,3.0,260.25
SIA,AL,202508,6483437,0211020036,26.0,133.9
SIA,AL,202508,3990222,0206030029,7.0,607.25
SIA,AL,202508,2719657,0211020036,30.0,154.5
SIA,AL,202508,2006510,0206020031,44.0,6002.04
SIA,AL,202508,0136581,0206020031,68.0,9275.88
SIA,AL,202508,0806285,0206030029,10.0,867.5
SIA,AL,202508,2004968,0211020060,56.0,1680.0
SIA,AL,202508,0806285,0206020023,1.0,86.75
SIA,AL,202508,2005050,0211020036,55.0,283.25
SIA,AL,202508,3397874,0206010036,6.0,520.56
SIA,AL,202508,2009137,0211020036,40.0,206.0
SIA,AL,202508,0793213,0211020036,1.0,5.15
SIA,AL,202508,7753470,0206020031,3.0,409.23
SIA,AL,202508,2005050,0206020031,19.0,2591.79
SIA,AL,202508,2004380,0211020036,28.0,144.2
SIA,AL,202508,2006510,0206030029,4.0,347.0
SIA,AL,202508,5616298,0206020015,2.0,173.5
SIA,AL,202508,7120869,0206010044,9.0,780.75
SIA,AL,202508,2005417,0211020060,18.0,540.0
SIA,AL,202508,2005050,0206010060,28.0,2728.32
SIA,AL,202508,2010151,0206020015,1.0,86.75
SIA,AL,202508,2005417,0206030037,93.0,12892.59
SIA,AL,202508,4394445,0206030037,10.0,1386.3
SIA,AL,202508,2005417,0206010079,81.0,7892.64
SIA,AL,202508,7372116,0211020036,21.0,108.15
SIA,AL,202508,2006960,0206010079,13.0,1266.72
SIA,AL,202508,2006197,0206010010,12.0,1041.12
SIA,AL,202508,2006197,0206030037,186.0,25785.18
SIA,AL,202508,2003333,0206010079,137.0,13349.28
SIA,AL,202508,2006197,0206030010,214.0,29666.82
SIA,AL,202508,2006197,0206010079,109.0,10620.96
SIA,AL,202508,7433905,0211020036,22.0,113.3
SIA,AL,202508,0136581,0206010036,9.0,780.84
SIA,AL,202508,5616298,0206010010,7.0,607.32
SIA,AL,202508,7996314,0211020036,239.0,1230.85
SIA,AL,202508,4412710,0206010079,348.0,33909.12
SIA,AL,202508,5616298,0206030029,4.0,347.0
SIA,AL,202508,2005417,0206010052,9.0,780.75
SIA,AL,202508,3008924,0211020036,612.0,3151.8
SIA,AL,202508,4394445,0206010079,38.0,3702.72
SIA,AL,202508,7120869,0206010079,40.0,3897.6
SIA,AL,202508,4394445,0206010044,4.0,347.0
SIA,AL,202508,2007037,0206010079,56.0,5456.64
SIA,AL,202508,2010356,0211020036,442.0,2276.3
SIA,AL,202508,7112068,0211020036,40.0,206.0
SIA,AL,202508,9146350,0211020036,135.0,695.25
SIA,AL,202508,2006448,0206010079,14.0,1364.16
SIA,AL,202508,3990222,0206020015,1.0,86.75
SIA,AL,202508,3990222,0206010036,7.0,607.32
SIA,AL,202508,3524175,0211020036,23.0,118.45
SIA,AL,202508,2007037,0206030037,101.0,14001.63
SIA,AL,202508,9357688,0211020036,13.0,66.95
SIA,AL,202508,2719762,0211020036,268.0,1380.2
SIA,AL,202508,7262132,0211020036,8.0,41.2
SIA,AL,202508,3990222,0206030010,23.0,3188.49
SIA,AL,202508,2005050,0206010044,4.0,347.0
SIA,AL,202508,7120869,0206030037,15.0,2079.45
SIA,AL,202508,2006510,0206010036,3.0,260.28
SIA,AL,202508,0806285,0206010010,63.0,5465.88
SIA,AL,202508,7042671,0206010010,64.0,5552.64
SIA,AL,202508,3397874,0206010010,19.0,1648.44
SIA,AL,202508,3990222,0206010052,1.0,86.75
SIA,AL,202508,2007037,0206010010,43.0,3730.68
SIA,AL,202508,2006510,0206010010,29.0,2516.04
SIA,AL,202508,9923837,0206010052,3.0,260.25
SIA,AL,202508,2007037,0206030010,91.0,12615.33
SIA,AL,202508,2006448,0206030029,1.0,86.75
SIA,AL,202508,7042671,0206010052,3.0,260.25
SIA,AL,202508,0136581,0206010010,9.0,780.84
SIA,AL,202508,0136581,0206010052,10.0,867.5
SIA,AL,202508,0806285,0206010052,8.0,694.0
SIA,AL,202508,7471645,0211020036,98.0,504.7
SIA,AL,202508,4412710,0206010060,4.0,389.76
SIA,AL,202508,2006359,0206010079,4.0,389.76
SIA,AL,202508,9804439,0211020036,63.0,324.45
SIA,AL,202508,9923837,0206010010,11.0,954.36
SIA,AL,202508,7040989,0211020036,159.0,818.85
SIA,AL,202508,4412710,0206030037,192.0,26616.96
SIA,AL,202508,4412710,0206030010,219.0,30359.97
SIA,AL,202508,5616298,0206030010,206.0,28557.78
SIA,AL,202508,3397874,0211020060,104.0,3120.0
SIA,AL,202508,4394445,0206020031,20.0,2728.2
SIA,AL,202508,4412710,0206020031,133.0,18142.53
SIA,AL,202508,7767064,0211020036,41.0,211.15
SIA,AL,202508,2006197,0208010025,56.0,22877.12
SIA,AL,202508,4394445,0206010052,1.0,86.75
SIA,AL,202508,2006960,0206020031,20.0,2728.2
SIA,AL,202508,2007037,0206010052,30.0,2602.5
SIA,AL,202508,2005417,0206020031,100.0,13641.0
SIA,AL,202508,2006960,0206030010,17.0,2356.71
SIA,AL,202508,2006197,0206020015,2.0,173.5
SIA,AL,202508,2006529,0211020036,244.0,1256.6
SIA,AL,202508,2006960,0206030037,16.0,2218.08
SIA,AL,202508,7510233,0211020036,180.0,927.0
SIA,AL,202508,7120869,0206020031,21.0,2864.61
SIA,AL,202508,2006855,0208010025,17.0,6944.84
SIA,AL,202508,2007037,0208010025,102.0,41669.04
SIA,AL,202508,2006448,0206030037,2.0,277.26
SIA,AL,202508,5616298,0206010044,11.0,954.25
SIA,AL,202508,4020472,0211020036,7.0,36.05
SIA,AL,202508,4412710,0206010052,4.0,347.0
SIA,AL,202508,5616298,0206020023,2.0,173.5
SIA,AL,202508,4412710,0206020023,1.0,86.75
SIA,AL,202508,2005050,0206010052,1.0,86.75
SIA,AL,202508,5446201,0211020036,134.0,690.1
SIA,AL,202508,2719770,0211020036,647.0,3332.05
SIA,AL,202508,9643567,0211020036,176.0,906.4
SIA,AL,202508,2006510,0206030010,90.0,12476.7
SIA,AL,202508,0806285,0206030010,221.0,30637.23
SIA,AL,202508,3397874,0206030010,79.0,10951.77
SIA,AL,202508,3397874,0206010052,3.0,260.25
SIA,AL,202508,2010151,0206010028,8.0,808.8
SIA,AL,202508,9923837,0206030010,70.0,9704.1
SIA,AL,202508,4412710,0206010010,76.0,6593.76
SIA,AL,202508,4412710,0206010036,34.0,2949.84
SIA,AL,202508,0136581,0206030010,16.0,2218.08
SIA,AL,202508,2006960,0206010010,16.0,1388.16
SIA,AL,202508,2003333,0206010036,8.0,694.08
SIA,AL,202508,7212038,0211020036,30.0,154.5
SIA,AL,202508,2006960,0206010036,8.0,694.08
SIA,AL,202508,2005417,0206020015,1.0,86.75
SIA,AL,202508,7753470,0206030010,1.0,138.63
SIA,AL,202508,2006448,0206010036,2.0,173.52
SIA,AL,202508,2006359,0206020031,10.0,1364.1
SIA,AL,202508,2007606,0211020036,165.0,4125.0
SIA,AL,202508,2006448,0206020031,1.0,136.41
SIA,AL,202508,7042671,0206030010,20.0,2772.6
SIA,AL,202508,2007037,0206010036,29.0,2516.04
SIA,AL,202508,2003333,0206010010,11.0,954.36
SIA,AL,202508,2719894,0211020036,110.0,566.5
SIA,AL,202508,3990222,0206010060,2.0,194.88
SIA,AL,202508,2007037,0211020010,58.0,42342.32
SIA,AL,202508,2007037,0206010095,160.0,337155.2
SIA,AL,202508,2005417,0211020010,71.0,51832.84
SIA,AL,202508,2006448,0211020010,17.0,12410.68
SIA,AL,202508,2006448,0206030010,2.0,277.26
SIA,AL,202508,4156722,0211020036,269.0,1385.35
SIA,AL,202508,9831452,0211020036,539.0,2775.85
SIA,AL,202508,2010631,0211020036,0.0,0.0
SIA,AL,202508,2006448,0206010052,1.0,86.75
SIA,AL,202508,2722429,0211020036,140.0,721.0
SIA,AL,202508,9923837,0211020036,133.0,684.95
SIA,AL,202508,2003333,0206030029,2.0,173.5
SIA,AL,202508,2876604,0211020036,87.0,448.05
SIA,AL,202508,6489699,0211020036,180.0,927.0
SIA,AL,202508,0902179,0211020036,412.0,2121.8
SIA,AL,202508,9787925,0211020036,39.0,200.85
SIA,AL,202508,7753470,0211020036,146.0,751.9
SIA,AL,202508,2006359,0206030037,2.0,277.26
SIA,AL,202508,5446503,0211020036,107.0,551.05
SIA,AL,202508,2006359,0206030010,4.0,554.52
SIA,AL,202508,2003333,0206020031,3.0,409.23
SIA,AL,202508,2010747,0211020036,112.0,576.8
SIA,AL,202508,3397874,0211020036,362.0,1864.3
SIA,AL,202508,0806285,0211020036,264.0,1359.6
SIA,AL,202508,7726996,0211020060,1.0,30.0
SIA,AL,202508,2722410,0211020036,539.0,2775.85
SIA,AL,202508,4156730,0211020036,379.0,1951.85
SIA,AL,202508,2721643,0211020036,42.0,216.3
SIA,AL,202508,2003910,0211020036,80.0,412.0
SIA,AL,202508,4020383,0211020036,52.0,1300.0
SIA,AL,202508,7726996,0211020036,282.0,1452.3
SIA,AL,202508,3990222,0206030037,21.0,2911.23
SIA,AL,202508,0990221,0211020036,387.0,1993.05
SIA,AL,202508,0136581,0211020036,396.0,2039.4
SIA,AL,202508,2006510,0211020036,67.0,345.05
SIA,AL,202508,0136581,0206030029,4.0,347.0
SIA,AL,202508,9810242,0211020036,41.0,211.15
SIA,AL,202508,2006219,0208010025,3.0,1225.56
SIA,AL,202508,9923837,0206030029,3.0,260.25
SIA,AL,202508,0806285,0206010060,1.0,97.44
SIA,AL,202508,2719347,0211020036,50.0,257.5
SIA,AL,202508,4020405,0211020036,50.0,257.5
SIA,AL,202508,2011131,0211020036,35.0,180.25
SIA,AL,202508,3990222,0206010044,8.0,694.0
SIA,AL,202508,2876582,0211020036,60.0,309.0
SIA,AL,202508,7641117,0211020036,67.0,345.05
SIA,AL,202508,6518052,0211020036,136.0,700.4
SIA,AL,202508,2705729,0211020060,2.0,60.0
SIA,AL,202508,2722364,0211020036,3.0,15.45
SIA,AL,202508,2006359,0206010010,4.0,347.04
SIA,AL,202508,2006359,0206030029,2.0,173.5
SIA,AL,202508,2009420,0211020036,33.0,169.95
SIA,AL,202508,7097794,0211020036,95.0,489.25
SIA,AL,202508,5616298,0206010036,1.0,86.76
SIA,AL,202508,2009242,0211020036,101.0,520.15
SIA,AL,202508,3515842,0211020036,210.0,1081.5
SIA,AL,202508,2006359,0206010036,2.0,173.52
SIA,AL,202508,2722372,0211020036,60.0,309.0
SIA,AL,202508,2005050,0206010028,1.0,101.1
SIA,AL,202508,9948562,0211020036,53.0,272.95
SIA,AL,202508,2719290,0211020036,160.0,824.0
SIA,AL,202508,2004607,0211020036,148.0,762.2
SIA,AL,202508,4412710,0211020036,543.0,2796.45
SIA,AL,202508,2007037,0211020036,202.0,1040.3
SIA,AL,202508,2004968,0211020036,118.0,607.7
SIA,AL,202508,2005530,0211020036,431.0,2219.65
SIA,AL,202508,2006448,0206010010,6.0,520.56
SIA,AL,202508,7885075,0211020036,91.0,468.65
SIA,AL,202508,2006448,0211020036,131.0,674.65
SIA,AL,202508,9056971,0211020036,85.0,437.75
SIA,AL,202508,2007061,0211020036,61.0,314.15
SIA,AL,202508,6041337,0211020036,10.0,51.5
SIA,AL,202508,2010151,0206010052,2.0,173.5
SIA,AL,202508,2006197,0206020023,1.0,86.75
SIA,AL,202508,7120869,0206010052,1.0,86.75
SIA,AL,202508,2721449,0211020036,35.0,180.25
SIA,AL,202508,3990222,0206020023,1.0,86.75
SIA,AL,202508,3028984,0211020036,3.0,15.45
SIA,AL,202508,7911238,0211020036,58.0,298.7
SIA,AL,202508,2003333,0206030010,1.0,138.63
SIA,AL,202508,2005727,0211020036,234.0,1205.1
SIA,AL,202508,2004267,0211020036,473.0,2435.95
SIA,AL,202508,2719371,0211020036,20.0,103.0
SIA,AL,202508,4020278,0211020036,107.0,551.05
SIA,AL,202508,9158251,0211020036,1577.0,8121.55
SIA,AL,202508,2011689,0211020036,61.0,314.15
SIA,AL,202508,2719576,0211020036,427.0,2199.05
SIA,AL,202508,3426793,0211020036,129.0,664.35
SIA,AL,202508,2719444,0211020036,33.0,169.95
SIA,AL,202508,0136581,0206010060,1.0,97.44
SIA,AL,202509,7120869,0206010028,86.0,8694.6
SIA,AL,202509,7120869,0206010079,39.0,3800.16
SIA,AL,202509,2005344,0211020036,65.0,334.75
SIA,AL,202509,7120869,0206030037,21.0,2911.23
SIA,AL,202509,7120869,0206020031,37.0,5047.17
SIA,AL,202509,7120869,0206010052,2.0,173.5
SIA,AL,202509,7120869,0206030010,21.0,2911.23
SIA,AL,202509,7120869,0206020023,8.0,694.0
SIA,AL,202509,7120869,0206010044,9.0,780.75
SIA,AL,202509,7120869,0206030029,4.0,347.0
SIA,AL,202509,7120869,0206010036,14.0,1214.64
SIA,AL,202509,2006529,0211020036,178.0,916.7
SIA,AL,202509,2009137,0211020036,16.0,82.4
SIA,AL,202509,2005417,0206020031,91.0,12413.31
SIA,AL,202509,2005417,0206010079,79.0,7697.76
SIA,AL,202509,2005417,0206010010,29.0,2516.04
SIA,AL,202509,2005417,0211020036,254.0,1308.1
SIA,AL,202509,2005417,0206010028,85.0,8593.5
SIA,AL,202509,2005417,0211020060,21.0,630.0
SIA,AL,202509,2005417,0206030010,88.0,12199.44
SIA,AL,202509,2005417,0206030037,102.0,14140.26
SIA,AL,202509,2876582,0211020036,66.0,339.9
SIA,AL,202509,2006510,0206030010,103.0,14278.89
SIA,AL,202509,2005417,0206010044,15.0,1301.25
SIA,AL,202509,2005417,0206010052,15.0,1301.25
SIA,AL,202509,2006510,0206020031,71.0,9685.11
SIA,AL,202509,2006510,0206010079,190.0,18513.6
SIA,AL,202509,2006510,0206010044,50.0,4337.5
SIA,AL,202509,2003333,0206010079,105.0,10231.2
SIA,AL,202509,2003333,0206010028,155.0,15670.5
SIA,AL,202509,2003570,0211020036,12.0,61.8
SIA,AL,202509,7120869,0206010010,24.0,2082.24
SIA,AL,202509,2006219,0208010033,3.0,1149.21
SIA,AL,202509,9923837,0206030010,103.0,14278.89
SIA,AL,202509,9923837,0206010079,133.0,12959.52
SIA,AL,202509,9923837,0206010028,54.0,5459.4
SIA,AL,202509,9923837,0206010044,37.0,3209.75
SIA,AL,202509,9923837,0211020036,133.0,684.95
SIA,AL,202509,9923837,0206030037,95.0,13169.85
SIA,AL,202509,9923837,0206030029,7.0,607.25
SIA,AL,202509,2006510,0206010010,34.0,2949.84
SIA,AL,202509,2006510,0211020036,36.0,185.4
SIA,AL,202509,4156722,0211020036,291.0,1498.65
SIA,AL,202509,2005417,0208010033,40.0,15322.8
SIA,AL,202509,2005417,0206030029,15.0,1301.25
SIA,AL,202509,2006510,0206010028,24.0,2426.4
SIA,AL,202509,2005417,0208010025,40.0,16340.8
SIA,AL,202509,7471645,0211020036,85.0,437.75
SIA,AL,202509,2004968,0211020060,60.0,1800.0
SIA,AL,202509,2003333,0206010010,15.0,1301.4
SIA,AL,202509,2003333,0206010036,7.0,607.32
SIA,AL,202509,4020510,0211020036,9.0,46.35
SIA,AL,202509,9923837,0206020031,39.0,5319.99
SIA,AL,202509,2006510,0206010036,8.0,694.08
SIA,AL,202509,3524175,0211020036,28.0,144.2
SIA,AL,202509,7893361,0211020036,304.0,1565.6
SIA,AL,202509,3515842,0206010010,26.0,2255.76
SIA,AL,202509,3515842,0206030010,124.0,17190.12
SIA,AL,202509,2005050,0206030010,74.0,10258.62
SIA,AL,202509,2006510,0206030037,10.0,1386.3
SIA,AL,202509,2004968,0211020036,115.0,592.25
SIA,AL,202509,7040989,0211020036,273.0,1405.95
SIA,AL,202509,3515842,0206010079,92.0,8964.48
SIA,AL,202509,0136581,0206030029,11.0,954.25
SIA,AL,202509,2007037,0206010028,95.0,9604.5
SIA,AL,202509,2007037,0206010079,68.0,6625.92
SIA,AL,202509,2006197,0211020060,96.0,2880.0
SIA,AL,202509,2007037,0206030037,113.0,15665.19
SIA,AL,202509,2007037,0206030010,125.0,17328.75
SIA,AL,202509,2005050,0206010060,85.0,8282.4
SIA,AL,202509,2006197,0206020031,122.0,16642.02
SIA,AL,202509,0136581,0206020031,67.0,9139.47
SIA,AL,202509,0136581,0206030010,141.0,19546.83
SIA,AL,202509,0136581,0206030037,150.0,20794.5
SIA,AL,202509,2006510,0206010052,1.0,86.75
SIA,AL,202509,2006197,0206010079,64.0,6236.16
SIA,AL,202509,2006510,0206020015,3.0,260.25
SIA,AL,202509,3515842,0206010028,82.0,8290.2
SIA,AL,202509,2006510,0206020023,1.0,86.75
SIA,AL,202509,2006197,0206030037,92.0,12753.96
SIA,AL,202509,0136581,0206010079,211.0,20559.84
SIA,AL,202509,0136581,0206010044,14.0,1214.5
SIA,AL,202509,3515842,0206010044,3.0,260.25
SIA,AL,202509,2006197,0211020036,194.0,999.1
SIA,AL,202509,2007037,0208010025,106.0,43303.12
SIA,AL,202509,5616298,0206010079,107.0,10426.08
SIA,AL,202509,0136581,0206020015,6.0,520.5
SIA,AL,202509,7753470,0206010079,21.0,2046.24
SIA,AL,202509,7753470,0206020031,5.0,682.05
SIA,AL,202509,2007037,0206010010,27.0,2342.52
SIA,AL,202509,2007037,0206010044,24.0,2082.0
SIA,AL,202509,2005050,0206020031,20.0,2728.2
SIA,AL,202509,4394445,0206020031,23.0,3137.43
SIA,AL,202509,2006197,0206020023,2.0,173.5
SIA,AL,202509,0136581,0206010028,44.0,4448.4
SIA,AL,202509,0136581,0206020023,7.0,607.25
SIA,AL,202509,7753470,0206030010,10.0,1386.3
SIA,AL,202509,3515842,0206030037,34.0,4713.42
SIA,AL,202509,2006197,0206010010,10.0,867.6
SIA,AL,202509,2005050,0211020036,36.0,185.4
SIA,AL,202509,2006197,0208010033,28.0,10725.96
SIA,AL,202509,2007037,0206020031,148.0,20188.68
SIA,AL,202509,2005417,0206020023,1.0,86.75
SIA,AL,202509,2006197,0206010036,6.0,520.56
SIA,AL,202509,5616298,0206030010,59.0,8179.17
SIA,AL,202509,3515842,0206030029,20.0,1735.0
SIA,AL,202509,2005050,0206010079,20.0,1948.8
SIA,AL,202509,2007037,0206010036,18.0,1561.68
SIA,AL,202509,4394445,0206010028,28.0,2830.8
SIA,AL,202509,2006448,0206010036,1.0,86.76
SIA,AL,202509,4394445,0206010079,34.0,3312.96
SIA,AL,202509,2007606,0211020036,178.0,4450.0
SIA,AL,202509,2007037,0206020015,23.0,1995.25
SIA,AL,202509,2005417,0206010036,7.0,607.32
SIA,AL,202509,2006197,0206030010,107.0,14833.41
SIA,AL,202509,7510233,0211020036,117.0,602.55
SIA,AL,202509,2003333,0206030029,4.0,347.0
SIA,AL,202509,2006197,0208010025,28.0,11438.56
SIA,AL,202509,2006448,0206030029,1.0,86.75
SIA,AL,202509,5616298,0206030037,40.0,5545.2
SIA,AL,202509,5616298,0206030029,3.0,260.25
SIA,AL,202509,2007037,0208010033,106.0,40605.42
SIA,AL,202509,2006448,0206030010,4.0,554.52
SIA,AL,202509,2007037,0206010052,23.0,1995.25
SIA,AL,202509,2005050,0206010052,1.0,86.75
SIA,AL,202509,2005050,0206030037,29.0,4020.27
SIA,AL,202509,9923837,0206010010,20.0,1735.2
SIA,AL,202509,9923837,0206010052,6.0,520.5
SIA,AL,202509,9923837,0206010036,11.0,954.36
SIA,AL,202509,9923837,0206020015,6.0,520.5
SIA,AL,202509,3515842,0206010036,16.0,1388.16
SIA,AL,202509,2006197,0206010028,23.0,2325.3
SIA,AL,202509,2005050,0206020023,2.0,173.5
SIA,AL,202509,3515842,0206020015,14.0,1214.5
SIA,AL,202509,2006197,0206010052,28.0,2429.0
SIA,AL,202509,4394445,0206030010,11.0,1524.93
SIA,AL,202509,0136581,0206010010,10.0,867.6
SIA,AL,202509,5616298,0206010044,6.0,520.5
SIA,AL,202509,3515842,0206020031,31.0,4228.71
SIA,AL,202509,7753470,0206030037,21.0,2911.23
SIA,AL,202509,2006448,0206010028,19.0,1920.9
SIA,AL,202509,4394445,0206010010,9.0,780.84
SIA,AL,202509,0793213,0211020036,17.0,87.55
SIA,AL,202509,5616298,0206010028,2.0,202.2
SIA,AL,202509,5616298,0206020015,2.0,173.5
SIA,AL,202509,0136581,0206010036,2.0,173.52
SIA,AL,202509,0136581,0206010052,8.0,694.0
SIA,AL,202509,2006219,0208010025,3.0,1225.56
SIA,AL,202509,6154549,0211020036,598.0,3079.7
SIA,AL,202509,7753470,0206010044,5.0,433.75
SIA,AL,202509,3990222,0206030010,22.0,3049.86
SIA,AL,202509,4412710,0206010079,326.0,31765.44
SIA,AL,202509,4412710,0206010044,68.0,5899.0
SIA,AL,202509,4412710,0206020031,137.0,18688.17
SIA,AL,202509,2006448,0206010079,10.0,974.4
SIA,AL,202509,5616298,0206020031,10.0,1364.1
SIA,AL,202509,4412710,0206030010,250.0,34657.5
SIA,AL,202509,2006855,0208010025,17.0,6944.84
SIA,AL,202509,4394445,0206010044,7.0,607.25
SIA,AL,202509,2006448,0206010044,2.0,173.5
SIA,AL,202509,2010356,0211020036,442.0,2276.3
SIA,AL,202509,2719576,0211020036,458.0,2358.7
SIA,AL,202509,2006197,0206030029,2.0,173.5
SIA,AL,202509,2010631,0211020036,0.0,0.0
SIA,AL,202509,7212038,0211020036,40.0,206.0
SIA,AL,202509,2003333,0206030037,3.0,415.89
SIA,AL,202509,4394445,0206030037,10.0,1386.3
SIA,AL,202509,2006448,0206010010,4.0,347.04
SIA,AL,202509,2004704,0211020036,76.0,391.4
SIA,AL,202509,2003333,0206030010,3.0,415.89
SIA,AL,202509,2007037,0211020036,247.0,1272.05
SIA,AL,202509,4369297,0211020036,12.0,61.8
SIA,AL,202509,4412710,0206030037,172.0,23844.36
SIA,AL,202509,4412710,0206010028,274.0,27701.4
SIA,AL,202509,4412710,0206010052,9.0,780.75
SIA,AL,202509,3990222,0206010079,63.0,6138.72
SIA,AL,202509,2006855,0208010033,17.0,6512.19
SIA,AL,202509,3990222,0206010028,86.0,8694.6
SIA,AL,202509,7753470,0211020036,163.0,839.45
SIA,AL,202509,2719894,0211020036,110.0,566.5
SIA,AL,202509,7753470,0206010052,1.0,86.75
SIA,AL,202509,2004267,0211020036,451.0,2322.65
SIA,AL,202509,2722410,0211020036,487.0,2508.05
SIA,AL,202509,0136581,0211020036,368.0,1895.2
SIA,AL,202509,2006197,0206010044,7.0,607.25
SIA,AL,202509,0806285,0206010079,289.0,28160.16
SIA,AL,202509,0806285,0206030010,193.0,26755.59
SIA,AL,202509,0806285,0206030037,209.0,28973.67
SIA,AL,202509,2010151,0206020031,19.0,2591.79
SIA,AL,202509,2010151,0206010044,7.0,607.25
SIA,AL,202509,2010151,0206010036,4.0,347.04
SIA,AL,202509,2010151,0206010079,33.0,3215.52
SIA,AL,202509,7262132,0211020036,10.0,51.5
SIA,AL,202509,2721643,0211020036,23.0,118.45
SIA,AL,202509,0806285,0206010028,172.0,17389.2
SIA,AL,202509,0806285,0206020031,140.0,19097.4
SIA,AL,202509,0806285,0206010010,75.0,6507.0
SIA,AL,202509,0806285,0206010044,47.0,4077.25
SIA,AL,202509,0806285,0206030029,6.0,520.5
SIA,AL,202509,0806285,0206020015,6.0,520.5
SIA,AL,202509,0806285,0206010036,16.0,1388.16
SIA,AL,202509,2722429,0211020036,166.0,854.9
SIA,AL,202509,4020405,0211020036,50.0,257.5
SIA,AL,202509,5283191,0205010016,40.0,6600.0
SIA,AL,202509,2010151,0206030010,27.0,3743.01
SIA,AL,202509,2010151,0206030037,23.0,3188.49
SIA,AL,202509,2010151,0206010028,26.0,2628.6
SIA,AL,202509,7885075,0211020036,95.0,489.25
SIA,AL,202509,7911238,0211020036,331.0,1704.65
SIA,AL,202509,9787925,0211020036,70.0,360.5
SIA,AL,202509,2006960,0206010010,25.0,2169.0
SIA,AL,202509,2006960,0206010028,37.0,3740.7
SIA,AL,202509,2006960,0206030029,13.0,1127.75
SIA,AL,202509,2876604,0211020036,20.0,103.0
SIA,AL,202509,5446503,0211020036,105.0,540.75
SIA,AL,202509,2010151,0206010010,8.0,694.08
SIA,AL,202509,2006510,0206030029,2.0,173.5
SIA,AL,202509,2006960,0206010044,4.0,347.0
SIA,AL,202509,2006960,0206020031,18.0,2455.38
SIA,AL,202509,2006960,0206030037,12.0,1663.56
SIA,AL,202509,9158251,0211020036,1690.0,8703.5
SIA,AL,202509,2006960,0206010036,6.0,520.56
SIA,AL,202509,7112068,0211020036,14.0,72.1
SIA,AL,202509,7097794,0211020036,100.0,515.0
SIA,AL,202509,7449003,0211020036,25.0,128.75
SIA,AL,202509,2010151,0206020015,2.0,173.5
SIA,AL,202509,9861858,0211020036,73.0,375.95
SIA,AL,202509,9158251,0211020060,147.0,4410.0
SIA,AL,202509,0806285,0211020036,222.0,1143.3
SIA,AL,202509,2006960,0206030010,11.0,1524.93
SIA,AL,202509,2719347,0211020036,3.0,15.45
SIA,AL,202509,0806285,0206010052,6.0,520.5
SIA,AL,202509,9146350,0211020036,157.0,808.55
SIA,AL,202509,6489699,0211020036,120.0,618.0
SIA,AL,202509,4394445,0206020015,1.0,86.75
SIA,AL,202509,0990221,0211020036,464.0,2389.6
SIA,AL,202509,2722364,0211020036,19.0,97.85
SIA,AL,202509,2005050,0206010044,2.0,173.5
SIA,AL,202509,9357688,0211020036,39.0,200.85
SIA,AL,202509,3397874,0206010028,65.0,6571.5
SIA,AL,202509,7042671,0206020031,127.0,17324.07
SIA,AL,202509,7042671,0206010079,274.0,26698.56
SIA,AL,202509,7042671,0206030037,214.0,29666.82
SIA,AL,202509,7042671,0211020036,276.0,1421.4
SIA,AL,202509,3397874,0206030037,46.0,6376.98
SIA,AL,202509,3397874,0206010010,21.0,1821.96
SIA,AL,202509,3397874,0206020031,69.0,9412.29
SIA,AL,202509,7042671,0206010028,170.0,17187.0
SIA,AL,202509,7042671,0206010036,45.0,3904.2
SIA,AL,202509,7042671,0206010044,62.0,5378.5
SIA,AL,202509,3397874,0206010079,36.0,3507.84
SIA,AL,202509,6985173,0211020036,48.0,247.2
SIA,AL,202509,3397874,0211020060,97.0,2910.0
SIA,AL,202509,3397874,0206030010,41.0,5683.83
SIA,AL,202509,2719657,0211020036,30.0,154.5
SIA,AL,202509,3397874,0206010044,10.0,867.5
SIA,AL,202509,9056971,0211020036,37.0,190.55
SIA,AL,202509,2006359,0206030037,5.0,693.15
SIA,AL,202509,7042671,0206010010,54.0,4685.04
SIA,AL,202509,7042671,0206020023,41.0,3556.75
SIA,AL,202509,2006359,0206010036,4.0,347.04
SIA,AL,202509,2006359,0206010010,7.0,607.32
SIA,AL,202509,2006359,0206010028,1.0,101.1
SIA,AL,202509,2006448,0211020036,79.0,406.85
SIA,AL,202509,2006359,0206020031,10.0,1364.1
SIA,AL,202509,4019334,0211020036,28.0,560.0
SIA,AL,202509,2005727,0211020036,240.0,1236.0
SIA,AL,202509,7042671,0206030010,10.0,1386.3
SIA,AL,202509,3397874,0206010036,6.0,520.56
SIA,AL,202509,7042671,0206010052,1.0,86.75
SIA,AL,202509,2719770,0211020036,147.0,757.05
SIA,AL,202509,3990222,0206020031,29.0,3955.89
SIA,AL,202509,3990222,0206010010,32.0,2776.32
SIA,AL,202509,3990222,0206030037,12.0,1663.56
SIA,AL,202509,2005050,0206010010,1.0,86.76
SIA,AL,202509,4156730,0211020036,431.0,2219.65
SIA,AL,202509,2006359,0206010044,6.0,520.5
SIA,AL,202509,4412710,0206010010,89.0,7721.64
SIA,AL,202509,2006359,0206010079,2.0,194.88
SIA,AL,202509,2009544,0211020036,64.0,329.6
SIA,AL,202509,4412710,0206030029,27.0,2342.25
SIA,AL,202509,3990222,0206030029,2.0,173.5
SIA,AL,202509,7042671,0206030029,3.0,260.25
SIA,AL,202509,2010747,0211020036,91.0,468.65
SIA,AL,202509,4879244,0211020036,754.0,3883.1
SIA,AL,202509,2006359,0206030010,5.0,693.15
SIA,AL,202509,3990222,0206010036,14.0,1214.64
SIA,AL,202509,3990222,0206020023,3.0,260.25
SIA,AL,202509,7372116,0211020036,24.0,123.6
SIA,AL,202509,2007061,0211020036,61.0,314.15
SIA,AL,202509,4412710,0211020036,506.0,2605.9
SIA,AL,202509,4412710,0211020060,160.0,4800.0
SIA,AL,202509,2003856,0211020036,63.0,324.45
SIA,AL,202509,4412710,0206020015,14.0,1214.5
SIA,AL,202509,7996314,0211020036,240.0,1236.0
SIA,AL,202509,9643567,0211020036,96.0,494.4
SIA,AL,202509,4412710,0206010036,39.0,3383.64
SIA,AL,202509,5446201,0211020036,58.0,298.7
SIA,AL,202509,3008924,0211020036,383.0,1972.45
SIA,AL,202509,2009242,0211020036,77.0,396.55
SIA,AL,202509,9804439,0211020036,43.0,221.45
SIA,AL,202509,2009420,0211020036,40.0,206.0
SIA,AL,202509,6518052,0211020036,416.0,2142.4
SIA,AL,202509,9810242,0211020036,51.0,262.65
SIA,AL,202509,3990222,0206010044,7.0,607.25
SIA,AL,202509,2006960,0206020015,7.0,607.25
SIA,AL,202509,2720027,0211020036,1.0,5.15
SIA,AL,202509,2010151,0206010052,3.0,260.25
SIA,AL,202509,2003910,0211020036,76.0,391.4
SIA,AL,202509,2006448,0206010052,1.0,86.75
SIA,AL,202509,7042671,0206020015,5.0,433.75
SIA,AL,202509,2004607,0211020036,327.0,1684.05
SIA,AL,202509,3397874,0206030029,4.0,347.0
SIA,AL,202509,0806285,0206010060,1.0,97.44
SIA,AL,202509,2006960,0206010079,7.0,682.08
SIA,AL,202509,2005050,0206020015,1.0,86.75
SIA,AL,202509,2006448,0206030037,2.0,277.26
SIA,AL,202509,2721449,0211020036,26.0,133.9
SIA,AL,202509,3426793,0211020036,125.0,643.75
SIA,AL,202509,2719444,0211020036,24.0,123.6
SIA,AL,202509,5616298,0206010052,2.0,173.5
SIA,AL,202509,4156714,0211020036,711.0,3661.65
SIA,AL,202509,6041337,0211020036,19.0,97.85
SIA,AL,202509,9831452,0211020036,32.0,164.8
SIA,AL,202509,2005417,0206020015,1.0,86.75
SIA,AL,202509,3397874,0211020036,326.0,1678.9
SIA,AL,202509,2006960,0206020023,2.0,173.5
SIA,AL,202509,2007037,0206010095,151.0,318190.22
SIA,AL,202509,2007037,0211020010,67.0,48912.68
SIA,AL,202509,2011131,0211020036,67.0,345.05
SIA,AL,202509,2010151,0206030029,2.0,173.5
SIA,AL,202509,2007401,0211020036,100.0,515.0
SIA,AL,202509,0806285,0206020023,2.0,173.5
SIA,AL,202509,2720043,0211020036,56.0,288.4
SIA,AL,202509,3515842,0211020036,55.0,283.25
SIA,AL,202509,4394445,0206030029,2.0,173.5
SIA,AL,202509,2005417,0211020010,50.0,36502.0
SIA,AL,202509,2006448,0211020010,19.0,13870.76
SIA,AL,202509,2719371,0211020036,15.0,77.25
SIA,AL,202509,4394445,0206010052,2.0,173.5
SIA,AL,202509,3028984,0211020036,1.0,5.15
SIA,AL,202509,2705729,0211020060,8.0,240.0
SIA,AL,202509,2006448,0206020031,1.0,136.41
SIA,AL,202509,5616298,0206010010,1.0,86.76
SIA,AL,202509,4020383,0211020036,53.0,1325.0
SIA,AL,202509,2006960,0206010052,1.0,86.75
SIA,AL,202509,0902179,0211020036,375.0,1931.25
SIA,AL,202510,7753470,0206010010,3.0,260.28
SIA,AL,202510,2006448,0206030037,2.0,277.26
SIA,AL,202510,9923837,0206010079,239.0,23288.16
SIA,AL,202510,9923837,0206010028,68.0,6874.8
SIA,AL,202510,9923837,0206020031,62.0,8457.42
SIA,AL,202510,9923837,0206030010,133.0,18437.79
SIA,AL,202510,9923837,0206020015,6.0,520.5
SIA,AL,202510,9923837,0206010010,29.0,2516.04
SIA,AL,202510,9923837,0206030037,135.0,18715.05
SIA,AL,202510,7753470,0206010028,2.0,202.2
SIA,AL,202510,7753470,0206010079,14.0,1364.16
SIA,AL,202510,9923837,0206010036,15.0,1301.4
SIA,AL,202510,9923837,0206010044,39.0,3383.25
SIA,AL,202510,9923837,0206030029,5.0,433.75
SIA,AL,202510,2006448,0206010028,17.0,1718.7
SIA,AL,202510,2005050,0211020036,7.0,36.05
SIA,AL,202510,7753470,0206030037,22.0,3049.86
SIA,AL,202510,2006448,0206010079,9.0,876.96
SIA,AL,202510,5616298,0206030010,212.0,29389.56
SIA,AL,202510,9923837,0206010052,5.0,433.75
SIA,AL,202510,7372116,0211020036,14.0,72.1
SIA,AL,202510,5616298,0206030037,112.0,15526.56
SIA,AL,202510,5616298,0206010079,330.0,32155.2
SIA,AL,202510,3990222,0206010028,62.0,6268.2
SIA,AL,202510,5616298,0206010028,66.0,6672.6
SIA,AL,202510,3515842,0206010079,145.0,14128.8
SIA,AL,202510,3515842,0206030029,10.0,867.5
SIA,AL,202510,2006510,0206020031,65.0,8866.65
SIA,AL,202510,2006510,0206010044,84.0,7287.0
SIA,AL,202510,2006510,0206010079,211.0,20559.84
SIA,AL,202510,3515842,0206010010,44.0,3817.44
SIA,AL,202510,2006510,0206010010,32.0,2776.32
SIA,AL,202510,2006510,0206010028,38.0,3841.8
SIA,AL,202510,2006510,0206030037,15.0,2079.45
SIA,AL,202510,2006510,0206030010,94.0,13031.22
SIA,AL,202510,2006510,0206010036,6.0,520.56
SIA,AL,202510,3515842,0206010044,12.0,1041.0
SIA,AL,202510,2006510,0206010052,2.0,173.5
SIA,AL,202510,3515842,0206020031,48.0,6547.68
SIA,AL,202510,2006448,0206020031,3.0,409.23
SIA,AL,202510,3515842,0206030010,139.0,19269.57
SIA,AL,202510,3515842,0206010028,113.0,11424.3
SIA,AL,202510,3990222,0206010079,66.0,6431.04
SIA,AL,202510,9923837,0206020023,4.0,347.0
SIA,AL,202510,3990222,0206030029,3.0,260.25
SIA,AL,202510,3990222,0206010044,11.0,954.25
SIA,AL,202510,3990222,0206010036,7.0,607.32
SIA,AL,202510,3515842,0206020015,11.0,954.25
SIA,AL,202510,3990222,0206010052,3.0,260.25
SIA,AL,202510,2006510,0206030029,5.0,433.75
SIA,AL,202510,5616298,0206020031,50.0,6820.5
SIA,AL,202510,3515842,0206030037,34.0,4713.42
SIA,AL,202510,3990222,0206030037,25.0,3465.75
SIA,AL,202510,5616298,0206010044,22.0,1908.5
SIA,AL,202510,5616298,0206010036,14.0,1214.64
SIA,AL,202510,2007037,0206010095,240.0,505732.8
SIA,AL,202510,2007037,0211020010,68.0,49642.72
SIA,AL,202510,3990222,0206030010,29.0,4020.27
SIA,AL,202510,2006448,0206030010,1.0,138.63
SIA,AL,202510,3990222,0206010010,18.0,1561.68
SIA,AL,202510,5616298,0206030029,7.0,607.25
SIA,AL,202510,3515842,0206010036,11.0,954.36
SIA,AL,202510,3990222,0206020031,27.0,3683.07
SIA,AL,202510,7753470,0206010044,6.0,520.5
SIA,AL,202510,7753470,0206030010,1.0,138.63
SIA,AL,202510,3954579,0211020036,49.0,252.35
SIA,AL,202510,2006197,0206020031,112.0,15277.92
SIA,AL,202510,2006197,0211020036,260.0,1339.0
SIA,AL,202510,2006197,0206010028,25.0,2527.5
SIA,AL,202510,2006960,0206020031,20.0,2728.2
SIA,AL,202510,2006960,0206010028,22.0,2224.2
SIA,AL,202510,2006197,0206030010,105.0,14556.15
SIA,AL,202510,2006197,0206010036,7.0,607.32
SIA,AL,202510,2006197,0206030037,117.0,16219.71
SIA,AL,202510,5616298,0206020015,7.0,607.25
SIA,AL,202510,2006197,0206030029,4.0,347.0
SIA,AL,202510,2006960,0206010079,11.0,1071.84
SIA,AL,202510,2006197,0206010060,1.0,97.44
SIA,AL,202510,2006960,0206030010,17.0,2356.71
SIA,AL,202510,2006197,0208010033,10.0,3830.7
SIA,AL,202510,2006197,0211020060,92.0,2760.0
SIA,AL,202510,2719657,0211020036,31.0,159.65
SIA,AL,202510,2006960,0206030037,18.0,2495.34
SIA,AL,202510,2006855,0208010033,16.0,6129.12
SIA,AL,202510,4412710,0206030010,270.0,37430.1
SIA,AL,202510,4412710,0206010079,337.0,32837.28
SIA,AL,202510,4412710,0206020031,133.0,18142.53
SIA,AL,202510,4412710,0206010028,305.0,30835.5
SIA,AL,202510,4412710,0206010010,85.0,7374.6
SIA,AL,202510,4412710,0206030037,179.0,24814.77
SIA,AL,202510,4412710,0206010044,67.0,5812.25
SIA,AL,202510,4412710,0206010036,32.0,2776.32
SIA,AL,202510,4412710,0206020015,10.0,867.5
SIA,AL,202510,5616298,0206010010,19.0,1648.44
SIA,AL,202510,4412710,0211020036,523.0,2693.45
SIA,AL,202510,2010356,0211020036,436.0,2245.4
SIA,AL,202510,2006448,0211020010,16.0,11680.64
SIA,AL,202510,2006197,0206010010,3.0,260.28
SIA,AL,202510,2006197,0206010079,47.0,4579.68
SIA,AL,202510,2876582,0211020036,59.0,303.85
SIA,AL,202510,2004704,0211020036,64.0,329.6
SIA,AL,202510,4412710,0206030029,23.0,1995.25
SIA,AL,202510,2004968,0211020036,115.0,592.25
SIA,AL,202510,2006197,0206010052,15.0,1301.25
SIA,AL,202510,2007606,0211020036,452.0,11300.0
SIA,AL,202510,2006960,0206030029,16.0,1388.0
SIA,AL,202510,2006219,0208010033,6.0,2298.42
SIA,AL,202510,2006197,0208010025,9.0,3676.68
SIA,AL,202510,2006960,0206020015,5.0,433.75
SIA,AL,202510,2003570,0211020036,15.0,77.25
SIA,AL,202510,2006359,0206010010,4.0,347.04
SIA,AL,202510,7753470,0206020031,7.0,954.87
SIA,AL,202510,2005417,0211020010,55.0,40152.2
SIA,AL,202510,2006960,0206010010,15.0,1301.4
SIA,AL,202510,4412710,0206010060,7.0,682.08
SIA,AL,202510,2006359,0206020031,11.0,1500.51
SIA,AL,202510,2006960,0206010044,4.0,347.0
SIA,AL,202510,2006197,0206010044,5.0,433.75
SIA,AL,202510,2006219,0208010025,6.0,2451.12
SIA,AL,202510,7911238,0211020036,646.0,3326.9
SIA,AL,202510,2705729,0211020060,10.0,300.0
SIA,AL,202510,2006960,0206020023,2.0,173.5
SIA,AL,202510,2006197,0206020023,1.0,86.75
SIA,AL,202510,2006359,0206010079,6.0,584.64
SIA,AL,202510,2006855,0208010025,16.0,6536.32
SIA,AL,202510,0136581,0206010010,11.0,954.36
SIA,AL,202510,0136581,0206010028,56.0,5661.6
SIA,AL,202510,7120869,0206020031,33.0,4501.53
SIA,AL,202510,7120869,0206010028,123.0,12435.3
SIA,AL,202510,0136581,0206020031,62.0,8457.42
SIA,AL,202510,0136581,0206010079,209.0,20364.96
SIA,AL,202510,0806285,0206030010,217.0,30082.71
SIA,AL,202510,0806285,0206030037,221.0,30637.23
SIA,AL,202510,0806285,0206010028,184.0,18602.4
SIA,AL,202510,0806285,0206010010,59.0,5118.84
SIA,AL,202510,7120869,0206010079,66.0,6431.04
SIA,AL,202510,7040989,0211020036,267.0,1375.05
SIA,AL,202510,7120869,0206030037,31.0,4297.53
SIA,AL,202510,0806285,0206010079,316.0,30791.04
SIA,AL,202510,0806285,0206020031,115.0,15687.15
SIA,AL,202510,7042671,0206030037,219.0,30359.97
SIA,AL,202510,7042671,0211020036,232.0,1194.8
SIA,AL,202510,6985173,0211020036,74.0,381.1
SIA,AL,202510,7726996,0206010079,7.0,682.08
SIA,AL,202510,0136581,0206030037,159.0,22042.17
SIA,AL,202510,0806285,0206010044,51.0,4424.25
SIA,AL,202510,0136581,0206020023,5.0,433.75
SIA,AL,202510,0136581,0206030010,113.0,15665.19
SIA,AL,202510,7120869,0206010010,37.0,3210.12
SIA,AL,202510,0793213,0211020036,35.0,180.25
SIA,AL,202510,0136581,0206010036,5.0,433.8
SIA,AL,202510,0806285,0206030029,19.0,1648.25
SIA,AL,202510,7120869,0206030010,31.0,4297.53
SIA,AL,202510,7120869,0206010036,19.0,1648.44
SIA,AL,202510,2006359,0206010036,2.0,173.52
SIA,AL,202510,2009137,0211020036,58.0,298.7
SIA,AL,202510,7726996,0206030010,6.0,831.78
SIA,AL,202510,7726996,0206030037,2.0,277.26
SIA,AL,202510,0806285,0206020023,8.0,694.0
SIA,AL,202510,7042671,0206010079,217.0,21144.48
SIA,AL,202510,7042671,0206010028,147.0,14861.7
SIA,AL,202510,7042671,0206010010,56.0,4858.56
SIA,AL,202510,7042671,0206020023,29.0,2515.75
SIA,AL,202510,7726996,0206010052,2.0,173.5
SIA,AL,202510,7120869,0206030029,5.0,433.75
SIA,AL,202510,2006359,0206030037,5.0,693.15
SIA,AL,202510,7042671,0206020031,89.0,12140.49
SIA,AL,202510,2006529,0211020036,270.0,1390.5
SIA,AL,202510,0136581,0206030029,8.0,694.0
SIA,AL,202510,4412710,0206010052,8.0,694.0
SIA,AL,202510,2006359,0206010044,4.0,347.0
SIA,AL,202510,7042671,0206010044,41.0,3556.75
SIA,AL,202510,7726996,0206010010,7.0,607.32
SIA,AL,202510,7042671,0206030010,5.0,693.15
SIA,AL,202510,2719347,0211020036,62.0,319.3
SIA,AL,202510,7042671,0206010052,7.0,607.25
SIA,AL,202510,7042671,0206010036,31.0,2689.56
SIA,AL,202510,2007037,0206010010,28.0,2429.28
SIA,AL,202510,2007037,0206020031,148.0,20188.68
SIA,AL,202510,2007037,0206030010,117.0,16219.71
SIA,AL,202510,2007037,0206010028,103.0,10413.3
SIA,AL,202510,7097794,0211020036,86.0,442.9
SIA,AL,202510,2003333,0206010028,144.0,14558.4
SIA,AL,202510,3397874,0206030010,64.0,8872.32
SIA,AL,202510,3397874,0206020031,65.0,8866.65
SIA,AL,202510,7893361,0206010079,78.0,7600.32
SIA,AL,202510,7893361,0206010028,85.0,8593.5
SIA,AL,202510,2003856,0211020036,58.0,298.7
SIA,AL,202510,2007037,0208010025,89.0,36358.28
SIA,AL,202510,5283191,0205010016,38.0,6270.0
SIA,AL,202510,3397874,0206030037,56.0,7763.28
SIA,AL,202510,3397874,0206010010,24.0,2082.24
SIA,AL,202510,3397874,0206010028,60.0,6066.0
SIA,AL,202510,3397874,0211020060,85.0,2550.0
SIA,AL,202510,3397874,0211020036,319.0,1642.85
SIA,AL,202510,2003333,0206010079,92.0,8964.48
SIA,AL,202510,4020278,0211020036,94.0,484.1
SIA,AL,202510,2007037,0206020015,25.0,2168.75
SIA,AL,202510,2007037,0206010052,30.0,2602.5
SIA,AL,202510,2003333,0206010036,8.0,694.08
SIA,AL,202510,2010151,0206020031,17.0,2318.97
SIA,AL,202510,2010151,0206010028,26.0,2628.6
SIA,AL,202510,2007037,0206010079,79.0,7697.76
SIA,AL,202510,2007037,0206030037,132.0,18299.16
SIA,AL,202510,2010151,0206010010,7.0,607.32
SIA,AL,202510,3963527,0211020036,58.0,298.7
SIA,AL,202510,2010151,0206030010,26.0,3604.38
SIA,AL,202510,2007037,0206010036,21.0,1821.96
SIA,AL,202510,2007037,0206010044,16.0,1388.0
SIA,AL,202510,2007037,0208010033,89.0,34093.23
SIA,AL,202510,2003333,0206010010,16.0,1388.16
SIA,AL,202510,3397874,0206010079,54.0,5261.76
SIA,AL,202510,2010151,0206010079,41.0,3995.04
SIA,AL,202510,7893361,0206030037,9.0,1247.67
SIA,AL,202510,7893361,0206010036,12.0,1041.12
SIA,AL,202510,7893361,0206030010,7.0,970.41
SIA,AL,202510,7893361,0206020031,11.0,1500.51
SIA,AL,202510,3397874,0206010036,7.0,607.32
SIA,AL,202510,2010151,0206030029,5.0,433.75
SIA,AL,202510,7893361,0206010010,23.0,1995.48
SIA,AL,202510,7893361,0206020015,5.0,433.75
SIA,AL,202510,4156730,0211020036,385.0,1982.75
SIA,AL,202510,2003333,0206030029,2.0,173.5
SIA,AL,202510,2003910,0211020036,80.0,412.0
SIA,AL,202510,3397874,0206030029,7.0,607.25
SIA,AL,202510,2007061,0211020036,55.0,283.25
SIA,AL,202510,2005417,0206030010,74.0,10258.62
SIA,AL,202510,7042671,0206020015,3.0,260.25
SIA,AL,202510,2719770,0211020036,552.0,2842.8
SIA,AL,202510,2010151,0206030037,26.0,3604.38
SIA,AL,202510,2005417,0208010025,39.0,15932.28
SIA,AL,202510,3397874,0206010044,3.0,260.25
SIA,AL,202510,2005417,0206020015,2.0,173.5
SIA,AL,202510,2005417,0206020031,98.0,13368.18
SIA,AL,202510,2005417,0206010028,95.0,9604.5
SIA,AL,202510,2005417,0211020036,214.0,1102.1
SIA,AL,202510,2005417,0206010036,16.0,1388.16
SIA,AL,202510,2005417,0206010010,24.0,2082.24
SIA,AL,202510,7893361,0206030029,8.0,694.0
SIA,AL,202510,2005417,0208010033,39.0,14939.73
SIA,AL,202510,2005417,0206010079,84.0,8184.96
SIA,AL,202510,2003333,0206020031,1.0,136.41
SIA,AL,202510,2010151,0206010044,10.0,867.5
SIA,AL,202510,2005344,0211020036,95.0,489.25
SIA,AL,202510,2005417,0206030037,69.0,9565.47
SIA,AL,202510,2010631,0211020036,0.0,0.0
SIA,AL,202510,2005417,0211020060,24.0,720.0
SIA,AL,202510,2005417,0206010044,18.0,1561.5
SIA,AL,202510,2009242,0211020036,188.0,968.2
SIA,AL,202510,3524175,0211020036,33.0,169.95
SIA,AL,202510,4394445,0206010079,1.0,97.44
SIA,AL,202510,9643567,0211020036,123.0,633.45
SIA,AL,202510,7893361,0211020036,409.0,2106.35
SIA,AL,202510,2722429,0211020036,248.0,1277.2
SIA,AL,202510,0806285,0206010036,15.0,1301.4
SIA,AL,202510,2719290,0211020036,160.0,824.0
SIA,AL,202510,2005417,0206010052,26.0,2255.5
SIA,AL,202510,7120869,0206010044,10.0,867.5
SIA,AL,202510,7726996,0206020031,2.0,272.82
SIA,AL,202510,9158251,0211020060,161.0,4830.0
SIA,AL,202510,9158251,0211020036,1734.0,8930.1
SIA,AL,202510,6041337,0211020036,79.0,406.85
SIA,AL,202510,0136581,0206020015,6.0,520.5
SIA,AL,202510,9357688,0211020036,33.0,169.95
SIA,AL,202510,2007037,0206030029,1.0,86.75
SIA,AL,202510,5446201,0211020036,29.0,149.35
SIA,AL,202510,7120869,0206020015,1.0,86.75
SIA,AL,202510,7120869,0206020023,1.0,86.75
SIA,AL,202510,2007037,0211020036,261.0,1344.15
SIA,AL,202510,7893361,0206010044,4.0,347.0
SIA,AL,202510,0806285,0206020015,4.0,347.0
SIA,AL,202510,0136581,0206010052,3.0,260.25
SIA,AL,202510,2009250,0211020036,18.0,92.7
SIA,AL,202510,0136581,0206010044,12.0,1041.0
SIA,AL,202510,2010151,0206010052,1.0,86.75
SIA,AL,202510,7042671,0206030029,2.0,173.5
SIA,AL,202510,3397874,0206010052,2.0,173.5
SIA,AL,202510,2003333,0206030010,2.0,277.26
SIA,AL,202510,4020510,0211020036,116.0,597.4
SIA,AL,202510,4369297,0211020036,215.0,1107.25
SIA,AL,202510,2722364,0211020036,18.0,92.7
SIA,AL,202510,2719762,0211020036,259.0,1333.85
SIA,AL,202510,2004607,0211020036,249.0,1282.35
SIA,AL,202510,7753470,0211020036,147.0,757.05
SIA,AL,202510,9923837,0211020036,131.0,674.65
SIA,AL,202510,2876604,0211020036,50.0,257.5
SIA,AL,202510,2009544,0211020036,51.0,262.65
SIA,AL,202510,2719894,0211020036,110.0,566.5
SIA,AL,202510,7996314,0211020036,252.0,1297.8
SIA,AL,202510,2005417,0206030029,6.0,520.5
SIA,AL,202510,7753470,0206010036,2.0,173.52
SIA,AL,202510,6154549,0211020036,497.0,2559.55
SIA,AL,202510,2005530,0211020036,599.0,3084.85
SIA,AL,202510,2006448,0206010010,3.0,260.28
SIA,AL,202510,7753470,0206010052,1.0,86.75
SIA,AL,202510,4020405,0211020036,50.0,257.5
SIA,AL,202510,0902179,0211020036,440.0,2266.0
SIA,AL,202510,9861858,0211020036,200.0,1030.0
SIA,AL,202510,2721643,0211020036,46.0,236.9
SIA,AL,202510,0806285,0206010060,1.0,97.44
SIA,AL,202510,0136581,0211020036,156.0,803.4
SIA,AL,202510,9804439,0211020036,48.0,247.2
SIA,AL,202510,9810242,0211020036,75.0,386.25
SIA,AL,202510,2009420,0211020036,35.0,180.25
SIA,AL,202510,2719371,0211020036,24.0,123.6
SIA,AL,202510,2719576,0211020036,411.0,2116.65
SIA,AL,202510,0806285,0211020036,213.0,1096.95
SIA,AL,202510,0806285,0206010052,4.0,347.0
SIA,AL,202510,2720043,0211020036,166.0,854.9
SIA,AL,202510,3426793,0211020036,178.0,916.7
SIA,AL,202510,7726996,0206010028,3.0,303.3
SIA,AL,202510,3990222,0206020015,1.0,86.75
SIA,AL,202510,2006359,0206030029,3.0,260.25
SIA,AL,202510,2006359,0206030010,5.0,693.15
SIA,AL,202510,7449003,0211020036,24.0,123.6
SIA,AL,202510,4879244,0211020036,760.0,3914.0
SIA,AL,202510,9056971,0211020036,337.0,1735.55
SIA,AL,202510,7726996,0211020060,10.0,300.0
SIA,AL,202510,4020383,0211020036,51.0,1275.0
SIA,AL,202510,3990222,0206020023,1.0,86.75
SIA,AL,202510,7120869,0206010052,1.0,86.75
SIA,AL,202510,2004267,0211020036,456.0,2348.4
SIA,AL,202510,2720027,0211020036,1.0,5.15
SIA,AL,202510,2006448,0206010036,1.0,86.76
SIA,AL,202510,2011689,0211020036,58.0,298.7
SIA,AL,202510,5446503,0211020036,100.0,515.0
SIA,AL,202510,2006359,0206010028,2.0,202.2
SIA,AL,202510,3990222,0206010060,1.0,97.44
SIA,AL,202510,5616298,0206020023,1.0,86.75
SIA,AL,202510,9831452,0211020036,76.0,391.4
SIA,AL,202510,5616298,0206010052,2.0,173.5
SIA,AL,202510,7885075,0211020036,96.0,494.4
SIA,AL,202510,2004488,0211020036,34.0,175.1
SIA,AL,202510,7112068,0211020036,20.0,103.0
SIA,AL,202510,7262132,0211020036,16.0,82.4
SIA,AL,202510,2006960,0206010036,2.0,173.52
SIA,AL,202510,9146350,0211020036,125.0,643.75
SIA,AL,202510,3008924,0211020036,634.0,3265.1
SIA,AL,202510,2719444,0211020036,17.0,87.55
SIA,AL,202510,2721449,0211020036,25.0,128.75
SIA,AL,202510,7212038,0211020036,6.0,30.9
SIA,AL,202510,4412710,0211020060,26.0,780.0
SIA,AL,202510,2010747,0211020036,107.0,551.05
SIA,AL,202510,4020472,0211020036,4.0,20.6
SIA,AL,202510,6518052,0211020036,44.0,226.6
SIA,AL,202510,0990221,0211020036,474.0,2441.1
SIA,AL,202510,4394445,0206010028,1.0,101.1
SIA,AL,202510,9787925,0211020036,187.0,963.05
SIA,AL,202510,2722410,0211020036,599.0,3084.85
SIA,AL,202510,2722372,0211020036,55.0,283.25
SIA,AL,202510,7471645,0211020036,130.0,669.5
SIA,AL,202510,2006510,0211020036,66.0,339.9
SIA,AL,202510,6489699,0211020036,55.0,283.25
SIA,AL,202510,2010151,0206010036,2.0,173.52
SIA,AL,202510,3515842,0211020036,399.0,2054.85
SIA,AL,202510,2011131,0211020036,137.0,705.55
SIA,AL,202511,2007037,0208010033,96.0,36774.72
SIA,AL,202511,2007037,0206010044,21.0,1821.75
SIA,AL,202511,9923837,0206010079,112.0,10913.28
SIA,AL,202511,2007037,0208010025,96.0,39217.92
SIA,AL,202511,2007037,0206030037,76.0,10535.88
SIA,AL,202511,2007037,0206010079,64.0,6236.16
SIA,AL,202511,2007037,0206020031,85.0,11594.85
SIA,AL,202511,3990222,0206010028,76.0,7683.6
SIA,AL,202511,3990222,0206010079,66.0,6431.04
SIA,AL,202511,2003333,0206010028,131.0,13244.1
SIA,AL,202511,9923837,0206030037,73.0,10119.99
SIA,AL,202511,9923837,0206020031,34.0,4637.94
SIA,AL,202511,9923837,0206010028,57.0,5762.7
SIA,AL,202511,3397874,0206030037,67.0,9288.21
SIA,AL,202511,2006510,0206020031,56.0,7638.96
SIA,AL,202511,2006510,0206010079,236.0,22995.84
SIA,AL,202511,2006510,0206010028,23.0,2325.3
SIA,AL,202511,2006510,0206030010,93.0,12892.59
SIA,AL,202511,2010151,0206020031,18.0,2455.38
SIA,AL,202511,2006510,0206010010,43.0,3730.68
SIA,AL,202511,9923837,0206030010,74.0,10258.62
SIA,AL,202511,3397874,0206010079,54.0,5261.76
SIA,AL,202511,3397874,0206010028,55.0,5560.5
SIA,AL,202511,9923837,0206010044,21.0,1821.75
SIA,AL,202511,9923837,0206010010,17.0,1474.92
SIA,AL,202511,3397874,0206030010,75.0,10397.25
SIA,AL,202511,3397874,0206020031,88.0,12004.08
SIA,AL,202511,2007037,0206030010,60.0,8317.8
SIA,AL,202511,2006510,0206010044,86.0,7460.5
SIA,AL,202511,2007037,0206010036,8.0,694.08
SIA,AL,202511,2007037,0206010028,60.0,6066.0
SIA,AL,202511,3397874,0211020060,52.0,1560.0
SIA,AL,202511,2007037,0206010010,16.0,1388.16
SIA,AL,202511,2003333,0206010010,16.0,1388.16
SIA,AL,202511,2007037,0206020015,20.0,1735.0
SIA,AL,202511,2007037,0206010052,23.0,1995.25
SIA,AL,202511,2003333,0206010079,71.0,6918.24
SIA,AL,202511,9923837,0206020015,2.0,173.5
SIA,AL,202511,2010151,0206030037,27.0,3743.01
SIA,AL,202511,3397874,0206010036,16.0,1388.16
SIA,AL,202511,4394445,0206010028,7.0,707.7
SIA,AL,202511,2003333,0206010036,7.0,607.32
SIA,AL,202511,4879244,0211020036,601.0,3095.15
SIA,AL,202511,2010151,0206030010,25.0,3465.75
SIA,AL,202511,3990222,0206030010,23.0,3188.49
SIA,AL,202511,9643567,0211020036,88.0,453.2
SIA,AL,202511,3990222,0206020031,18.0,2455.38
SIA,AL,202511,0793213,0211020036,33.0,169.95
SIA,AL,202511,9357688,0211020036,23.0,118.45
SIA,AL,202511,9923837,0206010052,5.0,433.75
SIA,AL,202511,2010151,0206010079,22.0,2143.68
SIA,AL,202511,2010151,0206010036,4.0,347.04
SIA,AL,202511,2010151,0206010044,4.0,347.0
SIA,AL,202511,2006510,0206010036,8.0,694.08
SIA,AL,202511,9923837,0206010036,11.0,954.36
SIA,AL,202511,3397874,0206010010,19.0,1648.44
SIA,AL,202511,9923837,0211020036,101.0,520.15
SIA,AL,202511,3990222,0206030029,8.0,694.0
SIA,AL,202511,2010151,0206010028,26.0,2628.6
SIA,AL,202511,2719371,0211020036,16.0,82.4
SIA,AL,202511,3990222,0206030037,19.0,2633.97
SIA,AL,202511,3990222,0206020015,1.0,86.75
SIA,AL,202511,3397874,0206030029,6.0,520.5
SIA,AL,202511,2010151,0206010010,3.0,260.28
SIA,AL,202511,2876582,0211020036,59.0,303.85
SIA,AL,202511,4394445,0206030010,2.0,277.26
SIA,AL,202511,3990222,0206010052,3.0,260.25
SIA,AL,202511,7262132,0211020036,12.0,61.8
SIA,AL,202511,2722410,0211020036,668.0,3440.2
SIA,AL,202511,2005050,0206010060,192.0,18708.48
SIA,AL,202511,2722372,0211020036,49.0,252.35
SIA,AL,202511,7893361,0206010028,79.0,7986.9
SIA,AL,202511,2005050,0211020036,7.0,36.05
SIA,AL,202511,7893361,0206010044,10.0,867.5
SIA,AL,202511,7893361,0206010079,82.0,7990.08
SIA,AL,202511,2005050,0206030010,137.0,18992.31
SIA,AL,202511,2721643,0211020036,42.0,216.3
SIA,AL,202511,3397874,0206010052,3.0,260.25
SIA,AL,202511,2006510,0206030037,5.0,693.15
SIA,AL,202511,7893361,0206010010,24.0,2082.24
SIA,AL,202511,2005050,0206010079,13.0,1266.72
SIA,AL,202511,2010151,0206030029,10.0,867.5
SIA,AL,202511,4394445,0206010044,1.0,86.75
SIA,AL,202511,2006219,0208010025,4.0,1634.08
SIA,AL,202511,7893361,0206030037,16.0,2218.08
SIA,AL,202511,7893361,0206030010,14.0,1940.82
SIA,AL,202511,7893361,0206020031,15.0,2046.15
SIA,AL,202511,2006510,0206020023,2.0,173.5
SIA,AL,202511,7893361,0206010036,7.0,607.32
SIA,AL,202511,3990222,0206010044,6.0,520.5
SIA,AL,202511,3990222,0206010036,8.0,694.08
SIA,AL,202511,7433905,0211020036,14.0,72.1
SIA,AL,202511,2006510,0206020015,2.0,173.5
SIA,AL,202511,2005727,0211020036,86.0,442.9
SIA,AL,202511,2719444,0211020036,22.0,113.3
SIA,AL,202511,3990222,0206010010,16.0,1388.16
SIA,AL,202511,7893361,0206030029,2.0,173.5
SIA,AL,202511,3990222,0206020023,4.0,347.0
SIA,AL,202511,2010151,0206010052,2.0,173.5
SIA,AL,202511,2005050,0206020031,34.0,4637.94
SIA,AL,202511,2003333,0206030029,3.0,260.25
SIA,AL,202511,4394445,0206020031,2.0,272.82
SIA,AL,202511,2719762,0211020036,172.0,885.8
SIA,AL,202511,9056971,0211020036,168.0,865.2
SIA,AL,202511,3990222,0206010060,1.0,97.44
SIA,AL,202511,2006219,0208010033,4.0,1532.28
SIA,AL,202511,3397874,0206010044,6.0,520.5
SIA,AL,202511,3015408,0206010044,116.0,10063.0
SIA,AL,202511,7040989,0211020036,221.0,1138.15
SIA,AL,202511,7120869,0206010079,42.0,4092.48
SIA,AL,202511,7120869,0206010036,12.0,1041.12
SIA,AL,202511,4412710,0206010028,275.0,27802.5
SIA,AL,202511,4412710,0206030037,140.0,19408.2
SIA,AL,202511,3015408,0206020031,150.0,20461.5
SIA,AL,202511,6985173,0211020036,75.0,386.25
SIA,AL,202511,4412710,0206010079,326.0,31765.44
SIA,AL,202511,3015408,0206010079,336.0,32739.84
SIA,AL,202511,7120869,0206030037,21.0,2911.23
SIA,AL,202511,7120869,0206030010,22.0,3049.86
SIA,AL,202511,4412710,0206030029,20.0,1735.0
SIA,AL,202511,2005344,0211020036,90.0,463.5
SIA,AL,202511,4412710,0206030010,211.0,29250.93
SIA,AL,202511,3015408,0206020015,22.0,1908.5
SIA,AL,202511,4412710,0206020031,117.0,15959.97
SIA,AL,202511,3015408,0206030029,12.0,1041.0
SIA,AL,202511,7120869,0206010044,10.0,867.5
SIA,AL,202511,3015408,0206010028,78.0,7885.8
SIA,AL,202511,7120869,0206010028,78.0,7885.8
SIA,AL,202511,4412710,0206010010,62.0,5379.12
SIA,AL,202511,4412710,0206010044,69.0,5985.75
SIA,AL,202511,7120869,0206010010,24.0,2082.24
SIA,AL,202511,2007037,0211020036,236.0,1215.4
SIA,AL,202511,7120869,0206020031,27.0,3683.07
SIA,AL,202511,3515842,0206010010,34.0,2949.84
SIA,AL,202511,5616298,0206010028,11.0,1112.1
SIA,AL,202511,5616298,0206010079,206.0,20072.64
SIA,AL,202511,3515842,0206030037,34.0,4713.42
SIA,AL,202511,0806285,0206030037,223.0,30914.49
SIA,AL,202511,0806285,0206010028,126.0,12738.6
SIA,AL,202511,0806285,0206030010,209.0,28973.67
SIA,AL,202511,0806285,0206010044,60.0,5205.0
SIA,AL,202511,0806285,0206010010,48.0,4164.48
SIA,AL,202511,2003570,0211020036,14.0,72.1
SIA,AL,202511,7753470,0206010044,10.0,867.5
SIA,AL,202511,3515842,0206010079,111.0,10815.84
SIA,AL,202511,3515842,0206030010,142.0,19685.46
SIA,AL,202511,2006448,0206010028,10.0,1011.0
SIA,AL,202511,4412710,0206010052,16.0,1388.0
SIA,AL,202511,7120869,0206030029,4.0,347.0
SIA,AL,202511,0806285,0206010079,280.0,27283.2
SIA,AL,202511,0806285,0206020031,114.0,15550.74
SIA,AL,202511,3397874,0211020036,363.0,1869.45
SIA,AL,202511,3515842,0206030029,21.0,1821.75
SIA,AL,202511,5616298,0206030010,115.0,15942.45
SIA,AL,202511,3515842,0206020031,51.0,6956.91
SIA,AL,202511,3515842,0206010028,96.0,9705.6
SIA,AL,202511,5616298,0206010044,29.0,2515.75
SIA,AL,202511,0806285,0206020023,19.0,1648.25
SIA,AL,202511,4412710,0206010036,22.0,1908.72
SIA,AL,202511,5616298,0206010010,11.0,954.36
SIA,AL,202511,7753470,0206030037,26.0,3604.38
SIA,AL,202511,2010151,0206020015,4.0,347.0
SIA,AL,202511,7753470,0206010079,37.0,3605.28
SIA,AL,202511,2719770,0211020036,232.0,1194.8
SIA,AL,202511,2006448,0206010036,1.0,86.76
SIA,AL,202511,5616298,0206030037,99.0,13724.37
SIA,AL,202511,2006510,0211020036,127.0,654.05
SIA,AL,202511,3515842,0206010036,14.0,1214.64
SIA,AL,202511,5616298,0206020031,31.0,4228.71
SIA,AL,202511,2006855,0208010033,13.0,4979.91
SIA,AL,202511,2006359,0206020031,5.0,682.05
SIA,AL,202511,2006359,0206030010,3.0,415.89
SIA,AL,202511,0806285,0206030029,10.0,867.5
SIA,AL,202511,3015408,0206010010,41.0,3557.16
SIA,AL,202511,2006855,0208010025,13.0,5310.76
SIA,AL,202511,9146350,0211020036,90.0,463.5
SIA,AL,202511,3515842,0206020015,11.0,954.25
SIA,AL,202511,0806285,0206010036,12.0,1041.12
SIA,AL,202511,5616298,0206010036,4.0,347.04
SIA,AL,202511,7753470,0206030010,11.0,1524.93
SIA,AL,202511,7753470,0206020031,10.0,1364.1
SIA,AL,202511,4412710,0206020015,16.0,1388.0
SIA,AL,202511,2006448,0206010010,4.0,347.04
SIA,AL,202511,3515842,0211020036,93.0,478.95
SIA,AL,202511,7753470,0206020015,2.0,173.5
SIA,AL,202511,7753470,0206010028,4.0,404.4
SIA,AL,202511,7753470,0206010010,7.0,607.32
SIA,AL,202511,0806285,0206010052,6.0,520.5
SIA,AL,202511,3015408,0206030037,15.0,2079.45
SIA,AL,202511,5616298,0206030029,3.0,260.25
SIA,AL,202511,5616298,0206020015,6.0,520.5
SIA,AL,202511,2006448,0206010079,6.0,584.64
SIA,AL,202511,2006359,0206030037,4.0,554.52
SIA,AL,202511,3515842,0206010044,5.0,433.75
SIA,AL,202511,2006359,0206010036,2.0,173.52
SIA,AL,202511,2006359,0206010010,7.0,607.32
SIA,AL,202511,2006359,0206010028,5.0,505.5
SIA,AL,202511,0806285,0206020015,7.0,607.25
SIA,AL,202511,2722429,0211020036,198.0,1019.7
SIA,AL,202511,2006960,0206030037,15.0,2079.45
SIA,AL,202511,0136581,0206030037,174.0,24121.62
SIA,AL,202511,0136581,0206020015,7.0,607.25
SIA,AL,202511,0136581,0206020031,73.0,9957.93
SIA,AL,202511,0136581,0206030010,117.0,16219.71
SIA,AL,202511,0136581,0206010028,44.0,4448.4
SIA,AL,202511,0136581,0206010079,227.0,22118.88
SIA,AL,202511,2006960,0206010028,34.0,3437.4
SIA,AL,202511,2006960,0206010010,25.0,2169.0
SIA,AL,202511,5283191,0205010016,37.0,6105.0
SIA,AL,202511,0136581,0206010010,13.0,1127.88
SIA,AL,202511,0136581,0206010036,6.0,520.56
SIA,AL,202511,0136581,0206010044,13.0,1127.75
SIA,AL,202511,0990221,0211020036,233.0,1199.95
SIA,AL,202511,2009544,0211020036,41.0,211.15
SIA,AL,202511,2006960,0206020031,15.0,2046.15
SIA,AL,202511,4156722,0211020036,246.0,1266.9
SIA,AL,202511,0136581,0206020023,5.0,433.75
SIA,AL,202511,2006960,0206010079,7.0,682.08
SIA,AL,202511,0136581,0206010052,6.0,520.5
SIA,AL,202511,5446201,0211020036,119.0,612.85
SIA,AL,202511,2004488,0211020036,6.0,30.9
SIA,AL,202511,2006359,0206010079,2.0,194.88
SIA,AL,202511,2006960,0206010044,6.0,520.5
SIA,AL,202511,2010747,0211020036,83.0,427.45
SIA,AL,202511,2876604,0211020036,93.0,478.95
SIA,AL,202511,2719290,0211020036,160.0,824.0
SIA,AL,202511,2003856,0211020036,71.0,365.65
SIA,AL,202511,5283191,0211020036,84.0,432.6
SIA,AL,202511,2006960,0206030010,11.0,1524.93
SIA,AL,202511,6041337,0211020036,42.0,216.3
SIA,AL,202511,2005417,0211020010,42.0,30661.68
SIA,AL,202511,0806285,0211020036,224.0,1153.6
SIA,AL,202511,2007037,0206010095,199.0,419336.78
SIA,AL,202511,2007037,0211020010,67.0,48912.68
SIA,AL,202511,2009420,0211020036,21.0,108.15
SIA,AL,202511,0136581,0211020036,379.0,1951.85
SIA,AL,202511,9923837,0206030029,4.0,347.0
SIA,AL,202511,7510233,0211020036,252.0,1297.8
SIA,AL,202511,2006359,0206010044,1.0,86.75
SIA,AL,202511,2006448,0211020010,13.0,9490.52
SIA,AL,202511,2006529,0211020036,192.0,988.8
SIA,AL,202511,2006960,0206030029,4.0,347.0
SIA,AL,202511,7885075,0211020036,94.0,484.1
SIA,AL,202511,2007061,0211020036,59.0,303.85
SIA,AL,202511,6518052,0211020036,163.0,839.45
SIA,AL,202511,3515842,0206010052,1.0,86.75
SIA,AL,202511,2006448,0206020031,2.0,272.82
SIA,AL,202511,2006448,0206030010,2.0,277.26
SIA,AL,202511,4394445,0206010010,2.0,173.52
SIA,AL,202511,7753470,0211020036,142.0,731.3
SIA,AL,202511,2011131,0211020036,86.0,442.9
SIA,AL,202511,5616298,0206010052,2.0,173.5
SIA,AL,202511,4156730,0211020036,369.0,1900.35
SIA,AL,202511,0136581,0206030029,2.0,173.5
SIA,AL,202511,9810242,0211020036,68.0,350.2
SIA,AL,202511,2006448,0211020036,83.0,427.45
SIA,AL,202511,7120869,0206020015,1.0,86.75
SIA,AL,202511,2006960,0206010036,3.0,260.28
SIA,AL,202511,2006960,0206020023,1.0,86.75
SIA,AL,202511,7212038,0211020036,73.0,375.95
SIA,AL,202511,2004607,0211020036,252.0,1297.8
SIA,AL,202511,2009250,0211020036,17.0,87.55
SIA,AL,202511,4412710,0211020036,359.0,1848.85
SIA,AL,202511,2005050,0206010010,5.0,433.8
SIA,AL,202511,2006960,0206020015,2.0,173.5
SIA,AL,202511,0902179,0211020036,425.0,2188.75
SIA,AL,202511,5912024,0211020036,55.0,283.25
SIA,AL,202511,7471645,0211020036,85.0,437.75
SIA,AL,202511,6154549,0211020036,458.0,2358.7
SIA,AL,202511,4412710,0211020060,50.0,1500.0
SIA,AL,202511,7042671,0211020036,211.0,1086.65
SIA,AL,202511,7042671,0206010036,67.0,5812.92
SIA,AL,202511,2005417,0211020036,210.0,1081.5
SIA,AL,202511,2006197,0211020036,203.0,1045.45
SIA,AL,202511,2006197,0206020031,126.0,17187.66
SIA,AL,202511,2006197,0206030010,97.0,13447.11
SIA,AL,202511,7042671,0206020031,92.0,12549.72
SIA,AL,202511,7042671,0206010079,290.0,28257.6
SIA,AL,202511,7042671,0206020023,27.0,2342.25
SIA,AL,202511,7042671,0206010044,75.0,6506.25
SIA,AL,202511,2005417,0208010025,42.0,17157.84
SIA,AL,202511,7042671,0206030037,211.0,29250.93
SIA,AL,202511,2005417,0208010033,42.0,16088.94
SIA,AL,202511,2006197,0208010033,17.0,6512.19
SIA,AL,202511,2006197,0206030037,97.0,13447.11
SIA,AL,202511,2005417,0206010010,27.0,2342.52
SIA,AL,202511,2005417,0206030010,63.0,8733.69
SIA,AL,202511,7372116,0211020036,27.0,139.05
SIA,AL,202511,2005417,0206010028,111.0,11222.1
SIA,AL,202511,2005417,0206010079,66.0,6431.04
SIA,AL,202511,7042671,0206020015,3.0,260.25
SIA,AL,202511,2005417,0206020015,3.0,260.25
SIA,AL,202511,2005417,0206030037,88.0,12199.44
SIA,AL,202511,2719657,0211020036,23.0,118.45
SIA,AL,202511,2005417,0206010052,14.0,1214.5
SIA,AL,202511,3524175,0211020036,45.0,231.75
SIA,AL,202511,2006197,0206010079,57.0,5554.08
SIA,AL,202511,2005417,0206010036,3.0,260.28
SIA,AL,202511,7042671,0206010028,179.0,18096.9
SIA,AL,202511,7042671,0206010010,81.0,7027.56
SIA,AL,202511,2005417,0206020031,71.0,9685.11
SIA,AL,202511,2006197,0206010044,7.0,607.25
SIA,AL,202511,2006197,0206010028,29.0,2931.9
SIA,AL,202511,2006197,0206010010,6.0,520.56
SIA,AL,202511,2006197,0211020060,68.0,2040.0
SIA,AL,202511,2005417,0206010044,8.0,694.0
SIA,AL,202511,2005417,0211020060,21.0,630.0
SIA,AL,202511,2006197,0206010036,3.0,260.28
SIA,AL,202511,2006197,0206010052,27.0,2342.25
SIA,AL,202511,2006197,0208010025,18.0,7353.36
SIA,AL,202511,2005417,0206030029,5.0,433.75
SIA,AL,202511,7042671,0206010052,6.0,520.5
SIA,AL,202511,2705729,0211020060,6.0,180.0
SIA,AL,202511,7042671,0206030010,4.0,554.52
SIA,AL,202511,2006197,0206010060,6.0,584.64
SIA,AL,202511,2010151,0211020036,111.0,571.65
SIA,AL,202511,2003333,0206030010,1.0,138.63
SIA,AL,202511,9831452,0211020036,68.0,350.2
SIA,AL,202511,2010151,0206010060,1.0,97.44
SIA,AL,202511,2009137,0211020036,5.0,25.75
SIA,AL,202511,7112068,0211020036,20.0,103.0
SIA,AL,202511,2005050,0206010052,1.0,86.75
SIA,AL,202511,5446503,0211020036,104.0,535.6
SIA,AL,202511,7996314,0211020036,196.0,1009.4
SIA,AL,202511,2722364,0211020036,13.0,66.95
SIA,AL,202511,4369297,0211020036,191.0,983.65
SIA,AL,202511,7097794,0211020036,46.0,236.9
SIA,AL,202511,2006197,0206020015,3.0,260.25
SIA,AL,202511,2006197,0206030029,4.0,347.0
SIA,AL,202511,7753470,0206010036,2.0,173.52
SIA,AL,202511,6489699,0211020036,61.0,314.15
SIA,AL,202511,9158251,0211020060,116.0,3480.0
SIA,AL,202511,7911238,0211020036,632.0,3254.8
SIA,AL,202511,7449003,0211020036,22.0,113.3
SIA,AL,202511,2006448,0206030029,1.0,86.75
SIA,AL,202511,9158251,0211020036,1478.0,7611.7
SIA,AL,202511,3397874,0206020015,1.0,86.75
SIA,AL,202511,2004704,0211020036,21.0,108.15
SIA,AL,202511,2006448,0206010044,2.0,173.5
SIA,AL,202511,0806285,0206010087,2.0,277.26
SIA,AL,202511,2719347,0211020036,52.0,267.8
SIA,AL,202511,2007606,0211020036,172.0,4300.0
SIA,AL,202511,2010356,0211020036,448.0,2307.2
SIA,AL,202511,2719576,0211020036,455.0,2343.25
SIA,AL,202511,3426793,0211020036,181.0,932.15
SIA,AL,202511,2006448,0206030037,1.0,138.63
SIA,AL,202511,8019959,0211020036,136.0,700.4
SIA,AL,202511,2003910,0211020036,100.0,515.0
SIA,AL,202511,9804439,0211020036,72.0,370.8
SIA,AL,202511,9787925,0211020036,134.0,690.1
SIA,AL,202511,9861858,0211020036,44.0,226.6
SIA,AL,202511,7893361,0211020036,274.0,1411.1
SIA,AL,202511,4020472,0211020036,8.0,41.2
SIA,AL,202511,2006197,0206020023,1.0,86.75
SIA,AL,202511,4020383,0211020036,53.0,1325.0
SIA,AL,202511,7893361,0206020015,1.0,86.75
SIA,AL,202511,2005530,0211020036,230.0,1184.5
SIA,AL,202511,7120869,0206010052,1.0,86.75
SIA,AL,202511,2010631,0211020036,0.0,0.0
SIA,AL,202511,4394445,0206010079,1.0,97.44
SIA,AL,202511,4020405,0211020036,36.0,185.4
SIA,AL,202511,4020510,0211020036,90.0,463.5
SIA,AL,202512,2005417,0206020031,87.0,11867.67
SIA,AL,202512,2005417,0206030029,15.0,1301.25
SIA,AL,202512,7893361,0206020031,9.0,1227.69
SIA,AL,202512,2007037,0206030037,92.0,12753.96
SIA,AL,202512,2007037,0208010033,94.0,36008.58
SIA,AL,202512,7726996,0206030010,12.0,1663.56
SIA,AL,202512,5616298,0206010044,39.0,3383.25
SIA,AL,202512,4412710,0206030037,103.0,14278.89
SIA,AL,202512,2006197,0206030037,97.0,13447.11
SIA,AL,202512,3990222,0206010079,58.0,5651.52
SIA,AL,202512,7120869,0206030029,15.0,1301.25
SIA,AL,202512,9810242,0211020036,38.0,195.7
SIA,AL,202512,7893361,0206010036,9.0,780.84
SIA,AL,202512,4394445,0206020031,11.0,1500.51
SIA,AL,202512,2005050,0206020031,15.0,2046.15
SIA,AL,202512,7120869,0206020015,1.0,86.75
SIA,AL,202512,5616298,0206020015,4.0,347.0
SIA,AL,202512,3515842,0206010079,145.0,14128.8
SIA,AL,202512,2006510,0206020031,50.0,6820.5
SIA,AL,202512,3515842,0206030010,142.0,19685.46
SIA,AL,202512,5616298,0206030037,129.0,17883.27
SIA,AL,202512,3990222,0206010028,73.0,7380.3
SIA,AL,202512,3015408,0206020031,130.0,17733.3
SIA,AL,202512,2006510,0206010036,2.0,173.52
SIA,AL,202512,0806285,0206020031,105.0,14323.05
SIA,AL,202512,0136581,0206020031,51.0,6956.91
SIA,AL,202512,7753470,0206020031,24.0,3273.84
SIA,AL,202512,0806285,0206010036,22.0,1908.72
SIA,AL,202512,3990222,0206020031,18.0,2455.38
SIA,AL,202512,9923837,0206020031,30.0,4092.3
SIA,AL,202512,2010151,0206020015,3.0,260.25
SIA,AL,202512,2003333,0206030037,3.0,415.89
SIA,AL,202512,2719657,0211020036,28.0,144.2
SIA,AL,202512,7753470,0206010036,3.0,260.28
SIA,AL,202512,3397874,0206020031,34.0,4637.94
SIA,AL,202512,2719894,0211020036,220.0,1133.0
SIA,AL,202512,2006197,0208010033,21.0,8044.47
SIA,AL,202512,2006960,0206030037,11.0,1524.93
SIA,AL,202512,3515842,0206020015,14.0,1214.5
SIA,AL,202512,2006855,0208010033,10.0,3830.7
SIA,AL,202512,4394445,0206020015,1.0,86.75
SIA,AL,202512,7120869,0206020031,24.0,3273.84
SIA,AL,202512,7726996,0206010079,3.0,292.32
SIA,AL,202512,2006219,0208010033,1.0,383.07
SIA,AL,202512,3397874,0206010036,7.0,607.32
SIA,AL,202512,2720027,0211020036,1.0,5.15
SIA,AL,202512,2005417,0206020015,3.0,260.25
SIA,AL,202512,0136581,0206010036,5.0,433.8
SIA,AL,202512,2009420,0211020036,24.0,123.6
SIA,AL,202512,7726996,0211020036,236.0,1215.4
SIA,AL,202512,9923837,0206010036,7.0,607.32
SIA,AL,202512,4369297,0211020036,163.0,839.45
SIA,AL,202512,7893361,0206010044,5.0,433.75
SIA,AL,202512,3990222,0206030010,28.0,3881.64
SIA,AL,202512,2007037,0206020015,22.0,1908.5
SIA,AL,202512,5616298,0206010010,10.0,867.6
SIA,AL,202512,3008924,0211020036,375.0,1931.25
SIA,AL,202512,2006960,0206020015,5.0,433.75
SIA,AL,202512,7893361,0206010010,14.0,1214.64
SIA,AL,202512,2006197,0211020060,61.0,1830.0
SIA,AL,202512,5283191,0205010016,35.0,5775.0
SIA,AL,202512,7372116,0211020036,22.0,113.3
SIA,AL,202512,2005417,0211020060,18.0,540.0
SIA,AL,202512,2005417,0208010025,20.0,8170.4
SIA,AL,202512,4412710,0206020015,3.0,260.25
SIA,AL,202512,0136581,0206020023,9.0,780.75
SIA,AL,202512,0806285,0206010044,47.0,4077.25
SIA,AL,202512,3015408,0206010044,129.0,11190.75
SIA,AL,202512,2006510,0206010044,70.0,6072.5
SIA,AL,202512,2006960,0206010028,26.0,2628.6
SIA,AL,202512,7040989,0211020036,256.0,1318.4
SIA,AL,202512,2007037,0206010028,70.0,7077.0
SIA,AL,202512,2006197,0206010028,25.0,2527.5
SIA,AL,202512,7753470,0206010044,24.0,2082.0
SIA,AL,202512,3990222,0206030029,7.0,607.25
SIA,AL,202512,0136581,0206010044,13.0,1127.75
SIA,AL,202512,5616298,0206010028,7.0,707.7
SIA,AL,202512,7471645,0211020036,78.0,401.7
SIA,AL,202512,7097794,0211020036,195.0,1004.25
SIA,AL,202512,0806285,0206030010,128.0,17744.64
SIA,AL,202512,3397874,0206030010,29.0,4020.27
SIA,AL,202512,2006510,0206030010,84.0,11644.92
SIA,AL,202512,0136581,0206030010,168.0,23289.84
SIA,AL,202512,3515842,0206030029,21.0,1821.75
SIA,AL,202512,2007037,0208010025,94.0,38400.88
SIA,AL,202512,9923837,0206010044,12.0,1041.0
SIA,AL,202512,2010151,0211020036,108.0,556.2
SIA,AL,202512,5616298,0206030010,146.0,20239.98
SIA,AL,202512,2006197,0208010025,23.0,9395.96
SIA,AL,202512,5616298,0206020031,41.0,5592.81
SIA,AL,202512,9923837,0206030010,84.0,11644.92
SIA,AL,202512,4412710,0206010028,147.0,14861.7
SIA,AL,202512,2003333,0206010028,146.0,14760.6
SIA,AL,202512,9948562,0211020036,46.0,236.9
SIA,AL,202512,3954579,0211020036,22.0,113.3
SIA,AL,202512,9158251,0211020060,62.0,1860.0
SIA,AL,202512,2005417,0206010010,21.0,1821.96
SIA,AL,202512,7753470,0206030010,47.0,6515.61
SIA,AL,202512,5616298,0206030029,5.0,433.75
SIA,AL,202512,4412710,0211020060,88.0,2640.0
SIA,AL,202512,3515842,0206030037,20.0,2772.6
SIA,AL,202512,7262132,0211020036,3.0,15.45
SIA,AL,202512,7893361,0206010028,50.0,5055.0
SIA,AL,202512,7726996,0206010060,2.0,194.88
SIA,AL,202512,3397874,0206010044,2.0,173.5
SIA,AL,202512,3524175,0211020036,30.0,154.5
SIA,AL,202512,3990222,0206010060,1.0,97.44
SIA,AL,202512,2005417,0208010033,20.0,7661.4
SIA,AL,202512,2006529,0211020036,138.0,710.7
SIA,AL,202512,7726996,0211020060,2.0,60.0
SIA,AL,202512,2010151,0206010028,30.0,3033.0
SIA,AL,202512,3515842,0206010036,11.0,954.36
SIA,AL,202512,2006855,0208010025,10.0,4085.2
SIA,AL,202512,3515842,0206020031,41.0,5592.81
SIA,AL,202512,4394445,0206010010,10.0,867.6
SIA,AL,202512,2006197,0206030010,109.0,15110.67
SIA,AL,202512,4412710,0206030010,183.0,25369.29
SIA,AL,202512,4412710,0206020031,102.0,13913.82
SIA,AL,202512,4412710,0206010079,190.0,18513.6
SIA,AL,202512,2003333,0206010079,75.0,7308.0
SIA,AL,202512,9923837,0206010028,45.0,4549.5
SIA,AL,202512,2006510,0206010028,29.0,2931.9
SIA,AL,202512,2010151,0206030029,6.0,520.5
SIA,AL,202512,2006197,0206010079,62.0,6041.28
SIA,AL,202512,2005050,0206010052,1.0,86.75
SIA,AL,202512,2005050,0211020036,52.0,267.8
SIA,AL,202512,0806285,0206010028,148.0,14962.8
SIA,AL,202512,3015408,0206010028,83.0,8391.3
SIA,AL,202512,2006960,0206020031,15.0,2046.15
SIA,AL,202512,7120869,0206010036,16.0,1388.16
SIA,AL,202512,2006197,0206020031,123.0,16778.43
SIA,AL,202512,2005417,0211020036,212.0,1091.8
SIA,AL,202512,2005417,0206010036,5.0,433.8
SIA,AL,202512,2005417,0206030037,84.0,11644.92
SIA,AL,202512,3515842,0206010010,39.0,3383.64
SIA,AL,202512,3397874,0206010028,59.0,5964.9
SIA,AL,202512,7726996,0206010010,2.0,173.52
SIA,AL,202512,2007037,0206030010,94.0,13031.22
SIA,AL,202512,2007037,0206020031,142.0,19370.22
SIA,AL,202512,0806285,0206020023,5.0,433.75
SIA,AL,202512,2005344,0211020036,84.0,432.6
SIA,AL,202512,7120869,0206030037,20.0,2772.6
SIA,AL,202512,6985173,0211020036,49.0,252.35
SIA,AL,202512,2006448,0206010028,14.0,1415.4
SIA,AL,202512,3515842,0206010052,1.0,86.75
SIA,AL,202512,3990222,0206030037,16.0,2218.08
SIA,AL,202512,7996314,0211020036,210.0,1081.5
SIA,AL,202512,2006960,0206020023,1.0,86.75
SIA,AL,202512,2007037,0206010079,51.0,4969.44
SIA,AL,202512,0136581,0206010028,48.0,4852.8
SIA,AL,202512,4020405,0211020036,50.0,257.5
SIA,AL,202512,2722429,0211020036,63.0,324.45
SIA,AL,202512,4394445,0206030037,10.0,1386.3
SIA,AL,202512,3990222,0206010036,8.0,694.08
SIA,AL,202512,2006359,0206020031,5.0,682.05
SIA,AL,202512,2006359,0206010079,3.0,292.32
SIA,AL,202512,2006960,0206010079,10.0,974.4
SIA,AL,202512,2006960,0206030010,13.0,1802.19
SIA,AL,202512,7120869,0206010010,27.0,2342.52
SIA,AL,202512,7893361,0206030010,7.0,970.41
SIA,AL,202512,5616298,0206010052,1.0,86.75
SIA,AL,202512,2005417,0206010052,9.0,780.75
SIA,AL,202512,4394445,0206010052,2.0,173.5
SIA,AL,202512,7753470,0206010028,10.0,1011.0
SIA,AL,202512,3990222,0206010010,12.0,1041.12
SIA,AL,202512,2719290,0211020036,160.0,824.0
SIA,AL,202512,9831452,0211020036,63.0,324.45
SIA,AL,202512,2004607,0211020036,179.0,921.85
SIA,AL,202512,3990222,0206020023,1.0,86.75
SIA,AL,202512,0793213,0211020036,7.0,36.05
SIA,AL,202512,0806285,0206010052,3.0,260.25
SIA,AL,202512,2010631,0211020036,0.0,0.0
SIA,AL,202512,2007606,0211020036,105.0,2625.0
SIA,AL,202512,2010747,0211020036,1.0,5.15
SIA,AL,202512,2006448,0206010079,5.0,487.2
SIA,AL,202512,2006510,0206010052,1.0,86.75
SIA,AL,202512,2006359,0206030010,3.0,415.89
SIA,AL,202512,2010151,0206010060,1.0,97.44
SIA,AL,202512,3015408,0206010036,1.0,86.76
SIA,AL,202512,4020383,0211020036,48.0,1200.0
SIA,AL,202512,0136581,0206010052,1.0,86.75
SIA,AL,202512,9923837,0206020023,1.0,86.75
SIA,AL,202512,2006448,0206020031,1.0,136.41
SIA,AL,202512,4412710,0206010010,40.0,3470.4
SIA,AL,202512,4394445,0206010079,22.0,2143.68
SIA,AL,202512,0806285,0206030037,201.0,27864.63
SIA,AL,202512,3515842,0206010028,118.0,11929.8
SIA,AL,202512,2010151,0206030010,30.0,4158.9
SIA,AL,202512,2006197,0211020036,162.0,834.3
SIA,AL,202512,2010151,0206020031,22.0,3001.02
SIA,AL,202512,3015408,0206010010,36.0,3123.36
SIA,AL,202512,4412710,0206010044,35.0,3036.25
SIA,AL,202512,4412710,0206010036,15.0,1301.4
SIA,AL,202512,2006960,0206010010,10.0,867.6
SIA,AL,202512,2006359,0206010010,4.0,347.04
SIA,AL,202512,2007037,0206010036,6.0,520.56
SIA,AL,202512,2006960,0206030029,14.0,1214.5
SIA,AL,202512,2005417,0206010079,45.0,4384.8
SIA,AL,202512,2006359,0206010044,6.0,520.5
SIA,AL,202512,2007037,0206010010,28.0,2429.28
SIA,AL,202512,2006448,0206010010,4.0,347.04
SIA,AL,202512,7753470,0206030037,65.0,9010.95
SIA,AL,202512,0136581,0206030037,185.0,25646.55
SIA,AL,202512,2007037,0206010044,19.0,1648.25
SIA,AL,202512,9923837,0206030037,82.0,11367.66
SIA,AL,202512,3397874,0211020060,48.0,1440.0
SIA,AL,202512,4394445,0206010044,7.0,607.25
SIA,AL,202512,0806285,0206010010,45.0,3904.2
SIA,AL,202512,2010151,0206030037,29.0,4020.27
SIA,AL,202512,7120869,0206010079,39.0,3800.16
SIA,AL,202512,4412710,0206030029,17.0,1474.75
SIA,AL,202512,9357688,0211020036,48.0,247.2
SIA,AL,202512,7726996,0206030037,11.0,1524.93
SIA,AL,202512,3397874,0206030037,30.0,4158.9
SIA,AL,202512,3397874,0206010010,15.0,1301.4
SIA,AL,202512,2705729,0211020060,11.0,330.0
SIA,AL,202512,3015408,0206020015,5.0,433.75
SIA,AL,202512,7449003,0211020036,35.0,180.25
SIA,AL,202512,0136581,0206020015,5.0,433.75
SIA,AL,202512,2006197,0206010044,2.0,173.5
SIA,AL,202512,2006510,0206010010,36.0,3123.36
SIA,AL,202512,7120869,0206010044,11.0,954.25
SIA,AL,202512,3015408,0206030037,9.0,1247.67
SIA,AL,202512,7753470,0206010010,7.0,607.32
SIA,AL,202512,9923837,0206010010,9.0,780.84
SIA,AL,202512,2006197,0206010036,8.0,694.08
SIA,AL,202512,2006510,0206030037,7.0,970.41
SIA,AL,202512,2005050,0206010010,3.0,260.28
SIA,AL,202512,2006448,0206010044,3.0,260.25
SIA,AL,202512,4020278,0211020036,46.0,236.9
SIA,AL,202512,7893361,0206030029,7.0,607.25
SIA,AL,202512,9829229,0211020036,50.0,257.5
SIA,AL,202512,2003333,0206010010,8.0,694.08
SIA,AL,202512,0136581,0206010010,18.0,1561.68
SIA,AL,202512,2006960,0206010044,2.0,173.5
SIA,AL,202512,2003570,0211020036,5.0,25.75
SIA,AL,202512,4412710,0211020036,360.0,1854.0
SIA,AL,202512,2006197,0206010010,14.0,1214.64
SIA,AL,202512,2010151,0206010052,5.0,433.75
SIA,AL,202512,2005417,0206010044,12.0,1041.0
SIA,AL,202512,2010151,0206010044,6.0,520.5
SIA,AL,202512,2006359,0206010036,2.0,173.52
SIA,AL,202512,7885075,0211020036,87.0,448.05
SIA,AL,202512,5616298,0206010036,3.0,260.28
SIA,AL,202512,2006197,0206020015,1.0,86.75
SIA,AL,202512,2722372,0211020036,40.0,206.0
SIA,AL,202512,4156730,0211020036,267.0,1375.05
SIA,AL,202512,2006510,0206010079,229.0,22313.76
SIA,AL,202512,0806285,0206010079,241.0,23483.04
SIA,AL,202512,2005417,0206010028,101.0,10211.1
SIA,AL,202512,7120869,0206010028,78.0,7885.8
SIA,AL,202512,2005050,0206030010,55.0,7624.65
SIA,AL,202512,7042671,0211020036,215.0,1107.25
SIA,AL,202512,3015408,0206010079,305.0,29719.2
SIA,AL,202512,5616298,0206010079,210.0,20462.4
SIA,AL,202512,2010151,0206010079,29.0,2825.76
SIA,AL,202512,9923837,0206010079,109.0,10620.96
SIA,AL,202512,0806285,0206030029,12.0,1041.0
SIA,AL,202512,7753470,0206010079,59.0,5748.96
SIA,AL,202512,2719797,0211020036,21.0,108.15
SIA,AL,202512,4394445,0206010028,29.0,2931.9
SIA,AL,202512,0136581,0206010079,190.0,18513.6
SIA,AL,202512,2005050,0206010060,98.0,9549.12
SIA,AL,202512,4412710,0206010060,3.0,292.32
SIA,AL,202512,2005417,0206030010,74.0,10258.62
SIA,AL,202512,4412710,0206010052,12.0,1041.0
SIA,AL,202512,2006197,0206010052,17.0,1474.75
SIA,AL,202512,7120869,0206030010,22.0,3049.86
SIA,AL,202512,7893361,0206010079,32.0,3118.08
SIA,AL,202512,0136581,0206030029,6.0,520.5
SIA,AL,202512,2009137,0211020036,2.0,10.3
SIA,AL,202512,3515842,0206010044,14.0,1214.5
SIA,AL,202512,3397874,0206010079,31.0,3020.64
SIA,AL,202512,7753470,0211020036,187.0,963.05
SIA,AL,202512,2006960,0206010052,1.0,86.75
SIA,AL,202512,2007037,0206010052,20.0,1735.0
SIA,AL,202512,2721643,0211020036,22.0,113.3
SIA,AL,202512,3015408,0206030029,4.0,347.0
SIA,AL,202512,3990222,0206020015,1.0,86.75
SIA,AL,202512,3426793,0211020036,82.0,422.3
SIA,AL,202512,2009544,0211020036,100.0,515.0
SIA,AL,202512,4394445,0206030010,6.0,831.78
SIA,AL,202512,2010151,0206010010,4.0,347.04
SIA,AL,202512,2006359,0206030037,1.0,138.63
SIA,AL,202512,7120869,0206010060,1.0,97.44
SIA,AL,202512,2719347,0211020036,38.0,195.7
SIA,AL,202512,4394445,0206030029,1.0,86.75
SIA,AL,202512,2722364,0211020036,28.0,144.2
SIA,AL,202512,7212038,0211020036,47.0,242.05
SIA,AL,202512,9804439,0211020036,61.0,314.15
SIA,AL,202512,7893361,0206010052,1.0,86.75
SIA,AL,202512,3990222,0206010044,4.0,347.0
SIA,AL,202512,2003856,0211020036,13.0,66.95
SIA,AL,202512,7112068,0211020036,10.0,51.5
SIA,AL,202512,9923837,0206020015,4.0,347.0
SIA,AL,202512,2007061,0211020036,61.0,314.15
SIA,AL,202512,3515842,0211020036,114.0,587.1
SIA,AL,202512,2006448,0206010036,1.0,86.76
SIA,AL,202512,2006448,0206030029,1.0,86.75
SIA,AL,202512,7726996,0206010052,2.0,173.5
SIA,AL,202512,2006359,0206030029,3.0,260.25
SIA,AL,202512,2005727,0211020036,140.0,721.0
SIA,AL,202512,9146350,0211020036,93.0,478.95
SIA,AL,202512,7893361,0206030037,6.0,831.78
SIA,AL,202512,7753470,0206020015,1.0,86.75
SIA,AL,202512,3397874,0206020015,1.0,86.75
SIA,AL,202512,2011131,0211020036,27.0,139.05
SIA,AL,202512,2006448,0211020036,66.0,339.9
SIA,AL,202512,2005573,0211020036,64.0,329.6
SIA,AL,202512,3963527,0211020036,41.0,211.15
SIA,AL,202512,0806285,0206020015,1.0,86.75
SIA,AL,202512,2006960,0206010036,3.0,260.28
SIA,AL,202512,9056971,0211020036,398.0,2049.7
SIA,AL,202512,2007037,0211020036,221.0,1138.15
SIA,AL,202512,3990222,0206010052,1.0,86.75
SIA,AL,202512,7726996,0206010036,2.0,173.52
SIA,AL,202512,9158251,0211020036,1286.0,6622.9
SIA,AL,202512,2010151,0206010036,2.0,173.52
SIA,AL,202512,2006197,0206030029,1.0,86.75
SIA,AL,202512,7120869,0206020023,1.0,86.75
SIA,AL,202512,7911238,0211020036,622.0,3203.3
SIA,AL,202512,2010356,0211020036,448.0,2307.2
SIA,AL,202512,2003910,0211020036,177.0,911.55
SIA,AL,202512,3397874,0211020036,286.0,1472.9
SIA,AL,202512,2004488,0211020036,3.0,15.45
SIA,AL,202512,4879244,0211020036,433.0,2229.95
SIA,AL,202512,2876582,0211020036,70.0,360.5
SIA,AL,202512,2009250,0211020036,12.0,61.8
SIA,AL,202512,8019959,0211020036,94.0,484.1
SIA,AL,202512,2719770,0211020036,206.0,1060.9
SIA,AL,202512,7893361,0211020036,213.0,1096.95
SIA,AL,202512,0902179,0211020036,408.0,2101.2
SIA,AL,202512,2008858,0211020036,60.0,309.0
SIA,AL,202512,2719576,0211020036,325.0,1673.75
SIA,AL,202512,3397874,0206030029,4.0,347.0
SIA,AL,202512,2722410,0211020036,63.0,324.45
SIA,AL,202512,5283191,0211020036,58.0,298.7
SIA,AL,202512,9923837,0206030029,3.0,260.25
SIA,AL,202512,2006219,0208010025,1.0,408.52
SIA,AL,202512,2719444,0211020036,7.0,36.05
SIA,AL,202512,0806285,0211020036,188.0,968.2
SIA,AL,202512,0806285,0206010060,1.0,97.44
SIA,AL,202512,9787925,0211020036,75.0,386.25
SIA,AL,202512,0136581,0211020036,279.0,1436.85
SIA,AL,202512,6489699,0211020036,15.0,77.25
SIA,AL,202512,9923837,0211020036,85.0,437.75
SIA,AL,202512,7726996,0206020031,2.0,272.82
SIA,AL,202512,2006510,0206030029,1.0,86.75
SIA,AL,202512,7726996,0206020015,2.0,173.5
SIA,AL,202512,4156722,0211020036,302.0,1555.3
SIA,AL,202512,0990221,0211020036,92.0,473.8
SIA,AL,202512,2007037,0206010095,98.0,206507.56
SIA,AL,202512,2006219,0206010095,108.0,227579.76
SIA,AL,202512,2006448,0211020010,14.0,10220.56
SIA,AL,202512,2005417,0211020010,39.0,28471.56
SIA,AL,202512,2006510,0211020036,39.0,200.85
SIA,AL,202512,2007037,0211020010,48.0,35041.92
SIA,AL,202512,4096827,0211020036,10.0,51.5
SIA,AL,202512,5446201,0211020036,3.0,15.45
SIA,AL,202512,2876604,0211020036,92.0,473.8
SIA,AL,202512,2003333,0206030010,2.0,277.26
SIA,AL,202512,4020510,0211020036,16.0,82.4
SIA,AL,202512,9923837,0206010052,2.0,173.5
SIA,AL,202512,5446503,0211020036,68.0,350.2
SIA,AM,202501,4355407,0206030010,278.0,38539.14
SIA,AM,202501,2016141,0206030010,32.0,4436.16
SIA,AM,202501,4355407,0206020015,12.0,1041.0
SIA,AM,202501,4355407,0206010079,600.0,58464.0
SIA,AM,202501,2018926,0208010025,146.0,59643.92
SIA,AM,202501,4355407,0206030037,202.0,28003.26
SIA,AM,202501,7458606,0211020036,579.0,2981.85
SIA,AM,202501,2018926,0208010033,145.0,55545.15
SIA,AM,202501,4355407,0206020031,298.0,40650.18
SIA,AM,202501,2016141,0206010079,69.0,6723.36
SIA,AM,202501,2016141,0206020031,44.0,6002.04
SIA,AM,202501,2011891,0211020036,23.0,118.45
SIA,AM,202501,4355407,0206010044,102.0,8848.5
SIA,AM,202501,3368599,0211020036,69.0,355.35
SIA,AM,202501,4355407,0206010010,28.0,2429.28
SIA,AM,202501,2017687,0211020036,108.0,556.2
SIA,AM,202501,2016974,0211020036,94.0,484.1
SIA,AM,202501,2016141,0206010087,6.0,831.78
SIA,AM,202501,2016397,0211020036,92.0,473.8
SIA,AM,202501,4355407,0206010052,17.0,1474.75
SIA,AM,202501,4355407,0206010028,20.0,2022.0
SIA,AM,202501,4355407,0206010036,11.0,954.36
SIA,AM,202501,4355407,0206030029,8.0,694.0
SIA,AM,202501,2014610,0211020036,274.0,1411.1
SIA,AM,202501,2016648,0211020036,14.0,72.1
SIA,AM,202501,2016141,0206010010,5.0,433.8
SIA,AM,202501,2016141,0206030037,13.0,1802.19
SIA,AM,202501,2016125,0211020036,48.0,247.2
SIA,AM,202501,2016141,0206010028,9.0,909.9
SIA,AM,202501,2012898,0211020036,228.0,1174.2
SIA,AM,202501,2016141,0206020023,10.0,867.5
SIA,AM,202501,2717379,0211020036,102.0,525.3
SIA,AM,202501,4355407,0206010060,1.0,97.44
SIA,AM,202501,2704951,0211020036,39.0,200.85
SIA,AM,202501,2017644,0206010044,32.0,2776.0
SIA,AM,202501,9634738,0211020036,251.0,1292.65
SIA,AM,202501,2017644,0211020036,747.0,3847.05
SIA,AM,202501,3998940,0211020036,185.0,952.75
SIA,AM,202501,7564546,0211020036,1920.0,9888.0
SIA,AM,202501,2017644,0206020031,12.0,1636.92
SIA,AM,202501,2013649,0206030010,1498.0,207667.74
SIA,AM,202501,2013649,0206020031,779.0,106263.39
SIA,AM,202501,7564546,0206010044,102.0,8848.5
SIA,AM,202501,2012677,0206030037,752.0,104249.76
SIA,AM,202501,2012677,0206030010,789.0,109379.07
SIA,AM,202501,2012677,0206020031,945.0,128907.45
SIA,AM,202501,2012383,0211020036,55.0,283.25
SIA,AM,202501,2018098,0206030010,45.0,6238.35
SIA,AM,202501,2013649,0206030037,565.0,78325.95
SIA,AM,202501,2013649,0206010028,43.0,4347.3
SIA,AM,202501,2013649,0206010010,40.0,3470.4
SIA,AM,202501,2013649,0206010079,440.0,42873.6
SIA,AM,202501,2016672,0211020036,48.0,247.2
SIA,AM,202501,2018403,0206010052,12.0,1041.0
SIA,AM,202501,2012677,0206010079,110.0,10718.4
SIA,AM,202501,3403394,0211020060,234.0,7020.0
SIA,AM,202501,7564546,0206020031,162.0,22098.42
SIA,AM,202501,7564546,0206030037,76.0,10535.88
SIA,AM,202501,2018403,0206010079,76.0,7405.44
SIA,AM,202501,2018403,0206030037,146.0,20239.98
SIA,AM,202501,2012677,0206010036,9.0,780.84
SIA,AM,202501,2017644,0206010079,51.0,4969.44
SIA,AM,202501,2013649,0206010044,16.0,1388.0
SIA,AM,202501,2017997,0211020036,37.0,190.55
SIA,AM,202501,2012677,0206010044,24.0,2082.0
SIA,AM,202501,2018403,0206030010,130.0,18021.9
SIA,AM,202501,7564546,0206030010,85.0,11783.55
SIA,AM,202501,2018403,0206020031,98.0,13368.18
SIA,AM,202501,2012677,0206010052,79.0,6853.25
SIA,AM,202501,2013649,0206010052,12.0,1041.0
SIA,AM,202501,2018144,0206020031,10.0,1364.1
SIA,AM,202501,2013649,0206030029,11.0,954.25
SIA,AM,202501,2018098,0206030037,37.0,5129.31
SIA,AM,202501,2013649,0206010036,13.0,1127.88
SIA,AM,202501,2018144,0206030037,35.0,4852.05
SIA,AM,202501,7564546,0211020060,49.0,1470.0
SIA,AM,202501,2012677,0211020036,85.0,437.75
SIA,AM,202501,2018403,0206010044,12.0,1041.0
SIA,AM,202501,7564546,0206010079,29.0,2825.76
SIA,AM,202501,2018098,0206020031,44.0,6002.04
SIA,AM,202501,2011859,0211020036,13.0,66.95
SIA,AM,202501,2018144,0206010079,37.0,3605.28
SIA,AM,202501,3500179,0211020036,12.0,61.8
SIA,AM,202501,2018144,0206010028,4.0,404.4
SIA,AM,202501,2017644,0206030029,2.0,173.5
SIA,AM,202501,2012677,0206020015,3.0,260.25
SIA,AM,202501,2018144,0206030010,32.0,4436.16
SIA,AM,202501,7564546,0206010052,6.0,520.5
SIA,AM,202501,7564546,0206010060,2.0,194.88
SIA,AM,202501,2018144,0206020023,1.0,86.75
SIA,AM,202501,2012677,0206010028,8.0,808.8
SIA,AM,202501,2018403,0206020015,4.0,347.0
SIA,AM,202501,2018144,0206030029,7.0,607.25
SIA,AM,202501,2018403,0206010036,1.0,86.76
SIA,AM,202501,2017644,0206030010,11.0,1524.93
SIA,AM,202501,2012677,0206010010,5.0,433.8
SIA,AM,202501,2012677,0206020023,4.0,347.0
SIA,AM,202501,2013649,0206020015,24.0,2082.0
SIA,AM,202501,2018144,0206010010,4.0,347.04
SIA,AM,202501,2018144,0206010052,1.0,86.75
SIA,AM,202501,2018098,0206010052,4.0,347.0
SIA,AM,202501,7564546,0206030029,5.0,433.75
SIA,AM,202501,2012677,0206030029,1.0,86.75
SIA,AM,202501,2018144,0206020015,2.0,173.5
SIA,AM,202501,2018098,0206010079,8.0,779.52
SIA,AM,202501,7564546,0206020015,3.0,260.25
SIA,AM,202501,2018144,0211020036,4.0,20.6
SIA,AM,202501,2018144,0206010044,1.0,86.75
SIA,AM,202501,2018144,0206010036,2.0,173.52
SIA,AM,202501,2016435,0211020036,119.0,612.85
SIA,AM,202501,2018098,0206010044,3.0,260.25
SIA,AM,202501,2018098,0206010028,1.0,101.1
SIA,AM,202501,2013649,0205010016,1.0,165.0
SIA,AM,202501,3210243,0206010079,91.0,8867.04
SIA,AM,202501,2019418,0206020031,119.0,16232.79
SIA,AM,202501,2019418,0206030010,108.0,14972.04
SIA,AM,202501,3042626,0211020036,281.0,1447.15
SIA,AM,202501,2019418,0206030037,85.0,11783.55
SIA,AM,202501,3210243,0206020031,24.0,3273.84
SIA,AM,202501,2017873,0211020036,250.0,1287.5
SIA,AM,202501,2013916,0211020036,380.0,1957.0
SIA,AM,202501,2013649,0206020023,5.0,433.75
SIA,AM,202501,2011875,0211020036,70.0,360.5
SIA,AM,202501,5222710,0211020036,87.0,448.05
SIA,AM,202501,7564546,0206020023,2.0,173.5
SIA,AM,202501,2017679,0211020036,35.0,180.25
SIA,AM,202501,2017644,0206030037,11.0,1524.93
SIA,AM,202501,6627595,0211020036,1.0,5.15
SIA,AM,202501,2016982,0211020036,22.0,113.3
SIA,AM,202501,2016605,0211020036,42.0,216.3
SIA,AM,202501,2017644,0206010028,1.0,101.1
SIA,AM,202501,2016656,0211020036,12.0,61.8
SIA,AM,202501,2017865,0211020036,247.0,1272.05
SIA,AM,202501,2017644,0206020015,1.0,86.75
SIA,AM,202501,2018403,0206020023,2.0,173.5
SIA,AM,202501,2019574,0206030037,179.0,24814.77
SIA,AM,202501,2012030,0206010079,385.0,37514.4
SIA,AM,202501,2019574,0206010079,3219.0,313659.36
SIA,AM,202501,2019574,0206030010,645.0,89416.35
SIA,AM,202501,2019574,0206020031,878.0,119767.98
SIA,AM,202501,2019574,0206010044,412.0,35741.0
SIA,AM,202501,5169976,0206020031,602.0,82118.82
SIA,AM,202501,5169976,0206030010,725.0,100506.75
SIA,AM,202501,7124821,0206030037,63.0,8733.69
SIA,AM,202501,2012685,0206030037,9.0,1247.67
SIA,AM,202501,2019574,0206010010,220.0,19087.2
SIA,AM,202501,7334583,0208010025,99.0,40443.48
SIA,AM,202501,7124821,0206020031,77.0,10503.57
SIA,AM,202501,5169976,0206010079,347.0,33811.68
SIA,AM,202501,5169976,0206020015,30.0,2602.5
SIA,AM,202501,5169976,0206030037,158.0,21903.54
SIA,AM,202501,4701631,0206030037,151.0,20933.13
SIA,AM,202501,2011832,0211020036,484.0,2492.6
SIA,AM,202501,2019574,0206010036,78.0,6767.28
SIA,AM,202501,2019574,0206010028,137.0,13850.7
SIA,AM,202501,2019574,0206010052,47.0,4077.25
SIA,AM,202501,5169976,0206010010,43.0,3730.68
SIA,AM,202501,4701631,0206010028,20.0,2022.0
SIA,AM,202501,7334583,0208010033,103.0,39456.21
SIA,AM,202501,4701631,0206030010,154.0,21349.02
SIA,AM,202501,2019574,0206030029,28.0,2429.0
SIA,AM,202501,2012030,0206010052,5.0,433.75
SIA,AM,202501,2018527,0211020036,47.0,242.05
SIA,AM,202501,4701631,0206020031,86.0,11731.26
SIA,AM,202501,7124821,0206030010,70.0,9704.1
SIA,AM,202501,4701631,0206010044,15.0,1301.25
SIA,AM,202501,4701631,0206010010,9.0,780.84
SIA,AM,202501,5169976,0206010028,48.0,4852.8
SIA,AM,202501,2012804,0211020036,71.0,365.65
SIA,AM,202501,7124821,0206010079,35.0,3410.4
SIA,AM,202501,7124821,0206010052,20.0,1735.0
SIA,AM,202501,5169976,0206010044,29.0,2515.75
SIA,AM,202501,2012685,0206030010,22.0,3049.86
SIA,AM,202501,4701631,0206010079,93.0,9061.92
SIA,AM,202501,2012030,0206030010,40.0,5545.2
SIA,AM,202501,7124821,0206010028,2.0,202.2
SIA,AM,202501,2012685,0206010079,8.0,779.52
SIA,AM,202501,4701631,0206010036,7.0,607.32
SIA,AM,202501,5169976,0206010036,13.0,1127.88
SIA,AM,202501,5169976,0206030029,25.0,2168.75
SIA,AM,202501,2012030,0206030037,15.0,2079.45
SIA,AM,202501,2012685,0211020036,364.0,1874.6
SIA,AM,202501,2012685,0206010044,12.0,1041.0
SIA,AM,202501,2012685,0206020015,5.0,433.75
SIA,AM,202501,2012030,0206010044,11.0,954.25
SIA,AM,202501,2013258,0211020036,224.0,1153.6
SIA,AM,202501,7124821,0206010044,26.0,2255.5
SIA,AM,202501,2019574,0206020015,16.0,1388.0
SIA,AM,202501,5169976,0211020036,666.0,3429.9
SIA,AM,202501,2012030,0206020031,23.0,3137.43
SIA,AM,202501,2013649,0211020036,1455.0,7493.25
SIA,AM,202501,4701631,0206020015,3.0,260.25
SIA,AM,202501,2012685,0206020031,18.0,2455.38
SIA,AM,202501,2019574,0211020036,405.0,2085.75
SIA,AM,202501,2012685,0206030029,3.0,260.25
SIA,AM,202501,2013282,0211020036,83.0,427.45
SIA,AM,202501,5169976,0206010052,11.0,954.25
SIA,AM,202501,2012030,0206010028,3.0,303.3
SIA,AM,202501,5169976,0206020023,12.0,1041.0
SIA,AM,202501,2018403,0211020060,15.0,450.0
SIA,AM,202501,2019574,0206020023,2.0,173.5
SIA,AM,202501,2012030,0206010036,2.0,173.52
SIA,AM,202501,4701631,0206010052,4.0,347.0
SIA,AM,202501,2717395,0211020036,58.0,298.7
SIA,AM,202501,3039285,0211020036,10.0,51.5
SIA,AM,202501,2012499,0211020036,54.0,278.1
SIA,AM,202501,7749112,0211020036,11502.0,59235.3
SIA,AM,202501,4701631,0206030029,4.0,347.0
SIA,AM,202501,5084458,0211020036,176.0,906.4
SIA,AM,202501,9157174,0211020036,650.0,3347.5
SIA,AM,202501,2013045,0211020036,214.0,1102.1
SIA,AM,202501,2012030,0206010010,2.0,173.52
SIA,AM,202501,7749112,0211020060,88.0,2640.0
SIA,AM,202501,2708922,0211020036,48.0,247.2
SIA,AM,202501,9074473,0211020060,76.0,2280.0
SIA,AM,202501,9500146,0211020036,88.0,453.2
SIA,AM,202501,2012030,0206030029,3.0,260.25
SIA,AM,202501,2019604,0211020036,4.0,20.6
SIA,AM,202501,2012030,0206020015,1.0,86.75
SIA,AM,202501,2017016,0206010079,15.0,1461.6
SIA,AM,202501,7124821,0206030029,3.0,260.25
SIA,AM,202501,2016923,0211020036,105.0,540.75
SIA,AM,202501,2018403,0211020036,342.0,1761.3
SIA,AM,202501,2019566,0211020036,118.0,607.7
SIA,AM,202501,2017644,0206010010,1.0,86.76
SIA,AM,202501,2017652,0211020036,44.0,314.6
SIA,AM,202501,2017644,0206010052,2.0,173.5
SIA,AM,202501,2017644,0206020023,1.0,86.75
SIA,AM,202501,2018403,0206010028,1.0,101.1
SIA,AM,202501,2018403,0206030029,3.0,260.25
SIA,AM,202501,3400557,0211020060,126.0,3780.0
SIA,AM,202501,3400557,0206030037,19.0,2633.97
SIA,AM,202501,2019418,0206020023,1.0,86.75
SIA,AM,202501,3210243,0206030037,55.0,7624.65
SIA,AM,202501,2019418,0206010044,4.0,347.0
SIA,AM,202501,2018748,0211020036,207.0,1066.05
SIA,AM,202501,3400557,0206030010,20.0,2772.6
SIA,AM,202501,2019418,0206010079,20.0,1948.8
SIA,AM,202501,2019418,0206010028,3.0,303.3
SIA,AM,202501,3210243,0206030010,48.0,6654.24
SIA,AM,202501,3400557,0206010028,3.0,303.3
SIA,AM,202501,3210243,0206010044,7.0,607.25
SIA,AM,202501,3400557,0206010010,2.0,173.52
SIA,AM,202501,3400557,0206020031,8.0,1091.28
SIA,AM,202501,3210243,0206010036,5.0,433.8
SIA,AM,202501,3400557,0206010079,12.0,1169.28
SIA,AM,202501,3210243,0206010028,12.0,1213.2
SIA,AM,202501,3027163,0211020036,244.0,1256.6
SIA,AM,202501,3400557,0206010052,2.0,173.5
SIA,AM,202501,2017768,0211020036,48.0,247.2
SIA,AM,202501,2017016,0206030010,29.0,4020.27
SIA,AM,202501,2013886,0211020036,89.0,458.35
SIA,AM,202501,2016354,0211020036,16.0,82.4
SIA,AM,202501,2017016,0206030037,27.0,3743.01
SIA,AM,202501,2017016,0206010028,20.0,2022.0
SIA,AM,202501,2013606,0206020031,5.0,682.05
SIA,AM,202501,2019418,0206010052,6.0,520.5
SIA,AM,202501,3210243,0206020023,2.0,173.5
SIA,AM,202501,2017016,0206010036,3.0,260.28
SIA,AM,202501,2017016,0206010010,6.0,520.56
SIA,AM,202501,2017016,0206010044,4.0,347.0
SIA,AM,202501,3400557,0206010036,2.0,173.52
SIA,AM,202501,2013606,0206010079,5.0,487.2
SIA,AM,202501,2013606,0206030010,4.0,554.52
SIA,AM,202501,2016141,0206010044,4.0,347.0
SIA,AM,202501,2017016,0206020031,11.0,1500.51
SIA,AM,202501,2014688,0211020036,295.0,1519.25
SIA,AM,202501,2016141,0211020036,186.0,957.9
SIA,AM,202501,2018136,0211020036,57.0,293.55
SIA,AM,202501,7564546,0206010028,1.0,101.1
SIA,AM,202501,7564546,0206010010,2.0,173.52
SIA,AM,202501,7564546,0206010036,1.0,86.76
SIA,AM,202501,7618816,0211020036,343.0,1766.45
SIA,AM,202501,2018403,0211020010,152.0,110966.08
SIA,AM,202501,9944648,0902010018,66.0,8580.0
SIA,AM,202501,9944648,0211020036,66.0,0.0
SIA,AM,202501,2013568,0211020036,50.0,257.5
SIA,AM,202501,2012022,0211020036,38.0,195.7
SIA,AM,202501,3090825,0211020036,14.0,72.1
SIA,AM,202501,2704951,0211020060,23.0,690.0
SIA,AM,202501,2012553,0211020036,63.0,324.45
SIA,AM,202501,2012766,0211020036,85.0,437.75
SIA,AM,202501,2017717,0211020036,96.0,494.4
SIA,AM,202501,2019523,0211020036,81.0,417.15
SIA,AM,202501,2018756,0211020036,350.0,1802.5
SIA,AM,202501,9642943,0211020036,69.0,355.35
SIA,AM,202501,2017016,0206030029,2.0,173.5
SIA,AM,202501,2708930,0211020036,121.0,623.15
SIA,AM,202501,4925645,0211020036,1.0,5.15
SIA,AM,202501,7459750,0211020036,32.0,164.8
SIA,AM,202501,2017016,0211020036,3017.0,15537.55
SIA,AM,202501,3400557,0206020023,1.0,86.75
SIA,AM,202501,3210243,0206010052,1.0,86.75
SIA,AM,202501,3400557,0206010044,2.0,173.5
SIA,AM,202501,2018748,0211020060,4.0,120.0
SIA,AM,202501,2019418,0206020015,1.0,86.75
SIA,AM,202501,3210243,0206010010,2.0,173.52
SIA,AM,202501,2019418,0206010010,1.0,86.76
SIA,AM,202501,7124821,0206010010,1.0,86.76
SIA,AM,202501,2012685,0206010052,1.0,86.75
SIA,AM,202501,2017555,0211020036,132.0,679.8
SIA,AM,202501,2013606,0211020036,47.0,242.05
SIA,AM,202501,2019418,0206010036,1.0,86.76
SIA,AM,202501,2016419,0211020036,50.0,257.5
SIA,AM,202501,0278343,0211020036,52.0,267.8
SIA,AM,202501,3210243,0211020036,1.0,5.15
SIA,AM,202501,2016893,0211020036,232.0,1194.8
SIA,AM,202501,2013606,0206030037,1.0,138.63
SIA,AM,202501,3400557,0206010060,1.0,97.44
SIA,AM,202501,6915221,0211020036,58.0,298.7
SIA,AM,202501,2016249,0211020036,36.0,185.4
SIA,AM,202502,2019574,0206020031,722.0,98488.02
SIA,AM,202502,2017679,0211020036,26.0,133.9
SIA,AM,202502,3400557,0211020060,84.0,2520.0
SIA,AM,202502,5169976,0206020031,508.0,69296.28
SIA,AM,202502,2018403,0206020031,98.0,13368.18
SIA,AM,202502,2012677,0206020031,1047.0,142821.27
SIA,AM,202502,2013649,0206020031,528.0,72024.48
SIA,AM,202502,2016141,0206020031,45.0,6138.45
SIA,AM,202502,2019574,0206010010,174.0,15096.24
SIA,AM,202502,2016141,0206030010,48.0,6654.24
SIA,AM,202502,7564546,0206020031,157.0,21416.37
SIA,AM,202502,2018098,0206020031,47.0,6411.27
SIA,AM,202502,2017016,0211020036,2412.0,12421.8
SIA,AM,202502,9074473,0211020060,74.0,2220.0
SIA,AM,202502,3400557,0206020031,28.0,3819.48
SIA,AM,202502,7124821,0206020031,60.0,8184.6
SIA,AM,202502,2012898,0211020036,182.0,937.3
SIA,AM,202502,3210243,0206010079,97.0,9451.68
SIA,AM,202502,2013649,0206010010,38.0,3296.88
SIA,AM,202502,2018926,0208010025,131.0,53516.12
SIA,AM,202502,5169976,0206010010,42.0,3643.92
SIA,AM,202502,7124821,0206020023,6.0,520.5
SIA,AM,202502,3403394,0211020060,94.0,2820.0
SIA,AM,202502,2018144,0206020031,60.0,8184.6
SIA,AM,202502,7334583,0208010025,95.0,38809.4
SIA,AM,202502,2016141,0206010087,5.0,693.15
SIA,AM,202502,2018144,0206030037,115.0,15942.45
SIA,AM,202502,3998940,0211020036,160.0,824.0
SIA,AM,202502,2018144,0206030010,98.0,13585.74
SIA,AM,202502,3210243,0206020031,25.0,3410.25
SIA,AM,202502,7564546,0206020023,8.0,694.0
SIA,AM,202502,2016648,0211020036,15.0,77.25
SIA,AM,202502,2017016,0206010079,22.0,2143.68
SIA,AM,202502,5169976,0206020023,8.0,694.0
SIA,AM,202502,2017644,0206020031,61.0,8321.01
SIA,AM,202502,2012685,0206020031,8.0,1091.28
SIA,AM,202502,2017016,0206020031,15.0,2046.15
SIA,AM,202502,2018098,0206010010,4.0,347.04
SIA,AM,202502,2011891,0211020036,9.0,46.35
SIA,AM,202502,2013649,0206020023,15.0,1301.25
SIA,AM,202502,3210243,0206010028,7.0,707.7
SIA,AM,202502,7564546,0206010010,10.0,867.6
SIA,AM,202502,3210243,0206010044,9.0,780.75
SIA,AM,202502,2018144,0206010036,18.0,1561.68
SIA,AM,202502,2013258,0211020036,246.0,1266.9
SIA,AM,202502,2017016,0206010010,7.0,607.32
SIA,AM,202502,2019418,0206020031,108.0,14732.28
SIA,AM,202502,2012685,0206020023,3.0,260.25
SIA,AM,202502,2019574,0206020023,2.0,173.5
SIA,AM,202502,2016141,0206030037,21.0,2911.23
SIA,AM,202502,2017644,0206010010,4.0,347.04
SIA,AM,202502,2016141,0206010010,4.0,347.04
SIA,AM,202502,2012030,0206020031,12.0,1636.92
SIA,AM,202502,2016354,0211020036,16.0,82.4
SIA,AM,202502,2018144,0206010044,5.0,433.75
SIA,AM,202502,3027163,0211020036,253.0,1302.95
SIA,AM,202502,2018144,0206020023,5.0,433.75
SIA,AM,202502,2012677,0206010010,2.0,173.52
SIA,AM,202502,9157174,0211020036,600.0,3090.0
SIA,AM,202502,2012618,0211020036,4.0,20.6
SIA,AM,202502,2012030,0206010010,8.0,694.08
SIA,AM,202502,2018144,0206030029,8.0,694.0
SIA,AM,202502,3210243,0206020023,2.0,173.5
SIA,AM,202502,2017644,0206020023,1.0,86.75
SIA,AM,202502,3210243,0206030029,2.0,173.5
SIA,AM,202502,2019574,0206010044,291.0,25244.25
SIA,AM,202502,2018748,0211020036,391.0,2013.65
SIA,AM,202502,3400557,0206020023,1.0,86.75
SIA,AM,202502,2019574,0206010028,98.0,9907.8
SIA,AM,202502,2019418,0206020023,2.0,173.5
SIA,AM,202502,2014688,0211020036,526.0,2708.9
SIA,AM,202502,2016141,0211020036,190.0,978.5
SIA,AM,202502,3400557,0206010010,7.0,607.32
SIA,AM,202502,2018748,0211020060,26.0,780.0
SIA,AM,202502,2013282,0211020036,78.0,401.7
SIA,AM,202502,2012677,0206020023,4.0,347.0
SIA,AM,202502,2011832,0211020036,598.0,3079.7
SIA,AM,202502,2017016,0206030010,20.0,2772.6
SIA,AM,202502,2017865,0211020036,10.0,51.5
SIA,AM,202502,2014610,0211020036,94.0,484.1
SIA,AM,202502,2018144,0206010060,1.0,97.44
SIA,AM,202502,7459750,0211020036,51.0,262.65
SIA,AM,202502,2013886,0211020036,124.0,638.6
SIA,AM,202502,2013614,0211020036,2.0,10.3
SIA,AM,202502,7749112,0211020036,11637.0,59930.55
SIA,AM,202502,2013649,0206010036,9.0,780.84
SIA,AM,202502,2019574,0206030037,86.0,11922.18
SIA,AM,202502,2017644,0206030037,81.0,11229.03
SIA,AM,202502,2019418,0206010010,6.0,520.56
SIA,AM,202502,2012383,0211020036,46.0,236.9
SIA,AM,202502,2013916,0211020036,405.0,2085.75
SIA,AM,202502,2017016,0206030037,20.0,2772.6
SIA,AM,202502,2012677,0206030037,766.0,106190.58
SIA,AM,202502,2016141,0206010044,6.0,520.5
SIA,AM,202502,2018098,0206030037,73.0,10119.99
SIA,AM,202502,2018403,0206030037,175.0,24260.25
SIA,AM,202502,2011875,0211020036,89.0,458.35
SIA,AM,202502,2019418,0206010036,5.0,433.8
SIA,AM,202502,7564546,0206010060,2.0,194.88
SIA,AM,202502,3090825,0211020036,18.0,92.7
SIA,AM,202502,2013649,0206030037,308.0,42698.04
SIA,AM,202502,7564546,0206010036,5.0,433.8
SIA,AM,202502,2018403,0211020060,25.0,750.0
SIA,AM,202502,3210243,0206030037,49.0,6792.87
SIA,AM,202502,2704951,0211020060,35.0,1050.0
SIA,AM,202502,2019418,0206030037,129.0,17883.27
SIA,AM,202502,2019523,0211020036,61.0,314.15
SIA,AM,202502,5169976,0206030037,121.0,16774.23
SIA,AM,202502,7564546,0211020060,130.0,3900.0
SIA,AM,202502,5169976,0206010036,16.0,1388.16
SIA,AM,202502,2019574,0206010036,49.0,4251.24
SIA,AM,202502,2018403,0206010036,2.0,173.52
SIA,AM,202502,3400557,0206010036,6.0,520.56
SIA,AM,202502,2017644,0206010036,3.0,260.28
SIA,AM,202502,2017555,0211020036,163.0,839.45
SIA,AM,202502,2717395,0211020036,39.0,200.85
SIA,AM,202502,2012022,0211020036,31.0,159.65
SIA,AM,202502,2017644,0206030010,87.0,12060.81
SIA,AM,202502,2017644,0211020036,612.0,3151.8
SIA,AM,202502,3042626,0211020036,233.0,1199.95
SIA,AM,202502,2019566,0211020036,68.0,350.2
SIA,AM,202502,2019574,0206010079,1964.0,191372.16
SIA,AM,202502,2019574,0206030010,537.0,74444.31
SIA,AM,202502,7564546,0211020036,1998.0,10289.7
SIA,AM,202502,7564546,0206030010,114.0,15803.82
SIA,AM,202502,7458606,0211020036,521.0,2683.15
SIA,AM,202502,2013649,0206010079,302.0,29426.88
SIA,AM,202502,2013649,0206030010,1068.0,148056.84
SIA,AM,202502,5084458,0211020036,143.0,736.45
SIA,AM,202502,2018098,0206010079,13.0,1266.72
SIA,AM,202502,2018403,0206030010,162.0,22458.06
SIA,AM,202502,2018403,0211020036,906.0,4665.9
SIA,AM,202502,2012677,0211020036,105.0,540.75
SIA,AM,202502,2012677,0206030010,808.0,112013.04
SIA,AM,202502,5169976,0206010079,380.0,37027.2
SIA,AM,202502,5169976,0206030010,662.0,91773.06
SIA,AM,202502,5169976,0211020036,795.0,4094.25
SIA,AM,202502,2012677,0206010079,114.0,11108.16
SIA,AM,202502,2017644,0206010079,50.0,4872.0
SIA,AM,202502,5222710,0211020036,126.0,648.9
SIA,AM,202502,7124821,0206010079,43.0,4189.92
SIA,AM,202502,2018756,0211020036,414.0,2132.1
SIA,AM,202502,2018098,0206030010,83.0,11506.29
SIA,AM,202502,7124821,0206030010,102.0,14140.26
SIA,AM,202502,2019418,0206030010,141.0,19546.83
SIA,AM,202502,2019418,0206010079,69.0,6723.36
SIA,AM,202502,2012685,0211020036,293.0,1508.95
SIA,AM,202502,2013649,0211020036,1062.0,5469.3
SIA,AM,202502,2016982,0211020036,30.0,154.5
SIA,AM,202502,2016435,0211020036,76.0,391.4
SIA,AM,202502,7564546,0206010079,45.0,4384.8
SIA,AM,202502,2012030,0206010079,368.0,35857.92
SIA,AM,202502,9634738,0211020036,193.0,993.95
SIA,AM,202502,2012685,0206030010,14.0,1940.82
SIA,AM,202502,2013045,0211020036,452.0,2327.8
SIA,AM,202502,3039285,0211020036,210.0,1081.5
SIA,AM,202502,3368599,0211020036,50.0,257.5
SIA,AM,202502,3400557,0206010079,42.0,4092.48
SIA,AM,202502,2017687,0211020036,89.0,458.35
SIA,AM,202502,2017873,0211020036,210.0,1081.5
SIA,AM,202502,2018403,0211020010,178.0,129947.12
SIA,AM,202502,4004787,0211020036,30.0,154.5
SIA,AM,202502,4925645,0211020036,133.0,684.95
SIA,AM,202502,2018527,0211020036,58.0,298.7
SIA,AM,202502,2012766,0211020036,10.0,51.5
SIA,AM,202502,2018403,0206010079,52.0,5066.88
SIA,AM,202502,2016893,0211020036,247.0,1272.05
SIA,AM,202502,2014688,0211020060,59.0,1770.0
SIA,AM,202502,3400557,0206030010,30.0,4158.9
SIA,AM,202502,2717379,0211020036,97.0,499.55
SIA,AM,202502,2012030,0206030010,33.0,4574.79
SIA,AM,202502,3210243,0211020036,618.0,3182.7
SIA,AM,202502,7124821,0206030037,96.0,13308.48
SIA,AM,202502,3400557,0206030037,30.0,4158.9
SIA,AM,202502,2018144,0206010079,112.0,10913.28
SIA,AM,202502,2017016,0206010028,10.0,1011.0
SIA,AM,202502,7564546,0206030037,107.0,14833.41
SIA,AM,202502,2018098,0206010036,2.0,173.52
SIA,AM,202502,2013606,0211020036,39.0,200.85
SIA,AM,202502,2016141,0206010079,56.0,5456.64
SIA,AM,202502,2012685,0206010079,5.0,487.2
SIA,AM,202502,2012030,0206030037,13.0,1802.19
SIA,AM,202502,2016974,0211020036,90.0,463.5
SIA,AM,202502,2018926,0208010033,131.0,50182.17
SIA,AM,202502,2019418,0206010044,22.0,1908.5
SIA,AM,202502,2012804,0211020036,55.0,283.25
SIA,AM,202502,7564546,0206010044,147.0,12752.25
SIA,AM,202502,2017997,0211020036,24.0,123.6
SIA,AM,202502,2012499,0211020036,54.0,278.1
SIA,AM,202502,2018098,0206010044,2.0,173.5
SIA,AM,202502,2012677,0206010052,149.0,12925.75
SIA,AM,202502,2012677,0206010044,64.0,5552.0
SIA,AM,202502,2019574,0206010052,33.0,2862.75
SIA,AM,202502,2013649,0206010044,10.0,867.5
SIA,AM,202502,2017644,0206010044,25.0,2168.75
SIA,AM,202502,2018144,0206010028,30.0,3033.0
SIA,AM,202502,2017644,0206010052,7.0,607.25
SIA,AM,202502,2019418,0206010052,8.0,694.0
SIA,AM,202502,2016397,0211020036,80.0,412.0
SIA,AM,202502,2012685,0206010044,20.0,1735.0
SIA,AM,202502,2013649,0206010052,9.0,780.75
SIA,AM,202502,2018098,0206010052,1.0,86.75
SIA,AM,202502,2018403,0206010044,14.0,1214.5
SIA,AM,202502,7124821,0206010044,17.0,1474.75
SIA,AM,202502,7334583,0208010033,93.0,35625.51
SIA,AM,202502,2016249,0211020036,36.0,185.4
SIA,AM,202502,2012685,0206030037,12.0,1663.56
SIA,AM,202502,7124821,0206010052,7.0,607.25
SIA,AM,202502,2017016,0206010036,4.0,347.04
SIA,AM,202502,2018144,0206010010,9.0,780.84
SIA,AM,202502,2012030,0206010044,14.0,1214.5
SIA,AM,202502,5169976,0206010052,10.0,867.5
SIA,AM,202502,5169976,0206010044,36.0,3123.0
SIA,AM,202502,2016141,0206010028,4.0,404.4
SIA,AM,202502,3210243,0206030010,42.0,5822.46
SIA,AM,202502,2018071,0206030010,1.0,138.63
SIA,AM,202502,7564546,0206010052,12.0,1041.0
SIA,AM,202502,2018403,0206010052,15.0,1301.25
SIA,AM,202502,2704951,0211020036,21.0,108.15
SIA,AM,202502,2019574,0211020036,1395.0,7184.25
SIA,AM,202502,2018144,0206010052,3.0,260.25
SIA,AM,202502,2018071,0211020036,6.0,30.9
SIA,AM,202502,2018144,0211020036,4.0,20.6
SIA,AM,202502,3400557,0206010044,2.0,173.5
SIA,AM,202502,2016141,0206020023,3.0,260.25
SIA,AM,202502,2017644,0206010028,5.0,505.5
SIA,AM,202502,2016672,0211020036,63.0,324.45
SIA,AM,202502,2013649,0206030029,31.0,2689.25
SIA,AM,202502,7564546,0206030029,15.0,1301.25
SIA,AM,202502,2013649,0206020015,37.0,3209.75
SIA,AM,202502,7564546,0206020015,7.0,607.25
SIA,AM,202502,2013649,0206010028,28.0,2830.8
SIA,AM,202502,7564546,0206010028,8.0,808.8
SIA,AM,202502,2016656,0211020036,18.0,92.7
SIA,AM,202502,5169976,0206020015,19.0,1648.25
SIA,AM,202502,5169976,0206030029,34.0,2949.5
SIA,AM,202502,2012677,0206010028,7.0,707.7
SIA,AM,202502,2018098,0206010028,5.0,505.5
SIA,AM,202502,2019418,0206010028,19.0,1920.9
SIA,AM,202502,5169976,0206010028,42.0,4246.2
SIA,AM,202502,2019574,0206030029,18.0,1561.5
SIA,AM,202502,2019574,0206020015,12.0,1041.0
SIA,AM,202502,2018403,0206010028,4.0,404.4
SIA,AM,202502,3400557,0206010028,10.0,1011.0
SIA,AM,202502,3210243,0206010010,2.0,173.52
SIA,AM,202502,2011859,0211020036,20.0,103.0
SIA,AM,202502,7124821,0206010028,2.0,202.2
SIA,AM,202502,2012685,0206030029,8.0,694.0
SIA,AM,202502,2019418,0206030029,3.0,260.25
SIA,AM,202502,3210243,0206020015,3.0,260.25
SIA,AM,202502,2013568,0211020036,70.0,360.5
SIA,AM,202502,2019418,0206020015,2.0,173.5
SIA,AM,202502,2012677,0206020015,3.0,260.25
SIA,AM,202502,2017644,0206030029,1.0,86.75
SIA,AM,202502,2012030,0206030029,2.0,173.5
SIA,AM,202502,2012030,0206010028,2.0,202.2
SIA,AM,202502,7124821,0206020015,3.0,260.25
SIA,AM,202502,3400557,0206010052,2.0,173.5
SIA,AM,202502,7124821,0206030029,1.0,86.75
SIA,AM,202502,2708922,0211020036,39.0,200.85
SIA,AM,202502,2017652,0211020036,184.0,1315.6
SIA,AM,202502,2016141,0206030029,1.0,86.75
SIA,AM,202502,2018144,0206020015,1.0,86.75
SIA,AM,202502,2017768,0211020036,53.0,272.95
SIA,AM,202502,2012677,0206010036,2.0,173.52
SIA,AM,202502,9642943,0211020036,81.0,417.15
SIA,AM,202502,7124821,0206010010,1.0,86.76
SIA,AM,202502,2016923,0211020036,102.0,525.3
SIA,AM,202502,2017644,0206010060,1.0,97.44
SIA,AM,202502,2013649,0205010016,2.0,330.0
SIA,AM,202502,2017016,0206010044,1.0,86.75
SIA,AM,202502,2016605,0211020036,30.0,154.5
SIA,AM,202502,2019418,0206010060,1.0,97.44
SIA,AM,202502,5257158,0211020036,40.0,206.0
SIA,AM,202502,2018071,0206030037,1.0,138.63
SIA,AM,202502,2012030,0206010036,1.0,86.76
SIA,AM,202502,9500146,0211020036,161.0,829.15
SIA,AM,202502,2016443,0211020036,41.0,211.15
SIA,AM,202502,6915221,0211020036,200.0,1030.0
SIA,AM,202502,2012553,0211020036,67.0,345.05
SIA,AM,202502,2018098,0206020015,1.0,86.75
SIA,AM,202502,2016419,0211020036,69.0,355.35
SIA,AM,202502,2012685,0206020015,3.0,260.25
SIA,AM,202502,2017717,0211020036,80.0,412.0
SIA,AM,202502,2019604,0211020036,7.0,36.05
SIA,AM,202502,2012677,0206030029,1.0,86.75
SIA,AM,202502,0278343,0211020036,55.0,283.25
SIA,AM,202503,2011832,0211020036,521.0,2683.15
SIA,AM,202503,2017873,0211020036,227.0,1169.05
SIA,AM,202503,2018403,0206010036,1.0,86.76
SIA,AM,202503,2018403,0206010010,2.0,173.52
SIA,AM,202503,2018403,0206010079,51.0,4969.44
SIA,AM,202503,2018403,0206010044,14.0,1214.5
SIA,AM,202503,2018403,0211020036,735.0,3785.25
SIA,AM,202503,2018403,0211020060,20.0,600.0
SIA,AM,202503,2018403,0206030037,117.0,16219.71
SIA,AM,202503,2018403,0206020031,78.0,10639.98
SIA,AM,202503,2018403,0206030010,111.0,15387.93
SIA,AM,202503,2012618,0211020036,7.0,36.05
SIA,AM,202503,3403394,0211020060,36.0,1080.0
SIA,AM,202503,4355407,0206020031,300.0,40923.0
SIA,AM,202503,4355407,0206010079,348.0,33909.12
SIA,AM,202503,4355407,0206030037,275.0,38123.25
SIA,AM,202503,4355407,0206030010,280.0,38816.4
SIA,AM,202503,2012685,0206020031,11.0,1500.51
SIA,AM,202503,2012685,0206010028,2.0,202.2
SIA,AM,202503,2012685,0206030037,10.0,1386.3
SIA,AM,202503,2012685,0206030010,19.0,2633.97
SIA,AM,202503,2016672,0211020036,58.0,298.7
SIA,AM,202503,4355407,0206010044,31.0,2689.25
SIA,AM,202503,2018403,0206010052,17.0,1474.75
SIA,AM,202503,4355407,0206030029,20.0,1735.0
SIA,AM,202503,2012685,0206010044,22.0,1908.5
SIA,AM,202503,4355407,0206010028,30.0,3033.0
SIA,AM,202503,4355407,0206020015,14.0,1214.5
SIA,AM,202503,4355407,0206010010,29.0,2516.04
SIA,AM,202503,2018403,0206020023,2.0,173.5
SIA,AM,202503,2011891,0211020036,22.0,113.3
SIA,AM,202503,2018403,0206030029,1.0,86.75
SIA,AM,202503,4355407,0206010036,8.0,694.08
SIA,AM,202503,2013916,0211020036,323.0,1663.45
SIA,AM,202503,2013045,0211020036,512.0,2636.8
SIA,AM,202503,9634738,0211020036,219.0,1127.85
SIA,AM,202503,2019523,0211020036,32.0,164.8
SIA,AM,202503,2012685,0206010079,4.0,389.76
SIA,AM,202503,7564546,0211020036,1802.0,9280.3
SIA,AM,202503,4701631,0206020031,90.0,12276.9
SIA,AM,202503,4701631,0206030037,155.0,21487.65
SIA,AM,202503,4701631,0206010010,10.0,867.6
SIA,AM,202503,4701631,0206030010,155.0,21487.65
SIA,AM,202503,7564546,0206010044,155.0,13446.25
SIA,AM,202503,7564546,0206030037,98.0,13585.74
SIA,AM,202503,4701631,0206010079,95.0,9256.8
SIA,AM,202503,4701631,0206030029,5.0,433.75
SIA,AM,202503,4701631,0206010036,10.0,867.6
SIA,AM,202503,4701631,0206010044,15.0,1301.25
SIA,AM,202503,4701631,0206010028,20.0,2022.0
SIA,AM,202503,2017644,0211020036,317.0,1632.55
SIA,AM,202503,7564546,0206030010,113.0,15665.19
SIA,AM,202503,7564546,0206020031,86.0,11731.26
SIA,AM,202503,4355407,0206010052,8.0,694.0
SIA,AM,202503,3368599,0211020036,4.0,20.6
SIA,AM,202503,2017644,0206020031,21.0,2864.61
SIA,AM,202503,2012677,0206010052,92.0,7981.0
SIA,AM,202503,2012677,0206020031,761.0,103808.01
SIA,AM,202503,2012677,0206030037,553.0,76662.39
SIA,AM,202503,2019418,0206010079,90.0,8769.6
SIA,AM,202503,2019418,0206030037,96.0,13308.48
SIA,AM,202503,2019418,0206010052,6.0,520.5
SIA,AM,202503,2019418,0206020031,118.0,16096.38
SIA,AM,202503,2019418,0206030010,102.0,14140.26
SIA,AM,202503,2019418,0206020015,6.0,520.5
SIA,AM,202503,4701631,0206020015,5.0,433.75
SIA,AM,202503,2012685,0206020015,3.0,260.25
SIA,AM,202503,7334583,0208010025,95.0,38809.4
SIA,AM,202503,2016141,0206030010,42.0,5822.46
SIA,AM,202503,2016141,0206020031,42.0,5729.22
SIA,AM,202503,2019604,0211020036,3.0,15.45
SIA,AM,202503,2012677,0206030010,619.0,85811.97
SIA,AM,202503,7564546,0206010052,7.0,607.25
SIA,AM,202503,7564546,0206010079,44.0,4287.36
SIA,AM,202503,2016354,0211020036,12.0,61.8
SIA,AM,202503,2019418,0206020023,5.0,433.75
SIA,AM,202503,7334583,0208010033,94.0,36008.58
SIA,AM,202503,2016141,0206010028,12.0,1213.2
SIA,AM,202503,2016141,0206010079,87.0,8477.28
SIA,AM,202503,2012677,0206010044,40.0,3470.0
SIA,AM,202503,2012677,0206010079,62.0,6041.28
SIA,AM,202503,3027163,0211020036,203.0,1045.45
SIA,AM,202503,2018748,0211020036,369.0,1900.35
SIA,AM,202503,7585594,0211020036,1.0,5.15
SIA,AM,202503,7564546,0206010010,2.0,173.52
SIA,AM,202503,4701631,0206010052,5.0,433.75
SIA,AM,202503,2017644,0206010079,13.0,1266.72
SIA,AM,202503,2012677,0211020036,21.0,108.15
SIA,AM,202503,2014610,0211020036,284.0,1462.6
SIA,AM,202503,7564546,0211020060,110.0,3300.0
SIA,AM,202503,2704951,0211020036,31.0,159.65
SIA,AM,202503,2016141,0206030037,31.0,4297.53
SIA,AM,202503,2012677,0206030029,1.0,86.75
SIA,AM,202503,2017644,0211020060,2.0,60.0
SIA,AM,202503,2012677,0206020023,6.0,520.5
SIA,AM,202503,2019574,0206010079,2716.0,264647.04
SIA,AM,202503,2019574,0206010028,107.0,10817.7
SIA,AM,202503,2019574,0206030037,123.0,17051.49
SIA,AM,202503,3210243,0206010079,136.0,13251.84
SIA,AM,202503,3210243,0206020031,47.0,6411.27
SIA,AM,202503,2012030,0206010079,254.0,24749.76
SIA,AM,202503,2019574,0206010010,213.0,18479.88
SIA,AM,202503,2019574,0206030010,563.0,78048.69
SIA,AM,202503,2012677,0206010028,13.0,1314.3
SIA,AM,202503,2012677,0206010010,4.0,347.04
SIA,AM,202503,2019574,0206030029,28.0,2429.0
SIA,AM,202503,2018098,0206010010,1.0,86.76
SIA,AM,202503,2018098,0206030037,61.0,8456.43
SIA,AM,202503,2018748,0211020060,7.0,210.0
SIA,AM,202503,2016656,0211020036,21.0,108.15
SIA,AM,202503,2019574,0206020031,760.0,103671.6
SIA,AM,202503,3042626,0211020036,257.0,1323.55
SIA,AM,202503,3210243,0206010028,15.0,1516.5
SIA,AM,202503,3210243,0206030037,115.0,15942.45
SIA,AM,202503,2017679,0211020036,22.0,113.3
SIA,AM,202503,2012030,0206030010,25.0,3465.75
SIA,AM,202503,3210243,0206030010,113.0,15665.19
SIA,AM,202503,2019574,0206010036,64.0,5552.64
SIA,AM,202503,2019574,0206010044,257.0,22294.75
SIA,AM,202503,2018098,0206010079,29.0,2825.76
SIA,AM,202503,3210243,0206010044,13.0,1127.75
SIA,AM,202503,2018527,0211020036,46.0,236.9
SIA,AM,202503,2704951,0211020060,31.0,930.0
SIA,AM,202503,2018098,0206030010,66.0,9149.58
SIA,AM,202503,2012030,0206030037,7.0,970.41
SIA,AM,202503,2018098,0206020031,60.0,8184.6
SIA,AM,202503,2019574,0206010052,32.0,2776.0
SIA,AM,202503,7564546,0206030029,3.0,260.25
SIA,AM,202503,7459750,0211020036,11.0,56.65
SIA,AM,202503,2019574,0206020015,14.0,1214.5
SIA,AM,202503,7564546,0206010028,6.0,606.6
SIA,AM,202503,2012898,0211020036,215.0,1107.25
SIA,AM,202503,3210243,0206010052,2.0,173.5
SIA,AM,202503,3210243,0206020015,1.0,86.75
SIA,AM,202503,2018403,0206010028,1.0,101.1
SIA,AM,202503,2018098,0206010052,5.0,433.75
SIA,AM,202503,2018098,0206010044,12.0,1041.0
SIA,AM,202503,2019418,0206030029,3.0,260.25
SIA,AM,202503,2012030,0206010028,2.0,202.2
SIA,AM,202503,2017644,0206010010,1.0,86.76
SIA,AM,202503,2017644,0206010028,3.0,303.3
SIA,AM,202503,2012030,0206010044,9.0,780.75
SIA,AM,202503,2019418,0206010028,7.0,707.7
SIA,AM,202503,0115681,0211020036,1.0,5.15
SIA,AM,202503,2017644,0206030037,12.0,1663.56
SIA,AM,202503,2717395,0211020036,36.0,185.4
SIA,AM,202503,2016141,0206010044,9.0,780.75
SIA,AM,202503,2018144,0211020036,67.0,345.05
SIA,AM,202503,2016141,0206010087,11.0,1524.93
SIA,AM,202503,2016141,0206010052,2.0,173.5
SIA,AM,202503,2018756,0211020036,408.0,2101.2
SIA,AM,202503,2016141,0206010060,1.0,97.44
SIA,AM,202503,2012030,0206010036,1.0,86.76
SIA,AM,202503,7124821,0206030037,86.0,11922.18
SIA,AM,202503,7124821,0206010044,17.0,1474.75
SIA,AM,202503,7124821,0206030010,98.0,13585.74
SIA,AM,202503,2011875,0211020036,103.0,530.45
SIA,AM,202503,7124821,0206020031,28.0,3819.48
SIA,AM,202503,7124821,0206010010,1.0,86.76
SIA,AM,202503,7124821,0206010079,26.0,2533.44
SIA,AM,202503,3210243,0206010010,7.0,607.32
SIA,AM,202503,2017997,0211020036,16.0,82.4
SIA,AM,202503,7124821,0206020023,2.0,173.5
SIA,AM,202503,3400557,0211020060,198.0,5940.0
SIA,AM,202503,2018926,0208010033,144.0,55162.08
SIA,AM,202503,2017016,0206020015,5.0,433.75
SIA,AM,202503,2012804,0211020036,71.0,365.65
SIA,AM,202503,3400557,0206030037,24.0,3327.12
SIA,AM,202503,2017016,0206030037,22.0,3049.86
SIA,AM,202503,3400557,0206010079,41.0,3995.04
SIA,AM,202503,2017016,0206020023,1.0,86.75
SIA,AM,202503,7458606,0211020036,613.0,3156.95
SIA,AM,202503,3400557,0206020031,23.0,3137.43
SIA,AM,202503,2018926,0208010025,144.0,58826.88
SIA,AM,202503,2017016,0206010010,13.0,1127.88
SIA,AM,202503,3400557,0206030010,22.0,3049.86
SIA,AM,202503,9074473,0211020060,39.0,1170.0
SIA,AM,202503,2012685,0211020036,282.0,1452.3
SIA,AM,202503,2012030,0206030029,1.0,86.75
SIA,AM,202503,2017016,0206010079,29.0,2825.76
SIA,AM,202503,2017016,0206010028,24.0,2426.4
SIA,AM,202503,2017016,0206020031,16.0,2182.56
SIA,AM,202503,7124821,0206010052,17.0,1474.75
SIA,AM,202503,2017016,0206030010,20.0,2772.6
SIA,AM,202503,7124821,0206010028,2.0,202.2
SIA,AM,202503,2016125,0211020036,33.0,169.95
SIA,AM,202503,2011859,0211020036,14.0,72.1
SIA,AM,202503,2019566,0211020036,235.0,1210.25
SIA,AM,202503,2012685,0206010010,1.0,86.76
SIA,AM,202503,2017865,0211020036,156.0,803.4
SIA,AM,202503,2012499,0211020036,62.0,319.3
SIA,AM,202503,2013258,0211020036,153.0,787.95
SIA,AM,202503,4004787,0211020036,34.0,175.1
SIA,AM,202503,5084458,0211020036,141.0,726.15
SIA,AM,202503,3039285,0211020036,128.0,659.2
SIA,AM,202503,2019418,0206010010,4.0,347.04
SIA,AM,202503,2018403,0206010060,1.0,97.44
SIA,AM,202503,2016141,0206010010,11.0,954.36
SIA,AM,202503,2016141,0206030029,1.0,86.75
SIA,AM,202503,2019418,0206010044,9.0,780.75
SIA,AM,202503,2016141,0211020036,360.0,1854.0
SIA,AM,202503,2019418,0206010036,4.0,347.04
SIA,AM,202503,2016141,0206020023,3.0,260.25
SIA,AM,202503,2717379,0211020036,97.0,499.55
SIA,AM,202503,2013282,0211020036,100.0,515.0
SIA,AM,202503,2018403,0206020015,1.0,86.75
SIA,AM,202503,9500146,0211020036,102.0,525.3
SIA,AM,202503,2016249,0211020036,44.0,226.6
SIA,AM,202503,9944648,0211020036,1.0,5.15
SIA,AM,202503,2019574,0211020036,912.0,4696.8
SIA,AM,202503,2018403,0211020010,122.0,89064.88
SIA,AM,202503,3400557,0206020023,3.0,260.25
SIA,AM,202503,3210243,0206020023,2.0,173.5
SIA,AM,202503,5169976,0211020036,929.0,4784.35
SIA,AM,202503,3400557,0206010052,2.0,173.5
SIA,AM,202503,3210243,0206010036,6.0,520.56
SIA,AM,202503,2017016,0206030029,4.0,347.0
SIA,AM,202503,3400557,0206010028,6.0,606.6
SIA,AM,202503,5257158,0211020036,40.0,206.0
SIA,AM,202503,2017016,0206010044,2.0,173.5
SIA,AM,202503,0278343,0211020036,48.0,247.2
SIA,AM,202503,2017016,0206010036,5.0,433.8
SIA,AM,202503,3400557,0206030029,3.0,260.25
SIA,AM,202503,2012030,0206010010,1.0,86.76
SIA,AM,202503,2012677,0206010036,5.0,433.8
SIA,AM,202503,3400557,0206010044,3.0,260.25
SIA,AM,202503,2016435,0211020036,63.0,324.45
SIA,AM,202503,2017644,0206030010,11.0,1524.93
SIA,AM,202503,3210243,0206030029,1.0,86.75
SIA,AM,202503,7564546,0206020023,6.0,520.5
SIA,AM,202503,2013568,0211020036,80.0,412.0
SIA,AM,202503,2012766,0211020036,142.0,731.3
SIA,AM,202503,7564546,0206020015,3.0,260.25
SIA,AM,202503,2016893,0211020036,265.0,1364.75
SIA,AM,202503,2012030,0206020031,5.0,682.05
SIA,AM,202503,2012677,0206020015,1.0,86.75
SIA,AM,202503,2708922,0211020036,13.0,66.95
SIA,AM,202503,2017768,0211020036,69.0,355.35
SIA,AM,202503,2013606,0211020036,41.0,211.15
SIA,AM,202503,3210243,0211020036,1.0,5.15
SIA,AM,202503,2017016,0211020036,2832.0,14584.8
SIA,AM,202503,2016443,0211020036,19.0,97.85
SIA,AM,202503,2017644,0206010044,7.0,607.25
SIA,AM,202503,2016141,0206010036,1.0,86.76
SIA,AM,202503,2019418,0206010087,1.0,138.63
SIA,AM,202503,7618816,0211020036,269.0,1385.35
SIA,AM,202503,2017717,0211020036,51.0,262.65
SIA,AM,202503,9642943,0211020036,106.0,545.9
SIA,AM,202503,2016982,0211020036,24.0,123.6
SIA,AM,202503,2018098,0206010028,1.0,101.1
SIA,AM,202503,5222710,0211020036,44.0,226.6
SIA,AM,202503,7749112,0211020036,2673.0,13765.95
SIA,AM,202503,2012685,0206030029,1.0,86.75
SIA,AM,202503,7124821,0206010036,3.0,260.28
SIA,AM,202503,2016923,0211020036,83.0,427.45
SIA,AM,202503,2017687,0211020036,163.0,839.45
SIA,AM,202503,2017652,0211020036,114.0,815.1
SIA,AM,202503,2014688,0211020036,218.0,1122.7
SIA,AM,202503,2018136,0211020036,64.0,329.6
SIA,AM,202503,3090825,0211020036,17.0,87.55
SIA,AM,202503,2017555,0211020036,168.0,865.2
SIA,AM,202503,2018071,0211020036,1.0,5.15
SIA,AM,202503,2016419,0211020036,69.0,355.35
SIA,AM,202503,6915221,0211020036,152.0,782.8
SIA,AM,202503,9157174,0211020036,668.0,3440.2
SIA,AM,202503,2012022,0211020036,20.0,103.0
SIA,AM,202503,2017016,0206010052,1.0,86.75
SIA,AM,202503,2016605,0211020036,21.0,108.15
SIA,AM,202503,2017644,0206010052,1.0,86.75
SIA,AM,202503,7124821,0206020015,1.0,86.75
SIA,AM,202503,7564546,0206010036,1.0,86.76
SIA,AM,202504,2017997,0211020036,36.0,185.4
SIA,AM,202504,2012804,0211020036,105.0,540.75
SIA,AM,202504,2011875,0211020036,83.0,427.45
SIA,AM,202504,3210243,0206010079,136.0,13251.84
SIA,AM,202504,2017016,0206030037,14.0,1940.82
SIA,AM,202504,2012677,0206020023,8.0,694.0
SIA,AM,202504,2017016,0206010079,22.0,2143.68
SIA,AM,202504,2018403,0206020023,1.0,86.75
SIA,AM,202504,3400557,0206010060,1.0,97.44
SIA,AM,202504,5169976,0206020023,15.0,1301.25
SIA,AM,202504,7124821,0206010060,1.0,97.44
SIA,AM,202504,2019418,0206010060,1.0,97.44
SIA,AM,202504,3210243,0206010028,16.0,1617.6
SIA,AM,202504,5169976,0206010060,1.0,97.44
SIA,AM,202504,2018144,0211020036,13.0,66.95
SIA,AM,202504,2013916,0211020036,335.0,1725.25
SIA,AM,202504,2012898,0211020036,222.0,1143.3
SIA,AM,202504,3027163,0211020036,194.0,999.1
SIA,AM,202504,2014610,0211020036,308.0,1586.2
SIA,AM,202504,2018144,0206010036,10.0,867.6
SIA,AM,202504,2017865,0211020036,216.0,1112.4
SIA,AM,202504,2018144,0206030010,52.0,7208.76
SIA,AM,202504,2012383,0211020036,65.0,334.75
SIA,AM,202504,2016656,0211020036,25.0,128.75
SIA,AM,202504,2011832,0211020036,434.0,2235.1
SIA,AM,202504,7334583,0208010033,95.0,36391.65
SIA,AM,202504,2018926,0208010033,130.0,49799.1
SIA,AM,202504,3368599,0211020036,70.0,360.5
SIA,AM,202504,5169976,0206020031,706.0,96305.46
SIA,AM,202504,2016443,0211020036,60.0,309.0
SIA,AM,202504,2016435,0211020036,68.0,350.2
SIA,AM,202504,2019574,0206020031,782.0,106672.62
SIA,AM,202504,2018403,0206020031,134.0,18278.94
SIA,AM,202504,2018098,0206020031,65.0,8866.65
SIA,AM,202504,2012030,0206010079,583.0,56807.52
SIA,AM,202504,2012677,0206020031,803.0,109537.23
SIA,AM,202504,2012030,0206020031,16.0,2182.56
SIA,AM,202504,2012685,0206020031,8.0,1091.28
SIA,AM,202504,2017644,0206020031,28.0,3819.48
SIA,AM,202504,3400557,0206020031,35.0,4774.35
SIA,AM,202504,2018144,0206010079,51.0,4969.44
SIA,AM,202504,2012030,0206030010,62.0,8595.06
SIA,AM,202504,2016974,0211020036,90.0,463.5
SIA,AM,202504,2018748,0211020036,230.0,1184.5
SIA,AM,202504,3998940,0211020036,258.0,1328.7
SIA,AM,202504,7124821,0206010079,16.0,1559.04
SIA,AM,202504,4355407,0206010079,704.0,68597.76
SIA,AM,202504,5169976,0206010079,469.0,45699.36
SIA,AM,202504,2019574,0206010079,1993.0,194197.92
SIA,AM,202504,4355407,0206020031,246.0,33556.86
SIA,AM,202504,7564546,0206020031,116.0,15823.56
SIA,AM,202504,7458606,0211020036,641.0,3301.15
SIA,AM,202504,2019418,0206010079,49.0,4774.56
SIA,AM,202504,2017644,0211020036,563.0,2899.45
SIA,AM,202504,2017644,0206010079,20.0,1948.8
SIA,AM,202504,9634738,0211020036,234.0,1205.1
SIA,AM,202504,2014688,0211020036,258.0,1328.7
SIA,AM,202504,3400557,0211020060,131.0,3930.0
SIA,AM,202504,3400557,0206010079,73.0,7113.12
SIA,AM,202504,3042626,0211020036,272.0,1400.8
SIA,AM,202504,3210243,0206020031,53.0,7229.73
SIA,AM,202504,2019418,0206020031,61.0,8321.01
SIA,AM,202504,4701631,0206020031,79.0,10776.39
SIA,AM,202504,2017016,0206020031,10.0,1364.1
SIA,AM,202504,2016141,0206030037,26.0,3604.38
SIA,AM,202504,2013568,0211020036,86.0,442.9
SIA,AM,202504,5169976,0211020036,1130.0,5819.5
SIA,AM,202504,5222710,0211020036,382.0,1967.3
SIA,AM,202504,7564546,0206010079,60.0,5846.4
SIA,AM,202504,2016141,0211020036,190.0,978.5
SIA,AM,202504,7564546,0211020036,1667.0,8585.05
SIA,AM,202504,2019574,0211020036,925.0,4763.75
SIA,AM,202504,2018144,0206030037,65.0,9010.95
SIA,AM,202504,3039285,0211020036,116.0,597.4
SIA,AM,202504,2017687,0211020036,129.0,664.35
SIA,AM,202504,2717395,0211020036,20.0,103.0
SIA,AM,202504,2017644,0211020060,10.0,300.0
SIA,AM,202504,2018756,0211020036,250.0,1287.5
SIA,AM,202504,2017016,0206010028,18.0,1819.8
SIA,AM,202504,2018403,0206010079,57.0,5554.08
SIA,AM,202504,2018403,0211020036,970.0,4995.5
SIA,AM,202504,2017873,0211020036,190.0,978.5
SIA,AM,202504,3500179,0211020036,167.0,860.05
SIA,AM,202504,2018527,0211020036,45.0,231.75
SIA,AM,202504,3403394,0211020060,55.0,1650.0
SIA,AM,202504,9074473,0211020060,58.0,1740.0
SIA,AM,202504,2016141,0206030010,48.0,6654.24
SIA,AM,202504,2018098,0206020015,4.0,347.0
SIA,AM,202504,2018403,0211020060,25.0,750.0
SIA,AM,202504,2018071,0211020036,2.0,10.3
SIA,AM,202504,2018098,0206010079,27.0,2630.88
SIA,AM,202504,7124821,0206020031,36.0,4910.76
SIA,AM,202504,5169976,0206020015,40.0,3470.0
SIA,AM,202504,2012677,0206010079,59.0,5748.96
SIA,AM,202504,2012677,0206020015,3.0,260.25
SIA,AM,202504,2012677,0211020036,109.0,561.35
SIA,AM,202504,2019574,0206020015,26.0,2255.5
SIA,AM,202504,2016982,0211020036,59.0,303.85
SIA,AM,202504,4355407,0206020015,7.0,607.25
SIA,AM,202504,2018144,0206030029,5.0,433.75
SIA,AM,202504,3210243,0206010010,9.0,780.84
SIA,AM,202504,2012685,0211020036,337.0,1735.55
SIA,AM,202504,2018144,0206020023,8.0,694.0
SIA,AM,202504,5084458,0211020036,189.0,973.35
SIA,AM,202504,2013282,0211020036,66.0,339.9
SIA,AM,202504,2012030,0206030037,16.0,2218.08
SIA,AM,202504,4701631,0206010079,40.0,3897.6
SIA,AM,202504,4004787,0211020036,54.0,278.1
SIA,AM,202504,2704951,0211020060,3.0,90.0
SIA,AM,202504,2017016,0206010010,5.0,433.8
SIA,AM,202504,3210243,0206020015,1.0,86.75
SIA,AM,202504,2016605,0211020036,30.0,154.5
SIA,AM,202504,2012766,0211020036,228.0,1174.2
SIA,AM,202504,7564546,0206020015,3.0,260.25
SIA,AM,202504,2019566,0211020036,123.0,633.45
SIA,AM,202504,2012685,0206010079,10.0,974.4
SIA,AM,202504,2013045,0211020036,80.0,412.0
SIA,AM,202504,2019418,0206020015,1.0,86.75
SIA,AM,202504,2704951,0211020036,35.0,180.25
SIA,AM,202504,2012030,0206010010,10.0,867.6
SIA,AM,202504,2017555,0211020036,139.0,715.85
SIA,AM,202504,3210243,0206010044,10.0,867.5
SIA,AM,202504,4370643,0211020036,20.0,103.0
SIA,AM,202504,7459750,0211020036,12.0,61.8
SIA,AM,202504,7564546,0211020060,132.0,3960.0
SIA,AM,202504,7124821,0206020015,4.0,347.0
SIA,AM,202504,3210243,0206020023,1.0,86.75
SIA,AM,202504,5169976,0206030037,145.0,20101.35
SIA,AM,202504,4701631,0206020015,3.0,260.25
SIA,AM,202504,2018748,0211020060,2.0,60.0
SIA,AM,202504,2018144,0206020015,7.0,607.25
SIA,AM,202504,2012677,0206010052,103.0,8935.25
SIA,AM,202504,7564546,0206010052,7.0,607.25
SIA,AM,202504,3210243,0206030010,114.0,15803.82
SIA,AM,202504,4355407,0206010052,17.0,1474.75
SIA,AM,202504,2016141,0206010052,2.0,173.5
SIA,AM,202504,2019574,0206010052,37.0,3209.75
SIA,AM,202504,2018098,0206010052,4.0,347.0
SIA,AM,202504,4701631,0206010052,6.0,520.5
SIA,AM,202504,2018403,0206010052,22.0,1908.5
SIA,AM,202504,5169976,0206010052,12.0,1041.0
SIA,AM,202504,0278343,0211020036,82.0,422.3
SIA,AM,202504,2012677,0206030010,632.0,87614.16
SIA,AM,202504,2019574,0206010028,128.0,12940.8
SIA,AM,202504,2019574,0206010036,63.0,5465.88
SIA,AM,202504,2019574,0206010010,186.0,16137.36
SIA,AM,202504,2019574,0206030010,544.0,75414.72
SIA,AM,202504,2012685,0206010052,2.0,173.5
SIA,AM,202504,5169976,0206030010,803.0,111319.89
SIA,AM,202504,3400557,0206030010,45.0,6238.35
SIA,AM,202504,2018098,0206030029,3.0,260.25
SIA,AM,202504,2017644,0206010052,4.0,347.0
SIA,AM,202504,2018926,0208010025,130.0,53107.6
SIA,AM,202504,4355407,0206030010,182.0,25230.66
SIA,AM,202504,4701631,0206030010,125.0,17328.75
SIA,AM,202504,7564546,0206030010,142.0,19685.46
SIA,AM,202504,2019418,0206030010,94.0,13031.22
SIA,AM,202504,2018098,0206030010,51.0,7070.13
SIA,AM,202504,5169976,0206010028,48.0,4852.8
SIA,AM,202504,2019418,0206010028,4.0,404.4
SIA,AM,202504,7124821,0206030010,58.0,8040.54
SIA,AM,202504,2018403,0206030010,117.0,16219.71
SIA,AM,202504,2019574,0206030029,36.0,3123.0
SIA,AM,202504,2017644,0206010010,4.0,347.04
SIA,AM,202504,2012677,0206010010,5.0,433.8
SIA,AM,202504,7334583,0208010025,92.0,37583.84
SIA,AM,202504,2017016,0206020015,2.0,173.5
SIA,AM,202504,2012677,0206010028,7.0,707.7
SIA,AM,202504,2012677,0206010036,6.0,520.56
SIA,AM,202504,2012685,0206030010,27.0,3743.01
SIA,AM,202504,2016141,0206020031,60.0,8184.6
SIA,AM,202504,2012030,0206010028,3.0,303.3
SIA,AM,202504,2016141,0206010028,18.0,1819.8
SIA,AM,202504,4701631,0206010010,11.0,954.36
SIA,AM,202504,5169976,0206030029,35.0,3036.25
SIA,AM,202504,4355407,0206010028,7.0,707.7
SIA,AM,202504,4355407,0206010010,11.0,954.36
SIA,AM,202504,4701631,0206010028,19.0,1920.9
SIA,AM,202504,2018144,0206020031,25.0,3410.25
SIA,AM,202504,3400557,0206030029,7.0,607.25
SIA,AM,202504,2017644,0206030010,26.0,3604.38
SIA,AM,202504,2018403,0206010028,4.0,404.4
SIA,AM,202504,4701631,0206030029,10.0,867.5
SIA,AM,202504,7564546,0206010010,9.0,780.84
SIA,AM,202504,5169976,0206010010,40.0,3470.4
SIA,AM,202504,7564546,0206010028,5.0,505.5
SIA,AM,202504,9944648,0211020036,77.0,118.45
SIA,AM,202504,2019418,0206030029,4.0,347.0
SIA,AM,202504,5169976,0206010036,19.0,1648.44
SIA,AM,202504,2016141,0206010087,12.0,1663.56
SIA,AM,202504,4701631,0206010036,10.0,867.6
SIA,AM,202504,9157174,0211020036,671.0,3455.65
SIA,AM,202504,3400557,0206010028,3.0,303.3
SIA,AM,202504,7124821,0206030029,1.0,86.75
SIA,AM,202504,2012685,0206030029,4.0,347.0
SIA,AM,202504,2017644,0206010028,5.0,505.5
SIA,AM,202504,7564546,0206030029,7.0,607.25
SIA,AM,202504,2012685,0206010028,2.0,202.2
SIA,AM,202504,2016141,0206010010,7.0,607.32
SIA,AM,202504,2019418,0206010052,5.0,433.75
SIA,AM,202504,2016419,0211020036,80.0,412.0
SIA,AM,202504,2016141,0206010044,7.0,607.25
SIA,AM,202504,2017016,0211020036,2672.0,13760.8
SIA,AM,202504,2017016,0206010044,2.0,173.5
SIA,AM,202504,2019574,0206010044,283.0,24550.25
SIA,AM,202504,7564546,0206010044,82.0,7113.5
SIA,AM,202504,2012030,0206010044,39.0,3383.25
SIA,AM,202504,2012030,0206010036,3.0,260.28
SIA,AM,202504,2019418,0206010044,31.0,2689.25
SIA,AM,202504,7124821,0206010028,2.0,202.2
SIA,AM,202504,2017016,0206010036,3.0,260.28
SIA,AM,202504,2017652,0211020036,148.0,1058.2
SIA,AM,202504,3400557,0206010044,11.0,954.25
SIA,AM,202504,2017644,0206010044,28.0,2429.0
SIA,AM,202504,3400557,0206010010,5.0,433.8
SIA,AM,202504,4355407,0206030029,1.0,86.75
SIA,AM,202504,2017679,0211020036,43.0,221.45
SIA,AM,202504,4355407,0206010036,2.0,173.52
SIA,AM,202504,2012685,0206010044,13.0,1127.75
SIA,AM,202504,4355407,0206010044,94.0,8154.5
SIA,AM,202504,4701631,0206010044,39.0,3383.25
SIA,AM,202504,2018403,0206010044,14.0,1214.5
SIA,AM,202504,2018403,0206030029,2.0,173.5
SIA,AM,202504,2012677,0206010044,38.0,3296.5
SIA,AM,202504,2016672,0211020036,39.0,200.85
SIA,AM,202504,2018098,0206010028,1.0,101.1
SIA,AM,202504,7124821,0206010036,2.0,173.52
SIA,AM,202504,2018403,0206010036,1.0,86.76
SIA,AM,202504,2017644,0206030029,1.0,86.75
SIA,AM,202504,2018144,0206010010,8.0,694.08
SIA,AM,202504,9944648,0205010016,2.0,330.0
SIA,AM,202504,2018144,0206010028,20.0,2022.0
SIA,AM,202504,7124821,0206010044,17.0,1474.75
SIA,AM,202504,5169976,0206010044,22.0,1908.5
SIA,AM,202504,3210243,0206010052,4.0,347.0
SIA,AM,202504,2012030,0206030029,3.0,260.25
SIA,AM,202504,2017016,0206030010,18.0,2495.34
SIA,AM,202504,2019418,0206010036,1.0,86.76
SIA,AM,202504,7749112,0211020060,96.0,2880.0
SIA,AM,202504,2018098,0206010044,12.0,1041.0
SIA,AM,202504,2019604,0211020036,1.0,5.15
SIA,AM,202504,7124821,0206010052,5.0,433.75
SIA,AM,202504,3210243,0206030037,116.0,16081.08
SIA,AM,202504,7124821,0206030037,61.0,8456.43
SIA,AM,202504,2013258,0211020036,153.0,787.95
SIA,AM,202504,7564546,0206030037,138.0,19130.94
SIA,AM,202504,2019574,0206030037,136.0,18853.68
SIA,AM,202504,2018403,0206030037,139.0,19269.57
SIA,AM,202504,2016141,0206010079,88.0,8574.72
SIA,AM,202504,4701631,0206030037,115.0,15942.45
SIA,AM,202504,2019418,0206030037,92.0,12753.96
SIA,AM,202504,2012677,0206030037,597.0,82762.11
SIA,AM,202504,2011859,0211020036,25.0,128.75
SIA,AM,202504,2018144,0206010052,1.0,86.75
SIA,AM,202504,2012685,0206030037,21.0,2911.23
SIA,AM,202504,2017644,0206030037,21.0,2911.23
SIA,AM,202504,3400557,0206030037,42.0,5822.46
SIA,AM,202504,4355407,0206030037,92.0,12753.96
SIA,AM,202504,3210243,0206030029,3.0,260.25
SIA,AM,202504,2018098,0206030037,44.0,6099.72
SIA,AM,202504,2012685,0206010036,1.0,86.76
SIA,AM,202504,3400557,0206010036,1.0,86.76
SIA,AM,202504,2017016,0206030029,4.0,347.0
SIA,AM,202504,2012677,0206030029,1.0,86.75
SIA,AM,202504,2018071,0206010044,2.0,173.5
SIA,AM,202504,7749112,0211020036,2673.0,13765.95
SIA,AM,202504,2019418,0206010087,1.0,138.63
SIA,AM,202504,2018403,0206010010,1.0,86.76
SIA,AM,202504,2017644,0206010036,1.0,86.76
SIA,AM,202504,3400557,0206010052,2.0,173.5
SIA,AM,202504,2019418,0206010010,2.0,173.52
SIA,AM,202504,2013614,0211020036,7.0,36.05
SIA,AM,202504,2016648,0211020036,5.0,25.75
SIA,AM,202504,2012685,0206010010,1.0,86.76
SIA,AM,202504,3090825,0211020036,18.0,92.7
SIA,AM,202504,3210243,0211020036,786.0,4047.9
SIA,AM,202504,7564546,0206010036,2.0,173.52
SIA,AM,202504,2016141,0206020015,2.0,173.5
SIA,AM,202504,7124821,0206010010,2.0,173.52
SIA,AM,202504,2012499,0211020036,49.0,252.35
SIA,AM,202504,2017644,0206020015,1.0,86.75
SIA,AM,202504,2017717,0211020036,200.0,1030.0
SIA,AM,202504,2018136,0211020036,7280.0,37492.0
SIA,AM,202504,2013649,0211020036,981.0,5052.15
SIA,AM,202504,2016141,0206020023,3.0,260.25
SIA,AM,202504,2717379,0211020036,101.0,520.15
SIA,AM,202504,2012022,0211020036,35.0,180.25
SIA,AM,202504,3400557,0206020023,7.0,607.25
SIA,AM,202504,9642943,0211020036,107.0,551.05
SIA,AM,202504,3210243,0206010036,3.0,260.28
SIA,AM,202504,2018403,0211020010,154.0,112426.16
SIA,AM,202504,6915221,0211020036,97.0,499.55
SIA,AM,202504,9944648,0902010026,39.0,7800.0
SIA,AM,202504,2016893,0211020036,158.0,813.7
SIA,AM,202504,2708922,0211020036,32.0,164.8
SIA,AM,202504,2013606,0211020036,46.0,236.9
SIA,AM,202504,2018098,0206020023,4.0,347.0
SIA,AM,202504,9944648,0902010018,15.0,1950.0
SIA,AM,202504,5257158,0211020036,20.0,103.0
SIA,AM,202504,2019574,0206010060,1.0,97.44
SIA,AM,202504,2017644,0206020023,1.0,86.75
SIA,AM,202504,2017016,0206010052,1.0,86.75
SIA,AM,202504,7564546,0206020023,3.0,260.25
SIA,AM,202504,2019574,0206020023,3.0,260.25
SIA,AM,202504,7618816,0211020036,290.0,1493.5
SIA,AM,202504,2016923,0211020036,70.0,360.5
SIA,AM,202504,2018144,0206010044,3.0,260.25
SIA,AM,202504,2017768,0211020036,64.0,329.6
SIA,AM,202504,9500146,0211020036,196.0,1009.4
SIA,AM,202504,2016249,0211020036,54.0,278.1
SIA,AM,202504,2019418,0206020023,1.0,86.75
SIA,AM,202504,2012553,0211020036,70.0,360.5
SIA,AM,202504,7564546,0206010060,1.0,97.44
SIA,AM,202505,9944648,0211020036,57.0,0.0
SIA,AM,202505,9944648,0902010026,57.0,11400.0
SIA,AM,202505,3210243,0206020031,63.0,8593.83
SIA,AM,202505,2018144,0206010052,5.0,433.75
SIA,AM,202505,3400557,0211020060,146.0,4380.0
SIA,AM,202505,5169976,0206010028,29.0,2931.9
SIA,AM,202505,2018144,0211020036,9.0,46.35
SIA,AM,202505,2017016,0206030010,19.0,2633.97
SIA,AM,202505,4925645,0211020036,170.0,875.5
SIA,AM,202505,3400557,0206010044,5.0,433.75
SIA,AM,202505,2012766,0211020036,88.0,453.2
SIA,AM,202505,2018144,0206030010,108.0,14972.04
SIA,AM,202505,2016141,0206010079,83.0,8087.52
SIA,AM,202505,7458606,0211020036,551.0,2837.65
SIA,AM,202505,7459750,0211020036,18.0,92.7
SIA,AM,202505,2017644,0211020036,676.0,3481.4
SIA,AM,202505,2018381,0211020036,50.0,257.5
SIA,AM,202505,2017679,0211020036,30.0,154.5
SIA,AM,202505,2018071,0211020036,4.0,20.6
SIA,AM,202505,2017873,0211020036,198.0,1019.7
SIA,AM,202505,3042626,0211020036,194.0,999.1
SIA,AM,202505,3039285,0211020036,159.0,818.85
SIA,AM,202505,2018144,0206010028,33.0,3336.3
SIA,AM,202505,7334583,0208010025,95.0,38809.4
SIA,AM,202505,2019574,0206010044,350.0,30362.5
SIA,AM,202505,2019418,0206010044,39.0,3383.25
SIA,AM,202505,2019418,0206010010,9.0,780.84
SIA,AM,202505,2017687,0211020036,132.0,679.8
SIA,AM,202505,9634738,0211020036,235.0,1210.25
SIA,AM,202505,2018403,0206010044,20.0,1735.0
SIA,AM,202505,2018098,0206010010,3.0,260.28
SIA,AM,202505,2018098,0206010044,6.0,520.5
SIA,AM,202505,5169976,0206010044,11.0,954.25
SIA,AM,202505,2018403,0211020036,1046.0,5386.9
SIA,AM,202505,2016435,0211020036,49.0,252.35
SIA,AM,202505,2019574,0206010028,154.0,15569.4
SIA,AM,202505,2012030,0206010010,7.0,607.32
SIA,AM,202505,2018926,0208010025,159.0,64954.68
SIA,AM,202505,2013649,0206010028,83.0,8391.3
SIA,AM,202505,4355407,0206010044,175.0,15181.25
SIA,AM,202505,5084458,0211020036,190.0,978.5
SIA,AM,202505,2019574,0211020036,782.0,4027.3
SIA,AM,202505,2012677,0206010044,42.0,3643.5
SIA,AM,202505,7124821,0206010044,27.0,2342.25
SIA,AM,202505,2016974,0211020036,235.0,1210.25
SIA,AM,202505,4701631,0206010010,25.0,2169.0
SIA,AM,202505,4701631,0206020015,4.0,347.0
SIA,AM,202505,5169976,0211020036,943.0,4856.45
SIA,AM,202505,2012685,0211020036,438.0,2255.7
SIA,AM,202505,7564546,0211020036,1717.0,8842.55
SIA,AM,202505,3210243,0206030037,145.0,20101.35
SIA,AM,202505,7564546,0206010044,84.0,7287.0
SIA,AM,202505,2012677,0211020036,43.0,221.45
SIA,AM,202505,2018748,0211020036,230.0,1184.5
SIA,AM,202505,2017644,0211020060,7.0,210.0
SIA,AM,202505,9074473,0206010010,1.0,86.76
SIA,AM,202505,2016656,0211020036,29.0,149.35
SIA,AM,202505,7124821,0206020015,13.0,1127.75
SIA,AM,202505,4004787,0211020036,44.0,226.6
SIA,AM,202505,2012030,0206010044,23.0,1995.25
SIA,AM,202505,4355407,0206010010,14.0,1214.64
SIA,AM,202505,2019574,0206010010,225.0,19521.0
SIA,AM,202505,2019566,0211020036,142.0,731.3
SIA,AM,202505,2012677,0206010010,3.0,260.28
SIA,AM,202505,3500179,0211020036,192.0,988.8
SIA,AM,202505,2012685,0206010044,13.0,1127.75
SIA,AM,202505,2013649,0211020036,586.0,3017.9
SIA,AM,202505,2013649,0206010010,42.0,3643.92
SIA,AM,202505,2013649,0206020015,32.0,2776.0
SIA,AM,202505,2013649,0206010044,27.0,2342.25
SIA,AM,202505,2018756,0211020036,220.0,1133.0
SIA,AM,202505,2014688,0211020036,245.0,1261.75
SIA,AM,202505,3403394,0211020060,68.0,2040.0
SIA,AM,202505,2013649,0205010016,11.0,1815.0
SIA,AM,202505,7564546,0206020015,4.0,347.0
SIA,AM,202505,5169976,0206010010,31.0,2689.56
SIA,AM,202505,2013606,0211020036,35.0,180.25
SIA,AM,202505,4701631,0206010028,34.0,3437.4
SIA,AM,202505,5169976,0206020015,24.0,2082.0
SIA,AM,202505,4701631,0206010044,21.0,1821.75
SIA,AM,202505,9642943,0211020036,94.0,484.1
SIA,AM,202505,2017644,0206010044,32.0,2776.0
SIA,AM,202505,5222710,0211020036,403.0,2075.45
SIA,AM,202505,2016923,0211020036,60.0,309.0
SIA,AM,202505,2017644,0206010010,3.0,260.28
SIA,AM,202505,7618816,0211020036,213.0,1096.95
SIA,AM,202505,4701631,0206030037,144.0,19962.72
SIA,AM,202505,5169976,0206030010,352.0,48797.76
SIA,AM,202505,2013649,0206030037,98.0,13585.74
SIA,AM,202505,3400557,0206030037,18.0,2495.34
SIA,AM,202505,2012677,0206030037,617.0,85534.71
SIA,AM,202505,2012677,0206010052,93.0,8067.75
SIA,AM,202505,2012677,0206030010,646.0,89554.98
SIA,AM,202505,2019574,0206030010,645.0,89416.35
SIA,AM,202505,3210243,0206010079,171.0,16662.24
SIA,AM,202505,4355407,0206030010,347.0,48104.61
SIA,AM,202505,4701631,0206030010,159.0,22042.17
SIA,AM,202505,3368599,0211020036,70.0,360.5
SIA,AM,202505,2013649,0206020023,90.0,7807.5
SIA,AM,202505,3400557,0206010052,2.0,173.5
SIA,AM,202505,2019418,0206030010,131.0,18160.53
SIA,AM,202505,2018144,0206010079,111.0,10815.84
SIA,AM,202505,2019418,0206030037,120.0,16635.6
SIA,AM,202505,4355407,0206010052,29.0,2515.75
SIA,AM,202505,9074473,0211020060,37.0,1110.0
SIA,AM,202505,5169976,0206030037,82.0,11367.66
SIA,AM,202505,3210243,0206030010,138.0,19130.94
SIA,AM,202505,2017016,0206030037,23.0,3188.49
SIA,AM,202505,2019574,0206030037,126.0,17467.38
SIA,AM,202505,7564546,0206030037,104.0,14417.52
SIA,AM,202505,2012685,0206010028,1.0,101.1
SIA,AM,202505,2018098,0206030037,53.0,7347.39
SIA,AM,202505,2018098,0206030010,56.0,7763.28
SIA,AM,202505,2018403,0206030010,147.0,20378.61
SIA,AM,202505,4355407,0206030037,111.0,15387.93
SIA,AM,202505,2018403,0206030037,163.0,22596.69
SIA,AM,202505,2019574,0206010052,43.0,3730.25
SIA,AM,202505,2016141,0206030010,40.0,5545.2
SIA,AM,202505,7124821,0206030010,76.0,10535.88
SIA,AM,202505,2018144,0206010010,8.0,694.08
SIA,AM,202505,2018403,0206010052,30.0,2602.5
SIA,AM,202505,2012677,0206020023,5.0,433.75
SIA,AM,202505,2012030,0206030010,51.0,7070.13
SIA,AM,202505,7564546,0206030010,109.0,15110.67
SIA,AM,202505,5169976,0206010052,14.0,1214.5
SIA,AM,202505,2013649,0206030010,99.0,13724.37
SIA,AM,202505,2017644,0206030010,27.0,3743.01
SIA,AM,202505,7124821,0206030037,79.0,10951.77
SIA,AM,202505,2018403,0206020023,2.0,173.5
SIA,AM,202505,2018144,0206020031,55.0,7502.55
SIA,AM,202505,5169976,0206020023,5.0,433.75
SIA,AM,202505,2012804,0211020036,84.0,432.6
SIA,AM,202505,2019574,0206010079,2070.0,201700.8
SIA,AM,202505,4355407,0206010079,1168.0,113809.92
SIA,AM,202505,4701631,0206010079,99.0,9646.56
SIA,AM,202505,2013649,0206010079,197.0,19195.68
SIA,AM,202505,2012030,0206010079,459.0,44724.96
SIA,AM,202505,2017644,0206030037,23.0,3188.49
SIA,AM,202505,2018403,0206010079,67.0,6528.48
SIA,AM,202505,2016141,0206010010,11.0,954.36
SIA,AM,202505,2018144,0206010044,14.0,1214.5
SIA,AM,202505,2019418,0206010028,9.0,909.9
SIA,AM,202505,2012677,0206010036,8.0,694.08
SIA,AM,202505,7564546,0206010052,5.0,433.75
SIA,AM,202505,2016672,0211020036,37.0,190.55
SIA,AM,202505,2019574,0206020023,5.0,433.75
SIA,AM,202505,2016141,0206020031,55.0,7502.55
SIA,AM,202505,2019418,0206010079,89.0,8672.16
SIA,AM,202505,2017644,0206010079,32.0,3118.08
SIA,AM,202505,3400557,0206010028,2.0,202.2
SIA,AM,202505,4355407,0206010028,11.0,1112.1
SIA,AM,202505,7564546,0206020023,4.0,347.0
SIA,AM,202505,2016648,0211020036,18.0,92.7
SIA,AM,202505,2012030,0206030037,9.0,1247.67
SIA,AM,202505,3400557,0206010079,35.0,3410.4
SIA,AM,202505,5169976,0206010079,202.0,19682.88
SIA,AM,202505,2012677,0206010079,85.0,8282.4
SIA,AM,202505,2018748,0211020060,1.0,30.0
SIA,AM,202505,2011875,0211020036,73.0,375.95
SIA,AM,202505,2018144,0206020023,12.0,1041.0
SIA,AM,202505,2012685,0206030037,10.0,1386.3
SIA,AM,202505,2018098,0206010028,3.0,303.3
SIA,AM,202505,9074473,0206030037,37.0,5129.31
SIA,AM,202505,3400557,0206030010,20.0,2772.6
SIA,AM,202505,7124821,0206010079,31.0,3020.64
SIA,AM,202505,7564546,0206010079,63.0,6138.72
SIA,AM,202505,2017016,0206010028,8.0,808.8
SIA,AM,202505,2013649,0206010052,12.0,1041.0
SIA,AM,202505,2018098,0206010079,42.0,4092.48
SIA,AM,202505,2012685,0206030010,19.0,2633.97
SIA,AM,202505,3210243,0206010028,19.0,1920.9
SIA,AM,202505,2018144,0206030029,16.0,1388.0
SIA,AM,202505,4701631,0206010052,5.0,433.75
SIA,AM,202505,2012677,0206010028,11.0,1112.1
SIA,AM,202505,3210243,0206010052,1.0,86.75
SIA,AM,202505,6915221,0211020036,226.0,1163.9
SIA,AM,202505,9074473,0206030010,33.0,4574.79
SIA,AM,202505,2016141,0206030037,15.0,2079.45
SIA,AM,202505,2019604,0211020036,8.0,41.2
SIA,AM,202505,2017644,0206010028,3.0,303.3
SIA,AM,202505,2018144,0206030037,133.0,18437.79
SIA,AM,202505,2018098,0206010036,3.0,260.28
SIA,AM,202505,2018136,0211020036,31.0,159.65
SIA,AM,202505,5169976,0206020031,349.0,47607.09
SIA,AM,202505,7564546,0206020031,148.0,20188.68
SIA,AM,202505,2019418,0206020031,79.0,10776.39
SIA,AM,202505,9074473,0206020031,16.0,2182.56
SIA,AM,202505,2012677,0206020031,815.0,111174.15
SIA,AM,202505,2019574,0206020031,840.0,114584.4
SIA,AM,202505,9074473,0206030029,3.0,260.25
SIA,AM,202505,4355407,0206020031,495.0,67522.95
SIA,AM,202505,7124821,0206020031,47.0,6411.27
SIA,AM,202505,2018403,0211020010,194.0,141627.76
SIA,AM,202505,2019574,0206010036,98.0,8502.48
SIA,AM,202505,4701631,0206020031,57.0,7775.37
SIA,AM,202505,2012030,0206020031,19.0,2591.79
SIA,AM,202505,5169976,0206030029,37.0,3209.75
SIA,AM,202505,5169976,0206010036,8.0,694.08
SIA,AM,202505,2017652,0211020036,178.0,1272.7
SIA,AM,202505,5257158,0211020036,40.0,206.0
SIA,AM,202505,2016141,0206020023,9.0,780.75
SIA,AM,202505,2013649,0206020031,12.0,1636.92
SIA,AM,202505,2013649,0206030029,40.0,3470.0
SIA,AM,202505,2017016,0206020031,9.0,1227.69
SIA,AM,202505,2018403,0206020031,129.0,17596.89
SIA,AM,202505,2018098,0206020031,64.0,8730.24
SIA,AM,202505,2012685,0206020031,14.0,1909.74
SIA,AM,202505,4355407,0206030029,5.0,433.75
SIA,AM,202505,4701631,0206030029,9.0,780.75
SIA,AM,202505,2017644,0206010052,4.0,347.0
SIA,AM,202505,3400557,0206020031,22.0,3001.02
SIA,AM,202505,2017644,0206020031,27.0,3683.07
SIA,AM,202505,2013649,0206010036,13.0,1127.88
SIA,AM,202505,2012685,0206030029,2.0,173.5
SIA,AM,202505,4701631,0206010036,13.0,1127.88
SIA,AM,202505,7564546,0206030029,11.0,954.25
SIA,AM,202505,7564546,0206010060,2.0,194.88
SIA,AM,202505,2012030,0206010052,1.0,86.75
SIA,AM,202505,2019574,0206030029,32.0,2776.0
SIA,AM,202505,2012677,0206030029,2.0,173.5
SIA,AM,202505,7124821,0206030029,4.0,347.0
SIA,AM,202505,2016567,0211020036,91.0,468.65
SIA,AM,202505,9074473,0206010079,6.0,584.64
SIA,AM,202505,2012685,0206010079,6.0,584.64
SIA,AM,202505,2018144,0206010036,23.0,1995.48
SIA,AM,202505,2018926,0208010033,159.0,60908.13
SIA,AM,202505,2016397,0211020036,60.0,309.0
SIA,AM,202505,3210243,0206020015,1.0,86.75
SIA,AM,202505,3210243,0206010010,6.0,520.56
SIA,AM,202505,2017768,0211020036,142.0,731.3
SIA,AM,202505,2018403,0206030029,4.0,347.0
SIA,AM,202505,2012677,0206020015,1.0,86.75
SIA,AM,202505,9074473,0206010044,5.0,433.75
SIA,AM,202505,7334583,0208010033,93.0,35625.51
SIA,AM,202505,2011891,0211020036,21.0,108.15
SIA,AM,202505,3210243,0206010044,11.0,954.25
SIA,AM,202505,2018403,0206020015,2.0,173.5
SIA,AM,202505,2012758,0211020036,2.0,10.3
SIA,AM,202505,2017016,0206010044,4.0,347.0
SIA,AM,202505,2016893,0211020036,282.0,1452.3
SIA,AM,202505,2019574,0206020015,17.0,1474.75
SIA,AM,202505,3210243,0206030029,4.0,347.0
SIA,AM,202505,3400557,0206010010,2.0,173.52
SIA,AM,202505,2012685,0206020015,1.0,86.75
SIA,AM,202505,4355407,0206020015,2.0,173.5
SIA,AM,202505,2016141,0206010036,1.0,86.76
SIA,AM,202505,2012030,0206020015,1.0,86.75
SIA,AM,202505,2016141,0206020015,1.0,86.75
SIA,AM,202505,2708892,0211020036,24.0,123.6
SIA,AM,202505,4355407,0206010036,4.0,347.04
SIA,AM,202505,2012499,0211020036,61.0,314.15
SIA,AM,202505,2013258,0211020036,153.0,787.95
SIA,AM,202505,2017717,0211020036,150.0,772.5
SIA,AM,202505,3400557,0206010036,1.0,86.76
SIA,AM,202505,3998940,0211020036,135.0,695.25
SIA,AM,202505,2013614,0211020036,20.0,103.0
SIA,AM,202505,2016141,0206010044,1.0,86.75
SIA,AM,202505,2014610,0211020036,312.0,1606.8
SIA,AM,202505,2017997,0211020036,23.0,118.45
SIA,AM,202505,2017016,0206010079,19.0,1851.36
SIA,AM,202505,2019418,0206010036,5.0,433.8
SIA,AM,202505,2016141,0206010087,3.0,415.89
SIA,AM,202505,2016141,0206010028,18.0,1819.8
SIA,AM,202505,3210243,0206010036,3.0,260.28
SIA,AM,202505,2013568,0211020036,86.0,442.9
SIA,AM,202505,2016141,0206010052,1.0,86.75
SIA,AM,202505,2018144,0206020015,3.0,260.25
SIA,AM,202505,2017865,0211020036,332.0,1709.8
SIA,AM,202505,2017016,0206010052,1.0,86.75
SIA,AM,202505,5169976,0206010060,1.0,97.44
SIA,AM,202505,9157174,0211020036,692.0,3563.8
SIA,AM,202505,2016419,0211020036,68.0,350.2
SIA,AM,202505,2013045,0211020036,215.0,1107.25
SIA,AM,202505,2017016,0206010010,3.0,260.28
SIA,AM,202505,2017555,0211020036,237.0,1220.55
SIA,AM,202505,2717379,0211020036,113.0,581.95
SIA,AM,202505,2016443,0211020036,58.0,298.7
SIA,AM,202505,3210243,0211020036,828.0,4264.2
SIA,AM,202505,2012030,0206010028,1.0,101.1
SIA,AM,202505,2011832,0211020036,473.0,2435.95
SIA,AM,202505,2018403,0211020060,38.0,1140.0
SIA,AM,202505,7564546,0211020060,135.0,4050.0
SIA,AM,202505,2017016,0211020036,3014.0,15522.1
SIA,AM,202505,2012553,0211020036,65.0,334.75
SIA,AM,202505,3027163,0211020036,288.0,1483.2
SIA,AM,202505,2012898,0211020036,69.0,355.35
SIA,AM,202505,2013916,0211020036,365.0,1879.75
SIA,AM,202505,3210243,0206020023,1.0,86.75
SIA,AM,202505,2017644,0206020023,1.0,86.75
SIA,AM,202505,2708922,0211020036,30.0,154.5
SIA,AM,202505,2012685,0206020023,3.0,260.25
SIA,AM,202505,9074473,0206010052,2.0,173.5
SIA,AM,202505,2018071,0206010036,1.0,86.76
SIA,AM,202505,2019418,0206010052,4.0,347.0
SIA,AM,202505,2017016,0206020015,2.0,173.5
SIA,AM,202505,2016141,0211020036,240.0,1236.0
SIA,AM,202505,7564546,0206010036,2.0,173.52
SIA,AM,202505,9074473,0206020023,1.0,86.75
SIA,AM,202505,2012685,0206010052,1.0,86.75
SIA,AM,202505,4355407,0206020023,2.0,173.5
SIA,AM,202505,7124821,0206010052,3.0,260.25
SIA,AM,202505,2016354,0211020036,2.0,10.3
SIA,AM,202505,2018403,0206010010,1.0,86.76
SIA,AM,202505,9500146,0211020036,126.0,648.9
SIA,AM,202505,9074473,0206020015,2.0,173.5
SIA,AM,202505,9074473,0206010036,1.0,86.76
SIA,AM,202505,7749112,0211020060,100.0,3000.0
SIA,AM,202505,7564546,0206010010,2.0,173.52
SIA,AM,202505,4370643,0211020036,20.0,103.0
SIA,AM,202505,2717395,0211020036,56.0,288.4
SIA,AM,202505,2704951,0211020036,2.0,10.3
SIA,AM,202505,2012022,0211020036,35.0,180.25
SIA,AM,202505,2018098,0206010052,1.0,86.75
SIA,AM,202505,2016249,0211020036,33.0,169.95
SIA,AM,202505,2016605,0211020036,33.0,169.95
SIA,AM,202505,2013282,0211020036,81.0,417.15
SIA,AM,202505,3400557,0206020023,1.0,86.75
SIA,AM,202506,2018403,0211020010,160.0,116806.4
SIA,AM,202506,5169976,0206030010,732.0,101477.16
SIA,AM,202506,3400557,0206030037,44.0,6099.72
SIA,AM,202506,7334583,0208010025,97.0,39626.44
SIA,AM,202506,4355407,0206030010,352.0,48797.76
SIA,AM,202506,7564546,0206030037,131.0,18160.53
SIA,AM,202506,7564546,0206030010,134.0,18576.42
SIA,AM,202506,5169976,0206030037,102.0,14140.26
SIA,AM,202506,4701631,0206030010,100.0,13863.0
SIA,AM,202506,2018926,0208010025,97.0,39626.44
SIA,AM,202506,2018403,0206030037,129.0,17883.27
SIA,AM,202506,2013649,0206030010,5536.0,767455.68
SIA,AM,202506,2013649,0206030037,4646.0,644074.98
SIA,AM,202506,2012677,0206030037,1216.0,168574.08
SIA,AM,202506,2012677,0206030010,1278.0,177169.14
SIA,AM,202506,2017717,0211020036,150.0,772.5
SIA,AM,202506,3210243,0206030037,138.0,19130.94
SIA,AM,202506,2017644,0206030037,28.0,3881.64
SIA,AM,202506,2018098,0206030010,73.0,10119.99
SIA,AM,202506,2018098,0206030037,59.0,8179.17
SIA,AM,202506,2013649,0206010028,151.0,15266.1
SIA,AM,202506,2019418,0206030037,102.0,14140.26
SIA,AM,202506,4701631,0206030037,101.0,14001.63
SIA,AM,202506,2019418,0206030010,120.0,16635.6
SIA,AM,202506,2012677,0206010028,27.0,2729.7
SIA,AM,202506,4355407,0206010028,12.0,1213.2
SIA,AM,202506,9074473,0206030010,40.0,5545.2
SIA,AM,202506,2019574,0206030010,516.0,71533.08
SIA,AM,202506,2011832,0211020036,340.0,1709.8
SIA,AM,202506,2012677,0206010044,75.0,6506.25
SIA,AM,202506,3400557,0206030010,50.0,6931.5
SIA,AM,202506,2019574,0206030037,120.0,16635.6
SIA,AM,202506,2019574,0206010028,120.0,12132.0
SIA,AM,202506,5169976,0206010028,63.0,6369.3
SIA,AM,202506,2012030,0206030010,44.0,6099.72
SIA,AM,202506,2018403,0206030010,109.0,15110.67
SIA,AM,202506,4355407,0206030037,82.0,11367.66
SIA,AM,202506,7124821,0206030010,89.0,12338.07
SIA,AM,202506,2019418,0206010028,13.0,1314.3
SIA,AM,202506,7124821,0206030037,96.0,13308.48
SIA,AM,202506,9074473,0206030037,40.0,5545.2
SIA,AM,202506,2016141,0206030010,33.0,4574.79
SIA,AM,202506,3368599,0211020036,60.0,309.0
SIA,AM,202506,4701631,0206010028,29.0,2931.9
SIA,AM,202506,2017016,0206010028,5.0,505.5
SIA,AM,202506,7124821,0206020023,4.0,347.0
SIA,AM,202506,3400557,0206020023,1.0,86.75
SIA,AM,202506,5257158,0211020036,40.0,206.0
SIA,AM,202506,2017644,0206030010,29.0,4020.27
SIA,AM,202506,2016141,0206010079,61.0,5943.84
SIA,AM,202506,2014688,0211020036,232.0,1194.8
SIA,AM,202506,2012685,0206030010,25.0,3465.75
SIA,AM,202506,7124821,0206010028,1.0,101.1
SIA,AM,202506,7564546,0206010028,5.0,505.5
SIA,AM,202506,7564546,0206020023,6.0,520.5
SIA,AM,202506,5169976,0206020015,29.0,2515.75
SIA,AM,202506,2708892,0211020036,68.0,350.2
SIA,AM,202506,2012677,0206020031,1644.0,224258.04
SIA,AM,202506,2013649,0206020015,95.0,8241.25
SIA,AM,202506,2019574,0206010052,38.0,3296.5
SIA,AM,202506,2017679,0211020036,22.0,113.3
SIA,AM,202506,2012677,0206010052,184.0,15962.0
SIA,AM,202506,2016141,0206030037,10.0,1386.3
SIA,AM,202506,2018381,0211020036,64.0,329.6
SIA,AM,202506,2018403,0206010052,25.0,2168.75
SIA,AM,202506,2017016,0206030037,12.0,1663.56
SIA,AM,202506,7124821,0206020015,6.0,520.5
SIA,AM,202506,2017016,0206010036,3.0,260.28
SIA,AM,202506,2012685,0206010052,1.0,86.75
SIA,AM,202506,2012677,0206020015,4.0,347.0
SIA,AM,202506,4355407,0206010052,18.0,1561.5
SIA,AM,202506,2019574,0206020023,4.0,347.0
SIA,AM,202506,2012685,0206020015,6.0,520.5
SIA,AM,202506,2013649,0206010052,35.0,3036.25
SIA,AM,202506,2016141,0206010036,1.0,86.76
SIA,AM,202506,2019574,0206020015,22.0,1908.5
SIA,AM,202506,2016656,0211020036,11.0,56.65
SIA,AM,202506,2017644,0206010052,3.0,260.25
SIA,AM,202506,2019418,0206010052,1.0,86.75
SIA,AM,202506,2018403,0206020015,5.0,433.75
SIA,AM,202506,7564546,0206010052,12.0,1041.0
SIA,AM,202506,2019574,0206010079,1818.0,177145.92
SIA,AM,202506,2012685,0206030037,19.0,2633.97
SIA,AM,202506,4701631,0206020015,6.0,520.5
SIA,AM,202506,7124821,0206010052,5.0,433.75
SIA,AM,202506,2013258,0211020036,153.0,787.95
SIA,AM,202506,5169976,0206020023,7.0,607.25
SIA,AM,202506,2019574,0206020031,750.0,102307.5
SIA,AM,202506,2012030,0206010052,3.0,260.25
SIA,AM,202506,2012804,0211020036,77.0,396.55
SIA,AM,202506,2018098,0206010052,3.0,260.25
SIA,AM,202506,2017644,0206020023,2.0,173.5
SIA,AM,202506,2013649,0206020023,205.0,17783.75
SIA,AM,202506,5169976,0206010052,11.0,954.25
SIA,AM,202506,2017644,0206020015,1.0,86.75
SIA,AM,202506,3400557,0206010028,8.0,808.8
SIA,AM,202506,3400557,0206010052,2.0,173.5
SIA,AM,202506,2012677,0206010010,8.0,694.08
SIA,AM,202506,2012677,0211020036,155.0,798.25
SIA,AM,202506,7564546,0206020015,4.0,347.0
SIA,AM,202506,2012677,0206020023,11.0,954.25
SIA,AM,202506,2016141,0206020023,4.0,347.0
SIA,AM,202506,2012030,0206010079,378.0,36832.32
SIA,AM,202506,2013649,0206010079,1484.0,144600.96
SIA,AM,202506,7564546,0206020031,120.0,16369.2
SIA,AM,202506,9074473,0206020031,13.0,1773.33
SIA,AM,202506,3400557,0206020031,47.0,6411.27
SIA,AM,202506,2012685,0206010079,7.0,682.08
SIA,AM,202506,2019574,0206010010,194.0,16831.44
SIA,AM,202506,2018403,0206010079,90.0,8769.6
SIA,AM,202506,5169976,0206020031,680.0,92758.8
SIA,AM,202506,4355407,0206020031,463.0,63157.83
SIA,AM,202506,2019418,0206020031,100.0,13641.0
SIA,AM,202506,4701631,0206020031,59.0,8048.19
SIA,AM,202506,5169976,0206010079,406.0,39560.64
SIA,AM,202506,4355407,0206010079,1203.0,117220.32
SIA,AM,202506,7334583,0208010033,97.0,37157.79
SIA,AM,202506,2012677,0206010079,172.0,16759.68
SIA,AM,202506,2013649,0206010010,76.0,6593.76
SIA,AM,202506,2017016,0206030010,11.0,1524.93
SIA,AM,202506,2016397,0211020036,106.0,545.9
SIA,AM,202506,2012685,0206020031,12.0,1636.92
SIA,AM,202506,7124821,0206020031,49.0,6684.09
SIA,AM,202506,3210243,0206030010,133.0,18437.79
SIA,AM,202506,2018098,0206010079,21.0,2046.24
SIA,AM,202506,2018926,0208010033,97.0,37157.79
SIA,AM,202506,3210243,0206020031,60.0,8184.6
SIA,AM,202506,2017644,0206010079,31.0,3020.64
SIA,AM,202506,2013495,0211020036,5.0,25.75
SIA,AM,202506,2012553,0211020036,70.0,360.5
SIA,AM,202506,4701631,0206010079,65.0,6333.6
SIA,AM,202506,7124821,0206010079,50.0,4872.0
SIA,AM,202506,2017016,0206010010,4.0,347.04
SIA,AM,202506,2018098,0206020023,2.0,173.5
SIA,AM,202506,2016435,0211020036,80.0,412.0
SIA,AM,202506,4701631,0206010010,27.0,2342.52
SIA,AM,202506,2016141,0206020015,2.0,173.5
SIA,AM,202506,3210243,0206010044,13.0,1127.75
SIA,AM,202506,2018098,0206020031,59.0,8048.19
SIA,AM,202506,2019418,0206010079,83.0,8087.52
SIA,AM,202506,2018403,0206010010,1.0,86.76
SIA,AM,202506,2018403,0206020023,4.0,347.0
SIA,AM,202506,3027163,0211020036,227.0,1169.05
SIA,AM,202506,7564546,0206010079,76.0,7405.44
SIA,AM,202506,5169976,0206010010,37.0,3210.12
SIA,AM,202506,2012685,0206020023,2.0,173.5
SIA,AM,202506,2019574,0206010044,286.0,24810.5
SIA,AM,202506,2019574,0211020036,759.0,3908.85
SIA,AM,202506,3042626,0211020036,195.0,1004.25
SIA,AM,202506,2019566,0211020036,195.0,1004.25
SIA,AM,202506,3039285,0211020036,128.0,659.2
SIA,AM,202506,2011859,0211020036,18.0,92.7
SIA,AM,202506,3403394,0211020060,105.0,3150.0
SIA,AM,202506,2013649,0206020031,2859.0,389996.19
SIA,AM,202506,7564546,0206010044,82.0,7113.5
SIA,AM,202506,7124821,0206010044,46.0,3990.5
SIA,AM,202506,3400557,0206010079,64.0,6236.16
SIA,AM,202506,3210243,0206010079,159.0,15492.96
SIA,AM,202506,2019574,0206030029,39.0,3383.25
SIA,AM,202506,4701631,0206020023,1.0,86.75
SIA,AM,202506,3500179,0211020036,132.0,679.8
SIA,AM,202506,2018403,0206020031,118.0,16096.38
SIA,AM,202506,5084458,0211020036,201.0,1035.15
SIA,AM,202506,9634738,0211020036,230.0,1184.5
SIA,AM,202506,9074473,0206020023,3.0,260.25
SIA,AM,202506,3400557,0206010044,21.0,1821.75
SIA,AM,202506,9074473,0211020060,23.0,690.0
SIA,AM,202506,3400557,0211020060,90.0,2700.0
SIA,AM,202506,2012677,0206030029,2.0,173.5
SIA,AM,202506,2012383,0211020036,15.0,77.25
SIA,AM,202506,5222710,0211020036,250.0,1287.5
SIA,AM,202506,2012030,0206020031,18.0,2455.38
SIA,AM,202506,2017644,0206020031,26.0,3546.66
SIA,AM,202506,9074473,0206010044,7.0,607.25
SIA,AM,202506,7564546,0211020060,142.0,4260.0
SIA,AM,202506,7564546,0211020036,1507.0,7761.05
SIA,AM,202506,7749112,0211020060,76.0,2280.0
SIA,AM,202506,5169976,0211020036,843.0,4341.45
SIA,AM,202506,5169976,0206010044,27.0,2342.25
SIA,AM,202506,4701631,0206010044,34.0,2949.5
SIA,AM,202506,4004787,0211020036,30.0,154.5
SIA,AM,202506,4355407,0206010044,173.0,15007.75
SIA,AM,202506,3400557,0206010010,8.0,694.08
SIA,AM,202506,2019418,0206010044,37.0,3209.75
SIA,AM,202506,7564546,0206030029,2.0,173.5
SIA,AM,202506,2017997,0211020036,10.0,51.5
SIA,AM,202506,2017768,0211020036,104.0,535.6
SIA,AM,202506,4701631,0206030029,18.0,1561.5
SIA,AM,202506,7124821,0206010010,2.0,173.52
SIA,AM,202506,7458606,0211020036,608.0,3131.2
SIA,AM,202506,5169976,0206030029,53.0,4597.75
SIA,AM,202506,2017652,0211020036,138.0,986.7
SIA,AM,202506,4925645,0211020036,27.0,139.05
SIA,AM,202506,2704951,0211020036,17.0,87.55
SIA,AM,202506,2016141,0206010010,5.0,433.8
SIA,AM,202506,2016974,0211020036,236.0,1215.4
SIA,AM,202506,2013649,0206010036,41.0,3557.16
SIA,AM,202506,7459750,0211020036,15.0,77.25
SIA,AM,202506,3998940,0211020036,79.0,406.85
SIA,AM,202506,2016141,0206010028,11.0,1112.1
SIA,AM,202506,2019574,0206010036,67.0,5812.92
SIA,AM,202506,4701631,0206010036,21.0,1821.96
SIA,AM,202506,2019418,0206010010,10.0,867.6
SIA,AM,202506,5169976,0206010036,21.0,1821.96
SIA,AM,202506,2014610,0211020036,237.0,1220.55
SIA,AM,202506,2017016,0206010079,23.0,2241.12
SIA,AM,202506,2018144,0211020036,11.0,56.65
SIA,AM,202506,9074473,0206010052,2.0,173.5
SIA,AM,202506,4355407,0206020015,3.0,260.25
SIA,AM,202506,2017016,0206010052,1.0,86.75
SIA,AM,202506,9074473,0206010079,9.0,876.96
SIA,AM,202506,7124821,0206030029,4.0,347.0
SIA,AM,202506,4355407,0206010010,8.0,694.08
SIA,AM,202506,7749112,0211020036,2673.0,13765.95
SIA,AM,202506,2019418,0206010036,3.0,260.28
SIA,AM,202506,2012685,0206010036,2.0,173.52
SIA,AM,202506,2012030,0206020015,1.0,86.75
SIA,AM,202506,2012677,0206010036,16.0,1388.16
SIA,AM,202506,2018098,0206010010,1.0,86.76
SIA,AM,202506,7564546,0206010010,5.0,433.8
SIA,AM,202506,2012030,0206010010,3.0,260.28
SIA,AM,202506,2013568,0211020036,88.0,453.2
SIA,AM,202506,2015315,0211020036,97.0,499.55
SIA,AM,202506,2016141,0211020036,114.0,587.1
SIA,AM,202506,3400557,0206010036,4.0,347.04
SIA,AM,202506,2013282,0211020036,98.0,504.7
SIA,AM,202506,2018098,0206010036,1.0,86.76
SIA,AM,202506,3210243,0206010052,3.0,260.25
SIA,AM,202506,2016141,0206010087,5.0,693.15
SIA,AM,202506,9074473,0206010028,1.0,101.1
SIA,AM,202506,2017016,0206020015,1.0,86.75
SIA,AM,202506,6915221,0211020036,230.0,1184.5
SIA,AM,202506,4355407,0206010036,3.0,260.28
SIA,AM,202506,3210243,0206030029,4.0,347.0
SIA,AM,202506,2017555,0211020036,199.0,1024.85
SIA,AM,202506,9500146,0211020036,119.0,612.85
SIA,AM,202506,2012022,0211020036,47.0,242.05
SIA,AM,202506,7618816,0211020036,389.0,1802.5
SIA,AM,202506,2717379,0211020036,76.0,391.4
SIA,AM,202506,2018098,0206010028,5.0,505.5
SIA,AM,202506,2717395,0211020036,126.0,648.9
SIA,AM,202506,2011832,0902010018,8.0,1040.0
SIA,AM,202506,2018071,0206030010,1.0,138.63
SIA,AM,202506,2016923,0211020036,53.0,272.95
SIA,AM,202506,2018403,0206010028,3.0,303.3
SIA,AM,202506,2016419,0211020036,73.0,375.95
SIA,AM,202506,2018403,0206010044,16.0,1388.0
SIA,AM,202506,2017644,0206010044,24.0,2082.0
SIA,AM,202506,2017644,0211020036,601.0,3095.15
SIA,AM,202506,2013649,0206030029,89.0,7720.75
SIA,AM,202506,2018748,0211020036,186.0,957.9
SIA,AM,202506,2011891,0211020036,63.0,324.45
SIA,AM,202506,2012030,0206010044,27.0,2342.25
SIA,AM,202506,2017873,0211020036,223.0,1148.45
SIA,AM,202506,2017644,0211020060,9.0,270.0
SIA,AM,202506,2013649,0206010044,45.0,3903.75
SIA,AM,202506,2012685,0211020036,1234.0,6355.1
SIA,AM,202506,2012685,0206010044,16.0,1388.0
SIA,AM,202506,2018403,0211020036,873.0,4495.95
SIA,AM,202506,2018098,0206010044,11.0,954.25
SIA,AM,202506,2012030,0206030037,8.0,1109.04
SIA,AM,202506,2012766,0211020036,99.0,509.85
SIA,AM,202506,2012685,0206010028,3.0,303.3
SIA,AM,202506,2012758,0211020036,16.0,82.4
SIA,AM,202506,2017644,0206010028,1.0,101.1
SIA,AM,202506,2018756,0211020036,188.0,968.2
SIA,AM,202506,2017687,0211020036,173.0,890.95
SIA,AM,202506,2011875,0211020036,76.0,391.4
SIA,AM,202506,2018403,0211020060,39.0,1170.0
SIA,AM,202506,2013614,0211020036,80.0,412.0
SIA,AM,202506,3210243,0206020015,1.0,86.75
SIA,AM,202506,2016141,0206020031,38.0,5183.58
SIA,AM,202506,2012685,0206030029,12.0,1041.0
SIA,AM,202506,2016141,0206010044,4.0,347.0
SIA,AM,202506,2012030,0206010028,1.0,101.1
SIA,AM,202506,2018071,0206030037,1.0,138.63
SIA,AM,202506,2016893,0211020036,273.0,1405.95
SIA,AM,202506,4355407,0206030029,1.0,86.75
SIA,AM,202506,2017016,0206020031,4.0,545.64
SIA,AM,202506,3210243,0206010028,20.0,2022.0
SIA,AM,202506,3210243,0206010010,5.0,433.8
SIA,AM,202506,2012057,0211020036,2.0,10.3
SIA,AM,202506,3210243,0206010036,6.0,520.56
SIA,AM,202506,2019418,0206020015,1.0,86.75
SIA,AM,202506,2013649,0211020036,4010.0,20651.5
SIA,AM,202506,2018403,0206030029,2.0,173.5
SIA,AM,202506,2016605,0211020036,24.0,123.6
SIA,AM,202506,3400557,0206030029,1.0,86.75
SIA,AM,202506,2013916,0211020036,311.0,1601.65
SIA,AM,202506,9074473,0206010010,1.0,86.76
SIA,AM,202506,4701631,0206010052,1.0,86.75
SIA,AM,202506,2017644,0206010010,1.0,86.76
SIA,AM,202506,7124821,0206010036,2.0,173.52
SIA,AM,202506,2018403,0206010036,1.0,86.76
SIA,AM,202506,2012685,0206010010,1.0,86.76
SIA,AM,202506,2018136,0211020036,65.0,334.75
SIA,AM,202506,9157174,0211020036,556.0,2863.4
SIA,AM,202506,2017016,0211020036,2012.0,10361.8
SIA,AM,202506,0928615,0211020036,61.0,314.15
SIA,AM,202506,3210243,0211020036,885.0,4557.75
SIA,AM,202506,2012499,0211020036,56.0,288.4
SIA,AM,202506,2016249,0211020036,42.0,216.3
SIA,AM,202506,2016443,0211020036,71.0,365.65
SIA,AM,202506,2016567,0211020036,53.0,272.95
SIA,AM,202506,2013045,0211020036,91.0,468.65
SIA,AM,202506,9944648,0211020036,48.0,0.0
SIA,AM,202506,9944648,0902010026,48.0,9600.0
SIA,AM,202506,7618816,0902010026,27.0,5400.0
SIA,AM,202506,7618816,0902010018,12.0,1560.0
SIA,AM,202506,2012030,0206030029,1.0,86.75
SIA,AM,202506,0278343,0211020036,85.0,437.75
SIA,AM,202506,2016354,0211020036,1.0,5.15
SIA,AM,202506,2019604,0211020036,4.0,20.6
SIA,AM,202507,2013649,0206030010,2504.0,347129.52
SIA,AM,202507,2013649,0206030037,2259.0,313165.17
SIA,AM,202507,5169976,0206020023,30.0,2602.5
SIA,AM,202507,5169976,0206020031,677.0,92349.57
SIA,AM,202507,5169976,0206030010,721.0,99952.23
SIA,AM,202507,5169976,0206030037,134.0,18576.42
SIA,AM,202507,2017865,0211020036,323.0,1663.45
SIA,AM,202507,3400557,0206010044,11.0,954.25
SIA,AM,202507,3400557,0206010028,13.0,1314.3
SIA,AM,202507,2012758,0211020036,17.0,87.55
SIA,AM,202507,5169976,0206010044,41.0,3556.75
SIA,AM,202507,5169976,0206010079,425.0,41412.0
SIA,AM,202507,5169976,0206010028,95.0,9604.5
SIA,AM,202507,5169976,0206010036,32.0,2776.32
SIA,AM,202507,5169976,0206020015,56.0,4858.0
SIA,AM,202507,5169976,0206030029,76.0,6593.0
SIA,AM,202507,4355407,0206010010,44.0,3817.44
SIA,AM,202507,4355407,0206010028,80.0,8088.0
SIA,AM,202507,4355407,0206010079,324.0,31570.56
SIA,AM,202507,4355407,0206020031,126.0,17187.66
SIA,AM,202507,4355407,0206030037,222.0,30775.86
SIA,AM,202507,2013649,0206010028,148.0,14962.8
SIA,AM,202507,2013649,0206010079,740.0,72105.6
SIA,AM,202507,2017873,0211020036,331.0,1704.65
SIA,AM,202507,2013649,0206020031,1248.0,170239.68
SIA,AM,202507,4355407,0206030010,199.0,27587.37
SIA,AM,202507,2013649,0206020023,257.0,22294.75
SIA,AM,202507,3210243,0206010079,134.0,13056.96
SIA,AM,202507,3210243,0206030010,128.0,17744.64
SIA,AM,202507,3210243,0206020031,50.0,6820.5
SIA,AM,202507,3210243,0206030037,130.0,18021.9
SIA,AM,202507,3400557,0206030037,41.0,5683.83
SIA,AM,202507,3400557,0206030010,49.0,6792.87
SIA,AM,202507,3400557,0206020031,21.0,2864.61
SIA,AM,202507,2013649,0206030029,76.0,6593.0
SIA,AM,202507,2013649,0206010010,78.0,6767.28
SIA,AM,202507,2016648,0211020036,64.0,329.6
SIA,AM,202507,5169976,0206010052,19.0,1648.25
SIA,AM,202507,2013649,0206010052,27.0,2342.25
SIA,AM,202507,4355407,0206010036,17.0,1474.92
SIA,AM,202507,4355407,0206020015,9.0,780.75
SIA,AM,202507,3400557,0206010079,33.0,3215.52
SIA,AM,202507,2011875,0211020036,73.0,375.95
SIA,AM,202507,2013649,0206010036,40.0,3470.4
SIA,AM,202507,3400557,0211020060,123.0,3690.0
SIA,AM,202507,2013878,0211020036,2.0,10.3
SIA,AM,202507,5169976,0211020036,861.0,4434.15
SIA,AM,202507,5169976,0206010010,62.0,5379.12
SIA,AM,202507,2016141,0206010079,102.0,9938.88
SIA,AM,202507,2708892,0211020036,50.0,257.5
SIA,AM,202507,2016141,0206010028,22.0,2224.2
SIA,AM,202507,2017016,0206010079,29.0,2825.76
SIA,AM,202507,2018098,0206020031,50.0,6820.5
SIA,AM,202507,2018098,0206030010,67.0,9288.21
SIA,AM,202507,2016141,0206030010,62.0,8595.06
SIA,AM,202507,2018098,0206030037,64.0,8872.32
SIA,AM,202507,2017016,0206030037,24.0,3327.12
SIA,AM,202507,2016141,0206020031,89.0,12140.49
SIA,AM,202507,2017016,0206020031,19.0,2591.79
SIA,AM,202507,2011859,0211020036,21.0,108.15
SIA,AM,202507,2017016,0206030010,22.0,3049.86
SIA,AM,202507,2018098,0206010079,28.0,2728.32
SIA,AM,202507,2016397,0211020036,103.0,530.45
SIA,AM,202507,2018098,0206010028,15.0,1516.5
SIA,AM,202507,2013649,0206020015,93.0,8067.75
SIA,AM,202507,2017016,0206010010,5.0,433.8
SIA,AM,202507,2017016,0206010044,4.0,347.0
SIA,AM,202507,2016141,0206030037,35.0,4852.05
SIA,AM,202507,2016141,0206020023,9.0,780.75
SIA,AM,202507,2013649,0206010044,40.0,3470.0
SIA,AM,202507,2016141,0206010087,10.0,1386.3
SIA,AM,202507,4355407,0206010044,33.0,2862.75
SIA,AM,202507,2018098,0206030029,1.0,86.75
SIA,AM,202507,4355407,0206020023,3.0,260.25
SIA,AM,202507,2011832,0211020036,385.0,1962.15
SIA,AM,202507,2017016,0206030029,2.0,173.5
SIA,AM,202507,4355407,0206030029,16.0,1388.0
SIA,AM,202507,3210243,0206010010,11.0,954.36
SIA,AM,202507,3210243,0206010044,15.0,1301.25
SIA,AM,202507,2018098,0206020023,1.0,86.75
SIA,AM,202507,3210243,0211020036,1017.0,5237.55
SIA,AM,202507,4355407,0206010052,2.0,173.5
SIA,AM,202507,2018136,0211020036,1.0,5.15
SIA,AM,202507,3210243,0206010028,20.0,2022.0
SIA,AM,202507,2017016,0206010028,3.0,303.3
SIA,AM,202507,2017687,0211020036,137.0,705.55
SIA,AM,202507,2018098,0206010010,4.0,347.04
SIA,AM,202507,2016141,0206010044,5.0,433.75
SIA,AM,202507,2013649,0205010016,12.0,1980.0
SIA,AM,202507,7749112,0211020060,76.0,2280.0
SIA,AM,202507,2016656,0211020036,43.0,221.45
SIA,AM,202507,3368599,0211020036,80.0,412.0
SIA,AM,202507,3210243,0206010036,3.0,260.28
SIA,AM,202507,3998940,0211020036,114.0,587.1
SIA,AM,202507,2018926,0208010033,156.0,59758.92
SIA,AM,202507,2017997,0211020036,21.0,108.15
SIA,AM,202507,3210243,0206020023,3.0,260.25
SIA,AM,202507,3400557,0206010052,1.0,86.75
SIA,AM,202507,2018098,0206010052,5.0,433.75
SIA,AM,202507,2018403,0206010079,58.0,5651.52
SIA,AM,202507,2018403,0206020031,147.0,20052.27
SIA,AM,202507,2018098,0206010036,2.0,173.52
SIA,AM,202507,2018403,0211020036,779.0,4011.85
SIA,AM,202507,2018403,0206020023,1.0,86.75
SIA,AM,202507,2018403,0211020060,6.0,180.0
SIA,AM,202507,2018926,0208010025,156.0,63729.12
SIA,AM,202507,7749112,0211020036,5274.0,27161.1
SIA,AM,202507,2018403,0206030010,106.0,14694.78
SIA,AM,202507,2016141,0206010010,3.0,260.28
SIA,AM,202507,2016141,0206010036,2.0,173.52
SIA,AM,202507,2016141,0206020015,7.0,607.25
SIA,AM,202507,2018756,0211020036,323.0,1663.45
SIA,AM,202507,2018403,0206010052,21.0,1821.75
SIA,AM,202507,2018403,0206030037,115.0,15942.45
SIA,AM,202507,2016354,0211020036,5.0,25.75
SIA,AM,202507,2017016,0206020015,2.0,173.5
SIA,AM,202507,2016141,0211020036,26.0,133.9
SIA,AM,202507,2013258,0211020036,267.0,1375.05
SIA,AM,202507,2018098,0206020015,1.0,86.75
SIA,AM,202507,2018098,0206010044,2.0,173.5
SIA,AM,202507,3210243,0206030029,2.0,173.5
SIA,AM,202507,2019574,0206010044,280.0,24290.0
SIA,AM,202507,2019574,0206010079,1861.0,181335.84
SIA,AM,202507,2019566,0211020036,170.0,875.5
SIA,AM,202507,2019574,0206010010,245.0,21256.2
SIA,AM,202507,2018144,0206010079,156.0,15200.64
SIA,AM,202507,2013916,0211020036,359.0,1848.85
SIA,AM,202507,2018748,0211020036,220.0,1133.0
SIA,AM,202507,2019574,0206020031,841.0,114720.81
SIA,AM,202507,2016923,0211020036,149.0,767.35
SIA,AM,202507,2018144,0206030010,131.0,18160.53
SIA,AM,202507,2019574,0206030010,616.0,85396.08
SIA,AM,202507,7564546,0206020031,134.0,18278.94
SIA,AM,202507,2012685,0206010044,17.0,1474.75
SIA,AM,202507,2018144,0206010052,7.0,607.25
SIA,AM,202507,7564546,0206030010,147.0,20378.61
SIA,AM,202507,2018144,0206010036,23.0,1995.48
SIA,AM,202507,2018144,0206010028,30.0,3033.0
SIA,AM,202507,2018144,0206030037,138.0,19130.94
SIA,AM,202507,2019574,0206030037,132.0,18299.16
SIA,AM,202507,7564546,0206030037,152.0,21071.76
SIA,AM,202507,3403394,0211020060,95.0,2850.0
SIA,AM,202507,2018144,0206020031,67.0,9139.47
SIA,AM,202507,2018144,0206020015,7.0,607.25
SIA,AM,202507,2011891,0211020036,93.0,478.95
SIA,AM,202507,2018144,0206010010,11.0,954.36
SIA,AM,202507,2019574,0206020015,18.0,1561.5
SIA,AM,202507,3210243,0206010052,5.0,433.75
SIA,AM,202507,2018381,0211020036,62.0,319.3
SIA,AM,202507,2019574,0206010052,37.0,3209.75
SIA,AM,202507,2019574,0206010028,137.0,13850.7
SIA,AM,202507,2012383,0211020036,20.0,103.0
SIA,AM,202507,7564546,0206010044,49.0,4250.75
SIA,AM,202507,2015242,0211020036,1.0,5.15
SIA,AM,202507,2012685,0206030029,6.0,520.5
SIA,AM,202507,2017016,0206010036,3.0,260.28
SIA,AM,202507,2019574,0206010036,80.0,6940.8
SIA,AM,202507,2018403,0206010044,19.0,1648.25
SIA,AM,202507,2019574,0206030029,28.0,2429.0
SIA,AM,202507,2012685,0211020036,1163.0,5309.65
SIA,AM,202507,2012685,0206010079,10.0,974.4
SIA,AM,202507,7564546,0206010079,49.0,4774.56
SIA,AM,202507,2016141,0206010052,1.0,86.75
SIA,AM,202507,2017555,0211020036,262.0,1349.3
SIA,AM,202507,2017016,0206010060,1.0,97.44
SIA,AM,202507,2016435,0211020036,126.0,648.9
SIA,AM,202507,7564546,0206010028,1.0,101.1
SIA,AM,202507,4004787,0211020036,41.0,211.15
SIA,AM,202507,2012685,0206010028,6.0,606.6
SIA,AM,202507,2012685,0206030037,26.0,3604.38
SIA,AM,202507,2012685,0206010036,1.0,86.76
SIA,AM,202507,2012685,0206020023,1.0,86.75
SIA,AM,202507,3400557,0206010010,2.0,173.52
SIA,AM,202507,2019574,0206020023,3.0,260.25
SIA,AM,202507,2013282,0211020036,68.0,350.2
SIA,AM,202507,2012685,0206020015,7.0,607.25
SIA,AM,202507,2018144,0206010044,18.0,1561.5
SIA,AM,202507,2018144,0206030029,20.0,1735.0
SIA,AM,202507,2012685,0206020031,14.0,1909.74
SIA,AM,202507,2018144,0211020036,8.0,41.2
SIA,AM,202507,2012685,0206030010,34.0,4713.42
SIA,AM,202507,2017016,0211020036,2432.0,12524.8
SIA,AM,202507,6915221,0211020036,227.0,1169.05
SIA,AM,202507,2012804,0211020036,76.0,391.4
SIA,AM,202507,2017644,0211020036,496.0,2554.4
SIA,AM,202507,2012677,0206030037,509.0,70562.67
SIA,AM,202507,2012677,0206020031,687.0,93713.67
SIA,AM,202507,2014610,0211020036,211.0,1086.65
SIA,AM,202507,3027163,0211020036,231.0,1189.65
SIA,AM,202507,2012677,0206010052,101.0,8761.75
SIA,AM,202507,7564546,0206010052,4.0,347.0
SIA,AM,202507,2012677,0206030010,562.0,77910.06
SIA,AM,202507,2017644,0206030037,81.0,11229.03
SIA,AM,202507,2017644,0206030010,82.0,11367.66
SIA,AM,202507,2012677,0206010028,12.0,1213.2
SIA,AM,202507,2012677,0206010079,93.0,9061.92
SIA,AM,202507,2017644,0206010044,26.0,2255.5
SIA,AM,202507,2017644,0206010036,1.0,86.76
SIA,AM,202507,6627595,0211020036,1714.0,8827.1
SIA,AM,202507,2012685,0206010052,1.0,86.75
SIA,AM,202507,2012677,0206010044,47.0,4077.25
SIA,AM,202507,2017768,0211020036,84.0,432.6
SIA,AM,202507,2012677,0206010036,7.0,607.32
SIA,AM,202507,2017644,0206010079,40.0,3897.6
SIA,AM,202507,4370643,0211020036,31.0,159.65
SIA,AM,202507,2016419,0211020036,62.0,319.3
SIA,AM,202507,2017644,0211020060,5.0,150.0
SIA,AM,202507,2017644,0206010028,8.0,808.8
SIA,AM,202507,2017644,0206020031,34.0,4637.94
SIA,AM,202507,2017644,0206030029,2.0,173.5
SIA,AM,202507,2704951,0211020036,29.0,149.35
SIA,AM,202507,2018144,0206020023,6.0,520.5
SIA,AM,202507,2012677,0206010010,4.0,347.04
SIA,AM,202507,0928615,0211020036,45.0,231.75
SIA,AM,202507,2016249,0211020036,41.0,211.15
SIA,AM,202507,4701631,0206010028,43.0,4347.3
SIA,AM,202507,4701631,0206010036,24.0,2082.24
SIA,AM,202507,4701631,0206010079,57.0,5554.08
SIA,AM,202507,5084458,0211020036,270.0,1390.5
SIA,AM,202507,2019604,0211020036,1.0,5.15
SIA,AM,202507,7564546,0206010036,1.0,86.76
SIA,AM,202507,2013606,0206030010,1.0,138.63
SIA,AM,202507,4701631,0206030037,93.0,12892.59
SIA,AM,202507,4701631,0206030010,96.0,13308.48
SIA,AM,202507,4701631,0206030029,24.0,2082.0
SIA,AM,202507,4701631,0206020031,53.0,7229.73
SIA,AM,202507,2708922,0211020036,97.0,499.55
SIA,AM,202507,2012677,0206020015,3.0,260.25
SIA,AM,202507,4701631,0206010010,27.0,2342.52
SIA,AM,202507,2012677,0206020023,3.0,260.25
SIA,AM,202507,2014688,0211020036,227.0,1169.05
SIA,AM,202507,4701631,0206010052,1.0,86.75
SIA,AM,202507,4701631,0206010044,13.0,1127.75
SIA,AM,202507,7564546,0206020015,1.0,86.75
SIA,AM,202507,7459750,0211020036,18.0,92.7
SIA,AM,202507,2016443,0211020036,86.0,442.9
SIA,AM,202507,2717395,0211020036,34.0,175.1
SIA,AM,202507,2016893,0211020036,267.0,1375.05
SIA,AM,202507,9157174,0211020036,559.0,2878.85
SIA,AM,202507,4701631,0206020023,3.0,260.25
SIA,AM,202507,2018403,0206010036,1.0,86.76
SIA,AM,202507,2018071,0211020036,1.0,5.15
SIA,AM,202507,2012766,0211020036,154.0,793.1
SIA,AM,202507,5222710,0211020036,208.0,1071.2
SIA,AM,202507,9634738,0211020036,276.0,1421.4
SIA,AM,202507,7334583,0208010033,100.0,38307.0
SIA,AM,202507,7334583,0208010025,101.0,41260.52
SIA,AM,202507,2019418,0206010028,15.0,1516.5
SIA,AM,202507,2019418,0206030029,6.0,520.5
SIA,AM,202507,2019418,0206010079,43.0,4189.92
SIA,AM,202507,2019418,0206030010,123.0,17051.49
SIA,AM,202507,3039285,0211020036,50.0,257.5
SIA,AM,202507,3042626,0211020036,29.0,149.35
SIA,AM,202507,2019418,0206030037,121.0,16774.23
SIA,AM,202507,2019418,0206010044,8.0,694.0
SIA,AM,202507,2019418,0206020031,71.0,9685.11
SIA,AM,202507,2019418,0206010010,4.0,347.04
SIA,AM,202507,2012499,0211020036,65.0,334.75
SIA,AM,202507,2018403,0206010010,1.0,86.76
SIA,AM,202507,2018403,0206010028,1.0,101.1
SIA,AM,202507,3400557,0206010036,2.0,173.52
SIA,AM,202507,2016605,0211020036,35.0,180.25
SIA,AM,202507,2018403,0206020015,2.0,173.5
SIA,AM,202507,7124821,0206030037,87.0,12060.81
SIA,AM,202507,7124821,0206030010,94.0,13031.22
SIA,AM,202507,7124821,0206020031,58.0,7911.78
SIA,AM,202507,2012030,0206010044,20.0,1735.0
SIA,AM,202507,2012030,0206010079,404.0,39365.76
SIA,AM,202507,2012030,0206030010,46.0,6376.98
SIA,AM,202507,3500179,0211020036,151.0,777.65
SIA,AM,202507,7124821,0206010044,27.0,2342.25
SIA,AM,202507,2012030,0206030029,4.0,347.0
SIA,AM,202507,7124821,0206010079,24.0,2338.56
SIA,AM,202507,7124821,0206030029,6.0,520.5
SIA,AM,202507,7124821,0206010028,7.0,707.7
SIA,AM,202507,2019418,0206020023,1.0,86.75
SIA,AM,202507,2012030,0206010052,2.0,173.5
SIA,AM,202507,2012030,0206030037,7.0,970.41
SIA,AM,202507,2012030,0206020031,18.0,2455.38
SIA,AM,202507,4925645,0211020036,428.0,2204.2
SIA,AM,202507,2012030,0206010028,4.0,404.4
SIA,AM,202507,9500146,0211020036,149.0,767.35
SIA,AM,202507,7124821,0206020023,1.0,86.75
SIA,AM,202507,7124821,0206010010,5.0,433.8
SIA,AM,202507,7124821,0206010052,9.0,780.75
SIA,AM,202507,2012030,0206010010,8.0,694.08
SIA,AM,202507,7124821,0206020015,8.0,694.0
SIA,AM,202507,9944648,0211020036,98.0,128.75
SIA,AM,202507,2717379,0211020036,105.0,540.75
SIA,AM,202507,4701631,0206020015,2.0,173.5
SIA,AM,202507,2019523,0211020036,11.0,56.65
SIA,AM,202507,2012030,0206010036,1.0,86.76
SIA,AM,202507,7124821,0206010036,1.0,86.76
SIA,AM,202507,2012030,0206020015,1.0,86.75
SIA,AM,202507,2018403,0206030029,1.0,86.75
SIA,AM,202507,2017679,0211020036,26.0,133.9
SIA,AM,202507,7458606,0211020036,760.0,3914.0
SIA,AM,202507,2013614,0211020036,33.0,169.95
SIA,AM,202507,2019418,0206010036,3.0,260.28
SIA,AM,202507,2013495,0211020036,30.0,154.5
SIA,AM,202507,2018403,0211020010,146.0,106585.84
SIA,AM,202507,9944648,0902010026,42.0,8400.0
SIA,AM,202507,9944648,0902010018,31.0,4030.0
SIA,AM,202507,2012685,0902010018,132.0,17160.0
SIA,AM,202507,7618816,0211020036,364.0,1781.9
SIA,AM,202507,7618816,0902010018,12.0,1560.0
SIA,AM,202507,2011832,0902010018,4.0,520.0
SIA,AM,202507,7618816,0902010026,6.0,1200.0
SIA,AM,202507,2019574,0211020036,887.0,4568.05
SIA,AM,202507,7564546,0206030029,5.0,433.75
SIA,AM,202507,7564546,0206020023,1.0,86.75
SIA,AM,202507,2013606,0211020036,1.0,5.15
SIA,AM,202507,2019418,0206010052,1.0,86.75
SIA,AM,202507,5257158,0211020036,40.0,206.0
SIA,AM,202507,2017652,0211020036,128.0,915.2
SIA,AM,202507,7564546,0211020036,2121.0,10923.15
SIA,AM,202507,9642943,0211020036,93.0,478.95
SIA,AM,202507,2013045,0211020036,60.0,309.0
SIA,AM,202507,2708906,0211020036,13.0,66.95
SIA,AM,202507,7564546,0211020060,181.0,5430.0
SIA,AM,202507,2013568,0211020036,92.0,473.8
SIA,AM,202507,2017644,0206010010,3.0,260.28
SIA,AM,202507,2012553,0211020036,60.0,309.0
SIA,AM,202507,2017644,0206020023,3.0,260.25
SIA,AM,202507,2012685,0206010010,1.0,86.76
SIA,AM,202507,2012022,0211020036,68.0,350.2
SIA,AM,202508,2012677,0206020031,747.0,101898.27
SIA,AM,202508,2018144,0206010079,82.0,7990.08
SIA,AM,202508,2018403,0206020031,173.0,23598.93
SIA,AM,202508,2013649,0206020031,1060.0,144594.6
SIA,AM,202508,5169976,0206020031,795.0,108445.95
SIA,AM,202508,2019574,0206020031,826.0,112674.66
SIA,AM,202508,7124821,0206020031,74.0,10094.34
SIA,AM,202508,3400557,0206020031,27.0,3683.07
SIA,AM,202508,4355407,0206020031,99.0,13504.59
SIA,AM,202508,7334583,0208010033,131.0,50182.17
SIA,AM,202508,2019418,0206020031,76.0,10367.16
SIA,AM,202508,2018926,0208010033,173.0,66271.11
SIA,AM,202508,2012685,0206020031,14.0,1909.74
SIA,AM,202508,2018144,0206010010,14.0,1214.64
SIA,AM,202508,2017644,0206020031,32.0,4365.12
SIA,AM,202508,9074473,0206020031,27.0,3683.07
SIA,AM,202508,2018098,0206020031,47.0,6411.27
SIA,AM,202508,4701631,0206020031,57.0,7775.37
SIA,AM,202508,2013568,0211020036,98.0,504.7
SIA,AM,202508,2012685,0211020036,1266.0,5649.55
SIA,AM,202508,2019574,0206010060,3.0,292.32
SIA,AM,202508,7564546,0206020031,70.0,9548.7
SIA,AM,202508,2012030,0206020031,35.0,4774.35
SIA,AM,202508,2014610,0211020036,252.0,1297.8
SIA,AM,202508,2011832,0211020036,412.0,1957.0
SIA,AM,202508,2018403,0211020010,140.0,102205.6
SIA,AM,202508,2012685,0902010018,169.0,21970.0
SIA,AM,202508,2017865,0211020036,110.0,566.5
SIA,AM,202508,3027163,0211020036,188.0,968.2
SIA,AM,202508,2018144,0206010044,7.0,607.25
SIA,AM,202508,5257158,0211020036,40.0,206.0
SIA,AM,202508,2017016,0206010044,2.0,173.5
SIA,AM,202508,3210243,0206030037,224.0,31053.12
SIA,AM,202508,3210243,0206020031,94.0,12822.54
SIA,AM,202508,5169976,0206030010,802.0,111181.26
SIA,AM,202508,2019418,0206030010,139.0,19269.57
SIA,AM,202508,3400557,0206030010,45.0,6238.35
SIA,AM,202508,2019574,0206030010,630.0,87336.9
SIA,AM,202508,2013649,0206030010,2265.0,313996.95
SIA,AM,202508,7124821,0206030010,145.0,20101.35
SIA,AM,202508,2018403,0206030010,120.0,16635.6
SIA,AM,202508,2012804,0211020036,72.0,370.8
SIA,AM,202508,2012677,0206030010,558.0,77355.54
SIA,AM,202508,7564546,0206030010,84.0,11644.92
SIA,AM,202508,3210243,0206010044,27.0,2342.25
SIA,AM,202508,2017644,0206030010,80.0,11090.4
SIA,AM,202508,2018098,0206030010,70.0,9704.1
SIA,AM,202508,2012030,0206030010,58.0,8040.54
SIA,AM,202508,4701631,0206030010,183.0,25369.29
SIA,AM,202508,2013916,0211020036,378.0,1946.7
SIA,AM,202508,2012685,0206030010,31.0,4297.53
SIA,AM,202508,9074473,0206030010,70.0,9704.1
SIA,AM,202508,2018144,0206030010,75.0,10397.25
SIA,AM,202508,4355407,0206030010,91.0,12615.33
SIA,AM,202508,2016141,0206030010,13.0,1802.19
SIA,AM,202508,2018144,0206010036,16.0,1388.16
SIA,AM,202508,2019574,0206010044,305.0,26458.75
SIA,AM,202508,2019574,0206010028,128.0,12940.8
SIA,AM,202508,2012677,0206010044,38.0,3296.5
SIA,AM,202508,2013649,0206010044,41.0,3556.75
SIA,AM,202508,2013649,0206010028,113.0,11424.3
SIA,AM,202508,7124821,0206010044,45.0,3903.75
SIA,AM,202508,2017644,0206010028,18.0,1819.8
SIA,AM,202508,2011859,0211020036,25.0,128.75
SIA,AM,202508,2016141,0206010028,8.0,808.8
SIA,AM,202508,2017644,0206010044,36.0,3123.0
SIA,AM,202508,5169976,0206010044,41.0,3556.75
SIA,AM,202508,2012030,0206010044,30.0,2602.5
SIA,AM,202508,2018144,0206010028,32.0,3235.2
SIA,AM,202508,2016974,0211020036,243.0,1251.45
SIA,AM,202508,2018403,0206010044,29.0,2515.75
SIA,AM,202508,2018144,0206010052,4.0,347.0
SIA,AM,202508,2019418,0206010044,22.0,1908.5
SIA,AM,202508,5169976,0206010028,88.0,8896.8
SIA,AM,202508,2016141,0206010079,29.0,2825.76
SIA,AM,202508,2018144,0206030037,79.0,10951.77
SIA,AM,202508,3400557,0206010044,12.0,1041.0
SIA,AM,202508,7564546,0206010044,38.0,3296.5
SIA,AM,202508,2019418,0206010028,13.0,1314.3
SIA,AM,202508,4355407,0206010044,42.0,3643.5
SIA,AM,202508,9074473,0206010044,16.0,1388.0
SIA,AM,202508,2012685,0206010044,13.0,1127.75
SIA,AM,202508,4701631,0206010028,51.0,5156.1
SIA,AM,202508,4355407,0206010028,13.0,1314.3
SIA,AM,202508,3210243,0206010079,183.0,17831.52
SIA,AM,202508,2012030,0206010079,390.0,38001.6
SIA,AM,202508,2016656,0211020036,24.0,123.6
SIA,AM,202508,2017016,0206010010,2.0,173.52
SIA,AM,202508,0928615,0211020036,69.0,355.35
SIA,AM,202508,2016605,0211020036,26.0,133.9
SIA,AM,202508,2016648,0211020036,15.0,77.25
SIA,AM,202508,2708892,0211020036,66.0,339.9
SIA,AM,202508,2018144,0206020015,4.0,347.0
SIA,AM,202508,9074473,0206010028,6.0,606.6
SIA,AM,202508,2017016,0206010079,21.0,2046.24
SIA,AM,202508,7618816,0211020036,300.0,1395.65
SIA,AM,202508,2016923,0211020036,133.0,684.95
SIA,AM,202508,2012677,0206010079,71.0,6918.24
SIA,AM,202508,2012499,0211020036,74.0,381.1
SIA,AM,202508,9157174,0211020036,548.0,2822.2
SIA,AM,202508,3210243,0206010052,5.0,433.75
SIA,AM,202508,2717395,0211020036,40.0,206.0
SIA,AM,202508,3210243,0211020036,1002.0,5160.3
SIA,AM,202508,9944648,0211020036,213.0,128.75
SIA,AM,202508,3400557,0206010028,13.0,1314.3
SIA,AM,202508,2017016,0206010028,2.0,202.2
SIA,AM,202508,4701631,0206010044,12.0,1041.0
SIA,AM,202508,2017016,0206030029,3.0,260.25
SIA,AM,202508,2016141,0206030037,6.0,831.78
SIA,AM,202508,2012030,0206010028,7.0,707.7
SIA,AM,202508,2017997,0211020036,20.0,103.0
SIA,AM,202508,2013282,0211020036,51.0,262.65
SIA,AM,202508,2012677,0206010028,9.0,909.9
SIA,AM,202508,2017016,0206030010,12.0,1663.56
SIA,AM,202508,3500179,0211020036,166.0,854.9
SIA,AM,202508,2018748,0211020036,258.0,1328.7
SIA,AM,202508,2012685,0206010079,7.0,682.08
SIA,AM,202508,2012685,0206020015,1.0,86.75
SIA,AM,202508,2011875,0211020036,81.0,417.15
SIA,AM,202508,2017644,0211020036,645.0,3321.75
SIA,AM,202508,2017717,0211020036,24.0,123.6
SIA,AM,202508,3210243,0206030010,209.0,28973.67
SIA,AM,202508,2012677,0211020036,118.0,607.7
SIA,AM,202508,7124821,0206010028,12.0,1213.2
SIA,AM,202508,2017873,0211020036,324.0,1668.6
SIA,AM,202508,9634738,0211020036,218.0,1122.7
SIA,AM,202508,2012766,0211020036,327.0,1684.05
SIA,AM,202508,2019574,0206010052,51.0,4424.25
SIA,AM,202508,2012677,0206010052,106.0,9195.5
SIA,AM,202508,2017644,0206010052,6.0,520.5
SIA,AM,202508,2018403,0206010028,5.0,505.5
SIA,AM,202508,2013649,0206010052,34.0,2949.5
SIA,AM,202508,2018098,0206010052,7.0,607.25
SIA,AM,202508,5169976,0206010052,21.0,1821.75
SIA,AM,202508,2018403,0206010052,29.0,2515.75
SIA,AM,202508,5169976,0211020036,865.0,4454.75
SIA,AM,202508,2018403,0211020036,940.0,4841.0
SIA,AM,202508,4355407,0206010052,10.0,867.5
SIA,AM,202508,3039285,0211020036,157.0,808.55
SIA,AM,202508,2012030,0206010052,3.0,260.25
SIA,AM,202508,2018098,0206010044,6.0,520.5
SIA,AM,202508,7124821,0206010052,6.0,520.5
SIA,AM,202508,2016435,0211020036,117.0,602.55
SIA,AM,202508,3210243,0206010036,2.0,173.52
SIA,AM,202508,4701631,0206010052,2.0,173.5
SIA,AM,202508,3210243,0206020015,2.0,173.5
SIA,AM,202508,3042626,0211020036,2.0,10.3
SIA,AM,202508,7564546,0206010052,5.0,433.75
SIA,AM,202508,2017016,0206030037,9.0,1247.67
SIA,AM,202508,2012685,0206010052,4.0,347.0
SIA,AM,202508,2019574,0206010079,1901.0,185233.44
SIA,AM,202508,2013649,0206010079,720.0,70156.8
SIA,AM,202508,7124821,0206010079,35.0,3410.4
SIA,AM,202508,2018403,0206010079,81.0,7892.64
SIA,AM,202508,5169976,0206010079,536.0,52227.84
SIA,AM,202508,5169976,0206030029,84.0,7287.0
SIA,AM,202508,2013649,0206020015,63.0,5465.25
SIA,AM,202508,7334583,0208010025,132.0,53924.64
SIA,AM,202508,3403394,0211020060,65.0,1950.0
SIA,AM,202508,4355407,0206010079,312.0,30401.28
SIA,AM,202508,2013649,0206030029,52.0,4511.0
SIA,AM,202508,2019418,0206010079,108.0,10523.52
SIA,AM,202508,3400557,0206010079,22.0,2143.68
SIA,AM,202508,3368599,0211020036,70.0,360.5
SIA,AM,202508,9074473,0211020060,78.0,2340.0
SIA,AM,202508,3400557,0211020060,157.0,4710.0
SIA,AM,202508,2018926,0208010025,173.0,70673.96
SIA,AM,202508,2017644,0206010079,48.0,4677.12
SIA,AM,202508,2019574,0206020015,31.0,2689.25
SIA,AM,202508,4701631,0206010079,71.0,6918.24
SIA,AM,202508,2019574,0211020036,774.0,3986.1
SIA,AM,202508,5084458,0211020036,233.0,1199.95
SIA,AM,202508,5169976,0206020015,55.0,4771.25
SIA,AM,202508,7564546,0206010079,24.0,2338.56
SIA,AM,202508,2018098,0206010079,44.0,4287.36
SIA,AM,202508,2019574,0206030029,34.0,2949.5
SIA,AM,202508,5222710,0211020036,30.0,154.5
SIA,AM,202508,7124821,0206030029,5.0,433.75
SIA,AM,202508,2019523,0211020036,15.0,77.25
SIA,AM,202508,2019418,0206010052,3.0,260.25
SIA,AM,202508,2017644,0206020015,1.0,86.75
SIA,AM,202508,2012677,0206020015,1.0,86.75
SIA,AM,202508,3400557,0206010052,5.0,433.75
SIA,AM,202508,4701631,0206020015,11.0,954.25
SIA,AM,202508,9074473,0206010079,7.0,682.08
SIA,AM,202508,2017644,0211020060,2.0,60.0
SIA,AM,202508,9074473,0206010052,3.0,260.25
SIA,AM,202508,2016354,0211020036,2.0,10.3
SIA,AM,202508,4355407,0206020015,4.0,347.0
SIA,AM,202508,2012677,0206030029,1.0,86.75
SIA,AM,202508,2019418,0206020015,2.0,173.5
SIA,AM,202508,7564546,0206030029,2.0,173.5
SIA,AM,202508,2012685,0206030029,4.0,347.0
SIA,AM,202508,4701631,0206030029,23.0,1995.25
SIA,AM,202508,2017644,0206030029,5.0,433.75
SIA,AM,202508,2012677,0206030037,555.0,76939.65
SIA,AM,202508,2012677,0206020023,7.0,607.25
SIA,AM,202508,2018381,0211020036,44.0,226.6
SIA,AM,202508,2013649,0206030037,2037.0,282389.31
SIA,AM,202508,4355407,0206030037,98.0,13585.74
SIA,AM,202508,4701631,0206030037,190.0,26339.7
SIA,AM,202508,2019574,0206010010,236.0,20475.36
SIA,AM,202508,7124821,0206020023,7.0,607.25
SIA,AM,202508,3210243,0206010028,24.0,2426.4
SIA,AM,202508,2018098,0206030037,64.0,8872.32
SIA,AM,202508,4701631,0206010010,30.0,2602.8
SIA,AM,202508,2013649,0206010010,64.0,5552.64
SIA,AM,202508,2017644,0206030037,76.0,10535.88
SIA,AM,202508,9074473,0206030037,72.0,9981.36
SIA,AM,202508,2018403,0206030037,142.0,19685.46
SIA,AM,202508,7564546,0206030037,67.0,9288.21
SIA,AM,202508,2013649,0206020023,147.0,12752.25
SIA,AM,202508,2012030,0206030029,3.0,260.25
SIA,AM,202508,2019418,0206030037,131.0,18160.53
SIA,AM,202508,5169976,0206030037,100.0,13863.0
SIA,AM,202508,4355407,0206030029,6.0,520.5
SIA,AM,202508,2018098,0206010010,3.0,260.28
SIA,AM,202508,7124821,0206030037,136.0,18853.68
SIA,AM,202508,5169976,0206010010,80.0,6940.8
SIA,AM,202508,2018403,0206030029,5.0,433.75
SIA,AM,202508,2011891,0211020036,83.0,427.45
SIA,AM,202508,2019574,0206030037,123.0,17051.49
SIA,AM,202508,7564546,0206010010,1.0,86.76
SIA,AM,202508,2012030,0206030037,24.0,3327.12
SIA,AM,202508,2012030,0206010010,5.0,433.8
SIA,AM,202508,2012677,0206010010,6.0,520.56
SIA,AM,202508,9500146,0211020036,129.0,664.35
SIA,AM,202508,2018403,0211020060,48.0,1440.0
SIA,AM,202508,4355407,0206010010,16.0,1388.16
SIA,AM,202508,2019574,0205010016,2.0,330.0
SIA,AM,202508,2013258,0211020036,249.0,1282.35
SIA,AM,202508,2012383,0211020036,56.0,288.4
SIA,AM,202508,2018403,0206020015,2.0,173.5
SIA,AM,202508,3998940,0211020036,96.0,494.4
SIA,AM,202508,2012677,0206010036,6.0,520.56
SIA,AM,202508,2017652,0211020036,94.0,672.1
SIA,AM,202508,5169976,0206010036,35.0,3036.6
SIA,AM,202508,9074473,0206010010,2.0,173.52
SIA,AM,202508,2019574,0206020023,4.0,347.0
SIA,AM,202508,2016141,0206010087,1.0,138.63
SIA,AM,202508,4701631,0206010036,22.0,1908.72
SIA,AM,202508,7124821,0206020015,2.0,173.5
SIA,AM,202508,3400557,0206030037,36.0,4990.68
SIA,AM,202508,7564546,0206010036,2.0,173.52
SIA,AM,202508,2012685,0205010016,1.0,165.0
SIA,AM,202508,5169976,0206020023,6.0,520.5
SIA,AM,202508,3210243,0206010010,15.0,1301.4
SIA,AM,202508,2019574,0206010036,81.0,7027.56
SIA,AM,202508,2019418,0206030029,3.0,260.25
SIA,AM,202508,9074473,0206030029,1.0,86.75
SIA,AM,202508,2018144,0206020031,23.0,3137.43
SIA,AM,202508,2019418,0206010036,7.0,607.32
SIA,AM,202508,7749112,0211020036,7740.0,39861.0
SIA,AM,202508,2013649,0206010036,29.0,2516.04
SIA,AM,202508,2018403,0206020023,4.0,347.0
SIA,AM,202508,7564546,0211020060,140.0,4200.0
SIA,AM,202508,2017016,0206010036,3.0,260.28
SIA,AM,202508,2016141,0206020031,11.0,1500.51
SIA,AM,202508,3400557,0206020023,1.0,86.75
SIA,AM,202508,2018144,0206030029,10.0,867.5
SIA,AM,202508,2019418,0206010010,10.0,867.6
SIA,AM,202508,2708906,0211020036,15.0,77.25
SIA,AM,202508,3400557,0206030029,1.0,86.75
SIA,AM,202508,9074473,0206020015,1.0,86.75
SIA,AM,202508,2012030,0206010036,6.0,520.56
SIA,AM,202508,2017644,0206010010,14.0,1214.64
SIA,AM,202508,2018144,0211020036,6.0,30.9
SIA,AM,202508,2017016,0206020031,9.0,1227.69
SIA,AM,202508,2016141,0211020036,20.0,103.0
SIA,AM,202508,2016141,0206010044,3.0,260.25
SIA,AM,202508,7564546,0206020023,3.0,260.25
SIA,AM,202508,2012685,0206030037,16.0,2218.08
SIA,AM,202508,9074473,0206020023,2.0,173.5
SIA,AM,202508,7124821,0206010036,5.0,433.8
SIA,AM,202508,2019418,0206020023,2.0,173.5
SIA,AM,202508,4355407,0206010036,4.0,347.04
SIA,AM,202508,7564546,0206020015,2.0,173.5
SIA,AM,202508,9944648,0902010026,158.0,31600.0
SIA,AM,202508,9944648,0902010018,30.0,3900.0
SIA,AM,202508,7618816,0902010026,18.0,3600.0
SIA,AM,202508,7618816,0902010018,11.0,1430.0
SIA,AM,202508,2011832,0902010018,32.0,4160.0
SIA,AM,202508,7124821,0206010010,6.0,520.56
SIA,AM,202508,2018144,0206020023,3.0,260.25
SIA,AM,202508,0796360,0211020036,61.0,314.15
SIA,AM,202508,7564546,0206010028,5.0,505.5
SIA,AM,202508,2016141,0206010036,1.0,86.76
SIA,AM,202508,4701631,0206020023,2.0,173.5
SIA,AM,202508,3210243,0206030029,3.0,260.25
SIA,AM,202508,2017644,0206010036,6.0,520.56
SIA,AM,202508,3400557,0206010036,2.0,173.52
SIA,AM,202508,2012685,0206010028,1.0,101.1
SIA,AM,202508,2013495,0211020036,3.0,15.45
SIA,AM,202508,2018756,0211020036,157.0,808.55
SIA,AM,202508,2019604,0211020036,5.0,25.75
SIA,AM,202508,2013320,0211020036,5.0,25.75
SIA,AM,202508,6627595,0211020036,1772.0,9125.8
SIA,AM,202508,2017687,0211020036,75.0,386.25
SIA,AM,202508,0278343,0211020036,66.0,339.9
SIA,AM,202508,2012022,0211020036,39.0,200.85
SIA,AM,202508,2015242,0211020036,1.0,5.15
SIA,AM,202508,2017679,0211020036,38.0,195.7
SIA,AM,202508,7459750,0211020036,20.0,103.0
SIA,AM,202508,2019566,0211020036,161.0,829.15
SIA,AM,202508,4925645,0211020036,40.0,206.0
SIA,AM,202508,2017016,0211020036,2106.0,10845.9
SIA,AM,202508,4004787,0211020036,55.0,283.25
SIA,AM,202508,2708922,0211020036,76.0,391.4
SIA,AM,202508,2014688,0211020036,206.0,1060.9
SIA,AM,202508,2018403,0206010010,1.0,86.76
SIA,AM,202508,2013045,0211020036,122.0,628.3
SIA,AM,202508,2016419,0211020036,59.0,303.85
SIA,AM,202508,3210243,0206020023,2.0,173.5
SIA,AM,202508,2017555,0211020036,213.0,1096.95
SIA,AM,202508,2013606,0211020036,148.0,762.2
SIA,AM,202508,2717379,0211020036,107.0,551.05
SIA,AM,202508,2016893,0211020036,238.0,1225.7
SIA,AM,202508,7458606,0211020036,661.0,3404.15
SIA,AM,202508,2016249,0211020036,23.0,118.45
SIA,AM,202508,4370643,0211020036,35.0,180.25
SIA,AM,202508,2704951,0211020036,30.0,154.5
SIA,AM,202508,2016443,0211020036,77.0,396.55
SIA,AM,202508,7564546,0211020036,2178.0,11216.7
SIA,AM,202508,2017768,0211020036,85.0,437.75
SIA,AM,202508,6915221,0211020036,180.0,927.0
SIA,AM,202508,9944648,0205010016,1.0,165.0
SIA,AM,202509,2019418,0206030037,153.0,21210.39
SIA,AM,202509,2019418,0206030010,175.0,24260.25
SIA,AM,202509,2019418,0206010079,43.0,4189.92
SIA,AM,202509,2018926,0208010033,156.0,59758.92
SIA,AM,202509,3998940,0211020036,107.0,551.05
SIA,AM,202509,2016397,0211020036,27.0,139.05
SIA,AM,202509,2018926,0208010025,156.0,63729.12
SIA,AM,202509,3403394,0211020060,118.0,3540.0
SIA,AM,202509,2011859,0211020036,39.0,200.85
SIA,AM,202509,2019418,0206020031,126.0,17187.66
SIA,AM,202509,2019418,0206010028,1.0,101.1
SIA,AM,202509,5222710,0211020036,237.0,1220.55
SIA,AM,202509,2018403,0211020036,960.0,4944.0
SIA,AM,202509,2018403,0211020060,32.0,960.0
SIA,AM,202509,2017717,0211020036,100.0,515.0
SIA,AM,202509,2017016,0206010079,33.0,3215.52
SIA,AM,202509,2017016,0206030037,35.0,4852.05
SIA,AM,202509,2017016,0206010028,31.0,3134.1
SIA,AM,202509,2017016,0211020036,3017.0,15537.55
SIA,AM,202509,2018403,0206030010,105.0,14556.15
SIA,AM,202509,2018403,0206020031,162.0,22098.42
SIA,AM,202509,3400557,0206010079,39.0,3800.16
SIA,AM,202509,2012685,0206020031,7.0,954.87
SIA,AM,202509,2018403,0206030037,119.0,16496.97
SIA,AM,202509,2018403,0206010044,26.0,2255.5
SIA,AM,202509,2018403,0206010079,87.0,8477.28
SIA,AM,202509,3039285,0211020036,103.0,530.45
SIA,AM,202509,2012685,0211020036,1561.0,6664.1
SIA,AM,202509,2012383,0211020036,69.0,355.35
SIA,AM,202509,2016435,0211020036,29.0,149.35
SIA,AM,202509,3368599,0211020036,70.0,360.5
SIA,AM,202509,7124821,0206010079,45.0,4384.8
SIA,AM,202509,7124821,0206030037,121.0,16774.23
SIA,AM,202509,2016419,0211020036,22.0,113.3
SIA,AM,202509,2017016,0206030010,32.0,4436.16
SIA,AM,202509,2017016,0206020031,16.0,2182.56
SIA,AM,202509,7124821,0206020031,112.0,15277.92
SIA,AM,202509,2012758,0211020036,212.0,1091.8
SIA,AM,202509,3400557,0206020031,53.0,7229.73
SIA,AM,202509,3400557,0206030010,55.0,7624.65
SIA,AM,202509,3400557,0211020060,99.0,2970.0
SIA,AM,202509,3400557,0206010044,6.0,520.5
SIA,AM,202509,7124821,0206010052,12.0,1041.0
SIA,AM,202509,3400557,0206030037,50.0,6931.5
SIA,AM,202509,7124821,0206030010,133.0,18437.79
SIA,AM,202509,2017644,0211020036,632.0,3254.8
SIA,AM,202509,2017644,0206020031,32.0,4365.12
SIA,AM,202509,2017644,0206010079,49.0,4774.56
SIA,AM,202509,2017687,0211020036,99.0,509.85
SIA,AM,202509,2016648,0211020036,7.0,36.05
SIA,AM,202509,2018403,0206010028,2.0,202.2
SIA,AM,202509,2018403,0206010052,28.0,2429.0
SIA,AM,202509,7124821,0206010044,35.0,3036.25
SIA,AM,202509,9634738,0211020036,283.0,1457.45
SIA,AM,202509,2017644,0206010044,51.0,4424.25
SIA,AM,202509,2017644,0206030010,29.0,4020.27
SIA,AM,202509,2017644,0206030037,26.0,3604.38
SIA,AM,202509,2017644,0206010010,8.0,694.08
SIA,AM,202509,2708906,0211020036,17.0,87.55
SIA,AM,202509,2018403,0206030029,4.0,347.0
SIA,AM,202509,2017644,0206030029,4.0,347.0
SIA,AM,202509,2017873,0211020036,337.0,1735.55
SIA,AM,202509,2016974,0211020036,351.0,1797.35
SIA,AM,202509,9074473,0206030010,72.0,9981.36
SIA,AM,202509,2018748,0211020036,246.0,1266.9
SIA,AM,202509,2012677,0206010052,78.0,6766.5
SIA,AM,202509,2012677,0206030010,620.0,85950.6
SIA,AM,202509,2012677,0206030037,587.0,81375.81
SIA,AM,202509,2012677,0206010079,94.0,9159.36
SIA,AM,202509,2012677,0211020036,218.0,1122.7
SIA,AM,202509,2013649,0206030037,1932.0,267833.16
SIA,AM,202509,2013649,0206030010,2131.0,295420.53
SIA,AM,202509,2013649,0206020031,973.0,132726.93
SIA,AM,202509,3210243,0206010079,198.0,19293.12
SIA,AM,202509,3210243,0206030037,210.0,29112.3
SIA,AM,202509,2012677,0206020031,777.0,105990.57
SIA,AM,202509,9074473,0206020031,40.0,5456.4
SIA,AM,202509,2012685,0206030010,26.0,3604.38
SIA,AM,202509,2012677,0206010044,37.0,3209.75
SIA,AM,202509,3210243,0206030010,189.0,26201.07
SIA,AM,202509,9074473,0206030037,62.0,8595.06
SIA,AM,202509,2013649,0206030029,43.0,3730.25
SIA,AM,202509,2013649,0206010079,683.0,66551.52
SIA,AM,202509,3210243,0206020031,81.0,11049.21
SIA,AM,202509,9074473,0211020060,46.0,1380.0
SIA,AM,202509,2012030,0206010079,431.0,41996.64
SIA,AM,202509,2012030,0206030010,53.0,7347.39
SIA,AM,202509,2017555,0211020036,175.0,901.25
SIA,AM,202509,2018098,0206020031,74.0,10094.34
SIA,AM,202509,2018098,0206010044,8.0,694.0
SIA,AM,202509,2011891,0211020036,105.0,540.75
SIA,AM,202509,7124821,0206020015,3.0,260.25
SIA,AM,202509,2013649,0206010036,41.0,3557.16
SIA,AM,202509,7124821,0206020023,10.0,867.5
SIA,AM,202509,2018381,0211020036,18.0,92.7
SIA,AM,202509,3210243,0206010028,32.0,3235.2
SIA,AM,202509,2018098,0206030010,71.0,9842.73
SIA,AM,202509,2013649,0206020015,58.0,5031.5
SIA,AM,202509,2013649,0206010028,91.0,9200.1
SIA,AM,202509,2013649,0206010010,60.0,5205.6
SIA,AM,202509,3210243,0206010010,11.0,954.36
SIA,AM,202509,2019566,0211020036,155.0,798.25
SIA,AM,202509,2013649,0206020023,100.0,8675.0
SIA,AM,202509,2017997,0211020036,17.0,87.55
SIA,AM,202509,2018098,0206030037,61.0,8456.43
SIA,AM,202509,3210243,0206010052,9.0,780.75
SIA,AM,202509,2012685,0206010044,19.0,1648.25
SIA,AM,202509,2016141,0206020031,4.0,545.64
SIA,AM,202509,7334583,0208010033,143.0,54779.01
SIA,AM,202509,7334583,0208010025,143.0,58418.36
SIA,AM,202509,2013649,0206010052,24.0,2082.0
SIA,AM,202509,2012685,0206030029,2.0,173.5
SIA,AM,202509,2013649,0206010044,15.0,1301.25
SIA,AM,202509,2012685,0206030037,12.0,1663.56
SIA,AM,202509,2013916,0211020036,224.0,1153.6
SIA,AM,202509,3210243,0206010044,18.0,1561.5
SIA,AM,202509,2012677,0206010028,11.0,1112.1
SIA,AM,202509,2012030,0206010044,29.0,2515.75
SIA,AM,202509,2016141,0206010079,10.0,974.4
SIA,AM,202509,2016141,0206030010,6.0,831.78
SIA,AM,202509,2012677,0206010010,3.0,260.28
SIA,AM,202509,2012030,0206030037,15.0,2079.45
SIA,AM,202509,2012677,0206020023,9.0,780.75
SIA,AM,202509,2018403,0206010010,2.0,173.52
SIA,AM,202509,2019523,0211020036,5.0,25.75
SIA,AM,202509,2017644,0211020060,7.0,210.0
SIA,AM,202509,7124821,0206010028,1.0,101.1
SIA,AM,202509,3210243,0206010036,5.0,433.8
SIA,AM,202509,3400557,0206010010,1.0,86.76
SIA,AM,202509,2018403,0206020023,4.0,347.0
SIA,AM,202509,2012030,0206020031,23.0,3137.43
SIA,AM,202509,2017644,0206010052,3.0,260.25
SIA,AM,202509,2016141,0206030037,2.0,277.26
SIA,AM,202509,2012685,0206010010,3.0,260.28
SIA,AM,202509,2017016,0206010036,4.0,347.04
SIA,AM,202509,2012030,0206030029,3.0,260.25
SIA,AM,202509,9074473,0206010010,4.0,347.04
SIA,AM,202509,9074473,0206010079,5.0,487.2
SIA,AM,202509,7458606,0211020036,678.0,3491.7
SIA,AM,202509,2018098,0206010079,13.0,1266.72
SIA,AM,202509,2017644,0206010060,1.0,97.44
SIA,AM,202509,2017016,0206010010,10.0,867.6
SIA,AM,202509,3400557,0206010036,2.0,173.52
SIA,AM,202509,3210243,0206020023,1.0,86.75
SIA,AM,202509,2012677,0206010036,6.0,520.56
SIA,AM,202509,3210243,0206030029,4.0,347.0
SIA,AM,202509,2011832,0211020036,254.0,1266.9
SIA,AM,202509,3400557,0206010052,1.0,86.75
SIA,AM,202509,3400557,0206010028,2.0,202.2
SIA,AM,202509,9074473,0206010052,2.0,173.5
SIA,AM,202509,2012685,0206010028,3.0,303.3
SIA,AM,202509,2017644,0206010028,4.0,404.4
SIA,AM,202509,2013606,0211020036,49.0,252.35
SIA,AM,202509,2012030,0206010010,4.0,347.04
SIA,AM,202509,7124821,0206030029,1.0,86.75
SIA,AM,202509,2012030,0211020036,1.0,5.15
SIA,AM,202509,2018098,0206010010,1.0,86.76
SIA,AM,202509,2016141,0206010028,1.0,101.1
SIA,AM,202509,2717395,0211020036,30.0,154.5
SIA,AM,202509,2018403,0206010036,2.0,173.52
SIA,AM,202509,4004787,0211020036,30.0,154.5
SIA,AM,202509,2012499,0211020036,89.0,458.35
SIA,AM,202509,2016923,0211020036,119.0,612.85
SIA,AM,202509,7124821,0206010010,2.0,173.52
SIA,AM,202509,2016141,0211020036,15.0,77.25
SIA,AM,202509,2015242,0211020036,8.0,41.2
SIA,AM,202509,2017644,0206020015,2.0,173.5
SIA,AM,202509,2018098,0206010036,1.0,86.76
SIA,AM,202509,2012030,0206020023,1.0,86.75
SIA,AM,202509,3400557,0206020023,6.0,520.5
SIA,AM,202509,2012685,0206020023,2.0,173.5
SIA,AM,202509,2017016,0206010044,2.0,173.5
SIA,AM,202509,2014610,0211020036,79.0,406.85
SIA,AM,202509,0928615,0211020036,38.0,195.7
SIA,AM,202509,2014688,0211020036,163.0,839.45
SIA,AM,202509,7618816,0902010018,35.0,4550.0
SIA,AM,202509,7618816,0211020036,337.0,1385.35
SIA,AM,202509,7618816,0902010026,33.0,6600.0
SIA,AM,202509,9944648,0211020036,228.0,144.2
SIA,AM,202509,9944648,0902010018,53.0,6890.0
SIA,AM,202509,9944648,0902010026,147.0,29400.0
SIA,AM,202509,2011832,0902010018,8.0,1040.0
SIA,AM,202509,2019574,0206020031,854.0,116494.14
SIA,AM,202509,2019574,0206030010,671.0,93020.73
SIA,AM,202509,2018756,0211020036,432.0,2224.8
SIA,AM,202509,3027163,0211020036,188.0,968.2
SIA,AM,202509,2018403,0206020015,3.0,260.25
SIA,AM,202509,2017865,0211020036,211.0,1086.65
SIA,AM,202509,2704951,0211020036,15.0,77.25
SIA,AM,202509,2019574,0206010044,332.0,28801.0
SIA,AM,202509,2019574,0206010036,95.0,8242.2
SIA,AM,202509,2019574,0206010079,1870.0,182212.8
SIA,AM,202509,2019574,0206010010,256.0,22210.56
SIA,AM,202509,2019574,0206010028,159.0,16074.9
SIA,AM,202509,2018144,0206030010,48.0,6654.24
SIA,AM,202509,2018144,0206010044,4.0,347.0
SIA,AM,202509,2018144,0206010010,9.0,780.84
SIA,AM,202509,2018144,0206010079,75.0,7308.0
SIA,AM,202509,2018098,0206010028,2.0,202.2
SIA,AM,202509,2019574,0211020036,636.0,3275.4
SIA,AM,202509,2019574,0206030029,41.0,3556.75
SIA,AM,202509,2019574,0206030037,123.0,17051.49
SIA,AM,202509,2013282,0211020036,70.0,360.5
SIA,AM,202509,2019574,0206020015,31.0,2689.25
SIA,AM,202509,2012030,0206010028,1.0,101.1
SIA,AM,202509,2018144,0206020031,25.0,3410.25
SIA,AM,202509,2018144,0206030037,59.0,8179.17
SIA,AM,202509,2018144,0211020036,12.0,61.8
SIA,AM,202509,2012804,0211020036,89.0,458.35
SIA,AM,202509,2011875,0211020036,74.0,381.1
SIA,AM,202509,2019574,0206010052,29.0,2515.75
SIA,AM,202509,7564546,0206030010,184.0,25507.92
SIA,AM,202509,7564546,0206030037,181.0,25092.03
SIA,AM,202509,7564546,0206020031,142.0,19370.22
SIA,AM,202509,7564546,0206010079,47.0,4579.68
SIA,AM,202509,7564546,0206010044,72.0,6246.0
SIA,AM,202509,2018144,0206020023,5.0,433.75
SIA,AM,202509,2018144,0206010028,9.0,909.9
SIA,AM,202509,3500179,0211020036,338.0,1740.7
SIA,AM,202509,0461091,0211020036,1.0,5.15
SIA,AM,202509,5084458,0211020036,224.0,1153.6
SIA,AM,202509,5169976,0211020036,1160.0,5974.0
SIA,AM,202509,7564546,0211020036,2320.0,11948.0
SIA,AM,202509,5169976,0206010079,601.0,58561.44
SIA,AM,202509,5169976,0206020031,779.0,106263.39
SIA,AM,202509,5169976,0206030010,920.0,127539.6
SIA,AM,202509,5169976,0206030037,162.0,22458.06
SIA,AM,202509,5169976,0206010010,82.0,7114.32
SIA,AM,202509,5169976,0206010028,141.0,14255.1
SIA,AM,202509,5169976,0206030029,105.0,9108.75
SIA,AM,202509,5169976,0206010036,32.0,2776.32
SIA,AM,202509,5169976,0206010044,43.0,3730.25
SIA,AM,202509,5169976,0206020023,11.0,954.25
SIA,AM,202509,5169976,0206020015,56.0,4858.0
SIA,AM,202509,7564546,0206030029,11.0,954.25
SIA,AM,202509,2018144,0206020015,5.0,433.75
SIA,AM,202509,2019418,0206010044,6.0,520.5
SIA,AM,202509,2016605,0211020036,35.0,180.25
SIA,AM,202509,2012766,0211020036,136.0,700.4
SIA,AM,202509,7564546,0206010010,3.0,260.28
SIA,AM,202509,2012022,0211020036,41.0,211.15
SIA,AM,202509,7459750,0211020036,28.0,144.2
SIA,AM,202509,2018144,0206010036,5.0,433.8
SIA,AM,202509,5169976,0206010052,9.0,780.75
SIA,AM,202509,7564546,0211020060,134.0,4020.0
SIA,AM,202509,2016893,0211020036,313.0,1611.95
SIA,AM,202509,2014742,0211020036,1.0,5.15
SIA,AM,202509,2017652,0211020036,246.0,1758.9
SIA,AM,202509,4925645,0211020036,179.0,921.85
SIA,AM,202509,7564546,0206010028,2.0,202.2
SIA,AM,202509,6627595,0211020036,1770.0,9115.5
SIA,AM,202509,2019418,0206010010,1.0,86.76
SIA,AM,202509,6915221,0211020036,209.0,1076.35
SIA,AM,202509,2019418,0206010052,3.0,260.25
SIA,AM,202509,3210243,0206020015,2.0,173.5
SIA,AM,202509,9157174,0211020036,610.0,3141.5
SIA,AM,202509,3210243,0211020036,1083.0,5577.45
SIA,AM,202509,9500146,0211020036,141.0,726.15
SIA,AM,202509,2708892,0211020036,21.0,108.15
SIA,AM,202509,7564546,0206020015,4.0,347.0
SIA,AM,202509,7564546,0206010052,14.0,1214.5
SIA,AM,202509,2016656,0211020036,25.0,128.75
SIA,AM,202509,2018071,0211020036,3.0,15.45
SIA,AM,202509,2717379,0211020036,102.0,525.3
SIA,AM,202509,7564546,0206020023,6.0,520.5
SIA,AM,202509,2013258,0211020036,281.0,1447.15
SIA,AM,202509,2018144,0206010052,2.0,173.5
SIA,AM,202509,2018144,0206030029,8.0,694.0
SIA,AM,202509,2013878,0211020036,1.0,5.15
SIA,AM,202509,2012685,0206020015,5.0,433.75
SIA,AM,202509,2012685,0206010079,5.0,487.2
SIA,AM,202509,2012685,0206010036,1.0,86.76
SIA,AM,202509,2013568,0211020036,99.0,509.85
SIA,AM,202509,7564546,0206010036,1.0,86.76
SIA,AM,202509,2019574,0205010016,1.0,165.0
SIA,AM,202509,2017768,0211020036,87.0,448.05
SIA,AM,202509,2013320,0211020036,8.0,41.2
SIA,AM,202509,2017016,0206020015,2.0,173.5
SIA,AM,202509,2016249,0211020036,108.0,556.2
SIA,AM,202509,2016974,0902010026,2.0,400.0
SIA,AM,202509,2013614,0211020036,110.0,566.5
SIA,AM,202509,2017644,0206020023,1.0,86.75
SIA,AM,202509,2016443,0211020036,41.0,211.15
SIA,AM,202509,2018144,0206010060,1.0,97.44
SIA,AM,202509,0796360,0211020036,91.0,468.65
SIA,AM,202509,2012685,0902010018,267.0,34710.0
SIA,AM,202509,2019574,0206020023,2.0,173.5
SIA,AM,202509,2018403,0211020010,175.0,127757.0
SIA,AM,202509,2708922,0211020036,11.0,56.65
SIA,AM,202509,9074473,0206010044,1.0,86.75
SIA,AM,202509,2017679,0211020036,40.0,206.0
SIA,AM,202509,5257158,0211020036,40.0,206.0
SIA,AM,202509,2019574,0206010060,1.0,97.44
SIA,AM,202510,2016672,0211020036,72.0,370.8
SIA,AM,202510,2016656,0211020036,23.0,118.45
SIA,AM,202510,2011891,0211020036,102.0,525.3
SIA,AM,202510,2013258,0211020036,298.0,1534.7
SIA,AM,202510,3400557,0211020060,117.0,3510.0
SIA,AM,202510,3400557,0206030037,8.0,1109.04
SIA,AM,202510,2017016,0206030010,16.0,2218.08
SIA,AM,202510,2017016,0206010028,43.0,4347.3
SIA,AM,202510,2017016,0206010036,11.0,954.36
SIA,AM,202510,2012030,0206010079,424.0,41314.56
SIA,AM,202510,2012030,0206030010,77.0,10674.51
SIA,AM,202510,7124821,0206030010,103.0,14278.89
SIA,AM,202510,2017016,0206010079,29.0,2825.76
SIA,AM,202510,2017016,0206020031,22.0,3001.02
SIA,AM,202510,7124821,0206010079,30.0,2923.2
SIA,AM,202510,2012030,0206030037,19.0,2633.97
SIA,AM,202510,2018098,0206020031,70.0,9548.7
SIA,AM,202510,2018098,0206030010,62.0,8595.06
SIA,AM,202510,3400557,0206020031,12.0,1636.92
SIA,AM,202510,7124821,0206020031,68.0,9275.88
SIA,AM,202510,2012030,0206010044,33.0,2862.75
SIA,AM,202510,7124821,0206020023,10.0,867.5
SIA,AM,202510,7124821,0206030037,92.0,12753.96
SIA,AM,202510,2012383,0211020036,40.0,206.0
SIA,AM,202510,7618816,0902010018,37.0,4810.0
SIA,AM,202510,7618816,0211020036,353.0,1539.85
SIA,AM,202510,7618816,0902010026,17.0,3400.0
SIA,AM,202510,2018098,0206030037,56.0,7763.28
SIA,AM,202510,2012685,0211020036,1255.0,4779.2
SIA,AM,202510,2012685,0902010018,327.0,42510.0
SIA,AM,202510,2012030,0206020031,19.0,2591.79
SIA,AM,202510,2016435,0211020036,88.0,453.2
SIA,AM,202510,2017997,0211020036,26.0,133.9
SIA,AM,202510,7124821,0206010044,53.0,4597.75
SIA,AM,202510,7124821,0206010052,7.0,607.25
SIA,AM,202510,3027163,0211020036,148.0,762.2
SIA,AM,202510,2016974,0211020036,89.0,458.35
SIA,AM,202510,2017016,0206030037,22.0,3049.86
SIA,AM,202510,7124821,0206020015,7.0,607.25
SIA,AM,202510,9944648,0902010026,99.0,19800.0
SIA,AM,202510,9944648,0211020036,203.0,149.35
SIA,AM,202510,9944648,0902010018,75.0,9750.0
SIA,AM,202510,7749112,0902010018,16.0,2080.0
SIA,AM,202510,7749112,0211020036,5016.0,25750.0
SIA,AM,202510,2017016,0206030029,2.0,173.5
SIA,AM,202510,2011832,0902010018,21.0,2730.0
SIA,AM,202510,2011832,0902010026,1.0,200.0
SIA,AM,202510,2018098,0206010044,14.0,1214.5
SIA,AM,202510,2012030,0206030029,2.0,173.5
SIA,AM,202510,7124821,0206010010,3.0,260.28
SIA,AM,202510,2019566,0211020036,121.0,623.15
SIA,AM,202510,2018144,0206030037,62.0,8595.06
SIA,AM,202510,2018926,0208010025,132.0,53924.64
SIA,AM,202510,9074473,0211020060,62.0,1860.0
SIA,AM,202510,7564546,0206020031,101.0,13777.41
SIA,AM,202510,2018144,0206010079,91.0,8867.04
SIA,AM,202510,2012804,0211020036,194.0,999.1
SIA,AM,202510,2018926,0208010033,132.0,50565.24
SIA,AM,202510,9074473,0206030037,88.0,12199.44
SIA,AM,202510,9074473,0206010010,11.0,954.36
SIA,AM,202510,2018144,0206020031,28.0,3819.48
SIA,AM,202510,9074473,0206020031,36.0,4910.76
SIA,AM,202510,2018403,0206020031,93.0,12686.13
SIA,AM,202510,7564546,0206030010,150.0,20794.5
SIA,AM,202510,7564546,0206030037,136.0,18853.68
SIA,AM,202510,2708914,0211020036,17.0,87.55
SIA,AM,202510,2018403,0206030037,75.0,10397.25
SIA,AM,202510,2018403,0206010079,39.0,3800.16
SIA,AM,202510,2018403,0206030010,64.0,8872.32
SIA,AM,202510,2018144,0206030029,10.0,867.5
SIA,AM,202510,7124821,0206030029,8.0,694.0
SIA,AM,202510,7564546,0206010044,108.0,9369.0
SIA,AM,202510,2018144,0206010044,10.0,867.5
SIA,AM,202510,2018144,0206030010,61.0,8456.43
SIA,AM,202510,2018144,0206010028,34.0,3437.4
SIA,AM,202510,2018098,0206020023,1.0,86.75
SIA,AM,202510,9074473,0206030010,97.0,13447.11
SIA,AM,202510,2018098,0206010052,9.0,780.75
SIA,AM,202510,7564546,0206010010,8.0,694.08
SIA,AM,202510,9074473,0206010036,2.0,173.52
SIA,AM,202510,5222710,0211020036,320.0,1648.0
SIA,AM,202510,2018144,0206010052,6.0,520.5
SIA,AM,202510,2012677,0206030037,396.0,54897.48
SIA,AM,202510,7564546,0206020015,2.0,173.5
SIA,AM,202510,2018098,0206030029,5.0,433.75
SIA,AM,202510,2018403,0206010044,9.0,780.75
SIA,AM,202510,3400557,0206010079,4.0,389.76
SIA,AM,202510,2012677,0206030010,436.0,60442.68
SIA,AM,202510,9074473,0206010044,2.0,173.5
SIA,AM,202510,2012030,0206010028,4.0,404.4
SIA,AM,202510,2012677,0206010052,72.0,6246.0
SIA,AM,202510,2012677,0206020031,595.0,81163.95
SIA,AM,202510,7564546,0206010079,40.0,3897.6
SIA,AM,202510,2012677,0206010010,4.0,347.04
SIA,AM,202510,2012677,0211020036,44.0,226.6
SIA,AM,202510,3368599,0211020036,70.0,360.5
SIA,AM,202510,2014610,0211020036,140.0,721.0
SIA,AM,202510,2018403,0206010052,8.0,694.0
SIA,AM,202510,2012677,0206010028,11.0,1112.1
SIA,AM,202510,2012677,0206010079,85.0,8282.4
SIA,AM,202510,7564546,0206020023,3.0,260.25
SIA,AM,202510,7564546,0206010052,19.0,1648.25
SIA,AM,202510,2012677,0206010044,36.0,3123.0
SIA,AM,202510,7124821,0206010036,2.0,173.52
SIA,AM,202510,3400557,0206030010,10.0,1386.3
SIA,AM,202510,2018144,0206020023,2.0,173.5
SIA,AM,202510,2018071,0211020036,1.0,5.15
SIA,AM,202510,2018144,0206010036,16.0,1388.16
SIA,AM,202510,9074473,0206030029,1.0,86.75
SIA,AM,202510,7564546,0206010028,4.0,404.4
SIA,AM,202510,9074473,0206010028,6.0,606.6
SIA,AM,202510,9074473,0206010052,4.0,347.0
SIA,AM,202510,2016354,0211020036,3.0,15.45
SIA,AM,202510,2013916,0211020036,276.0,1421.4
SIA,AM,202510,2013649,0206030010,2175.0,301520.25
SIA,AM,202510,2013649,0206030037,2074.0,287518.62
SIA,AM,202510,2013649,0206020031,1072.0,146231.52
SIA,AM,202510,2013649,0206010010,71.0,6159.96
SIA,AM,202510,2013649,0206010079,783.0,76295.52
SIA,AM,202510,5169976,0206010010,95.0,8242.2
SIA,AM,202510,5169976,0206010079,614.0,59828.16
SIA,AM,202510,3210243,0206010028,33.0,3336.3
SIA,AM,202510,3210243,0206030037,192.0,26616.96
SIA,AM,202510,3210243,0206010036,6.0,520.56
SIA,AM,202510,3210243,0206010079,191.0,18611.04
SIA,AM,202510,5169976,0206020031,790.0,107763.9
SIA,AM,202510,2019418,0206010044,51.0,4424.25
SIA,AM,202510,2019418,0206030037,152.0,21071.76
SIA,AM,202510,2019418,0206030029,7.0,607.25
SIA,AM,202510,5169976,0206030010,1017.0,140986.71
SIA,AM,202510,2017873,0211020036,322.0,1658.3
SIA,AM,202510,3403394,0211020060,149.0,4470.0
SIA,AM,202510,3500179,0211020036,434.0,2235.1
SIA,AM,202510,5169976,0206030029,127.0,11017.25
SIA,AM,202510,2011875,0211020036,35.0,180.25
SIA,AM,202510,7334583,0208010033,136.0,52097.52
SIA,AM,202510,2013649,0206010028,137.0,13850.7
SIA,AM,202510,2013649,0206010044,43.0,3730.25
SIA,AM,202510,7334583,0208010025,134.0,54741.68
SIA,AM,202510,2018748,0211020036,174.0,896.1
SIA,AM,202510,2013649,0206010052,27.0,2342.25
SIA,AM,202510,2019418,0206010010,19.0,1648.44
SIA,AM,202510,2016605,0211020036,9.0,46.35
SIA,AM,202510,3210243,0206030010,198.0,27448.74
SIA,AM,202510,5169976,0206010044,64.0,5552.0
SIA,AM,202510,5169976,0206010028,152.0,15367.2
SIA,AM,202510,3998940,0211020036,86.0,442.9
SIA,AM,202510,3210243,0206020031,79.0,10776.39
SIA,AM,202510,2019418,0206030010,180.0,24953.4
SIA,AM,202510,2019418,0206020031,83.0,11322.03
SIA,AM,202510,3210243,0206010044,16.0,1388.0
SIA,AM,202510,5169976,0206020015,40.0,3470.0
SIA,AM,202510,9595414,0206010028,2.0,0.0
SIA,AM,202510,9595414,0206010010,1.0,0.0
SIA,AM,202510,2019418,0206010079,60.0,5846.4
SIA,AM,202510,2717395,0211020036,42.0,216.3
SIA,AM,202510,2019418,0206010052,10.0,867.5
SIA,AM,202510,2016141,0206010079,34.0,3312.96
SIA,AM,202510,2016141,0206010036,1.0,86.76
SIA,AM,202510,2012677,0206010036,7.0,607.32
SIA,AM,202510,5169976,0206030037,219.0,30359.97
SIA,AM,202510,2013649,0206020015,65.0,5638.75
SIA,AM,202510,5169976,0211020036,1197.0,6164.55
SIA,AM,202510,4004787,0211020036,40.0,206.0
SIA,AM,202510,2012685,0206030037,18.0,2495.34
SIA,AM,202510,2012685,0206020031,29.0,3955.89
SIA,AM,202510,2013649,0206020023,168.0,14574.0
SIA,AM,202510,2018071,0206030010,1.0,138.63
SIA,AM,202510,2013649,0206030029,32.0,2776.0
SIA,AM,202510,5169976,0206010036,49.0,4251.24
SIA,AM,202510,2011832,0211020036,344.0,1658.3
SIA,AM,202510,5257158,0211020036,40.0,206.0
SIA,AM,202510,2013649,0206010036,36.0,3123.36
SIA,AM,202510,5169976,0206020023,15.0,1301.25
SIA,AM,202510,2012677,0206020023,4.0,347.0
SIA,AM,202510,2018403,0211020010,174.0,127026.96
SIA,AM,202510,2019418,0206010036,5.0,433.8
SIA,AM,202510,3039285,0211020036,142.0,731.3
SIA,AM,202510,4925645,0211020036,108.0,556.2
SIA,AM,202510,3210243,0206010010,22.0,1908.72
SIA,AM,202510,3210243,0206020023,9.0,780.75
SIA,AM,202510,2019574,0211020036,2016.0,10382.4
SIA,AM,202510,2017644,0206010052,5.0,433.75
SIA,AM,202510,2017644,0211020036,507.0,2611.05
SIA,AM,202510,2019574,0206010010,296.0,25680.96
SIA,AM,202510,2019574,0206010044,351.0,30449.25
SIA,AM,202510,2019574,0206010079,2029.0,197705.76
SIA,AM,202510,2019574,0206020031,864.0,117858.24
SIA,AM,202510,2019574,0206030010,700.0,97041.0
SIA,AM,202510,2012766,0211020036,142.0,731.3
SIA,AM,202510,2019574,0206010036,85.0,7374.6
SIA,AM,202510,2019574,0206030037,116.0,16081.08
SIA,AM,202510,2019574,0206010028,161.0,16277.1
SIA,AM,202510,2017644,0206010044,51.0,4424.25
SIA,AM,202510,2011859,0211020036,53.0,272.95
SIA,AM,202510,3210243,0206020015,2.0,173.5
SIA,AM,202510,2017687,0211020036,327.0,1684.05
SIA,AM,202510,2017644,0206030010,21.0,2911.23
SIA,AM,202510,2019418,0206010028,7.0,707.7
SIA,AM,202510,2017644,0206030037,17.0,2356.71
SIA,AM,202510,2019574,0206010052,48.0,4164.0
SIA,AM,202510,2016141,0206030010,11.0,1524.93
SIA,AM,202510,2016141,0206020031,14.0,1909.74
SIA,AM,202510,2017644,0206020023,4.0,347.0
SIA,AM,202510,2017644,0206010079,44.0,4287.36
SIA,AM,202510,5169976,0206010052,8.0,694.0
SIA,AM,202510,0278343,0211020036,101.0,520.15
SIA,AM,202510,2019574,0206030029,38.0,3296.5
SIA,AM,202510,2017555,0211020036,222.0,1143.3
SIA,AM,202510,2019574,0206020015,35.0,3036.25
SIA,AM,202510,2019418,0206020015,2.0,173.5
SIA,AM,202510,2017644,0206020031,31.0,4228.71
SIA,AM,202510,2016141,0206010044,1.0,86.75
SIA,AM,202510,2016141,0206030037,5.0,693.15
SIA,AM,202510,2017644,0206010036,2.0,173.52
SIA,AM,202510,2708906,0211020036,88.0,453.2
SIA,AM,202510,2018403,0211020036,923.0,4753.45
SIA,AM,202510,2016443,0211020036,44.0,226.6
SIA,AM,202510,2017644,0206010010,4.0,347.04
SIA,AM,202510,2018144,0206010010,11.0,954.36
SIA,AM,202510,2017644,0206010028,3.0,303.3
SIA,AM,202510,6627595,0211020036,800.0,4120.0
SIA,AM,202510,2012685,0206030010,27.0,3743.01
SIA,AM,202510,2018403,0211020060,37.0,1110.0
SIA,AM,202510,7564546,0211020060,172.0,5160.0
SIA,AM,202510,2017644,0206030029,3.0,260.25
SIA,AM,202510,9074473,0206010079,7.0,682.08
SIA,AM,202510,2012685,0206030029,6.0,520.5
SIA,AM,202510,2018381,0211020036,54.0,278.1
SIA,AM,202510,2012685,0206010079,8.0,779.52
SIA,AM,202510,2012685,0206010044,22.0,1908.5
SIA,AM,202510,2014688,0211020036,222.0,1143.3
SIA,AM,202510,9157174,0211020036,612.0,3151.8
SIA,AM,202510,2016419,0211020036,29.0,149.35
SIA,AM,202510,2016141,0211020036,12.0,61.8
SIA,AM,202510,2019574,0206020023,3.0,260.25
SIA,AM,202510,9500146,0211020036,120.0,618.0
SIA,AM,202510,7564546,0211020036,1969.0,10140.35
SIA,AM,202510,2018403,0206030029,1.0,86.75
SIA,AM,202510,2012022,0211020036,41.0,211.15
SIA,AM,202510,6915221,0211020036,222.0,1143.3
SIA,AM,202510,2016648,0211020036,4.0,20.6
SIA,AM,202510,5084458,0211020036,295.0,1519.25
SIA,AM,202510,7564546,0206010036,1.0,86.76
SIA,AM,202510,3210243,0206010052,7.0,607.25
SIA,AM,202510,0928615,0211020036,39.0,200.85
SIA,AM,202510,2017679,0211020036,44.0,226.6
SIA,AM,202510,2012685,0206010052,1.0,86.75
SIA,AM,202510,2012758,0211020036,163.0,839.45
SIA,AM,202510,2012685,0206020015,2.0,173.5
SIA,AM,202510,2012685,0206010028,3.0,303.3
SIA,AM,202510,2016141,0206010010,2.0,173.52
SIA,AM,202510,2019523,0211020036,7.0,36.05
SIA,AM,202510,2018098,0206010079,14.0,1364.16
SIA,AM,202510,2018756,0211020036,293.0,1508.95
SIA,AM,202510,2018098,0206010010,5.0,433.8
SIA,AM,202510,2018098,0206010028,3.0,303.3
SIA,AM,202510,7459750,0211020036,28.0,144.2
SIA,AM,202510,2012030,0206010010,5.0,433.8
SIA,AM,202510,2013606,0211020036,43.0,221.45
SIA,AM,202510,7124821,0206010028,4.0,404.4
SIA,AM,202510,2012499,0211020036,84.0,432.6
SIA,AM,202510,2013568,0211020036,99.0,509.85
SIA,AM,202510,2012030,0206010036,2.0,173.52
SIA,AM,202510,0796360,0211020036,86.0,442.9
SIA,AM,202510,9634738,0211020036,240.0,1236.0
SIA,AM,202510,2013649,0211020036,986.0,5077.9
SIA,AM,202510,2017016,0206010010,8.0,694.08
SIA,AM,202510,2017016,0206020023,1.0,86.75
SIA,AM,202510,2017865,0211020036,245.0,1261.75
SIA,AM,202510,2013614,0211020036,78.0,401.7
SIA,AM,202510,2013045,0211020036,215.0,1107.25
SIA,AM,202510,3210243,0211020036,897.0,4619.55
SIA,AM,202510,7458606,0211020036,558.0,2873.7
SIA,AM,202510,3210243,0206030029,1.0,86.75
SIA,AM,202510,2016923,0211020036,198.0,1019.7
SIA,AM,202510,2013282,0211020036,70.0,360.5
SIA,AM,202510,7564546,0206030029,4.0,347.0
SIA,AM,202510,2717379,0211020036,75.0,386.25
SIA,AM,202510,2016249,0211020036,32.0,164.8
SIA,AM,202510,2018144,0211020036,2.0,10.3
SIA,AM,202510,2015242,0211020036,3.0,15.45
SIA,AM,202510,2708892,0211020036,89.0,458.35
SIA,AM,202510,2012685,0206010036,1.0,86.76
SIA,AM,202510,2017016,0206010044,4.0,347.0
SIA,AM,202510,3400557,0206010044,1.0,86.75
SIA,AM,202510,2018144,0206020015,1.0,86.75
SIA,AM,202510,9074473,0206020015,1.0,86.75
SIA,AM,202510,2016893,0211020036,212.0,1091.8
SIA,AM,202510,2017768,0211020036,96.0,494.4
SIA,AM,202510,2018098,0206010036,1.0,86.76
SIA,AM,202510,2017016,0211020036,172.0,885.8
SIA,AM,202510,2017644,0206020015,1.0,86.75
SIA,AM,202510,2019574,0206010060,1.0,97.44
SIA,AM,202510,2012030,0206010052,1.0,86.75
SIA,AM,202510,3400557,0206010010,1.0,86.76
SIA,AM,202510,2017016,0206010052,1.0,86.75
SIA,AM,202510,2017652,0211020036,69.0,493.35
SIA,AM,202511,2019418,0206010079,103.0,10036.32
SIA,AM,202511,2017016,0206010028,50.0,5055.0
SIA,AM,202511,2016672,0211020036,64.0,329.6
SIA,AM,202511,2019418,0206030010,146.0,20239.98
SIA,AM,202511,2012030,0206010079,406.0,39560.64
SIA,AM,202511,2017644,0211020036,304.0,1565.6
SIA,AM,202511,2018098,0206010079,44.0,4287.36
SIA,AM,202511,2017431,0206030010,4.0,554.52
SIA,AM,202511,2012030,0206030037,34.0,4713.42
SIA,AM,202511,2017016,0206010079,42.0,4092.48
SIA,AM,202511,2018098,0206020031,42.0,5729.22
SIA,AM,202511,7334583,0208010025,132.0,53924.64
SIA,AM,202511,2018098,0206030010,61.0,8456.43
SIA,AM,202511,2012030,0206010010,10.0,867.6
SIA,AM,202511,2013258,0211020036,265.0,1364.75
SIA,AM,202511,2017644,0206030010,25.0,3465.75
SIA,AM,202511,2017644,0206020031,21.0,2864.61
SIA,AM,202511,2012030,0206030010,60.0,8317.8
SIA,AM,202511,2016648,0211020036,79.0,406.85
SIA,AM,202511,2018098,0206030029,2.0,173.5
SIA,AM,202511,2017016,0206030010,28.0,3881.64
SIA,AM,202511,7334583,0208010033,132.0,50565.24
SIA,AM,202511,2019418,0206010028,42.0,4246.2
SIA,AM,202511,2018098,0206030037,64.0,8872.32
SIA,AM,202511,2019418,0206030037,134.0,18576.42
SIA,AM,202511,3039285,0211020036,136.0,700.4
SIA,AM,202511,2017016,0206020031,23.0,3137.43
SIA,AM,202511,2012030,0206010036,3.0,260.28
SIA,AM,202511,2014610,0211020036,104.0,535.6
SIA,AM,202511,2019418,0206020031,92.0,12549.72
SIA,AM,202511,2017016,0206030029,2.0,173.5
SIA,AM,202511,2017687,0211020036,84.0,432.6
SIA,AM,202511,2019418,0206010052,7.0,607.25
SIA,AM,202511,2019418,0206010044,11.0,954.25
SIA,AM,202511,2012030,0206010044,31.0,2689.25
SIA,AM,202511,2012030,0206020031,20.0,2728.2
SIA,AM,202511,2017016,0206010060,1.0,97.44
SIA,AM,202511,2017644,0206010079,16.0,1559.04
SIA,AM,202511,2017644,0206010010,8.0,694.08
SIA,AM,202511,4925645,0211020036,140.0,721.0
SIA,AM,202511,2017016,0206030037,25.0,3465.75
SIA,AM,202511,2019418,0206010010,3.0,260.28
SIA,AM,202511,2017016,0206010010,17.0,1474.92
SIA,AM,202511,2012030,0206020015,2.0,173.5
SIA,AM,202511,2017644,0206030037,24.0,3327.12
SIA,AM,202511,2017016,0211020036,2412.0,12421.8
SIA,AM,202511,2016893,0211020036,286.0,1472.9
SIA,AM,202511,2019418,0206010036,3.0,260.28
SIA,AM,202511,2017016,0206010036,6.0,520.56
SIA,AM,202511,2017644,0206010044,12.0,1041.0
SIA,AM,202511,2018098,0206010044,16.0,1388.0
SIA,AM,202511,2013916,0211020036,232.0,1194.8
SIA,AM,202511,2017431,0206010079,9.0,876.96
SIA,AM,202511,2017644,0206010036,6.0,520.56
SIA,AM,202511,2016443,0211020036,53.0,272.95
SIA,AM,202511,7124821,0206030010,90.0,12476.7
SIA,AM,202511,2012030,0206010028,5.0,505.5
SIA,AM,202511,7124821,0206010028,19.0,1920.9
SIA,AM,202511,2017865,0211020036,10.0,51.5
SIA,AM,202511,7124821,0206010079,110.0,10718.4
SIA,AM,202511,2017431,0206020031,9.0,1227.69
SIA,AM,202511,7124821,0206030037,90.0,12476.7
SIA,AM,202511,3027163,0211020036,154.0,793.1
SIA,AM,202511,2017644,0206010028,9.0,909.9
SIA,AM,202511,3403394,0211020060,78.0,2340.0
SIA,AM,202511,7124821,0206010010,6.0,520.56
SIA,AM,202511,2018098,0206010028,11.0,1112.1
SIA,AM,202511,7124821,0206010052,10.0,867.5
SIA,AM,202511,7124821,0206030029,9.0,780.75
SIA,AM,202511,7124821,0206020031,60.0,8184.6
SIA,AM,202511,7124821,0206020015,4.0,347.0
SIA,AM,202511,2018098,0206010052,5.0,433.75
SIA,AM,202511,5169976,0206010079,645.0,62848.8
SIA,AM,202511,5169976,0206010028,77.0,7784.7
SIA,AM,202511,5169976,0206020031,833.0,113629.53
SIA,AM,202511,5169976,0206020015,85.0,7373.75
SIA,AM,202511,5169976,0206030037,134.0,18576.42
SIA,AM,202511,5169976,0206030010,932.0,129203.16
SIA,AM,202511,2018926,0208010033,156.0,59758.92
SIA,AM,202511,7124821,0206020023,8.0,694.0
SIA,AM,202511,2011891,0211020036,91.0,468.65
SIA,AM,202511,5169976,0206030029,132.0,11451.0
SIA,AM,202511,5169976,0206010010,65.0,5639.4
SIA,AM,202511,2018403,0206020031,182.0,24826.62
SIA,AM,202511,2018403,0206030010,90.0,12476.7
SIA,AM,202511,2018403,0206030037,110.0,15249.3
SIA,AM,202511,2017997,0211020036,14.0,72.1
SIA,AM,202511,5169976,0211020036,1056.0,5438.4
SIA,AM,202511,2018403,0206010044,30.0,2602.5
SIA,AM,202511,2018926,0208010025,157.0,64137.64
SIA,AM,202511,2018403,0206010079,129.0,12569.76
SIA,AM,202511,7124821,0206010044,51.0,4424.25
SIA,AM,202511,2018403,0211020036,815.0,4197.25
SIA,AM,202511,7564546,0206010052,16.0,1388.0
SIA,AM,202511,2018381,0211020036,30.0,154.5
SIA,AM,202511,7564546,0206020031,118.0,16096.38
SIA,AM,202511,7564546,0206030010,184.0,25507.92
SIA,AM,202511,2012766,0211020036,158.0,813.7
SIA,AM,202511,7564546,0211020060,132.0,3960.0
SIA,AM,202511,7564546,0206030037,172.0,23844.36
SIA,AM,202511,2012383,0211020036,59.0,303.85
SIA,AM,202511,7564546,0206030029,16.0,1388.0
SIA,AM,202511,5169976,0206010044,47.0,4077.25
SIA,AM,202511,7564546,0206010044,68.0,5899.0
SIA,AM,202511,3400557,0211020060,66.0,1980.0
SIA,AM,202511,2017644,0206010052,3.0,260.25
SIA,AM,202511,2018403,0206020015,2.0,173.5
SIA,AM,202511,2011832,0211020036,236.0,1127.85
SIA,AM,202511,2018098,0206010036,1.0,86.76
SIA,AM,202511,5169976,0206010052,11.0,954.25
SIA,AM,202511,3400557,0206010079,4.0,389.76
SIA,AM,202511,2018098,0206020023,2.0,173.5
SIA,AM,202511,2012758,0211020036,184.0,947.6
SIA,AM,202511,7459750,0211020036,18.0,92.7
SIA,AM,202511,2017431,0206030037,1.0,138.63
SIA,AM,202511,7564546,0206010079,24.0,2338.56
SIA,AM,202511,9500146,0211020036,114.0,587.1
SIA,AM,202511,2018403,0206010052,15.0,1301.25
SIA,AM,202511,5169976,0206010036,24.0,2082.24
SIA,AM,202511,9944648,0211020036,193.0,180.25
SIA,AM,202511,7618816,0211020036,269.0,1163.9
SIA,AM,202511,2016605,0211020036,33.0,169.95
SIA,AM,202511,7749112,0211020036,11179.0,57195.9
SIA,AM,202511,2012685,0211020036,866.0,3584.4
SIA,AM,202511,2011832,0902010018,14.0,1820.0
SIA,AM,202511,2011832,0902010026,3.0,600.0
SIA,AM,202511,9944648,0902010018,81.0,10530.0
SIA,AM,202511,9944648,0902010026,77.0,15400.0
SIA,AM,202511,2014688,0211020036,167.0,798.25
SIA,AM,202511,7749112,0902010018,39.0,5070.0
SIA,AM,202511,7749112,0902010026,34.0,6800.0
SIA,AM,202511,7618816,0902010018,21.0,2730.0
SIA,AM,202511,7618816,0902010026,22.0,4400.0
SIA,AM,202511,2013649,0206010036,32.0,2776.32
SIA,AM,202511,2014688,0902010026,12.0,2400.0
SIA,AM,202511,2013649,0206010079,790.0,76977.6
SIA,AM,202511,2013649,0206020023,125.0,10843.75
SIA,AM,202511,2013649,0206020031,991.0,135182.31
SIA,AM,202511,2013649,0206030010,3084.0,427534.92
SIA,AM,202511,2013649,0206030037,1928.0,267278.64
SIA,AM,202511,2013649,0206010028,113.0,11424.3
SIA,AM,202511,2013649,0206010010,72.0,6246.72
SIA,AM,202511,2013649,0206010044,28.0,2429.0
SIA,AM,202511,7564546,0206020023,2.0,173.5
SIA,AM,202511,9634738,0211020036,309.0,1591.35
SIA,AM,202511,2016141,0206010079,30.0,2923.2
SIA,AM,202511,7564546,0206020015,3.0,260.25
SIA,AM,202511,2013649,0206010052,16.0,1388.0
SIA,AM,202511,2013649,0206030029,22.0,1908.5
SIA,AM,202511,2018144,0206020031,9.0,1227.69
SIA,AM,202511,2018144,0206010079,63.0,6138.72
SIA,AM,202511,2012804,0211020036,66.0,339.9
SIA,AM,202511,2013649,0206020015,69.0,5985.75
SIA,AM,202511,2018144,0206030010,31.0,4297.53
SIA,AM,202511,2016141,0206010087,1.0,138.63
SIA,AM,202511,2017717,0211020036,450.0,2317.5
SIA,AM,202511,2016141,0206030010,18.0,2495.34
SIA,AM,202511,2018144,0206010028,13.0,1314.3
SIA,AM,202511,2018144,0206020023,6.0,520.5
SIA,AM,202511,2016141,0206020031,14.0,1909.74
SIA,AM,202511,2018748,0211020036,211.0,1086.65
SIA,AM,202511,2018144,0206010036,8.0,694.08
SIA,AM,202511,3368599,0211020036,70.0,360.5
SIA,AM,202511,2012677,0206020031,852.0,116221.32
SIA,AM,202511,2012677,0206030010,709.0,98288.67
SIA,AM,202511,2012677,0211020036,431.0,2219.65
SIA,AM,202511,2012677,0206010079,126.0,12277.44
SIA,AM,202511,3998940,0211020036,65.0,334.75
SIA,AM,202511,9074473,0206010028,25.0,2527.5
SIA,AM,202511,9074473,0206030037,58.0,8040.54
SIA,AM,202511,2016141,0206010028,6.0,606.6
SIA,AM,202511,7458606,0211020036,627.0,3229.05
SIA,AM,202511,2018144,0206030037,39.0,5406.57
SIA,AM,202511,2018071,0206010079,1.0,97.44
SIA,AM,202511,2012685,0206030010,31.0,4297.53
SIA,AM,202511,2012685,0206030037,15.0,2079.45
SIA,AM,202511,2012685,0206010044,9.0,780.75
SIA,AM,202511,5084458,0211020036,300.0,1545.0
SIA,AM,202511,2708914,0211020036,21.0,108.15
SIA,AM,202511,2012677,0206030037,622.0,86227.86
SIA,AM,202511,9074473,0211020060,30.0,900.0
SIA,AM,202511,9074473,0206030010,72.0,9981.36
SIA,AM,202511,2012685,0206020031,8.0,1091.28
SIA,AM,202511,2012677,0206010052,99.0,8588.25
SIA,AM,202511,2012677,0206030029,3.0,260.25
SIA,AM,202511,2012685,0206030029,3.0,260.25
SIA,AM,202511,2016141,0206030037,12.0,1663.56
SIA,AM,202511,2012677,0206010028,8.0,808.8
SIA,AM,202511,2018144,0206020015,7.0,607.25
SIA,AM,202511,9074473,0206010044,7.0,607.25
SIA,AM,202511,2012677,0206010010,7.0,607.32
SIA,AM,202511,2012677,0206010044,39.0,3383.25
SIA,AM,202511,2708922,0211020036,8.0,41.2
SIA,AM,202511,2012677,0206020015,3.0,260.25
SIA,AM,202511,9074473,0206010079,18.0,1753.92
SIA,AM,202511,2018144,0206010010,8.0,694.08
SIA,AM,202511,3210243,0206010079,187.0,18221.28
SIA,AM,202511,3210243,0206010028,27.0,2729.7
SIA,AM,202511,2013320,0211020036,4.0,20.6
SIA,AM,202511,2018071,0206030010,1.0,138.63
SIA,AM,202511,2018144,0211020036,3.0,15.45
SIA,AM,202511,2016141,0206010010,3.0,260.28
SIA,AM,202511,2018071,0211020036,1.0,5.15
SIA,AM,202511,2011859,0211020036,3.0,15.45
SIA,AM,202511,9074473,0206020031,41.0,5592.81
SIA,AM,202511,2013649,0211020036,881.0,4537.15
SIA,AM,202511,2012677,0206010036,5.0,433.8
SIA,AM,202511,2016141,0206020023,1.0,86.75
SIA,AM,202511,2018071,0206030037,1.0,138.63
SIA,AM,202511,2017555,0211020036,184.0,947.6
SIA,AM,202511,2018144,0206010052,1.0,86.75
SIA,AM,202511,3090825,0211020036,36.0,185.4
SIA,AM,202511,2016974,0211020036,170.0,535.6
SIA,AM,202511,2016974,0902010026,66.0,13200.0
SIA,AM,202511,2016141,0206010044,1.0,86.75
SIA,AM,202511,2012685,0902010018,170.0,22100.0
SIA,AM,202511,2012685,0206010028,4.0,404.4
SIA,AM,202511,2018403,0211020010,190.0,138707.6
SIA,AM,202511,2016435,0211020036,93.0,478.95
SIA,AM,202511,7564546,0206010028,11.0,1112.1
SIA,AM,202511,3210243,0206030037,181.0,25092.03
SIA,AM,202511,3210243,0206020031,77.0,10503.57
SIA,AM,202511,2017873,0211020036,328.0,1689.2
SIA,AM,202511,5257158,0211020036,59.0,303.85
SIA,AM,202511,2017016,0206020023,1.0,86.75
SIA,AM,202511,2015242,0211020036,5.0,25.75
SIA,AM,202511,6627595,0211020036,861.0,4434.15
SIA,AM,202511,5169976,0206020023,12.0,1041.0
SIA,AM,202511,2018403,0211020060,25.0,750.0
SIA,AM,202511,2016125,0211020036,33.0,169.95
SIA,AM,202511,2018403,0206020023,3.0,260.25
SIA,AM,202511,3400557,0206030037,1.0,138.63
SIA,AM,202511,4004787,0211020036,12.0,61.8
SIA,AM,202511,7564546,0206010010,2.0,173.52
SIA,AM,202511,7564546,0211020036,2103.0,10830.45
SIA,AM,202511,2012499,0211020036,84.0,432.6
SIA,AM,202511,2012685,0206010010,3.0,260.28
SIA,AM,202511,2012685,0206010079,2.0,194.88
SIA,AM,202511,7124821,0206010036,4.0,347.04
SIA,AM,202511,2016419,0211020036,32.0,164.8
SIA,AM,202511,2017768,0211020036,180.0,927.0
SIA,AM,202511,2012685,0206020015,1.0,86.75
SIA,AM,202511,2018403,0206030029,3.0,260.25
SIA,AM,202511,9074473,0206010036,1.0,86.76
SIA,AM,202511,2012685,0206010036,1.0,86.76
SIA,AM,202511,9074473,0206010010,1.0,86.76
SIA,AM,202511,2012677,0206020023,1.0,86.75
SIA,AM,202511,2012685,0206020023,1.0,86.75
SIA,AM,202511,2018144,0206030029,3.0,260.25
SIA,AM,202511,2018144,0206010044,2.0,173.5
SIA,AM,202511,0928615,0211020036,96.0,494.4
SIA,AM,202511,2019566,0211020036,121.0,623.15
SIA,AM,202511,2708906,0211020036,77.0,396.55
SIA,AM,202511,2012030,0206010052,2.0,173.5
SIA,AM,202511,2012030,0211020036,1.0,5.15
SIA,AM,202511,0796360,0211020036,87.0,448.05
SIA,AM,202511,3210243,0206030010,179.0,24814.77
SIA,AM,202511,3210243,0206010010,18.0,1561.68
SIA,AM,202511,3210243,0206030029,3.0,260.25
SIA,AM,202511,3500179,0211020036,460.0,2369.0
SIA,AM,202511,2019574,0206010079,1816.0,176951.04
SIA,AM,202511,2019574,0206010036,86.0,7461.36
SIA,AM,202511,2708892,0211020036,47.0,242.05
SIA,AM,202511,2019574,0206020031,823.0,112265.43
SIA,AM,202511,2019574,0206030010,667.0,92466.21
SIA,AM,202511,2019574,0206030037,116.0,16081.08
SIA,AM,202511,2019574,0206010044,330.0,28627.5
SIA,AM,202511,3210243,0206010044,28.0,2429.0
SIA,AM,202511,2019574,0206010010,254.0,22037.04
SIA,AM,202511,2019574,0206010028,163.0,16479.3
SIA,AM,202511,2011875,0211020036,90.0,463.5
SIA,AM,202511,2013606,0211020036,46.0,236.9
SIA,AM,202511,2019574,0206020015,22.0,1908.5
SIA,AM,202511,2019574,0206030029,27.0,2342.25
SIA,AM,202511,2019574,0206010052,38.0,3296.5
SIA,AM,202511,3210243,0206020015,3.0,260.25
SIA,AM,202511,3210243,0206010036,11.0,954.36
SIA,AM,202511,2016141,0211020036,15.0,77.25
SIA,AM,202511,3210243,0206010052,13.0,1127.75
SIA,AM,202511,2016141,0206030029,1.0,86.75
SIA,AM,202511,2018756,0211020036,106.0,545.9
SIA,AM,202511,2019574,0211020036,975.0,5021.25
SIA,AM,202511,2013045,0211020036,271.0,1395.65
SIA,AM,202511,2717395,0211020036,30.0,154.5
SIA,AM,202511,2017431,0206010044,1.0,86.75
SIA,AM,202511,2717379,0211020036,50.0,257.5
SIA,AM,202511,2012022,0211020036,59.0,303.85
SIA,AM,202511,5222710,0211020036,270.0,1390.5
SIA,AM,202511,9157174,0211020036,580.0,2987.0
SIA,AM,202511,6915221,0211020036,218.0,1122.7
SIA,AM,202511,2011816,0211020036,1.0,5.15
SIA,AM,202511,2019574,0206020023,1.0,86.75
SIA,AM,202511,3210243,0211020036,1008.0,5191.2
SIA,AM,202511,0278343,0211020036,58.0,298.7
SIA,AM,202511,4370643,0211020036,24.0,123.6
SIA,AM,202511,7564546,0206010036,1.0,86.76
SIA,AM,202511,2013568,0211020036,99.0,509.85
SIA,AM,202511,2017016,0206010052,1.0,86.75
SIA,AM,202511,2017016,0206010044,2.0,173.5
SIA,AM,202511,2019418,0206030029,1.0,86.75
SIA,AM,202511,2019604,0211020036,2.0,10.3
SIA,AM,202511,7124821,0206010060,1.0,97.44
SIA,AM,202511,2016923,0211020036,223.0,1148.45
SIA,AM,202511,2017679,0211020036,36.0,185.4
SIA,AM,202511,2013282,0211020036,74.0,381.1
SIA,AM,202512,2019574,0206010044,364.0,31577.0
SIA,AM,202512,2012685,0206010044,11.0,954.25
SIA,AM,202512,2019418,0206010044,15.0,1301.25
SIA,AM,202512,2018926,0208010025,115.0,46979.8
SIA,AM,202512,2013649,0206010044,32.0,2776.0
SIA,AM,202512,2018098,0206010044,4.0,347.0
SIA,AM,202512,5169976,0206010044,53.0,4597.75
SIA,AM,202512,2012677,0206010044,26.0,2255.5
SIA,AM,202512,2017997,0211020036,19.0,97.85
SIA,AM,202512,7124821,0206010028,15.0,1516.5
SIA,AM,202512,2013649,0206010028,100.0,10110.0
SIA,AM,202512,3998940,0211020036,80.0,412.0
SIA,AM,202512,2019574,0206010028,160.0,16176.0
SIA,AM,202512,3210243,0206030010,197.0,27310.11
SIA,AM,202512,2016141,0206030010,32.0,4436.16
SIA,AM,202512,2013258,0211020036,286.0,1472.9
SIA,AM,202512,2016648,0211020036,17.0,87.55
SIA,AM,202512,2016141,0206020031,50.0,6820.5
SIA,AM,202512,5169976,0206010028,65.0,6571.5
SIA,AM,202512,7564546,0206010028,6.0,606.6
SIA,AM,202512,2017644,0206010028,13.0,1314.3
SIA,AM,202512,2016141,0206010044,8.0,694.0
SIA,AM,202512,2012677,0206010028,13.0,1314.3
SIA,AM,202512,2018403,0206010044,6.0,520.5
SIA,AM,202512,2017644,0206010044,8.0,694.0
SIA,AM,202512,0796360,0211020036,123.0,633.45
SIA,AM,202512,2019418,0206010028,16.0,1617.6
SIA,AM,202512,2012030,0206010044,28.0,2429.0
SIA,AM,202512,9074473,0206010028,4.0,404.4
SIA,AM,202512,2016141,0206030037,23.0,3188.49
SIA,AM,202512,2012804,0211020036,5.0,25.75
SIA,AM,202512,3210243,0206010036,8.0,694.08
SIA,AM,202512,2018098,0206010028,2.0,202.2
SIA,AM,202512,2708906,0211020036,58.0,298.7
SIA,AM,202512,2013649,0206030037,1825.0,252999.75
SIA,AM,202512,5169976,0206030037,101.0,14001.63
SIA,AM,202512,7334583,0208010025,75.0,30639.0
SIA,AM,202512,3210243,0206030037,205.0,28419.15
SIA,AM,202512,5169976,0206010079,631.0,61484.64
SIA,AM,202512,5169976,0206030010,1046.0,145006.98
SIA,AM,202512,3368599,0211020036,36.0,185.4
SIA,AM,202512,2012677,0206030037,303.0,42004.89
SIA,AM,202512,2016443,0211020036,26.0,133.9
SIA,AM,202512,9074473,0206030037,72.0,9981.36
SIA,AM,202512,7564546,0206010044,65.0,5638.75
SIA,AM,202512,7124821,0206030037,85.0,11783.55
SIA,AM,202512,2017016,0206010079,29.0,2825.76
SIA,AM,202512,2019574,0206030037,128.0,17744.64
SIA,AM,202512,2017016,0206010028,24.0,2426.4
SIA,AM,202512,2018403,0206030037,133.0,18437.79
SIA,AM,202512,2018403,0206010052,5.0,433.75
SIA,AM,202512,7564546,0206030037,135.0,18715.05
SIA,AM,202512,2019418,0206030037,132.0,18299.16
SIA,AM,202512,2012677,0206030010,409.0,56699.67
SIA,AM,202512,2012677,0206010079,64.0,6236.16
SIA,AM,202512,2018098,0206030010,81.0,11229.03
SIA,AM,202512,7334583,0208010033,76.0,29113.32
SIA,AM,202512,2018403,0206030010,125.0,17328.75
SIA,AM,202512,2018926,0208010033,114.0,43669.98
SIA,AM,202512,2017644,0206030037,30.0,4158.9
SIA,AM,202512,2016141,0206010028,17.0,1718.7
SIA,AM,202512,2017644,0206030010,33.0,4574.79
SIA,AM,202512,2017644,0206010079,13.0,1266.72
SIA,AM,202512,2019418,0206010079,51.0,4969.44
SIA,AM,202512,2017016,0206030010,21.0,2911.23
SIA,AM,202512,7124821,0206010044,30.0,2602.5
SIA,AM,202512,2012383,0211020036,49.0,252.35
SIA,AM,202512,2012030,0206030037,31.0,4297.53
SIA,AM,202512,5169976,0206030029,107.0,9282.25
SIA,AM,202512,2012030,0206010079,369.0,35955.36
SIA,AM,202512,2012030,0206030010,72.0,9981.36
SIA,AM,202512,2013649,0206030010,3927.0,544400.01
SIA,AM,202512,2013649,0206010079,769.0,74931.36
SIA,AM,202512,2012685,0206030010,14.0,1940.82
SIA,AM,202512,2019574,0206030010,753.0,104388.39
SIA,AM,202512,2019574,0206030029,48.0,4164.0
SIA,AM,202512,2019574,0206010036,86.0,7461.36
SIA,AM,202512,2019574,0206010079,2113.0,205890.72
SIA,AM,202512,2019418,0206030010,138.0,19130.94
SIA,AM,202512,2017768,0211020036,35.0,180.25
SIA,AM,202512,5169976,0206020015,42.0,3643.5
SIA,AM,202512,2018098,0206030037,69.0,9565.47
SIA,AM,202512,2012677,0206010052,59.0,5118.25
SIA,AM,202512,3400557,0211020060,59.0,1770.0
SIA,AM,202512,2016656,0211020036,12.0,61.8
SIA,AM,202512,9074473,0211020060,26.0,780.0
SIA,AM,202512,7564546,0206010052,6.0,520.5
SIA,AM,202512,2018403,0206010079,46.0,4482.24
SIA,AM,202512,7564546,0211020060,78.0,2340.0
SIA,AM,202512,3210243,0206010028,39.0,3942.9
SIA,AM,202512,2016435,0211020036,93.0,478.95
SIA,AM,202512,2018403,0211020060,31.0,930.0
SIA,AM,202512,2012030,0206020031,24.0,3273.84
SIA,AM,202512,2012758,0211020036,148.0,762.2
SIA,AM,202512,2012677,0206020031,491.0,66977.31
SIA,AM,202512,3500179,0211020036,432.0,2224.8
SIA,AM,202512,2018756,0211020036,197.0,1014.55
SIA,AM,202512,3027163,0211020036,148.0,762.2
SIA,AM,202512,2014610,0211020036,48.0,247.2
SIA,AM,202512,2019574,0206020031,934.0,127406.94
SIA,AM,202512,2012766,0211020036,323.0,1663.45
SIA,AM,202512,2017644,0211020036,271.0,1395.65
SIA,AM,202512,2018098,0206020031,34.0,4637.94
SIA,AM,202512,3210243,0206010044,21.0,1821.75
SIA,AM,202512,7564546,0206020031,99.0,13504.59
SIA,AM,202512,5169976,0206020031,856.0,116766.96
SIA,AM,202512,2018748,0211020036,115.0,592.25
SIA,AM,202512,5169976,0211020036,1205.0,6205.75
SIA,AM,202512,2019418,0206020031,91.0,12413.31
SIA,AM,202512,2013649,0206020031,1040.0,141866.4
SIA,AM,202512,2013916,0211020036,220.0,1133.0
SIA,AM,202512,5084458,0211020036,374.0,1926.1
SIA,AM,202512,2019566,0211020036,170.0,875.5
SIA,AM,202512,2013649,0206010052,28.0,2429.0
SIA,AM,202512,2016974,0211020036,583.0,556.2
SIA,AM,202512,3039285,0211020036,140.0,721.0
SIA,AM,202512,2019574,0211020036,971.0,5000.65
SIA,AM,202512,7124821,0206020031,64.0,8730.24
SIA,AM,202512,5169976,0206010052,8.0,694.0
SIA,AM,202512,3210243,0206020031,128.0,17460.48
SIA,AM,202512,2018403,0211020036,566.0,2914.9
SIA,AM,202512,2017873,0211020036,264.0,1359.6
SIA,AM,202512,5222710,0211020036,283.0,1457.45
SIA,AM,202512,2012677,0211020036,116.0,597.4
SIA,AM,202512,2016141,0206010079,81.0,7892.64
SIA,AM,202512,3090825,0211020036,6.0,30.9
SIA,AM,202512,2012685,0211020036,707.0,2435.95
SIA,AM,202512,9634738,0211020036,251.0,1292.65
SIA,AM,202512,2012685,0206020031,11.0,1500.51
SIA,AM,202512,9074473,0206020031,15.0,2046.15
SIA,AM,202512,3400557,0206030037,2.0,277.26
SIA,AM,202512,3210243,0206010052,11.0,954.25
SIA,AM,202512,2011832,0211020036,158.0,813.7
SIA,AM,202512,2013649,0206020015,50.0,4337.5
SIA,AM,202512,2017555,0211020036,147.0,757.05
SIA,AM,202512,2017016,0206010010,6.0,520.56
SIA,AM,202512,2017644,0206020031,37.0,5047.17
SIA,AM,202512,4925645,0211020036,77.0,396.55
SIA,AM,202512,2017687,0211020036,47.0,242.05
SIA,AM,202512,2019574,0206010052,51.0,4424.25
SIA,AM,202512,2018403,0206020031,135.0,18415.35
SIA,AM,202512,9157174,0211020036,550.0,2832.5
SIA,AM,202512,2018098,0206010079,13.0,1266.72
SIA,AM,202512,2017016,0206010044,5.0,433.75
SIA,AM,202512,7564546,0211020036,2250.0,11587.5
SIA,AM,202512,2013649,0206030029,41.0,3556.75
SIA,AM,202512,2013649,0206010036,31.0,2689.56
SIA,AM,202512,0200905,0211020036,53.0,378.95
SIA,AM,202512,7459750,0211020036,22.0,113.3
SIA,AM,202512,2019574,0206020015,57.0,4944.75
SIA,AM,202512,0928615,0211020036,39.0,200.85
SIA,AM,202512,3210243,0206010079,180.0,17539.2
SIA,AM,202512,2012685,0206030037,6.0,831.78
SIA,AM,202512,2011875,0211020036,23.0,118.45
SIA,AM,202512,2012030,0206020015,1.0,86.75
SIA,AM,202512,9074473,0206010044,5.0,433.75
SIA,AM,202512,3210243,0206010010,14.0,1214.64
SIA,AM,202512,5169976,0206010036,26.0,2255.76
SIA,AM,202512,7124821,0206010052,3.0,260.25
SIA,AM,202512,2016249,0211020036,61.0,314.15
SIA,AM,202512,2019418,0206010036,6.0,520.56
SIA,AM,202512,2016141,0206010087,3.0,415.89
SIA,AM,202512,2018071,0206010079,1.0,97.44
SIA,AM,202512,2017016,0211020036,2024.0,10423.6
SIA,AM,202512,2013614,0211020036,65.0,334.75
SIA,AM,202512,2018136,0211020036,2.0,10.3
SIA,AM,202512,2019418,0206010052,3.0,260.25
SIA,AM,202512,2012030,0206010028,4.0,404.4
SIA,AM,202512,2016893,0211020036,245.0,1261.75
SIA,AM,202512,2013649,0211020036,1100.0,5665.0
SIA,AM,202512,7618816,0211020036,223.0,901.25
SIA,AM,202512,2017679,0211020036,33.0,169.95
SIA,AM,202512,2013045,0211020036,207.0,1066.05
SIA,AM,202512,2018071,0211020036,1.0,5.15
SIA,AM,202512,2013649,0206010010,67.0,5812.92
SIA,AM,202512,2013649,0206020023,95.0,8241.25
SIA,AM,202512,2019574,0206010010,259.0,22470.84
SIA,AM,202512,2012685,0206020015,2.0,173.5
SIA,AM,202512,2017644,0206020023,1.0,86.75
SIA,AM,202512,9944648,0211020036,215.0,180.25
SIA,AM,202512,9944648,0902010026,93.0,18600.0
SIA,AM,202512,5169976,0206010010,51.0,4424.76
SIA,AM,202512,9944648,0902010018,87.0,11310.0
SIA,AM,202512,2016141,0206010010,7.0,607.32
SIA,AM,202512,2017016,0206020031,20.0,2728.2
SIA,AM,202512,7564546,0206010079,27.0,2630.88
SIA,AM,202512,7564546,0206030010,157.0,21764.91
SIA,AM,202512,7124821,0206010010,3.0,260.28
SIA,AM,202512,7124821,0206030010,92.0,12753.96
SIA,AM,202512,2013282,0211020036,58.0,298.7
SIA,AM,202512,2011891,0211020036,55.0,283.25
SIA,AM,202512,7124821,0206010079,91.0,8867.04
SIA,AM,202512,2017016,0206030037,22.0,3049.86
SIA,AM,202512,7124821,0206030029,1.0,86.75
SIA,AM,202512,9074473,0206010079,21.0,2046.24
SIA,AM,202512,9074473,0206030010,74.0,10258.62
SIA,AM,202512,2019574,0205010016,2.0,330.0
SIA,AM,202512,2012685,0206010079,3.0,292.32
SIA,AM,202512,2012030,0206030029,1.0,86.75
SIA,AM,202512,7564546,0206010036,1.0,86.76
SIA,AM,202512,5169976,0206020023,8.0,694.0
SIA,AM,202512,2018098,0206020023,2.0,173.5
SIA,AM,202512,2017644,0206010010,2.0,173.52
SIA,AM,202512,2019604,0211020036,3.0,15.45
SIA,AM,202512,2019418,0206010010,7.0,607.32
SIA,AM,202512,2012685,0902010018,234.0,30420.0
SIA,AM,202512,2018071,0206030037,1.0,138.63
SIA,AM,202512,2018403,0206020023,4.0,347.0
SIA,AM,202512,2012677,0206010036,8.0,694.08
SIA,AM,202512,7124821,0206010036,3.0,260.28
SIA,AM,202512,2018403,0211020010,118.0,86144.72
SIA,AM,202512,9074473,0206010010,1.0,86.76
SIA,AM,202512,2016974,0902010026,475.0,95000.0
SIA,AM,202512,3210243,0206020023,4.0,347.0
SIA,AM,202512,2017644,0206010036,2.0,173.52
SIA,AM,202512,2012030,0206010010,5.0,433.8
SIA,AM,202512,2012677,0206020015,3.0,260.25
SIA,AM,202512,2017644,0206030029,4.0,347.0
SIA,AM,202512,2016141,0206020023,4.0,347.0
SIA,AM,202512,2018098,0206020015,1.0,86.75
SIA,AM,202512,2019418,0206030029,1.0,86.75
SIA,AM,202512,2018403,0206030029,3.0,260.25
SIA,AM,202512,2012030,0206010036,2.0,173.52
SIA,AM,202512,7564546,0206030029,3.0,260.25
SIA,AM,202512,2018098,0206010052,1.0,86.75
SIA,AM,202512,2018098,0206010010,2.0,173.52
SIA,AM,202512,2012030,0206010052,1.0,86.75
SIA,AM,202512,2012677,0206010010,7.0,607.32
SIA,AM,202512,7564546,0206020023,4.0,347.0
SIA,AM,202512,2013320,0211020036,13.0,66.95
SIA,AM,202512,6915221,0211020036,124.0,638.6
SIA,AM,202512,2017644,0206010052,3.0,260.25
SIA,AM,202512,2717379,0211020036,36.0,185.4
SIA,AM,202512,2012677,0206020023,3.0,260.25
SIA,AM,202512,9074473,0206010052,1.0,86.75
SIA,AM,202512,2013568,0211020036,99.0,509.85
SIA,AM,202512,7564546,0206010010,5.0,433.8
SIA,AM,202512,2012022,0211020036,55.0,283.25
SIA,AM,202512,2019418,0206020015,1.0,86.75
SIA,AM,202512,9500146,0211020036,16.0,82.4
SIA,AM,202512,2717395,0211020036,26.0,133.9
SIA,AM,202512,2019574,0206020023,2.0,173.5
SIA,AM,202512,4004787,0211020036,16.0,82.4
SIA,AM,202512,2016605,0211020036,23.0,118.45
SIA,AM,202512,2016141,0211020036,7.0,36.05
SIA,AM,202512,7458606,0211020036,726.0,3738.9
SIA,AM,202512,2015455,0211020036,1.0,5.15
SIA,AM,202512,6627595,0211020036,878.0,4521.7
SIA,AM,202512,2012030,0206020023,1.0,86.75
SIA,AM,202512,2016419,0211020036,30.0,154.5
SIA,AM,202512,2012685,0206010028,1.0,101.1
SIA,AM,202512,2013606,0211020036,72.0,370.8
SIA,AM,202512,2017016,0206010036,3.0,260.28
SIA,AM,202512,2014688,0211020036,199.0,870.35
SIA,AM,202512,9074473,0206010036,1.0,86.76
SIA,AM,202512,9074473,0206020015,1.0,86.75
SIA,AM,202512,2012685,0206030029,1.0,86.75
SIA,AM,202512,3400557,0206030010,2.0,277.26
SIA,AM,202512,2018071,0206030010,1.0,138.63
SIA,AM,202512,7564546,0206020015,1.0,86.75
SIA,AM,202512,2708914,0211020036,12.0,61.8
SIA,AM,202512,2012499,0211020036,75.0,386.25
SIA,AM,202512,0278343,0211020036,39.0,200.85
SIA,AM,202512,2708892,0211020036,42.0,216.3
SIA,AM,202512,2018098,0206010036,1.0,86.76
SIA,AM,202512,3210243,0211020036,786.0,4047.9
SIA,AM,202512,2012677,0206030029,1.0,86.75
SIA,AM,202512,7749112,0902010026,10.0,2000.0
SIA,AM,202512,7749112,0211020036,10.0,0.0
SIA,AM,202512,2014688,0902010026,30.0,6000.0
SIA,AM,202512,7618816,0902010018,22.0,2860.0
SIA,AM,202512,7618816,0902010026,26.0,5200.0
SIA,AM,202512,3400557,0206030029,1.0,86.75
SIA,AM,202512,2017016,0206020023,1.0,86.75
SIA,AM,202512,2016923,0211020036,212.0,1091.8
SIA,AP,202501,0505692,0206030037,28.0,3881.64
SIA,AP,202501,0505692,0206010036,24.0,2082.24
SIA,AP,202501,0505692,0206010028,30.0,3033.0
SIA,AP,202501,0505692,0206010044,18.0,1561.5
SIA,AP,202501,0505692,0206010079,32.0,3118.08
SIA,AP,202501,0505692,0206010010,24.0,2082.24
SIA,AP,202501,0505692,0206030010,23.0,3188.49
SIA,AP,202501,0505692,0206020023,4.0,347.0
SIA,AP,202501,0505692,0206020031,13.0,1773.33
SIA,AP,202501,0505692,0206020015,3.0,260.25
SIA,AP,202501,0505692,0206030029,13.0,1127.75
SIA,AP,202501,2020890,0206020031,11.0,1500.51
SIA,AP,202501,2020890,0206010079,3.0,292.32
SIA,AP,202501,2020890,0206030010,8.0,1109.04
SIA,AP,202501,2020890,0206030037,7.0,970.41
SIA,AP,202501,0972703,0206030010,172.0,23844.36
SIA,AP,202501,9725911,0206010010,41.0,3557.16
SIA,AP,202501,0972703,0206030037,164.0,22735.32
SIA,AP,202501,0972703,0206020031,112.0,15277.92
SIA,AP,202501,9725911,0206010079,90.0,8769.6
SIA,AP,202501,9725911,0206010028,105.0,10615.5
SIA,AP,202501,9725911,0206020031,31.0,4228.71
SIA,AP,202501,0972703,0206010079,68.0,6625.92
SIA,AP,202501,0972703,0206010052,17.0,1474.75
SIA,AP,202501,0972703,0211020060,13.0,390.0
SIA,AP,202501,0972703,0206010028,9.0,909.9
SIA,AP,202501,9725911,0206030010,53.0,7347.39
SIA,AP,202501,9725911,0206030037,56.0,7763.28
SIA,AP,202501,9725911,0206010036,46.0,3990.96
SIA,AP,202501,9725911,0206020023,7.0,607.25
SIA,AP,202501,9725911,0206020015,12.0,1041.0
SIA,AP,202501,9725911,0206030029,34.0,2949.5
SIA,AP,202501,9725911,0206010044,8.0,694.0
SIA,AP,202501,0972703,0206010010,8.0,694.08
SIA,AP,202501,0972703,0206020015,2.0,173.5
SIA,AP,202501,0972703,0206030029,10.0,867.5
SIA,AP,202501,0470449,0206020023,32.0,2776.0
SIA,AP,202501,0470449,0206030010,214.0,29666.82
SIA,AP,202501,0470449,0206010028,349.0,35283.9
SIA,AP,202501,0470449,0206010079,310.0,30206.4
SIA,AP,202501,0470449,0206030029,56.0,4858.0
SIA,AP,202501,0972703,0206020023,2.0,173.5
SIA,AP,202501,0470449,0206020031,193.0,26327.13
SIA,AP,202501,0470449,0206010036,78.0,6767.28
SIA,AP,202501,0470449,0206030037,102.0,14140.26
SIA,AP,202501,9725911,0206010052,1.0,86.75
SIA,AP,202501,0470449,0206010010,87.0,7548.12
SIA,AP,202501,0470449,0206010044,53.0,4597.75
SIA,AP,202501,0470449,0206020015,26.0,2255.5
SIA,AP,202501,0972703,0206010044,2.0,173.5
SIA,AP,202501,9840591,0206030010,13.0,1802.19
SIA,AP,202501,9840591,0206010028,22.0,2224.2
SIA,AP,202501,9840591,0206010079,25.0,2436.0
SIA,AP,202501,9840591,0206010010,2.0,173.52
SIA,AP,202501,9840591,0206020031,12.0,1636.92
SIA,AP,202501,9840591,0206030037,2.0,277.26
SIA,AP,202501,0470449,0206010052,5.0,433.75
SIA,AP,202501,9840591,0206010036,2.0,173.52
SIA,AP,202501,0972703,0206010060,2.0,194.88
SIA,AP,202501,2020890,0211020010,138.0,100745.52
SIA,AP,202501,7433921,0211020036,20.0,103.0
SIA,AP,202501,2906635,0211020036,3.0,15.45
SIA,AP,202501,2020076,0211020036,237.0,1220.55
SIA,AP,202501,0470449,0206010060,2.0,194.88
SIA,AP,202501,9840591,0206020015,3.0,260.25
SIA,AP,202501,9840591,0206010044,2.0,173.5
SIA,AP,202501,4095170,0211020036,10.0,51.5
SIA,AP,202501,0972703,0206010036,2.0,173.52
SIA,AP,202501,2021064,0206030010,75.0,10397.25
SIA,AP,202501,2021064,0206030037,91.0,12615.33
SIA,AP,202501,2021064,0206020031,91.0,12413.31
SIA,AP,202501,2021064,0206010028,30.0,3033.0
SIA,AP,202501,2021064,0206010079,168.0,16369.92
SIA,AP,202501,2021064,0206010010,16.0,1388.16
SIA,AP,202501,2021064,0206010036,17.0,1474.92
SIA,AP,202501,2021064,0206030029,10.0,867.5
SIA,AP,202501,4760867,0211020060,8.0,240.0
SIA,AP,202501,2021064,0206020015,6.0,520.5
SIA,AP,202501,2021064,0206010044,9.0,780.75
SIA,AP,202501,7709196,0211020036,60.0,309.0
SIA,AP,202501,2021765,0206010079,87.0,8477.28
SIA,AP,202501,2021765,0206030029,72.0,6246.0
SIA,AP,202501,2021765,0206010010,90.0,7808.4
SIA,AP,202501,2021765,0206010028,147.0,14861.7
SIA,AP,202501,2021765,0206030037,132.0,18299.16
SIA,AP,202501,9140344,0206030010,98.0,13585.74
SIA,AP,202501,9140344,0206010052,8.0,694.0
SIA,AP,202501,2020599,0211020036,140.0,721.0
SIA,AP,202501,2021765,0206030010,115.0,15942.45
SIA,AP,202501,9140344,0206010079,99.0,9646.56
SIA,AP,202501,2021765,0206010036,86.0,7461.36
SIA,AP,202501,2021765,0206020031,115.0,15687.15
SIA,AP,202501,2021765,0206010044,19.0,1648.25
SIA,AP,202501,0470449,0211020036,190.0,978.5
SIA,AP,202501,2019728,0211020036,3.0,15.45
SIA,AP,202501,2019663,0211020036,5.0,25.75
SIA,AP,202501,9140344,0206030037,100.0,13863.0
SIA,AP,202501,9140344,0206020031,95.0,12958.95
SIA,AP,202501,2021765,0206010060,7.0,682.08
SIA,AP,202501,2021765,0206010052,5.0,433.75
SIA,AP,202501,9140344,0206010010,4.0,347.04
SIA,AP,202501,2021765,0206020015,15.0,1301.25
SIA,AP,202501,9140344,0206010044,4.0,347.0
SIA,AP,202501,9140344,0206010036,3.0,260.28
SIA,AP,202501,2021218,0211020036,20.0,103.0
SIA,AP,202501,6585604,0211020036,245.0,1261.75
SIA,AP,202501,2019647,0211020036,30.0,154.5
SIA,AP,202501,4142098,0211020036,645.0,3321.75
SIA,AP,202501,9840591,0206030029,2.0,173.5
SIA,AP,202501,9550291,0211020036,229.0,1179.35
SIA,AP,202501,9140344,0206010028,3.0,303.3
SIA,AP,202501,2021765,0206020023,3.0,260.25
SIA,AP,202501,2020890,0206010052,1.0,86.75
SIA,AP,202501,2021196,0211020036,62.0,319.3
SIA,AP,202501,2020963,0211020036,29.0,149.35
SIA,AP,202501,0505692,0206010052,1.0,86.75
SIA,AP,202501,9421955,0211020036,209.0,1076.35
SIA,AP,202501,0505692,0206010060,1.0,97.44
SIA,AP,202501,9140344,0206020023,1.0,86.75
SIA,AP,202501,9140344,0206030029,1.0,86.75
SIA,AP,202502,2020653,0206010079,527.0,51350.88
SIA,AP,202502,2020653,0206020031,284.0,38740.44
SIA,AP,202502,2019647,0211020036,32.0,164.8
SIA,AP,202502,0470449,0206030029,77.0,6679.75
SIA,AP,202502,2021765,0206010028,87.0,8795.7
SIA,AP,202502,4760867,0211020060,13.0,390.0
SIA,AP,202502,9140344,0206010028,12.0,1213.2
SIA,AP,202502,2021064,0206010028,27.0,2729.7
SIA,AP,202502,9725911,0206030037,65.0,9010.95
SIA,AP,202502,0505692,0206020015,6.0,520.5
SIA,AP,202502,2021765,0206020015,7.0,607.25
SIA,AP,202502,9725911,0206010044,9.0,780.75
SIA,AP,202502,9140344,0206020015,5.0,433.75
SIA,AP,202502,0505692,0206010028,16.0,1617.6
SIA,AP,202502,2020963,0211020036,25.0,128.75
SIA,AP,202502,2021064,0206020015,8.0,694.0
SIA,AP,202502,0505692,0206030029,13.0,1127.75
SIA,AP,202502,2021064,0206030029,9.0,780.75
SIA,AP,202502,0470449,0206020031,298.0,40650.18
SIA,AP,202502,9725911,0206030029,29.0,2515.75
SIA,AP,202502,0470449,0206010044,60.0,5205.0
SIA,AP,202502,2021765,0206030029,53.0,4597.75
SIA,AP,202502,2021064,0211020036,387.0,1993.05
SIA,AP,202502,9140344,0206030029,4.0,347.0
SIA,AP,202502,2020653,0206010010,50.0,4338.0
SIA,AP,202502,9725911,0206010036,40.0,3470.4
SIA,AP,202502,2021765,0206010052,4.0,347.0
SIA,AP,202502,9840591,0206020031,14.0,1909.74
SIA,AP,202502,7709196,0211020036,75.0,386.25
SIA,AP,202502,2021218,0211020036,11.0,56.65
SIA,AP,202502,2019663,0211020036,8.0,41.2
SIA,AP,202502,9550291,0211020036,230.0,1184.5
SIA,AP,202502,2021064,0206010052,3.0,260.25
SIA,AP,202502,0470449,0206010028,475.0,48022.5
SIA,AP,202502,2020890,0206030037,13.0,1802.19
SIA,AP,202502,0505692,0206030037,11.0,1524.93
SIA,AP,202502,2021765,0206030037,180.0,24953.4
SIA,AP,202502,2021064,0206030037,92.0,12753.96
SIA,AP,202502,9140344,0206030037,144.0,19962.72
SIA,AP,202502,9840591,0206030010,12.0,1663.56
SIA,AP,202502,0972703,0211020060,6.0,180.0
SIA,AP,202502,3432076,0211020036,101.0,520.15
SIA,AP,202502,0972703,0206030037,7.0,970.41
SIA,AP,202502,9140344,0206010052,9.0,780.75
SIA,AP,202502,9725911,0206010052,3.0,260.25
SIA,AP,202502,2020890,0206010052,1.0,86.75
SIA,AP,202502,0972703,0206030029,1.0,86.75
SIA,AP,202502,7433921,0211020036,31.0,159.65
SIA,AP,202502,0470449,0206010060,2.0,194.88
SIA,AP,202502,0470449,0206020015,35.0,3036.25
SIA,AP,202502,0470449,0206030037,134.0,18576.42
SIA,AP,202502,9725911,0206010079,77.0,7502.88
SIA,AP,202502,0470449,0206010052,15.0,1301.25
SIA,AP,202502,9725911,0206030010,51.0,7070.13
SIA,AP,202502,2020653,0206010044,71.0,6159.25
SIA,AP,202502,9725911,0206020031,36.0,4910.76
SIA,AP,202502,0470449,0206010010,139.0,12059.64
SIA,AP,202502,9725911,0206020023,4.0,347.0
SIA,AP,202502,2020653,0206010036,24.0,2082.24
SIA,AP,202502,9725911,0206020015,16.0,1388.0
SIA,AP,202502,9725911,0206010010,35.0,3036.6
SIA,AP,202502,0470449,0206030010,315.0,43668.45
SIA,AP,202502,0470449,0206020023,55.0,4771.25
SIA,AP,202502,0470449,0206010036,145.0,12580.2
SIA,AP,202502,2020653,0206010052,11.0,954.25
SIA,AP,202502,2021765,0206010079,29.0,2825.76
SIA,AP,202502,0505692,0206010079,9.0,876.96
SIA,AP,202502,2020653,0206010028,95.0,9604.5
SIA,AP,202502,0470449,0211020060,113.0,3390.0
SIA,AP,202502,9140344,0206010079,129.0,12569.76
SIA,AP,202502,2020890,0206010079,5.0,487.2
SIA,AP,202502,2021064,0206010079,130.0,12667.2
SIA,AP,202502,2021064,0206030010,75.0,10397.25
SIA,AP,202502,2021765,0206030010,170.0,23567.1
SIA,AP,202502,9140344,0206030010,141.0,19546.83
SIA,AP,202502,2020653,0206030029,13.0,1127.75
SIA,AP,202502,2020890,0206030010,15.0,2079.45
SIA,AP,202502,0972703,0206030010,9.0,1247.67
SIA,AP,202502,2020653,0206030010,410.0,56838.3
SIA,AP,202502,9725911,0206010028,98.0,9907.8
SIA,AP,202502,2021064,0206020031,79.0,10776.39
SIA,AP,202502,2021765,0206010060,14.0,1364.16
SIA,AP,202502,2021765,0206010044,23.0,1995.25
SIA,AP,202502,9840591,0206010028,24.0,2426.4
SIA,AP,202502,0972703,0206010079,7.0,682.08
SIA,AP,202502,2021765,0206020023,1.0,86.75
SIA,AP,202502,0505692,0206010036,14.0,1214.64
SIA,AP,202502,9840591,0206020015,2.0,173.5
SIA,AP,202502,2021765,0206010036,73.0,6333.48
SIA,AP,202502,9840591,0206030029,13.0,1127.75
SIA,AP,202502,2021765,0206010010,80.0,6940.8
SIA,AP,202502,0505692,0206010044,8.0,694.0
SIA,AP,202502,2021765,0206020031,72.0,9821.52
SIA,AP,202502,9840591,0206010036,2.0,173.52
SIA,AP,202502,3432076,0211020060,5.0,150.0
SIA,AP,202502,9840591,0206030037,6.0,831.78
SIA,AP,202502,9140344,0206010010,8.0,694.08
SIA,AP,202502,9140344,0206020031,111.0,15141.51
SIA,AP,202502,2021064,0206010036,13.0,1127.88
SIA,AP,202502,2020890,0206020031,18.0,2455.38
SIA,AP,202502,2021064,0206010044,7.0,607.25
SIA,AP,202502,9140344,0206010044,5.0,433.75
SIA,AP,202502,2021064,0206010010,21.0,1821.96
SIA,AP,202502,0505692,0206010010,14.0,1214.64
SIA,AP,202502,9140344,0206010036,6.0,520.56
SIA,AP,202502,2020653,0206020015,12.0,1041.0
SIA,AP,202502,0505692,0206020031,9.0,1227.69
SIA,AP,202502,0972703,0206020031,6.0,818.46
SIA,AP,202502,9840591,0206010079,18.0,1753.92
SIA,AP,202502,9140344,0206010060,2.0,194.88
SIA,AP,202502,0470449,0206010079,384.0,37416.96
SIA,AP,202502,2020653,0206030037,420.0,58224.6
SIA,AP,202502,9840591,0206010010,3.0,260.28
SIA,AP,202502,0972703,0206010060,1.0,97.44
SIA,AP,202502,0505692,0206030010,7.0,970.41
SIA,AP,202502,9840591,0206010052,1.0,86.75
SIA,AP,202502,4095170,0211020036,15.0,77.25
SIA,AP,202502,9421955,0211020036,192.0,988.8
SIA,AP,202502,4142098,0211020036,679.0,3496.85
SIA,AP,202502,6585604,0211020036,34.0,175.1
SIA,AP,202502,2020599,0211020036,163.0,839.45
SIA,AP,202502,2021196,0211020036,65.0,334.75
SIA,AP,202502,2020890,0211020010,155.0,113156.2
SIA,AP,202503,0470449,0205010016,204.0,33660.0
SIA,AP,202503,0470449,0206030010,273.0,37845.99
SIA,AP,202503,0470449,0206020031,246.0,33556.86
SIA,AP,202503,2020890,0206030037,13.0,1802.19
SIA,AP,202503,0470449,0206010079,359.0,34980.96
SIA,AP,202503,0470449,0206010036,114.0,9890.64
SIA,AP,202503,0470449,0206020023,46.0,3990.5
SIA,AP,202503,0470449,0206010028,355.0,35890.5
SIA,AP,202503,0470449,0206020015,37.0,3209.75
SIA,AP,202503,0470449,0206010010,120.0,10411.2
SIA,AP,202503,0470449,0206030029,56.0,4858.0
SIA,AP,202503,0470449,0206030037,140.0,19408.2
SIA,AP,202503,0470449,0206010044,44.0,3817.0
SIA,AP,202503,0470449,0206010060,2.0,194.88
SIA,AP,202503,0470449,0206010052,17.0,1474.75
SIA,AP,202503,2019728,0211020036,1.0,5.15
SIA,AP,202503,0470449,0211020036,557.0,2868.55
SIA,AP,202503,2020890,0206030010,15.0,2079.45
SIA,AP,202503,2020890,0206020031,15.0,2046.15
SIA,AP,202503,4095170,0211020036,11.0,56.65
SIA,AP,202503,0470449,0211020060,150.0,4500.0
SIA,AP,202503,2020653,0206010079,680.0,66259.2
SIA,AP,202503,2020653,0206030037,572.0,79296.36
SIA,AP,202503,2020653,0206030010,549.0,76107.87
SIA,AP,202503,2020653,0206010052,6.0,520.5
SIA,AP,202503,2020653,0206020031,355.0,48425.55
SIA,AP,202503,2020653,0206010028,110.0,11121.0
SIA,AP,202503,2020653,0206010044,101.0,8761.75
SIA,AP,202503,2020653,0206010036,32.0,2776.32
SIA,AP,202503,2020653,0206010010,75.0,6507.0
SIA,AP,202503,2020653,0206030029,48.0,4164.0
SIA,AP,202503,2020653,0206020015,22.0,1908.5
SIA,AP,202503,2020653,0206010060,2.0,194.88
SIA,AP,202503,2020890,0206010079,6.0,584.64
SIA,AP,202503,0470449,0206010087,1.0,138.63
SIA,AP,202503,0505692,0206010028,14.0,1415.4
SIA,AP,202503,0505692,0206010079,11.0,1071.84
SIA,AP,202503,2021064,0206010028,46.0,4650.6
SIA,AP,202503,2021064,0206010079,164.0,15980.16
SIA,AP,202503,2021064,0206020031,112.0,15277.92
SIA,AP,202503,2021064,0206030010,73.0,10119.99
SIA,AP,202503,2021064,0206030037,88.0,12199.44
SIA,AP,202503,2021064,0206010010,16.0,1388.16
SIA,AP,202503,2021064,0206030029,21.0,1821.75
SIA,AP,202503,2021064,0206010036,16.0,1388.16
SIA,AP,202503,0505692,0206030037,8.0,1109.04
SIA,AP,202503,2021064,0206010044,21.0,1821.75
SIA,AP,202503,2021064,0206020023,1.0,86.75
SIA,AP,202503,9840591,0206010044,2.0,173.5
SIA,AP,202503,9840591,0206010036,3.0,260.28
SIA,AP,202503,9840591,0206030010,19.0,2633.97
SIA,AP,202503,9840591,0206020015,7.0,607.25
SIA,AP,202503,9840591,0206030037,3.0,415.89
SIA,AP,202503,9840591,0206010079,19.0,1851.36
SIA,AP,202503,9840591,0206010028,13.0,1314.3
SIA,AP,202503,9840591,0206020031,8.0,1091.28
SIA,AP,202503,9840591,0206030029,3.0,260.25
SIA,AP,202503,9840591,0206010010,5.0,433.8
SIA,AP,202503,0505692,0206010044,1.0,86.75
SIA,AP,202503,0505692,0206030010,5.0,693.15
SIA,AP,202503,0505692,0206030029,7.0,607.25
SIA,AP,202503,0505692,0206010036,3.0,260.28
SIA,AP,202503,0972703,0211020060,20.0,600.0
SIA,AP,202503,9550291,0211020036,268.0,1380.2
SIA,AP,202503,9725911,0206010010,35.0,3036.6
SIA,AP,202503,9140344,0206030037,192.0,26616.96
SIA,AP,202503,9140344,0206030010,195.0,27032.85
SIA,AP,202503,9140344,0206010079,160.0,15590.4
SIA,AP,202503,9140344,0206020031,177.0,24144.57
SIA,AP,202503,9140344,0206010052,11.0,954.25
SIA,AP,202503,9140344,0206010044,9.0,780.75
SIA,AP,202503,9725911,0206030037,31.0,4297.53
SIA,AP,202503,9725911,0206010079,74.0,7210.56
SIA,AP,202503,9725911,0206030029,32.0,2776.0
SIA,AP,202503,9725911,0206010036,35.0,3036.6
SIA,AP,202503,9725911,0206030010,20.0,2772.6
SIA,AP,202503,9725911,0206010044,8.0,694.0
SIA,AP,202503,9140344,0206020015,3.0,260.25
SIA,AP,202503,9725911,0206020031,51.0,6956.91
SIA,AP,202503,9725911,0206010028,75.0,7582.5
SIA,AP,202503,9140344,0206010028,16.0,1617.6
SIA,AP,202503,9421955,0211020036,191.0,983.65
SIA,AP,202503,9725911,0206020023,4.0,347.0
SIA,AP,202503,9140344,0206010010,8.0,694.08
SIA,AP,202503,9140344,0206010036,10.0,867.6
SIA,AP,202503,2019647,0211020036,36.0,185.4
SIA,AP,202503,2020963,0211020036,11.0,56.65
SIA,AP,202503,9725911,0206020015,8.0,694.0
SIA,AP,202503,9140344,0206030029,4.0,347.0
SIA,AP,202503,9140344,0206020023,3.0,260.25
SIA,AP,202503,2021196,0211020036,71.0,365.65
SIA,AP,202503,3432076,0211020060,24.0,720.0
SIA,AP,202503,2020890,0206010052,1.0,86.75
SIA,AP,202503,3432076,0211020036,194.0,999.1
SIA,AP,202503,2020890,0206010036,1.0,86.76
SIA,AP,202503,2020653,0211020036,793.0,4083.95
SIA,AP,202503,7709196,0211020036,116.0,597.4
SIA,AP,202503,4142098,0211020036,719.0,3702.85
SIA,AP,202503,2020599,0211020036,140.0,721.0
SIA,AP,202503,2021218,0211020036,13.0,66.95
SIA,AP,202503,6585604,0211020036,70.0,360.5
SIA,AP,202503,0972703,0206020031,1.0,136.41
SIA,AP,202503,2020890,0211020010,141.0,102935.64
SIA,AP,202503,2020076,0211020036,294.0,1514.1
SIA,AP,202503,0505692,0206010010,3.0,260.28
SIA,AP,202503,2021064,0206020015,8.0,694.0
SIA,AP,202503,2021064,0206010052,3.0,260.25
SIA,AP,202503,0505692,0206020031,1.0,136.41
SIA,AP,202503,2019663,0211020036,7.0,36.05
SIA,AP,202503,2021064,0211020036,387.0,1993.05
SIA,AP,202504,2020890,0206020031,9.0,1227.69
SIA,AP,202504,9140344,0206020031,67.0,9139.47
SIA,AP,202504,0470449,0206030037,161.0,22319.43
SIA,AP,202504,0470449,0205010016,116.0,19140.0
SIA,AP,202504,0505692,0206010028,42.0,4246.2
SIA,AP,202504,2020653,0206030010,834.0,115617.42
SIA,AP,202504,2020653,0206030029,43.0,3730.25
SIA,AP,202504,9140344,0206010052,14.0,1214.5
SIA,AP,202504,2021064,0206030029,21.0,1821.75
SIA,AP,202504,2020653,0206010060,2.0,194.88
SIA,AP,202504,2021064,0206010036,16.0,1388.16
SIA,AP,202504,2021064,0206030010,73.0,10119.99
SIA,AP,202504,0505692,0206020031,16.0,2182.56
SIA,AP,202504,2020653,0206010036,55.0,4771.8
SIA,AP,202504,2020653,0206020015,46.0,3990.5
SIA,AP,202504,2021196,0211020036,79.0,406.85
SIA,AP,202504,0505692,0206010052,2.0,173.5
SIA,AP,202504,0505692,0206020015,4.0,347.0
SIA,AP,202504,2020890,0206010052,2.0,173.5
SIA,AP,202504,0470449,0206030010,277.0,38400.51
SIA,AP,202504,9725911,0206030010,43.0,5961.09
SIA,AP,202504,9725911,0206010052,4.0,347.0
SIA,AP,202504,9140344,0206010028,7.0,707.7
SIA,AP,202504,2020653,0206020031,630.0,85938.3
SIA,AP,202504,2021064,0206020031,112.0,15277.92
SIA,AP,202504,9725911,0206020015,27.0,2342.25
SIA,AP,202504,2021064,0206010044,21.0,1821.75
SIA,AP,202504,2020653,0206010052,15.0,1301.25
SIA,AP,202504,0470449,0206020023,50.0,4337.5
SIA,AP,202504,0470449,0211020060,152.0,4560.0
SIA,AP,202504,9725911,0206010010,42.0,3643.92
SIA,AP,202504,2020653,0206010079,1152.0,112250.88
SIA,AP,202504,2020653,0206030037,899.0,124628.37
SIA,AP,202504,9725911,0206010079,78.0,7600.32
SIA,AP,202504,2021064,0206030037,88.0,12199.44
SIA,AP,202504,9140344,0206010010,5.0,433.8
SIA,AP,202504,0505692,0206030029,8.0,694.0
SIA,AP,202504,2021064,0206020015,8.0,694.0
SIA,AP,202504,0505692,0206010010,21.0,1821.96
SIA,AP,202504,2020653,0206010044,112.0,9716.0
SIA,AP,202504,2020653,0211020036,1557.0,8018.55
SIA,AP,202504,2020890,0211020010,137.0,100015.48
SIA,AP,202504,2021064,0206010052,3.0,260.25
SIA,AP,202504,0505692,0206010044,6.0,520.5
SIA,AP,202504,9140344,0206010044,9.0,780.75
SIA,AP,202504,2020653,0206010028,199.0,20118.9
SIA,AP,202504,9140344,0206030037,182.0,25230.66
SIA,AP,202504,9725911,0206010036,51.0,4424.76
SIA,AP,202504,0470449,0206030029,103.0,8935.25
SIA,AP,202504,2020890,0206010028,1.0,101.1
SIA,AP,202504,9725911,0206020031,37.0,5047.17
SIA,AP,202504,0470449,0206010010,170.0,14749.2
SIA,AP,202504,0505692,0206030037,28.0,3881.64
SIA,AP,202504,9725911,0206030029,16.0,1388.0
SIA,AP,202504,0470449,0206010044,51.0,4424.25
SIA,AP,202504,2021064,0206010028,46.0,4650.6
SIA,AP,202504,2020890,0206030037,12.0,1663.56
SIA,AP,202504,9725911,0206010044,9.0,780.75
SIA,AP,202504,9725911,0206020023,31.0,2689.25
SIA,AP,202504,0470449,0206010028,478.0,48325.8
SIA,AP,202504,9140344,0206030010,184.0,25507.92
SIA,AP,202504,0470449,0206010079,372.0,36247.68
SIA,AP,202504,0505692,0206010036,18.0,1561.68
SIA,AP,202504,2021064,0206010010,16.0,1388.16
SIA,AP,202504,0505692,0206030010,25.0,3465.75
SIA,AP,202504,9725911,0206030037,48.0,6654.24
SIA,AP,202504,2020653,0206010010,101.0,8762.76
SIA,AP,202504,9140344,0206010036,4.0,347.04
SIA,AP,202504,2020890,0206030010,12.0,1663.56
SIA,AP,202504,2019728,0211020036,12.0,61.8
SIA,AP,202504,9140344,0206020023,1.0,86.75
SIA,AP,202504,2021064,0206020023,1.0,86.75
SIA,AP,202504,2020890,0206010036,1.0,86.76
SIA,AP,202504,0470449,0206010060,2.0,194.88
SIA,AP,202504,2020653,0205010016,1.0,165.0
SIA,AP,202504,9140344,0206010079,106.0,10328.64
SIA,AP,202504,0470449,0206010036,149.0,12927.24
SIA,AP,202504,2021064,0206010079,164.0,15980.16
SIA,AP,202504,0470449,0206020031,263.0,35875.83
SIA,AP,202504,0470449,0206010052,12.0,1041.0
SIA,AP,202504,9725911,0206010028,100.0,10110.0
SIA,AP,202504,0470449,0206020015,35.0,3036.25
SIA,AP,202504,0505692,0206010079,47.0,4579.68
SIA,AP,202504,2020890,0206010079,4.0,389.76
SIA,AP,202504,0470449,0206010087,1.0,138.63
SIA,AP,202504,2021064,0211020036,424.0,2183.6
SIA,AP,202504,7709196,0211020036,78.0,401.7
SIA,AP,202504,2021218,0211020036,17.0,87.55
SIA,AP,202504,3432076,0211020036,88.0,453.2
SIA,AP,202504,9550291,0211020036,238.0,1225.7
SIA,AP,202504,2019647,0211020036,41.0,211.15
SIA,AP,202504,2020076,0211020036,394.0,2029.1
SIA,AP,202504,2020963,0211020036,98.0,504.7
SIA,AP,202504,7433921,0211020036,45.0,231.75
SIA,AP,202504,0505692,0206010060,1.0,97.44
SIA,AP,202504,9140344,0206010060,2.0,194.88
SIA,AP,202504,6585604,0211020036,63.0,324.45
SIA,AP,202504,4095170,0211020036,23.0,118.45
SIA,AP,202504,9421955,0211020036,221.0,1138.15
SIA,AP,202504,3432076,0211020060,7.0,210.0
SIA,AP,202504,0470449,0211020036,298.0,1534.7
SIA,AP,202504,4142098,0211020036,847.0,4362.05
SIA,AP,202504,2020599,0211020036,123.0,633.45
SIA,AP,202505,0470449,0206010028,429.0,43371.9
SIA,AP,202505,0470449,0206030010,273.0,37845.99
SIA,AP,202505,9725911,0206010036,49.0,4251.24
SIA,AP,202505,9840591,0206020031,4.0,545.64
SIA,AP,202505,9840591,0206030010,14.0,1940.82
SIA,AP,202505,9725911,0206030037,62.0,8595.06
SIA,AP,202505,2020653,0206010079,53.0,5164.32
SIA,AP,202505,0972703,0206030037,120.0,16635.6
SIA,AP,202505,2020653,0206030037,32.0,4436.16
SIA,AP,202505,9725911,0206030029,39.0,3383.25
SIA,AP,202505,0972703,0206010079,54.0,5261.76
SIA,AP,202505,0972703,0206030029,5.0,433.75
SIA,AP,202505,2020653,0206030029,15.0,1301.25
SIA,AP,202505,2021064,0206010079,205.0,19975.2
SIA,AP,202505,9725911,0206020031,41.0,5592.81
SIA,AP,202505,9840591,0206010028,17.0,1718.7
SIA,AP,202505,0972703,0206030010,124.0,17190.12
SIA,AP,202505,9840591,0206020015,5.0,433.75
SIA,AP,202505,2020653,0206030010,62.0,8595.06
SIA,AP,202505,2020653,0206010028,9.0,909.9
SIA,AP,202505,9840591,0206010010,1.0,86.76
SIA,AP,202505,0505692,0206010079,11.0,1071.84
SIA,AP,202505,2021064,0206020031,173.0,23598.93
SIA,AP,202505,0470449,0206010036,148.0,12840.48
SIA,AP,202505,0972703,0206020031,100.0,13641.0
SIA,AP,202505,9725911,0206010079,84.0,8184.96
SIA,AP,202505,2020653,0206020031,39.0,5319.99
SIA,AP,202505,0505692,0206030010,9.0,1247.67
SIA,AP,202505,2021064,0206030010,112.0,15526.56
SIA,AP,202505,0470449,0206010044,64.0,5552.0
SIA,AP,202505,9840591,0206010079,9.0,876.96
SIA,AP,202505,2020688,0211020036,2.0,10.3
SIA,AP,202505,0470449,0206030037,180.0,24953.4
SIA,AP,202505,0470449,0206020031,248.0,33829.68
SIA,AP,202505,0470449,0206010010,151.0,13100.76
SIA,AP,202505,9725911,0206020015,21.0,1821.75
SIA,AP,202505,2020890,0206030010,19.0,2633.97
SIA,AP,202505,0505692,0206020031,11.0,1500.51
SIA,AP,202505,2019647,0211020036,33.0,169.95
SIA,AP,202505,2020890,0206030037,17.0,2356.71
SIA,AP,202505,0470449,0206010052,11.0,954.25
SIA,AP,202505,2020653,0211020036,1740.0,8961.0
SIA,AP,202505,2021064,0206030037,135.0,18715.05
SIA,AP,202505,2021064,0206010010,27.0,2342.52
SIA,AP,202505,2021218,0211020036,22.0,113.3
SIA,AP,202505,0505692,0206030037,8.0,1109.04
SIA,AP,202505,9725911,0206010052,2.0,173.5
SIA,AP,202505,2019728,0211020036,5.0,25.75
SIA,AP,202505,2020076,0211020036,239.0,1230.85
SIA,AP,202505,7709196,0211020036,112.0,576.8
SIA,AP,202505,9550291,0211020036,242.0,1246.3
SIA,AP,202505,2019663,0211020036,14.0,72.1
SIA,AP,202505,9840591,0206030029,3.0,260.25
SIA,AP,202505,2020653,0206010010,10.0,867.6
SIA,AP,202505,2021064,0206010028,56.0,5661.6
SIA,AP,202505,0972703,0211020060,62.0,1860.0
SIA,AP,202505,2021064,0206010044,27.0,2342.25
SIA,AP,202505,0505692,0206010028,8.0,808.8
SIA,AP,202505,0972703,0206010028,3.0,303.3
SIA,AP,202505,2021064,0206010036,18.0,1561.68
SIA,AP,202505,0505692,0206010044,1.0,86.75
SIA,AP,202505,0505692,0206010036,4.0,347.04
SIA,AP,202505,0972703,0206010036,2.0,173.52
SIA,AP,202505,0972703,0206010044,2.0,173.5
SIA,AP,202505,9725911,0206030010,48.0,6654.24
SIA,AP,202505,2020653,0206010044,3.0,260.25
SIA,AP,202505,2021064,0206020015,6.0,520.5
SIA,AP,202505,9725911,0206010044,9.0,780.75
SIA,AP,202505,0972703,0206010052,9.0,780.75
SIA,AP,202505,2020653,0206010036,3.0,260.28
SIA,AP,202505,2020653,0206020015,3.0,260.25
SIA,AP,202505,0505692,0206010010,4.0,347.04
SIA,AP,202505,0470449,0206010060,2.0,194.88
SIA,AP,202505,0972703,0206010010,4.0,347.04
SIA,AP,202505,2020890,0206020031,13.0,1773.33
SIA,AP,202505,2020653,0205010016,2.0,330.0
SIA,AP,202505,2021064,0206030029,18.0,1561.5
SIA,AP,202505,2020890,0211020010,149.0,108775.96
SIA,AP,202505,9421955,0211020036,157.0,808.55
SIA,AP,202505,2021196,0211020036,87.0,448.05
SIA,AP,202505,0470449,0211020036,283.0,1457.45
SIA,AP,202505,0470449,0206030029,93.0,8067.75
SIA,AP,202505,0470449,0206010079,380.0,37027.2
SIA,AP,202505,0470449,0206020015,22.0,1908.5
SIA,AP,202505,9725911,0206010010,54.0,4685.04
SIA,AP,202505,9725911,0206020023,6.0,520.5
SIA,AP,202505,9725911,0206010028,99.0,10008.9
SIA,AP,202505,0470449,0205010016,107.0,17655.0
SIA,AP,202505,0470449,0206020023,48.0,4164.0
SIA,AP,202505,9840591,0206030037,4.0,554.52
SIA,AP,202505,2021064,0206010052,2.0,173.5
SIA,AP,202505,2021064,0206010060,1.0,97.44
SIA,AP,202505,9725911,0206010060,1.0,97.44
SIA,AP,202505,0470449,0211020060,134.0,4020.0
SIA,AP,202505,9840591,0206010036,1.0,86.76
SIA,AP,202505,2020890,0206010079,1.0,97.44
SIA,AP,202505,0505692,0206030029,1.0,86.75
SIA,AP,202505,7433921,0211020036,24.0,123.6
SIA,AP,202505,0972703,0206010060,1.0,97.44
SIA,AP,202505,4142098,0211020036,912.0,4696.8
SIA,AP,202505,6585604,0211020036,54.0,278.1
SIA,AP,202505,2020599,0211020036,158.0,813.7
SIA,AP,202505,4095170,0211020036,37.0,190.55
SIA,AP,202505,2020890,0206010052,1.0,86.75
SIA,AP,202505,2020963,0211020036,44.0,226.6
SIA,AP,202505,2020890,0206010060,1.0,97.44
SIA,AP,202506,0470449,0206030037,172.0,23844.36
SIA,AP,202506,2020890,0206030037,16.0,2218.08
SIA,AP,202506,2021765,0206030037,180.0,24953.4
SIA,AP,202506,0470449,0206010044,40.0,3470.0
SIA,AP,202506,0470449,0206010052,7.0,607.25
SIA,AP,202506,9725911,0206010010,58.0,5032.08
SIA,AP,202506,2021765,0206010044,13.0,1127.75
SIA,AP,202506,9725911,0206010036,48.0,4164.48
SIA,AP,202506,2021765,0206010052,4.0,347.0
SIA,AP,202506,2021765,0206010010,35.0,3036.6
SIA,AP,202506,0470449,0206010036,134.0,11625.84
SIA,AP,202506,2021765,0206010028,180.0,18198.0
SIA,AP,202506,0505692,0206010028,2.0,202.2
SIA,AP,202506,9725911,0206030010,48.0,6654.24
SIA,AP,202506,0470449,0206010010,130.0,11278.8
SIA,AP,202506,9725911,0206020015,23.0,1995.25
SIA,AP,202506,0470449,0206030010,296.0,41034.48
SIA,AP,202506,9725911,0206010028,108.0,10918.8
SIA,AP,202506,2021765,0206010079,166.0,16175.04
SIA,AP,202506,9725911,0206010079,71.0,6918.24
SIA,AP,202506,0505692,0206010010,2.0,173.52
SIA,AP,202506,9725911,0206010060,2.0,194.88
SIA,AP,202506,0470449,0206030029,121.0,10496.75
SIA,AP,202506,9840591,0206010079,7.0,682.08
SIA,AP,202506,2021765,0206020015,25.0,2168.75
SIA,AP,202506,0470449,0211020060,227.0,6810.0
SIA,AP,202506,2021765,0206030029,46.0,3990.5
SIA,AP,202506,9725911,0206020031,51.0,6956.91
SIA,AP,202506,9725911,0206030037,57.0,7901.91
SIA,AP,202506,9840591,0206030037,5.0,693.15
SIA,AP,202506,2020653,0205010016,4.0,660.0
SIA,AP,202506,9840591,0206030010,7.0,970.41
SIA,AP,202506,9840591,0206030029,4.0,347.0
SIA,AP,202506,9725911,0206020023,7.0,607.25
SIA,AP,202506,9840591,0206010044,1.0,86.75
SIA,AP,202506,0470449,0206010079,368.0,35857.92
SIA,AP,202506,0470449,0206020015,28.0,2429.0
SIA,AP,202506,0505692,0206010052,1.0,86.75
SIA,AP,202506,4095170,0211020036,18.0,92.7
SIA,AP,202506,9421955,0211020036,239.0,1230.85
SIA,AP,202506,2021196,0211020036,89.0,458.35
SIA,AP,202506,4142098,0211020036,749.0,3857.35
SIA,AP,202506,2020653,0211020036,841.0,4331.15
SIA,AP,202506,6585604,0211020036,150.0,772.5
SIA,AP,202506,2021218,0211020036,21.0,108.15
SIA,AP,202506,7709196,0211020036,82.0,422.3
SIA,AP,202506,0470449,0211020036,250.0,1287.5
SIA,AP,202506,9725911,0206030029,43.0,3730.25
SIA,AP,202506,2021064,0211020036,388.0,1998.2
SIA,AP,202506,9550291,0211020036,203.0,1045.45
SIA,AP,202506,0470449,0206010028,445.0,44989.5
SIA,AP,202506,2021765,0206010036,45.0,3904.2
SIA,AP,202506,2021765,0206020031,180.0,24553.8
SIA,AP,202506,2020890,0206020031,18.0,2455.38
SIA,AP,202506,2021765,0206020023,9.0,780.75
SIA,AP,202506,9725911,0206010044,6.0,520.5
SIA,AP,202506,9840591,0206020031,3.0,409.23
SIA,AP,202506,2020890,0206010079,1.0,97.44
SIA,AP,202506,2021765,0206010060,3.0,292.32
SIA,AP,202506,2020890,0206010036,1.0,86.76
SIA,AP,202506,0470449,0206020031,252.0,34375.32
SIA,AP,202506,2021765,0206030010,169.0,23428.47
SIA,AP,202506,2020890,0206030010,19.0,2633.97
SIA,AP,202506,0470449,0206020023,46.0,3990.5
SIA,AP,202506,0470449,0206010060,5.0,487.2
SIA,AP,202506,2020890,0206010052,3.0,260.25
SIA,AP,202506,9840591,0206010028,9.0,909.9
SIA,AP,202506,2020890,0206010010,1.0,86.76
SIA,AP,202506,9725911,0206010052,4.0,347.0
SIA,AP,202506,2906635,0211020036,2.0,10.3
SIA,AP,202506,0505692,0206030010,2.0,277.26
SIA,AP,202506,2020599,0211020036,4.0,20.6
SIA,AP,202506,9840591,0206020015,2.0,173.5
SIA,AP,202506,0505692,0206030037,2.0,277.26
SIA,AP,202506,2019663,0211020036,14.0,72.1
SIA,AP,202506,2020165,0211020036,10.0,51.5
SIA,AP,202506,2020076,0211020036,222.0,1143.3
SIA,AP,202506,2019728,0211020036,1.0,5.15
SIA,AP,202506,2019647,0211020036,34.0,175.1
SIA,AP,202506,0505692,0206010079,1.0,97.44
SIA,AP,202506,2020890,0211020010,137.0,100015.48
SIA,AP,202506,9840591,0206010010,1.0,86.76
SIA,AP,202506,0505692,0206010036,2.0,173.52
SIA,AP,202506,0505692,0206020031,1.0,136.41
SIA,AP,202506,7433921,0211020036,32.0,164.8
SIA,AP,202506,2020963,0211020036,29.0,149.35
SIA,AP,202507,9725911,0206010028,89.0,8997.9
SIA,AP,202507,2020653,0206010044,168.0,14574.0
SIA,AP,202507,2021765,0206030010,98.0,13585.74
SIA,AP,202507,2020653,0206010079,1481.0,144308.64
SIA,AP,202507,2020653,0206030037,1210.0,167742.3
SIA,AP,202507,2020653,0206030010,1106.0,153324.78
SIA,AP,202507,2020653,0206010010,278.0,24119.28
SIA,AP,202507,2020653,0206010036,77.0,6680.52
SIA,AP,202507,2020653,0206020031,1066.0,145413.06
SIA,AP,202507,2020653,0206010028,266.0,26892.6
SIA,AP,202507,2021765,0206010010,12.0,1041.12
SIA,AP,202507,2021765,0206030037,95.0,13169.85
SIA,AP,202507,2020653,0206020015,54.0,4684.5
SIA,AP,202507,9725911,0206010079,73.0,7113.12
SIA,AP,202507,9725911,0206030010,66.0,9149.58
SIA,AP,202507,9725911,0206030037,64.0,8872.32
SIA,AP,202507,9725911,0206020031,45.0,6138.45
SIA,AP,202507,9725911,0206010010,51.0,4424.76
SIA,AP,202507,2021765,0206010060,3.0,292.32
SIA,AP,202507,2020653,0206030029,64.0,5552.0
SIA,AP,202507,2021765,0206020031,109.0,14868.69
SIA,AP,202507,9725911,0206010036,33.0,2863.08
SIA,AP,202507,2021765,0206010079,45.0,4384.8
SIA,AP,202507,2021765,0206020015,4.0,347.0
SIA,AP,202507,2021765,0206010036,8.0,694.08
SIA,AP,202507,2020653,0206020023,16.0,1388.0
SIA,AP,202507,2020653,0206010052,16.0,1388.0
SIA,AP,202507,9725911,0206030029,36.0,3123.0
SIA,AP,202507,9725911,0206020023,4.0,347.0
SIA,AP,202507,9725911,0206010052,2.0,173.5
SIA,AP,202507,9725911,0206020015,18.0,1561.5
SIA,AP,202507,2021765,0206010028,31.0,3134.1
SIA,AP,202507,2021765,0206030029,4.0,347.0
SIA,AP,202507,2021765,0206010044,3.0,260.25
SIA,AP,202507,9725911,0206010044,5.0,433.75
SIA,AP,202507,2019736,0211020036,440.0,2266.0
SIA,AP,202507,9725911,0206010060,1.0,97.44
SIA,AP,202507,2021765,0206010052,1.0,86.75
SIA,AP,202507,2020645,0206010028,98.0,9907.8
SIA,AP,202507,2020645,0206010010,37.0,3210.12
SIA,AP,202507,2020645,0206010044,46.0,3990.5
SIA,AP,202507,2020645,0206030010,159.0,22042.17
SIA,AP,202507,0972703,0206030010,104.0,14417.52
SIA,AP,202507,0972703,0206020031,87.0,11867.67
SIA,AP,202507,0972703,0206030037,96.0,13308.48
SIA,AP,202507,2020645,0206010079,194.0,18903.36
SIA,AP,202507,2020645,0206020031,167.0,22780.47
SIA,AP,202507,2020645,0206030037,173.0,23982.99
SIA,AP,202507,0505692,0206010079,5.0,487.2
SIA,AP,202507,2020890,0206030010,15.0,2079.45
SIA,AP,202507,0505692,0206010036,3.0,260.28
SIA,AP,202507,0505692,0206010028,3.0,303.3
SIA,AP,202507,0972703,0211020060,21.0,630.0
SIA,AP,202507,2020645,0206030029,40.0,3470.0
SIA,AP,202507,2020645,0206010052,4.0,347.0
SIA,AP,202507,2020645,0206010036,38.0,3296.88
SIA,AP,202507,2020645,0206020015,19.0,1648.25
SIA,AP,202507,0972703,0206010079,56.0,5456.64
SIA,AP,202507,2020890,0206020031,11.0,1500.51
SIA,AP,202507,0972703,0206010052,6.0,520.5
SIA,AP,202507,0972703,0206010036,2.0,173.52
SIA,AP,202507,0505692,0206010010,3.0,260.28
SIA,AP,202507,0972703,0206010044,7.0,607.25
SIA,AP,202507,2020890,0206010079,3.0,292.32
SIA,AP,202507,2020890,0206030037,14.0,1940.82
SIA,AP,202507,2020645,0211020036,186.0,957.9
SIA,AP,202507,4095170,0211020036,15.0,77.25
SIA,AP,202507,2020645,0206020023,3.0,260.25
SIA,AP,202507,0470449,0206010028,522.0,52774.2
SIA,AP,202507,0470449,0206030029,119.0,10323.25
SIA,AP,202507,0470449,0206030010,322.0,44638.86
SIA,AP,202507,0470449,0206020031,242.0,33011.22
SIA,AP,202507,0470449,0206010010,176.0,15269.76
SIA,AP,202507,0470449,0206010079,427.0,41606.88
SIA,AP,202507,0470449,0206020023,62.0,5378.5
SIA,AP,202507,0470449,0206010052,19.0,1648.25
SIA,AP,202507,0470449,0206030037,226.0,31330.38
SIA,AP,202507,0470449,0206010036,168.0,14575.68
SIA,AP,202507,0470449,0206020015,44.0,3817.0
SIA,AP,202507,9550291,0211020036,238.0,1225.7
SIA,AP,202507,0470449,0206010044,75.0,6506.25
SIA,AP,202507,0470449,0206010060,4.0,389.76
SIA,AP,202507,2020165,0211020036,7.0,36.05
SIA,AP,202507,6585604,0211020036,113.0,581.95
SIA,AP,202507,2020653,0211020036,849.0,4372.35
SIA,AP,202507,2021218,0211020036,9.0,46.35
SIA,AP,202507,2021463,0211020036,45.0,231.75
SIA,AP,202507,2020599,0211020036,161.0,829.15
SIA,AP,202507,2019647,0211020036,37.0,190.55
SIA,AP,202507,9140344,0206010028,10.0,1011.0
SIA,AP,202507,9140344,0206030010,283.0,39232.29
SIA,AP,202507,9140344,0206030037,295.0,40895.85
SIA,AP,202507,9140344,0206020031,314.0,42832.74
SIA,AP,202507,9140344,0206020023,4.0,347.0
SIA,AP,202507,9140344,0206010079,245.0,23872.8
SIA,AP,202507,9840591,0206010028,8.0,808.8
SIA,AP,202507,9840591,0206020031,10.0,1364.1
SIA,AP,202507,9140344,0206010052,18.0,1561.5
SIA,AP,202507,2021064,0206010079,375.0,36540.0
SIA,AP,202507,2021064,0206030037,246.0,34102.98
SIA,AP,202507,2021064,0206020031,336.0,45833.76
SIA,AP,202507,2021064,0206010028,162.0,16378.2
SIA,AP,202507,2021064,0206030010,208.0,28835.04
SIA,AP,202507,2021064,0206010010,66.0,5726.16
SIA,AP,202507,2021064,0206010044,51.0,4424.25
SIA,AP,202507,2021064,0206010036,59.0,5118.84
SIA,AP,202507,9840591,0206010079,8.0,779.52
SIA,AP,202507,2021064,0206030029,48.0,4164.0
SIA,AP,202507,7709196,0211020036,83.0,427.45
SIA,AP,202507,9140344,0206030029,7.0,607.25
SIA,AP,202507,2021064,0206010052,6.0,520.5
SIA,AP,202507,2021064,0206020015,25.0,2168.75
SIA,AP,202507,2021064,0206010060,6.0,584.64
SIA,AP,202507,9140344,0206010044,8.0,694.0
SIA,AP,202507,2021064,0211020036,507.0,2611.05
SIA,AP,202507,2020963,0211020036,68.0,350.2
SIA,AP,202507,9140344,0206010060,2.0,194.88
SIA,AP,202507,9140344,0206010036,4.0,347.04
SIA,AP,202507,9840591,0206030010,6.0,831.78
SIA,AP,202507,3432076,0211020060,9.0,270.0
SIA,AP,202507,9840591,0206030037,2.0,277.26
SIA,AP,202507,9840591,0206020015,3.0,260.25
SIA,AP,202507,9840591,0206010036,1.0,86.76
SIA,AP,202507,3432076,0211020036,113.0,581.95
SIA,AP,202507,2021064,0206020023,1.0,86.75
SIA,AP,202507,0470449,0211020036,300.0,1545.0
SIA,AP,202507,0470449,0211020060,219.0,6570.0
SIA,AP,202507,4142098,0211020036,843.0,4341.45
SIA,AP,202507,2020890,0206010052,2.0,173.5
SIA,AP,202507,0505692,0206030029,1.0,86.75
SIA,AP,202507,0972703,0206010028,4.0,404.4
SIA,AP,202507,9840591,0206030029,3.0,260.25
SIA,AP,202507,9140344,0206010010,2.0,173.52
SIA,AP,202507,9840591,0206010010,1.0,86.76
SIA,AP,202507,2019663,0211020036,7.0,36.05
SIA,AP,202507,9421955,0211020036,420.0,2163.0
SIA,AP,202507,2020076,0211020036,282.0,1452.3
SIA,AP,202507,2020890,0211020010,138.0,100745.52
SIA,AP,202507,2021196,0211020036,80.0,412.0
SIA,AP,202508,2020653,0206010028,120.0,12132.0
SIA,AP,202508,2020890,0206010028,1.0,101.1
SIA,AP,202508,9725911,0206020031,43.0,5865.63
SIA,AP,202508,9725911,0206010036,69.0,5986.44
SIA,AP,202508,9840591,0206010028,13.0,1314.3
SIA,AP,202508,2020645,0206010079,160.0,15590.4
SIA,AP,202508,2021064,0206010028,70.0,7077.0
SIA,AP,202508,9140344,0206010028,6.0,606.6
SIA,AP,202508,2020645,0206030010,110.0,15249.3
SIA,AP,202508,2020645,0206010028,77.0,7784.7
SIA,AP,202508,2021765,0206010028,11.0,1112.1
SIA,AP,202508,9840591,0206030010,7.0,970.41
SIA,AP,202508,9725911,0206010052,7.0,607.25
SIA,AP,202508,9725911,0206020023,8.0,694.0
SIA,AP,202508,9840591,0206020031,3.0,409.23
SIA,AP,202508,0972703,0206010028,7.0,707.7
SIA,AP,202508,0972703,0206030010,154.0,21349.02
SIA,AP,202508,2020653,0206030010,534.0,74028.42
SIA,AP,202508,2021064,0206030010,106.0,14694.78
SIA,AP,202508,2020645,0206020031,142.0,19370.22
SIA,AP,202508,0972703,0206030037,145.0,20101.35
SIA,AP,202508,9140344,0206030010,93.0,12892.59
SIA,AP,202508,0972703,0211020060,51.0,1530.0
SIA,AP,202508,3432076,0211020060,6.0,180.0
SIA,AP,202508,2021765,0206030010,16.0,2218.08
SIA,AP,202508,2020890,0206030010,4.0,554.52
SIA,AP,202508,0470449,0206030010,352.0,48797.76
SIA,AP,202508,2021064,0206010036,21.0,1821.96
SIA,AP,202508,0972703,0206010079,74.0,7210.56
SIA,AP,202508,9725911,0206030037,71.0,9842.73
SIA,AP,202508,0972703,0206010044,5.0,433.75
SIA,AP,202508,9725911,0206030010,65.0,9010.95
SIA,AP,202508,2020645,0206010036,26.0,2255.76
SIA,AP,202508,2020653,0206010036,34.0,2949.84
SIA,AP,202508,2020645,0206010044,27.0,2342.25
SIA,AP,202508,9140344,0206010036,5.0,433.8
SIA,AP,202508,2021765,0206010036,4.0,347.04
SIA,AP,202508,9840591,0206020015,2.0,173.5
SIA,AP,202508,0470449,0206010052,22.0,1908.5
SIA,AP,202508,0470449,0206020023,57.0,4944.75
SIA,AP,202508,0505692,0206010028,1.0,101.1
SIA,AP,202508,9840591,0206010079,9.0,876.96
SIA,AP,202508,2020653,0205010016,7.0,1155.0
SIA,AP,202508,6585604,0211020036,91.0,468.65
SIA,AP,202508,4142098,0211020036,963.0,4959.45
SIA,AP,202508,0972703,0206010052,12.0,1041.0
SIA,AP,202508,2021196,0211020036,91.0,468.65
SIA,AP,202508,9421955,0211020036,203.0,1045.45
SIA,AP,202508,0972703,0206020031,120.0,16369.2
SIA,AP,202508,2020645,0206030029,41.0,3556.75
SIA,AP,202508,0470449,0206020031,242.0,33011.22
SIA,AP,202508,2021765,0206020031,30.0,4092.3
SIA,AP,202508,2020653,0206020031,369.0,50335.29
SIA,AP,202508,2021064,0206020031,134.0,18278.94
SIA,AP,202508,0470449,0206010028,575.0,58132.5
SIA,AP,202508,9725911,0206030029,39.0,3383.25
SIA,AP,202508,9140344,0206020031,61.0,8321.01
SIA,AP,202508,2020645,0206030037,124.0,17190.12
SIA,AP,202508,0470449,0206010044,71.0,6159.25
SIA,AP,202508,2020653,0206010044,71.0,6159.25
SIA,AP,202508,0505692,0206020031,4.0,545.64
SIA,AP,202508,4095170,0211020036,13.0,66.95
SIA,AP,202508,2021064,0206010044,18.0,1561.5
SIA,AP,202508,9140344,0206030037,89.0,12338.07
SIA,AP,202508,2020645,0206020023,7.0,607.25
SIA,AP,202508,9140344,0206010044,7.0,607.25
SIA,AP,202508,9840591,0206030029,3.0,260.25
SIA,AP,202508,9725911,0206010060,2.0,194.88
SIA,AP,202508,2020890,0206020031,7.0,954.87
SIA,AP,202508,2021064,0211020036,424.0,2183.6
SIA,AP,202508,0470449,0206030029,119.0,10323.25
SIA,AP,202508,2021218,0211020036,12.0,61.8
SIA,AP,202508,2020076,0211020036,183.0,942.45
SIA,AP,202508,2019663,0211020036,5.0,25.75
SIA,AP,202508,9725911,0206010044,5.0,433.75
SIA,AP,202508,2020645,0206010010,27.0,2342.52
SIA,AP,202508,0470449,0206020015,29.0,2515.75
SIA,AP,202508,2020653,0206030037,589.0,81653.07
SIA,AP,202508,2020653,0206010010,167.0,14488.92
SIA,AP,202508,2021064,0206010010,25.0,2169.0
SIA,AP,202508,2021064,0206020015,8.0,694.0
SIA,AP,202508,2021064,0206030037,127.0,17606.01
SIA,AP,202508,2020653,0206020015,23.0,1995.25
SIA,AP,202508,2021765,0206030037,15.0,2079.45
SIA,AP,202508,2019647,0211020036,29.0,149.35
SIA,AP,202508,7709196,0211020036,112.0,576.8
SIA,AP,202508,2021064,0206030029,18.0,1561.5
SIA,AP,202508,2020653,0211020036,809.0,4166.35
SIA,AP,202508,2020165,0211020036,2.0,10.3
SIA,AP,202508,2021765,0206010010,7.0,607.32
SIA,AP,202508,9140344,0206030029,3.0,260.25
SIA,AP,202508,9140344,0206010010,5.0,433.8
SIA,AP,202508,2020645,0206020015,18.0,1561.5
SIA,AP,202508,2020653,0206030029,25.0,2168.75
SIA,AP,202508,2021765,0206010044,4.0,347.0
SIA,AP,202508,2021765,0206030029,9.0,780.75
SIA,AP,202508,2020645,0206010052,2.0,173.5
SIA,AP,202508,2020653,0206010052,11.0,954.25
SIA,AP,202508,9140344,0206010052,10.0,867.5
SIA,AP,202508,0972703,0206030029,4.0,347.0
SIA,AP,202508,2020890,0206030037,4.0,554.52
SIA,AP,202508,0470449,0206010010,204.0,17699.04
SIA,AP,202508,0470449,0206010036,196.0,17004.96
SIA,AP,202508,9725911,0206010079,93.0,9061.92
SIA,AP,202508,0470449,0206030037,275.0,38123.25
SIA,AP,202508,9725911,0206010010,77.0,6680.52
SIA,AP,202508,0505692,0206030037,5.0,693.15
SIA,AP,202508,2021064,0206010052,3.0,260.25
SIA,AP,202508,9140344,0206020023,1.0,86.75
SIA,AP,202508,0505692,0206030010,4.0,554.52
SIA,AP,202508,0972703,0206010010,5.0,433.8
SIA,AP,202508,0470449,0206010079,504.0,49109.76
SIA,AP,202508,2020653,0206010079,683.0,66551.52
SIA,AP,202508,9725911,0206010028,142.0,14356.2
SIA,AP,202508,2021064,0206010079,167.0,16272.48
SIA,AP,202508,0505692,0206010079,8.0,779.52
SIA,AP,202508,9140344,0206010079,72.0,7015.68
SIA,AP,202508,9140344,0206010060,3.0,292.32
SIA,AP,202508,9725911,0206020015,30.0,2602.5
SIA,AP,202508,0972703,0206010036,2.0,173.52
SIA,AP,202508,2021064,0206010060,6.0,584.64
SIA,AP,202508,2021765,0206010079,9.0,876.96
SIA,AP,202508,0505692,0206010044,1.0,86.75
SIA,AP,202508,2020890,0206010079,2.0,194.88
SIA,AP,202508,0470449,0206010060,1.0,97.44
SIA,AP,202508,9840591,0206010044,1.0,86.75
SIA,AP,202508,2020890,0211020010,159.0,116076.36
SIA,AP,202508,7433921,0211020036,84.0,432.6
SIA,AP,202508,2020963,0211020036,92.0,473.8
SIA,AP,202508,9140344,0206020015,1.0,86.75
SIA,AP,202508,2020890,0206020023,1.0,86.75
SIA,AP,202508,0470449,0211020060,163.0,4890.0
SIA,AP,202508,9840591,0206010036,1.0,86.76
SIA,AP,202508,9840591,0206010010,2.0,173.52
SIA,AP,202508,9550291,0211020036,211.0,1086.65
SIA,AP,202508,2021463,0211020036,80.0,412.0
SIA,AP,202508,3432076,0211020036,69.0,355.35
SIA,AP,202509,2020645,0206010028,93.0,9402.3
SIA,AP,202509,2020645,0206010010,35.0,3036.6
SIA,AP,202509,2020645,0206020031,89.0,12140.49
SIA,AP,202509,2020645,0206020015,8.0,694.0
SIA,AP,202509,2020653,0206030010,452.0,62660.76
SIA,AP,202509,2020645,0206030010,93.0,12892.59
SIA,AP,202509,2020653,0206010079,621.0,60510.24
SIA,AP,202509,2020653,0206030037,555.0,76939.65
SIA,AP,202509,0972703,0206030010,62.0,8595.06
SIA,AP,202509,0972703,0206030037,68.0,9426.84
SIA,AP,202509,2020653,0206020031,357.0,48698.37
SIA,AP,202509,2020653,0206010010,175.0,15183.0
SIA,AP,202509,2020653,0206010044,55.0,4771.25
SIA,AP,202509,0972703,0211020060,14.0,420.0
SIA,AP,202509,2020645,0206010079,113.0,11010.72
SIA,AP,202509,2020645,0206010060,3.0,292.32
SIA,AP,202509,2020645,0206010044,22.0,1908.5
SIA,AP,202509,2020645,0206030037,101.0,14001.63
SIA,AP,202509,2020645,0206030029,28.0,2429.0
SIA,AP,202509,2020653,0206010028,95.0,9604.5
SIA,AP,202509,0972703,0206010079,38.0,3702.72
SIA,AP,202509,2020645,0206010036,25.0,2169.0
SIA,AP,202509,0972703,0206020031,57.0,7775.37
SIA,AP,202509,2020653,0206010052,9.0,780.75
SIA,AP,202509,0972703,0206010028,4.0,404.4
SIA,AP,202509,2020653,0206030029,21.0,1821.75
SIA,AP,202509,0972703,0206010036,3.0,260.28
SIA,AP,202509,0972703,0206010052,11.0,954.25
SIA,AP,202509,0972703,0206010044,3.0,260.25
SIA,AP,202509,2020653,0206010036,26.0,2255.76
SIA,AP,202509,2020653,0211020036,799.0,4114.85
SIA,AP,202509,9725911,0206010028,125.0,12637.5
SIA,AP,202509,9725911,0206010010,62.0,5379.12
SIA,AP,202509,9725911,0206020031,57.0,7775.37
SIA,AP,202509,9725911,0206010079,75.0,7308.0
SIA,AP,202509,9725911,0206030037,81.0,11229.03
SIA,AP,202509,9725911,0206030029,49.0,4250.75
SIA,AP,202509,9725911,0206020015,31.0,2689.25
SIA,AP,202509,2020645,0211020036,37.0,190.55
SIA,AP,202509,9725911,0206010036,49.0,4251.24
SIA,AP,202509,2019663,0211020036,28.0,144.2
SIA,AP,202509,0972703,0206010010,4.0,347.04
SIA,AP,202509,9725911,0206020023,12.0,1041.0
SIA,AP,202509,9725911,0206030010,73.0,10119.99
SIA,AP,202509,4095170,0211020036,21.0,108.15
SIA,AP,202509,9421955,0211020036,188.0,968.2
SIA,AP,202509,2020653,0206020015,18.0,1561.5
SIA,AP,202509,2020645,0206020023,6.0,520.5
SIA,AP,202509,9725911,0206010044,10.0,867.5
SIA,AP,202509,2020726,0211020036,37.0,190.55
SIA,AP,202509,2020653,0206020023,1.0,86.75
SIA,AP,202509,2019736,0211020036,304.0,1565.6
SIA,AP,202509,2021064,0206030037,140.0,19408.2
SIA,AP,202509,2021064,0206020031,120.0,16369.2
SIA,AP,202509,2021064,0206030010,119.0,16496.97
SIA,AP,202509,2021064,0206010079,187.0,18221.28
SIA,AP,202509,9689257,0206030037,19.0,2633.97
SIA,AP,202509,2021064,0206010028,73.0,7380.3
SIA,AP,202509,9140344,0206010079,69.0,6723.36
SIA,AP,202509,9140344,0206030010,146.0,20239.98
SIA,AP,202509,2021064,0206010010,30.0,2602.8
SIA,AP,202509,9140344,0206030037,141.0,19546.83
SIA,AP,202509,9140344,0206010052,14.0,1214.5
SIA,AP,202509,9140344,0206020031,114.0,15550.74
SIA,AP,202509,2021064,0206010044,19.0,1648.25
SIA,AP,202509,9140344,0206010010,6.0,520.56
SIA,AP,202509,2021064,0206010036,26.0,2255.76
SIA,AP,202509,2021064,0206020023,3.0,260.25
SIA,AP,202509,9689257,0206030010,19.0,2633.97
SIA,AP,202509,0505692,0206010010,3.0,260.28
SIA,AP,202509,9140344,0206010036,7.0,607.32
SIA,AP,202509,9689257,0211020060,17.0,510.0
SIA,AP,202509,0505692,0206030010,8.0,1109.04
SIA,AP,202509,9689257,0206020031,21.0,2864.61
SIA,AP,202509,2021064,0206010060,3.0,292.32
SIA,AP,202509,2021064,0206010052,3.0,260.25
SIA,AP,202509,9140344,0206010028,12.0,1213.2
SIA,AP,202509,9689257,0206010036,1.0,86.76
SIA,AP,202509,0505692,0206010036,2.0,173.52
SIA,AP,202509,9140344,0206010044,6.0,520.5
SIA,AP,202509,2021064,0206030029,22.0,1908.5
SIA,AP,202509,0505692,0206030037,7.0,970.41
SIA,AP,202509,0505692,0206020031,9.0,1227.69
SIA,AP,202509,9689257,0206010079,10.0,974.4
SIA,AP,202509,0505692,0206010028,4.0,404.4
SIA,AP,202509,9140344,0206030029,1.0,86.75
SIA,AP,202509,0505692,0206010079,6.0,584.64
SIA,AP,202509,9140344,0206020023,1.0,86.75
SIA,AP,202509,2020599,0211020036,104.0,535.6
SIA,AP,202509,2021196,0211020036,88.0,453.2
SIA,AP,202509,2021773,0206020031,11.0,1500.51
SIA,AP,202509,0972703,0206010060,1.0,97.44
SIA,AP,202509,0470449,0206010036,100.0,8676.0
SIA,AP,202509,0470449,0206010079,243.0,23677.92
SIA,AP,202509,0470449,0206030010,186.0,25785.18
SIA,AP,202509,0470449,0206010010,118.0,10237.68
SIA,AP,202509,0470449,0206030029,102.0,8848.5
SIA,AP,202509,0470449,0206010044,32.0,2776.0
SIA,AP,202509,0470449,0206010028,322.0,32554.2
SIA,AP,202509,0470449,0206020031,143.0,19506.63
SIA,AP,202509,0470449,0206030037,172.0,23844.36
SIA,AP,202509,0470449,0206020023,34.0,2949.5
SIA,AP,202509,0470449,0206010060,2.0,194.88
SIA,AP,202509,0470449,0206010052,14.0,1214.5
SIA,AP,202509,0470449,0206020015,28.0,2429.0
SIA,AP,202509,0470449,0211020060,207.0,6210.0
SIA,AP,202509,2021463,0211020036,258.0,1328.7
SIA,AP,202509,7433921,0211020036,40.0,206.0
SIA,AP,202509,4760867,0211020060,6.0,180.0
SIA,AP,202509,2020963,0211020036,100.0,515.0
SIA,AP,202509,4142098,0211020036,1126.0,5798.9
SIA,AP,202509,2021773,0206010079,7.0,682.08
SIA,AP,202509,9840591,0206030010,16.0,2218.08
SIA,AP,202509,2021773,0206030037,15.0,2079.45
SIA,AP,202509,9840591,0206010036,1.0,86.76
SIA,AP,202509,9840591,0206010079,9.0,876.96
SIA,AP,202509,9840591,0206010010,18.0,1561.68
SIA,AP,202509,6585604,0211020036,140.0,721.0
SIA,AP,202509,2021773,0206010044,1.0,86.75
SIA,AP,202509,9840591,0206020023,1.0,86.75
SIA,AP,202509,9840591,0206030037,15.0,2079.45
SIA,AP,202509,2021773,0206030010,17.0,2356.71
SIA,AP,202509,2021773,0206010036,1.0,86.76
SIA,AP,202509,9840591,0206010028,9.0,909.9
SIA,AP,202509,9550291,0211020036,215.0,1107.25
SIA,AP,202509,2021773,0206010052,2.0,173.5
SIA,AP,202509,9840591,0206030029,9.0,780.75
SIA,AP,202509,9840591,0206020031,1.0,136.41
SIA,AP,202509,2020165,0211020036,6.0,30.9
SIA,AP,202509,9140344,0206020015,1.0,86.75
SIA,AP,202509,0505692,0206010052,2.0,173.5
SIA,AP,202509,2021064,0206020015,9.0,780.75
SIA,AP,202509,9689257,0206010044,3.0,260.25
SIA,AP,202509,9689257,0206010060,2.0,194.88
SIA,AP,202509,9840591,0206010044,2.0,173.5
SIA,AP,202509,2021773,0206010010,1.0,86.76
SIA,AP,202509,2021773,0206010028,1.0,101.1
SIA,AP,202509,9840591,0206020015,1.0,86.75
SIA,AP,202509,2020076,0211020036,183.0,942.45
SIA,AP,202509,2020890,0211020010,131.0,95635.24
SIA,AP,202509,0505692,0206010044,1.0,86.75
SIA,AP,202509,2021064,0211020036,381.0,1962.15
SIA,AP,202509,3432076,0211020036,171.0,875.5
SIA,AP,202509,3432076,0211020060,12.0,360.0
SIA,AP,202509,2021218,0211020036,8.0,41.2
SIA,AP,202509,9140344,0206010060,1.0,97.44
SIA,AP,202509,3432076,0902010018,1.0,130.0
SIA,AP,202510,9840591,0206010079,1.0,97.44
SIA,AP,202510,9840591,0206020015,2.0,173.5
SIA,AP,202510,9840591,0206010028,3.0,303.3
SIA,AP,202510,9840591,0206030037,2.0,277.26
SIA,AP,202510,9840591,0206010010,3.0,260.28
SIA,AP,202510,0505692,0206020031,6.0,818.46
SIA,AP,202510,0505692,0206030037,11.0,1524.93
SIA,AP,202510,2020645,0206010079,199.0,19390.56
SIA,AP,202510,2020645,0206010028,152.0,15367.2
SIA,AP,202510,3432076,0211020036,75.0,298.7
SIA,AP,202510,2020645,0206020031,182.0,24826.62
SIA,AP,202510,2020645,0206030037,206.0,28557.78
SIA,AP,202510,2020645,0206030029,55.0,4771.25
SIA,AP,202510,2020645,0206010036,43.0,3730.68
SIA,AP,202510,2020645,0206010044,32.0,2776.0
SIA,AP,202510,2020645,0206030010,193.0,26755.59
SIA,AP,202510,2020645,0206010010,55.0,4771.8
SIA,AP,202510,2020645,0206020023,6.0,520.5
SIA,AP,202510,2020645,0206010060,5.0,487.2
SIA,AP,202510,2020645,0206020015,16.0,1388.0
SIA,AP,202510,2020645,0206010052,6.0,520.5
SIA,AP,202510,0505692,0206010079,9.0,876.96
SIA,AP,202510,0505692,0206030010,10.0,1386.3
SIA,AP,202510,3432076,0902010026,12.0,2400.0
SIA,AP,202510,2021765,0206030010,7.0,970.41
SIA,AP,202510,0470449,0206030029,154.0,13359.5
SIA,AP,202510,0470449,0206010028,578.0,58435.8
SIA,AP,202510,0470449,0206020031,185.0,25235.85
SIA,AP,202510,0470449,0206010010,153.0,13274.28
SIA,AP,202510,0470449,0206010036,174.0,15096.24
SIA,AP,202510,0470449,0206010044,65.0,5638.75
SIA,AP,202510,0470449,0206010079,432.0,42094.08
SIA,AP,202510,0470449,0206020015,60.0,5205.0
SIA,AP,202510,0470449,0206030037,259.0,35905.17
SIA,AP,202510,0470449,0206030010,265.0,36736.95
SIA,AP,202510,9140344,0206030010,64.0,8872.32
SIA,AP,202510,9140344,0206020031,51.0,6956.91
SIA,AP,202510,2021765,0206010079,7.0,682.08
SIA,AP,202510,9140344,0206030029,4.0,347.0
SIA,AP,202510,2020890,0211020010,110.0,80304.4
SIA,AP,202510,9140344,0206030037,64.0,8872.32
SIA,AP,202510,9140344,0206010028,11.0,1112.1
SIA,AP,202510,0470449,0206020023,33.0,2862.75
SIA,AP,202510,9140344,0206010079,71.0,6918.24
SIA,AP,202510,2021765,0206030037,5.0,693.15
SIA,AP,202510,9140344,0206020015,1.0,86.75
SIA,AP,202510,9140344,0206010036,3.0,260.28
SIA,AP,202510,0470449,0206010052,8.0,694.0
SIA,AP,202510,9140344,0206010010,4.0,347.04
SIA,AP,202510,0470449,0206010060,6.0,584.64
SIA,AP,202510,3432076,0902010018,5.0,650.0
SIA,AP,202510,9140344,0206010044,9.0,780.75
SIA,AP,202510,2021064,0206010028,79.0,7986.9
SIA,AP,202510,2021064,0206010079,182.0,17734.08
SIA,AP,202510,2021064,0206030037,205.0,28419.15
SIA,AP,202510,2021064,0206030010,172.0,23844.36
SIA,AP,202510,2021064,0206020031,115.0,15687.15
SIA,AP,202510,9725911,0206010036,66.0,5726.16
SIA,AP,202510,9725911,0206010010,62.0,5379.12
SIA,AP,202510,9725911,0206010028,140.0,14154.0
SIA,AP,202510,9725911,0206010079,79.0,7697.76
SIA,AP,202510,2021064,0206010010,40.0,3470.4
SIA,AP,202510,2021064,0206010036,32.0,2776.32
SIA,AP,202510,9725911,0206030037,70.0,9704.1
SIA,AP,202510,9725911,0206030029,71.0,6159.25
SIA,AP,202510,9725911,0206020015,37.0,3209.75
SIA,AP,202510,9725911,0206030010,60.0,8317.8
SIA,AP,202510,2021064,0206010044,18.0,1561.5
SIA,AP,202510,9725911,0206020023,10.0,867.5
SIA,AP,202510,9725911,0206020031,41.0,5592.81
SIA,AP,202510,9725911,0206010044,7.0,607.25
SIA,AP,202510,2021064,0206010052,3.0,260.25
SIA,AP,202510,9725911,0206010052,5.0,433.75
SIA,AP,202510,2021064,0206030029,15.0,1301.25
SIA,AP,202510,2021064,0206020015,8.0,694.0
SIA,AP,202510,2021064,0211020036,451.0,2322.65
SIA,AP,202510,9689257,0206030037,33.0,4574.79
SIA,AP,202510,9689257,0206030010,31.0,4297.53
SIA,AP,202510,0972703,0206010028,4.0,404.4
SIA,AP,202510,0972703,0206010079,47.0,4579.68
SIA,AP,202510,0972703,0206020031,44.0,6002.04
SIA,AP,202510,9689257,0206020031,22.0,3001.02
SIA,AP,202510,9689257,0206010079,21.0,2046.24
SIA,AP,202510,0972703,0206030037,70.0,9704.1
SIA,AP,202510,9689257,0206010044,1.0,86.75
SIA,AP,202510,0972703,0206030010,67.0,9288.21
SIA,AP,202510,9689257,0211020060,21.0,630.0
SIA,AP,202510,0972703,0211020036,4.0,20.6
SIA,AP,202510,0972703,0206010010,5.0,433.8
SIA,AP,202510,0972703,0206010044,3.0,260.25
SIA,AP,202510,0972703,0206010052,8.0,694.0
SIA,AP,202510,0972703,0211020060,17.0,510.0
SIA,AP,202510,9689257,0211020036,1.0,5.15
SIA,AP,202510,2020653,0206030037,682.0,94545.66
SIA,AP,202510,2020653,0206010079,661.0,64407.84
SIA,AP,202510,2020653,0206030010,601.0,83316.63
SIA,AP,202510,2020653,0206010028,140.0,14154.0
SIA,AP,202510,2020653,0206020031,361.0,49244.01
SIA,AP,202510,2020653,0206010010,210.0,18219.6
SIA,AP,202510,2020653,0211020036,1044.0,5376.6
SIA,AP,202510,2020653,0206010052,10.0,867.5
SIA,AP,202510,2020653,0206030029,27.0,2342.25
SIA,AP,202510,5750911,0211020036,504.0,2595.6
SIA,AP,202510,2020653,0206010036,33.0,2863.08
SIA,AP,202510,2020653,0206010044,92.0,7981.0
SIA,AP,202510,2020653,0206020015,38.0,3296.5
SIA,AP,202510,2020165,0211020036,3.0,15.45
SIA,AP,202510,2019736,0211020036,115.0,592.25
SIA,AP,202510,0470449,0211020036,276.0,1421.4
SIA,AP,202510,2020599,0211020036,62.0,319.3
SIA,AP,202510,9140344,0206010052,6.0,520.5
SIA,AP,202510,0470449,0211020060,95.0,2850.0
SIA,AP,202510,7709196,0211020036,183.0,942.45
SIA,AP,202510,9421955,0211020036,123.0,633.45
SIA,AP,202510,2021765,0206020031,3.0,409.23
SIA,AP,202510,2021196,0211020036,90.0,463.5
SIA,AP,202510,2021463,0211020036,145.0,746.75
SIA,AP,202510,0972703,0206030029,2.0,173.5
SIA,AP,202510,9689257,0206030029,2.0,173.5
SIA,AP,202510,9840591,0206010036,2.0,173.52
SIA,AP,202510,2019663,0211020036,9.0,46.35
SIA,AP,202510,9725911,0206010060,2.0,194.88
SIA,AP,202510,7433921,0211020036,97.0,499.55
SIA,AP,202510,4142098,0211020036,130.0,669.5
SIA,AP,202510,2021064,0206010060,1.0,97.44
SIA,AP,202510,2021765,0206020015,2.0,173.5
SIA,AP,202510,9840591,0206030029,2.0,173.5
SIA,AP,202510,9840591,0206020031,2.0,272.82
SIA,AP,202510,9840591,0206030010,2.0,277.26
SIA,AP,202510,9840591,0206020023,1.0,86.75
SIA,AP,202510,9689257,0206010052,1.0,86.75
SIA,AP,202510,0972703,0206010036,2.0,173.52
SIA,AP,202510,2021765,0206010044,1.0,86.75
SIA,AP,202510,2021218,0211020036,12.0,61.8
SIA,AP,202510,0972703,0206010060,2.0,194.88
SIA,AP,202510,9689257,0206010036,2.0,173.52
SIA,AP,202510,2021064,0206020023,1.0,86.75
SIA,AP,202510,2021765,0206010010,1.0,86.76
SIA,AP,202510,2020076,0211020036,142.0,731.3
SIA,AP,202510,3432076,0211020060,26.0,780.0
SIA,AP,202510,2020645,0211020060,1.0,30.0
SIA,AP,202510,0505692,0206010028,3.0,303.3
SIA,AP,202510,2020726,0211020036,27.0,139.05
SIA,AP,202510,0505692,0206010010,1.0,86.76
SIA,AP,202510,9550291,0211020036,169.0,870.35
SIA,AP,202510,4095170,0211020036,11.0,56.65
SIA,AP,202511,0505692,0206010079,36.0,3507.84
SIA,AP,202511,0505692,0206020031,9.0,1227.69
SIA,AP,202511,0972703,0206020031,103.0,14050.23
SIA,AP,202511,0972703,0206030010,124.0,17190.12
SIA,AP,202511,0972703,0206010079,68.0,6625.92
SIA,AP,202511,0505692,0206010036,11.0,954.36
SIA,AP,202511,0972703,0206030037,138.0,19130.94
SIA,AP,202511,0505692,0206030010,20.0,2772.6
SIA,AP,202511,0972703,0206030029,8.0,694.0
SIA,AP,202511,0505692,0206030037,21.0,2911.23
SIA,AP,202511,2021773,0206020031,13.0,1773.33
SIA,AP,202511,0505692,0206010044,8.0,694.0
SIA,AP,202511,2020645,0206030037,62.0,8595.06
SIA,AP,202511,2020645,0206030029,30.0,2602.5
SIA,AP,202511,9840591,0206010028,12.0,1213.2
SIA,AP,202511,0505692,0206010010,11.0,954.36
SIA,AP,202511,0505692,0206010052,2.0,173.5
SIA,AP,202511,0972703,0206010028,23.0,2325.3
SIA,AP,202511,2021765,0206030010,42.0,5822.46
SIA,AP,202511,2021765,0206020031,52.0,7093.32
SIA,AP,202511,2020645,0206010010,17.0,1474.92
SIA,AP,202511,2020645,0206030010,58.0,8040.54
SIA,AP,202511,2020645,0206020031,69.0,9412.29
SIA,AP,202511,2020645,0206010028,25.0,2527.5
SIA,AP,202511,2020645,0206020023,4.0,347.0
SIA,AP,202511,2020645,0206010036,14.0,1214.64
SIA,AP,202511,9835520,0206020031,3.0,409.23
SIA,AP,202511,2021773,0206030010,13.0,1802.19
SIA,AP,202511,0505692,0206020023,2.0,173.5
SIA,AP,202511,0505692,0206010028,32.0,3235.2
SIA,AP,202511,0972703,0211020060,18.0,540.0
SIA,AP,202511,2020645,0206010044,13.0,1127.75
SIA,AP,202511,0972703,0206010052,17.0,1474.75
SIA,AP,202511,2021773,0206030037,12.0,1663.56
SIA,AP,202511,2020645,0206010079,58.0,5651.52
SIA,AP,202511,0972703,0206010044,4.0,347.0
SIA,AP,202511,0972703,0206010036,11.0,954.36
SIA,AP,202511,0972703,0206010010,13.0,1127.88
SIA,AP,202511,2021773,0206010079,8.0,779.52
SIA,AP,202511,2019663,0211020036,19.0,97.85
SIA,AP,202511,2021765,0206010079,23.0,2241.12
SIA,AP,202511,2021218,0211020036,11.0,56.65
SIA,AP,202511,2020645,0206020015,7.0,607.25
SIA,AP,202511,2021765,0206030037,44.0,6099.72
SIA,AP,202511,0505692,0206020015,3.0,260.25
SIA,AP,202511,2021773,0206010044,1.0,86.75
SIA,AP,202511,2020645,0206010052,1.0,86.75
SIA,AP,202511,0972703,0206020023,4.0,347.0
SIA,AP,202511,9840591,0206030010,5.0,693.15
SIA,AP,202511,2021773,0206010010,1.0,86.76
SIA,AP,202511,2020645,0206010060,5.0,487.2
SIA,AP,202511,2021765,0206010036,4.0,347.04
SIA,AP,202511,9840591,0206030029,3.0,260.25
SIA,AP,202511,9840591,0206010079,12.0,1169.28
SIA,AP,202511,9835520,0206010079,9.0,876.96
SIA,AP,202511,9840591,0206020015,6.0,520.5
SIA,AP,202511,2021765,0206010028,11.0,1112.1
SIA,AP,202511,2021765,0206020015,4.0,347.0
SIA,AP,202511,0505692,0206030029,5.0,433.75
SIA,AP,202511,2021765,0206030029,3.0,260.25
SIA,AP,202511,2021765,0206010010,5.0,433.8
SIA,AP,202511,2021765,0206010044,4.0,347.0
SIA,AP,202511,9835520,0206010010,1.0,86.76
SIA,AP,202511,9835520,0206010060,1.0,97.44
SIA,AP,202511,9835520,0206030037,1.0,138.63
SIA,AP,202511,4142098,0211020036,862.0,4439.3
SIA,AP,202511,9840591,0206010010,4.0,347.04
SIA,AP,202511,9835520,0206030010,2.0,277.26
SIA,AP,202511,2020726,0211020036,8.0,41.2
SIA,AP,202511,9840591,0206020031,4.0,545.64
SIA,AP,202511,9840591,0206010036,4.0,347.04
SIA,AP,202511,2021064,0206020015,7.0,607.25
SIA,AP,202511,2021064,0206010079,95.0,9256.8
SIA,AP,202511,2021064,0206030010,53.0,7347.39
SIA,AP,202511,2021064,0206010028,36.0,3639.6
SIA,AP,202511,2021064,0206010044,17.0,1474.75
SIA,AP,202511,2021064,0206030037,71.0,9842.73
SIA,AP,202511,2021064,0206010036,12.0,1041.12
SIA,AP,202511,2021064,0206030029,12.0,1041.0
SIA,AP,202511,2021064,0206020031,54.0,7366.14
SIA,AP,202511,2021064,0206010010,15.0,1301.4
SIA,AP,202511,2021064,0211020036,392.0,2018.8
SIA,AP,202511,9725911,0206010010,42.0,3643.92
SIA,AP,202511,9725911,0206030029,39.0,3383.25
SIA,AP,202511,5750911,0211020036,662.0,3409.3
SIA,AP,202511,9725911,0206030010,49.0,6792.87
SIA,AP,202511,9725911,0206030037,62.0,8595.06
SIA,AP,202511,0470449,0206010010,130.0,11278.8
SIA,AP,202511,0470449,0206030037,257.0,35627.91
SIA,AP,202511,0470449,0206010036,116.0,10064.16
SIA,AP,202511,0470449,0206010079,371.0,36150.24
SIA,AP,202511,0470449,0206010028,492.0,49741.2
SIA,AP,202511,9689257,0206020031,29.0,3955.89
SIA,AP,202511,9689257,0206030010,40.0,5545.2
SIA,AP,202511,9725911,0206010028,109.0,11019.9
SIA,AP,202511,0470449,0206020031,207.0,28236.87
SIA,AP,202511,0470449,0206030010,269.0,37291.47
SIA,AP,202511,0470449,0206020015,36.0,3123.0
SIA,AP,202511,0470449,0206010052,12.0,1041.0
SIA,AP,202511,6585604,0211020036,97.0,499.55
SIA,AP,202511,9689257,0206010028,18.0,1819.8
SIA,AP,202511,2020963,0211020036,35.0,180.25
SIA,AP,202511,9725911,0206020031,41.0,5592.81
SIA,AP,202511,9689257,0206030037,35.0,4852.05
SIA,AP,202511,9725911,0206010036,39.0,3383.64
SIA,AP,202511,0470449,0206030029,128.0,11104.0
SIA,AP,202511,9725911,0206010079,74.0,7210.56
SIA,AP,202511,0470449,0206020023,32.0,2776.0
SIA,AP,202511,9689257,0211020060,15.0,450.0
SIA,AP,202511,9725911,0206020015,20.0,1735.0
SIA,AP,202511,0470449,0206010044,55.0,4771.25
SIA,AP,202511,9725911,0206010044,9.0,780.75
SIA,AP,202511,9725911,0206020023,11.0,954.25
SIA,AP,202511,9689257,0206010079,18.0,1753.92
SIA,AP,202511,9725911,0206010052,2.0,173.5
SIA,AP,202511,9689257,0211020036,6.0,30.9
SIA,AP,202511,9689257,0206010036,3.0,260.28
SIA,AP,202511,2020890,0211020010,60.0,43802.4
SIA,AP,202511,3432076,0211020060,6.0,180.0
SIA,AP,202511,3432076,0211020036,88.0,412.0
SIA,AP,202511,9140344,0206010079,72.0,7015.68
SIA,AP,202511,2019736,0211020036,360.0,1854.0
SIA,AP,202511,2020653,0206030037,686.0,95100.18
SIA,AP,202511,2020653,0206020031,385.0,52517.85
SIA,AP,202511,2020653,0206030010,649.0,89970.87
SIA,AP,202511,2020653,0206010010,121.0,10497.96
SIA,AP,202511,2020653,0206010028,113.0,11424.3
SIA,AP,202511,2020653,0206030029,34.0,2949.5
SIA,AP,202511,2020653,0206010044,95.0,8241.25
SIA,AP,202511,2020653,0206010079,687.0,66941.28
SIA,AP,202511,2020653,0206010036,43.0,3730.68
SIA,AP,202511,2020653,0206020015,41.0,3556.75
SIA,AP,202511,9140344,0206010010,4.0,347.04
SIA,AP,202511,9140344,0206010036,4.0,347.04
SIA,AP,202511,4095170,0211020036,17.0,87.55
SIA,AP,202511,9140344,0206030037,42.0,5822.46
SIA,AP,202511,9140344,0206030010,42.0,5822.46
SIA,AP,202511,9689257,0206010044,2.0,173.5
SIA,AP,202511,9140344,0206010052,5.0,433.75
SIA,AP,202511,9140344,0206020031,48.0,6547.68
SIA,AP,202511,2020653,0206010052,14.0,1214.5
SIA,AP,202511,9140344,0206010044,4.0,347.0
SIA,AP,202511,9689257,0206010052,3.0,260.25
SIA,AP,202511,2020653,0211020036,1003.0,5165.45
SIA,AP,202511,9140344,0206030029,5.0,433.75
SIA,AP,202511,3432076,0902010018,3.0,390.0
SIA,AP,202511,3432076,0902010026,5.0,1000.0
SIA,AP,202511,0470449,0211020036,249.0,1282.35
SIA,AP,202511,0470449,0206010060,3.0,292.32
SIA,AP,202511,9689257,0206010060,5.0,487.2
SIA,AP,202511,9689257,0206010010,4.0,347.04
SIA,AP,202511,7709196,0211020036,434.0,2235.1
SIA,AP,202511,0470449,0211020060,160.0,4800.0
SIA,AP,202511,2021196,0211020036,82.0,422.3
SIA,AP,202511,2020653,0206010060,1.0,97.44
SIA,AP,202511,9140344,0206010028,7.0,707.7
SIA,AP,202511,7433921,0211020036,21.0,108.15
SIA,AP,202511,9140344,0206020023,1.0,86.75
SIA,AP,202511,4760867,0211020036,3.0,15.45
SIA,AP,202511,4760867,0211020060,2.0,60.0
SIA,AP,202511,9421955,0211020036,157.0,808.55
SIA,AP,202511,2020165,0211020036,6.0,30.9
SIA,AP,202511,2020076,0211020036,187.0,963.05
SIA,AP,202511,2021463,0211020036,156.0,803.4
SIA,AP,202511,9550291,0211020036,162.0,834.3
SIA,AP,202511,2021773,0206010052,1.0,86.75
SIA,AP,202511,0972703,0211020036,1.0,5.15
SIA,AP,202511,9835520,0206010028,1.0,101.1
SIA,AP,202511,9835520,0206010044,1.0,86.75
SIA,AP,202511,2020599,0211020036,78.0,401.7
SIA,AP,202512,2020653,0206010079,745.0,72592.8
SIA,AP,202512,2021064,0206010079,271.0,26406.24
SIA,AP,202512,9140344,0206010079,84.0,8184.96
SIA,AP,202512,5750911,0211020036,628.0,3234.2
SIA,AP,202512,0972703,0206010079,41.0,3995.04
SIA,AP,202512,2020645,0206010079,19.0,1851.36
SIA,AP,202512,0505692,0206010079,21.0,2046.24
SIA,AP,202512,2021765,0206010079,34.0,3312.96
SIA,AP,202512,9840591,0206020031,12.0,1636.92
SIA,AP,202512,9835520,0206010079,4.0,389.76
SIA,AP,202512,2019647,0211020036,48.0,247.2
SIA,AP,202512,2021773,0206010079,24.0,2338.56
SIA,AP,202512,9689257,0206010079,14.0,1364.16
SIA,AP,202512,9689257,0211020036,13.0,66.95
SIA,AP,202512,0470449,0206030010,230.0,31884.9
SIA,AP,202512,2020653,0206010010,98.0,8502.48
SIA,AP,202512,2021064,0206010010,47.0,4077.72
SIA,AP,202512,9835520,0206010010,3.0,260.28
SIA,AP,202512,0505692,0206010010,8.0,694.08
SIA,AP,202512,9840591,0206030010,17.0,2356.71
SIA,AP,202512,2021765,0206010010,4.0,347.04
SIA,AP,202512,2020645,0206010010,5.0,433.8
SIA,AP,202512,0972703,0206010010,2.0,173.52
SIA,AP,202512,9725911,0206030010,53.0,7347.39
SIA,AP,202512,9840591,0206020015,8.0,694.0
SIA,AP,202512,2020645,0211020036,137.0,705.55
SIA,AP,202512,0470449,0206020023,20.0,1735.0
SIA,AP,202512,9840591,0206010028,25.0,2527.5
SIA,AP,202512,0470449,0206020015,27.0,2342.25
SIA,AP,202512,3432076,0211020036,27.0,41.2
SIA,AP,202512,0972703,0211020036,6.0,30.9
SIA,AP,202512,2020726,0211020036,6.0,30.9
SIA,AP,202512,0470449,0206030029,98.0,8501.5
SIA,AP,202512,9725911,0206020031,49.0,6684.09
SIA,AP,202512,9725911,0206010079,66.0,6431.04
SIA,AP,202512,0470449,0206020031,132.0,18006.12
SIA,AP,202512,9725911,0206020015,15.0,1301.25
SIA,AP,202512,9840591,0206010079,7.0,682.08
SIA,AP,202512,0505692,0206030029,5.0,433.75
SIA,AP,202512,2020653,0206010036,45.0,3904.2
SIA,AP,202512,2020653,0206020015,40.0,3470.0
SIA,AP,202512,9725911,0206030037,61.0,8456.43
SIA,AP,202512,2021064,0206020015,27.0,2342.25
SIA,AP,202512,9140344,0206030029,3.0,260.25
SIA,AP,202512,0972703,0206020023,5.0,433.75
SIA,AP,202512,2020653,0206030029,27.0,2342.25
SIA,AP,202512,2021064,0206010036,26.0,2255.76
SIA,AP,202512,2021064,0206030029,31.0,2689.25
SIA,AP,202512,2020645,0206010036,7.0,607.32
SIA,AP,202512,2021765,0206030029,6.0,520.5
SIA,AP,202512,2020653,0206020023,2.0,173.5
SIA,AP,202512,2021773,0206030029,5.0,433.75
SIA,AP,202512,0972703,0206010052,6.0,520.5
SIA,AP,202512,9725911,0206020023,10.0,867.5
SIA,AP,202512,0470449,0206010052,15.0,1301.25
SIA,AP,202512,9140344,0206010036,3.0,260.28
SIA,AP,202512,2021064,0206010052,4.0,347.0
SIA,AP,202512,2021765,0206010036,5.0,433.8
SIA,AP,202512,2020645,0206030029,4.0,347.0
SIA,AP,202512,0505692,0206010036,8.0,694.08
SIA,AP,202512,9835520,0206010036,2.0,173.52
SIA,AP,202512,2020653,0206010052,12.0,1041.0
SIA,AP,202512,0972703,0206030029,3.0,260.25
SIA,AP,202512,9840591,0206030037,19.0,2633.97
SIA,AP,202512,2021064,0206030037,231.0,32023.53
SIA,AP,202512,9725911,0206010036,47.0,4077.72
SIA,AP,202512,0972703,0206030037,105.0,14556.15
SIA,AP,202512,0470449,0206010010,109.0,9456.84
SIA,AP,202512,9140344,0206030037,85.0,11783.55
SIA,AP,202512,2021773,0206020015,1.0,86.75
SIA,AP,202512,9725911,0206010010,60.0,5205.6
SIA,AP,202512,2020653,0206030037,733.0,101615.79
SIA,AP,202512,9725911,0206010028,106.0,10716.6
SIA,AP,202512,9840591,0206010010,5.0,433.8
SIA,AP,202512,2021765,0206030037,44.0,6099.72
SIA,AP,202512,0470449,0206010036,92.0,7981.92
SIA,AP,202512,9725911,0206030029,28.0,2429.0
SIA,AP,202512,9725911,0206010044,9.0,780.75
SIA,AP,202512,0470449,0206010044,39.0,3383.25
SIA,AP,202512,9689257,0206030037,27.0,3743.01
SIA,AP,202512,2021773,0206030037,9.0,1247.67
SIA,AP,202512,0505692,0206030037,15.0,2079.45
SIA,AP,202512,2020645,0206030037,12.0,1663.56
SIA,AP,202512,2021064,0206010060,1.0,97.44
SIA,AP,202512,9835520,0206030037,7.0,970.41
SIA,AP,202512,9840591,0206010036,3.0,260.28
SIA,AP,202512,2020653,0211020036,1121.0,5773.15
SIA,AP,202512,2020165,0211020036,4.0,20.6
SIA,AP,202512,2020076,0211020036,215.0,1107.25
SIA,AP,202512,2019736,0211020036,135.0,695.25
SIA,AP,202512,0470449,0206010079,269.0,26211.36
SIA,AP,202512,2021064,0206010028,62.0,6268.2
SIA,AP,202512,9689257,0206010028,5.0,505.5
SIA,AP,202512,2020653,0206010028,115.0,11626.5
SIA,AP,202512,2020645,0206010028,19.0,1920.9
SIA,AP,202512,0470449,0206010028,321.0,32453.1
SIA,AP,202512,2021765,0206010028,18.0,1819.8
SIA,AP,202512,0972703,0211020060,81.0,2430.0
SIA,AP,202512,0505692,0206010028,27.0,2729.7
SIA,AP,202512,9689257,0211020060,22.0,660.0
SIA,AP,202512,2021196,0211020036,85.0,437.75
SIA,AP,202512,9140344,0206010028,4.0,404.4
SIA,AP,202512,0972703,0206010028,5.0,505.5
SIA,AP,202512,9140344,0206010010,2.0,173.52
SIA,AP,202512,2020653,0206030010,722.0,100090.86
SIA,AP,202512,2020653,0206020031,466.0,63567.06
SIA,AP,202512,2021064,0206030010,183.0,25369.29
SIA,AP,202512,2021064,0206020031,250.0,34102.5
SIA,AP,202512,2021064,0206010044,30.0,2602.5
SIA,AP,202512,9140344,0206030010,88.0,12199.44
SIA,AP,202512,0972703,0206020031,78.0,10639.98
SIA,AP,202512,0470449,0206030037,210.0,29112.3
SIA,AP,202512,2020653,0206010044,84.0,7287.0
SIA,AP,202512,2020645,0206020031,19.0,2591.79
SIA,AP,202512,9140344,0206020031,91.0,12413.31
SIA,AP,202512,0972703,0206030010,111.0,15387.93
SIA,AP,202512,9689257,0206020031,23.0,3137.43
SIA,AP,202512,2021765,0206020031,44.0,6002.04
SIA,AP,202512,9835520,0206030010,9.0,1247.67
SIA,AP,202512,0505692,0206020031,8.0,1091.28
SIA,AP,202512,9689257,0206030010,28.0,3881.64
SIA,AP,202512,2021773,0206020031,14.0,1909.74
SIA,AP,202512,2020645,0206010044,5.0,433.75
SIA,AP,202512,9140344,0206010044,5.0,433.75
SIA,AP,202512,0505692,0206030010,11.0,1524.93
SIA,AP,202512,0972703,0206010044,7.0,607.25
SIA,AP,202512,2021765,0206030010,40.0,5545.2
SIA,AP,202512,2020645,0206030010,20.0,2772.6
SIA,AP,202512,9689257,0206010044,1.0,86.75
SIA,AP,202512,2021773,0206030010,9.0,1247.67
SIA,AP,202512,2021765,0206010044,4.0,347.0
SIA,AP,202512,2021218,0211020036,10.0,51.5
SIA,AP,202512,2021463,0211020036,210.0,1081.5
SIA,AP,202512,2019663,0211020036,15.0,77.25
SIA,AP,202512,2021773,0206010028,3.0,303.3
SIA,AP,202512,4095170,0211020036,15.0,77.25
SIA,AP,202512,9835520,0206010028,1.0,101.1
SIA,AP,202512,9840591,0206030029,4.0,347.0
SIA,AP,202512,9840591,0206010044,1.0,86.75
SIA,AP,202512,4142098,0211020036,730.0,3759.5
SIA,AP,202512,0470449,0211020060,92.0,2760.0
SIA,AP,202512,6585604,0211020036,125.0,643.75
SIA,AP,202512,2020599,0211020036,61.0,314.15
SIA,AP,202512,3432076,0206030010,1.0,138.63
SIA,AP,202512,9421955,0211020036,135.0,695.25
SIA,AP,202512,3432076,0211020060,20.0,600.0
SIA,AP,202512,9140344,0206010052,9.0,780.75
SIA,AP,202512,9689257,0206010036,1.0,86.76
SIA,AP,202512,9140344,0206020015,2.0,173.5
SIA,AP,202512,9689257,0206020015,1.0,86.75
SIA,AP,202512,2021765,0206020015,3.0,260.25
SIA,AP,202512,2020645,0206020023,2.0,173.5
SIA,AP,202512,7433921,0211020036,32.0,164.8
SIA,AP,202512,9689257,0206010052,2.0,173.5
SIA,AP,202512,2021773,0206010036,1.0,86.76
SIA,AP,202512,9835520,0206020031,3.0,409.23
SIA,AP,202512,2020653,0205010016,1.0,165.0
SIA,AP,202512,9725911,0206010052,2.0,173.5
SIA,AP,202512,0972703,0206010036,2.0,173.52
SIA,AP,202512,9835520,0206010044,2.0,173.5
SIA,AP,202512,3432076,0206020031,1.0,136.41
SIA,AP,202512,9689257,0206010010,2.0,173.52
SIA,AP,202512,0505692,0206010044,1.0,86.75
SIA,AP,202512,0505692,0206020015,1.0,86.75
SIA,AP,202512,9835520,0206010052,1.0,86.75
SIA,AP,202512,3432076,0902010026,16.0,3200.0
SIA,AP,202512,3432076,0902010018,3.0,390.0
SIA,AP,202512,2020890,0211020010,113.0,82494.52
SIA,AP,202512,3432076,0206030037,1.0,138.63
SIA,AP,202512,2020963,0211020036,19.0,97.85
SIA,DF,202501,5717515,0206010052,40.0,3470.0
SIA,DF,202501,5717515,0206010079,539.0,52520.16
SIA,DF,202501,5717515,0206030010,818.0,113399.34
SIA,DF,202501,5717515,0206030037,862.0,119499.06
SIA,DF,202501,5717515,0206020023,37.0,3209.75
SIA,DF,202501,5717515,0206020031,415.0,56610.15
SIA,DF,202501,5717515,0206010044,106.0,9195.5
SIA,DF,202501,0996068,0211020036,261.0,1344.15
SIA,DF,202501,5717515,0206010028,129.0,13041.9
SIA,DF,202501,5717515,0206010010,95.0,8242.2
SIA,DF,202501,5717515,0206010036,28.0,2429.28
SIA,DF,202501,6708714,0211020036,693.0,3568.95
SIA,DF,202501,5717515,0206020015,28.0,2429.0
SIA,DF,202501,5717515,0206030029,37.0,3209.75
SIA,DF,202501,2815966,0206030037,8.0,1109.04
SIA,DF,202501,0511501,0211020036,17.0,87.55
SIA,DF,202501,0010499,0206010079,166.0,16175.04
SIA,DF,202501,0010502,0206010010,19.0,1648.44
SIA,DF,202501,2645157,0206010079,90.0,8769.6
SIA,DF,202501,0010537,0206030037,28.0,3881.64
SIA,DF,202501,0010502,0206030010,190.0,26339.7
SIA,DF,202501,2645157,0206030010,99.0,13724.37
SIA,DF,202501,0010499,0206030010,134.0,18576.42
SIA,DF,202501,0010502,0206030037,198.0,27448.74
SIA,DF,202501,0010502,0206020015,22.0,1908.5
SIA,DF,202501,0010499,0206010028,22.0,2224.2
SIA,DF,202501,0010502,0206010079,276.0,26893.44
SIA,DF,202501,0010499,0206030037,129.0,17883.27
SIA,DF,202501,0010502,0206020031,126.0,17187.66
SIA,DF,202501,0010499,0206020031,54.0,7366.14
SIA,DF,202501,0010502,0206010028,30.0,3033.0
SIA,DF,202501,2645157,0206020031,111.0,15141.51
SIA,DF,202501,0010537,0206010079,17.0,1656.48
SIA,DF,202501,0010502,0206010052,12.0,1041.0
SIA,DF,202501,2645157,0206010028,42.0,4246.2
SIA,DF,202501,0010537,0206010028,18.0,1819.8
SIA,DF,202501,0010502,0206010044,21.0,1821.75
SIA,DF,202501,2815966,0206010079,3.0,292.32
SIA,DF,202501,0010502,0206010036,16.0,1388.16
SIA,DF,202501,2645157,0206010044,25.0,2168.75
SIA,DF,202501,0010537,0206010044,15.0,1301.25
SIA,DF,202501,0010502,0206030029,34.0,2949.5
SIA,DF,202501,0010499,0206010044,50.0,4337.5
SIA,DF,202501,0010537,0206020031,76.0,10367.16
SIA,DF,202501,2645157,0206010010,26.0,2255.76
SIA,DF,202501,0010499,0206010010,34.0,2949.84
SIA,DF,202501,0010537,0206030010,55.0,7624.65
SIA,DF,202501,2645157,0206030037,39.0,5406.57
SIA,DF,202501,0010502,0206020023,26.0,2255.5
SIA,DF,202501,2645157,0206020023,6.0,520.5
SIA,DF,202501,2645157,0206010036,19.0,1648.44
SIA,DF,202501,0010499,0206020023,5.0,433.75
SIA,DF,202501,0010499,0206010036,12.0,1041.12
SIA,DF,202501,2645157,0206020015,4.0,347.0
SIA,DF,202501,0010537,0206010052,3.0,260.25
SIA,DF,202501,0010499,0206030029,2.0,173.5
SIA,DF,202501,0010537,0206020023,2.0,173.5
SIA,DF,202501,7116756,0211020036,400.0,2060.0
SIA,DF,202501,2645157,0206010052,3.0,260.25
SIA,DF,202501,0010499,0206020015,2.0,173.5
SIA,DF,202501,2815966,0206010052,2.0,173.5
SIA,DF,202501,2815966,0206020031,7.0,954.87
SIA,DF,202501,2673916,0206010079,65.0,6333.6
SIA,DF,202501,2673916,0206010028,122.0,12334.2
SIA,DF,202501,2673916,0206030037,83.0,11506.29
SIA,DF,202501,2673916,0206010036,42.0,3643.92
SIA,DF,202501,2673916,0206020031,86.0,11731.26
SIA,DF,202501,2673916,0206010010,46.0,3990.96
SIA,DF,202501,2673916,0206020015,59.0,5118.25
SIA,DF,202501,7592477,0211020036,609.0,3136.35
SIA,DF,202501,2673916,0206020023,78.0,6766.5
SIA,DF,202501,2673916,0206030029,32.0,2776.0
SIA,DF,202501,3276678,0211020060,182.0,5460.0
SIA,DF,202501,3276678,0206010044,40.0,3470.0
SIA,DF,202501,3276678,0206030037,158.0,21903.54
SIA,DF,202501,0010472,0206010052,18.0,1561.5
SIA,DF,202501,0010472,0206010079,319.0,31083.36
SIA,DF,202501,0010472,0206030010,274.0,37984.62
SIA,DF,202501,0010472,0206020031,314.0,42832.74
SIA,DF,202501,0010472,0206010036,13.0,1127.88
SIA,DF,202501,0010472,0206030029,45.0,3903.75
SIA,DF,202501,0010472,0206030037,98.0,13585.74
SIA,DF,202501,3276678,0205010016,46.0,7590.0
SIA,DF,202501,3276678,0206020015,38.0,3296.5
SIA,DF,202501,3276678,0206020031,328.0,44742.48
SIA,DF,202501,3276678,0206030010,167.0,23151.21
SIA,DF,202501,3276678,0206010010,19.0,1648.44
SIA,DF,202501,3276678,0206010028,34.0,3437.4
SIA,DF,202501,2840499,0211020036,219.0,1127.85
SIA,DF,202501,2814897,0211020036,1.0,5.15
SIA,DF,202501,0010472,0206010010,56.0,4858.56
SIA,DF,202501,0010472,0206010044,66.0,5725.5
SIA,DF,202501,0010472,0206020015,61.0,5291.75
SIA,DF,202501,3276678,0206010079,141.0,13739.04
SIA,DF,202501,3276678,0206030029,45.0,3903.75
SIA,DF,202501,0010472,0206010028,41.0,4145.1
SIA,DF,202501,0010472,0211020036,47.0,242.05
SIA,DF,202501,0010472,0206020023,13.0,1127.75
SIA,DF,202501,2673916,0211020036,280.0,1442.0
SIA,DF,202501,2673916,0206030010,39.0,5406.57
SIA,DF,202501,0010529,0211020036,464.0,2389.6
SIA,DF,202501,3276678,0206010036,16.0,1388.16
SIA,DF,202501,5598575,0211020036,304.0,1565.6
SIA,DF,202501,2673916,0206010052,7.0,607.25
SIA,DF,202501,0010456,0206010010,370.0,32101.2
SIA,DF,202501,0010510,0206020031,303.0,41332.23
SIA,DF,202501,0010456,0206020031,738.0,100670.58
SIA,DF,202501,0010456,0206010036,277.0,24032.52
SIA,DF,202501,0010456,0206010079,1774.0,172858.56
SIA,DF,202501,0010502,0211020036,765.0,3939.75
SIA,DF,202501,0010456,0206030010,70.0,9704.1
SIA,DF,202501,0010456,0206030037,944.0,130866.72
SIA,DF,202501,0010456,0206010044,326.0,28280.5
SIA,DF,202501,0010510,0206030010,148.0,20517.24
SIA,DF,202501,0010510,0206010079,139.0,13544.16
SIA,DF,202501,0010456,0206020015,90.0,7807.5
SIA,DF,202501,0010510,0208010033,38.0,14556.66
SIA,DF,202501,0010499,0211020036,9.0,46.35
SIA,DF,202501,0010456,0206010028,331.0,33464.1
SIA,DF,202501,0010456,0206010052,158.0,13706.5
SIA,DF,202501,0010510,0206030037,157.0,21764.91
SIA,DF,202501,2673916,0206010044,8.0,694.0
SIA,DF,202501,0010510,0206010010,20.0,1735.2
SIA,DF,202501,0010456,0206020023,84.0,7287.0
SIA,DF,202501,0010456,0206030029,52.0,4511.0
SIA,DF,202501,0010510,0206010028,56.0,5661.6
SIA,DF,202501,0010510,0206010044,55.0,4771.25
SIA,DF,202501,0010510,0206020023,42.0,3643.5
SIA,DF,202501,0010510,0206010036,21.0,1821.96
SIA,DF,202501,0010510,0206010052,22.0,1908.5
SIA,DF,202501,9620311,0211020036,499.0,2569.85
SIA,DF,202501,2645157,0206030029,3.0,260.25
SIA,DF,202501,0010510,0206020015,14.0,1214.5
SIA,DF,202501,0010510,0208010025,29.0,11847.08
SIA,DF,202501,0010510,0206030029,9.0,780.75
SIA,DF,202501,0969877,0211020036,347.0,1787.05
SIA,DF,202501,0010456,0206010060,1.0,97.44
SIA,DF,202501,4573110,0211020036,26.0,133.9
SIA,DF,202501,0010456,0211020036,2610.0,13441.5
SIA,DF,202501,0010499,0206010052,2.0,173.5
SIA,DF,202501,0010537,0211020036,21.0,108.15
SIA,DF,202501,7078730,0211020036,471.0,2425.65
SIA,DF,202501,0924857,0211020036,397.0,2044.55
SIA,DF,202501,3276678,0206010060,1.0,97.44
SIA,DF,202501,3276678,0206010052,11.0,954.25
SIA,DF,202501,3276678,0211020036,151.0,777.65
SIA,DF,202501,0010480,0206030010,205.0,28419.15
SIA,DF,202501,6876617,0206010079,143.0,13933.92
SIA,DF,202501,0010480,0206010079,323.0,31473.12
SIA,DF,202501,0010480,0206030037,67.0,9288.21
SIA,DF,202501,0010464,0206030037,36.0,4990.68
SIA,DF,202501,6876617,0206010060,13.0,1266.72
SIA,DF,202501,0010480,0206020031,207.0,28236.87
SIA,DF,202501,0010480,0206010028,15.0,1516.5
SIA,DF,202501,2672197,0206010036,1.0,86.76
SIA,DF,202501,0010464,0206020031,132.0,18006.12
SIA,DF,202501,9778144,0211020036,116.0,597.4
SIA,DF,202501,2672197,0206010079,70.0,6820.8
SIA,DF,202501,0010464,0206030010,198.0,27448.74
SIA,DF,202501,0010464,0206030029,1.0,86.75
SIA,DF,202501,2672197,0206030010,90.0,12476.7
SIA,DF,202501,9621709,0211020060,11.0,330.0
SIA,DF,202501,9516212,0211020036,283.0,1457.45
SIA,DF,202501,5717515,0211020036,85.0,437.75
SIA,DF,202501,7957815,0206010060,6.0,584.64
SIA,DF,202501,7957815,0206030037,14.0,1940.82
SIA,DF,202501,7957815,0206020031,5.0,682.05
SIA,DF,202501,0010510,0211020010,86.0,62783.44
SIA,DF,202501,0010588,0211020036,349.0,1797.35
SIA,DF,202501,0010537,0206020015,1.0,86.75
SIA,DF,202501,3276678,0211020010,172.0,125566.88
SIA,DF,202501,0010456,0206010095,92.0,193864.24
SIA,DF,202501,0935514,0211020036,277.0,1426.55
SIA,DF,202501,0010456,0211020010,20.0,14600.8
SIA,DF,202501,9414754,0211020036,61.0,314.15
SIA,DF,202501,9561579,0211020036,235.0,1210.25
SIA,DF,202501,6876617,0206030010,43.0,5961.09
SIA,DF,202501,6876617,0206030037,33.0,4574.79
SIA,DF,202501,6876617,0206010044,34.0,2949.5
SIA,DF,202501,0010464,0206010079,86.0,8379.84
SIA,DF,202501,2672197,0206020031,57.0,7775.37
SIA,DF,202501,0010480,0206030029,15.0,1301.25
SIA,DF,202501,2672197,0206010044,8.0,694.0
SIA,DF,202501,6876617,0206020031,89.0,12140.49
SIA,DF,202501,0010480,0206010044,23.0,1995.25
SIA,DF,202501,0010464,0206010044,15.0,1301.25
SIA,DF,202501,0010480,0206010010,15.0,1301.4
SIA,DF,202501,2672197,0206030037,10.0,1386.3
SIA,DF,202501,0010480,0206020015,7.0,607.25
SIA,DF,202501,6876617,0206010010,4.0,347.04
SIA,DF,202501,0010464,0206010028,10.0,1011.0
SIA,DF,202501,0010464,0206010052,12.0,1041.0
SIA,DF,202501,0939145,0211020036,519.0,2672.85
SIA,DF,202501,0010480,0206010052,4.0,347.0
SIA,DF,202501,7957815,0206010052,3.0,260.25
SIA,DF,202501,0727377,0211020036,35.0,180.25
SIA,DF,202501,6876617,0206010052,13.0,1127.75
SIA,DF,202501,0010480,0206010036,9.0,780.84
SIA,DF,202501,2672197,0206010028,3.0,303.3
SIA,DF,202501,0010464,0206010010,6.0,520.56
SIA,DF,202501,6876617,0206020023,3.0,260.25
SIA,DF,202501,0010464,0206020023,6.0,520.5
SIA,DF,202501,7111924,0211020036,489.0,2518.35
SIA,DF,202501,0945595,0211020036,264.0,1359.6
SIA,DF,202501,2815966,0206030010,1.0,138.63
SIA,DF,202501,0010456,0211020060,11.0,330.0
SIA,DF,202501,0010510,0211020036,226.0,1163.9
SIA,DF,202501,0010510,0211020060,51.0,1530.0
SIA,DF,202501,0010464,0206010036,2.0,173.52
SIA,DF,202501,0010480,0206020023,8.0,694.0
SIA,DF,202501,0010480,0211020036,8.0,41.2
SIA,DF,202501,6876617,0211020036,184.0,947.6
SIA,DF,202501,2672197,0206010010,2.0,173.52
SIA,DF,202501,2672197,0206020023,1.0,86.75
SIA,DF,202501,6876617,0206010028,3.0,303.3
SIA,DF,202501,6876617,0206010036,2.0,173.52
SIA,DF,202501,7465157,0211020036,717.0,3692.55
SIA,DF,202501,0010480,0206010060,1.0,97.44
SIA,DF,202502,0010502,0206020015,18.0,1561.5
SIA,DF,202502,0010510,0208010025,43.0,17566.36
SIA,DF,202502,2673916,0206020015,47.0,4077.25
SIA,DF,202502,0010456,0206020015,63.0,5465.25
SIA,DF,202502,0010456,0206010028,325.0,32857.5
SIA,DF,202502,2673916,0206010028,123.0,12435.3
SIA,DF,202502,5717515,0206010028,123.0,12435.3
SIA,DF,202502,0010456,0206010010,373.0,32361.48
SIA,DF,202502,2673916,0206010010,66.0,5726.16
SIA,DF,202502,2645157,0206010028,76.0,7683.6
SIA,DF,202502,0010499,0206010028,16.0,1617.6
SIA,DF,202502,0010480,0206020015,1.0,86.75
SIA,DF,202502,0010510,0206010010,16.0,1388.16
SIA,DF,202502,0010480,0206010010,10.0,867.6
SIA,DF,202502,0010472,0206010028,23.0,2325.3
SIA,DF,202502,5717515,0206010010,108.0,9370.08
SIA,DF,202502,0010472,0206020015,46.0,3990.5
SIA,DF,202502,0010456,0211020036,3114.0,16037.1
SIA,DF,202502,0010537,0206010028,15.0,1516.5
SIA,DF,202502,0010464,0206020015,3.0,260.25
SIA,DF,202502,6876617,0206010010,3.0,260.28
SIA,DF,202502,0727377,0211020036,68.0,350.2
SIA,DF,202502,2840499,0211020036,218.0,1122.7
SIA,DF,202502,2673916,0211020036,391.0,2013.65
SIA,DF,202502,0010502,0206010010,23.0,1995.48
SIA,DF,202502,0010472,0206010010,51.0,4424.76
SIA,DF,202502,3276678,0206010028,51.0,5156.1
SIA,DF,202502,0010499,0206010010,23.0,1995.48
SIA,DF,202502,0010502,0206010028,12.0,1213.2
SIA,DF,202502,3276678,0206020015,26.0,2255.5
SIA,DF,202502,0511501,0211020036,31.0,159.65
SIA,DF,202502,5717515,0206020015,31.0,2689.25
SIA,DF,202502,0010510,0206010028,40.0,4044.0
SIA,DF,202502,3276678,0206010010,23.0,1995.48
SIA,DF,202502,0010464,0206010028,14.0,1415.4
SIA,DF,202502,2672197,0206010028,4.0,404.4
SIA,DF,202502,5717515,0206010044,112.0,9716.0
SIA,DF,202502,0010456,0206020031,737.0,100534.17
SIA,DF,202502,5717515,0206020031,467.0,63703.47
SIA,DF,202502,3276678,0206010044,36.0,3123.0
SIA,DF,202502,2645157,0206010010,8.0,694.08
SIA,DF,202502,0010510,0206020031,286.0,39013.26
SIA,DF,202502,0010510,0206010044,57.0,4944.75
SIA,DF,202502,0010472,0206010044,69.0,5985.75
SIA,DF,202502,0010456,0206010044,304.0,26372.0
SIA,DF,202502,0010502,0206020031,94.0,12822.54
SIA,DF,202502,2672197,0206020031,53.0,7229.73
SIA,DF,202502,0010472,0211020036,56.0,288.4
SIA,DF,202502,0945595,0211020036,266.0,1369.9
SIA,DF,202502,3276678,0206020031,233.0,31783.53
SIA,DF,202502,2645157,0206020015,8.0,694.0
SIA,DF,202502,0010499,0206020031,67.0,9139.47
SIA,DF,202502,0010537,0206020031,69.0,9412.29
SIA,DF,202502,0010537,0211020036,23.0,118.45
SIA,DF,202502,0010480,0206020031,63.0,8593.83
SIA,DF,202502,0010464,0206010044,17.0,1474.75
SIA,DF,202502,0010472,0206020031,300.0,40923.0
SIA,DF,202502,0010499,0211020036,16.0,82.4
SIA,DF,202502,6876617,0206010044,21.0,1821.75
SIA,DF,202502,0010502,0206010044,14.0,1214.5
SIA,DF,202502,0996068,0211020036,252.0,1297.8
SIA,DF,202502,0010464,0211020036,1.0,5.15
SIA,DF,202502,0939145,0211020036,401.0,2065.15
SIA,DF,202502,0010510,0208010033,17.0,6512.19
SIA,DF,202502,2672197,0206010010,1.0,86.76
SIA,DF,202502,0935514,0211020036,184.0,947.6
SIA,DF,202502,0010499,0206010044,41.0,3556.75
SIA,DF,202502,2645157,0206020031,123.0,16778.43
SIA,DF,202502,6876617,0206020031,78.0,10639.98
SIA,DF,202502,0010464,0206020031,104.0,14186.64
SIA,DF,202502,0010588,0211020036,227.0,1169.05
SIA,DF,202502,0010456,0206010060,4.0,389.76
SIA,DF,202502,0010510,0211020036,257.0,1323.55
SIA,DF,202502,2673916,0206020031,89.0,12140.49
SIA,DF,202502,0010480,0206010028,7.0,707.7
SIA,DF,202502,2645157,0206010044,22.0,1908.5
SIA,DF,202502,0010529,0211020036,467.0,2405.05
SIA,DF,202502,7957815,0206020031,9.0,1227.69
SIA,DF,202502,0010537,0206010044,13.0,1127.75
SIA,DF,202502,2673916,0206010044,5.0,433.75
SIA,DF,202502,0010502,0211020036,300.0,1545.0
SIA,DF,202502,0969877,0211020036,271.0,1395.65
SIA,DF,202502,0924857,0211020036,422.0,2173.3
SIA,DF,202502,0010480,0211020036,6.0,30.9
SIA,DF,202502,2672197,0206010044,3.0,260.25
SIA,DF,202502,6876617,0206010060,16.0,1559.04
SIA,DF,202502,4573110,0211020036,23.0,118.45
SIA,DF,202502,2815966,0206020031,6.0,818.46
SIA,DF,202502,0010480,0206010044,7.0,607.25
SIA,DF,202502,5717515,0211020036,103.0,530.45
SIA,DF,202502,7111924,0211020036,496.0,2554.4
SIA,DF,202502,0010464,0206010060,1.0,97.44
SIA,DF,202502,0010464,0206010010,3.0,260.28
SIA,DF,202502,9620311,0211020036,429.0,2209.35
SIA,DF,202502,6876617,0206010028,3.0,303.3
SIA,DF,202502,6876617,0211020036,197.0,1014.55
SIA,DF,202502,6708714,0211020036,673.0,3465.95
SIA,DF,202502,5598575,0211020036,271.0,1395.65
SIA,DF,202502,7465157,0211020036,669.0,3445.35
SIA,DF,202502,9516212,0211020036,401.0,2065.15
SIA,DF,202502,9778144,0211020036,145.0,746.75
SIA,DF,202502,7592477,0211020036,518.0,2667.7
SIA,DF,202502,7957815,0206010060,3.0,292.32
SIA,DF,202502,7116756,0211020036,423.0,2178.45
SIA,DF,202502,9414754,0211020036,198.0,1019.7
SIA,DF,202502,7078730,0211020036,503.0,2590.45
SIA,DF,202502,3276678,0211020036,205.0,1055.75
SIA,DF,202502,9561579,0211020036,326.0,1678.9
SIA,DF,202502,0010537,0206010010,1.0,86.76
SIA,DF,202502,0010472,0206030010,363.0,50322.69
SIA,DF,202502,2645157,0206030010,127.0,17606.01
SIA,DF,202502,2672197,0206030010,120.0,16635.6
SIA,DF,202502,0010480,0206030010,97.0,13447.11
SIA,DF,202502,5717515,0206030010,924.0,128094.12
SIA,DF,202502,2673916,0206030010,32.0,4436.16
SIA,DF,202502,0010537,0206030010,77.0,10674.51
SIA,DF,202502,0010502,0206010052,9.0,780.75
SIA,DF,202502,0010499,0206030010,153.0,21210.39
SIA,DF,202502,0010502,0206030010,203.0,28141.89
SIA,DF,202502,0010456,0206010052,154.0,13359.5
SIA,DF,202502,0010464,0206030010,180.0,24953.4
SIA,DF,202502,0010510,0206010052,25.0,2168.75
SIA,DF,202502,0010510,0206030010,161.0,22319.43
SIA,DF,202502,0010510,0206010060,1.0,97.44
SIA,DF,202502,3276678,0206030010,156.0,21626.28
SIA,DF,202502,0010480,0206010052,5.0,433.75
SIA,DF,202502,3276678,0211020010,172.0,125566.88
SIA,DF,202502,0010456,0206030010,47.0,6515.61
SIA,DF,202502,6876617,0206030010,51.0,7070.13
SIA,DF,202502,0010464,0206010052,17.0,1474.75
SIA,DF,202502,2645157,0206010060,1.0,97.44
SIA,DF,202502,2673916,0206010052,9.0,780.75
SIA,DF,202502,3276678,0206010052,19.0,1648.25
SIA,DF,202502,5717515,0206010052,41.0,3556.75
SIA,DF,202502,6876617,0206010052,7.0,607.25
SIA,DF,202502,2645157,0206010052,2.0,173.5
SIA,DF,202502,3276678,0206010079,144.0,14031.36
SIA,DF,202502,5717515,0206010079,606.0,59048.64
SIA,DF,202502,0010502,0206010079,259.0,25236.96
SIA,DF,202502,0010502,0206020023,15.0,1301.25
SIA,DF,202502,0010456,0206010079,1735.0,169058.4
SIA,DF,202502,0010472,0206010079,312.0,30401.28
SIA,DF,202502,0010499,0206010079,187.0,18221.28
SIA,DF,202502,2645157,0206010079,47.0,4579.68
SIA,DF,202502,2673916,0206020023,60.0,5205.0
SIA,DF,202502,5717515,0206020023,50.0,4337.5
SIA,DF,202502,0010464,0206010079,86.0,8379.84
SIA,DF,202502,0010480,0206010079,68.0,6625.92
SIA,DF,202502,2815966,0206010079,6.0,584.64
SIA,DF,202502,6876617,0206010079,126.0,12277.44
SIA,DF,202502,2673916,0206010079,56.0,5456.64
SIA,DF,202502,2645157,0206020023,7.0,607.25
SIA,DF,202502,2672197,0206010079,54.0,5261.76
SIA,DF,202502,0010510,0206010079,103.0,10036.32
SIA,DF,202502,0010537,0206010079,14.0,1364.16
SIA,DF,202502,0010456,0206020023,103.0,8935.25
SIA,DF,202502,0010510,0206020023,17.0,1474.75
SIA,DF,202502,0010472,0206010052,15.0,1301.25
SIA,DF,202502,0010456,0211020060,45.0,1350.0
SIA,DF,202502,2672197,0206020023,3.0,260.25
SIA,DF,202502,0010472,0206020023,9.0,780.75
SIA,DF,202502,3276678,0211020060,169.0,5070.0
SIA,DF,202502,9621709,0211020060,9.0,270.0
SIA,DF,202502,0010510,0206010036,14.0,1214.64
SIA,DF,202502,0010456,0206010036,240.0,20822.4
SIA,DF,202502,3276678,0205010016,64.0,10560.0
SIA,DF,202502,0010480,0206010036,3.0,260.28
SIA,DF,202502,3276678,0206010036,14.0,1214.64
SIA,DF,202502,2673916,0206010036,42.0,3643.92
SIA,DF,202502,0010499,0206010036,9.0,780.84
SIA,DF,202502,5717515,0206010036,29.0,2516.04
SIA,DF,202502,0010499,0206010052,5.0,433.75
SIA,DF,202502,0010464,0206010036,4.0,347.04
SIA,DF,202502,0010472,0206010036,13.0,1127.88
SIA,DF,202502,2815966,0206030010,1.0,138.63
SIA,DF,202502,2815966,0206010052,2.0,173.5
SIA,DF,202502,2645157,0206010036,7.0,607.32
SIA,DF,202502,0010502,0206010036,6.0,520.56
SIA,DF,202502,2672197,0206010036,1.0,86.76
SIA,DF,202502,7957815,0206010052,3.0,260.25
SIA,DF,202502,5717515,0206030037,967.0,134055.21
SIA,DF,202502,3276678,0206030037,135.0,18715.05
SIA,DF,202502,6876617,0206030037,33.0,4574.79
SIA,DF,202502,7957815,0206030037,12.0,1663.56
SIA,DF,202502,0010456,0206030037,906.0,125598.78
SIA,DF,202502,0010502,0206030037,208.0,28835.04
SIA,DF,202502,0010472,0206030037,87.0,12060.81
SIA,DF,202502,0010510,0206030037,169.0,23428.47
SIA,DF,202502,2673916,0206030037,85.0,11783.55
SIA,DF,202502,0010499,0206030037,157.0,21764.91
SIA,DF,202502,0010464,0206030037,23.0,3188.49
SIA,DF,202502,0010537,0206030037,16.0,2218.08
SIA,DF,202502,2645157,0206030037,50.0,6931.5
SIA,DF,202502,0010480,0206030037,9.0,1247.67
SIA,DF,202502,2672197,0206030037,7.0,970.41
SIA,DF,202502,2815966,0206030037,8.0,1109.04
SIA,DF,202502,0010456,0206030029,80.0,6940.0
SIA,DF,202502,0010502,0206030029,24.0,2082.0
SIA,DF,202502,0010510,0206030029,16.0,1388.0
SIA,DF,202502,5717515,0206030029,34.0,2949.5
SIA,DF,202502,3276678,0206030029,31.0,2689.25
SIA,DF,202502,2673916,0206030029,60.0,5205.0
SIA,DF,202502,0010472,0206030029,57.0,4944.75
SIA,DF,202502,2645157,0206030029,7.0,607.25
SIA,DF,202502,0010464,0206030029,3.0,260.25
SIA,DF,202502,0010480,0206030029,3.0,260.25
SIA,DF,202502,0010510,0206020015,5.0,433.75
SIA,DF,202502,0010499,0206020015,1.0,86.75
SIA,DF,202502,0010510,0211020060,115.0,3450.0
SIA,DF,202502,6876617,0206020023,1.0,86.75
SIA,DF,202502,0010464,0206020023,13.0,1127.75
SIA,DF,202502,0010480,0206020023,5.0,433.75
SIA,DF,202502,0010499,0206020023,2.0,173.5
SIA,DF,202502,2672197,0206010052,2.0,173.5
SIA,DF,202502,0010537,0206020023,1.0,86.75
SIA,DF,202502,0010510,0211020010,63.0,45992.52
SIA,DF,202502,0010456,0211020010,97.0,70813.88
SIA,DF,202502,0010456,0206010095,78.0,164363.16
SIA,DF,202502,7957815,0206030010,2.0,277.26
SIA,DF,202502,0010537,0206010052,1.0,86.75
SIA,DF,202502,6876617,0206030029,2.0,173.5
SIA,DF,202502,3276678,0206010060,1.0,97.44
SIA,DF,202503,2673916,0206010010,59.0,5118.84
SIA,DF,202503,2673916,0206010036,40.0,3470.4
SIA,DF,202503,2673916,0206020015,56.0,4858.0
SIA,DF,202503,2673916,0206020023,62.0,5378.5
SIA,DF,202503,2673916,0206030010,22.0,3049.86
SIA,DF,202503,2673916,0206030037,62.0,8595.06
SIA,DF,202503,3276678,0206010079,272.0,26503.68
SIA,DF,202503,3276678,0206020031,219.0,29873.79
SIA,DF,202503,3276678,0206030010,139.0,19269.57
SIA,DF,202503,3276678,0206010028,26.0,2628.6
SIA,DF,202503,3276678,0206030037,125.0,17328.75
SIA,DF,202503,2673916,0206010028,110.0,11121.0
SIA,DF,202503,2673916,0206010052,4.0,347.0
SIA,DF,202503,2673916,0206010079,64.0,6236.16
SIA,DF,202503,2673916,0206020031,64.0,8730.24
SIA,DF,202503,2673916,0206030029,53.0,4597.75
SIA,DF,202503,3276678,0205010016,51.0,8415.0
SIA,DF,202503,3276678,0206030029,64.0,5552.0
SIA,DF,202503,0939145,0211020036,429.0,2209.35
SIA,DF,202503,7078730,0211020036,493.0,2538.95
SIA,DF,202503,3276678,0206010036,12.0,1041.12
SIA,DF,202503,3276678,0206010044,19.0,1648.25
SIA,DF,202503,3276678,0206020015,62.0,5378.5
SIA,DF,202503,2672197,0206020031,61.0,8321.01
SIA,DF,202503,2672197,0206010079,60.0,5846.4
SIA,DF,202503,2672197,0206030037,9.0,1247.67
SIA,DF,202503,2672197,0206030010,118.0,16358.34
SIA,DF,202503,3276678,0206010052,14.0,1214.5
SIA,DF,202503,3276678,0211020060,145.0,4350.0
SIA,DF,202503,3276678,0211020036,158.0,813.7
SIA,DF,202503,2672197,0206010052,1.0,86.75
SIA,DF,202503,2672197,0206030029,2.0,173.5
SIA,DF,202503,2672197,0206010044,2.0,173.5
SIA,DF,202503,3276678,0206010060,3.0,292.32
SIA,DF,202503,0010456,0206010036,194.0,16831.44
SIA,DF,202503,0010456,0206030037,1112.0,154156.56
SIA,DF,202503,0010456,0206020031,858.0,117039.78
SIA,DF,202503,0010456,0206010079,1990.0,193905.6
SIA,DF,202503,0010456,0206030010,99.0,13724.37
SIA,DF,202503,2673916,0206010044,6.0,520.5
SIA,DF,202503,0010456,0206020023,118.0,10236.5
SIA,DF,202503,3276678,0206010010,14.0,1214.64
SIA,DF,202503,0010456,0206010052,162.0,14053.5
SIA,DF,202503,0010456,0206010010,419.0,36352.44
SIA,DF,202503,2673916,0211020036,338.0,1740.7
SIA,DF,202503,0010456,0206010044,369.0,32010.75
SIA,DF,202503,0010456,0206030029,70.0,6072.5
SIA,DF,202503,0010456,0206010028,311.0,31442.1
SIA,DF,202503,0010456,0206020015,81.0,7026.75
SIA,DF,202503,0010502,0206030037,208.0,28835.04
SIA,DF,202503,6876617,0206020031,81.0,11049.21
SIA,DF,202503,6876617,0206030010,52.0,7208.76
SIA,DF,202503,0010537,0206030037,15.0,2079.45
SIA,DF,202503,0010502,0206010079,260.0,25334.4
SIA,DF,202503,0010537,0206010079,9.0,876.96
SIA,DF,202503,0010537,0206010028,11.0,1112.1
SIA,DF,202503,0010537,0206020031,62.0,8457.42
SIA,DF,202503,0010537,0206030010,53.0,7347.39
SIA,DF,202503,0010502,0206030010,195.0,27032.85
SIA,DF,202503,0010502,0206020031,112.0,15277.92
SIA,DF,202503,0010502,0206010010,10.0,867.6
SIA,DF,202503,5717515,0206030010,819.0,113537.97
SIA,DF,202503,5717515,0206030037,881.0,122133.03
SIA,DF,202503,5717515,0206020031,436.0,59474.76
SIA,DF,202503,5717515,0206010052,25.0,2168.75
SIA,DF,202503,5717515,0206010079,554.0,53981.76
SIA,DF,202503,5717515,0206010010,83.0,7201.08
SIA,DF,202503,9516212,0211020036,269.0,1385.35
SIA,DF,202503,6876617,0206010079,148.0,14421.12
SIA,DF,202503,0010537,0206010052,4.0,347.0
SIA,DF,202503,5717515,0206010044,109.0,9455.75
SIA,DF,202503,0010502,0206010044,22.0,1908.5
SIA,DF,202503,5717515,0206010028,94.0,9503.4
SIA,DF,202503,5717515,0206020015,28.0,2429.0
SIA,DF,202503,6876617,0206030037,36.0,4990.68
SIA,DF,202503,6876617,0211020036,193.0,993.95
SIA,DF,202503,6876617,0206010044,21.0,1821.75
SIA,DF,202503,6876617,0206010060,15.0,1461.6
SIA,DF,202503,0010464,0206030010,176.0,24398.88
SIA,DF,202503,0010464,0206010079,97.0,9451.68
SIA,DF,202503,0010499,0206010044,53.0,4597.75
SIA,DF,202503,0010499,0206030037,133.0,18437.79
SIA,DF,202503,2645157,0206020031,196.0,26736.36
SIA,DF,202503,0010499,0206030010,134.0,18576.42
SIA,DF,202503,0010464,0206020031,83.0,11322.03
SIA,DF,202503,0010499,0206010079,196.0,19098.24
SIA,DF,202503,0010464,0206010052,19.0,1648.25
SIA,DF,202503,0010480,0206010079,53.0,5164.32
SIA,DF,202503,9414754,0211020036,246.0,1266.9
SIA,DF,202503,2645157,0206010079,91.0,8867.04
SIA,DF,202503,0010464,0206010028,7.0,707.7
SIA,DF,202503,5717515,0206020023,39.0,3383.25
SIA,DF,202503,2645157,0206030010,139.0,19269.57
SIA,DF,202503,0010480,0206010052,7.0,607.25
SIA,DF,202503,2645157,0206010028,83.0,8391.3
SIA,DF,202503,2645157,0206010010,12.0,1041.12
SIA,DF,202503,0010480,0206020031,71.0,9685.11
SIA,DF,202503,2645157,0206030037,46.0,6376.98
SIA,DF,202503,0010502,0206010028,13.0,1314.3
SIA,DF,202503,2645157,0206010044,20.0,1735.0
SIA,DF,202503,0010502,0206020023,15.0,1301.25
SIA,DF,202503,0010480,0206030010,82.0,11367.66
SIA,DF,202503,6876617,0206010028,3.0,303.3
SIA,DF,202503,0010480,0206010028,7.0,707.7
SIA,DF,202503,5717515,0206030029,33.0,2862.75
SIA,DF,202503,0010537,0206030029,2.0,173.5
SIA,DF,202503,0010464,0206030037,21.0,2911.23
SIA,DF,202503,0010499,0206020031,51.0,6956.91
SIA,DF,202503,0010499,0206010010,30.0,2602.8
SIA,DF,202503,2645157,0206020015,18.0,1561.5
SIA,DF,202503,2645157,0206010036,19.0,1648.44
SIA,DF,202503,0010480,0206010036,2.0,173.52
SIA,DF,202503,2645157,0206030029,6.0,520.5
SIA,DF,202503,0969877,0211020036,292.0,1503.8
SIA,DF,202503,5717515,0206010036,18.0,1561.68
SIA,DF,202503,5717515,0211020036,80.0,412.0
SIA,DF,202503,0010499,0206010028,15.0,1516.5
SIA,DF,202503,0010464,0206020023,6.0,520.5
SIA,DF,202503,0010499,0206010036,13.0,1127.88
SIA,DF,202503,0010464,0206010060,1.0,97.44
SIA,DF,202503,0010464,0206010044,11.0,954.25
SIA,DF,202503,0010502,0206020015,12.0,1041.0
SIA,DF,202503,0010537,0206010036,2.0,173.52
SIA,DF,202503,0010502,0206030029,24.0,2082.0
SIA,DF,202503,0010502,0206010052,10.0,867.5
SIA,DF,202503,0010480,0206010044,6.0,520.5
SIA,DF,202503,2645157,0206020023,6.0,520.5
SIA,DF,202503,0010464,0206020015,2.0,173.5
SIA,DF,202503,0010480,0206020015,1.0,86.75
SIA,DF,202503,6876617,0206020023,11.0,954.25
SIA,DF,202503,6876617,0206010052,7.0,607.25
SIA,DF,202503,0010510,0206010079,151.0,14713.44
SIA,DF,202503,0010510,0206030010,72.0,9981.36
SIA,DF,202503,0010510,0206020031,192.0,26190.72
SIA,DF,202503,0010510,0206030037,83.0,11506.29
SIA,DF,202503,0010510,0206030029,14.0,1214.5
SIA,DF,202503,0010510,0208010025,32.0,13072.64
SIA,DF,202503,0010510,0206020023,39.0,3383.25
SIA,DF,202503,0010510,0206010052,10.0,867.5
SIA,DF,202503,0010510,0206010044,31.0,2689.25
SIA,DF,202503,0010456,0211020036,2457.0,12653.55
SIA,DF,202503,0010510,0206010036,11.0,954.36
SIA,DF,202503,0010510,0206010028,34.0,3437.4
SIA,DF,202503,0010510,0208010033,52.0,19919.64
SIA,DF,202503,0010472,0206020031,265.0,36148.65
SIA,DF,202503,0010472,0206010079,280.0,27283.2
SIA,DF,202503,0010472,0206030010,213.0,29528.19
SIA,DF,202503,0010472,0206010028,30.0,3033.0
SIA,DF,202503,0010472,0206010044,43.0,3730.25
SIA,DF,202503,0010472,0206020015,49.0,4250.75
SIA,DF,202503,0010472,0206030029,29.0,2515.75
SIA,DF,202503,0010472,0206010052,29.0,2515.75
SIA,DF,202503,0010472,0206030037,65.0,9010.95
SIA,DF,202503,7957815,0206010052,5.0,433.75
SIA,DF,202503,0010472,0206010036,5.0,433.8
SIA,DF,202503,2815966,0206030037,8.0,1109.04
SIA,DF,202503,7957815,0206020031,9.0,1227.69
SIA,DF,202503,7957815,0206030037,8.0,1109.04
SIA,DF,202503,0010472,0206020023,32.0,2776.0
SIA,DF,202503,7957815,0206030010,1.0,138.63
SIA,DF,202503,7465157,0211020036,774.0,3986.1
SIA,DF,202503,0010472,0206010010,54.0,4685.04
SIA,DF,202503,0511501,0211020036,26.0,133.9
SIA,DF,202503,0010510,0206020015,5.0,433.75
SIA,DF,202503,0010588,0211020036,192.0,988.8
SIA,DF,202503,7116756,0211020036,425.0,2188.75
SIA,DF,202503,9778144,0211020036,196.0,1009.4
SIA,DF,202503,0010537,0206020023,1.0,86.75
SIA,DF,202503,2815966,0206010052,1.0,86.75
SIA,DF,202503,9620311,0211020036,386.0,1987.9
SIA,DF,202503,0010456,0211020060,59.0,1770.0
SIA,DF,202503,6876617,0206010010,3.0,260.28
SIA,DF,202503,0010510,0206010010,12.0,1041.12
SIA,DF,202503,2815966,0206030010,3.0,415.89
SIA,DF,202503,0010502,0206010036,8.0,694.08
SIA,DF,202503,2672197,0206020023,1.0,86.75
SIA,DF,202503,9561579,0211020036,453.0,2332.95
SIA,DF,202503,0010480,0206030037,10.0,1386.3
SIA,DF,202503,2645157,0206010052,6.0,520.5
SIA,DF,202503,0010499,0206020023,2.0,173.5
SIA,DF,202503,0010480,0206010010,4.0,347.04
SIA,DF,202503,0010480,0206030029,1.0,86.75
SIA,DF,202503,0010464,0206010036,2.0,173.52
SIA,DF,202503,0010472,0211020036,50.0,257.5
SIA,DF,202503,3276678,0211020010,193.0,140897.72
SIA,DF,202503,0010510,0211020036,302.0,1555.3
SIA,DF,202503,0010510,0211020060,70.0,2100.0
SIA,DF,202503,6876617,0206010036,2.0,173.52
SIA,DF,202503,0010499,0206020015,1.0,86.75
SIA,DF,202503,0010464,0206010010,3.0,260.28
SIA,DF,202503,0010480,0206020023,2.0,173.5
SIA,DF,202503,6876617,0206030029,1.0,86.75
SIA,DF,202503,0010480,0211020036,5.0,25.75
SIA,DF,202503,0924857,0211020036,244.0,1256.6
SIA,DF,202503,0010464,0211020036,1.0,5.15
SIA,DF,202503,0010464,0206030029,1.0,86.75
SIA,DF,202503,7592477,0211020036,565.0,2909.75
SIA,DF,202503,0010510,0211020010,169.0,123376.76
SIA,DF,202503,0010537,0206010044,3.0,260.25
SIA,DF,202503,0010537,0206020015,1.0,86.75
SIA,DF,202503,0010456,0206010095,76.0,160148.72
SIA,DF,202503,0010537,0206010010,2.0,173.52
SIA,DF,202503,0010456,0211020010,46.0,33581.84
SIA,DF,202503,4573110,0211020036,10.0,51.5
SIA,DF,202503,0010502,0211020036,350.0,1802.5
SIA,DF,202503,0010537,0211020036,25.0,128.75
SIA,DF,202503,0727377,0211020036,23.0,118.45
SIA,DF,202503,9621709,0211020060,7.0,210.0
SIA,DF,202503,7111924,0211020036,515.0,2652.25
SIA,DF,202503,0010529,0211020036,468.0,2410.2
SIA,DF,202503,2672197,0206020015,1.0,86.75
SIA,DF,202503,0945595,0211020036,300.0,1545.0
SIA,DF,202503,0996068,0211020036,273.0,1405.95
SIA,DF,202503,2815966,0206020031,7.0,954.87
SIA,DF,202503,0935514,0211020036,252.0,1297.8
SIA,DF,202503,5598575,0211020036,224.0,1153.6
SIA,DF,202503,2840499,0211020036,236.0,1215.4
SIA,DF,202503,6708714,0211020036,736.0,3790.4
SIA,DF,202503,2815966,0206010079,2.0,194.88
SIA,DF,202504,0010510,0211020010,138.0,100745.52
SIA,DF,202504,0010456,0206010095,94.0,198078.68
SIA,DF,202504,0010456,0211020010,27.0,19711.08
SIA,DF,202504,0010464,0206030010,156.0,21626.28
SIA,DF,202504,0010472,0206020015,53.0,4597.75
SIA,DF,202504,0010472,0206030010,309.0,42836.67
SIA,DF,202504,0010472,0206010010,78.0,6767.28
SIA,DF,202504,0010472,0206010079,405.0,39463.2
SIA,DF,202504,0010480,0206030010,79.0,10951.77
SIA,DF,202504,0010499,0206030010,134.0,18576.42
SIA,DF,202504,0010499,0206010079,207.0,20170.08
SIA,DF,202504,0010499,0206010028,18.0,1819.8
SIA,DF,202504,0010502,0206030010,216.0,29944.08
SIA,DF,202504,0010456,0211020036,4473.0,23035.95
SIA,DF,202504,0010464,0206010079,106.0,10328.64
SIA,DF,202504,0010472,0206010028,27.0,2729.7
SIA,DF,202504,0010480,0206010079,53.0,5164.32
SIA,DF,202504,0010499,0206010010,33.0,2863.08
SIA,DF,202504,0010502,0206010079,263.0,25626.72
SIA,DF,202504,6876617,0206030010,42.0,5822.46
SIA,DF,202504,5717515,0206010079,569.0,55443.36
SIA,DF,202504,5717515,0206030010,876.0,121439.88
SIA,DF,202504,3276678,0206010044,35.0,3036.25
SIA,DF,202504,0010456,0206010079,1789.0,174320.16
SIA,DF,202504,0010537,0206030010,80.0,11090.4
SIA,DF,202504,0010472,0206010044,74.0,6419.5
SIA,DF,202504,0010510,0206010028,13.0,1314.3
SIA,DF,202504,0010537,0206010028,31.0,3134.1
SIA,DF,202504,6876617,0206010079,120.0,11692.8
SIA,DF,202504,0010456,0206010044,281.0,24376.75
SIA,DF,202504,0010537,0206010044,25.0,2168.75
SIA,DF,202504,9561579,0211020036,270.0,1390.5
SIA,DF,202504,5717515,0206010028,123.0,12435.3
SIA,DF,202504,0010464,0206010044,31.0,2689.25
SIA,DF,202504,0010480,0206010044,4.0,347.0
SIA,DF,202504,5717515,0211020036,166.0,854.9
SIA,DF,202504,0010456,0206010010,425.0,36873.0
SIA,DF,202504,0010456,0206010028,290.0,29319.0
SIA,DF,202504,0010499,0206010044,44.0,3817.0
SIA,DF,202504,0010510,0208010033,34.0,13024.38
SIA,DF,202504,0010510,0208010025,20.0,8170.4
SIA,DF,202504,9414754,0211020036,381.0,1962.15
SIA,DF,202504,7465157,0211020036,707.0,3641.05
SIA,DF,202504,0010502,0206010028,18.0,1819.8
SIA,DF,202504,0010464,0206010010,5.0,433.8
SIA,DF,202504,0010502,0206010010,32.0,2776.32
SIA,DF,202504,0010472,0211020036,43.0,221.45
SIA,DF,202504,0010480,0206010028,2.0,202.2
SIA,DF,202504,7116756,0211020036,387.0,1993.05
SIA,DF,202504,2673916,0206010028,125.0,12637.5
SIA,DF,202504,2673916,0206030010,38.0,5267.94
SIA,DF,202504,5717515,0206010044,102.0,8848.5
SIA,DF,202504,3276678,0206010079,132.0,12862.08
SIA,DF,202504,3276678,0206010028,44.0,4448.4
SIA,DF,202504,3276678,0206030010,156.0,21626.28
SIA,DF,202504,2815966,0206010079,7.0,682.08
SIA,DF,202504,0010502,0206010044,25.0,2168.75
SIA,DF,202504,2645157,0206030010,133.0,18437.79
SIA,DF,202504,2673916,0206010044,5.0,433.75
SIA,DF,202504,0511501,0211020036,19.0,97.85
SIA,DF,202504,0969877,0211020036,342.0,1761.3
SIA,DF,202504,2815966,0206010044,1.0,86.75
SIA,DF,202504,5717515,0206020015,31.0,2689.25
SIA,DF,202504,0010456,0206030010,128.0,17744.64
SIA,DF,202504,0010502,0206020015,26.0,2255.5
SIA,DF,202504,0010502,0211020036,302.0,1555.3
SIA,DF,202504,6876617,0206010044,28.0,2429.0
SIA,DF,202504,2815966,0206030010,1.0,138.63
SIA,DF,202504,3276678,0206010010,30.0,2602.8
SIA,DF,202504,0010464,0211020036,2.0,10.3
SIA,DF,202504,2673916,0206010079,63.0,6138.72
SIA,DF,202504,2645157,0206010044,20.0,1735.0
SIA,DF,202504,6708714,0211020036,597.0,3074.55
SIA,DF,202504,7078730,0211020036,487.0,2508.05
SIA,DF,202504,0010456,0206020015,107.0,9282.25
SIA,DF,202504,2645157,0206010079,79.0,7697.76
SIA,DF,202504,2672197,0206030010,110.0,15249.3
SIA,DF,202504,2672197,0206020015,1.0,86.75
SIA,DF,202504,2672197,0206010079,62.0,6041.28
SIA,DF,202504,2673916,0206020015,49.0,4250.75
SIA,DF,202504,2645157,0206010010,29.0,2516.04
SIA,DF,202504,2645157,0206010028,63.0,6369.3
SIA,DF,202504,2645157,0206020015,8.0,694.0
SIA,DF,202504,2673916,0206010010,53.0,4598.28
SIA,DF,202504,0010588,0211020036,230.0,1184.5
SIA,DF,202504,0010510,0206020015,12.0,1041.0
SIA,DF,202504,3276678,0211020036,154.0,793.1
SIA,DF,202504,5717515,0206010010,96.0,8328.96
SIA,DF,202504,0010537,0211020036,20.0,103.0
SIA,DF,202504,0010510,0206030010,37.0,5129.31
SIA,DF,202504,4573110,0211020036,10.0,51.5
SIA,DF,202504,0010529,0211020036,361.0,1859.15
SIA,DF,202504,0010537,0206010079,11.0,1071.84
SIA,DF,202504,9620311,0211020036,511.0,2631.65
SIA,DF,202504,0996068,0211020036,296.0,1524.4
SIA,DF,202504,0935514,0211020036,195.0,1004.25
SIA,DF,202504,0727377,0211020036,70.0,360.5
SIA,DF,202504,7111924,0211020036,615.0,3167.25
SIA,DF,202504,0010510,0206010010,8.0,694.08
SIA,DF,202504,0010510,0206010079,21.0,2046.24
SIA,DF,202504,0010464,0206010028,6.0,606.6
SIA,DF,202504,3276678,0206020015,72.0,6246.0
SIA,DF,202504,0010510,0211020036,302.0,1555.3
SIA,DF,202504,6876617,0206010010,4.0,347.04
SIA,DF,202504,0010537,0206020015,1.0,86.75
SIA,DF,202504,0939145,0211020036,356.0,1833.4
SIA,DF,202504,9778144,0211020036,200.0,1030.0
SIA,DF,202504,5598575,0211020036,240.0,1236.0
SIA,DF,202504,2673916,0211020036,364.0,1874.6
SIA,DF,202504,0010510,0211020060,78.0,2340.0
SIA,DF,202504,0945595,0211020036,253.0,1302.95
SIA,DF,202504,0010537,0206010010,2.0,173.52
SIA,DF,202504,9516212,0211020036,344.0,1771.6
SIA,DF,202504,2840499,0211020036,231.0,1189.65
SIA,DF,202504,0924857,0211020036,386.0,1987.9
SIA,DF,202504,0010456,0211020060,37.0,1110.0
SIA,DF,202504,0010510,0206010044,6.0,520.5
SIA,DF,202504,6876617,0211020036,163.0,839.45
SIA,DF,202504,2672197,0206010010,1.0,86.76
SIA,DF,202504,3276678,0211020060,138.0,4140.0
SIA,DF,202504,9621709,0211020060,11.0,330.0
SIA,DF,202504,2672197,0206010044,3.0,260.25
SIA,DF,202504,6876617,0206020015,3.0,260.25
SIA,DF,202504,7592477,0211020036,583.0,3002.45
SIA,DF,202504,0010499,0206020015,2.0,173.5
SIA,DF,202504,6876617,0206010028,2.0,202.2
SIA,DF,202504,2672197,0206010028,2.0,202.2
SIA,DF,202504,3276678,0206020031,312.0,42559.92
SIA,DF,202504,5717515,0206020031,480.0,65476.8
SIA,DF,202504,0010456,0206020031,846.0,115402.86
SIA,DF,202504,2672197,0206020031,86.0,11731.26
SIA,DF,202504,0010464,0206020031,89.0,12140.49
SIA,DF,202504,0010537,0206020031,115.0,15687.15
SIA,DF,202504,0010472,0206020031,347.0,47334.27
SIA,DF,202504,0010502,0206020031,112.0,15277.92
SIA,DF,202504,2673916,0206020031,69.0,9412.29
SIA,DF,202504,0010510,0206020031,107.0,14595.87
SIA,DF,202504,2645157,0206020031,116.0,15823.56
SIA,DF,202504,0010480,0206020031,84.0,11458.44
SIA,DF,202504,6876617,0206020031,70.0,9548.7
SIA,DF,202504,7957815,0206020031,14.0,1909.74
SIA,DF,202504,0010499,0206020031,85.0,11594.85
SIA,DF,202504,5717515,0206030037,928.0,128648.64
SIA,DF,202504,0010456,0206030037,1122.0,155542.86
SIA,DF,202504,3276678,0206030037,136.0,18853.68
SIA,DF,202504,0010456,0206010052,212.0,18391.0
SIA,DF,202504,0010510,0206030037,53.0,7347.39
SIA,DF,202504,6876617,0206030037,34.0,4713.42
SIA,DF,202504,6876617,0206010060,11.0,1071.84
SIA,DF,202504,0010502,0206030037,228.0,31607.64
SIA,DF,202504,0010499,0206030037,131.0,18160.53
SIA,DF,202504,0010472,0206030037,118.0,16358.34
SIA,DF,202504,0010464,0206010052,45.0,3903.75
SIA,DF,202504,0010480,0206010052,2.0,173.5
SIA,DF,202504,0010472,0206010052,35.0,3036.25
SIA,DF,202504,2645157,0206010052,7.0,607.25
SIA,DF,202504,6876617,0206010052,8.0,694.0
SIA,DF,202504,2672197,0206030037,4.0,554.52
SIA,DF,202504,0010537,0206010052,5.0,433.75
SIA,DF,202504,2673916,0206030037,82.0,11367.66
SIA,DF,202504,0010499,0206010052,5.0,433.75
SIA,DF,202504,3276678,0211020010,142.0,103665.68
SIA,DF,202504,0010537,0206030037,30.0,4158.9
SIA,DF,202504,0010510,0206010052,4.0,347.0
SIA,DF,202504,2673916,0206010052,7.0,607.25
SIA,DF,202504,2645157,0206030037,49.0,6792.87
SIA,DF,202504,5717515,0206010052,25.0,2168.75
SIA,DF,202504,0010502,0206010052,4.0,347.0
SIA,DF,202504,0010464,0206030037,23.0,3188.49
SIA,DF,202504,3276678,0206010052,18.0,1561.5
SIA,DF,202504,7957815,0206030037,8.0,1109.04
SIA,DF,202504,3276678,0205010016,57.0,9405.0
SIA,DF,202504,2815966,0206030037,6.0,831.78
SIA,DF,202504,0010480,0206030037,8.0,1109.04
SIA,DF,202504,2815966,0206010052,6.0,520.5
SIA,DF,202504,2815966,0206020031,4.0,545.64
SIA,DF,202504,2672197,0206010052,2.0,173.5
SIA,DF,202504,2645157,0206010036,31.0,2689.56
SIA,DF,202504,0010472,0206020023,34.0,2949.5
SIA,DF,202504,0010456,0206020023,135.0,11711.25
SIA,DF,202504,2645157,0206030029,13.0,1127.75
SIA,DF,202504,0010510,0206020023,29.0,2515.75
SIA,DF,202504,3276678,0206030029,78.0,6766.5
SIA,DF,202504,2673916,0206020023,61.0,5291.75
SIA,DF,202504,5717515,0206020023,53.0,4597.75
SIA,DF,202504,3276678,0206010036,24.0,2082.24
SIA,DF,202504,0010510,0206030029,12.0,1041.0
SIA,DF,202504,0010456,0206010036,179.0,15530.04
SIA,DF,202504,0010537,0206020023,11.0,954.25
SIA,DF,202504,0010456,0206030029,53.0,4597.75
SIA,DF,202504,0010502,0206030029,22.0,1908.5
SIA,DF,202504,2673916,0206030029,64.0,5552.0
SIA,DF,202504,0010502,0206020023,19.0,1648.25
SIA,DF,202504,0010472,0206030029,36.0,3123.0
SIA,DF,202504,2673916,0206010036,31.0,2689.56
SIA,DF,202504,0010472,0206010036,11.0,954.36
SIA,DF,202504,0010502,0206010036,11.0,954.36
SIA,DF,202504,2645157,0206020023,8.0,694.0
SIA,DF,202504,6876617,0206010036,2.0,173.52
SIA,DF,202504,0010499,0206010036,10.0,867.6
SIA,DF,202504,5717515,0206030029,32.0,2776.0
SIA,DF,202504,5717515,0206010036,25.0,2169.0
SIA,DF,202504,0010464,0206020023,7.0,607.25
SIA,DF,202504,0010510,0206010036,7.0,607.32
SIA,DF,202504,6876617,0206030029,4.0,347.0
SIA,DF,202504,2672197,0206020023,1.0,86.75
SIA,DF,202504,7957815,0206010060,3.0,292.32
SIA,DF,202504,0010464,0206010036,5.0,433.8
SIA,DF,202504,0010480,0206010036,2.0,173.52
SIA,DF,202504,2672197,0206010036,1.0,86.76
SIA,DF,202504,2672197,0206030029,1.0,86.75
SIA,DF,202504,7957815,0206010052,2.0,173.5
SIA,DF,202504,3276678,0206010060,2.0,194.88
SIA,DF,202504,0010480,0206010010,1.0,86.76
SIA,DF,202504,0010480,0206030029,2.0,173.5
SIA,DF,202504,0010499,0206030029,3.0,260.25
SIA,DF,202504,0010480,0206020023,3.0,260.25
SIA,DF,202504,6876617,0206020023,3.0,260.25
SIA,DF,202504,0010464,0206030029,1.0,86.75
SIA,DF,202504,0010499,0206020023,2.0,173.5
SIA,DF,202504,0010537,0206010036,3.0,260.28
SIA,DF,202505,3276678,0211020010,212.0,154768.48
SIA,DF,202505,0010456,0211020010,59.0,43072.36
SIA,DF,202505,0010510,0211020010,111.0,81034.44
SIA,DF,202505,0010472,0206030010,344.0,47688.72
SIA,DF,202505,0010502,0206030010,193.0,26755.59
SIA,DF,202505,3276678,0205010016,61.0,10065.0
SIA,DF,202505,3276678,0206010036,18.0,1561.68
SIA,DF,202505,3276678,0206030010,200.0,27726.0
SIA,DF,202505,0010456,0206020023,132.0,11451.0
SIA,DF,202505,0010499,0206010036,12.0,1041.12
SIA,DF,202505,0010456,0206030010,111.0,15387.93
SIA,DF,202505,0010480,0206030010,75.0,10397.25
SIA,DF,202505,0010499,0206030010,166.0,23012.58
SIA,DF,202505,0010464,0206030010,166.0,23012.58
SIA,DF,202505,0010456,0211020036,1414.0,7282.1
SIA,DF,202505,0010472,0211020036,62.0,319.3
SIA,DF,202505,0924857,0211020036,287.0,1478.05
SIA,DF,202505,0010456,0206010036,209.0,18132.84
SIA,DF,202505,6876617,0206030010,49.0,6792.87
SIA,DF,202505,2645157,0206030010,126.0,17467.38
SIA,DF,202505,2673916,0206030010,34.0,4713.42
SIA,DF,202505,3276678,0211020036,165.0,849.75
SIA,DF,202505,5717515,0206030010,847.0,117419.61
SIA,DF,202505,5717515,0206010036,21.0,1821.96
SIA,DF,202505,0010502,0206010036,7.0,607.32
SIA,DF,202505,0010456,0206010095,78.0,164363.16
SIA,DF,202505,2672197,0206010036,1.0,86.76
SIA,DF,202505,2672197,0206030010,81.0,11229.03
SIA,DF,202505,2673916,0206020023,76.0,6593.0
SIA,DF,202505,0010537,0206030010,81.0,11229.03
SIA,DF,202505,2673916,0206010036,48.0,4164.48
SIA,DF,202505,2645157,0206010036,16.0,1388.16
SIA,DF,202505,0010510,0206030010,86.0,11922.18
SIA,DF,202505,0010510,0208010025,37.0,15115.24
SIA,DF,202505,0935514,0211020036,170.0,875.5
SIA,DF,202505,7111924,0211020036,453.0,2332.95
SIA,DF,202505,6876617,0211020036,191.0,983.65
SIA,DF,202505,0010472,0206020023,31.0,2689.25
SIA,DF,202505,0945595,0211020036,115.0,592.25
SIA,DF,202505,5717515,0206020023,45.0,3903.75
SIA,DF,202505,0969877,0211020036,297.0,1529.55
SIA,DF,202505,0939145,0211020036,283.0,1457.45
SIA,DF,202505,9561579,0211020036,370.0,1905.5
SIA,DF,202505,9620311,0211020036,252.0,1297.8
SIA,DF,202505,0996068,0211020036,218.0,1122.7
SIA,DF,202505,4573110,0211020036,4.0,20.6
SIA,DF,202505,0010510,0206010036,6.0,520.56
SIA,DF,202505,7465157,0211020036,711.0,3661.65
SIA,DF,202505,7078730,0211020036,470.0,2420.5
SIA,DF,202505,0010464,0206020023,1.0,86.75
SIA,DF,202505,2840499,0211020036,99.0,509.85
SIA,DF,202505,7116756,0211020036,396.0,2039.4
SIA,DF,202505,0010510,0211020036,366.0,1884.9
SIA,DF,202505,0010529,0211020036,358.0,1843.7
SIA,DF,202505,5717515,0211020036,89.0,458.35
SIA,DF,202505,5598575,0211020036,233.0,1199.95
SIA,DF,202505,2673916,0211020036,401.0,2065.15
SIA,DF,202505,0010537,0211020036,22.0,113.3
SIA,DF,202505,0010510,0206020023,17.0,1474.75
SIA,DF,202505,0010502,0211020036,316.0,1627.4
SIA,DF,202505,0010588,0211020036,119.0,612.85
SIA,DF,202505,9778144,0211020036,188.0,968.2
SIA,DF,202505,7592477,0211020036,564.0,2904.6
SIA,DF,202505,9414754,0211020036,168.0,865.2
SIA,DF,202505,0511501,0211020036,17.0,87.55
SIA,DF,202505,9516212,0211020036,455.0,2343.25
SIA,DF,202505,5717515,0206030037,864.0,119776.32
SIA,DF,202505,0010456,0206030037,1160.0,160810.8
SIA,DF,202505,0010472,0206030037,108.0,14972.04
SIA,DF,202505,0010456,0206010052,216.0,18738.0
SIA,DF,202505,2645157,0206030037,63.0,8733.69
SIA,DF,202505,3276678,0206030037,191.0,26478.33
SIA,DF,202505,2673916,0206030037,88.0,12199.44
SIA,DF,202505,0010499,0206030037,186.0,25785.18
SIA,DF,202505,0010464,0206030037,30.0,4158.9
SIA,DF,202505,0010510,0206030037,90.0,12476.7
SIA,DF,202505,0010537,0206030037,40.0,5545.2
SIA,DF,202505,2815966,0206030037,12.0,1663.56
SIA,DF,202505,2673916,0206010052,10.0,867.5
SIA,DF,202505,0010502,0206030037,206.0,28557.78
SIA,DF,202505,3276678,0206010052,24.0,2082.0
SIA,DF,202505,0010537,0206010052,5.0,433.75
SIA,DF,202505,5717515,0206010052,29.0,2515.75
SIA,DF,202505,6876617,0206030037,34.0,4713.42
SIA,DF,202505,0010502,0206020023,16.0,1388.0
SIA,DF,202505,6708714,0211020036,647.0,3332.05
SIA,DF,202505,0727377,0211020036,52.0,267.8
SIA,DF,202505,0010480,0206030037,7.0,970.41
SIA,DF,202505,2672197,0206030037,12.0,1663.56
SIA,DF,202505,7957815,0206030037,14.0,1940.82
SIA,DF,202505,0010480,0206010052,4.0,347.0
SIA,DF,202505,0010480,0206010036,2.0,173.52
SIA,DF,202505,0010464,0206010052,18.0,1561.5
SIA,DF,202505,6876617,0206010052,12.0,1041.0
SIA,DF,202505,0010499,0206010052,10.0,867.5
SIA,DF,202505,0010499,0206020023,4.0,347.0
SIA,DF,202505,0010502,0206010052,2.0,173.5
SIA,DF,202505,2645157,0206020023,10.0,867.5
SIA,DF,202505,0010510,0206010052,5.0,433.75
SIA,DF,202505,0010537,0206020023,4.0,347.0
SIA,DF,202505,2645157,0206010052,6.0,520.5
SIA,DF,202505,2815966,0206010052,4.0,347.0
SIA,DF,202505,0010472,0206010052,11.0,954.25
SIA,DF,202505,6876617,0206020023,5.0,433.75
SIA,DF,202505,5717515,0206010079,616.0,60023.04
SIA,DF,202505,0010537,0206010028,39.0,3942.9
SIA,DF,202505,0010456,0206010028,338.0,34171.8
SIA,DF,202505,0010456,0206010079,2083.0,202967.52
SIA,DF,202505,3276678,0206020015,71.0,6159.25
SIA,DF,202505,2673916,0206020015,58.0,5031.5
SIA,DF,202505,2672197,0206010079,56.0,5456.64
SIA,DF,202505,0010456,0206010010,498.0,43206.48
SIA,DF,202505,5717515,0206010044,138.0,11971.5
SIA,DF,202505,6876617,0206010044,32.0,2776.0
SIA,DF,202505,2645157,0206020015,16.0,1388.0
SIA,DF,202505,2645157,0206010079,60.0,5846.4
SIA,DF,202505,2673916,0206010028,120.0,12132.0
SIA,DF,202505,2673916,0206010079,79.0,7697.76
SIA,DF,202505,0010510,0206010079,30.0,2923.2
SIA,DF,202505,0010510,0208010033,20.0,7661.4
SIA,DF,202505,3276678,0206010028,41.0,4145.1
SIA,DF,202505,3276678,0206010079,139.0,13544.16
SIA,DF,202505,0010456,0206010044,347.0,30102.25
SIA,DF,202505,0010472,0206010079,398.0,38781.12
SIA,DF,202505,0010502,0206010079,257.0,25042.08
SIA,DF,202505,0010480,0206010079,46.0,4482.24
SIA,DF,202505,0010502,0206010028,21.0,2123.1
SIA,DF,202505,6876617,0206010079,140.0,13641.6
SIA,DF,202505,0010472,0206020015,68.0,5899.0
SIA,DF,202505,5717515,0206010028,86.0,8694.6
SIA,DF,202505,5717515,0206020015,36.0,3123.0
SIA,DF,202505,0010537,0206010079,15.0,1461.6
SIA,DF,202505,0010499,0206010079,251.0,24457.44
SIA,DF,202505,0010464,0206010079,96.0,9354.24
SIA,DF,202505,0010499,0206010028,23.0,2325.3
SIA,DF,202505,0010502,0206020015,20.0,1735.0
SIA,DF,202505,0010499,0206010044,57.0,4944.75
SIA,DF,202505,0010537,0206010044,25.0,2168.75
SIA,DF,202505,0010472,0206010044,90.0,7807.5
SIA,DF,202505,3276678,0206010010,31.0,2689.56
SIA,DF,202505,0010472,0206010028,36.0,3639.6
SIA,DF,202505,0010502,0206010010,16.0,1388.16
SIA,DF,202505,5717515,0206010010,83.0,7201.08
SIA,DF,202505,0010472,0206010010,72.0,6246.72
SIA,DF,202505,2645157,0206010028,89.0,8997.9
SIA,DF,202505,0010510,0206020031,108.0,14732.28
SIA,DF,202505,0010456,0206020031,941.0,128361.81
SIA,DF,202505,5717515,0206020031,603.0,82255.23
SIA,DF,202505,0010464,0206020031,104.0,14186.64
SIA,DF,202505,0010472,0206020031,291.0,39695.31
SIA,DF,202505,0010502,0206020031,112.0,15277.92
SIA,DF,202505,2645157,0206020031,153.0,20870.73
SIA,DF,202505,3276678,0206020031,310.0,42287.1
SIA,DF,202505,2673916,0206020031,58.0,7911.78
SIA,DF,202505,0010499,0206020031,100.0,13641.0
SIA,DF,202505,0010537,0206020031,101.0,13777.41
SIA,DF,202505,6876617,0206020031,73.0,9957.93
SIA,DF,202505,0010480,0206020031,81.0,11049.21
SIA,DF,202505,2672197,0206020031,86.0,11731.26
SIA,DF,202505,0010464,0206010044,17.0,1474.75
SIA,DF,202505,0010502,0206010044,16.0,1388.0
SIA,DF,202505,2672197,0206010044,6.0,520.5
SIA,DF,202505,2645157,0206010010,24.0,2082.24
SIA,DF,202505,3276678,0206010060,2.0,194.88
SIA,DF,202505,0010510,0206010028,10.0,1011.0
SIA,DF,202505,7957815,0206020031,5.0,682.05
SIA,DF,202505,0010456,0206020015,56.0,4858.0
SIA,DF,202505,0010510,0206020015,4.0,347.0
SIA,DF,202505,2673916,0206010010,52.0,4511.52
SIA,DF,202505,2815966,0206010079,5.0,487.2
SIA,DF,202505,0010499,0206010010,38.0,3296.88
SIA,DF,202505,0010537,0206010010,1.0,86.76
SIA,DF,202505,3276678,0206010044,39.0,3383.25
SIA,DF,202505,2645157,0206010044,28.0,2429.0
SIA,DF,202505,6876617,0206010060,11.0,1071.84
SIA,DF,202505,0010537,0206020015,2.0,173.5
SIA,DF,202505,0010510,0206010010,5.0,433.8
SIA,DF,202505,6876617,0206010028,2.0,202.2
SIA,DF,202505,0010510,0206010044,15.0,1301.25
SIA,DF,202505,6876617,0206010010,2.0,173.52
SIA,DF,202505,0010464,0206010010,2.0,173.52
SIA,DF,202505,0010480,0206010010,3.0,260.28
SIA,DF,202505,0010537,0206010036,3.0,260.28
SIA,DF,202505,0010472,0206010036,3.0,260.28
SIA,DF,202505,6876617,0206010036,1.0,86.76
SIA,DF,202505,2673916,0206010044,5.0,433.75
SIA,DF,202505,2815966,0206030010,2.0,277.26
SIA,DF,202505,7957815,0206030010,1.0,138.63
SIA,DF,202505,0010456,0205010016,1.0,165.0
SIA,DF,202505,0010510,0206010060,1.0,97.44
SIA,DF,202505,0010464,0206010036,2.0,173.52
SIA,DF,202505,7957815,0206010060,3.0,292.32
SIA,DF,202505,0010480,0206010044,6.0,520.5
SIA,DF,202505,2815966,0206020031,10.0,1364.1
SIA,DF,202505,0010499,0206030029,3.0,260.25
SIA,DF,202505,2673916,0206030029,57.0,4944.75
SIA,DF,202505,0010464,0206010028,8.0,808.8
SIA,DF,202505,0010499,0206020015,1.0,86.75
SIA,DF,202505,0010456,0206030029,60.0,5205.0
SIA,DF,202505,0010502,0206030029,16.0,1388.0
SIA,DF,202505,2645157,0206030029,18.0,1561.5
SIA,DF,202505,3276678,0206030029,83.0,7200.25
SIA,DF,202505,5717515,0206030029,35.0,3036.25
SIA,DF,202505,0010472,0206030029,51.0,4424.25
SIA,DF,202505,2672197,0206010028,2.0,202.2
SIA,DF,202505,0010480,0206020023,1.0,86.75
SIA,DF,202505,0010480,0206030029,4.0,347.0
SIA,DF,202505,2672197,0206020023,2.0,173.5
SIA,DF,202505,0010480,0206010028,4.0,404.4
SIA,DF,202505,0010464,0206020015,2.0,173.5
SIA,DF,202505,2672197,0206030029,1.0,86.75
SIA,DF,202505,0010510,0206030029,3.0,260.25
SIA,DF,202505,3276678,0211020060,175.0,5250.0
SIA,DF,202505,0010510,0211020060,32.0,960.0
SIA,DF,202505,0010456,0211020060,82.0,2460.0
SIA,DF,202505,0010537,0206030029,1.0,86.75
SIA,DF,202505,9621709,0211020060,13.0,390.0
SIA,DF,202505,5717515,0211020060,2.0,60.0
SIA,DF,202505,0010464,0206030029,2.0,173.5
SIA,DF,202505,6876617,0206030029,2.0,173.5
SIA,DF,202505,2672197,0206010010,1.0,86.76
SIA,DF,202505,7957815,0206010052,1.0,86.75
SIA,DF,202506,0010510,0211020010,116.0,84684.64
SIA,DF,202506,0010510,0211020036,286.0,1472.9
SIA,DF,202506,2673916,0206030029,34.0,2949.5
SIA,DF,202506,0010480,0206030037,235.0,32578.05
SIA,DF,202506,2645157,0206030029,20.0,1735.0
SIA,DF,202506,5717515,0206030029,12.0,1041.0
SIA,DF,202506,0010456,0206030029,82.0,7113.5
SIA,DF,202506,3276678,0206030029,76.0,6593.0
SIA,DF,202506,0010472,0206030029,55.0,4771.25
SIA,DF,202506,0010537,0206030029,1.0,86.75
SIA,DF,202506,0010480,0206030029,68.0,5899.0
SIA,DF,202506,0010510,0206030029,4.0,347.0
SIA,DF,202506,0010502,0206030029,16.0,1388.0
SIA,DF,202506,6876617,0206030029,4.0,347.0
SIA,DF,202506,0010456,0206010010,481.0,41731.56
SIA,DF,202506,0010456,0206010044,371.0,32184.25
SIA,DF,202506,0010472,0206010044,76.0,6593.0
SIA,DF,202506,5717515,0206010044,100.0,8675.0
SIA,DF,202506,0010464,0206010044,31.0,2689.25
SIA,DF,202506,3276678,0206010044,57.0,4944.75
SIA,DF,202506,5717515,0206010010,50.0,4338.0
SIA,DF,202506,0010510,0206010044,19.0,1648.25
SIA,DF,202506,3276678,0211020010,226.0,164989.04
SIA,DF,202506,0010472,0206010010,69.0,5986.44
SIA,DF,202506,0010464,0206030029,3.0,260.25
SIA,DF,202506,0010480,0206010079,941.0,91691.04
SIA,DF,202506,0010464,0206010010,7.0,607.32
SIA,DF,202506,2673916,0206010010,59.0,5118.84
SIA,DF,202506,3276678,0206010010,27.0,2342.52
SIA,DF,202506,0010499,0206010010,33.0,2863.08
SIA,DF,202506,0010537,0206010044,16.0,1388.0
SIA,DF,202506,0010480,0206010044,68.0,5899.0
SIA,DF,202506,0010480,0206010010,64.0,5552.64
SIA,DF,202506,0010510,0206010010,11.0,954.36
SIA,DF,202506,6876617,0206010010,5.0,433.8
SIA,DF,202506,6876617,0206010044,33.0,2862.75
SIA,DF,202506,0010499,0206010044,46.0,3990.5
SIA,DF,202506,2672197,0206010044,4.0,347.0
SIA,DF,202506,0010456,0206010095,52.0,109575.44
SIA,DF,202506,0010456,0206010036,233.0,20215.08
SIA,DF,202506,3276678,0205010016,58.0,9570.0
SIA,DF,202506,2645157,0206010036,40.0,3470.4
SIA,DF,202506,2673916,0206010036,41.0,3557.16
SIA,DF,202506,0010499,0206010036,10.0,867.6
SIA,DF,202506,0010502,0206010036,21.0,1821.96
SIA,DF,202506,0010480,0206010036,29.0,2516.04
SIA,DF,202506,3276678,0206010036,18.0,1561.68
SIA,DF,202506,0010510,0206010036,9.0,780.84
SIA,DF,202506,3276678,0206020015,66.0,5725.5
SIA,DF,202506,2645157,0206020015,12.0,1041.0
SIA,DF,202506,0010456,0206020015,73.0,6332.75
SIA,DF,202506,2673916,0206020015,54.0,4684.5
SIA,DF,202506,0010510,0206020015,1.0,86.75
SIA,DF,202506,0010499,0206020015,6.0,520.5
SIA,DF,202506,5717515,0206020015,22.0,1908.5
SIA,DF,202506,0010472,0206020015,55.0,4771.25
SIA,DF,202506,0010480,0206020015,33.0,2862.75
SIA,DF,202506,0010480,0206020031,337.0,45970.17
SIA,DF,202506,5717515,0206010036,20.0,1735.2
SIA,DF,202506,0010502,0206020015,13.0,1127.75
SIA,DF,202506,0010537,0206020015,1.0,86.75
SIA,DF,202506,0010472,0206010036,7.0,607.32
SIA,DF,202506,0010464,0206010036,9.0,780.84
SIA,DF,202506,0010537,0206010036,4.0,347.04
SIA,DF,202506,0010464,0206020015,4.0,347.0
SIA,DF,202506,0010456,0206020031,884.0,120586.44
SIA,DF,202506,3276678,0206020031,288.0,39286.08
SIA,DF,202506,0010499,0206030010,129.0,17883.27
SIA,DF,202506,0010464,0206030010,177.0,24537.51
SIA,DF,202506,0010456,0206030010,167.0,23151.21
SIA,DF,202506,0010502,0206020031,121.0,16505.61
SIA,DF,202506,5717515,0206030010,612.0,84841.56
SIA,DF,202506,0010537,0206030010,35.0,4852.05
SIA,DF,202506,0010464,0206020031,122.0,16642.02
SIA,DF,202506,6876617,0206020031,104.0,14186.64
SIA,DF,202506,3276678,0206030010,176.0,24398.88
SIA,DF,202506,5717515,0206020031,390.0,53199.9
SIA,DF,202506,2672197,0206020031,66.0,9003.06
SIA,DF,202506,0010472,0206020031,274.0,37376.34
SIA,DF,202506,0010510,0206030010,57.0,7901.91
SIA,DF,202506,2645157,0206030010,111.0,15387.93
SIA,DF,202506,0010502,0206030010,184.0,25507.92
SIA,DF,202506,7957815,0206020031,8.0,1091.28
SIA,DF,202506,0010499,0206020031,92.0,12549.72
SIA,DF,202506,0010480,0206030010,330.0,45747.9
SIA,DF,202506,0010510,0206020031,96.0,13095.36
SIA,DF,202506,0010472,0206030010,291.0,40341.33
SIA,DF,202506,2673916,0206020031,64.0,8730.24
SIA,DF,202506,2672197,0206030010,66.0,9149.58
SIA,DF,202506,2673916,0206030010,42.0,5822.46
SIA,DF,202506,2645157,0206020031,134.0,18278.94
SIA,DF,202506,6876617,0206010060,11.0,1071.84
SIA,DF,202506,6876617,0206030010,34.0,4713.42
SIA,DF,202506,0010537,0206020031,58.0,7911.78
SIA,DF,202506,0010502,0206010010,23.0,1995.48
SIA,DF,202506,0010502,0206010044,22.0,1908.5
SIA,DF,202506,2645157,0206010010,20.0,1735.2
SIA,DF,202506,2673916,0206020023,76.0,6593.0
SIA,DF,202506,0010456,0206020023,115.0,9976.25
SIA,DF,202506,5717515,0206020023,37.0,3209.75
SIA,DF,202506,0010464,0206020023,16.0,1388.0
SIA,DF,202506,2645157,0206010044,19.0,1648.25
SIA,DF,202506,0010472,0206020023,18.0,1561.5
SIA,DF,202506,0010480,0206010028,41.0,4145.1
SIA,DF,202506,2673916,0206010044,7.0,607.25
SIA,DF,202506,2645157,0206020023,17.0,1474.75
SIA,DF,202506,0010480,0206020023,10.0,867.5
SIA,DF,202506,0010510,0206020023,1.0,86.75
SIA,DF,202506,6876617,0206020023,3.0,260.25
SIA,DF,202506,2672197,0206020023,4.0,347.0
SIA,DF,202506,0010499,0206020023,6.0,520.5
SIA,DF,202506,0010502,0206020023,9.0,780.75
SIA,DF,202506,0010537,0206020023,1.0,86.75
SIA,DF,202506,2815966,0206020031,6.0,818.46
SIA,DF,202506,5717515,0206010060,1.0,97.44
SIA,DF,202506,0010456,0211020010,56.0,40882.24
SIA,DF,202506,0010456,0206010079,1281.0,124820.64
SIA,DF,202506,0010472,0206010028,32.0,3235.2
SIA,DF,202506,5717515,0206010079,500.0,48720.0
SIA,DF,202506,0010472,0206010079,313.0,30498.72
SIA,DF,202506,0010502,0206010028,28.0,2830.8
SIA,DF,202506,2645157,0206010028,95.0,9604.5
SIA,DF,202506,0010456,0206010028,334.0,33767.4
SIA,DF,202506,3276678,0206010079,167.0,16272.48
SIA,DF,202506,0010464,0206010079,113.0,11010.72
SIA,DF,202506,0010502,0206010079,225.0,21924.0
SIA,DF,202506,0010480,0206010052,15.0,1301.25
SIA,DF,202506,2673916,0206010079,77.0,7502.88
SIA,DF,202506,0010499,0206010079,193.0,18805.92
SIA,DF,202506,5717515,0206010028,74.0,7481.4
SIA,DF,202506,0010510,0206010079,26.0,2533.44
SIA,DF,202506,2673916,0206010028,109.0,11019.9
SIA,DF,202506,2672197,0206010079,61.0,5943.84
SIA,DF,202506,0010464,0206010028,15.0,1516.5
SIA,DF,202506,6876617,0206010079,133.0,12959.52
SIA,DF,202506,2645157,0206010079,65.0,6333.6
SIA,DF,202506,3276678,0206010028,41.0,4145.1
SIA,DF,202506,0010537,0206010028,49.0,4953.9
SIA,DF,202506,3276678,0206010060,1.0,97.44
SIA,DF,202506,0010510,0206010028,11.0,1112.1
SIA,DF,202506,0010499,0206010028,20.0,2022.0
SIA,DF,202506,7957815,0206010060,1.0,97.44
SIA,DF,202506,0010537,0206010079,10.0,974.4
SIA,DF,202506,2672197,0206030029,1.0,86.75
SIA,DF,202506,2672197,0206010028,2.0,202.2
SIA,DF,202506,0010499,0206030029,1.0,86.75
SIA,DF,202506,3276678,0206030037,173.0,23982.99
SIA,DF,202506,0010456,0206030037,1152.0,159701.76
SIA,DF,202506,0010472,0206030037,99.0,13724.37
SIA,DF,202506,0010499,0206030037,139.0,19269.57
SIA,DF,202506,0010456,0206010052,223.0,19345.25
SIA,DF,202506,5717515,0206030037,662.0,91773.06
SIA,DF,202506,0010502,0206030037,189.0,26201.07
SIA,DF,202506,0010510,0206030037,74.0,10258.62
SIA,DF,202506,0010537,0206030037,15.0,2079.45
SIA,DF,202506,2645157,0206030037,53.0,7347.39
SIA,DF,202506,3276678,0206010052,7.0,607.25
SIA,DF,202506,2673916,0206030037,69.0,9565.47
SIA,DF,202506,6876617,0206030037,30.0,4158.9
SIA,DF,202506,0010456,0211020036,1422.0,7323.3
SIA,DF,202506,0010464,0206030037,19.0,2633.97
SIA,DF,202506,0010502,0206010052,4.0,347.0
SIA,DF,202506,5717515,0206010052,24.0,2082.0
SIA,DF,202506,7957815,0206030037,10.0,1386.3
SIA,DF,202506,0010537,0206010052,3.0,260.25
SIA,DF,202506,6876617,0206010052,13.0,1127.75
SIA,DF,202506,0969877,0211020036,192.0,988.8
SIA,DF,202506,0010464,0206010052,17.0,1474.75
SIA,DF,202506,2815966,0206010079,4.0,389.76
SIA,DF,202506,0010456,0211020060,42.0,1260.0
SIA,DF,202506,2672197,0206030037,10.0,1386.3
SIA,DF,202506,2645157,0206010052,3.0,260.25
SIA,DF,202506,0010510,0206010052,3.0,260.25
SIA,DF,202506,4573110,0211020036,18.0,92.7
SIA,DF,202506,0010472,0206010052,10.0,867.5
SIA,DF,202506,7957815,0206010052,8.0,694.0
SIA,DF,202506,2815966,0206030037,10.0,1386.3
SIA,DF,202506,0010499,0206010052,4.0,347.0
SIA,DF,202506,9621709,0211020060,3.0,90.0
SIA,DF,202506,0010510,0211020060,39.0,1170.0
SIA,DF,202506,7111924,0211020036,407.0,2096.05
SIA,DF,202506,3276678,0211020060,160.0,4800.0
SIA,DF,202506,6876617,0206010028,2.0,202.2
SIA,DF,202506,6876617,0206020015,1.0,86.75
SIA,DF,202506,2815966,0206020015,1.0,86.75
SIA,DF,202506,2815966,0206010052,3.0,260.25
SIA,DF,202506,9561579,0211020036,216.0,1112.4
SIA,DF,202506,0010472,0211020036,43.0,221.45
SIA,DF,202506,5598575,0211020036,137.0,705.55
SIA,DF,202506,0010464,0211020036,3.0,15.45
SIA,DF,202506,5717515,0211020036,107.0,551.05
SIA,DF,202506,9516212,0211020036,387.0,1993.05
SIA,DF,202506,2673916,0206010052,5.0,433.75
SIA,DF,202506,7078730,0211020036,464.0,2389.6
SIA,DF,202506,6876617,0211020036,206.0,1060.9
SIA,DF,202506,7116756,0211020036,424.0,2183.6
SIA,DF,202506,9778144,0211020036,135.0,695.25
SIA,DF,202506,0010502,0211020036,334.0,1720.1
SIA,DF,202506,3276678,0211020036,141.0,726.15
SIA,DF,202506,0935514,0211020036,157.0,808.55
SIA,DF,202506,0010537,0211020036,23.0,118.45
SIA,DF,202506,0010529,0211020036,572.0,2945.8
SIA,DF,202506,0924857,0211020036,339.0,1745.85
SIA,DF,202506,0727377,0211020036,17.0,87.55
SIA,DF,202506,6708714,0211020036,630.0,3244.5
SIA,DF,202506,9414754,0211020036,236.0,1215.4
SIA,DF,202506,0010499,0211020036,1.0,5.15
SIA,DF,202506,9620311,0211020036,196.0,1009.4
SIA,DF,202506,7465157,0211020036,692.0,3563.8
SIA,DF,202506,2840499,0211020036,87.0,448.05
SIA,DF,202506,0945595,0211020036,268.0,1380.2
SIA,DF,202506,0511501,0211020036,10.0,51.5
SIA,DF,202506,2673916,0211020036,357.0,1838.55
SIA,DF,202506,0939145,0211020036,155.0,798.25
SIA,DF,202506,0996068,0211020036,42.0,216.3
SIA,DF,202506,7592477,0211020036,567.0,2920.05
SIA,DF,202507,2673916,0206030037,73.0,10119.99
SIA,DF,202507,5717515,0206010028,185.0,18703.5
SIA,DF,202507,5717515,0206010079,1315.0,128133.6
SIA,DF,202507,5717515,0206020031,1073.0,146367.93
SIA,DF,202507,5717515,0206030010,1749.0,242463.87
SIA,DF,202507,5717515,0206030037,1859.0,257713.17
SIA,DF,202507,5717515,0206010010,173.0,15009.48
SIA,DF,202507,5717515,0206010036,65.0,5639.4
SIA,DF,202507,5717515,0206020023,117.0,10149.75
SIA,DF,202507,2673916,0206030010,32.0,4436.16
SIA,DF,202507,2673916,0206010079,71.0,6918.24
SIA,DF,202507,2673916,0206010036,43.0,3730.68
SIA,DF,202507,5717515,0211020036,53.0,272.95
SIA,DF,202507,5717515,0206010044,225.0,19518.75
SIA,DF,202507,2673916,0206010028,130.0,13143.0
SIA,DF,202507,2673916,0206010010,56.0,4858.56
SIA,DF,202507,2673916,0206030029,49.0,4250.75
SIA,DF,202507,2673916,0206020023,64.0,5552.0
SIA,DF,202507,5717515,0206020015,53.0,4597.75
SIA,DF,202507,2673916,0206020031,65.0,8866.65
SIA,DF,202507,2673916,0206020015,50.0,4337.5
SIA,DF,202507,5717515,0206010052,58.0,5031.5
SIA,DF,202507,2673916,0206010044,5.0,433.75
SIA,DF,202507,2673916,0211020036,438.0,2255.7
SIA,DF,202507,2673916,0206010052,9.0,780.75
SIA,DF,202507,5717515,0206030029,55.0,4771.25
SIA,DF,202507,5717515,0206010060,1.0,97.44
SIA,DF,202507,0996068,0211020036,233.0,1199.95
SIA,DF,202507,7116756,0211020036,432.0,2224.8
SIA,DF,202507,0727377,0211020036,20.0,103.0
SIA,DF,202507,0924857,0211020036,448.0,2307.2
SIA,DF,202507,7111924,0211020036,463.0,2384.45
SIA,DF,202507,2645157,0206010036,36.0,3123.36
SIA,DF,202507,2645157,0206010028,106.0,10716.6
SIA,DF,202507,2645157,0206020031,137.0,18688.17
SIA,DF,202507,2645157,0206030010,148.0,20517.24
SIA,DF,202507,2645157,0206010010,25.0,2169.0
SIA,DF,202507,2645157,0206030037,75.0,10397.25
SIA,DF,202507,2645157,0206020023,10.0,867.5
SIA,DF,202507,2645157,0206010044,18.0,1561.5
SIA,DF,202507,2645157,0206010052,3.0,260.25
SIA,DF,202507,2645157,0206030029,17.0,1474.75
SIA,DF,202507,2645157,0206020015,13.0,1127.75
SIA,DF,202507,2645157,0206010079,92.0,8964.48
SIA,DF,202507,0511501,0211020036,21.0,108.15
SIA,DF,202507,0010456,0206010028,375.0,37912.5
SIA,DF,202507,0010456,0206010044,353.0,30622.75
SIA,DF,202507,0010456,0206010036,217.0,18826.92
SIA,DF,202507,0010456,0206010052,387.0,33572.25
SIA,DF,202507,0010456,0206010079,1547.0,150739.68
SIA,DF,202507,0010456,0206020015,81.0,7026.75
SIA,DF,202507,0010456,0206020031,1055.0,143912.55
SIA,DF,202507,0010456,0206030010,755.0,104665.65
SIA,DF,202507,0010456,0206030037,1355.0,187843.65
SIA,DF,202507,0010456,0206010010,469.0,40690.44
SIA,DF,202507,0010456,0206030029,68.0,5899.0
SIA,DF,202507,0010456,0206020023,141.0,12231.75
SIA,DF,202507,0010537,0206020031,72.0,9821.52
SIA,DF,202507,0010537,0206030010,41.0,5683.83
SIA,DF,202507,4573110,0211020036,22.0,113.3
SIA,DF,202507,0010456,0211020036,2120.0,10918.0
SIA,DF,202507,9778144,0211020036,103.0,530.45
SIA,DF,202507,0010456,0205010016,5.0,825.0
SIA,DF,202507,0010537,0206010052,7.0,607.25
SIA,DF,202507,0935514,0211020036,134.0,690.1
SIA,DF,202507,9561579,0211020036,241.0,1241.15
SIA,DF,202507,0010537,0206030037,17.0,2356.71
SIA,DF,202507,0010480,0206010079,1154.0,112445.76
SIA,DF,202507,0010480,0206030010,420.0,58224.6
SIA,DF,202507,0010480,0206030037,368.0,51015.84
SIA,DF,202507,0010480,0206030029,87.0,7547.25
SIA,DF,202507,0010480,0206010010,105.0,9109.8
SIA,DF,202507,0010480,0206020031,417.0,56882.97
SIA,DF,202507,0010480,0206010036,30.0,2602.8
SIA,DF,202507,7957815,0206030037,11.0,1524.93
SIA,DF,202507,0010480,0206010028,53.0,5358.3
SIA,DF,202507,0010480,0206010044,78.0,6766.5
SIA,DF,202507,0010480,0206020015,44.0,3817.0
SIA,DF,202507,0010480,0206010052,29.0,2515.75
SIA,DF,202507,0010537,0206010079,14.0,1364.16
SIA,DF,202507,0010537,0206030029,1.0,86.75
SIA,DF,202507,0010456,0211020060,215.0,6450.0
SIA,DF,202507,0010480,0206020023,11.0,954.25
SIA,DF,202507,3276678,0206030010,162.0,22458.06
SIA,DF,202507,3276678,0206030037,159.0,22042.17
SIA,DF,202507,3276678,0206010044,36.0,3123.0
SIA,DF,202507,0010537,0206010044,7.0,607.25
SIA,DF,202507,0010510,0206030010,99.0,13724.37
SIA,DF,202507,3276678,0206020031,318.0,43378.38
SIA,DF,202507,0010502,0206010079,284.0,27672.96
SIA,DF,202507,0010502,0206030037,188.0,26062.44
SIA,DF,202507,0010472,0206020031,274.0,37376.34
SIA,DF,202507,0010499,0206030010,141.0,19546.83
SIA,DF,202507,0010472,0206010079,392.0,38196.48
SIA,DF,202507,0010472,0206030029,29.0,2515.75
SIA,DF,202507,0010499,0206010079,181.0,17636.64
SIA,DF,202507,0010472,0206020015,49.0,4250.75
SIA,DF,202507,0010472,0206030010,266.0,36875.58
SIA,DF,202507,0010499,0206010036,18.0,1561.68
SIA,DF,202507,0010502,0206020031,122.0,16642.02
SIA,DF,202507,0010502,0206010010,25.0,2169.0
SIA,DF,202507,0010502,0206010028,19.0,1920.9
SIA,DF,202507,0010502,0206030029,39.0,3383.25
SIA,DF,202507,0010472,0211020036,35.0,180.25
SIA,DF,202507,0010502,0206010044,22.0,1908.5
SIA,DF,202507,0010502,0206020015,19.0,1648.25
SIA,DF,202507,0010502,0206020023,9.0,780.75
SIA,DF,202507,0010510,0206010079,60.0,5846.4
SIA,DF,202507,0010510,0206010044,12.0,1041.0
SIA,DF,202507,3276678,0206010028,55.0,5560.5
SIA,DF,202507,0010472,0206020023,33.0,2862.75
SIA,DF,202507,0010499,0206030037,143.0,19824.09
SIA,DF,202507,0010499,0206010044,41.0,3556.75
SIA,DF,202507,0010472,0206010010,69.0,5986.44
SIA,DF,202507,0010472,0206010044,71.0,6159.25
SIA,DF,202507,0010499,0206020031,111.0,15141.51
SIA,DF,202507,0010502,0206030010,184.0,25507.92
SIA,DF,202507,0010502,0206010052,6.0,520.5
SIA,DF,202507,0010510,0208010033,10.0,3830.7
SIA,DF,202507,0010510,0206020031,109.0,14868.69
SIA,DF,202507,2815966,0206010079,8.0,779.52
SIA,DF,202507,2815966,0206030037,12.0,1663.56
SIA,DF,202507,0010502,0211020036,305.0,1570.75
SIA,DF,202507,0010472,0206030037,70.0,9704.1
SIA,DF,202507,3276678,0206010079,181.0,17636.64
SIA,DF,202507,0010510,0206010052,21.0,1821.75
SIA,DF,202507,0010510,0206030037,117.0,16219.71
SIA,DF,202507,7957815,0206010060,3.0,292.32
SIA,DF,202507,7957815,0206010052,3.0,260.25
SIA,DF,202507,6876617,0206020031,84.0,11458.44
SIA,DF,202507,3276678,0206020015,75.0,6506.25
SIA,DF,202507,3276678,0205010016,70.0,11550.0
SIA,DF,202507,3276678,0206010010,25.0,2169.0
SIA,DF,202507,3276678,0206010036,18.0,1561.68
SIA,DF,202507,6876617,0206030010,42.0,5822.46
SIA,DF,202507,6876617,0206010079,141.0,13739.04
SIA,DF,202507,0010537,0206010028,6.0,606.6
SIA,DF,202507,9516212,0211020036,295.0,1519.25
SIA,DF,202507,6876617,0206010028,2.0,202.2
SIA,DF,202507,7957815,0206020031,1.0,136.41
SIA,DF,202507,6876617,0206010044,38.0,3296.5
SIA,DF,202507,7078730,0211020036,472.0,2430.8
SIA,DF,202507,0010510,0206010028,9.0,909.9
SIA,DF,202507,9621709,0211020060,3.0,90.0
SIA,DF,202507,0010510,0211020060,101.0,3030.0
SIA,DF,202507,0010499,0206010028,22.0,2224.2
SIA,DF,202507,6876617,0206030037,35.0,4852.05
SIA,DF,202507,3276678,0206030029,79.0,6853.25
SIA,DF,202507,6876617,0206020023,10.0,867.5
SIA,DF,202507,0010510,0208010025,18.0,7353.36
SIA,DF,202507,0010499,0206020023,8.0,694.0
SIA,DF,202507,0010510,0206010010,8.0,694.08
SIA,DF,202507,9621709,0211020036,265.0,1364.75
SIA,DF,202507,7957815,0206030010,1.0,138.63
SIA,DF,202507,0010510,0206020023,12.0,1041.0
SIA,DF,202507,0010472,0206010028,34.0,3437.4
SIA,DF,202507,0969877,0211020036,197.0,1014.55
SIA,DF,202507,0010464,0206030010,231.0,32023.53
SIA,DF,202507,0010464,0206030037,27.0,3743.01
SIA,DF,202507,0010464,0206010052,34.0,2949.5
SIA,DF,202507,0010464,0206010079,120.0,11692.8
SIA,DF,202507,0010464,0206020031,164.0,22371.24
SIA,DF,202507,0010537,0206020023,1.0,86.75
SIA,DF,202507,2672197,0206020031,60.0,8184.6
SIA,DF,202507,0010456,0206010087,1.0,138.63
SIA,DF,202507,0010464,0206010044,36.0,3123.0
SIA,DF,202507,2672197,0206010079,48.0,4677.12
SIA,DF,202507,0010510,0206030029,8.0,694.0
SIA,DF,202507,3276678,0206010052,16.0,1388.0
SIA,DF,202507,2672197,0206030010,85.0,11783.55
SIA,DF,202507,0010499,0206020015,8.0,694.0
SIA,DF,202507,6876617,0206030029,3.0,260.25
SIA,DF,202507,2672197,0206020015,3.0,260.25
SIA,DF,202507,0010537,0211020036,3.0,15.45
SIA,DF,202507,0010464,0206010028,16.0,1617.6
SIA,DF,202507,7592477,0211020036,546.0,2811.9
SIA,DF,202507,2672197,0206010044,8.0,694.0
SIA,DF,202507,0010499,0206010010,37.0,3210.12
SIA,DF,202507,0010464,0211020036,3.0,15.45
SIA,DF,202507,6876617,0206010052,14.0,1214.5
SIA,DF,202507,0010464,0206020023,8.0,694.0
SIA,DF,202507,0010464,0206010036,2.0,173.52
SIA,DF,202507,2672197,0206030029,2.0,173.5
SIA,DF,202507,0010537,0206020015,2.0,173.5
SIA,DF,202507,0010499,0206010052,6.0,520.5
SIA,DF,202507,0010499,0211020036,6.0,30.9
SIA,DF,202507,6876617,0206010010,3.0,260.28
SIA,DF,202507,0010464,0206010010,4.0,347.04
SIA,DF,202507,2672197,0206020023,2.0,173.5
SIA,DF,202507,6876617,0211020036,214.0,1102.1
SIA,DF,202507,3276678,0211020060,143.0,4290.0
SIA,DF,202507,0010472,0206010052,7.0,607.25
SIA,DF,202507,0010510,0206010036,4.0,347.04
SIA,DF,202507,0945595,0211020036,180.0,927.0
SIA,DF,202507,9414754,0211020036,212.0,1091.8
SIA,DF,202507,6708714,0211020036,692.0,3563.8
SIA,DF,202507,0010510,0206020015,5.0,433.75
SIA,DF,202507,3276678,0211020036,157.0,808.55
SIA,DF,202507,0010499,0206030029,4.0,347.0
SIA,DF,202507,0010472,0206010036,7.0,607.32
SIA,DF,202507,0010510,0206010060,1.0,97.44
SIA,DF,202507,0010502,0206010036,2.0,173.52
SIA,DF,202507,5598575,0211020036,207.0,1066.05
SIA,DF,202507,6876617,0206010060,8.0,779.52
SIA,DF,202507,3276678,0206010060,1.0,97.44
SIA,DF,202507,7465157,0211020036,734.0,3780.1
SIA,DF,202507,6876617,0206010036,1.0,86.76
SIA,DF,202507,2815966,0206010052,2.0,173.5
SIA,DF,202507,0010529,0211020036,378.0,1946.7
SIA,DF,202507,0939145,0211020036,167.0,860.05
SIA,DF,202507,0010510,0211020036,234.0,1205.1
SIA,DF,202507,2815966,0206020031,2.0,272.82
SIA,DF,202507,0010588,0211020036,97.0,499.55
SIA,DF,202507,0010456,0206010060,1.0,97.44
SIA,DF,202507,2672197,0206030037,5.0,693.15
SIA,DF,202507,0010464,0206010060,1.0,97.44
SIA,DF,202507,3276678,0211020010,181.0,132137.24
SIA,DF,202507,0010456,0211020010,39.0,28471.56
SIA,DF,202507,9620311,0211020036,273.0,1405.95
SIA,DF,202507,0010510,0211020010,160.0,116806.4
SIA,DF,202507,2840499,0211020036,101.0,520.15
SIA,DF,202507,0010456,0206010095,86.0,181220.92
SIA,DF,202508,0010510,0206010052,31.0,2689.25
SIA,DF,202508,0010499,0206010052,7.0,607.25
SIA,DF,202508,0010456,0206010052,380.0,32965.0
SIA,DF,202508,0010510,0208010025,40.0,16340.8
SIA,DF,202508,0010464,0206010052,34.0,2949.5
SIA,DF,202508,0010502,0206010052,3.0,260.25
SIA,DF,202508,0010537,0206010052,7.0,607.25
SIA,DF,202508,0010480,0206010052,11.0,954.25
SIA,DF,202508,5717515,0206010052,42.0,3643.5
SIA,DF,202508,0010472,0206010052,8.0,694.0
SIA,DF,202508,3276678,0206010052,15.0,1301.25
SIA,DF,202508,2645157,0206010052,5.0,433.75
SIA,DF,202508,7957815,0206010052,4.0,347.0
SIA,DF,202508,2815966,0206010052,3.0,260.25
SIA,DF,202508,0010456,0206010028,313.0,31644.3
SIA,DF,202508,2673916,0206010036,58.0,5032.08
SIA,DF,202508,2645157,0206030037,47.0,6515.61
SIA,DF,202508,3276678,0206030037,157.0,21764.91
SIA,DF,202508,3276678,0206010028,53.0,5358.3
SIA,DF,202508,0010456,0206030037,1485.0,205865.55
SIA,DF,202508,6876617,0206010060,14.0,1364.16
SIA,DF,202508,0010499,0206030037,196.0,27171.48
SIA,DF,202508,0010502,0206010028,18.0,1819.8
SIA,DF,202508,0010499,0206010028,28.0,2830.8
SIA,DF,202508,0010502,0206010036,10.0,867.6
SIA,DF,202508,6876617,0206010052,4.0,347.0
SIA,DF,202508,0010502,0206030037,186.0,25785.18
SIA,DF,202508,2815966,0206030037,20.0,2772.6
SIA,DF,202508,2673916,0206030037,71.0,9842.73
SIA,DF,202508,2673916,0206010028,140.0,14154.0
SIA,DF,202508,0010464,0206010036,3.0,260.28
SIA,DF,202508,0010480,0206010036,13.0,1127.88
SIA,DF,202508,0010499,0206010036,17.0,1474.92
SIA,DF,202508,5717515,0206010036,25.0,2169.0
SIA,DF,202508,5717515,0206030037,1173.0,162612.99
SIA,DF,202508,2672197,0206030037,11.0,1524.93
SIA,DF,202508,0010510,0206030037,102.0,14140.26
SIA,DF,202508,0010537,0206010028,10.0,1011.0
SIA,DF,202508,5717515,0206010028,129.0,13041.9
SIA,DF,202508,0010510,0206010028,14.0,1415.4
SIA,DF,202508,0010537,0206030037,26.0,3604.38
SIA,DF,202508,3276678,0206010036,23.0,1995.48
SIA,DF,202508,2645157,0206010028,57.0,5762.7
SIA,DF,202508,0010480,0206030037,136.0,18853.68
SIA,DF,202508,0010472,0206030037,70.0,9704.1
SIA,DF,202508,0010456,0206010036,198.0,17178.48
SIA,DF,202508,0010464,0206030037,14.0,1940.82
SIA,DF,202508,2645157,0206010036,9.0,780.84
SIA,DF,202508,0010480,0206010044,36.0,3123.0
SIA,DF,202508,0010464,0206030010,200.0,27726.0
SIA,DF,202508,5717515,0206030010,1104.0,153047.52
SIA,DF,202508,0010456,0206030010,1217.0,168712.71
SIA,DF,202508,0010480,0206030010,188.0,26062.44
SIA,DF,202508,0010499,0206030010,191.0,26478.33
SIA,DF,202508,0010472,0206030010,308.0,42698.04
SIA,DF,202508,0010502,0206030010,178.0,24676.14
SIA,DF,202508,2673916,0206030010,24.0,3327.12
SIA,DF,202508,0010537,0206030010,81.0,11229.03
SIA,DF,202508,2645157,0206030010,120.0,16635.6
SIA,DF,202508,0010472,0206010028,14.0,1415.4
SIA,DF,202508,3276678,0206030010,164.0,22735.32
SIA,DF,202508,0010510,0206030010,105.0,14556.15
SIA,DF,202508,6876617,0206030010,19.0,2633.97
SIA,DF,202508,2672197,0206030010,62.0,8595.06
SIA,DF,202508,6876617,0206030037,20.0,2772.6
SIA,DF,202508,0010480,0206010028,25.0,2527.5
SIA,DF,202508,7957815,0206030037,7.0,970.41
SIA,DF,202508,7957815,0206010060,3.0,292.32
SIA,DF,202508,4518918,0206030037,2.0,277.26
SIA,DF,202508,2673916,0206030029,80.0,6940.0
SIA,DF,202508,0010456,0206030029,100.0,8675.0
SIA,DF,202508,3276678,0206030029,145.0,12578.75
SIA,DF,202508,0010472,0206030029,50.0,4337.5
SIA,DF,202508,0010472,0206010036,10.0,867.6
SIA,DF,202508,3276678,0206020015,139.0,12058.25
SIA,DF,202508,0010456,0206020015,84.0,7287.0
SIA,DF,202508,0010472,0206020015,42.0,3643.5
SIA,DF,202508,0010480,0206030029,59.0,5118.25
SIA,DF,202508,0010502,0206030029,30.0,2602.5
SIA,DF,202508,5717515,0206030029,29.0,2515.75
SIA,DF,202508,2673916,0206020015,49.0,4250.75
SIA,DF,202508,5717515,0206020015,31.0,2689.25
SIA,DF,202508,0010464,0206010028,8.0,808.8
SIA,DF,202508,0010510,0206010036,6.0,520.56
SIA,DF,202508,0010464,0206030029,8.0,694.0
SIA,DF,202508,0010480,0206010010,40.0,3470.4
SIA,DF,202508,0010480,0206020031,197.0,26872.77
SIA,DF,202508,0010510,0206030029,3.0,260.25
SIA,DF,202508,0010502,0206020015,16.0,1388.0
SIA,DF,202508,2645157,0206020015,9.0,780.75
SIA,DF,202508,0010480,0206020015,29.0,2515.75
SIA,DF,202508,0010499,0206020015,5.0,433.75
SIA,DF,202508,2645157,0206030029,11.0,954.25
SIA,DF,202508,3276678,0206010060,8.0,779.52
SIA,DF,202508,0010456,0206020031,1245.0,169830.45
SIA,DF,202508,0010472,0206020031,252.0,34375.32
SIA,DF,202508,5717515,0206020031,599.0,81709.59
SIA,DF,202508,3276678,0206020031,325.0,44333.25
SIA,DF,202508,0010499,0206020031,99.0,13504.59
SIA,DF,202508,5717515,0206020023,70.0,6072.5
SIA,DF,202508,0010537,0206020031,72.0,9821.52
SIA,DF,202508,0010480,0206010079,428.0,41704.32
SIA,DF,202508,7957815,0206020031,1.0,136.41
SIA,DF,202508,0010456,0206020023,150.0,13012.5
SIA,DF,202508,2645157,0206020031,130.0,17733.3
SIA,DF,202508,3276678,0205010016,58.0,9570.0
SIA,DF,202508,0010510,0206020031,141.0,19233.81
SIA,DF,202508,2673916,0206020023,76.0,6593.0
SIA,DF,202508,0010464,0206020031,148.0,20188.68
SIA,DF,202508,0010502,0206020031,119.0,16232.79
SIA,DF,202508,5717515,0206010044,153.0,13272.75
SIA,DF,202508,0010472,0206010044,73.0,6332.75
SIA,DF,202508,6876617,0206010044,12.0,1041.0
SIA,DF,202508,0010456,0206010044,350.0,30362.5
SIA,DF,202508,3276678,0206010044,46.0,3990.5
SIA,DF,202508,6876617,0206020031,63.0,8593.83
SIA,DF,202508,0010499,0206010044,73.0,6332.75
SIA,DF,202508,0010502,0206010044,34.0,2949.5
SIA,DF,202508,2673916,0206010044,6.0,520.5
SIA,DF,202508,2672197,0206020031,44.0,6002.04
SIA,DF,202508,2673916,0206020031,60.0,8184.6
SIA,DF,202508,0010456,0206010060,2.0,194.88
SIA,DF,202508,0010464,0206010044,17.0,1474.75
SIA,DF,202508,0010502,0206020023,14.0,1214.5
SIA,DF,202508,0010472,0206020023,32.0,2776.0
SIA,DF,202508,2672197,0206010044,3.0,260.25
SIA,DF,202508,0010510,0208010033,23.0,8810.61
SIA,DF,202508,0010510,0206010044,14.0,1214.5
SIA,DF,202508,0010502,0206010079,281.0,27380.64
SIA,DF,202508,0010502,0211020036,310.0,1596.5
SIA,DF,202508,3276678,0206010010,28.0,2429.28
SIA,DF,202508,6876617,0211020036,233.0,1199.95
SIA,DF,202508,2673916,0206010010,76.0,6593.76
SIA,DF,202508,0010456,0206010079,2075.0,202188.0
SIA,DF,202508,0010456,0211020036,2560.0,13184.0
SIA,DF,202508,0010472,0206010079,355.0,34591.2
SIA,DF,202508,3276678,0206010079,183.0,17831.52
SIA,DF,202508,0010472,0211020036,55.0,283.25
SIA,DF,202508,0010456,0206010010,440.0,38174.4
SIA,DF,202508,2645157,0206010079,56.0,5456.64
SIA,DF,202508,2672197,0206010079,47.0,4579.68
SIA,DF,202508,6876617,0206010079,87.0,8477.28
SIA,DF,202508,0010510,0206010079,28.0,2728.32
SIA,DF,202508,0010537,0211020036,23.0,118.45
SIA,DF,202508,0010499,0206010079,219.0,21339.36
SIA,DF,202508,0010464,0206010079,107.0,10426.08
SIA,DF,202508,0010464,0211020036,4.0,20.6
SIA,DF,202508,2645157,0206010010,14.0,1214.64
SIA,DF,202508,2673916,0206010079,66.0,6431.04
SIA,DF,202508,5598575,0211020036,151.0,777.65
SIA,DF,202508,5717515,0206010079,771.0,75126.24
SIA,DF,202508,5717515,0206010010,98.0,8502.48
SIA,DF,202508,0010480,0206020023,7.0,607.25
SIA,DF,202508,0010537,0206010079,14.0,1364.16
SIA,DF,202508,0010472,0206010010,42.0,3643.92
SIA,DF,202508,7116756,0211020036,414.0,2132.1
SIA,DF,202508,9561579,0211020036,396.0,2039.4
SIA,DF,202508,5717515,0211020036,68.0,350.2
SIA,DF,202508,6708714,0211020036,692.0,3563.8
SIA,DF,202508,2815966,0206020031,3.0,409.23
SIA,DF,202508,7465157,0211020036,778.0,4006.7
SIA,DF,202508,0010499,0206010010,38.0,3296.88
SIA,DF,202508,0010529,0211020036,394.0,2029.1
SIA,DF,202508,2645157,0206010044,15.0,1301.25
SIA,DF,202508,0939145,0211020036,119.0,612.85
SIA,DF,202508,7592477,0211020036,656.0,3378.4
SIA,DF,202508,0010464,0206020023,11.0,954.25
SIA,DF,202508,4573110,0211020036,3.0,15.45
SIA,DF,202508,7111924,0211020036,500.0,2575.0
SIA,DF,202508,9620311,0211020036,316.0,1627.4
SIA,DF,202508,2840499,0211020036,381.0,1962.15
SIA,DF,202508,0010502,0206010010,15.0,1301.4
SIA,DF,202508,9505709,0211020036,149.0,767.35
SIA,DF,202508,0924857,0211020036,365.0,1879.75
SIA,DF,202508,0010499,0211020036,1.0,5.15
SIA,DF,202508,0010510,0211020036,299.0,1539.85
SIA,DF,202508,9516212,0211020036,315.0,1622.25
SIA,DF,202508,0935514,0211020036,142.0,731.3
SIA,DF,202508,0996068,0211020036,150.0,772.5
SIA,DF,202508,0969877,0211020036,395.0,2034.25
SIA,DF,202508,0511501,0211020036,35.0,180.25
SIA,DF,202508,2673916,0211020036,355.0,1828.25
SIA,DF,202508,0010510,0206010010,2.0,173.52
SIA,DF,202508,0727377,0211020036,25.0,128.75
SIA,DF,202508,0010464,0206010010,7.0,607.32
SIA,DF,202508,9778144,0211020036,169.0,870.35
SIA,DF,202508,7078730,0211020036,602.0,3100.3
SIA,DF,202508,0010588,0211020036,65.0,334.75
SIA,DF,202508,2645157,0206020023,4.0,347.0
SIA,DF,202508,2815966,0206010079,4.0,389.76
SIA,DF,202508,0945595,0211020036,354.0,1823.1
SIA,DF,202508,3276678,0211020036,157.0,808.55
SIA,DF,202508,0010456,0205010016,1.0,165.0
SIA,DF,202508,0010510,0206020023,10.0,867.5
SIA,DF,202508,0010499,0206020023,9.0,780.75
SIA,DF,202508,0010537,0206010044,3.0,260.25
SIA,DF,202508,5717515,0206010060,1.0,97.44
SIA,DF,202508,0010456,0211020060,149.0,4470.0
SIA,DF,202508,2815966,0206030010,1.0,138.63
SIA,DF,202508,0010510,0211020010,120.0,87604.8
SIA,DF,202508,0010510,0211020060,89.0,2670.0
SIA,DF,202508,0010456,0206010095,58.0,122218.76
SIA,DF,202508,3276678,0211020010,187.0,136517.48
SIA,DF,202508,3276678,0211020060,179.0,5370.0
SIA,DF,202508,0010456,0211020010,22.0,16060.88
SIA,DF,202508,4457641,0206020031,2.0,272.82
SIA,DF,202508,2672197,0206020015,1.0,86.75
SIA,DF,202508,0010510,0206020015,1.0,86.75
SIA,DF,202508,6876617,0206010010,2.0,173.52
SIA,DF,202508,4518918,0206020031,1.0,136.41
SIA,DF,202508,6876617,0206020015,1.0,86.75
SIA,DF,202508,2672197,0206010010,1.0,86.76
SIA,DF,202508,6876617,0206020023,5.0,433.75
SIA,DF,202508,2673916,0206010052,2.0,173.5
SIA,DF,202508,2672197,0206010036,1.0,86.76
SIA,DF,202508,0010537,0206020023,1.0,86.75
SIA,DF,202508,6876617,0206010028,1.0,101.1
SIA,DF,202508,2672197,0206010028,1.0,101.1
SIA,DF,202509,2645157,0206010079,86.0,8379.84
SIA,DF,202509,2672197,0206020031,82.0,11185.62
SIA,DF,202509,2645157,0206020031,93.0,12686.13
SIA,DF,202509,2645157,0206030010,102.0,14140.26
SIA,DF,202509,2672197,0206020015,1.0,86.75
SIA,DF,202509,2672197,0206030010,102.0,14140.26
SIA,DF,202509,2645157,0206030037,27.0,3743.01
SIA,DF,202509,0010502,0206020031,122.0,16642.02
SIA,DF,202509,0010502,0206030010,208.0,28835.04
SIA,DF,202509,0010502,0206010079,271.0,26406.24
SIA,DF,202509,2645157,0206010044,20.0,1735.0
SIA,DF,202509,2672197,0206010079,67.0,6528.48
SIA,DF,202509,2672197,0206010044,7.0,607.25
SIA,DF,202509,2645157,0206010028,60.0,6066.0
SIA,DF,202509,2645157,0206020023,6.0,520.5
SIA,DF,202509,0010480,0206030037,149.0,20655.87
SIA,DF,202509,0010480,0206020031,235.0,32056.35
SIA,DF,202509,0010480,0206010079,521.0,50766.24
SIA,DF,202509,0010502,0206030029,18.0,1561.5
SIA,DF,202509,0010502,0206030037,204.0,28280.52
SIA,DF,202509,2645157,0206010010,15.0,1301.4
SIA,DF,202509,5717515,0206010079,750.0,73080.0
SIA,DF,202509,5717515,0206020031,500.0,68205.0
SIA,DF,202509,5717515,0206030010,1009.0,139877.67
SIA,DF,202509,5717515,0206030037,1049.0,145422.87
SIA,DF,202509,5717515,0206020015,48.0,4164.0
SIA,DF,202509,5717515,0206020023,61.0,5291.75
SIA,DF,202509,5717515,0206030029,35.0,3036.25
SIA,DF,202509,0010480,0206030010,244.0,33825.72
SIA,DF,202509,0010480,0206010036,28.0,2429.28
SIA,DF,202509,0010480,0206010028,39.0,3942.9
SIA,DF,202509,0010480,0206010010,64.0,5552.64
SIA,DF,202509,0010480,0206010052,14.0,1214.5
SIA,DF,202509,5717515,0206010052,41.0,3556.75
SIA,DF,202509,5717515,0206010044,143.0,12405.25
SIA,DF,202509,5717515,0206010010,86.0,7461.36
SIA,DF,202509,0010502,0206010052,14.0,1214.5
SIA,DF,202509,0010502,0206010028,23.0,2325.3
SIA,DF,202509,0010502,0206010036,13.0,1127.88
SIA,DF,202509,0010502,0206010010,24.0,2082.24
SIA,DF,202509,2645157,0206010036,14.0,1214.64
SIA,DF,202509,5717515,0211020036,32.0,164.8
SIA,DF,202509,0010480,0206020015,24.0,2082.0
SIA,DF,202509,0010480,0206010044,51.0,4424.25
SIA,DF,202509,0010480,0206020023,8.0,694.0
SIA,DF,202509,2645157,0206030029,6.0,520.5
SIA,DF,202509,0010480,0206030029,68.0,5899.0
SIA,DF,202509,5717515,0206010028,113.0,11424.3
SIA,DF,202509,5717515,0206010036,23.0,1995.48
SIA,DF,202509,0010472,0206020031,280.0,38194.8
SIA,DF,202509,0010472,0206020015,51.0,4424.25
SIA,DF,202509,0010472,0206030029,29.0,2515.75
SIA,DF,202509,0010472,0206020023,35.0,3036.25
SIA,DF,202509,3276678,0206010079,202.0,19682.88
SIA,DF,202509,3276678,0206020031,300.0,40923.0
SIA,DF,202509,3276678,0206030010,164.0,22735.32
SIA,DF,202509,3276678,0206030037,162.0,22458.06
SIA,DF,202509,3276678,0206010044,53.0,4597.75
SIA,DF,202509,0010464,0206030010,209.0,28973.67
SIA,DF,202509,4518918,0206020031,11.0,1500.51
SIA,DF,202509,4518918,0206030037,8.0,1109.04
SIA,DF,202509,3276678,0206030029,51.0,4424.25
SIA,DF,202509,0010464,0206010010,9.0,780.84
SIA,DF,202509,3276678,0206010028,41.0,4145.1
SIA,DF,202509,0010464,0206020031,115.0,15687.15
SIA,DF,202509,3276678,0206010036,14.0,1214.64
SIA,DF,202509,0010464,0206010079,114.0,11108.16
SIA,DF,202509,3276678,0206020015,54.0,4684.5
SIA,DF,202509,0010464,0206010052,15.0,1301.25
SIA,DF,202509,0010472,0206030037,116.0,16081.08
SIA,DF,202509,0010472,0206010044,70.0,6072.5
SIA,DF,202509,0010472,0206030010,298.0,41311.74
SIA,DF,202509,7116756,0211020036,402.0,2070.3
SIA,DF,202509,7957815,0206030037,11.0,1524.93
SIA,DF,202509,0010472,0206010079,376.0,36637.44
SIA,DF,202509,3276678,0206010010,23.0,1995.48
SIA,DF,202509,3276678,0206010060,6.0,584.64
SIA,DF,202509,0010472,0206010010,55.0,4771.8
SIA,DF,202509,3276678,0205010016,57.0,9405.0
SIA,DF,202509,0010464,0206030037,21.0,2911.23
SIA,DF,202509,0010464,0206010044,28.0,2429.0
SIA,DF,202509,3276678,0206010052,21.0,1821.75
SIA,DF,202509,2672197,0206030037,13.0,1802.19
SIA,DF,202509,0010502,0206020015,13.0,1127.75
SIA,DF,202509,0010502,0206010044,20.0,1735.0
SIA,DF,202509,2645157,0206010052,2.0,173.5
SIA,DF,202509,0010464,0206010028,8.0,808.8
SIA,DF,202509,0010480,0211020036,1.0,5.15
SIA,DF,202509,6876617,0206020031,116.0,15823.56
SIA,DF,202509,6876617,0206010052,16.0,1388.0
SIA,DF,202509,0010464,0206020015,4.0,347.0
SIA,DF,202509,0010502,0206020023,6.0,520.5
SIA,DF,202509,6876617,0206030010,60.0,8317.8
SIA,DF,202509,6876617,0206010079,165.0,16077.6
SIA,DF,202509,0010464,0206030029,1.0,86.75
SIA,DF,202509,6876617,0206010060,22.0,2143.68
SIA,DF,202509,6876617,0206030037,45.0,6238.35
SIA,DF,202509,0010472,0206010028,31.0,3134.1
SIA,DF,202509,7957815,0206010060,1.0,97.44
SIA,DF,202509,6876617,0206010028,4.0,404.4
SIA,DF,202509,6876617,0206010044,18.0,1561.5
SIA,DF,202509,0010472,0206010052,8.0,694.0
SIA,DF,202509,6876617,0206010010,4.0,347.04
SIA,DF,202509,0010464,0211020036,5.0,25.75
SIA,DF,202509,0969877,0211020036,320.0,1648.0
SIA,DF,202509,6876617,0206020023,9.0,780.75
SIA,DF,202509,2673916,0206020023,71.0,6159.25
SIA,DF,202509,0010499,0206010079,187.0,18221.28
SIA,DF,202509,0010499,0206010010,41.0,3557.16
SIA,DF,202509,2673916,0206020015,49.0,4250.75
SIA,DF,202509,0010499,0206030037,143.0,19824.09
SIA,DF,202509,2673916,0206010079,69.0,6723.36
SIA,DF,202509,2673916,0206030029,62.0,5378.5
SIA,DF,202509,2673916,0206010028,122.0,12334.2
SIA,DF,202509,0010499,0206020031,97.0,13231.77
SIA,DF,202509,3276678,0211020036,163.0,839.45
SIA,DF,202509,0010464,0206020023,7.0,607.25
SIA,DF,202509,2673916,0206020031,69.0,9412.29
SIA,DF,202509,2673916,0206030010,42.0,5822.46
SIA,DF,202509,0010464,0206010036,4.0,347.04
SIA,DF,202509,3276678,0211020060,172.0,5160.0
SIA,DF,202509,9621709,0211020060,13.0,390.0
SIA,DF,202509,9620311,0211020036,285.0,1467.75
SIA,DF,202509,0010499,0206030029,4.0,347.0
SIA,DF,202509,0010499,0206030010,142.0,19685.46
SIA,DF,202509,2673916,0206030037,78.0,10813.14
SIA,DF,202509,2673916,0206010010,71.0,6159.96
SIA,DF,202509,0010537,0206030010,51.0,7070.13
SIA,DF,202509,0010510,0206020031,160.0,21825.6
SIA,DF,202509,0010537,0206030037,19.0,2633.97
SIA,DF,202509,2815966,0206010052,7.0,607.25
SIA,DF,202509,0010456,0206030010,1035.0,143482.05
SIA,DF,202509,0010456,0206030037,1132.0,156929.16
SIA,DF,202509,0010456,0206010036,172.0,14922.72
SIA,DF,202509,0010456,0206010044,292.0,25331.0
SIA,DF,202509,0010456,0206010052,322.0,27933.5
SIA,DF,202509,0010456,0206010079,2015.0,196341.6
SIA,DF,202509,0010456,0206020023,103.0,8935.25
SIA,DF,202509,0010456,0206020031,1049.0,143094.09
SIA,DF,202509,0010456,0206020015,71.0,6159.25
SIA,DF,202509,0010456,0211020036,2180.0,11227.0
SIA,DF,202509,0010456,0206010028,298.0,30127.8
SIA,DF,202509,0010456,0206010010,419.0,36352.44
SIA,DF,202509,0010537,0206020031,67.0,9139.47
SIA,DF,202509,0010537,0206010079,13.0,1266.72
SIA,DF,202509,2672197,0206010052,2.0,173.5
SIA,DF,202509,0010510,0208010025,28.0,11438.56
SIA,DF,202509,0010510,0208010033,47.0,18004.29
SIA,DF,202509,6708714,0211020036,706.0,3635.9
SIA,DF,202509,0010456,0211020060,173.0,5190.0
SIA,DF,202509,9561579,0211020036,365.0,1879.75
SIA,DF,202509,2815966,0206030037,15.0,2079.45
SIA,DF,202509,0010510,0206030010,77.0,10674.51
SIA,DF,202509,0010510,0206010044,24.0,2082.0
SIA,DF,202509,0010510,0206010052,14.0,1214.5
SIA,DF,202509,0010456,0206030029,57.0,4944.75
SIA,DF,202509,0010510,0206030037,84.0,11644.92
SIA,DF,202509,0010510,0206010010,6.0,520.56
SIA,DF,202509,0010510,0206010079,56.0,5456.64
SIA,DF,202509,0010537,0206010028,21.0,2123.1
SIA,DF,202509,0010510,0206010028,24.0,2426.4
SIA,DF,202509,2815966,0206020031,4.0,545.64
SIA,DF,202509,0010510,0206020015,3.0,260.25
SIA,DF,202509,0010537,0206010052,4.0,347.0
SIA,DF,202509,6876617,0206010036,1.0,86.76
SIA,DF,202509,6876617,0211020036,236.0,1215.4
SIA,DF,202509,0010537,0211020036,27.0,139.05
SIA,DF,202509,0924857,0211020036,385.0,1982.75
SIA,DF,202509,2645157,0206020015,6.0,520.5
SIA,DF,202509,0010510,0206030029,7.0,607.25
SIA,DF,202509,0010510,0206010036,6.0,520.56
SIA,DF,202509,2672197,0206010028,1.0,101.1
SIA,DF,202509,2815966,0206010079,5.0,487.2
SIA,DF,202509,0010456,0205010016,9.0,1485.0
SIA,DF,202509,6876617,0206030029,7.0,607.25
SIA,DF,202509,7078730,0211020036,576.0,2966.4
SIA,DF,202509,0010510,0211020060,60.0,1800.0
SIA,DF,202509,9024654,0206020031,2.0,272.82
SIA,DF,202509,0010510,0211020036,342.0,1761.3
SIA,DF,202509,6876617,0206020015,5.0,433.75
SIA,DF,202509,0996068,0211020036,146.0,751.9
SIA,DF,202509,0010499,0206010044,54.0,4684.5
SIA,DF,202509,0010499,0206010028,34.0,3437.4
SIA,DF,202509,0010499,0206010036,18.0,1561.68
SIA,DF,202509,7592477,0211020036,596.0,3069.4
SIA,DF,202509,0010537,0206010044,3.0,260.25
SIA,DF,202509,2673916,0206010044,5.0,433.75
SIA,DF,202509,2673916,0206010036,42.0,3643.92
SIA,DF,202509,2673916,0206010052,9.0,780.75
SIA,DF,202509,0010499,0206020023,10.0,867.5
SIA,DF,202509,0010537,0206020023,3.0,260.25
SIA,DF,202509,0010510,0206020023,4.0,347.0
SIA,DF,202509,9516212,0211020036,339.0,1745.85
SIA,DF,202509,0010499,0206020015,3.0,260.25
SIA,DF,202509,0010499,0206010052,7.0,607.25
SIA,DF,202509,4457641,0206020031,5.0,682.05
SIA,DF,202509,7025378,0206030037,6.0,831.78
SIA,DF,202509,0010529,0211020036,512.0,2636.8
SIA,DF,202509,0010472,0211020036,49.0,252.35
SIA,DF,202509,2815966,0206030010,1.0,138.63
SIA,DF,202509,0010588,0211020036,94.0,484.1
SIA,DF,202509,7025378,0206020031,7.0,954.87
SIA,DF,202509,0010537,0206030029,1.0,86.75
SIA,DF,202509,0010472,0206010036,5.0,433.8
SIA,DF,202509,9024654,0206030037,1.0,138.63
SIA,DF,202509,7111924,0211020036,392.0,2018.8
SIA,DF,202509,0511501,0211020036,29.0,149.35
SIA,DF,202509,0010499,0211020036,2.0,10.3
SIA,DF,202509,2673916,0211020036,424.0,2183.6
SIA,DF,202509,0727377,0211020036,24.0,123.6
SIA,DF,202509,7957815,0206010052,1.0,86.75
SIA,DF,202509,5598575,0211020036,87.0,448.05
SIA,DF,202509,2840499,0211020036,218.0,1122.7
SIA,DF,202509,7025378,0206030010,1.0,138.63
SIA,DF,202509,4518918,0206030010,1.0,138.63
SIA,DF,202509,3276678,0211020010,176.0,128487.04
SIA,DF,202509,0010510,0211020010,148.0,108045.92
SIA,DF,202509,0945595,0211020036,241.0,1241.15
SIA,DF,202509,0010456,0211020010,66.0,48182.64
SIA,DF,202509,9778144,0211020036,61.0,314.15
SIA,DF,202509,0010456,0206010095,54.0,113789.88
SIA,DF,202509,7465157,0211020036,718.0,3697.7
SIA,DF,202509,0935514,0211020036,108.0,556.2
SIA,DF,202509,0939145,0211020036,28.0,144.2
SIA,DF,202509,2672197,0206010010,1.0,86.76
SIA,DF,202509,4573110,0211020036,5.0,25.75
