sistema,uf,competencia,cnes,procedimento,qtd,valor
SIA,CE,202501,2806215,0206010079,200.0,19488.0
SIA,CE,202501,2806215,0206030010,230.0,31884.9
SIA,CE,202501,2806215,0206010044,15.0,1301.25
SIA,CE,202501,2806215,0206030037,199.0,27587.37
SIA,CE,202501,2675560,0206030037,56.0,7763.28
SIA,CE,202501,2479214,0206020031,442.0,60293.22
SIA,CE,202501,2425300,0211020036,1247.0,6422.05
SIA,CE,202501,2479214,0206010044,29.0,2515.75
SIA,CE,202501,2820234,0208010033,34.0,13024.38
SIA,CE,202501,2426579,0206010079,307.0,29914.08
SIA,CE,202501,2426579,0206020031,75.0,10230.75
SIA,CE,202501,2561026,0206030010,33.0,4574.79
SIA,CE,202501,2675560,0206010079,96.0,9354.24
SIA,CE,202501,2426579,0206010036,18.0,1561.68
SIA,CE,202501,2806215,0206010028,75.0,7582.5
SIA,CE,202501,2560852,0206010028,57.0,5762.7
SIA,CE,202501,2426579,0206010028,100.0,10110.0
SIA,CE,202501,2426579,0206030037,108.0,14972.04
SIA,CE,202501,2426579,0206030010,116.0,16081.08
SIA,CE,202501,2328011,0206030029,5.0,433.75
SIA,CE,202501,2560852,0206010079,90.0,8769.6
SIA,CE,202501,2479214,0206010079,90.0,8769.6
SIA,CE,202501,7386257,0206010079,2.0,194.88
SIA,CE,202501,9672427,0206030037,191.0,26478.33
SIA,CE,202501,2426579,0206010010,15.0,1301.4
SIA,CE,202501,2328011,0206010079,38.0,3702.72
SIA,CE,202501,2479214,0206030010,61.0,8456.43
SIA,CE,202501,2563681,0206010079,155.0,15103.2
SIA,CE,202501,9672427,0206030010,180.0,24953.4
SIA,CE,202501,7382626,0206010010,49.0,4251.24
SIA,CE,202501,7382626,0206010028,137.0,13850.7
SIA,CE,202501,9672427,0206020031,182.0,24826.62
SIA,CE,202501,7382626,0206010079,93.0,9061.92
SIA,CE,202501,9672427,0206010079,341.0,33227.04
SIA,CE,202501,7382626,0206030010,48.0,6654.24
SIA,CE,202501,2528843,0206010079,27.0,2630.88
SIA,CE,202501,7382626,0206020031,32.0,4365.12
SIA,CE,202501,2806215,0206020031,84.0,11458.44
SIA,CE,202501,2561344,0211020036,20.0,103.0
SIA,CE,202501,2373971,0206010079,168.0,16369.92
SIA,CE,202501,9672427,0206010010,64.0,5552.64
SIA,CE,202501,2563681,0206010044,24.0,2082.0
SIA,CE,202501,2563681,0206030010,60.0,8317.8
SIA,CE,202501,9672427,0206010044,92.0,7981.0
SIA,CE,202501,2373971,0206010028,89.0,8997.9
SIA,CE,202501,9672427,0206020015,13.0,1127.75
SIA,CE,202501,9672427,0206010028,91.0,9200.1
SIA,CE,202501,3541428,0206030029,5.0,433.75
SIA,CE,202501,3541428,0206010028,49.0,4953.9
SIA,CE,202501,2528843,0206010044,12.0,1041.0
SIA,CE,202501,2373971,0206030037,20.0,2772.6
SIA,CE,202501,9672427,0206010036,21.0,1821.96
SIA,CE,202501,2425343,0211020036,90.0,463.5
SIA,CE,202501,2561336,0211020036,56.0,288.4
SIA,CE,202501,2373971,0206020031,25.0,3410.25
SIA,CE,202501,2561026,0206030037,45.0,6238.35
SIA,CE,202501,2563681,0206030029,10.0,867.5
SIA,CE,202501,2806215,0206030029,8.0,694.0
SIA,CE,202501,2373971,0206010052,41.0,3556.75
SIA,CE,202501,2806215,0206010036,12.0,1041.12
SIA,CE,202501,2561026,0206030029,7.0,607.25
SIA,CE,202501,3541428,0206030010,25.0,3465.75
SIA,CE,202501,2328011,0206030037,10.0,1386.3
SIA,CE,202501,2560852,0206030037,10.0,1386.3
SIA,CE,202501,3541428,0206010010,21.0,1821.96
SIA,CE,202501,0107239,0211020036,80.0,412.0
SIA,CE,202501,2561026,0206010079,37.0,3605.28
SIA,CE,202501,2328011,0206010028,33.0,3336.3
SIA,CE,202501,2561026,0206010010,22.0,1908.72
SIA,CE,202501,2561026,0206020031,12.0,1636.92
SIA,CE,202501,2675560,0206010010,16.0,1388.16
SIA,CE,202501,2561026,0206020015,3.0,260.25
SIA,CE,202501,2563681,0206020031,55.0,7502.55
SIA,CE,202501,2563681,0206030037,65.0,9010.95
SIA,CE,202501,7382626,0206030037,52.0,7208.76
SIA,CE,202501,2561026,0206010044,9.0,780.75
SIA,CE,202501,2561026,0206010028,51.0,5156.1
SIA,CE,202501,2664690,0211020036,124.0,638.6
SIA,CE,202501,9672427,0206010052,13.0,1127.75
SIA,CE,202501,2516632,0211020036,16.0,82.4
SIA,CE,202501,3541428,0206030037,26.0,3604.38
SIA,CE,202501,2426579,0206030029,22.0,1908.5
SIA,CE,202501,9672427,0206030029,23.0,1995.25
SIA,CE,202501,7382626,0206010044,9.0,780.75
SIA,CE,202501,2806215,0206010052,4.0,347.0
SIA,CE,202501,2328011,0206010036,8.0,694.08
SIA,CE,202501,2563681,0206010010,6.0,520.56
SIA,CE,202501,2425300,0205010016,14.0,2310.0
SIA,CE,202501,9672427,0206020023,28.0,2429.0
SIA,CE,202501,2528843,0206030010,2.0,277.26
SIA,CE,202501,2675560,0206010044,10.0,867.5
SIA,CE,202501,2479214,0206010028,7.0,707.7
SIA,CE,202501,7382626,0206030029,11.0,954.25
SIA,CE,202501,7021437,0211020036,245.0,1261.75
SIA,CE,202501,7061021,0206030010,81.0,11229.03
SIA,CE,202501,2497654,0206030037,368.0,51015.84
SIA,CE,202501,2497654,0206010079,493.0,48037.92
SIA,CE,202501,2497654,0206030010,527.0,73058.01
SIA,CE,202501,2497654,0206010010,36.0,3123.36
SIA,CE,202501,7061021,0206010079,138.0,13446.72
SIA,CE,202501,2497654,0206020031,308.0,42014.28
SIA,CE,202501,2561417,0206010079,111.0,10815.84
SIA,CE,202501,7061021,0206010052,4.0,347.0
SIA,CE,202501,2372967,0206030037,32.0,4436.16
SIA,CE,202501,2526638,0206010079,92.0,8964.48
SIA,CE,202501,2372967,0206010028,7.0,707.7
SIA,CE,202501,2372967,0206030010,26.0,3604.38
SIA,CE,202501,2526638,0206010044,43.0,3730.25
SIA,CE,202501,2373971,0206010010,46.0,3990.96
SIA,CE,202501,2526638,0206010028,40.0,4044.0
SIA,CE,202501,2497654,0206010036,11.0,954.36
SIA,CE,202501,2497654,0206010044,59.0,5118.25
SIA,CE,202501,7061021,0206010044,41.0,3556.75
SIA,CE,202501,2560852,0206020031,22.0,3001.02
SIA,CE,202501,2560852,0206030010,16.0,2218.08
SIA,CE,202501,2560852,0206010044,5.0,433.75
SIA,CE,202501,2560984,0206010079,1.0,97.44
SIA,CE,202501,2526638,0206030010,27.0,3743.01
SIA,CE,202501,2561417,0206020031,93.0,12686.13
SIA,CE,202501,2561417,0206010028,19.0,1920.9
SIA,CE,202501,2372967,0206020023,5.0,433.75
SIA,CE,202501,7061021,0206030037,87.0,12060.81
SIA,CE,202501,2528843,0206030037,1.0,138.63
SIA,CE,202501,6619908,0211020036,48.0,247.2
SIA,CE,202501,2372967,0206010079,43.0,4189.92
SIA,CE,202501,2528843,0206010028,17.0,1718.7
SIA,CE,202501,2497654,0206010028,22.0,2224.2
SIA,CE,202501,2497654,0206010052,21.0,1821.75
SIA,CE,202501,7061021,0206010036,5.0,433.8
SIA,CE,202501,2785900,0206010036,1.0,86.76
SIA,CE,202501,3541428,0206010079,23.0,2241.12
SIA,CE,202501,3021114,0206020031,64.0,8730.24
SIA,CE,202501,3021114,0206010010,15.0,1301.4
SIA,CE,202501,3021114,0211020036,140.0,721.0
SIA,CE,202501,2806215,0206020023,1.0,86.75
SIA,CE,202501,2561417,0206030010,74.0,10258.62
SIA,CE,202501,7061021,0206020031,61.0,8321.01
SIA,CE,202501,2497654,0206030029,13.0,1127.75
SIA,CE,202501,2328070,0211020036,170.0,875.5
SIA,CE,202501,3021114,0206030010,49.0,6792.87
SIA,CE,202501,3021114,0206010079,120.0,11692.8
SIA,CE,202501,2675560,0206020031,31.0,4228.71
SIA,CE,202501,2785900,0206020031,9.0,1227.69
SIA,CE,202501,7061021,0206010010,35.0,3036.6
SIA,CE,202501,3541428,0206010036,9.0,780.84
SIA,CE,202501,2561417,0206030037,25.0,3465.75
SIA,CE,202501,2425300,0211020060,20.0,600.0
SIA,CE,202501,3021114,0206030037,47.0,6515.61
SIA,CE,202501,3021114,0206010028,17.0,1718.7
SIA,CE,202501,2373971,0206030010,9.0,1247.67
SIA,CE,202501,2526638,0206030037,28.0,3881.64
SIA,CE,202501,2562871,0211020036,38.0,195.7
SIA,CE,202501,2372967,0206020031,10.0,1364.1
SIA,CE,202501,7382626,0206010036,20.0,1735.2
SIA,CE,202501,7061021,0206020015,2.0,173.5
SIA,CE,202501,2426579,0206010044,20.0,1735.0
SIA,CE,202501,2333902,0211020036,46.0,236.9
SIA,CE,202501,2785900,0206010079,7.0,682.08
SIA,CE,202501,2561026,0206010036,14.0,1214.64
SIA,CE,202501,2611465,0211020036,2.0,10.3
SIA,CE,202501,2372967,0206020015,3.0,260.25
SIA,CE,202501,2820234,0206010028,20.0,2022.0
SIA,CE,202501,2785900,0206030037,10.0,1386.3
SIA,CE,202501,2526638,0206020031,39.0,5319.99
SIA,CE,202501,2328011,0206010010,10.0,867.6
SIA,CE,202501,2526638,0206010010,8.0,694.08
SIA,CE,202501,2479478,0211020036,52.0,267.8
SIA,CE,202501,2373971,0206020023,6.0,520.5
SIA,CE,202501,2373971,0206010036,29.0,2516.04
SIA,CE,202501,2372967,0211020036,6.0,30.9
SIA,CE,202501,2479214,0206010052,3.0,260.25
SIA,CE,202501,3541428,0206020031,15.0,2046.15
SIA,CE,202501,2820234,0208010025,34.0,13889.68
SIA,CE,202501,7434308,0211020036,600.0,3090.0
SIA,CE,202501,2560852,0206010010,13.0,1127.88
SIA,CE,202501,2785900,0206010028,2.0,202.2
SIA,CE,202501,2328011,0206020031,13.0,1773.33
SIA,CE,202501,2806215,0206010010,11.0,954.36
SIA,CE,202501,7061021,0206010028,7.0,707.7
SIA,CE,202501,2497654,0206020015,4.0,347.0
SIA,CE,202501,2563681,0206010028,4.0,404.4
SIA,CE,202501,2561026,0206020023,2.0,173.5
SIA,CE,202501,2328399,0211020036,4.0,20.6
SIA,CE,202501,2561417,0206010010,12.0,1041.12
SIA,CE,202501,2479214,0206020015,2.0,173.5
SIA,CE,202501,2372967,0206010036,2.0,173.52
SIA,CE,202501,2526638,0206010036,18.0,1561.68
SIA,CE,202501,2785900,0206030010,10.0,1386.3
SIA,CE,202501,2723190,0206030037,147.0,20378.61
SIA,CE,202501,7469683,0206010028,112.0,11323.2
SIA,CE,202501,2564211,0206030037,180.0,24953.4
SIA,CE,202501,5018110,0206010079,15.0,1461.6
SIA,CE,202501,2564211,0206030010,208.0,28835.04
SIA,CE,202501,2723190,0206020031,240.0,32738.4
SIA,CE,202501,2561417,0206030029,9.0,780.75
SIA,CE,202501,7469683,0206030037,42.0,5822.46
SIA,CE,202501,2564211,0206010079,55.0,5359.2
SIA,CE,202501,2564211,0206020031,265.0,36148.65
SIA,CE,202501,2723190,0206030010,144.0,19962.72
SIA,CE,202501,2372967,0206010010,3.0,260.28
SIA,CE,202501,4010825,0211020036,105.0,540.75
SIA,CE,202501,2328011,0206030010,10.0,1386.3
SIA,CE,202501,2560852,0206020023,1.0,86.75
SIA,CE,202501,2877767,0211020036,9.0,46.35
SIA,CE,202501,2561417,0206010044,6.0,520.5
SIA,CE,202501,2675560,0206020015,7.0,607.25
SIA,CE,202501,3021114,0206010044,10.0,867.5
SIA,CE,202501,2497654,0206020023,4.0,347.0
SIA,CE,202501,2562146,0211020036,17.0,87.55
SIA,CE,202501,2561417,0206010036,8.0,694.08
SIA,CE,202501,7061021,0206030029,1.0,86.75
SIA,CE,202501,2560852,0206010036,9.0,780.84
SIA,CE,202501,7021321,0211020036,2.0,10.3
SIA,CE,202501,2426579,0206010052,5.0,433.75
SIA,CE,202501,7382626,0206020015,6.0,520.5
SIA,CE,202501,3541428,0206010052,2.0,173.5
SIA,CE,202501,3541428,0206010044,4.0,347.0
SIA,CE,202501,2373971,0206030029,8.0,694.0
SIA,CE,202501,2785900,0206010052,1.0,86.75
SIA,CE,202501,3644596,0211020036,174.0,896.1
SIA,CE,202501,3021114,0206010052,4.0,347.0
SIA,CE,202501,2560852,0206030029,3.0,260.25
SIA,CE,202501,2372967,0206030029,6.0,520.5
SIA,CE,202501,2723182,0211020036,7.0,36.05
SIA,CE,202501,7371888,0211020036,7.0,36.05
SIA,CE,202501,2526662,0206010010,2.0,173.52
SIA,CE,202501,2526662,0206010028,2.0,202.2
SIA,CE,202501,2526638,0206020023,5.0,433.75
SIA,CE,202501,7420501,0206010079,70.0,6820.8
SIA,CE,202501,7420501,0206030010,52.0,7208.76
SIA,CE,202501,7420501,0206010028,63.0,6369.3
SIA,CE,202501,7403224,0206010028,154.0,15569.4
SIA,CE,202501,7420501,0206010010,143.0,12406.68
SIA,CE,202501,7420501,0206010052,8.0,694.0
SIA,CE,202501,7403224,0206010079,193.0,18805.92
SIA,CE,202501,7403224,0206010036,61.0,5292.36
SIA,CE,202501,7403224,0206030010,48.0,6654.24
SIA,CE,202501,7420501,0206010036,68.0,5899.68
SIA,CE,202501,7420501,0206030029,37.0,3209.75
SIA,CE,202501,7403224,0206020031,68.0,9275.88
SIA,CE,202501,7420501,0206020031,54.0,7366.14
SIA,CE,202501,7420501,0211020036,193.0,993.95
SIA,CE,202501,7420501,0206030037,40.0,5545.2
SIA,CE,202501,7061021,0211020036,34.0,175.1
SIA,CE,202501,7569793,0211020036,85.0,437.75
SIA,CE,202501,2561417,0206020015,6.0,520.5
SIA,CE,202501,2562200,0206030037,51.0,7070.13
SIA,CE,202501,2562200,0206030010,34.0,4713.42
SIA,CE,202501,2562200,0206020031,17.0,2318.97
SIA,CE,202501,2526638,0206030029,3.0,260.25
SIA,CE,202501,4887514,0211020036,9.0,46.35
SIA,CE,202501,2560828,0211020036,88.0,453.2
SIA,CE,202501,2554623,0211020036,91.0,468.65
SIA,CE,202501,0086673,0211020036,338.0,1740.7
SIA,CE,202501,2563681,0206010052,2.0,173.5
SIA,CE,202501,2564238,0206010079,121.0,11790.24
SIA,CE,202501,0086673,0206010044,59.0,5118.25
SIA,CE,202501,0086673,0206010079,55.0,5359.2
SIA,CE,202501,0086673,0206030010,52.0,7208.76
SIA,CE,202501,0086673,0206030037,80.0,11090.4
SIA,CE,202501,7061021,0206020023,1.0,86.75
SIA,CE,202501,3302490,0211020036,18.0,92.7
SIA,CE,202501,2426579,0206020015,3.0,260.25
SIA,CE,202501,2526638,0206010060,1.0,97.44
SIA,CE,202501,2562200,0206010052,6.0,520.5
SIA,CE,202501,6848710,0206010079,45.0,4384.8
SIA,CE,202501,6848710,0206030010,45.0,6238.35
SIA,CE,202501,2561417,0206010052,5.0,433.75
SIA,CE,202501,2328011,0206020015,2.0,173.5
SIA,CE,202501,7403224,0206010010,57.0,4945.32
SIA,CE,202501,7403224,0206030037,44.0,6099.72
SIA,CE,202501,6848710,0211020036,56.0,288.4
SIA,CE,202501,6848710,0206030037,45.0,6238.35
SIA,CE,202501,7403224,0206010044,37.0,3209.75
SIA,CE,202501,7420501,0206010044,31.0,2689.25
SIA,CE,202501,9787399,0211020036,195.0,1004.25
SIA,CE,202501,2723220,0206030010,489.0,67790.07
SIA,CE,202501,2723220,0206030037,403.0,55867.89
SIA,CE,202501,2723220,0206010028,22.0,2224.2
SIA,CE,202501,2723220,0206010052,88.0,7634.0
SIA,CE,202501,2333880,0211020036,159.0,818.85
SIA,CE,202501,2479907,0206030010,63.0,8733.69
SIA,CE,202501,2820234,0206010095,27.0,56894.94
SIA,CE,202501,2328003,0211020036,259.0,1333.85
SIA,CE,202501,2479907,0206010010,23.0,1995.48
SIA,CE,202501,2479907,0206010044,24.0,2082.0
SIA,CE,202501,2554798,0206030037,92.0,12753.96
SIA,CE,202501,2554798,0206010079,106.0,10328.64
SIA,CE,202501,2554798,0206010036,12.0,1041.12
SIA,CE,202501,2723220,0211020036,306.0,1575.9
SIA,CE,202501,7988400,0211020036,332.0,1709.8
SIA,CE,202501,2723220,0206020031,519.0,70796.79
SIA,CE,202501,2554798,0206010010,22.0,1908.72
SIA,CE,202501,2723220,0208010033,77.0,29496.39
SIA,CE,202501,2723220,0208010025,78.0,31864.56
SIA,CE,202501,2562200,0206020023,11.0,954.25
SIA,CE,202501,2562200,0206010079,15.0,1461.6
SIA,CE,202501,2561891,0211020036,185.0,952.75
SIA,CE,202501,2554798,0206010028,99.0,10008.9
SIA,CE,202501,2552086,0206010079,14.0,1364.16
SIA,CE,202501,2723220,0206010079,52.0,5066.88
SIA,CE,202501,2479907,0206010028,111.0,11222.1
SIA,CE,202501,0086673,0206010036,7.0,607.32
SIA,CE,202501,0086673,0206010010,8.0,694.08
SIA,CE,202501,0086673,0206020031,26.0,3546.66
SIA,CE,202501,2478307,0211020036,32.0,164.8
SIA,CE,202501,2552086,0206030010,18.0,2495.34
SIA,CE,202501,2479907,0206030029,5.0,433.75
SIA,CE,202501,2479907,0206010079,66.0,6431.04
SIA,CE,202501,2554798,0206020023,2.0,173.5
SIA,CE,202501,2723220,0206010044,24.0,2082.0
SIA,CE,202501,7077971,0211020036,200.0,1030.0
SIA,CE,202501,2723220,0206010036,13.0,1127.88
SIA,CE,202501,2479907,0206020031,41.0,5592.81
SIA,CE,202501,2562200,0206020015,12.0,1041.0
SIA,CE,202501,2479907,0206030037,37.0,5129.31
SIA,CE,202501,0086673,0206010028,26.0,2628.6
SIA,CE,202501,0086673,0206030029,4.0,347.0
SIA,CE,202501,2554798,0206020031,51.0,6956.91
SIA,CE,202501,2723220,0206020023,9.0,780.75
SIA,CE,202501,2554798,0206030010,17.0,2356.71
SIA,CE,202501,2527669,0211020036,11.0,56.65
SIA,CE,202501,7420501,0206020015,24.0,2082.0
SIA,CE,202501,6893295,0211020036,516.0,2657.4
SIA,CE,202501,2554798,0206020015,5.0,433.75
SIA,CE,202501,2554798,0206030029,11.0,954.25
SIA,CE,202501,2562138,0211020036,33.0,169.95
SIA,CE,202501,2705923,0211020036,79.0,406.85
SIA,CE,202501,2479907,0206010036,15.0,1301.4
SIA,CE,202501,2563460,0206010044,1.0,86.75
SIA,CE,202501,7403224,0206030029,10.0,867.5
SIA,CE,202501,0086673,0206020015,2.0,173.5
SIA,CE,202501,7403224,0206020015,6.0,520.5
SIA,CE,202501,7420501,0206020023,2.0,173.5
SIA,CE,202501,7710941,0211020036,350.0,1802.5
SIA,CE,202501,2563460,0206020031,4.0,545.64
SIA,CE,202501,7460953,0211020036,239.0,1230.85
SIA,CE,202501,2563460,0206030037,2.0,277.26
SIA,CE,202501,2723220,0206010010,4.0,347.04
SIA,CE,202501,2554798,0206010044,11.0,954.25
SIA,CE,202501,7980310,0211020036,564.0,2904.6
SIA,CE,202501,6848710,0206010044,5.0,433.75
SIA,CE,202501,2563460,0206030029,1.0,86.75
SIA,CE,202501,2723220,0206020015,2.0,173.5
SIA,CE,202501,2516667,0211020036,14.0,72.1
SIA,CE,202501,2723220,0206030029,7.0,607.25
SIA,CE,202501,2552086,0206020031,15.0,2046.15
SIA,CE,202501,0086673,0206010052,3.0,260.25
SIA,CE,202501,2561492,0211020036,931.0,4794.65
SIA,CE,202501,6848710,0206020031,8.0,1091.28
SIA,CE,202501,2562200,0206010044,13.0,1127.75
SIA,CE,202501,2564238,0206030010,2.0,277.26
SIA,CE,202501,2564238,0206020031,2.0,272.82
SIA,CE,202501,2564238,0206010044,3.0,260.25
SIA,CE,202501,2562200,0211020036,93.0,478.95
SIA,CE,202501,2563460,0206010028,1.0,101.1
SIA,CE,202501,2563460,0206010079,2.0,194.88
SIA,CE,202501,2552086,0206030037,5.0,693.15
SIA,CE,202501,6848710,0206020015,1.0,86.75
SIA,CE,202501,7403224,0211020036,217.0,1117.55
SIA,CE,202501,2552191,0211020036,50.0,257.5
SIA,CE,202501,2562154,0211020036,147.0,757.05
SIA,CE,202501,2562200,0206010028,5.0,505.5
SIA,CE,202501,7514948,0211020036,600.0,3090.0
SIA,CE,202501,2664364,0211020036,88.0,453.2
SIA,CE,202501,2554798,0206010052,2.0,173.5
SIA,CE,202501,5723507,0211020036,52.0,267.8
SIA,CE,202501,2527693,0211020036,378.0,1946.7
SIA,CE,202501,2526662,0211020036,286.0,1472.9
SIA,CE,202501,2563460,0206030010,2.0,277.26
SIA,CE,202501,2425599,0211020036,102.0,525.3
SIA,CE,202501,2333856,0211020036,41.0,211.15
SIA,CE,202501,2529149,0206030010,78.0,10813.14
SIA,CE,202501,2529149,0206010079,1684.0,164088.96
SIA,CE,202501,2480646,0206010079,95.0,9256.8
SIA,CE,202501,2529149,0206030037,111.0,15387.93
SIA,CE,202501,2529149,0206010044,353.0,30622.75
SIA,CE,202501,2529149,0206010028,91.0,9200.1
SIA,CE,202501,2811200,0206010044,14.0,1214.5
SIA,CE,202501,2529149,0206020031,113.0,15414.33
SIA,CE,202501,2561492,0206010028,21.0,2123.1
SIA,CE,202501,2811200,0206030010,9.0,1247.67
SIA,CE,202501,2561492,0206010052,15.0,1301.25
SIA,CE,202501,2561492,0206020031,180.0,24553.8
SIA,CE,202501,2561492,0206030010,146.0,20239.98
SIA,CE,202501,2561492,0206030037,157.0,21764.91
SIA,CE,202501,0301337,0206010028,38.0,3841.8
SIA,CE,202501,2529149,0206010010,252.0,21863.52
SIA,CE,202501,2480646,0206030010,11.0,1524.93
SIA,CE,202501,2480646,0206020031,20.0,2728.2
SIA,CE,202501,0301337,0206030010,14.0,1940.82
SIA,CE,202501,2480646,0206030037,15.0,2079.45
SIA,CE,202501,9361359,0211020036,100.0,515.0
SIA,CE,202501,0301337,0206030029,13.0,1127.75
SIA,CE,202501,2561492,0206010079,69.0,6723.36
SIA,CE,202501,2529149,0206010036,54.0,4685.04
SIA,CE,202501,2529149,0206010052,63.0,5465.25
SIA,CE,202501,2516640,0211020036,11.0,56.65
SIA,CE,202501,2480646,0206010028,10.0,1011.0
SIA,CE,202501,2480646,0206010052,1.0,86.75
SIA,CE,202501,6778798,0211020036,459.0,2363.85
SIA,CE,202501,2529149,0206020015,33.0,2862.75
SIA,CE,202501,2811200,0206010010,22.0,1908.72
SIA,CE,202501,2811200,0206010079,80.0,7795.2
SIA,CE,202501,2561492,0206010044,35.0,3036.25
SIA,CE,202501,9190201,0211020036,14.0,72.1
SIA,CE,202501,2529149,0206030029,27.0,2342.25
SIA,CE,202501,2561492,0205010016,21.0,3465.0
SIA,CE,202501,2811200,0206010028,85.0,8593.5
SIA,CE,202501,2564238,0206010028,4.0,404.4
SIA,CE,202501,7434472,0211020036,895.0,4609.25
SIA,CE,202501,7389272,0211020036,200.0,1030.0
SIA,CE,202501,2427125,0211020036,212.0,1091.8
SIA,CE,202501,7399626,0211020036,294.0,1514.1
SIA,CE,202501,0301337,0206010079,24.0,2338.56
SIA,CE,202501,2480646,0206010044,16.0,1388.0
SIA,CE,202501,2562766,0211020036,158.0,813.7
SIA,CE,202501,2563460,0206010052,1.0,86.75
SIA,CE,202501,7103255,0211020036,691.0,3558.65
SIA,CE,202501,2427125,0206010079,93.0,9061.92
SIA,CE,202501,2561492,0206010036,5.0,433.8
SIA,CE,202501,2481073,0211020036,107.0,551.05
SIA,CE,202501,2427125,0206010028,12.0,1213.2
SIA,CE,202501,2415623,0211020036,50.0,257.5
SIA,CE,202501,0301337,0206010044,10.0,867.5
SIA,CE,202501,2811200,0206020031,18.0,2455.38
SIA,CE,202501,0301337,0206030037,22.0,3049.86
SIA,CE,202501,2480646,0206010036,1.0,86.76
SIA,CE,202501,0301337,0206020015,6.0,520.5
SIA,CE,202501,7262698,0211020036,149.0,767.35
SIA,CE,202501,2480646,0206010010,5.0,433.8
SIA,CE,202501,2415658,0211020036,231.0,1189.65
SIA,CE,202501,2561492,0211020060,38.0,1140.0
SIA,CE,202501,2564238,0206010010,4.0,347.04
SIA,CE,202501,7890389,0211020036,32.0,164.8
SIA,CE,202501,2811200,0206030029,6.0,520.5
SIA,CE,202501,2527685,0211020036,5.0,25.75
SIA,CE,202501,0301337,0206010036,2.0,173.52
SIA,CE,202501,2561417,0211020036,42.0,216.3
SIA,CE,202501,7403224,0206010052,2.0,173.5
SIA,CE,202501,2561492,0206010010,16.0,1388.16
SIA,CE,202501,0301337,0206020023,12.0,1041.0
SIA,CE,202501,2811200,0206020015,5.0,433.75
SIA,CE,202501,2811200,0206010052,3.0,260.25
SIA,CE,202501,2564238,0206010036,2.0,173.52
SIA,CE,202501,2372495,0211020036,76.0,391.4
SIA,CE,202501,2328402,0211020036,104.0,535.6
SIA,CE,202501,2785900,0206010010,1.0,86.76
SIA,CE,202501,0301337,0206020031,5.0,682.05
SIA,CE,202501,2371847,0211020036,136.0,700.4
SIA,CE,202501,2724359,0211020036,83.0,427.45
SIA,CE,202501,0301337,0206010010,16.0,1388.16
SIA,CE,202501,6779522,0206030010,126.0,17467.38
SIA,CE,202501,2478994,0211020036,44.0,226.6
SIA,CE,202501,7429398,0211020036,324.0,1668.6
SIA,CE,202501,2373475,0211020036,51.0,262.65
SIA,CE,202501,7072341,0211020036,119.0,612.85
SIA,CE,202501,2479028,0206010079,97.0,9451.68
SIA,CE,202501,7501366,0211020036,663.0,3414.45
SIA,CE,202501,2664372,0211020036,310.0,1596.5
SIA,CE,202501,6779522,0206030037,146.0,20239.98
SIA,CE,202501,2479028,0206010010,68.0,5899.68
SIA,CE,202501,2479028,0206010028,154.0,15569.4
SIA,CE,202501,6779522,0206030029,17.0,1474.75
SIA,CE,202501,2811200,0206020023,2.0,173.5
SIA,CE,202501,2372967,0206010044,1.0,86.75
SIA,CE,202501,2562200,0206010010,1.0,86.76
SIA,CE,202501,2427125,0206030037,4.0,554.52
SIA,CE,202501,2427125,0206030010,6.0,831.78
SIA,CE,202501,2664283,0211020036,22.0,113.3
SIA,CE,202501,4913272,0211020036,41.0,211.15
SIA,CE,202501,2529149,0211020036,30.0,154.5
SIA,CE,202501,0310921,0206010028,8.0,808.8
SIA,CE,202501,6779522,0206010079,586.0,57099.84
SIA,CE,202501,0951021,0211020036,13.0,66.95
SIA,CE,202501,2811200,0206030037,11.0,1524.93
SIA,CE,202501,6779522,0206010044,81.0,7026.75
SIA,CE,202501,0228753,0211020036,231.0,1189.65
SIA,CE,202501,2561492,0206030029,2.0,173.5
SIA,CE,202501,2372673,0211020036,20.0,103.0
SIA,CE,202501,7428383,0211020036,73.0,375.95
SIA,CE,202501,2529556,0211020036,184.0,947.6
SIA,CE,202501,6848710,0206010010,3.0,260.28
SIA,CE,202501,2479028,0206010036,62.0,5379.12
SIA,CE,202501,2695839,0211020036,207.0,1066.05
SIA,CE,202501,2372568,0211020036,150.0,772.5
SIA,CE,202501,2480646,0206030029,2.0,173.5
SIA,CE,202501,6779522,0206010052,10.0,867.5
SIA,CE,202501,2480646,0211020036,169.0,870.35
SIA,CE,202501,2664666,0211020036,71.0,365.65
SIA,CE,202501,7396805,0211020036,161.0,829.15
SIA,CE,202501,2564238,0206030037,2.0,277.26
SIA,CE,202501,0086673,0206020023,1.0,86.75
SIA,CE,202501,2664151,0211020036,65.0,334.75
SIA,CE,202501,6779522,0206020031,77.0,10503.57
SIA,CE,202501,6778798,0211020060,39.0,1170.0
SIA,CE,202501,2427125,0206020031,12.0,1636.92
SIA,CE,202501,2497654,0211020036,1252.0,6447.8
SIA,CE,202501,2414864,0211020036,40.0,206.0
SIA,CE,202501,7381158,0211020036,250.0,1287.5
SIA,CE,202501,2372150,0206030029,10.0,867.5
SIA,CE,202501,2481375,0211020036,96.0,494.4
SIA,CE,202501,2561395,0211020036,432.0,2224.8
SIA,CE,202501,2561018,0211020036,100.0,515.0
SIA,CE,202501,2427125,0206010044,2.0,173.5
SIA,CE,202501,7993218,0211020036,598.0,3079.7
SIA,CE,202501,2328100,0211020036,50.0,257.5
SIA,CE,202501,9672427,0211020036,144.0,741.6
SIA,CE,202501,2499363,0211020036,222.0,1143.3
SIA,CE,202501,2561042,0211020036,36.0,185.4
SIA,CE,202501,2499339,0211020036,189.0,973.35
SIA,CE,202501,2560852,0206020015,1.0,86.75
SIA,CE,202501,2526654,0211020036,50.0,257.5
SIA,CE,202501,2426315,0211020036,259.0,1333.85
SIA,CE,202501,2328046,0211020036,177.0,911.55
SIA,CE,202501,2527413,0211020036,36.0,185.4
SIA,CE,202501,7405529,0211020036,244.0,1256.6
SIA,CE,202501,2426455,0211020036,40.0,206.0
SIA,CE,202501,6697518,0211020036,279.0,1436.85
SIA,CE,202501,2333813,0211020036,96.0,494.4
SIA,CE,202501,4695623,0211020036,159.0,818.85
SIA,CE,202501,2665190,0206030010,9.0,1247.67
SIA,CE,202501,3541428,0206010060,2.0,194.88
SIA,CE,202501,2328011,0206010044,4.0,347.0
SIA,CE,202501,2554798,0211020036,359.0,1848.85
SIA,CE,202501,2499037,0211020036,130.0,669.5
SIA,CE,202501,2516683,0211020036,19.0,97.85
SIA,CE,202501,2560852,0206010052,1.0,86.75
SIA,CE,202501,2563460,0211020036,40.0,206.0
SIA,CE,202501,2562391,0211020036,35.0,180.25
SIA,CE,202501,2333848,0211020036,20.0,103.0
SIA,CE,202501,7382626,0211020060,55.0,1650.0
SIA,CE,202501,2563681,0206020023,1.0,86.75
SIA,CE,202501,2811200,0206010036,3.0,260.28
SIA,CE,202501,2564769,0211020036,220.0,1133.0
SIA,CE,202501,2563681,0211020036,123.0,633.45
SIA,CE,202501,2563681,0206020015,2.0,173.5
SIA,CE,202501,2552086,0211020036,436.0,2245.4
SIA,CE,202501,2479907,0211020036,430.0,2214.5
SIA,CE,202501,2561468,0211020036,100.0,515.0
SIA,CE,202501,2726351,0211020036,83.0,427.45
SIA,CE,202501,2415372,0211020036,289.0,1488.35
SIA,CE,202501,7320418,0211020036,73.0,375.95
SIA,CE,202501,2374064,0211020036,90.0,463.5
SIA,CE,202501,7044674,0211020060,33.0,990.0
SIA,CE,202501,7044674,0211020036,89.0,458.35
SIA,CE,202501,2563681,0206010036,1.0,86.76
SIA,CE,202501,2373971,0206010044,2.0,173.5
SIA,CE,202501,7469683,0206010079,55.0,5359.2
SIA,CE,202501,0393029,0206010079,23.0,2241.12
SIA,CE,202501,2415488,0206030010,3.0,415.89
SIA,CE,202501,7398204,0211020036,43.0,221.45
SIA,CE,202501,7469683,0206010010,32.0,2776.32
SIA,CE,202501,2415488,0206030037,5.0,693.15
SIA,CE,202501,2806339,0211020036,58.0,298.7
SIA,CE,202501,0393029,0206030010,20.0,2772.6
SIA,CE,202501,2723190,0206010044,29.0,2515.75
SIA,CE,202501,0393029,0206030037,18.0,2495.34
SIA,CE,202501,7469683,0206030010,39.0,5406.57
SIA,CE,202501,2564211,0206010028,14.0,1415.4
SIA,CE,202501,2328119,0211020036,54.0,278.1
SIA,CE,202501,2328437,0211020036,50.0,257.5
SIA,CE,202501,5018110,0206030010,12.0,1663.56
SIA,CE,202501,2564211,0206010052,54.0,4684.5
SIA,CE,202501,2564211,0208010033,18.0,6895.26
SIA,CE,202501,7469683,0206020015,4.0,347.0
SIA,CE,202501,2564211,0206010036,3.0,260.28
SIA,CE,202501,7469683,0206020031,35.0,4774.35
SIA,CE,202501,2723190,0206010079,52.0,5066.88
SIA,CE,202501,2723190,0206030029,3.0,260.25
SIA,CE,202501,2427176,0211020036,0.0,0.0
SIA,CE,202501,2415488,0206010079,7.0,682.08
SIA,CE,202501,7469683,0206010036,17.0,1474.92
SIA,CE,202501,2554518,0211020036,103.0,530.45
SIA,CE,202501,2564211,0208010025,18.0,7353.36
SIA,CE,202501,2527707,0211020036,833.0,4289.95
SIA,CE,202501,2724308,0211020036,92.0,473.8
SIA,CE,202501,2327961,0211020036,65.0,334.75
SIA,CE,202501,2415488,0206010028,7.0,707.7
SIA,CE,202501,9574514,0211020036,7.0,36.05
SIA,CE,202501,5018110,0206010028,6.0,606.6
SIA,CE,202501,6999506,0211020036,446.0,2296.9
SIA,CE,202501,6376738,0206010028,4.0,404.4
SIA,CE,202501,2723190,0206010052,51.0,4424.25
SIA,CE,202501,2415488,0206020031,3.0,409.23
SIA,CE,202501,2723190,0206010036,4.0,347.04
SIA,CE,202501,7382626,0211020036,23.0,118.45
SIA,CE,202501,7469683,0206030029,11.0,954.25
SIA,CE,202501,2561352,0211020036,45.0,231.75
SIA,CE,202501,2723190,0206010028,14.0,1415.4
SIA,CE,202501,3283437,0211020036,84.0,432.6
SIA,CE,202501,2479419,0211020036,122.0,628.3
SIA,CE,202501,5018110,0206010036,2.0,173.52
SIA,CE,202501,0310921,0206010079,2.0,194.88
SIA,CE,202501,2722917,0211020036,88.0,453.2
SIA,CE,202501,5018110,0206030037,6.0,831.78
SIA,CE,202501,2372479,0211020036,128.0,659.2
SIA,CE,202501,0393029,0206020031,5.0,682.05
SIA,CE,202501,6376738,0206030029,2.0,173.5
SIA,CE,202501,5018110,0206020031,5.0,682.05
SIA,CE,202501,2415488,0206010060,2.0,194.88
SIA,CE,202501,2426579,0206020023,1.0,86.75
SIA,CE,202501,2564211,0206010044,12.0,1041.0
SIA,CE,202501,6376738,0206030037,1.0,138.63
SIA,CE,202501,2564211,0206010010,5.0,433.8
SIA,CE,202501,0263672,0211020036,440.0,2266.0
SIA,CE,202501,2415488,0206010044,1.0,86.75
SIA,CE,202501,2723190,0206010010,2.0,173.52
SIA,CE,202501,2479907,0211020060,46.0,1380.0
SIA,CE,202501,6376738,0206010079,4.0,389.76
SIA,CE,202501,9411798,0211020036,345.0,1776.75
SIA,CE,202501,2560852,0211020036,145.0,746.75
SIA,CE,202501,2425300,0211020010,40.0,29201.6
SIA,CE,202501,5018110,0206010010,4.0,347.04
SIA,CE,202501,2478277,0211020036,36.0,185.4
SIA,CE,202501,7469683,0206010044,3.0,260.25
SIA,CE,202501,2563347,0211020036,10.0,51.5
SIA,CE,202501,7043597,0211020036,102.0,525.3
SIA,CE,202501,2415488,0206010036,3.0,260.28
SIA,CE,202501,2723255,0211020036,120.0,618.0
SIA,CE,202501,7360851,0211020036,505.0,2600.75
SIA,CE,202501,7057083,0211020036,279.0,1436.85
SIA,CE,202501,6376738,0206020031,4.0,545.64
SIA,CE,202501,9280669,0211020036,40.0,206.0
SIA,CE,202501,2526670,0211020036,30.0,154.5
SIA,CE,202501,2561050,0211020036,77.0,396.55
SIA,CE,202501,2373971,0211020036,452.0,2327.8
SIA,CE,202501,2665190,0206010028,45.0,4549.5
SIA,CE,202501,2372622,0211020036,55.0,283.25
SIA,CE,202501,2372150,0206030037,26.0,3604.38
SIA,CE,202501,2479028,0206030010,72.0,9981.36
SIA,CE,202501,2665190,0206010079,24.0,2338.56
SIA,CE,202501,2373971,0206020015,1.0,86.75
SIA,CE,202501,2479028,0206030037,79.0,10951.77
SIA,CE,202501,2372150,0206010079,29.0,2825.76
SIA,CE,202501,2372150,0206010036,12.0,1041.12
SIA,CE,202501,2372150,0206010010,21.0,1821.96
SIA,CE,202501,2479818,0211020036,10.0,51.5
SIA,CE,202501,2561328,0211020036,12.0,61.8
SIA,CE,202501,0310921,0206010010,4.0,347.04
SIA,CE,202501,2665190,0206020031,9.0,1227.69
SIA,CE,202501,6125972,0211020036,104.0,535.6
SIA,CE,202501,2372150,0206010028,57.0,5762.7
SIA,CE,202501,6779522,0206010010,50.0,4338.0
SIA,CE,202501,2665190,0206020015,6.0,520.5
SIA,CE,202501,7320418,0211020060,14.0,420.0
SIA,CE,202501,2479028,0206020023,28.0,2429.0
SIA,CE,202501,2665190,0206030029,4.0,347.0
SIA,CE,202501,4010779,0211020036,63.0,324.45
SIA,CE,202501,2426579,0206010087,1.0,138.63
SIA,CE,202501,3021114,0206010036,1.0,86.76
SIA,CE,202501,2372150,0206020015,6.0,520.5
SIA,CE,202501,6779522,0206020015,8.0,694.0
SIA,CE,202501,6779522,0206010036,10.0,867.6
SIA,CE,202501,2528673,0211020036,66.0,339.9
SIA,CE,202501,2785900,0206020023,1.0,86.75
SIA,CE,202501,6779522,0206010028,24.0,2426.4
SIA,CE,202501,6779522,0206020023,10.0,867.5
SIA,CE,202501,2561026,0211020036,164.0,844.6
SIA,CE,202501,2479028,0206010044,12.0,1041.0
SIA,CE,202501,2561492,0211020010,57.0,41612.28
SIA,CE,202501,2561425,0206030010,1.0,138.63
SIA,CE,202501,2665190,0206010044,2.0,173.5
SIA,CE,202501,2665190,0206030037,4.0,554.52
SIA,CE,202501,6779522,0211020036,116.0,597.4
SIA,CE,202501,4653483,0211020036,200.0,1030.0
SIA,CE,202501,2562227,0211020036,4.0,20.6
SIA,CE,202501,2479427,0211020036,128.0,659.2
SIA,CE,202501,6632513,0211020036,130.0,669.5
SIA,CE,202501,6632513,0211020060,13.0,390.0
SIA,CE,202501,4010868,0211020036,433.0,2229.95
SIA,CE,202501,4010868,0211020060,33.0,990.0
SIA,CE,202501,2372150,0206020031,7.0,954.87
SIA,CE,202501,2372150,0206030010,12.0,1663.56
SIA,CE,202501,2372150,0206010044,1.0,86.75
SIA,CE,202501,4527372,0211020036,3.0,15.45
SIA,CE,202501,2726319,0211020036,21.0,108.15
SIA,CE,202501,2372819,0211020036,502.0,2585.3
SIA,CE,202501,2841118,0211020036,20.0,103.0
SIA,CE,202501,2665190,0206010036,3.0,260.28
SIA,CE,202501,2560992,0211020036,12.0,61.8
SIA,CE,202501,2561425,0211020036,86.0,442.9
SIA,CE,202501,2527677,0211020036,264.0,1359.6
SIA,CE,202501,7386257,0211020036,151.0,777.65
SIA,CE,202501,2665190,0206010010,7.0,607.32
SIA,CE,202501,6985483,0211020036,355.0,1828.25
SIA,CE,202501,2611775,0211020060,46.0,1380.0
SIA,CE,202501,2478374,0211020036,57.0,293.55
SIA,CE,202501,7396732,0211020036,48.0,247.2
SIA,CE,202501,9275134,0211020036,120.0,618.0
SIA,CE,202501,2561425,0206020031,1.0,136.41
SIA,CE,202501,2479214,0206030037,7.0,970.41
SIA,CE,202501,7006810,0211020036,327.0,1684.05
SIA,CE,202501,2998890,0211020036,181.0,932.15
SIA,CE,202501,2564734,0211020036,61.0,314.15
SIA,CE,202501,7382626,0206010060,1.0,97.44
SIA,CE,202501,7274440,0211020036,342.0,1761.3
SIA,CE,202501,0183229,0211020036,404.0,2080.6
SIA,CE,202501,2560984,0206030010,2.0,277.26
SIA,CE,202501,0310921,0206030037,1.0,138.63
SIA,CE,202501,2528843,0206020031,2.0,272.82
SIA,CE,202501,2651394,0211020036,43.0,221.45
SIA,CE,202501,2611775,0211020036,127.0,654.05
SIA,CE,202501,2562316,0211020036,576.0,2966.4
SIA,CE,202501,2479214,0206030029,2.0,173.5
SIA,CE,202501,2563339,0211020036,24.0,123.6
SIA,CE,202501,2611201,0211020036,309.0,1591.35
SIA,CE,202501,2561425,0206010079,1.0,97.44
SIA,CE,202501,2675560,0211020036,110.0,566.5
SIA,CE,202501,2479028,0206010052,2.0,173.5
SIA,CE,202501,7051123,0211020060,80.0,2400.0
SIA,CE,202501,2560984,0211020036,148.0,762.2
SIA,CE,202501,2479214,0211020060,196.0,5880.0
SIA,CE,202501,7376928,0211020060,11.0,330.0
SIA,CE,202501,7376928,0211020036,278.0,1431.7
SIA,CE,202501,2806215,0211020036,672.0,3460.8
SIA,CE,202501,2561441,0211020036,200.0,1030.0
SIA,CE,202501,2479214,0205010016,1.0,165.0
SIA,CE,202501,2372487,0211020036,57.0,293.55
SIA,CE,202501,2373513,0211020036,118.0,607.7
SIA,CE,202501,2675560,0206030029,3.0,260.25
SIA,CE,202501,2528843,0206010010,1.0,86.76
SIA,CE,202501,2479214,0206010010,3.0,260.28
SIA,CE,202501,2479028,0211020036,200.0,1030.0
SIA,CE,202501,2479214,0211020036,8616.0,44372.4
SIA,CE,202501,2479028,0206030029,1.0,86.75
SIA,CE,202501,0310921,0206010036,1.0,86.76
SIA,CE,202501,7051123,0211020036,179.0,921.85
SIA,CE,202501,2564211,0206030029,4.0,347.0
SIA,CE,202501,2561425,0206030037,1.0,138.63
SIA,CE,202501,5018110,0206010052,1.0,86.75
SIA,CE,202501,0310921,0206020031,1.0,136.41
SIA,CE,202501,2328429,0211020036,39.0,200.85
SIA,CE,202501,4010868,0211020010,36.0,26281.44
SIA,CE,202501,2427125,0206010036,1.0,86.76
SIA,CE,202501,0310921,0206030010,1.0,138.63
SIA,CE,202501,7386257,0206010036,1.0,86.76
SIA,CE,202501,2497654,0211020010,1.0,730.04
SIA,CE,202501,7386257,0206010010,1.0,86.76
SIA,CE,202501,2675560,0206020023,1.0,86.75
SIA,CE,202501,2723190,0211020036,28.0,144.2
SIA,CE,202501,2333740,0211020036,25.0,128.75
SIA,CE,202501,2880326,0211020036,146.0,751.9
SIA,CE,202501,2561069,0211020036,91.0,468.65
SIA,CE,202501,0454788,0211020036,10.0,51.5
SIA,CE,202501,2561298,0211020036,87.0,448.05
SIA,CE,202501,2529068,0211020036,5.0,25.75
SIA,CE,202501,9526293,0211020036,521.0,2683.15
SIA,CE,202501,2611643,0211020036,41.0,211.15
SIA,CE,202501,2611295,0211020036,423.0,2178.45
SIA,CE,202501,6376738,0206010052,1.0,86.75
SIA,CE,202501,2560976,0211020036,244.0,1256.6
SIA,CE,202501,7018800,0211020036,416.0,2142.4
SIA,CE,202501,0393029,0206010028,5.0,505.5
SIA,CE,202501,6376738,0206010044,1.0,86.75
SIA,CE,202501,2564211,0206020015,2.0,173.5
SIA,CE,202501,2415488,0206010010,1.0,86.76
SIA,CE,202501,2563487,0211020036,101.0,520.15
SIA,CE,202501,2528282,0211020036,154.0,793.1
SIA,CE,202501,2564211,0211020036,178.0,916.7
SIA,CE,202501,2427184,0211020036,82.0,422.3
SIA,CE,202501,6376738,0206030010,3.0,415.89
SIA,CE,202501,2479893,0211020036,248.0,1277.2
SIA,CE,202501,2427125,0206010010,1.0,86.76
SIA,CE,202501,7396368,0211020036,292.0,1503.8
SIA,CE,202501,2611481,0211020036,150.0,772.5
SIA,CE,202501,2415488,0211020036,845.0,4351.75
SIA,CE,202502,2529149,0206010052,53.0,4597.75
SIA,CE,202502,2529149,0206010036,56.0,4858.56
SIA,CE,202502,4527372,0206010079,108.0,10523.52
SIA,CE,202502,2675560,0206030037,81.0,11229.03
SIA,CE,202502,0301337,0206010036,9.0,780.84
SIA,CE,202502,2526654,0211020036,51.0,262.65
SIA,CE,202502,2426579,0206010052,9.0,780.75
SIA,CE,202502,2426579,0206030010,112.0,15526.56
SIA,CE,202502,2723220,0206030010,447.0,61967.61
SIA,CE,202502,2373971,0206010052,36.0,3123.0
SIA,CE,202502,2665190,0206010079,21.0,2046.24
SIA,CE,202502,2426579,0206030037,100.0,13863.0
SIA,CE,202502,2561026,0206030037,30.0,4158.9
SIA,CE,202502,2373971,0206010010,43.0,3730.68
SIA,CE,202502,9787399,0211020036,220.0,1133.0
SIA,CE,202502,2529149,0206010010,232.0,20128.32
SIA,CE,202502,4444086,0205010016,209.0,34485.0
SIA,CE,202502,2552086,0206030010,17.0,2356.71
SIA,CE,202502,2723220,0206030037,374.0,51847.62
SIA,CE,202502,2561492,0206030037,152.0,21071.76
SIA,CE,202502,2723220,0206020031,512.0,69841.92
SIA,CE,202502,7103255,0211020036,565.0,2909.75
SIA,CE,202502,2723190,0206030037,158.0,21903.54
SIA,CE,202502,2561492,0211020060,60.0,1800.0
SIA,CE,202502,2527707,0211020036,387.0,1993.05
SIA,CE,202502,2564211,0206010079,52.0,5066.88
SIA,CE,202502,2478994,0211020036,44.0,226.6
SIA,CE,202502,2564238,0206010079,126.0,12277.44
SIA,CE,202502,4444086,0211020036,424.0,2183.6
SIA,CE,202502,2526638,0206030037,18.0,2495.34
SIA,CE,202502,2497654,0206030037,284.0,39370.92
SIA,CE,202502,2564211,0206030037,179.0,24814.77
SIA,CE,202502,0086673,0206030037,67.0,9288.21
SIA,CE,202502,4527372,0206030010,47.0,6515.61
SIA,CE,202502,4527372,0206010010,15.0,1301.4
SIA,CE,202502,2529149,0206030037,102.0,14140.26
SIA,CE,202502,9672427,0206030037,163.0,22596.69
SIA,CE,202502,2665190,0206010028,39.0,3942.9
SIA,CE,202502,2373971,0206030037,15.0,2079.45
SIA,CE,202502,7061021,0206030037,196.0,27171.48
SIA,CE,202502,7381158,0211020036,250.0,1287.5
SIA,CE,202502,7403224,0206010036,39.0,3383.64
SIA,CE,202502,2372967,0206020031,9.0,1227.69
SIA,CE,202502,2560828,0211020036,112.0,576.8
SIA,CE,202502,6848710,0206030037,112.0,15526.56
SIA,CE,202502,2877767,0211020036,57.0,293.55
SIA,CE,202502,7403224,0206030037,53.0,7347.39
SIA,CE,202502,2425599,0211020036,58.0,298.7
SIA,CE,202502,5018110,0206010079,181.0,17636.64
SIA,CE,202502,6779522,0206030037,162.0,22458.06
SIA,CE,202502,7420501,0206020015,16.0,1388.0
SIA,CE,202502,0310921,0206030037,22.0,3049.86
SIA,CE,202502,2427125,0211020036,256.0,1318.4
SIA,CE,202502,2372967,0206030010,24.0,3327.12
SIA,CE,202502,2563681,0206030037,97.0,13447.11
SIA,CE,202502,7420501,0206030037,40.0,5545.2
SIA,CE,202502,3021114,0206030037,37.0,5129.31
SIA,CE,202502,2806215,0206010079,238.0,23190.72
SIA,CE,202502,7501366,0211020036,627.0,3229.05
SIA,CE,202502,2806339,0211020036,36.0,185.4
SIA,CE,202502,0301337,0206030037,19.0,2633.97
SIA,CE,202502,5018110,0206010028,129.0,13041.9
SIA,CE,202502,2723190,0206010052,47.0,4077.25
SIA,CE,202502,7396805,0211020036,188.0,968.2
SIA,CE,202502,2426579,0206010028,84.0,8492.4
SIA,CE,202502,2479907,0206030037,44.0,6099.72
SIA,CE,202502,3541428,0206010079,19.0,1851.36
SIA,CE,202502,2561492,0206010036,4.0,347.04
SIA,CE,202502,0393029,0206030037,25.0,3465.75
SIA,CE,202502,7420501,0206010036,61.0,5292.36
SIA,CE,202502,2426579,0206010060,2.0,194.88
SIA,CE,202502,2561344,0211020036,25.0,128.75
SIA,CE,202502,2426579,0206020015,5.0,433.75
SIA,CE,202502,2554798,0206020031,32.0,4365.12
SIA,CE,202502,2561492,0205010016,28.0,4620.0
SIA,CE,202502,7382626,0206010036,20.0,1735.2
SIA,CE,202502,2806215,0206010010,13.0,1127.88
SIA,CE,202502,4527372,0206010036,9.0,780.84
SIA,CE,202502,2333856,0211020036,36.0,185.4
SIA,CE,202502,2425300,0211020060,17.0,510.0
SIA,CE,202502,4887514,0211020036,14.0,72.1
SIA,CE,202502,9672427,0206010036,22.0,1908.72
SIA,CE,202502,2373971,0206010036,33.0,2863.08
SIA,CE,202502,2562146,0211020036,5.0,25.75
SIA,CE,202502,5018110,0206030010,75.0,10397.25
SIA,CE,202502,7988400,0211020036,253.0,1302.95
SIA,CE,202502,2560852,0206030010,24.0,3327.12
SIA,CE,202502,2563681,0206020015,4.0,347.0
SIA,CE,202502,7382626,0206030037,44.0,6099.72
SIA,CE,202502,2561417,0206010036,19.0,1648.44
SIA,CE,202502,2561417,0206030037,36.0,4990.68
SIA,CE,202502,2415488,0206010079,12.0,1169.28
SIA,CE,202502,7569793,0211020036,88.0,453.2
SIA,CE,202502,2723220,0206010052,80.0,6940.0
SIA,CE,202502,2372150,0206010010,13.0,1127.88
SIA,CE,202502,2497654,0206010036,10.0,867.6
SIA,CE,202502,2561026,0206010079,46.0,4482.24
SIA,CE,202502,2675560,0206020031,51.0,6956.91
SIA,CE,202502,0301337,0206010010,15.0,1301.4
SIA,CE,202502,3541428,0206010010,22.0,1908.72
SIA,CE,202502,2426455,0211020036,95.0,489.25
SIA,CE,202502,5018110,0206010036,20.0,1735.2
SIA,CE,202502,2723220,0208010033,110.0,42137.7
SIA,CE,202502,2554798,0206010036,10.0,867.6
SIA,CE,202502,2564211,0206020031,277.0,37785.57
SIA,CE,202502,6619908,0211020036,29.0,149.35
SIA,CE,202502,2528843,0206030037,8.0,1109.04
SIA,CE,202502,2425432,0211020036,33.0,169.95
SIA,CE,202502,2561425,0206010079,1.0,97.44
SIA,CE,202502,2724359,0211020036,39.0,200.85
SIA,CE,202502,7403224,0206020015,12.0,1041.0
SIA,CE,202502,7061021,0206010036,8.0,694.08
SIA,CE,202502,6779522,0206010036,16.0,1388.16
SIA,CE,202502,2479214,0206030037,10.0,1386.3
SIA,CE,202502,2564211,0208010025,54.0,22060.08
SIA,CE,202502,2328011,0206010028,63.0,6369.3
SIA,CE,202502,2723190,0206010036,8.0,694.08
SIA,CE,202502,6376738,0206010010,2.0,173.52
SIA,CE,202502,9672427,0206020015,9.0,780.75
SIA,CE,202502,6779522,0206020015,5.0,433.75
SIA,CE,202502,3021114,0206010028,9.0,909.9
SIA,CE,202502,2328011,0206030010,7.0,970.41
SIA,CE,202502,2811200,0206010079,79.0,7697.76
SIA,CE,202502,2723220,0206010010,5.0,433.8
SIA,CE,202502,2561492,0206010052,10.0,867.5
SIA,CE,202502,2415488,0206030037,7.0,970.41
SIA,CE,202502,2373475,0211020036,80.0,412.0
SIA,CE,202502,2561492,0206010010,12.0,1041.12
SIA,CE,202502,7051123,0206010036,1.0,86.76
SIA,CE,202502,2664666,0211020036,46.0,236.9
SIA,CE,202502,2479907,0206010036,6.0,520.56
SIA,CE,202502,7051123,0206030037,11.0,1524.93
SIA,CE,202502,2479214,0206010036,3.0,260.28
SIA,CE,202502,2564238,0206010036,6.0,520.56
SIA,CE,202502,2723220,0206010036,11.0,954.36
SIA,CE,202502,2333848,0211020036,20.0,103.0
SIA,CE,202502,2563681,0206010036,7.0,607.32
SIA,CE,202502,2880326,0211020036,125.0,643.75
SIA,CE,202502,2372568,0211020036,150.0,772.5
SIA,CE,202502,2426579,0206010036,11.0,954.36
SIA,CE,202502,7382626,0206020015,4.0,347.0
SIA,CE,202502,2723220,0206010044,23.0,1995.25
SIA,CE,202502,2665190,0206010010,7.0,607.32
SIA,CE,202502,3021114,0206030010,29.0,4020.27
SIA,CE,202502,2372967,0206010044,6.0,520.5
SIA,CE,202502,3021114,0206010052,4.0,347.0
SIA,CE,202502,2785900,0206030037,1.0,138.63
SIA,CE,202502,0310921,0206010036,7.0,607.32
SIA,CE,202502,5018110,0206010044,5.0,433.75
SIA,CE,202502,2372150,0206010079,23.0,2241.12
SIA,CE,202502,2811200,0206030037,12.0,1663.56
SIA,CE,202502,2811200,0206010036,8.0,694.08
SIA,CE,202502,7396732,0211020036,25.0,128.75
SIA,CE,202502,2564238,0206020031,1.0,136.41
SIA,CE,202502,2723220,0208010025,112.0,45754.24
SIA,CE,202502,2811200,0206020031,20.0,2728.2
SIA,CE,202502,0310921,0206020015,3.0,260.25
SIA,CE,202502,2806215,0206010052,4.0,347.0
SIA,CE,202502,2664690,0211020036,184.0,947.6
SIA,CE,202502,2564211,0206010052,56.0,4858.0
SIA,CE,202502,2820234,0208010033,26.0,9959.82
SIA,CE,202502,2554798,0206010044,7.0,607.25
SIA,CE,202502,2561417,0206020015,12.0,1041.0
SIA,CE,202502,3021114,0206010036,1.0,86.76
SIA,CE,202502,2564211,0206010036,3.0,260.28
SIA,CE,202502,2528843,0206010010,1.0,86.76
SIA,CE,202502,2675560,0206020015,8.0,694.0
SIA,CE,202502,2415488,0206010036,4.0,347.04
SIA,CE,202502,2820234,0208010025,28.0,11438.56
SIA,CE,202502,5018110,0206010060,3.0,292.32
SIA,CE,202502,2427125,0206020015,1.0,86.75
SIA,CE,202502,2611481,0211020036,134.0,690.1
SIA,CE,202502,4010779,0211020036,113.0,581.95
SIA,CE,202502,4527372,0206020031,19.0,2591.79
SIA,CE,202502,2564238,0206030037,2.0,277.26
SIA,CE,202502,2560852,0211020036,128.0,659.2
SIA,CE,202502,9241477,0211020036,36.0,185.4
SIA,CE,202502,2723220,0211020036,306.0,1575.9
SIA,CE,202502,0086673,0206020015,2.0,173.5
SIA,CE,202502,2526662,0206010028,1.0,101.1
SIA,CE,202502,2611295,0211020036,441.0,2271.15
SIA,CE,202502,2564211,0206010060,1.0,97.44
SIA,CE,202502,7047428,0211020060,15.0,450.0
SIA,CE,202502,7061021,0206020015,3.0,260.25
SIA,CE,202502,2806215,0206010060,1.0,97.44
SIA,CE,202502,2479893,0211020036,363.0,1869.45
SIA,CE,202502,2414996,0211020036,17.0,87.55
SIA,CE,202502,2561468,0211020036,100.0,515.0
SIA,CE,202502,2564211,0206020015,1.0,86.75
SIA,CE,202502,2561425,0211020036,117.0,602.55
SIA,CE,202502,2415488,0206010044,2.0,173.5
SIA,CE,202502,6848710,0206010036,1.0,86.76
SIA,CE,202502,2665190,0206020015,1.0,86.75
SIA,CE,202502,2415488,0206010010,3.0,260.28
SIA,CE,202502,2415623,0211020036,29.0,149.35
SIA,CE,202502,2563460,0206010060,1.0,97.44
SIA,CE,202502,2528843,0206010036,1.0,86.76
SIA,CE,202502,7044674,0211020060,10.0,300.0
SIA,CE,202502,2427125,0206030029,4.0,347.0
SIA,CE,202502,7403224,0211020060,40.0,1200.0
SIA,CE,202502,0228753,0211020036,100.0,515.0
SIA,CE,202502,2497654,0206020015,3.0,260.25
SIA,CE,202502,2561425,0206020031,2.0,272.82
SIA,CE,202502,2563460,0206030029,1.0,86.75
SIA,CE,202502,2372479,0211020036,182.0,937.3
SIA,CE,202502,2328445,0211020036,23.0,118.45
SIA,CE,202502,2563460,0206010036,1.0,86.76
SIA,CE,202502,2514710,0211020036,1.0,5.15
SIA,CE,202502,2374064,0211020036,113.0,581.95
SIA,CE,202502,2529556,0211020036,354.0,1823.1
SIA,CE,202502,2373270,0211020036,33.0,169.95
SIA,CE,202502,2328011,0206030037,6.0,831.78
SIA,CE,202502,2563347,0211020036,27.0,139.05
SIA,CE,202502,2724308,0211020036,99.0,509.85
SIA,CE,202502,7021437,0211020036,210.0,1081.5
SIA,CE,202502,2560852,0206010044,7.0,607.25
SIA,CE,202502,2564211,0208010033,54.0,20685.78
SIA,CE,202502,2427125,0206010079,121.0,11790.24
SIA,CE,202502,2427125,0206030010,27.0,3743.01
SIA,CE,202502,3541428,0206010028,36.0,3639.6
SIA,CE,202502,2561026,0206010028,66.0,6672.6
SIA,CE,202502,2806215,0206030010,212.0,29389.56
SIA,CE,202502,2806215,0206020031,82.0,11185.62
SIA,CE,202502,2425300,0211020036,1364.0,7024.6
SIA,CE,202502,2372150,0206030010,10.0,1386.3
SIA,CE,202502,2664283,0211020036,57.0,293.55
SIA,CE,202502,2426579,0206010079,260.0,25334.4
SIA,CE,202502,2426579,0206030029,11.0,954.25
SIA,CE,202502,2560852,0206020015,2.0,173.5
SIA,CE,202502,2527685,0211020036,11.0,56.65
SIA,CE,202502,2479478,0211020036,43.0,221.45
SIA,CE,202502,2529149,0206010079,1642.0,159996.48
SIA,CE,202502,7434472,0211020036,340.0,1751.0
SIA,CE,202502,0086673,0206010010,7.0,607.32
SIA,CE,202502,2497654,0206020031,218.0,29737.38
SIA,CE,202502,2479214,0206020031,550.0,75025.5
SIA,CE,202502,7320418,0211020036,90.0,463.5
SIA,CE,202502,0310921,0206020031,13.0,1773.33
SIA,CE,202502,2479907,0206010028,76.0,7683.6
SIA,CE,202502,4527372,0206010028,49.0,4953.9
SIA,CE,202502,3021114,0206010079,63.0,6138.72
SIA,CE,202502,2561492,0211020036,1145.0,5896.75
SIA,CE,202502,7420501,0206010010,119.0,10324.44
SIA,CE,202502,9672427,0206010010,64.0,5552.64
SIA,CE,202502,2561417,0206020031,156.0,21279.96
SIA,CE,202502,2998890,0211020036,141.0,726.15
SIA,CE,202502,7382626,0206010028,141.0,14255.1
SIA,CE,202502,6848710,0211020036,37.0,190.55
SIA,CE,202502,7382626,0211020060,33.0,990.0
SIA,CE,202502,2527669,0211020036,30.0,154.5
SIA,CE,202502,2562766,0211020036,108.0,556.2
SIA,CE,202502,2564211,0206010044,9.0,780.75
SIA,CE,202502,7420501,0206020031,54.0,7366.14
SIA,CE,202502,9672427,0206020031,156.0,21279.96
SIA,CE,202502,2516632,0211020036,21.0,108.15
SIA,CE,202502,3541428,0206030010,23.0,3188.49
SIA,CE,202502,7382626,0206010010,38.0,3296.88
SIA,CE,202502,7061021,0206010028,15.0,1516.5
SIA,CE,202502,9672427,0206010044,72.0,6246.0
SIA,CE,202502,2563460,0211020036,50.0,257.5
SIA,CE,202502,2811200,0206010044,13.0,1127.75
SIA,CE,202502,2560852,0206020031,22.0,3001.02
SIA,CE,202502,2560852,0206010060,1.0,97.44
SIA,CE,202502,2414864,0211020036,34.0,175.1
SIA,CE,202502,6632513,0211020060,17.0,510.0
SIA,CE,202502,2561492,0206010079,68.0,6625.92
SIA,CE,202502,0086673,0206020031,29.0,3955.89
SIA,CE,202502,2373971,0206010079,162.0,15785.28
SIA,CE,202502,2497654,0206010010,41.0,3557.16
SIA,CE,202502,0951021,0211020036,15.0,77.25
SIA,CE,202502,3021114,0211020036,108.0,556.2
SIA,CE,202502,2563460,0206010079,7.0,682.08
SIA,CE,202502,3541428,0206020031,20.0,2728.2
SIA,CE,202502,2723190,0206010010,2.0,173.52
SIA,CE,202502,4527372,0211020036,28.0,144.2
SIA,CE,202502,2675560,0211020036,112.0,576.8
SIA,CE,202502,7376928,0211020036,244.0,1256.6
SIA,CE,202502,7061021,0211020036,64.0,329.6
SIA,CE,202502,0301337,0206020023,4.0,347.0
SIA,CE,202502,5018110,0206010052,4.0,347.0
SIA,CE,202502,2560852,0206010010,14.0,1214.64
SIA,CE,202502,0086673,0211020036,206.0,1060.9
SIA,CE,202502,6848710,0206020031,37.0,5047.17
SIA,CE,202502,6779522,0206010010,55.0,4771.8
SIA,CE,202502,2841118,0211020036,19.0,97.85
SIA,CE,202502,2785900,0211020036,97.0,499.55
SIA,CE,202502,3541428,0206010036,14.0,1214.64
SIA,CE,202502,2526638,0206010079,76.0,7405.44
SIA,CE,202502,6376738,0206010036,3.0,260.28
SIA,CE,202502,2372150,0206010028,71.0,7178.1
SIA,CE,202502,2526662,0211020036,334.0,1720.1
SIA,CE,202502,6376738,0206030029,3.0,260.25
SIA,CE,202502,2806215,0206010036,9.0,780.84
SIA,CE,202502,2372150,0206010036,5.0,433.8
SIA,CE,202502,7382626,0211020036,24.0,123.6
SIA,CE,202502,0959529,0211020036,8.0,41.2
SIA,CE,202502,2723220,0206030029,6.0,520.5
SIA,CE,202502,2372150,0206020031,4.0,545.64
SIA,CE,202502,2479214,0205010016,8.0,1320.0
SIA,CE,202502,2328100,0211020036,50.0,257.5
SIA,CE,202502,2426579,0206010044,12.0,1041.0
SIA,CE,202502,6376738,0206030037,9.0,1247.67
SIA,CE,202502,7051123,0211020060,64.0,1920.0
SIA,CE,202502,2561336,0211020036,65.0,334.75
SIA,CE,202502,2723190,0206020031,200.0,27282.0
SIA,CE,202502,2415372,0211020036,280.0,1442.0
SIA,CE,202502,2415488,0211020036,384.0,1977.6
SIA,CE,202502,2373971,0206020023,13.0,1127.75
SIA,CE,202502,2561395,0211020036,420.0,2163.0
SIA,CE,202502,2806215,0206020023,4.0,347.0
SIA,CE,202502,7051123,0206010010,4.0,347.04
SIA,CE,202502,2563681,0211020036,90.0,463.5
SIA,CE,202502,7051123,0206010028,7.0,707.7
SIA,CE,202502,2526638,0206020031,76.0,10367.16
SIA,CE,202502,7420501,0206010028,96.0,9705.6
SIA,CE,202502,6779522,0206010044,78.0,6766.5
SIA,CE,202502,7403224,0206010028,158.0,15973.8
SIA,CE,202502,7061021,0206020031,136.0,18551.76
SIA,CE,202502,7061021,0206010044,65.0,5638.75
SIA,CE,202502,6779522,0206020031,88.0,12004.08
SIA,CE,202502,2372967,0206010079,41.0,3995.04
SIA,CE,202502,2497654,0211020036,1167.0,6010.05
SIA,CE,202502,7405529,0211020036,193.0,993.95
SIA,CE,202502,7386257,0211020036,226.0,1163.9
SIA,CE,202502,7262698,0211020036,180.0,927.0
SIA,CE,202502,4527372,0206020023,7.0,607.25
SIA,CE,202502,2372967,0206030029,2.0,173.5
SIA,CE,202502,2806215,0206010028,65.0,6571.5
SIA,CE,202502,2723255,0211020036,120.0,618.0
SIA,CE,202502,2564769,0211020036,243.0,1251.45
SIA,CE,202502,2480646,0206030010,12.0,1663.56
SIA,CE,202502,2480646,0206030037,14.0,1940.82
SIA,CE,202502,6778798,0211020060,33.0,990.0
SIA,CE,202502,0393029,0206020031,23.0,3137.43
SIA,CE,202502,3759148,0211020036,123.0,633.45
SIA,CE,202502,6779522,0211020036,41.0,211.15
SIA,CE,202502,2481375,0211020036,78.0,401.7
SIA,CE,202502,2480646,0206010044,11.0,954.25
SIA,CE,202502,6632513,0211020036,162.0,834.3
SIA,CE,202502,0310921,0211020036,375.0,1931.25
SIA,CE,202502,2479214,0211020036,8013.0,41266.95
SIA,CE,202502,2479907,0211020036,233.0,1199.95
SIA,CE,202502,2480646,0206010010,2.0,173.52
SIA,CE,202502,7460953,0211020036,253.0,1302.95
SIA,CE,202502,2497654,0206010044,94.0,8154.5
SIA,CE,202502,2561492,0206020031,161.0,21962.01
SIA,CE,202502,6985483,0211020036,462.0,2379.3
SIA,CE,202502,6697518,0211020036,295.0,1519.25
SIA,CE,202502,2561069,0211020036,118.0,607.7
SIA,CE,202502,2611775,0211020036,123.0,633.45
SIA,CE,202502,9275134,0211020036,142.0,731.3
SIA,CE,202502,7018800,0211020036,419.0,2157.85
SIA,CE,202502,2560992,0211020036,25.0,128.75
SIA,CE,202502,2499363,0211020036,258.0,1328.7
SIA,CE,202502,7360851,0211020036,436.0,2245.4
SIA,CE,202502,2479907,0206010079,85.0,8282.4
SIA,CE,202502,2528843,0206010028,16.0,1617.6
SIA,CE,202502,2529149,0206010044,343.0,29755.25
SIA,CE,202502,2528843,0206010044,12.0,1041.0
SIA,CE,202502,7403224,0206010079,183.0,17831.52
SIA,CE,202502,7061021,0206010079,245.0,23872.8
SIA,CE,202502,2552086,0206010079,25.0,2436.0
SIA,CE,202502,0301337,0206010028,35.0,3538.5
SIA,CE,202502,2526638,0206010028,16.0,1617.6
SIA,CE,202502,2526638,0206010044,9.0,780.75
SIA,CE,202502,7420501,0206030010,52.0,7208.76
SIA,CE,202502,7420501,0206010079,70.0,6820.8
SIA,CE,202502,9672427,0206030010,153.0,21210.39
SIA,CE,202502,6779522,0206010079,498.0,48525.12
SIA,CE,202502,6779522,0206030010,141.0,19546.83
SIA,CE,202502,2373971,0206010028,92.0,9301.2
SIA,CE,202502,2723190,0206010044,30.0,2602.5
SIA,CE,202502,2561417,0206010079,167.0,16272.48
SIA,CE,202502,2563681,0206030010,93.0,12892.59
SIA,CE,202502,6848710,0206010079,150.0,14616.0
SIA,CE,202502,2563681,0206010079,169.0,16467.36
SIA,CE,202502,2333813,0211020036,69.0,355.35
SIA,CE,202502,2563460,0206020031,7.0,954.87
SIA,CE,202502,2479214,0206010079,100.0,9744.0
SIA,CE,202502,0393029,0206010044,7.0,607.25
SIA,CE,202502,2529149,0206010028,99.0,10008.9
SIA,CE,202502,2425343,0211020036,134.0,690.1
SIA,CE,202502,7382626,0206010079,88.0,8574.72
SIA,CE,202502,2561492,0206010044,36.0,3123.0
SIA,CE,202502,7061021,0206030010,198.0,27448.74
SIA,CE,202502,5582741,0205010016,4.0,660.0
SIA,CE,202502,0086673,0206030010,55.0,7624.65
SIA,CE,202502,2479214,0206030010,68.0,9426.84
SIA,CE,202502,2479419,0211020036,148.0,762.2
SIA,CE,202502,2372967,0206030037,32.0,4436.16
SIA,CE,202502,7320418,0211020060,5.0,150.0
SIA,CE,202502,2497654,0206010079,408.0,39755.52
SIA,CE,202502,2497654,0206030010,425.0,58917.75
SIA,CE,202502,6848710,0206030010,113.0,15665.19
SIA,CE,202502,2554798,0206010010,21.0,1821.96
SIA,CE,202502,9672427,0206010079,276.0,26893.44
SIA,CE,202502,0310921,0206030010,17.0,2356.71
SIA,CE,202502,0086673,0206010079,42.0,4092.48
SIA,CE,202502,2328011,0206020031,16.0,2182.56
SIA,CE,202502,6376738,0206010028,10.0,1011.0
SIA,CE,202502,2561026,0206030010,24.0,3327.12
SIA,CE,202502,2561492,0206010028,21.0,2123.1
SIA,CE,202502,2372622,0211020036,55.0,283.25
SIA,CE,202502,9672427,0211020036,2.0,10.3
SIA,CE,202502,2479818,0211020036,20.0,103.0
SIA,CE,202502,2552086,0206020031,10.0,1364.1
SIA,CE,202502,2561417,0206030010,95.0,13169.85
SIA,CE,202502,2726351,0211020036,76.0,391.4
SIA,CE,202502,2371847,0211020036,129.0,664.35
SIA,CE,202502,7382626,0206030010,47.0,6515.61
SIA,CE,202502,2665190,0206010052,1.0,86.75
SIA,CE,202502,6778798,0211020036,402.0,2070.3
SIA,CE,202502,7051123,0211020036,172.0,885.8
SIA,CE,202502,7072341,0211020036,337.0,1735.55
SIA,CE,202502,2426579,0206010010,33.0,2863.08
SIA,CE,202502,2526670,0211020036,30.0,154.5
SIA,CE,202502,2479907,0206020031,42.0,5729.22
SIA,CE,202502,9672427,0206010028,53.0,5358.3
SIA,CE,202502,2723190,0206010079,48.0,4677.12
SIA,CE,202502,3021114,0206010010,16.0,1388.16
SIA,CE,202502,2561417,0206010028,42.0,4246.2
SIA,CE,202502,2563681,0206020031,71.0,9685.11
SIA,CE,202502,2554798,0206010052,1.0,86.75
SIA,CE,202502,2561328,0211020036,23.0,118.45
SIA,CE,202502,0301337,0206020031,6.0,818.46
SIA,CE,202502,2528673,0211020036,113.0,581.95
SIA,CE,202502,6848710,0206010010,2.0,173.52
SIA,CE,202502,7061021,0206010010,43.0,3730.68
SIA,CE,202502,6779522,0206010028,35.0,3538.5
SIA,CE,202502,0393029,0206010079,37.0,3605.28
SIA,CE,202502,2328011,0206010010,25.0,2169.0
SIA,CE,202502,0393029,0206010028,19.0,1920.9
SIA,CE,202502,7403224,0211020036,248.0,1277.2
SIA,CE,202502,0301337,0206010079,33.0,3215.52
SIA,CE,202502,7403224,0206020031,84.0,11458.44
SIA,CE,202502,2723220,0206010079,64.0,6236.16
SIA,CE,202502,2561417,0206010010,21.0,1821.96
SIA,CE,202502,2529149,0206020031,86.0,11731.26
SIA,CE,202502,2528843,0206010079,32.0,3118.08
SIA,CE,202502,2479214,0206010044,12.0,1041.0
SIA,CE,202502,0310921,0206010028,41.0,4145.1
SIA,CE,202502,2479907,0206010044,28.0,2429.0
SIA,CE,202502,2564211,0206020023,4.0,347.0
SIA,CE,202502,7399626,0211020036,367.0,1890.05
SIA,CE,202502,7469683,0211020036,61.0,314.15
SIA,CE,202502,2560852,0206010036,8.0,694.08
SIA,CE,202502,2499037,0211020036,161.0,829.15
SIA,CE,202502,2560852,0206020023,2.0,173.5
SIA,CE,202502,2675560,0206010044,10.0,867.5
SIA,CE,202502,2479907,0206030010,66.0,9149.58
SIA,CE,202502,2328003,0211020036,214.0,1102.1
SIA,CE,202502,3283437,0211020036,96.0,494.4
SIA,CE,202502,2561425,0206030037,2.0,277.26
SIA,CE,202502,2811200,0206010028,86.0,8694.6
SIA,CE,202502,2328119,0211020036,41.0,211.15
SIA,CE,202502,7403224,0206030010,30.0,4158.9
SIA,CE,202502,2554798,0206010028,73.0,7380.3
SIA,CE,202502,2665190,0206020031,7.0,954.87
SIA,CE,202502,7403224,0206010010,64.0,5552.64
SIA,CE,202502,2427133,0211020036,80.0,412.0
SIA,CE,202502,2806215,0206030037,188.0,26062.44
SIA,CE,202502,0086673,0206020023,5.0,433.75
SIA,CE,202502,0086673,0206030029,10.0,867.5
SIA,CE,202502,2563681,0206010044,16.0,1388.0
SIA,CE,202502,2328429,0211020036,28.0,144.2
SIA,CE,202502,2415488,0206010028,9.0,909.9
SIA,CE,202502,4527372,0206010044,4.0,347.0
SIA,CE,202502,0310921,0206010079,42.0,4092.48
SIA,CE,202502,2564211,0206030010,236.0,32716.68
SIA,CE,202502,2333880,0211020036,153.0,787.95
SIA,CE,202502,2561026,0206010036,17.0,1474.92
SIA,CE,202502,2554798,0206030029,5.0,433.75
SIA,CE,202502,2529068,0211020036,16.0,82.4
SIA,CE,202502,2414848,0211020036,50.0,257.5
SIA,CE,202502,7420501,0206010044,23.0,1995.25
SIA,CE,202502,2564238,0206010044,1.0,86.75
SIA,CE,202502,3541428,0206030037,25.0,3465.75
SIA,CE,202502,2373971,0206020031,27.0,3683.07
SIA,CE,202502,2528282,0211020036,208.0,1071.2
SIA,CE,202502,6376738,0206020031,8.0,1091.28
SIA,CE,202502,2333902,0211020036,26.0,133.9
SIA,CE,202502,7274440,0211020036,457.0,2353.55
SIA,CE,202502,2563460,0206010052,2.0,173.5
SIA,CE,202502,2564211,0206010028,8.0,808.8
SIA,CE,202502,4527372,0206020015,2.0,173.5
SIA,CE,202502,7057083,0211020036,294.0,1514.1
SIA,CE,202502,2563681,0206010010,18.0,1561.68
SIA,CE,202502,0086673,0206010028,20.0,2022.0
SIA,CE,202502,7382626,0206020031,26.0,3546.66
SIA,CE,202502,4527372,0206030037,29.0,4020.27
SIA,CE,202502,2479907,0206010010,20.0,1735.2
SIA,CE,202502,9672427,0206030029,28.0,2429.0
SIA,CE,202502,6779522,0206010052,16.0,1388.0
SIA,CE,202502,6779522,0206030029,6.0,520.5
SIA,CE,202502,2373971,0206030029,6.0,520.5
SIA,CE,202502,2328011,0206010079,29.0,2825.76
SIA,CE,202502,2561026,0206020023,2.0,173.5
SIA,CE,202502,2561026,0206010010,30.0,2602.8
SIA,CE,202502,2561417,0206010044,9.0,780.75
SIA,CE,202502,2328070,0211020036,168.0,865.2
SIA,CE,202502,2497654,0206010028,22.0,2224.2
SIA,CE,202502,7044674,0211020036,14.0,72.1
SIA,CE,202502,2554798,0206030037,32.0,4436.16
SIA,CE,202502,7006810,0211020036,284.0,1462.6
SIA,CE,202502,2372967,0206010028,12.0,1213.2
SIA,CE,202502,2723611,0211020036,46.0,236.9
SIA,CE,202502,2564211,0211020036,249.0,1282.35
SIA,CE,202502,2811200,0206030029,6.0,520.5
SIA,CE,202502,2497654,0206010052,23.0,1995.25
SIA,CE,202502,0086673,0206010044,49.0,4250.75
SIA,CE,202502,2372150,0206020015,7.0,607.25
SIA,CE,202502,2372150,0206030037,17.0,2356.71
SIA,CE,202502,2516640,0211020036,15.0,77.25
SIA,CE,202502,2664372,0211020036,253.0,1302.95
SIA,CE,202502,2561026,0206010044,8.0,694.0
SIA,CE,202502,2427125,0206010028,30.0,3033.0
SIA,CE,202502,2529149,0211020036,53.0,272.95
SIA,CE,202502,7389272,0211020036,200.0,1030.0
SIA,CE,202502,2561417,0211020036,52.0,267.8
SIA,CE,202502,2806215,0206020015,4.0,347.0
SIA,CE,202502,2723190,0206010028,14.0,1415.4
SIA,CE,202502,2562316,0211020036,633.0,3259.95
SIA,CE,202502,2478374,0211020036,63.0,324.45
SIA,CE,202502,7382626,0206010044,8.0,694.0
SIA,CE,202502,9361359,0211020036,92.0,473.8
SIA,CE,202502,0301337,0206010044,9.0,780.75
SIA,CE,202502,2806215,0206010044,14.0,1214.5
SIA,CE,202502,9169695,0211020036,67.0,345.05
SIA,CE,202502,2479214,0206010052,4.0,347.0
SIA,CE,202502,4527372,0206030029,7.0,607.25
SIA,CE,202502,2372150,0206010044,3.0,260.25
SIA,CE,202502,2372967,0206020023,3.0,260.25
SIA,CE,202502,7403224,0206010044,30.0,2602.5
SIA,CE,202502,4010868,0211020036,414.0,2132.1
SIA,CE,202502,6848710,0206010044,13.0,1127.75
SIA,CE,202502,2563681,0206010028,6.0,606.6
SIA,CE,202502,2811200,0206010052,2.0,173.5
SIA,CE,202502,7051123,0206020031,3.0,409.23
SIA,CE,202502,7420501,0211020036,224.0,1153.6
SIA,CE,202502,2415488,0206020031,6.0,818.46
SIA,CE,202502,7398204,0211020036,1.0,5.15
SIA,CE,202502,7514948,0211020036,550.0,2832.5
SIA,CE,202502,2611201,0211020036,479.0,2466.85
SIA,CE,202502,2561026,0206020015,7.0,607.25
SIA,CE,202502,2554798,0211020036,308.0,1586.2
SIA,CE,202502,7403224,0206030029,18.0,1561.5
SIA,CE,202502,7420501,0206010052,11.0,954.25
SIA,CE,202502,7420501,0206030029,42.0,3643.5
SIA,CE,202502,2479214,0206010010,12.0,1041.12
SIA,CE,202502,2561492,0206030029,3.0,260.25
SIA,CE,202502,7420501,0206020023,3.0,260.25
SIA,CE,202502,7043597,0211020036,89.0,458.35
SIA,CE,202502,2552086,0206030037,3.0,415.89
SIA,CE,202502,2820234,0206010028,13.0,1314.3
SIA,CE,202502,2372967,0206010010,4.0,347.04
SIA,CE,202502,2427125,0206010036,7.0,607.32
SIA,CE,202502,2561298,0211020036,89.0,458.35
SIA,CE,202502,2562154,0211020036,128.0,659.2
SIA,CE,202502,2527677,0211020036,513.0,2641.95
SIA,CE,202502,0086673,0206010052,2.0,173.5
SIA,CE,202502,2479214,0206030029,6.0,520.5
SIA,CE,202502,0310921,0206010010,10.0,867.6
SIA,CE,202502,2497654,0206020023,3.0,260.25
SIA,CE,202502,2561026,0206030029,5.0,433.75
SIA,CE,202502,2328402,0211020036,87.0,448.05
SIA,CE,202502,2427125,0206010010,12.0,1041.12
SIA,CE,202502,2723220,0206010028,17.0,1718.7
SIA,CE,202502,2479907,0206010052,5.0,433.75
SIA,CE,202502,2564238,0206010028,7.0,707.7
SIA,CE,202502,2528843,0206020031,6.0,818.46
SIA,CE,202502,5018110,0206030029,12.0,1041.0
SIA,CE,202502,2372673,0211020036,79.0,406.85
SIA,CE,202502,2372967,0206010036,1.0,86.76
SIA,CE,202502,6405428,0211020060,8.0,240.0
SIA,CE,202502,2478080,0211020036,86.0,442.9
SIA,CE,202502,6848710,0206010028,4.0,404.4
SIA,CE,202502,2480646,0206010036,1.0,86.76
SIA,CE,202502,2479427,0211020036,79.0,406.85
SIA,CE,202502,2560852,0206030029,5.0,433.75
SIA,CE,202502,2562871,0211020036,29.0,149.35
SIA,CE,202502,0310921,0206010044,3.0,260.25
SIA,CE,202502,2328011,0206010036,8.0,694.08
SIA,CE,202502,2328011,0206010044,2.0,173.5
SIA,CE,202502,2563681,0206030029,26.0,2255.5
SIA,CE,202502,7403224,0206020023,6.0,520.5
SIA,CE,202502,7051123,0206030029,2.0,173.5
SIA,CE,202502,2529149,0206030029,36.0,3123.0
SIA,CE,202502,6893295,0211020036,500.0,2575.0
SIA,CE,202502,2427125,0206020031,15.0,2046.15
SIA,CE,202502,2811200,0206030010,11.0,1524.93
SIA,CE,202502,2527413,0211020036,40.0,206.0
SIA,CE,202502,2560984,0211020036,134.0,690.1
SIA,CE,202502,7710941,0211020036,350.0,1802.5
SIA,CE,202502,6125972,0211020036,76.0,391.4
SIA,CE,202502,2723220,0206020023,9.0,780.75
SIA,CE,202502,2785900,0206030010,1.0,138.63
SIA,CE,202502,2497654,0206030029,5.0,433.75
SIA,CE,202502,2415658,0211020036,235.0,1210.25
SIA,CE,202502,2560852,0206010052,2.0,173.5
SIA,CE,202502,7382626,0206030029,7.0,607.25
SIA,CE,202502,2479214,0206010028,11.0,1112.1
SIA,CE,202502,6779522,0206020023,7.0,607.25
SIA,CE,202502,7061021,0206020023,13.0,1127.75
SIA,CE,202502,9672427,0206010052,12.0,1041.0
SIA,CE,202502,7077971,0211020036,200.0,1030.0
SIA,CE,202502,9672427,0206020023,26.0,2255.5
SIA,CE,202502,2480646,0206010052,2.0,173.5
SIA,CE,202502,7061021,0206030029,3.0,260.25
SIA,CE,202502,2427125,0206030037,12.0,1663.56
SIA,CE,202502,3021114,0206020023,1.0,86.75
SIA,CE,202502,3541428,0206010044,3.0,260.25
SIA,CE,202502,2328399,0211020036,3.0,15.45
SIA,CE,202502,9526293,0211020036,364.0,1874.6
SIA,CE,202502,6848710,0206010052,7.0,607.25
SIA,CE,202502,2561417,0206010052,9.0,780.75
SIA,CE,202502,7051123,0206010079,23.0,2241.12
SIA,CE,202502,2560852,0206010028,41.0,4145.1
SIA,CE,202502,2526638,0206030010,31.0,4297.53
SIA,CE,202502,5018110,0206030037,40.0,5545.2
SIA,CE,202502,5018110,0206020031,32.0,4365.12
SIA,CE,202502,2554798,0206010079,61.0,5943.84
SIA,CE,202502,2561492,0206030010,142.0,19685.46
SIA,CE,202502,2675560,0206010079,134.0,13056.96
SIA,CE,202502,2426579,0206020031,73.0,9957.93
SIA,CE,202502,5018110,0206010010,44.0,3817.44
SIA,CE,202502,2560852,0206010079,94.0,9159.36
SIA,CE,202502,2529149,0206020015,36.0,3123.0
SIA,CE,202502,2480646,0206010079,67.0,6528.48
SIA,CE,202502,2372967,0206020015,6.0,520.5
SIA,CE,202502,0393029,0206030010,28.0,3881.64
SIA,CE,202502,2675560,0206010010,36.0,3123.36
SIA,CE,202502,2811200,0206010010,29.0,2516.04
SIA,CE,202502,2529149,0206030010,82.0,11367.66
SIA,CE,202502,0301337,0206030010,12.0,1663.56
SIA,CE,202502,2560852,0206030037,16.0,2218.08
SIA,CE,202502,2723190,0206030010,135.0,18715.05
SIA,CE,202502,2478307,0211020036,24.0,123.6
SIA,CE,202502,2564238,0206010010,10.0,867.6
SIA,CE,202502,2480646,0206010028,12.0,1213.2
SIA,CE,202502,2427176,0211020036,112.0,576.8
SIA,CE,202502,7047428,0211020036,491.0,2528.65
SIA,CE,202502,7993218,0211020036,508.0,2616.2
SIA,CE,202502,2723190,0206020015,3.0,260.25
SIA,CE,202502,3021114,0206020031,24.0,3273.84
SIA,CE,202502,2328011,0206020015,1.0,86.75
SIA,CE,202502,2563460,0206030010,4.0,554.52
SIA,CE,202502,2723190,0211020036,12.0,61.8
SIA,CE,202502,2373971,0211020036,460.0,2369.0
SIA,CE,202502,2563681,0206010052,5.0,433.75
SIA,CE,202502,0310921,0206030029,6.0,520.5
SIA,CE,202502,2563460,0206010044,1.0,86.75
SIA,CE,202502,2373513,0211020036,15.0,77.25
SIA,CE,202502,2806215,0206030029,7.0,607.25
SIA,CE,202502,2528843,0206030010,8.0,1109.04
SIA,CE,202502,2675560,0206030029,20.0,1735.0
SIA,CE,202502,6376738,0206030010,10.0,1386.3
SIA,CE,202502,2373971,0206030010,10.0,1386.3
SIA,CE,202502,2665190,0206030037,9.0,1247.67
SIA,CE,202502,6376738,0206010079,7.0,682.08
SIA,CE,202502,2528843,0206030029,2.0,173.5
SIA,CE,202502,2561026,0206020031,15.0,2046.15
SIA,CE,202502,2561417,0206030029,10.0,867.5
SIA,CE,202502,2554623,0211020036,15.0,77.25
SIA,CE,202502,2372150,0206030029,9.0,780.75
SIA,CE,202502,2675560,0206010087,1.0,138.63
SIA,CE,202502,6848710,0206030029,2.0,173.5
SIA,CE,202502,3541428,0206030029,10.0,867.5
SIA,CE,202502,0301337,0206030029,3.0,260.25
SIA,CE,202502,2425300,0205010016,8.0,1320.0
SIA,CE,202502,2373971,0206020015,4.0,347.0
SIA,CE,202502,7061021,0206010052,7.0,607.25
SIA,CE,202502,2665190,0206030010,8.0,1109.04
SIA,CE,202502,0263672,0211020036,313.0,1611.95
SIA,CE,202502,2611465,0211020036,1.0,5.15
SIA,CE,202502,5018110,0206020015,5.0,433.75
SIA,CE,202502,2564211,0206010010,3.0,260.28
SIA,CE,202502,2665190,0206010036,5.0,433.8
SIA,CE,202502,2562227,0211020036,6.0,30.9
SIA,CE,202502,2561492,0206020015,2.0,173.5
SIA,CE,202502,2561425,0206010044,1.0,86.75
SIA,CE,202502,2480646,0206020031,8.0,1091.28
SIA,CE,202502,2665190,0206030029,2.0,173.5
SIA,CE,202502,2415488,0206030010,5.0,693.15
SIA,CE,202502,2415488,0206010060,2.0,194.88
SIA,CE,202502,0301337,0206020015,3.0,260.25
SIA,CE,202502,2561018,0211020036,55.0,283.25
SIA,CE,202502,2723220,0206020015,1.0,86.75
SIA,CE,202502,2563460,0206010028,2.0,202.2
SIA,CE,202502,7371888,0211020036,2.0,10.3
SIA,CE,202502,4010868,0211020010,55.0,40152.2
SIA,CE,202502,0393029,0206010036,1.0,86.76
SIA,CE,202502,2528843,0206020015,1.0,86.75
SIA,CE,202502,0310921,0206020023,1.0,86.75
SIA,CE,202502,2785900,0206030029,1.0,86.75
SIA,CE,202502,2328437,0211020036,50.0,257.5
SIA,CE,202502,0393029,0206030029,4.0,347.0
SIA,CE,202502,2478277,0211020036,12.0,61.8
SIA,CE,202502,2564580,0211020036,50.0,257.5
SIA,CE,202502,6376738,0206020015,1.0,86.75
SIA,CE,202502,2427125,0206010044,2.0,173.5
SIA,CE,202502,4010825,0211020036,94.0,484.1
SIA,CE,202502,2561425,0206030010,2.0,277.26
SIA,CE,202502,2554798,0206030010,1.0,138.63
SIA,CE,202502,2564238,0206030010,1.0,138.63
SIA,CE,202502,2561441,0211020036,203.0,1045.45
SIA,CE,202502,2327961,0211020036,98.0,504.7
SIA,CE,202502,2563339,0211020036,27.0,139.05
SIA,CE,202502,2479214,0211020060,221.0,6630.0
SIA,CE,202502,2328046,0211020036,190.0,978.5
SIA,CE,202502,7051123,0206030010,2.0,277.26
SIA,CE,202502,2333740,0211020036,26.0,133.9
SIA,CE,202502,2427184,0211020036,33.0,169.95
SIA,CE,202502,4653483,0211020036,200.0,1030.0
SIA,CE,202502,4695623,0211020036,150.0,772.5
SIA,CE,202502,3541428,0206020015,1.0,86.75
SIA,CE,202502,2785900,0206010079,3.0,292.32
SIA,CE,202502,6999506,0211020036,345.0,1776.75
SIA,CE,202502,7396368,0211020036,308.0,1586.2
SIA,CE,202502,9411798,0211020036,330.0,1699.5
SIA,CE,202502,9190201,0211020036,33.0,169.95
SIA,CE,202502,2372487,0211020036,94.0,484.1
SIA,CE,202502,2554798,0206020023,1.0,86.75
SIA,CE,202502,2806215,0211020036,601.0,3095.15
SIA,CE,202502,2372207,0211020036,1.0,5.15
SIA,CE,202502,2479907,0211020060,53.0,1590.0
SIA,CE,202502,2722917,0211020036,1.0,5.15
SIA,CE,202502,2561026,0211020036,26.0,133.9
SIA,CE,202502,5691389,0206010036,1.0,86.76
SIA,CE,202502,2811200,0206020023,1.0,86.75
SIA,CE,202502,2562138,0211020036,36.0,185.4
SIA,CE,202502,2479710,0211020036,214.0,1102.1
SIA,CE,202502,4913272,0211020036,25.0,128.75
SIA,CE,202502,2480646,0206020015,3.0,260.25
SIA,CE,202502,2726319,0211020036,12.0,61.8
SIA,CE,202502,2480646,0211020036,168.0,865.2
SIA,CE,202502,2481073,0211020036,70.0,360.5
SIA,CE,202502,2561042,0211020036,57.0,293.55
SIA,CE,202502,2785900,0206010028,1.0,101.1
SIA,CE,202502,2561891,0211020036,159.0,818.85
SIA,CE,202502,2705923,0211020036,130.0,669.5
SIA,CE,202502,7890389,0211020036,53.0,272.95
SIA,CE,202502,2554518,0211020036,174.0,896.1
SIA,CE,202502,6405428,0211020036,160.0,824.0
SIA,CE,202502,7051123,0206010044,1.0,86.75
SIA,CE,202502,2664364,0211020036,88.0,453.2
SIA,CE,202502,2499339,0211020036,189.0,973.35
SIA,CE,202502,2562391,0211020036,54.0,278.1
SIA,CE,202502,2560976,0211020036,84.0,432.6
SIA,CE,202502,2427125,0206020023,1.0,86.75
SIA,CE,202502,2479028,0211020036,368.0,1895.2
SIA,CE,202502,2611643,0211020036,25.0,128.75
SIA,CE,202502,0086673,0206010036,3.0,260.28
SIA,CE,202502,2516683,0211020036,9.0,46.35
SIA,CE,202502,2528843,0206020023,1.0,86.75
SIA,CE,202502,2563460,0206030037,3.0,415.89
SIA,CE,202502,2372495,0211020036,72.0,370.8
SIA,CE,202502,7434308,0211020036,600.0,3090.0
SIA,CE,202502,2561492,0211020010,60.0,43802.4
SIA,CE,202502,2563487,0211020036,60.0,309.0
SIA,CE,202502,2372819,0211020036,330.0,1699.5
SIA,CE,202502,2723182,0211020036,4.0,20.6
SIA,CE,202502,9280669,0211020036,34.0,175.1
SIA,CE,202502,4010868,0211020060,32.0,960.0
SIA,CE,202502,2695839,0211020036,187.0,963.05
SIA,CE,202502,7980310,0211020036,551.0,2837.65
SIA,CE,202502,2651394,0211020036,80.0,412.0
SIA,CE,202502,2611058,0211020036,70.0,360.5
SIA,CE,202502,7428383,0211020036,73.0,375.95
SIA,CE,202502,3541428,0206010052,2.0,173.5
SIA,CE,202502,7429398,0211020036,353.0,1817.95
SIA,CE,202502,5723507,0211020036,115.0,592.25
SIA,CE,202502,2516667,0211020036,26.0,133.9
SIA,CE,202502,2426315,0211020036,338.0,1740.7
SIA,CE,202502,2527693,0211020036,335.0,1725.25
SIA,CE,202502,2664151,0211020036,57.0,293.55
SIA,CE,202502,2562200,0211020036,235.0,1210.25
SIA,CE,202502,2552191,0211020036,50.0,257.5
SIA,CE,202502,2372460,0211020036,56.0,288.4
SIA,CE,202502,2552086,0211020036,353.0,1817.95
SIA,CE,202502,0183229,0211020036,411.0,2116.65
SIA,CE,202502,2820234,0206010095,39.0,82181.58
SIA,CE,202502,2425300,0211020010,36.0,26281.44
SIA,CE,202503,2479028,0206030010,47.0,6515.61
SIA,CE,202503,2479028,0206030037,51.0,7070.13
SIA,CE,202503,2328011,0206020031,4.0,545.64
SIA,CE,202503,2328011,0206010028,65.0,6571.5
SIA,CE,202503,2479028,0206010079,73.0,7113.12
SIA,CE,202503,2561026,0206030010,59.0,8179.17
SIA,CE,202503,2561026,0206020015,3.0,260.25
SIA,CE,202503,2561026,0206020031,27.0,3683.07
SIA,CE,202503,2561026,0206030029,12.0,1041.0
SIA,CE,202503,2561026,0206010079,68.0,6625.92
SIA,CE,202503,2561026,0206030037,74.0,10258.62
SIA,CE,202503,2561026,0206010052,3.0,260.25
SIA,CE,202503,2561026,0206010010,38.0,3296.88
SIA,CE,202503,7434472,0211020036,626.0,3223.9
SIA,CE,202503,2723190,0206010079,55.0,5359.2
SIA,CE,202503,2723190,0206030010,156.0,21626.28
SIA,CE,202503,2723190,0206010052,51.0,4424.25
SIA,CE,202503,2723190,0206010044,31.0,2689.25
SIA,CE,202503,2723190,0206030037,136.0,18853.68
SIA,CE,202503,2560828,0211020036,91.0,468.65
SIA,CE,202503,2499363,0206030037,6.0,831.78
SIA,CE,202503,7399626,0211020036,298.0,1534.7
SIA,CE,202503,7382626,0206030010,27.0,3743.01
SIA,CE,202503,7382626,0206030037,37.0,5129.31
SIA,CE,202503,7382626,0206010028,160.0,16176.0
SIA,CE,202503,7382626,0206010010,52.0,4511.52
SIA,CE,202503,7382626,0206010079,70.0,6820.8
SIA,CE,202503,2499363,0206010079,3.0,292.32
SIA,CE,202503,2499363,0211020036,152.0,782.8
SIA,CE,202503,6619908,0211020036,31.0,159.65
SIA,CE,202503,2562227,0211020036,18.0,92.7
SIA,CE,202503,0301337,0206030010,6.0,831.78
SIA,CE,202503,0107239,0211020036,148.0,762.2
SIA,CE,202503,2723190,0206020031,192.0,26190.72
SIA,CE,202503,7396805,0211020036,151.0,777.65
SIA,CE,202503,2333902,0211020036,29.0,149.35
SIA,CE,202503,0301337,0206020031,1.0,136.41
SIA,CE,202503,9361359,0211020036,99.0,509.85
SIA,CE,202503,2611309,0206020031,25.0,3410.25
SIA,CE,202503,2664690,0211020036,204.0,1050.6
SIA,CE,202503,2528843,0206010028,14.0,1415.4
SIA,CE,202503,2723190,0206030029,4.0,347.0
SIA,CE,202503,3541428,0206030010,25.0,3465.75
SIA,CE,202503,3541428,0206030037,22.0,3049.86
SIA,CE,202503,3541428,0206010079,22.0,2143.68
SIA,CE,202503,3541428,0206010028,39.0,3942.9
SIA,CE,202503,0301337,0206010079,11.0,1071.84
SIA,CE,202503,2561026,0206010028,97.0,9806.7
SIA,CE,202503,2561026,0206010036,19.0,1648.44
SIA,CE,202503,2516640,0211020036,11.0,56.65
SIA,CE,202503,3541428,0206010036,12.0,1041.12
SIA,CE,202503,3541428,0206010010,19.0,1648.44
SIA,CE,202503,2664283,0211020036,25.0,128.75
SIA,CE,202503,2328011,0206030037,7.0,970.41
SIA,CE,202503,2528843,0206010079,22.0,2143.68
SIA,CE,202503,2611309,0206030037,27.0,3743.01
SIA,CE,202503,7382626,0206020031,30.0,4092.3
SIA,CE,202503,7382626,0206030029,24.0,2082.0
SIA,CE,202503,0301337,0206030037,13.0,1802.19
SIA,CE,202503,2611309,0206010079,39.0,3800.16
SIA,CE,202503,2328429,0211020036,31.0,159.65
SIA,CE,202503,2478994,0211020036,44.0,226.6
SIA,CE,202503,0301337,0206010028,26.0,2628.6
SIA,CE,202503,3541428,0206010052,1.0,86.75
SIA,CE,202503,2560984,0206030029,3.0,260.25
SIA,CE,202503,2611309,0206030010,36.0,4990.68
SIA,CE,202503,2425432,0211020036,27.0,139.05
SIA,CE,202503,2724359,0211020036,57.0,293.55
SIA,CE,202503,7382626,0211020036,36.0,185.4
SIA,CE,202503,7382626,0211020060,34.0,1020.0
SIA,CE,202503,2561492,0206010028,11.0,1112.1
SIA,CE,202503,2561492,0206010010,14.0,1214.64
SIA,CE,202503,2561492,0206010044,28.0,2429.0
SIA,CE,202503,2561492,0206030010,125.0,17328.75
SIA,CE,202503,2561492,0206020031,149.0,20325.09
SIA,CE,202503,2561492,0206010079,65.0,6333.6
SIA,CE,202503,2561492,0206030037,129.0,17883.27
SIA,CE,202503,2561492,0206010036,5.0,433.8
SIA,CE,202503,2561492,0211020036,786.0,4047.9
SIA,CE,202503,2561492,0205010016,21.0,3465.0
SIA,CE,202503,2425343,0211020036,134.0,690.1
SIA,CE,202503,2528843,0206010044,5.0,433.75
SIA,CE,202503,7382626,0206010036,21.0,1821.96
SIA,CE,202503,2499363,0206020031,14.0,1909.74
SIA,CE,202503,2526654,0211020036,39.0,200.85
SIA,CE,202503,2479028,0206010028,85.0,8593.5
SIA,CE,202503,2526638,0206010010,29.0,2516.04
SIA,CE,202503,2526638,0206030037,8.0,1109.04
SIA,CE,202503,2526638,0206010044,24.0,2082.0
SIA,CE,202503,2526638,0206010028,28.0,2830.8
SIA,CE,202503,2526638,0206010079,61.0,5943.84
SIA,CE,202503,4444086,0205010016,324.0,53460.0
SIA,CE,202503,4444086,0211020036,904.0,4655.6
SIA,CE,202503,2479907,0206010079,90.0,8769.6
SIA,CE,202503,2479907,0206020031,34.0,4637.94
SIA,CE,202503,9672427,0206020031,139.0,18960.99
SIA,CE,202503,2563681,0206010079,157.0,15298.08
SIA,CE,202503,9672427,0206010044,80.0,6940.0
SIA,CE,202503,9672427,0206010079,279.0,27185.76
SIA,CE,202503,2563681,0206030037,115.0,15942.45
SIA,CE,202503,2479907,0206030010,38.0,5267.94
SIA,CE,202503,9672427,0206010028,43.0,4347.3
SIA,CE,202503,2479907,0206030037,35.0,4852.05
SIA,CE,202503,2564238,0206010079,71.0,6918.24
SIA,CE,202503,2563681,0206030010,105.0,14556.15
SIA,CE,202503,9672427,0206010010,72.0,6246.72
SIA,CE,202503,9672427,0206030037,194.0,26894.22
SIA,CE,202503,2528843,0206020015,1.0,86.75
SIA,CE,202503,7382626,0206020015,6.0,520.5
SIA,CE,202503,4887514,0211020036,22.0,113.3
SIA,CE,202503,2328011,0206010079,28.0,2728.32
SIA,CE,202503,2479907,0206010028,14.0,1415.4
SIA,CE,202503,6848710,0206030010,47.0,6515.61
SIA,CE,202503,2479907,0206010044,26.0,2255.5
SIA,CE,202503,6848710,0206010079,69.0,6723.36
SIA,CE,202503,6848710,0206020031,20.0,2728.2
SIA,CE,202503,6848710,0206030037,46.0,6376.98
SIA,CE,202503,2563681,0206010052,6.0,520.5
SIA,CE,202503,2563681,0206020031,58.0,7911.78
SIA,CE,202503,6848710,0206010044,1.0,86.75
SIA,CE,202503,2526638,0206020031,38.0,5183.58
SIA,CE,202503,9672427,0206020023,28.0,2429.0
SIA,CE,202503,9672427,0206030010,186.0,25785.18
SIA,CE,202503,9672427,0206030029,20.0,1735.0
SIA,CE,202503,2806215,0206010079,204.0,19877.76
SIA,CE,202503,2372622,0211020036,55.0,283.25
SIA,CE,202503,2562146,0211020036,11.0,56.65
SIA,CE,202503,2564211,0206030037,200.0,27726.0
SIA,CE,202503,2675560,0211020036,82.0,422.3
SIA,CE,202503,3021114,0206010028,33.0,3336.3
SIA,CE,202503,3021114,0206010079,251.0,24457.44
SIA,CE,202503,2723190,0206010036,7.0,607.32
SIA,CE,202503,2561328,0211020036,21.0,108.15
SIA,CE,202503,2806215,0206020031,83.0,11322.03
SIA,CE,202503,2806215,0206010028,36.0,3639.6
SIA,CE,202503,9787399,0211020036,250.0,1287.5
SIA,CE,202503,7061021,0206010079,246.0,23970.24
SIA,CE,202503,7061021,0206020031,132.0,18006.12
SIA,CE,202503,2497654,0206010079,439.0,42776.16
SIA,CE,202503,2372967,0206020031,9.0,1227.69
SIA,CE,202503,3021114,0206030037,96.0,13308.48
SIA,CE,202503,2564211,0206030010,224.0,31053.12
SIA,CE,202503,2564211,0206010079,77.0,7502.88
SIA,CE,202503,2497654,0206030010,244.0,33825.72
SIA,CE,202503,2497654,0206030037,154.0,21349.02
SIA,CE,202503,2564211,0208010025,42.0,17157.84
SIA,CE,202503,2564211,0206020031,254.0,34648.14
SIA,CE,202503,2497654,0206010044,27.0,2342.25
SIA,CE,202503,7061021,0206010044,55.0,4771.25
SIA,CE,202503,7061021,0206030010,166.0,23012.58
SIA,CE,202503,2427176,0211020036,58.0,298.7
SIA,CE,202503,0301337,0206020015,3.0,260.25
SIA,CE,202503,2427125,0206010079,116.0,11303.04
SIA,CE,202503,2427125,0211020036,289.0,1488.35
SIA,CE,202503,7569793,0211020036,57.0,293.55
SIA,CE,202503,7061021,0206030037,161.0,22319.43
SIA,CE,202503,2564211,0206010044,24.0,2082.0
SIA,CE,202503,2372967,0206020023,6.0,520.5
SIA,CE,202503,2372967,0206030010,24.0,3327.12
SIA,CE,202503,2480646,0206010079,71.0,6918.24
SIA,CE,202503,2554798,0211020036,400.0,2060.0
SIA,CE,202503,0086673,0211020036,108.0,556.2
SIA,CE,202503,0086673,0206010028,11.0,1112.1
SIA,CE,202503,0086673,0206010044,27.0,2342.25
SIA,CE,202503,0086673,0206030010,17.0,2356.71
SIA,CE,202503,5018110,0206010010,37.0,3210.12
SIA,CE,202503,5018110,0206010079,177.0,17246.88
SIA,CE,202503,2806215,0206030010,220.0,30498.6
SIA,CE,202503,2806215,0206010044,16.0,1388.0
SIA,CE,202503,7061021,0206010010,40.0,3470.4
SIA,CE,202503,2497654,0206020031,111.0,15141.51
SIA,CE,202503,2564211,0208010033,42.0,16088.94
SIA,CE,202503,2372967,0206010079,41.0,3995.04
SIA,CE,202503,2611775,0211020036,107.0,551.05
SIA,CE,202503,2328119,0211020036,43.0,221.45
SIA,CE,202503,2806215,0206030029,6.0,520.5
SIA,CE,202503,2527669,0211020036,30.0,154.5
SIA,CE,202503,2373513,0211020036,120.0,618.0
SIA,CE,202503,5018110,0206030037,30.0,4158.9
SIA,CE,202503,2561492,0206010052,7.0,607.25
SIA,CE,202503,0301337,0206030029,9.0,780.75
SIA,CE,202503,3021114,0211020036,122.0,628.3
SIA,CE,202503,7403224,0206030010,18.0,2495.34
SIA,CE,202503,7403224,0206010052,1.0,86.75
SIA,CE,202503,5018110,0206030010,73.0,10119.99
SIA,CE,202503,5018110,0206010028,102.0,10312.2
SIA,CE,202503,2526638,0206030010,7.0,970.41
SIA,CE,202503,2563681,0206010010,20.0,1735.2
SIA,CE,202503,2372967,0206030037,32.0,4436.16
SIA,CE,202503,2563681,0206030029,27.0,2342.25
SIA,CE,202503,2563681,0206010044,15.0,1301.25
SIA,CE,202503,2561026,0206010044,15.0,1301.25
SIA,CE,202503,7061021,0206010036,11.0,954.36
SIA,CE,202503,2372967,0206010044,7.0,607.25
SIA,CE,202503,2427125,0206010028,19.0,1920.9
SIA,CE,202503,2427125,0206020031,8.0,1091.28
SIA,CE,202503,7061021,0206030029,9.0,780.75
SIA,CE,202503,2529068,0211020036,9.0,46.35
SIA,CE,202503,9672427,0206010052,14.0,1214.5
SIA,CE,202503,2561492,0211020060,56.0,1680.0
SIA,CE,202503,7403224,0206010028,88.0,8896.8
SIA,CE,202503,7403224,0206010036,16.0,1388.16
SIA,CE,202503,2877767,0211020036,10.0,51.5
SIA,CE,202503,3021114,0206010044,23.0,1995.25
SIA,CE,202503,2806215,0206010036,5.0,433.8
SIA,CE,202503,2806215,0206030037,178.0,24676.14
SIA,CE,202503,2611643,0211020036,32.0,164.8
SIA,CE,202503,2560984,0206010079,5.0,487.2
SIA,CE,202503,2561336,0211020036,72.0,370.8
SIA,CE,202503,0301337,0206010036,4.0,347.04
SIA,CE,202503,3021114,0206020031,104.0,14186.64
SIA,CE,202503,2561050,0211020036,25.0,128.75
SIA,CE,202503,3021114,0206010010,34.0,2949.84
SIA,CE,202503,0086673,0206030037,29.0,4020.27
SIA,CE,202503,5018110,0206010052,2.0,173.5
SIA,CE,202503,2726319,0211020036,41.0,211.15
SIA,CE,202503,2560984,0206030010,3.0,415.89
SIA,CE,202503,2415623,0211020036,64.0,329.6
SIA,CE,202503,2563681,0206010028,9.0,909.9
SIA,CE,202503,5018110,0206010036,17.0,1474.92
SIA,CE,202503,7103255,0211020036,644.0,3316.6
SIA,CE,202503,3021114,0206030010,76.0,10535.88
SIA,CE,202503,9672427,0206010036,20.0,1735.2
SIA,CE,202503,3021114,0206010036,9.0,780.84
SIA,CE,202503,9672427,0211020036,116.0,597.4
SIA,CE,202503,2564211,0206010028,24.0,2426.4
SIA,CE,202503,5018110,0206030029,20.0,1735.0
SIA,CE,202503,7403224,0206020031,29.0,3955.89
SIA,CE,202503,2564211,0206010052,54.0,4684.5
SIA,CE,202503,6848710,0206010052,2.0,173.5
SIA,CE,202503,2552191,0211020036,50.0,257.5
SIA,CE,202503,2564211,0206020015,4.0,347.0
SIA,CE,202503,7061021,0206010028,22.0,2224.2
SIA,CE,202503,0183229,0211020036,384.0,1977.6
SIA,CE,202503,6848710,0211020036,41.0,211.15
SIA,CE,202503,3021114,0206010052,11.0,954.25
SIA,CE,202503,9672427,0206020015,15.0,1301.25
SIA,CE,202503,2563681,0206010036,7.0,607.32
SIA,CE,202503,7403224,0206010079,86.0,8379.84
SIA,CE,202503,7403224,0206010044,11.0,954.25
SIA,CE,202503,5018110,0206020015,7.0,607.25
SIA,CE,202503,2561026,0206020023,7.0,607.25
SIA,CE,202503,2806215,0206010010,14.0,1214.64
SIA,CE,202503,2560984,0206010044,2.0,173.5
SIA,CE,202503,2611309,0206020023,4.0,347.0
SIA,CE,202503,7403224,0206010010,30.0,2602.8
SIA,CE,202503,2372967,0206010028,8.0,808.8
SIA,CE,202503,7061021,0206020015,12.0,1041.0
SIA,CE,202503,3541428,0206010044,1.0,86.75
SIA,CE,202503,7403224,0206030029,7.0,607.25
SIA,CE,202503,2497654,0206010010,16.0,1388.16
SIA,CE,202503,0086673,0206010079,11.0,1071.84
SIA,CE,202503,2427125,0206030010,33.0,4574.79
SIA,CE,202503,2563681,0206020015,3.0,260.25
SIA,CE,202503,2723190,0206010028,9.0,909.9
SIA,CE,202503,2723190,0211020036,5.0,25.75
SIA,CE,202503,2479907,0211020060,38.0,1140.0
SIA,CE,202503,5018110,0206010044,6.0,520.5
SIA,CE,202503,2806215,0206020015,4.0,347.0
SIA,CE,202503,0951021,0211020036,25.0,128.75
SIA,CE,202503,2427125,0206030037,11.0,1524.93
SIA,CE,202503,2529556,0211020036,229.0,1179.35
SIA,CE,202503,7061021,0206010052,7.0,607.25
SIA,CE,202503,2561395,0211020036,419.0,2157.85
SIA,CE,202503,2785900,0206030010,5.0,693.15
SIA,CE,202503,2785900,0206030037,5.0,693.15
SIA,CE,202503,2497654,0206020023,2.0,173.5
SIA,CE,202503,2479028,0206010036,40.0,3470.4
SIA,CE,202503,2564238,0206030010,1.0,138.63
SIA,CE,202503,2564238,0206010010,7.0,607.32
SIA,CE,202503,7274440,0211020036,368.0,1895.2
SIA,CE,202503,2479907,0206010036,3.0,260.28
SIA,CE,202503,2480646,0206010028,6.0,606.6
SIA,CE,202503,2564238,0206010028,7.0,707.7
SIA,CE,202503,2479893,0211020036,398.0,2049.7
SIA,CE,202503,2480646,0206020031,7.0,954.87
SIA,CE,202503,2564238,0206030029,1.0,86.75
SIA,CE,202503,2372967,0206010010,3.0,260.28
SIA,CE,202503,2560984,0206020031,3.0,409.23
SIA,CE,202503,9190201,0211020036,10.0,51.5
SIA,CE,202503,3541428,0206020031,9.0,1227.69
SIA,CE,202503,2528843,0206030010,2.0,277.26
SIA,CE,202503,2478927,0211020036,101.0,520.15
SIA,CE,202503,7403224,0206030037,26.0,3604.38
SIA,CE,202503,2427125,0206020015,2.0,173.5
SIA,CE,202503,6848710,0206020023,1.0,86.75
SIA,CE,202503,2561026,0211020036,125.0,643.75
SIA,CE,202503,2333864,0211020036,90.0,463.5
SIA,CE,202503,0301337,0206020023,3.0,260.25
SIA,CE,202503,2479907,0206010010,6.0,520.56
SIA,CE,202503,2427125,0206010010,8.0,694.08
SIA,CE,202503,2723190,0206020015,1.0,86.75
SIA,CE,202503,2497654,0206010028,17.0,1718.7
SIA,CE,202503,2561298,0211020036,68.0,350.2
SIA,CE,202503,7376928,0211020036,228.0,1174.2
SIA,CE,202503,5018110,0206020031,29.0,3955.89
SIA,CE,202503,5723507,0211020036,179.0,921.85
SIA,CE,202503,2723611,0211020036,94.0,484.1
SIA,CE,202503,2785900,0206010079,6.0,584.64
SIA,CE,202503,2328011,0206010036,1.0,86.76
SIA,CE,202503,2328402,0211020036,91.0,468.65
SIA,CE,202503,2560992,0211020036,19.0,97.85
SIA,CE,202503,0086673,0206010010,4.0,347.04
SIA,CE,202503,7057083,0211020036,208.0,1071.2
SIA,CE,202503,7382626,0206010044,6.0,520.5
SIA,CE,202503,7992130,0211020036,147.0,757.05
SIA,CE,202503,7061021,0206020023,8.0,694.0
SIA,CE,202503,2499363,0206030010,6.0,831.78
SIA,CE,202503,2499037,0211020036,104.0,535.6
SIA,CE,202503,2664666,0211020036,60.0,309.0
SIA,CE,202503,2427184,0211020036,118.0,607.7
SIA,CE,202503,2479028,0211020036,299.0,1539.85
SIA,CE,202503,2479907,0211020036,242.0,1246.3
SIA,CE,202503,2372967,0211020036,4.0,20.6
SIA,CE,202503,2564238,0206010036,4.0,347.04
SIA,CE,202503,0086673,0206020031,6.0,818.46
SIA,CE,202503,0310921,0211020036,635.0,3270.25
SIA,CE,202503,2561018,0211020036,55.0,283.25
SIA,CE,202503,2785900,0206020031,3.0,409.23
SIA,CE,202503,2499339,0211020036,189.0,973.35
SIA,CE,202503,2564238,0206030037,3.0,415.89
SIA,CE,202503,2528843,0206020031,5.0,682.05
SIA,CE,202503,7021437,0211020036,139.0,715.85
SIA,CE,202503,7501366,0211020036,755.0,3888.25
SIA,CE,202503,2560852,0206010028,44.0,4448.4
SIA,CE,202503,2372150,0206010028,64.0,6470.4
SIA,CE,202503,2372495,0211020036,57.0,293.55
SIA,CE,202503,2527707,0211020036,414.0,2132.1
SIA,CE,202503,2372150,0206030037,19.0,2633.97
SIA,CE,202503,2561352,0211020036,45.0,231.75
SIA,CE,202503,2563681,0211020036,82.0,422.3
SIA,CE,202503,2414848,0211020036,138.0,710.7
SIA,CE,202503,0959529,0211020036,6.0,30.9
SIA,CE,202503,2560852,0206030037,15.0,2079.45
SIA,CE,202503,2665190,0206010028,23.0,2325.3
SIA,CE,202503,2611309,0206010028,7.0,707.7
SIA,CE,202503,2479028,0206020023,12.0,1041.0
SIA,CE,202503,2560852,0206010044,11.0,954.25
SIA,CE,202503,6376738,0206030010,9.0,1247.67
SIA,CE,202503,2372150,0206030010,15.0,2079.45
SIA,CE,202503,2560852,0206020031,15.0,2046.15
SIA,CE,202503,2611309,0206010036,3.0,260.28
SIA,CE,202503,6848710,0206010028,2.0,202.2
SIA,CE,202503,6848710,0206010010,2.0,173.52
SIA,CE,202503,2372150,0206020031,8.0,1091.28
SIA,CE,202503,2560852,0206010079,112.0,10913.28
SIA,CE,202503,2560852,0206030029,4.0,347.0
SIA,CE,202503,2480646,0206010044,11.0,954.25
SIA,CE,202503,7376928,0211020060,5.0,150.0
SIA,CE,202503,0301337,0206010044,6.0,520.5
SIA,CE,202503,2479028,0206020015,4.0,347.0
SIA,CE,202503,2372150,0206010010,30.0,2602.8
SIA,CE,202503,2560852,0206030010,30.0,4158.9
SIA,CE,202503,2611309,0206010010,3.0,260.28
SIA,CE,202503,0086673,0206010036,2.0,173.52
SIA,CE,202503,2480646,0206010036,2.0,173.52
SIA,CE,202503,2527677,0211020036,376.0,1936.4
SIA,CE,202503,2665190,0206020031,4.0,545.64
SIA,CE,202503,2665190,0206030037,5.0,693.15
SIA,CE,202503,2723220,0206010079,52.0,5066.88
SIA,CE,202503,2723220,0211020036,311.0,1601.65
SIA,CE,202503,2723220,0206030037,421.0,58363.23
SIA,CE,202503,2723220,0206010044,26.0,2255.5
SIA,CE,202503,2723220,0206020031,505.0,68887.05
SIA,CE,202503,2425300,0211020036,1411.0,7266.65
SIA,CE,202503,2723220,0206030010,498.0,69037.74
SIA,CE,202503,3541428,0206030029,1.0,86.75
SIA,CE,202503,2425300,0205010016,10.0,1650.0
SIA,CE,202503,2479028,0206010044,9.0,780.75
SIA,CE,202503,7389272,0211020036,200.0,1030.0
SIA,CE,202503,2479028,0206010010,42.0,3643.92
SIA,CE,202503,7469683,0206010036,11.0,954.36
SIA,CE,202503,6779522,0206010079,521.0,50766.24
SIA,CE,202503,6779522,0206010044,103.0,8935.25
SIA,CE,202503,2373971,0206010036,14.0,1214.64
SIA,CE,202503,2333880,0211020036,114.0,587.1
SIA,CE,202503,6376738,0206020031,4.0,545.64
SIA,CE,202503,2562766,0211020036,42.0,216.3
SIA,CE,202503,2806339,0211020036,15.0,77.25
SIA,CE,202503,2373971,0206010079,115.0,11205.6
SIA,CE,202503,2665190,0206010079,24.0,2338.56
SIA,CE,202503,2425300,0211020060,24.0,720.0
SIA,CE,202503,2665190,0206010010,6.0,520.56
SIA,CE,202503,2723220,0208010033,64.0,24516.48
SIA,CE,202503,6779522,0206030010,120.0,16635.6
SIA,CE,202503,6779522,0206020031,68.0,9275.88
SIA,CE,202503,6779522,0206010028,25.0,2527.5
SIA,CE,202503,6779522,0206030037,141.0,19546.83
SIA,CE,202503,2372150,0206020015,5.0,433.75
SIA,CE,202503,2723220,0206020023,16.0,1388.0
SIA,CE,202503,2820234,0206010028,19.0,1920.9
SIA,CE,202503,2723220,0206010052,67.0,5812.25
SIA,CE,202503,2665190,0206030010,5.0,693.15
SIA,CE,202503,2415488,0206010079,13.0,1266.72
SIA,CE,202503,2425599,0211020036,118.0,607.7
SIA,CE,202503,7420501,0206020031,17.0,2318.97
SIA,CE,202503,2723220,0208010025,64.0,26145.28
SIA,CE,202503,2373971,0206010028,90.0,9099.0
SIA,CE,202503,2373971,0206020023,11.0,954.25
SIA,CE,202503,2560852,0206010036,9.0,780.84
SIA,CE,202503,7382626,0206010052,2.0,173.5
SIA,CE,202503,2372150,0206010079,36.0,3507.84
SIA,CE,202503,2560852,0206010010,12.0,1041.12
SIA,CE,202503,2820234,0208010033,20.0,7661.4
SIA,CE,202503,2415488,0206010028,14.0,1415.4
SIA,CE,202503,2554623,0211020036,2.0,10.3
SIA,CE,202503,2820234,0208010025,20.0,8170.4
SIA,CE,202503,2479478,0211020036,43.0,221.45
SIA,CE,202503,2373971,0206020031,24.0,3273.84
SIA,CE,202503,6779522,0206030029,13.0,1127.75
SIA,CE,202503,7420501,0206010079,8.0,779.52
SIA,CE,202503,2373971,0206030037,18.0,2495.34
SIA,CE,202503,2372150,0206030029,10.0,867.5
SIA,CE,202503,2563460,0206010079,5.0,487.2
SIA,CE,202503,2563460,0206030037,5.0,693.15
SIA,CE,202503,6376738,0206010010,1.0,86.76
SIA,CE,202503,2373971,0206010010,39.0,3383.64
SIA,CE,202503,2372150,0206010036,14.0,1214.64
SIA,CE,202503,2561344,0211020036,31.0,159.65
SIA,CE,202503,7381158,0211020036,225.0,1158.75
SIA,CE,202503,2552086,0206010079,27.0,2630.88
SIA,CE,202503,2529149,0206010079,1699.0,165550.56
SIA,CE,202503,2529149,0206010036,42.0,3643.92
SIA,CE,202503,2529149,0206010044,324.0,28107.0
SIA,CE,202503,2529149,0206010010,222.0,19260.72
SIA,CE,202503,2552086,0206030010,15.0,2079.45
SIA,CE,202503,7469683,0206010079,44.0,4287.36
SIA,CE,202503,7420501,0206030037,29.0,4020.27
SIA,CE,202503,7469683,0206020031,18.0,2455.38
SIA,CE,202503,7043597,0211020036,111.0,571.65
SIA,CE,202503,2426579,0206010079,187.0,18221.28
SIA,CE,202503,2426579,0206030037,86.0,11922.18
SIA,CE,202503,2426579,0206010028,108.0,10918.8
SIA,CE,202503,2527685,0211020036,30.0,154.5
SIA,CE,202503,2529149,0206030010,62.0,8595.06
SIA,CE,202503,2529149,0206030029,22.0,1908.5
SIA,CE,202503,7420501,0206030010,22.0,3049.86
SIA,CE,202503,2529149,0206010028,86.0,8694.6
SIA,CE,202503,2426579,0206020031,48.0,6547.68
SIA,CE,202503,2426579,0206030029,16.0,1388.0
SIA,CE,202503,2373971,0206010052,20.0,1735.0
SIA,CE,202503,7051123,0206010079,74.0,7210.56
SIA,CE,202503,7051123,0206020023,1.0,86.75
SIA,CE,202503,7051123,0206030037,31.0,4297.53
SIA,CE,202503,2529149,0206030037,73.0,10119.99
SIA,CE,202503,2426579,0206030010,97.0,13447.11
SIA,CE,202503,2426579,0206010052,5.0,433.75
SIA,CE,202503,2529149,0206020031,96.0,13095.36
SIA,CE,202503,2426579,0206010010,37.0,3210.12
SIA,CE,202503,7051123,0206020015,3.0,260.25
SIA,CE,202503,2426579,0206010044,14.0,1214.5
SIA,CE,202503,2373971,0206030010,14.0,1940.82
SIA,CE,202503,2415488,0206020031,7.0,954.87
SIA,CE,202503,2415488,0206030037,15.0,2079.45
SIA,CE,202503,2373971,0206010044,3.0,260.25
SIA,CE,202503,2328003,0211020036,172.0,885.8
SIA,CE,202503,2426579,0206010036,21.0,1821.96
SIA,CE,202503,7469683,0206030037,29.0,4020.27
SIA,CE,202503,7469683,0206010028,72.0,7279.2
SIA,CE,202503,6376738,0206010028,2.0,202.2
SIA,CE,202503,2529149,0206020015,23.0,1995.25
SIA,CE,202503,2529149,0206010052,73.0,6332.75
SIA,CE,202503,7890389,0211020036,16.0,82.4
SIA,CE,202503,7051123,0206010028,33.0,3336.3
SIA,CE,202503,6779522,0206010010,47.0,4077.72
SIA,CE,202503,7047428,0206030037,3.0,415.89
SIA,CE,202503,6779522,0206010036,7.0,607.32
SIA,CE,202503,6405428,0211020060,11.0,330.0
SIA,CE,202503,6405428,0211020036,115.0,592.25
SIA,CE,202503,7047428,0206010079,4.0,389.76
SIA,CE,202503,7469683,0206010010,17.0,1474.92
SIA,CE,202503,2415488,0206010044,2.0,173.5
SIA,CE,202503,7051123,0206020031,12.0,1636.92
SIA,CE,202503,2415488,0206030010,12.0,1663.56
SIA,CE,202503,7051123,0206030010,14.0,1940.82
SIA,CE,202503,2328011,0206030010,5.0,693.15
SIA,CE,202503,2328011,0206010010,2.0,173.52
SIA,CE,202503,2723220,0206010028,15.0,1516.5
SIA,CE,202503,2563460,0206030010,5.0,693.15
SIA,CE,202503,3541428,0206010060,1.0,97.44
SIA,CE,202503,7051123,0206010010,11.0,954.36
SIA,CE,202503,2723220,0206020015,5.0,433.75
SIA,CE,202503,6376738,0206010079,3.0,292.32
SIA,CE,202503,2528673,0211020036,140.0,721.0
SIA,CE,202503,2723220,0206010010,6.0,520.56
SIA,CE,202503,6376738,0206030037,11.0,1524.93
SIA,CE,202503,9411798,0211020036,280.0,1442.0
SIA,CE,202503,2516632,0211020036,19.0,97.85
SIA,CE,202503,4527372,0206010028,34.0,3437.4
SIA,CE,202503,2723220,0206030029,4.0,347.0
SIA,CE,202503,0393029,0206030037,29.0,4020.27
SIA,CE,202503,2811200,0206030037,17.0,2356.71
SIA,CE,202503,2811200,0206010028,113.0,11424.3
SIA,CE,202503,2811200,0206020031,15.0,2046.15
SIA,CE,202503,7988400,0211020036,343.0,1766.45
SIA,CE,202503,4527372,0206010079,95.0,9256.8
SIA,CE,202503,4527372,0206030010,17.0,2356.71
SIA,CE,202503,4527372,0206020015,3.0,260.25
SIA,CE,202503,7469683,0206030010,24.0,3327.12
SIA,CE,202503,4527372,0206010044,6.0,520.5
SIA,CE,202503,4527372,0206030037,9.0,1247.67
SIA,CE,202503,2560976,0211020036,72.0,370.8
SIA,CE,202503,0393029,0206010044,6.0,520.5
SIA,CE,202503,0393029,0206010028,12.0,1213.2
SIA,CE,202503,2526670,0211020036,30.0,154.5
SIA,CE,202503,6779522,0206020015,8.0,694.0
SIA,CE,202503,2373971,0206030029,6.0,520.5
SIA,CE,202503,0393029,0206030010,27.0,3743.01
SIA,CE,202503,0393029,0206010079,31.0,3020.64
SIA,CE,202503,0393029,0206020031,9.0,1227.69
SIA,CE,202503,2561417,0206020031,143.0,19506.63
SIA,CE,202503,2561417,0206010079,220.0,21436.8
SIA,CE,202503,2561417,0206010010,23.0,1995.48
SIA,CE,202503,2561417,0206030037,35.0,4852.05
SIA,CE,202503,2561417,0206010028,79.0,7986.9
SIA,CE,202503,2479214,0206010079,89.0,8672.16
SIA,CE,202503,4527372,0206020031,17.0,2318.97
SIA,CE,202503,2479214,0206010044,22.0,1908.5
SIA,CE,202503,2811200,0206010079,63.0,6138.72
SIA,CE,202503,2561417,0206030010,78.0,10813.14
SIA,CE,202503,7469683,0206030029,11.0,954.25
SIA,CE,202503,2479214,0206020031,443.0,60429.63
SIA,CE,202503,2479214,0206030010,56.0,7763.28
SIA,CE,202503,7051123,0206010044,3.0,260.25
SIA,CE,202503,2479214,0206030029,3.0,260.25
SIA,CE,202503,2552086,0206030037,4.0,554.52
SIA,CE,202503,2561417,0206010044,14.0,1214.5
SIA,CE,202503,3759148,0211020036,120.0,618.0
SIA,CE,202503,4527372,0206010010,7.0,607.32
SIA,CE,202503,6779522,0206020023,12.0,1041.0
SIA,CE,202503,2561417,0206010036,16.0,1388.16
SIA,CE,202503,7396732,0211020036,28.0,144.2
SIA,CE,202503,4527372,0206010036,7.0,607.32
SIA,CE,202503,2811200,0206010044,12.0,1041.0
SIA,CE,202503,7469683,0206020015,3.0,260.25
SIA,CE,202503,2811200,0206030029,7.0,607.25
SIA,CE,202503,0263672,0211020036,337.0,1735.55
SIA,CE,202503,2562391,0211020036,76.0,391.4
SIA,CE,202503,2481375,0211020036,70.0,360.5
SIA,CE,202503,6779522,0206010052,8.0,694.0
SIA,CE,202503,2427125,0206030029,3.0,260.25
SIA,CE,202503,4527372,0211020036,27.0,139.05
SIA,CE,202503,2811200,0206010010,30.0,2602.8
SIA,CE,202503,2880326,0211020036,128.0,659.2
SIA,CE,202503,7993218,0211020036,192.0,988.8
SIA,CE,202503,2723255,0211020036,220.0,1133.0
SIA,CE,202503,4653483,0211020036,200.0,1030.0
SIA,CE,202503,2561417,0206030029,13.0,1127.75
SIA,CE,202503,2479214,0206010010,8.0,694.08
SIA,CE,202503,2479214,0206030037,11.0,1524.93
SIA,CE,202503,2328011,0206030029,2.0,173.5
SIA,CE,202503,2497654,0206010052,8.0,694.0
SIA,CE,202503,2811200,0206030010,13.0,1802.19
SIA,CE,202503,2561417,0206020015,15.0,1301.25
SIA,CE,202503,2372967,0206010036,1.0,86.76
SIA,CE,202503,2723220,0206010036,8.0,694.08
SIA,CE,202503,2564211,0206030029,3.0,260.25
SIA,CE,202503,9241477,0211020036,20.0,103.0
SIA,CE,202503,7061021,0211020036,77.0,396.55
SIA,CE,202503,2785900,0211020036,63.0,324.45
SIA,CE,202503,2785900,0206010010,3.0,260.28
SIA,CE,202503,2561069,0211020036,151.0,777.65
SIA,CE,202503,2427125,0206010036,5.0,433.8
SIA,CE,202503,4010868,0211020036,463.0,2384.45
SIA,CE,202503,4010868,0211020060,31.0,930.0
SIA,CE,202503,2497654,0206010036,8.0,694.08
SIA,CE,202503,9526293,0211020036,315.0,1622.25
SIA,CE,202503,2806215,0206010052,3.0,260.25
SIA,CE,202503,2415488,0206020023,1.0,86.75
SIA,CE,202503,2479214,0211020036,5818.0,29962.7
SIA,CE,202503,2479214,0206010036,1.0,86.76
SIA,CE,202503,2811200,0206010036,8.0,694.08
SIA,CE,202503,7403224,0211020060,47.0,1410.0
SIA,CE,202503,2811200,0206010052,2.0,173.5
SIA,CE,202503,2806215,0211020036,463.0,2384.45
SIA,CE,202503,2785900,0206010028,7.0,707.7
SIA,CE,202503,2841118,0211020036,30.0,154.5
SIA,CE,202503,7428383,0211020036,59.0,303.85
SIA,CE,202503,6632513,0211020036,128.0,659.2
SIA,CE,202503,2564211,0206010010,5.0,433.8
SIA,CE,202503,2564211,0206010036,5.0,433.8
SIA,CE,202503,2333716,0211020036,1.0,5.15
SIA,CE,202503,2785900,0206010036,1.0,86.76
SIA,CE,202503,2479214,0206020015,1.0,86.75
SIA,CE,202503,6999506,0211020036,430.0,2214.5
SIA,CE,202503,2328011,0206020015,1.0,86.75
SIA,CE,202503,2561417,0211020036,31.0,159.65
SIA,CE,202503,0228753,0211020036,100.0,515.0
SIA,CE,202503,2554518,0211020036,107.0,551.05
SIA,CE,202503,2516667,0211020036,18.0,92.7
SIA,CE,202503,9280669,0211020036,33.0,169.95
SIA,CE,202503,2415658,0211020036,302.0,1555.3
SIA,CE,202503,2527413,0211020036,52.0,267.8
SIA,CE,202503,2497654,0211020036,1022.0,5263.3
SIA,CE,202503,2374064,0211020036,119.0,612.85
SIA,CE,202503,2664372,0211020036,292.0,1503.8
SIA,CE,202503,7434308,0211020036,377.0,1941.55
SIA,CE,202503,2478307,0211020036,40.0,206.0
SIA,CE,202503,2528282,0211020036,222.0,1143.3
SIA,CE,202503,2561042,0211020036,77.0,396.55
SIA,CE,202503,2811200,0206020015,4.0,347.0
SIA,CE,202503,2562138,0211020036,31.0,159.65
SIA,CE,202503,7403224,0206020015,5.0,433.75
SIA,CE,202503,0301337,0206010010,3.0,260.28
SIA,CE,202503,2479028,0206030029,1.0,86.75
SIA,CE,202503,2611309,0206020015,1.0,86.75
SIA,CE,202503,2372487,0211020036,150.0,772.5
SIA,CE,202503,2611309,0206010044,5.0,433.75
SIA,CE,202503,2372967,0206020015,6.0,520.5
SIA,CE,202503,2479214,0206010028,4.0,404.4
SIA,CE,202503,2563339,0211020036,29.0,149.35
SIA,CE,202503,2564211,0206020023,2.0,173.5
SIA,CE,202503,2479214,0206020023,1.0,86.75
SIA,CE,202503,2564211,0211020036,206.0,1060.9
SIA,CE,202503,2528843,0206020023,1.0,86.75
SIA,CE,202503,2561891,0211020036,141.0,726.15
SIA,CE,202503,7072341,0211020036,252.0,1297.8
SIA,CE,202503,2371847,0211020036,193.0,993.95
SIA,CE,202503,4010779,0211020036,18.0,92.7
SIA,CE,202503,2328100,0211020036,70.0,360.5
SIA,CE,202503,2560984,0211020036,183.0,942.45
SIA,CE,202503,2722917,0211020036,30.0,154.5
SIA,CE,202503,2328070,0211020036,170.0,875.5
SIA,CE,202503,2497654,0206030029,5.0,433.75
SIA,CE,202503,2726351,0211020036,52.0,267.8
SIA,CE,202503,9275134,0211020036,250.0,1287.5
SIA,CE,202503,2497654,0206020015,1.0,86.75
SIA,CE,202503,2372967,0206030029,3.0,260.25
SIA,CE,202503,2611309,0206030029,1.0,86.75
SIA,CE,202503,7403224,0211020036,147.0,757.05
SIA,CE,202503,6779522,0211020036,92.0,473.8
SIA,CE,202503,2561468,0211020036,102.0,525.3
SIA,CE,202503,2373971,0211020036,383.0,1972.45
SIA,CE,202503,2562316,0211020036,442.0,2276.3
SIA,CE,202503,2562499,0211020036,2.0,10.3
SIA,CE,202503,7018800,0211020036,439.0,2260.85
SIA,CE,202503,2373971,0206020015,1.0,86.75
SIA,CE,202503,2695839,0211020036,200.0,1030.0
SIA,CE,202503,3283437,0211020036,73.0,375.95
SIA,CE,202503,2528843,0206010036,1.0,86.76
SIA,CE,202503,2561492,0211020010,39.0,28471.56
SIA,CE,202503,6632513,0211020060,13.0,390.0
SIA,CE,202503,2479214,0206010052,1.0,86.75
SIA,CE,202503,2479214,0205010016,5.0,825.0
SIA,CE,202503,2705923,0211020036,114.0,587.1
SIA,CE,202503,7051123,0206030029,2.0,173.5
SIA,CE,202503,7051123,0206010036,6.0,520.56
SIA,CE,202503,2415488,0211020036,406.0,2090.9
SIA,CE,202503,2415488,0206010010,2.0,173.52
SIA,CE,202503,2820234,0206010095,32.0,67431.04
SIA,CE,202503,2415488,0206010036,2.0,173.52
SIA,CE,202503,7047428,0206030029,4.0,347.0
SIA,CE,202503,2478277,0211020036,4.0,20.6
SIA,CE,202503,0301337,0206010060,1.0,97.44
SIA,CE,202503,2372819,0211020036,340.0,1751.0
SIA,CE,202503,7047428,0206010028,2.0,202.2
SIA,CE,202503,2723182,0211020036,2.0,10.3
SIA,CE,202503,7420501,0211020036,214.0,1102.1
SIA,CE,202503,7006810,0211020036,337.0,1735.55
SIA,CE,202503,7469683,0206010044,2.0,173.5
SIA,CE,202503,2333813,0211020036,114.0,587.1
SIA,CE,202503,2665190,0206030029,6.0,520.5
SIA,CE,202503,4527372,0206020023,3.0,260.25
SIA,CE,202503,2611295,0211020036,391.0,2013.65
SIA,CE,202503,2552086,0206020031,10.0,1364.1
SIA,CE,202503,6125972,0211020036,86.0,442.9
SIA,CE,202503,2426579,0206020015,5.0,433.75
SIA,CE,202503,2327961,0211020036,131.0,674.65
SIA,CE,202503,2560852,0211020036,187.0,963.05
SIA,CE,202503,2427125,0206010044,1.0,86.75
SIA,CE,202503,7420501,0206010028,1.0,101.1
SIA,CE,202503,2665190,0206020015,2.0,173.5
SIA,CE,202503,2414864,0211020036,40.0,206.0
SIA,CE,202503,2479419,0211020036,138.0,710.7
SIA,CE,202503,2426579,0206020023,1.0,86.75
SIA,CE,202503,0393029,0206030029,1.0,86.75
SIA,CE,202503,2427125,0206010052,1.0,86.75
SIA,CE,202503,2562871,0211020036,31.0,159.65
SIA,CE,202503,2664364,0211020036,100.0,515.0
SIA,CE,202503,2663929,0211020036,160.0,824.0
SIA,CE,202503,2561417,0206010052,2.0,173.5
SIA,CE,202503,7396368,0211020036,297.0,1529.55
SIA,CE,202503,5018110,0206020023,2.0,173.5
SIA,CE,202503,2562154,0211020036,147.0,757.05
SIA,CE,202503,2372568,0211020036,150.0,772.5
SIA,CE,202503,2611058,0211020036,95.0,489.25
SIA,CE,202503,2427125,0206020023,1.0,86.75
SIA,CE,202503,7980310,0211020036,292.0,1503.8
SIA,CE,202503,7371888,0211020036,3.0,15.45
SIA,CE,202503,3021114,0206020023,1.0,86.75
SIA,CE,202503,2811200,0206020023,1.0,86.75
SIA,CE,202503,2480646,0206030010,5.0,693.15
SIA,CE,202503,2426455,0211020036,50.0,257.5
SIA,CE,202503,2724308,0211020036,7.0,36.05
SIA,CE,202503,2479710,0211020036,214.0,1102.1
SIA,CE,202503,2425300,0211020010,33.0,24091.32
SIA,CE,202503,2480646,0211020036,242.0,1246.3
SIA,CE,202503,2664151,0211020036,62.0,319.3
SIA,CE,202503,2480646,0206010010,5.0,433.8
SIA,CE,202503,6848710,0206010036,1.0,86.76
SIA,CE,202503,2328046,0211020036,150.0,772.5
SIA,CE,202503,2998890,0211020036,166.0,854.9
SIA,CE,202503,0086673,0206010052,1.0,86.75
SIA,CE,202503,2561948,0211020036,9.0,46.35
SIA,CE,202503,2479907,0206030029,5.0,433.75
SIA,CE,202503,2527693,0211020036,334.0,1720.1
SIA,CE,202503,2526662,0211020036,270.0,1390.5
SIA,CE,202503,2480646,0206030037,8.0,1109.04
SIA,CE,202503,4010868,0211020010,61.0,44532.44
SIA,CE,202503,2372479,0211020036,147.0,757.05
SIA,CE,202503,2611481,0211020036,149.0,767.35
SIA,CE,202503,2480646,0206020015,2.0,173.5
SIA,CE,202503,2478374,0211020036,43.0,221.45
SIA,CE,202503,7710941,0211020036,418.0,2152.7
SIA,CE,202503,2479907,0206020015,1.0,86.75
SIA,CE,202503,2372673,0211020036,79.0,406.85
SIA,CE,202503,2480646,0206010052,1.0,86.75
SIA,CE,202503,2426579,0206010060,1.0,97.44
SIA,CE,202503,2561425,0211020036,155.0,798.25
SIA,CE,202503,3021114,0206030029,1.0,86.75
SIA,CE,202503,2415488,0206010060,1.0,97.44
SIA,CE,202503,2563347,0211020036,26.0,133.9
SIA,CE,202503,2665190,0206010036,3.0,260.28
SIA,CE,202503,2372150,0206010044,2.0,173.5
SIA,CE,202503,2563460,0211020036,49.0,252.35
SIA,CE,202503,2328399,0211020036,5.0,25.75
SIA,CE,202503,2611465,0211020036,20.0,103.0
SIA,CE,202503,6697518,0211020036,278.0,1431.7
SIA,CE,202503,2328445,0211020036,12.0,61.8
SIA,CE,202503,7398204,0211020036,87.0,448.05
SIA,CE,202503,2563460,0206020031,2.0,272.82
SIA,CE,202503,7262698,0211020036,297.0,1529.55
SIA,CE,202503,7047428,0211020036,17.0,87.55
SIA,CE,202503,2415372,0211020036,280.0,1442.0
SIA,CE,202503,7360851,0211020036,470.0,2420.5
SIA,CE,202503,2564734,0211020036,18.0,92.7
SIA,CE,202503,2560852,0206020015,2.0,173.5
SIA,CE,202503,6376738,0206010052,1.0,86.75
SIA,CE,202503,4695623,0211020036,48.0,247.2
SIA,CE,202503,4913272,0211020036,33.0,169.95
SIA,CE,202503,2516683,0211020036,12.0,61.8
SIA,CE,202503,7044674,0211020036,38.0,195.7
SIA,CE,202503,7405529,0211020036,142.0,731.3
SIA,CE,202503,2563460,0206030029,1.0,86.75
SIA,CE,202503,7429398,0211020036,396.0,2039.4
SIA,CE,202503,7320418,0211020036,108.0,556.2
SIA,CE,202503,2373475,0211020036,80.0,412.0
SIA,CE,202503,6956963,0211020036,1.0,5.15
SIA,CE,202503,7044674,0211020060,29.0,870.0
SIA,CE,202503,6778798,0211020060,40.0,1200.0
SIA,CE,202503,2561441,0211020036,241.0,1241.15
SIA,CE,202503,4010825,0211020036,92.0,473.8
SIA,CE,202503,2328437,0211020036,50.0,257.5
SIA,CE,202503,2562200,0211020036,163.0,839.45
SIA,CE,202503,7051123,0211020060,37.0,1110.0
SIA,CE,202503,7460953,0211020036,241.0,1241.15
SIA,CE,202503,7047428,0206020031,2.0,272.82
SIA,CE,202503,2564769,0211020036,200.0,1030.0
SIA,CE,202503,2479818,0211020036,49.0,252.35
SIA,CE,202503,7514948,0211020036,600.0,3090.0
SIA,CE,202503,7320418,0211020060,10.0,300.0
SIA,CE,202503,2563460,0206010010,1.0,86.76
SIA,CE,202503,2651394,0211020036,72.0,370.8
SIA,CE,202503,7051123,0211020036,115.0,592.25
SIA,CE,202503,2333848,0211020036,20.0,103.0
SIA,CE,202503,2478080,0211020036,5.0,25.75
SIA,CE,202503,2373270,0211020036,50.0,257.5
SIA,CE,202503,6778798,0211020036,287.0,1478.05
SIA,CE,202503,6893295,0211020036,503.0,2590.45
SIA,CE,202503,6376738,0206010036,1.0,86.76
SIA,CE,202503,2563487,0211020036,83.0,427.45
SIA,CE,202503,7047428,0206010010,1.0,86.76
SIA,CE,202503,2372207,0211020036,1.0,5.15
SIA,CE,202503,2564580,0211020036,37.0,190.55
SIA,CE,202503,2479427,0211020036,60.0,309.0
SIA,CE,202503,7047428,0211020060,425.0,12750.0
SIA,CE,202503,2333740,0211020036,34.0,175.1
SIA,CE,202503,2552086,0211020036,387.0,1993.05
SIA,CE,202503,6985483,0211020036,447.0,2302.05
SIA,CE,202503,2481073,0211020036,95.0,489.25
SIA,CE,202503,2529149,0211020036,120.0,618.0
SIA,CE,202503,7047428,0206020015,1.0,86.75
SIA,CE,202503,2414996,0211020036,21.0,108.15
SIA,CE,202503,2561492,0206030029,1.0,86.75
SIA,CE,202504,2564211,0206030010,275.0,38123.25
SIA,CE,202504,2811200,0206030010,18.0,2495.34
SIA,CE,202504,2723220,0208010025,84.0,34315.68
SIA,CE,202504,2372150,0206020031,13.0,1773.33
SIA,CE,202504,2675560,0206010079,150.0,14616.0
SIA,CE,202504,2560852,0206010079,120.0,11692.8
SIA,CE,202504,2562766,0211020036,32.0,164.8
SIA,CE,202504,2562871,0211020036,95.0,489.25
SIA,CE,202504,2372150,0206030037,32.0,4436.16
SIA,CE,202504,2806215,0206030037,259.0,35905.17
SIA,CE,202504,9672427,0206020023,31.0,2689.25
SIA,CE,202504,9787399,0211020036,288.0,1483.2
SIA,CE,202504,2564211,0206030037,218.0,30221.34
SIA,CE,202504,2564238,0206030037,4.0,554.52
SIA,CE,202504,3283437,0211020036,86.0,442.9
SIA,CE,202504,0107239,0211020036,176.0,906.4
SIA,CE,202504,2561492,0211020036,1171.0,6030.65
SIA,CE,202504,2723190,0206010052,34.0,2949.5
SIA,CE,202504,2372967,0206010036,1.0,86.76
SIA,CE,202504,2723220,0211020036,306.0,1575.9
SIA,CE,202504,2723220,0206030010,541.0,74998.83
SIA,CE,202504,2723220,0206010052,97.0,8414.75
SIA,CE,202504,2425343,0211020036,118.0,607.7
SIA,CE,202504,2328429,0211020036,39.0,200.85
SIA,CE,202504,2427125,0211020036,254.0,1308.1
SIA,CE,202504,2427125,0206010079,138.0,13446.72
SIA,CE,202504,2478994,0211020036,44.0,226.6
SIA,CE,202504,2723220,0206020031,498.0,67932.18
SIA,CE,202504,2479028,0206010079,109.0,10620.96
SIA,CE,202504,2427125,0206030010,61.0,8456.43
SIA,CE,202504,2528673,0211020036,122.0,628.3
SIA,CE,202504,2516667,0211020036,12.0,61.8
SIA,CE,202504,2723220,0206010044,21.0,1821.75
SIA,CE,202504,3541428,0206030037,17.0,2356.71
SIA,CE,202504,2561026,0206010010,30.0,2602.8
SIA,CE,202504,2529149,0206010010,272.0,23598.72
SIA,CE,202504,2529149,0206010052,98.0,8501.5
SIA,CE,202504,7396805,0211020036,182.0,937.3
SIA,CE,202504,2427125,0206020015,3.0,260.25
SIA,CE,202504,2425300,0211020060,23.0,690.0
SIA,CE,202504,2481375,0211020036,93.0,478.95
SIA,CE,202504,2479028,0206020023,29.0,2515.75
SIA,CE,202504,0301337,0206010010,12.0,1041.12
SIA,CE,202504,2563681,0206030029,32.0,2776.0
SIA,CE,202504,3541428,0206020031,13.0,1773.33
SIA,CE,202504,2561352,0211020036,45.0,231.75
SIA,CE,202504,4226267,0211020036,76.0,391.4
SIA,CE,202504,5018110,0206010010,29.0,2516.04
SIA,CE,202504,6956963,0206030029,11.0,954.25
SIA,CE,202504,2373971,0206020023,8.0,694.0
SIA,CE,202504,2820234,0208010025,27.0,11030.04
SIA,CE,202504,6376738,0206030010,9.0,1247.67
SIA,CE,202504,2373971,0206010010,58.0,5032.08
SIA,CE,202504,2561492,0206010010,23.0,1995.48
SIA,CE,202504,2560852,0206020031,16.0,2182.56
SIA,CE,202504,2516640,0211020036,16.0,82.4
SIA,CE,202504,7434308,0211020036,600.0,3090.0
SIA,CE,202504,2373971,0206010052,47.0,4077.25
SIA,CE,202504,2479028,0206010010,73.0,6333.48
SIA,CE,202504,7382626,0206030029,12.0,1041.0
SIA,CE,202504,2820234,0208010033,27.0,10342.89
SIA,CE,202504,0310921,0206030029,13.0,1127.75
SIA,CE,202504,7420501,0206030029,35.0,3036.25
SIA,CE,202504,6779522,0206030029,20.0,1735.0
SIA,CE,202504,7386257,0206030029,8.0,694.0
SIA,CE,202504,2665190,0206030010,16.0,2218.08
SIA,CE,202504,7061021,0206030029,10.0,867.5
SIA,CE,202504,2415488,0206010028,9.0,909.9
SIA,CE,202504,2665190,0206020015,2.0,173.5
SIA,CE,202504,2611465,0211020036,1.0,5.15
SIA,CE,202504,0301337,0206020023,5.0,433.75
SIA,CE,202504,2611309,0206030010,120.0,16635.6
SIA,CE,202504,7051123,0206020023,2.0,173.5
SIA,CE,202504,2497654,0206020023,4.0,347.0
SIA,CE,202504,7420501,0206010036,80.0,6940.8
SIA,CE,202504,2723220,0206030037,365.0,50599.95
SIA,CE,202504,2811200,0206030037,18.0,2495.34
SIA,CE,202504,2561417,0206010036,12.0,1041.12
SIA,CE,202504,7420501,0206020015,20.0,1735.0
SIA,CE,202504,9672427,0206020015,19.0,1648.25
SIA,CE,202504,7403224,0206010036,5.0,433.8
SIA,CE,202504,7386257,0206020015,7.0,607.25
SIA,CE,202504,0310921,0206020015,9.0,780.75
SIA,CE,202504,6848710,0206010060,1.0,97.44
SIA,CE,202504,2479478,0211020036,39.0,200.85
SIA,CE,202504,2675560,0206030037,134.0,18576.42
SIA,CE,202504,2611309,0206010079,137.0,13349.28
SIA,CE,202504,2427125,0206010044,5.0,433.75
SIA,CE,202504,7061021,0206010036,12.0,1041.12
SIA,CE,202504,2480646,0206020031,7.0,954.87
SIA,CE,202504,2561492,0206030037,143.0,19824.09
SIA,CE,202504,9411798,0211020036,226.0,1163.9
SIA,CE,202504,2561492,0206020031,145.0,19779.45
SIA,CE,202504,2526638,0206010028,46.0,4650.6
SIA,CE,202504,7434472,0211020036,529.0,2724.35
SIA,CE,202504,7469683,0206010036,11.0,954.36
SIA,CE,202504,2723190,0206030037,159.0,22042.17
SIA,CE,202504,4963938,0206020023,1.0,86.75
SIA,CE,202504,2665190,0206010028,32.0,3235.2
SIA,CE,202504,2414848,0211020036,98.0,504.7
SIA,CE,202504,0301337,0206030037,30.0,4158.9
SIA,CE,202504,2480646,0206010079,55.0,5359.2
SIA,CE,202504,7569793,0211020036,46.0,236.9
SIA,CE,202504,2528843,0206010010,2.0,173.52
SIA,CE,202504,2328011,0206010028,48.0,4852.8
SIA,CE,202504,3021114,0206010079,378.0,36832.32
SIA,CE,202504,2723190,0206010010,2.0,173.52
SIA,CE,202504,6956963,0206010036,37.0,3210.12
SIA,CE,202504,7399626,0211020036,298.0,1534.7
SIA,CE,202504,2425300,0211020036,1417.0,7297.55
SIA,CE,202504,2611252,0211020036,57.0,293.55
SIA,CE,202504,7047428,0206020023,2.0,173.5
SIA,CE,202504,4527372,0206030010,21.0,2911.23
SIA,CE,202504,2328011,0206010079,32.0,3118.08
SIA,CE,202504,2561417,0206030029,20.0,1735.0
SIA,CE,202504,7389272,0211020036,200.0,1030.0
SIA,CE,202504,2561026,0206030037,93.0,12892.59
SIA,CE,202504,7501366,0211020036,683.0,3517.45
SIA,CE,202504,2561492,0206010052,10.0,867.5
SIA,CE,202504,2529149,0206030037,127.0,17606.01
SIA,CE,202504,7047428,0206030037,8.0,1109.04
SIA,CE,202504,9672427,0206010052,7.0,607.25
SIA,CE,202504,7061021,0206020015,6.0,520.5
SIA,CE,202504,0310921,0206010052,3.0,260.25
SIA,CE,202504,2723190,0206020031,175.0,23871.75
SIA,CE,202504,2328399,0211020036,3.0,15.45
SIA,CE,202504,2529149,0206010028,108.0,10918.8
SIA,CE,202504,3021114,0206010044,28.0,2429.0
SIA,CE,202504,2665190,0206010079,27.0,2630.88
SIA,CE,202504,2611309,0206020023,3.0,260.25
SIA,CE,202504,2415488,0206010079,6.0,584.64
SIA,CE,202504,2564211,0206010052,64.0,5552.0
SIA,CE,202504,2675560,0206030029,29.0,2515.75
SIA,CE,202504,2426579,0206010079,171.0,16662.24
SIA,CE,202504,2561441,0211020036,297.0,1529.55
SIA,CE,202504,2563681,0206010036,9.0,780.84
SIA,CE,202504,6668828,0211020036,26.0,133.9
SIA,CE,202504,2723220,0206010010,1.0,86.76
SIA,CE,202504,7403224,0206030029,2.0,173.5
SIA,CE,202504,2563681,0206010052,10.0,867.5
SIA,CE,202504,2527685,0211020036,19.0,97.85
SIA,CE,202504,2528843,0206020031,8.0,1091.28
SIA,CE,202504,4444086,0211020036,59.0,303.85
SIA,CE,202504,2529149,0206010079,2067.0,201408.48
SIA,CE,202504,2811200,0206010010,9.0,780.84
SIA,CE,202504,2806215,0206020031,106.0,14459.46
SIA,CE,202504,0301337,0206010028,40.0,4044.0
SIA,CE,202504,2841118,0211020036,39.0,200.85
SIA,CE,202504,2527707,0211020036,287.0,1478.05
SIA,CE,202504,5018110,0206010028,105.0,10615.5
SIA,CE,202504,2723220,0206010028,25.0,2527.5
SIA,CE,202504,4527372,0206020031,11.0,1500.51
SIA,CE,202504,2526638,0206020031,95.0,12958.95
SIA,CE,202504,7382626,0206010036,31.0,2689.56
SIA,CE,202504,7420501,0206010052,7.0,607.25
SIA,CE,202504,0393029,0206010028,1.0,101.1
SIA,CE,202504,2561026,0206010028,85.0,8593.5
SIA,CE,202504,2529149,0206020031,122.0,16642.02
SIA,CE,202504,2479028,0206010028,144.0,14558.4
SIA,CE,202504,0959529,0211020036,5.0,25.75
SIA,CE,202504,2561026,0206020023,7.0,607.25
SIA,CE,202504,2723190,0206010028,16.0,1617.6
SIA,CE,202504,2480646,0206010010,5.0,433.8
SIA,CE,202504,9672427,0206030029,28.0,2429.0
SIA,CE,202504,2427125,0206010028,35.0,3538.5
SIA,CE,202504,3021114,0206030029,2.0,173.5
SIA,CE,202504,9275134,0211020036,240.0,1236.0
SIA,CE,202504,2560852,0206010028,54.0,5459.4
SIA,CE,202504,2552086,0206030037,3.0,415.89
SIA,CE,202504,2675560,0211020036,106.0,545.9
SIA,CE,202504,2611309,0206020015,6.0,520.5
SIA,CE,202504,2427125,0206010036,11.0,954.36
SIA,CE,202504,9672427,0206010036,23.0,1995.48
SIA,CE,202504,2479214,0206010036,2.0,173.52
SIA,CE,202504,2563681,0206020015,1.0,86.75
SIA,CE,202504,6779522,0206010052,7.0,607.25
SIA,CE,202504,2373971,0206030037,28.0,3881.64
SIA,CE,202504,2561417,0206020015,17.0,1474.75
SIA,CE,202504,2373971,0206010028,109.0,11019.9
SIA,CE,202504,3021114,0211020036,102.0,525.3
SIA,CE,202504,2328100,0211020036,61.0,314.15
SIA,CE,202504,2552086,0206020031,22.0,3001.02
SIA,CE,202504,2479028,0206030037,68.0,9426.84
SIA,CE,202504,2563339,0211020036,43.0,221.45
SIA,CE,202504,2820234,0206010028,20.0,2022.0
SIA,CE,202504,2561336,0211020036,88.0,453.2
SIA,CE,202504,3021114,0206010010,50.0,4338.0
SIA,CE,202504,7047428,0206010028,5.0,505.5
SIA,CE,202504,2562391,0211020036,68.0,350.2
SIA,CE,202504,2479214,0206020015,2.0,173.5
SIA,CE,202504,2529149,0211020036,92.0,473.8
SIA,CE,202504,2372967,0206020031,9.0,1227.69
SIA,CE,202504,6779522,0206020015,12.0,1041.0
SIA,CE,202504,2497654,0206020015,2.0,173.5
SIA,CE,202504,6779522,0206010036,11.0,954.36
SIA,CE,202504,2497654,0206010052,13.0,1127.75
SIA,CE,202504,2651394,0211020036,80.0,412.0
SIA,CE,202504,2529556,0211020036,285.0,1467.75
SIA,CE,202504,2526662,0206020031,1.0,136.41
SIA,CE,202504,2665190,0206020031,11.0,1500.51
SIA,CE,202504,0310921,0206010036,36.0,3123.36
SIA,CE,202504,2526638,0206030037,14.0,1940.82
SIA,CE,202504,2561492,0206010028,20.0,2022.0
SIA,CE,202504,7980310,0211020036,600.0,3090.0
SIA,CE,202504,7993218,0211020036,328.0,1689.2
SIA,CE,202504,7469683,0206030029,6.0,520.5
SIA,CE,202504,2560852,0206010036,7.0,607.32
SIA,CE,202504,4527372,0206030029,6.0,520.5
SIA,CE,202504,2665190,0206030029,7.0,607.25
SIA,CE,202504,2497654,0206010060,2.0,194.88
SIA,CE,202504,6848710,0206010052,2.0,173.5
SIA,CE,202504,2328003,0211020036,242.0,1246.3
SIA,CE,202504,2560852,0206010010,15.0,1301.4
SIA,CE,202504,7061021,0206020023,11.0,954.25
SIA,CE,202504,6956963,0206020015,5.0,433.75
SIA,CE,202504,6956963,0206010052,1.0,86.75
SIA,CE,202504,6376738,0206010010,2.0,173.52
SIA,CE,202504,2427125,0206030029,3.0,260.25
SIA,CE,202504,2529068,0211020036,2.0,10.3
SIA,CE,202504,2723220,0206010079,79.0,7697.76
SIA,CE,202504,2373971,0206020031,22.0,3001.02
SIA,CE,202504,4527372,0206030037,20.0,2772.6
SIA,CE,202504,7061021,0206010052,4.0,347.0
SIA,CE,202504,2426579,0206030029,2.0,173.5
SIA,CE,202504,2415658,0211020036,231.0,1189.65
SIA,CE,202504,4527372,0206020023,3.0,260.25
SIA,CE,202504,7514948,0211020036,594.0,3059.1
SIA,CE,202504,6848710,0211020036,29.0,149.35
SIA,CE,202504,7047428,0206010079,30.0,2923.2
SIA,CE,202504,2497654,0206030029,5.0,433.75
SIA,CE,202504,2479214,0206010052,3.0,260.25
SIA,CE,202504,2427184,0211020036,100.0,515.0
SIA,CE,202504,7403224,0206020023,1.0,86.75
SIA,CE,202504,7460953,0211020036,409.0,2106.35
SIA,CE,202504,4963938,0206010052,9.0,780.75
SIA,CE,202504,2478307,0211020036,55.0,283.25
SIA,CE,202504,2333813,0211020036,93.0,478.95
SIA,CE,202504,2664283,0211020036,25.0,128.75
SIA,CE,202504,2497654,0206010036,10.0,867.6
SIA,CE,202504,2426579,0206010044,4.0,347.0
SIA,CE,202504,2426072,0211020036,3.0,15.45
SIA,CE,202504,2528843,0206030037,4.0,554.52
SIA,CE,202504,2480050,0211020036,2.0,10.3
SIA,CE,202504,2806215,0211020036,606.0,3120.9
SIA,CE,202504,2328046,0211020036,155.0,798.25
SIA,CE,202504,2611058,0211020036,100.0,515.0
SIA,CE,202504,2516683,0211020036,15.0,77.25
SIA,CE,202504,2480646,0206030010,11.0,1524.93
SIA,CE,202504,7382626,0206020015,4.0,347.0
SIA,CE,202504,2611309,0206030029,15.0,1301.25
SIA,CE,202504,2372207,0211020036,4.0,20.6
SIA,CE,202504,5018110,0206020031,35.0,4774.35
SIA,CE,202504,5018110,0206010052,2.0,173.5
SIA,CE,202504,7047428,0206030010,4.0,554.52
SIA,CE,202504,2415488,0206030037,6.0,831.78
SIA,CE,202504,2562227,0211020036,18.0,92.7
SIA,CE,202504,2372967,0206030029,6.0,520.5
SIA,CE,202504,2328402,0211020036,150.0,772.5
SIA,CE,202504,7047428,0206020031,7.0,954.87
SIA,CE,202504,2563681,0206020023,1.0,86.75
SIA,CE,202504,2723220,0206020023,13.0,1127.75
SIA,CE,202504,2328437,0211020036,50.0,257.5
SIA,CE,202504,9526293,0211020036,343.0,1766.45
SIA,CE,202504,2328070,0211020036,56.0,288.4
SIA,CE,202504,2561395,0211020036,322.0,1658.3
SIA,CE,202504,7386257,0206010036,10.0,867.6
SIA,CE,202504,2561026,0206030029,8.0,694.0
SIA,CE,202504,2560984,0206020031,1.0,136.41
SIA,CE,202504,2561042,0211020036,82.0,422.3
SIA,CE,202504,4887514,0211020036,19.0,97.85
SIA,CE,202504,0310921,0206010079,271.0,26406.24
SIA,CE,202504,7386257,0206010028,96.0,9705.6
SIA,CE,202504,7382626,0206010028,150.0,15165.0
SIA,CE,202504,6779522,0206010079,618.0,60217.92
SIA,CE,202504,0310921,0206010028,297.0,30026.7
SIA,CE,202504,6779522,0206030037,173.0,23982.99
SIA,CE,202504,6848710,0206030037,80.0,11090.4
SIA,CE,202504,6956963,0206010028,212.0,21433.2
SIA,CE,202504,6848710,0206010079,102.0,9938.88
SIA,CE,202504,6956963,0206010079,103.0,10036.32
SIA,CE,202504,6956963,0206030037,67.0,9288.21
SIA,CE,202504,2497654,0206030037,270.0,37430.1
SIA,CE,202504,2479214,0206010079,93.0,9061.92
SIA,CE,202504,7420501,0206010028,420.0,42462.0
SIA,CE,202504,9672427,0206010079,355.0,34591.2
SIA,CE,202504,7469683,0206010028,76.0,7683.6
SIA,CE,202504,7420501,0206030037,163.0,22596.69
SIA,CE,202504,7051123,0206030037,30.0,4158.9
SIA,CE,202504,7061021,0206010079,242.0,23580.48
SIA,CE,202504,2497654,0206010079,498.0,48525.12
SIA,CE,202504,0310921,0206030037,95.0,13169.85
SIA,CE,202504,7420501,0206010079,262.0,25529.28
SIA,CE,202504,7386257,0206010079,87.0,8477.28
SIA,CE,202504,2561417,0206030037,48.0,6654.24
SIA,CE,202504,2561417,0206010079,168.0,16369.92
SIA,CE,202504,7051123,0206010028,55.0,5560.5
SIA,CE,202504,7061021,0206030037,161.0,22319.43
SIA,CE,202504,7051123,0206020015,2.0,173.5
SIA,CE,202504,0310921,0206020023,3.0,260.25
SIA,CE,202504,2427125,0206030037,16.0,2218.08
SIA,CE,202504,2723190,0211020036,26.0,133.9
SIA,CE,202504,2561417,0206010052,7.0,607.25
SIA,CE,202504,2479907,0206010052,2.0,173.5
SIA,CE,202504,2564734,0211020036,130.0,669.5
SIA,CE,202504,2664372,0211020036,250.0,1287.5
SIA,CE,202504,7429398,0211020036,459.0,2363.85
SIA,CE,202504,0301337,0206020031,6.0,818.46
SIA,CE,202504,6405428,0211020060,1.0,30.0
SIA,CE,202504,2415488,0206020031,7.0,954.87
SIA,CE,202504,9280669,0211020036,39.0,200.85
SIA,CE,202504,2426315,0211020036,610.0,3141.5
SIA,CE,202504,7047428,0211020036,599.0,3084.85
SIA,CE,202504,2372487,0211020036,150.0,772.5
SIA,CE,202504,4010825,0211020036,77.0,396.55
SIA,CE,202504,2561948,0211020036,8.0,41.2
SIA,CE,202504,2611201,0211020036,404.0,2080.6
SIA,CE,202504,2528843,0206010028,1.0,101.1
SIA,CE,202504,2478277,0211020036,2.0,10.3
SIA,CE,202504,2415372,0211020036,280.0,1442.0
SIA,CE,202504,2563460,0206010079,3.0,292.32
SIA,CE,202504,2373971,0211020036,481.0,2477.15
SIA,CE,202504,7396368,0211020036,301.0,1550.15
SIA,CE,202504,2372967,0206020015,6.0,520.5
SIA,CE,202504,7469683,0206020015,2.0,173.5
SIA,CE,202504,2497654,0206010028,21.0,2123.1
SIA,CE,202504,2479907,0206010079,149.0,14518.56
SIA,CE,202504,4695623,0211020036,188.0,968.2
SIA,CE,202504,5018110,0206010036,13.0,1127.88
SIA,CE,202504,2560984,0206030037,1.0,138.63
SIA,CE,202504,2563681,0206010079,188.0,18318.72
SIA,CE,202504,2563681,0206010028,9.0,909.9
SIA,CE,202504,2563681,0206030037,89.0,12338.07
SIA,CE,202504,7382626,0206010079,108.0,10523.52
SIA,CE,202504,7469683,0206010079,53.0,5164.32
SIA,CE,202504,9672427,0206010028,57.0,5762.7
SIA,CE,202504,2479907,0206030037,53.0,7347.39
SIA,CE,202504,9672427,0206030037,202.0,28003.26
SIA,CE,202504,7382626,0206030037,32.0,4436.16
SIA,CE,202504,0086673,0206010079,14.0,1364.16
SIA,CE,202504,7051123,0206010079,56.0,5456.64
SIA,CE,202504,4963938,0206030037,35.0,4852.05
SIA,CE,202504,6779522,0206010028,28.0,2830.8
SIA,CE,202504,7061021,0206010028,14.0,1415.4
SIA,CE,202504,2561417,0206010028,47.0,4751.7
SIA,CE,202504,7403224,0206010028,43.0,4347.3
SIA,CE,202504,2480646,0206020015,2.0,173.5
SIA,CE,202504,7403224,0206010079,40.0,3897.6
SIA,CE,202504,2785900,0206030037,14.0,1940.82
SIA,CE,202504,7386257,0206030037,26.0,3604.38
SIA,CE,202504,7469683,0206030037,26.0,3604.38
SIA,CE,202504,0086673,0206010052,1.0,86.75
SIA,CE,202504,0086673,0206010028,10.0,1011.0
SIA,CE,202504,7051123,0206010036,4.0,347.04
SIA,CE,202504,2479214,0206010028,14.0,1415.4
SIA,CE,202504,0086673,0206030037,13.0,1802.19
SIA,CE,202504,2479907,0206010028,11.0,1112.1
SIA,CE,202504,2723220,0206010036,10.0,867.6
SIA,CE,202504,2561891,0211020036,164.0,844.6
SIA,CE,202504,2561298,0211020036,57.0,293.55
SIA,CE,202504,7403224,0206030037,11.0,1524.93
SIA,CE,202504,2726319,0211020036,21.0,108.15
SIA,CE,202504,2723182,0211020036,4.0,20.6
SIA,CE,202504,7021321,0211020036,1.0,5.15
SIA,CE,202504,0183229,0211020036,455.0,2343.25
SIA,CE,202504,2663929,0211020036,163.0,839.45
SIA,CE,202504,2479214,0206030029,2.0,173.5
SIA,CE,202504,2425300,0211020010,29.0,21171.16
SIA,CE,202504,6848710,0206010028,5.0,505.5
SIA,CE,202504,2562200,0211020036,95.0,489.25
SIA,CE,202504,9169695,0211020036,65.0,334.75
SIA,CE,202504,4010868,0211020010,55.0,40152.2
SIA,CE,202504,2561492,0211020010,56.0,40882.24
SIA,CE,202504,2560976,0211020036,556.0,2863.4
SIA,CE,202504,7381158,0211020036,250.0,1287.5
SIA,CE,202504,9672427,0206020031,182.0,24826.62
SIA,CE,202504,9672427,0206030010,200.0,27726.0
SIA,CE,202504,6956963,0206030010,70.0,9704.1
SIA,CE,202504,6779522,0206020031,110.0,15005.1
SIA,CE,202504,6779522,0206030010,153.0,21210.39
SIA,CE,202504,2479214,0206020031,502.0,68477.82
SIA,CE,202504,2479907,0206020031,34.0,4637.94
SIA,CE,202504,2479214,0206030010,79.0,10951.77
SIA,CE,202504,2479214,0211020036,6143.0,31636.45
SIA,CE,202504,2497654,0206030010,323.0,44777.49
SIA,CE,202504,2497654,0206020031,185.0,25235.85
SIA,CE,202504,6848710,0206030010,79.0,10951.77
SIA,CE,202504,6848710,0206020031,30.0,4092.3
SIA,CE,202504,4963938,0206020031,38.0,5183.58
SIA,CE,202504,4963938,0206030010,32.0,4436.16
SIA,CE,202504,2564211,0206030029,2.0,173.5
SIA,CE,202504,2372967,0206010079,42.0,4092.48
SIA,CE,202504,2563681,0206020031,66.0,9003.06
SIA,CE,202504,2561417,0206020031,185.0,25235.85
SIA,CE,202504,2563681,0206030010,80.0,11090.4
SIA,CE,202504,2561417,0206030010,118.0,16358.34
SIA,CE,202504,7420501,0206030010,150.0,20794.5
SIA,CE,202504,7469683,0206020031,10.0,1364.1
SIA,CE,202504,7061021,0206020031,98.0,13368.18
SIA,CE,202504,7061021,0206030010,159.0,22042.17
SIA,CE,202504,2811200,0206010028,60.0,6066.0
SIA,CE,202504,2564211,0206010028,41.0,4145.1
SIA,CE,202504,2479028,0206030010,60.0,8317.8
SIA,CE,202504,2564211,0206020031,344.0,46925.04
SIA,CE,202504,2479214,0211020060,430.0,12900.0
SIA,CE,202504,0310921,0206020031,76.0,10367.16
SIA,CE,202504,0310921,0206030010,79.0,10951.77
SIA,CE,202504,2479907,0206030010,65.0,9010.95
SIA,CE,202504,2333880,0211020036,127.0,654.05
SIA,CE,202504,3021114,0206030010,188.0,26062.44
SIA,CE,202504,7420501,0206020031,116.0,15823.56
SIA,CE,202504,7386257,0206030010,20.0,2772.6
SIA,CE,202504,7386257,0206020031,29.0,3955.89
SIA,CE,202504,7382626,0206020031,34.0,4637.94
SIA,CE,202504,2328011,0206020031,11.0,1500.51
SIA,CE,202504,2785900,0206020031,9.0,1227.69
SIA,CE,202504,2785900,0206030010,12.0,1663.56
SIA,CE,202504,7051123,0206020031,19.0,2591.79
SIA,CE,202504,2811200,0206030029,6.0,520.5
SIA,CE,202504,9361359,0211020036,100.0,515.0
SIA,CE,202504,2561344,0211020036,33.0,169.95
SIA,CE,202504,7382626,0206030010,34.0,4713.42
SIA,CE,202504,2479907,0211020060,55.0,1650.0
SIA,CE,202504,0086673,0206030010,6.0,831.78
SIA,CE,202504,6956963,0206020031,35.0,4774.35
SIA,CE,202504,7403224,0206030010,9.0,1247.67
SIA,CE,202504,7469683,0206030010,22.0,3049.86
SIA,CE,202504,2561026,0206010036,25.0,2169.0
SIA,CE,202504,7051123,0206030010,11.0,1524.93
SIA,CE,202504,4963938,0206030029,1.0,86.75
SIA,CE,202504,2327171,0211020036,38.0,195.7
SIA,CE,202504,2479028,0211020036,200.0,1030.0
SIA,CE,202504,2372495,0211020036,78.0,401.7
SIA,CE,202504,2479214,0205010016,6.0,990.0
SIA,CE,202504,7320418,0211020060,19.0,570.0
SIA,CE,202504,2526662,0206030010,1.0,138.63
SIA,CE,202504,2328011,0206030037,9.0,1247.67
SIA,CE,202504,6376738,0206010079,5.0,487.2
SIA,CE,202504,7403224,0206020031,15.0,2046.15
SIA,CE,202504,2820234,0206010095,39.0,82181.58
SIA,CE,202504,2811200,0206020031,8.0,1091.28
SIA,CE,202504,2425432,0211020036,27.0,139.05
SIA,CE,202504,3021114,0206010052,19.0,1648.25
SIA,CE,202504,6778798,0211020060,43.0,1290.0
SIA,CE,202504,5018110,0206020023,2.0,173.5
SIA,CE,202504,2426579,0206030010,21.0,2911.23
SIA,CE,202504,2327961,0211020036,108.0,556.2
SIA,CE,202504,7382626,0211020060,45.0,1350.0
SIA,CE,202504,7051123,0211020060,51.0,1530.0
SIA,CE,202504,4963938,0205010016,1.0,165.0
SIA,CE,202504,3541428,0206010010,20.0,1735.2
SIA,CE,202504,2328011,0206030010,7.0,970.41
SIA,CE,202504,2560852,0211020036,108.0,556.2
SIA,CE,202504,4963938,0206010079,3.0,292.32
SIA,CE,202504,7371888,0211020036,15.0,77.25
SIA,CE,202504,6632513,0211020060,19.0,570.0
SIA,CE,202504,2526662,0206030037,1.0,138.63
SIA,CE,202504,2479214,0206030037,10.0,1386.3
SIA,CE,202504,7403224,0211020060,22.0,660.0
SIA,CE,202504,2328011,0206010010,9.0,780.84
SIA,CE,202504,2806215,0206010010,17.0,1474.92
SIA,CE,202504,2877767,0211020036,10.0,51.5
SIA,CE,202504,2564238,0206010028,7.0,707.7
SIA,CE,202504,2675560,0206010044,18.0,1561.5
SIA,CE,202504,2372150,0206010010,16.0,1388.16
SIA,CE,202504,9190201,0211020036,19.0,97.85
SIA,CE,202504,2333902,0211020036,21.0,108.15
SIA,CE,202504,5018110,0206010044,7.0,607.25
SIA,CE,202504,2564211,0208010025,24.0,9804.48
SIA,CE,202504,2998890,0211020036,147.0,757.05
SIA,CE,202504,2372150,0206020015,7.0,607.25
SIA,CE,202504,2561425,0211020036,70.0,360.5
SIA,CE,202504,2427125,0206010052,2.0,173.5
SIA,CE,202504,2426579,0206010052,1.0,86.75
SIA,CE,202504,0086673,0206020031,4.0,545.64
SIA,CE,202504,2785900,0206010079,8.0,779.52
SIA,CE,202504,2372568,0211020036,150.0,772.5
SIA,CE,202504,0086673,0206030029,2.0,173.5
SIA,CE,202504,2560852,0206010044,8.0,694.0
SIA,CE,202504,7044674,0211020060,25.0,750.0
SIA,CE,202504,2561069,0211020036,187.0,963.05
SIA,CE,202504,2564769,0211020036,247.0,1272.05
SIA,CE,202504,2479419,0211020036,135.0,695.25
SIA,CE,202504,2723255,0211020036,120.0,618.0
SIA,CE,202504,0454788,0211020036,25.0,128.75
SIA,CE,202504,2806215,0206020023,3.0,260.25
SIA,CE,202504,2552086,0211020036,172.0,885.8
SIA,CE,202504,7051123,0206030029,2.0,173.5
SIA,CE,202504,2561026,0206030010,72.0,9981.36
SIA,CE,202504,2806215,0206010028,74.0,7481.4
SIA,CE,202504,2806215,0206010079,194.0,18903.36
SIA,CE,202504,2561026,0206010079,90.0,8769.6
SIA,CE,202504,2560828,0211020036,98.0,504.7
SIA,CE,202504,4527372,0206010079,104.0,10133.76
SIA,CE,202504,5018110,0206010079,158.0,15395.52
SIA,CE,202504,3541428,0206010028,61.0,6167.1
SIA,CE,202504,3541428,0206010060,1.0,97.44
SIA,CE,202504,2333740,0211020036,25.0,128.75
SIA,CE,202504,7988400,0211020036,286.0,1472.9
SIA,CE,202504,2372150,0206010028,65.0,6571.5
SIA,CE,202504,2328119,0211020036,51.0,262.65
SIA,CE,202504,2675560,0206010010,78.0,6767.28
SIA,CE,202504,2561492,0205010016,30.0,4950.0
SIA,CE,202504,2723190,0206020015,2.0,173.5
SIA,CE,202504,2415488,0206010010,4.0,347.04
SIA,CE,202504,2479907,0206030029,1.0,86.75
SIA,CE,202504,2372967,0206010028,7.0,707.7
SIA,CE,202504,2372967,0206030037,32.0,4436.16
SIA,CE,202504,2426579,0206010010,13.0,1127.88
SIA,CE,202504,6376738,0206010036,1.0,86.76
SIA,CE,202504,2811200,0206010044,16.0,1388.0
SIA,CE,202504,2564238,0206010044,7.0,607.25
SIA,CE,202504,2560852,0206030029,6.0,520.5
SIA,CE,202504,2480646,0206010028,15.0,1516.5
SIA,CE,202504,2562146,0211020036,8.0,41.2
SIA,CE,202504,2806215,0206010036,9.0,780.84
SIA,CE,202504,2415488,0206030010,7.0,970.41
SIA,CE,202504,2675560,0206020015,24.0,2082.0
SIA,CE,202504,6619908,0211020036,9.0,46.35
SIA,CE,202504,2561026,0206010044,16.0,1388.0
SIA,CE,202504,2374064,0211020036,103.0,530.45
SIA,CE,202504,2328011,0206010036,3.0,260.28
SIA,CE,202504,6125972,0211020036,92.0,473.8
SIA,CE,202504,2723220,0206020015,2.0,173.5
SIA,CE,202504,2564211,0206010010,17.0,1474.92
SIA,CE,202504,2564211,0206010044,16.0,1388.0
SIA,CE,202504,6376738,0206030029,2.0,173.5
SIA,CE,202504,2372967,0206010044,5.0,433.75
SIA,CE,202504,2372150,0206020023,1.0,86.75
SIA,CE,202504,2328011,0206020015,2.0,173.5
SIA,CE,202504,7710941,0211020036,457.0,2353.55
SIA,CE,202504,2497654,0206010044,35.0,3036.25
SIA,CE,202504,7061021,0206010010,48.0,4164.48
SIA,CE,202504,2811200,0206010079,56.0,5456.64
SIA,CE,202504,2561492,0211020060,97.0,2910.0
SIA,CE,202504,6848710,0206020015,1.0,86.75
SIA,CE,202504,6848710,0206010036,1.0,86.76
SIA,CE,202504,2529149,0206020015,36.0,3123.0
SIA,CE,202504,2611309,0206010010,9.0,780.84
SIA,CE,202504,2611309,0206010028,53.0,5358.3
SIA,CE,202504,5018110,0206030037,37.0,5129.31
SIA,CE,202504,2675560,0206020031,98.0,13368.18
SIA,CE,202504,6779522,0206010010,70.0,6073.2
SIA,CE,202504,9672427,0206010044,109.0,9455.75
SIA,CE,202504,6779522,0206010044,71.0,6159.25
SIA,CE,202504,0310921,0206010010,94.0,8155.44
SIA,CE,202504,2479028,0206010036,74.0,6420.24
SIA,CE,202504,2529149,0206010044,435.0,37736.25
SIA,CE,202504,2806215,0206010052,2.0,173.5
SIA,CE,202504,2552086,0206030010,10.0,1386.3
SIA,CE,202504,2373971,0206010079,185.0,18026.4
SIA,CE,202504,2373513,0211020036,16.0,82.4
SIA,CE,202504,2564238,0206010079,100.0,9744.0
SIA,CE,202504,4653483,0211020036,200.0,1030.0
SIA,CE,202504,6956963,0206010010,62.0,5379.12
SIA,CE,202504,2529149,0206030029,29.0,2515.75
SIA,CE,202504,2427125,0206010010,9.0,780.84
SIA,CE,202504,2563681,0206010010,20.0,1735.2
SIA,CE,202504,9672427,0206010010,89.0,7721.64
SIA,CE,202504,2526638,0206010079,103.0,10036.32
SIA,CE,202504,2554623,0211020036,4.0,20.6
SIA,CE,202504,2561417,0206010044,14.0,1214.5
SIA,CE,202504,7382626,0206010010,66.0,5726.16
SIA,CE,202504,2561492,0206010079,62.0,6041.28
SIA,CE,202504,7403224,0206010010,22.0,1908.72
SIA,CE,202504,0086673,0206010044,11.0,954.25
SIA,CE,202504,2723190,0206010079,39.0,3800.16
SIA,CE,202504,2480646,0206010044,7.0,607.25
SIA,CE,202504,2372967,0206030010,25.0,3465.75
SIA,CE,202504,2723190,0206030029,3.0,260.25
SIA,CE,202504,7992130,0211020036,164.0,844.6
SIA,CE,202504,4527372,0206010028,50.0,5055.0
SIA,CE,202504,2806339,0211020036,15.0,77.25
SIA,CE,202504,6956963,0206010044,9.0,780.75
SIA,CE,202504,2560992,0211020036,29.0,149.35
SIA,CE,202504,2497654,0206010010,31.0,2689.56
SIA,CE,202504,2528843,0206010079,31.0,3020.64
SIA,CE,202504,0301337,0206010079,38.0,3702.72
SIA,CE,202504,0301337,0206030029,5.0,433.75
SIA,CE,202504,7420501,0206010044,23.0,1995.25
SIA,CE,202504,7047428,0206010044,1.0,86.75
SIA,CE,202504,2479907,0206010044,36.0,3123.0
SIA,CE,202504,7420501,0206010010,144.0,12493.44
SIA,CE,202504,2561492,0206010044,35.0,3036.25
SIA,CE,202504,7061021,0206010044,71.0,6159.25
SIA,CE,202504,7386257,0206010010,28.0,2429.28
SIA,CE,202504,2563681,0206010044,29.0,2515.75
SIA,CE,202504,5018110,0206030010,84.0,11644.92
SIA,CE,202504,3541428,0206010079,28.0,2728.32
SIA,CE,202504,2372150,0206010079,38.0,3702.72
SIA,CE,202504,0310921,0206010044,20.0,1735.0
SIA,CE,202504,7047428,0206030029,18.0,1561.5
SIA,CE,202504,2563460,0211020036,123.0,633.45
SIA,CE,202504,2723220,0208010033,84.0,32177.88
SIA,CE,202504,2723190,0206010044,20.0,1735.0
SIA,CE,202504,2526670,0211020036,20.0,103.0
SIA,CE,202504,2564211,0206010079,88.0,8574.72
SIA,CE,202504,0086673,0206010010,1.0,86.76
SIA,CE,202504,2561417,0206010010,19.0,1648.44
SIA,CE,202504,6376738,0206020031,5.0,682.05
SIA,CE,202504,2528843,0206020023,1.0,86.75
SIA,CE,202504,7051123,0206010044,4.0,347.0
SIA,CE,202504,2479214,0206010044,37.0,3209.75
SIA,CE,202504,2528843,0206020015,1.0,86.75
SIA,CE,202504,2561018,0211020036,40.0,206.0
SIA,CE,202504,7469683,0206010010,22.0,1908.72
SIA,CE,202504,2371847,0211020036,85.0,437.75
SIA,CE,202504,2480646,0206010036,2.0,173.52
SIA,CE,202504,0301337,0206010044,19.0,1648.25
SIA,CE,202504,2480646,0206030037,10.0,1386.3
SIA,CE,202504,0301337,0206020015,6.0,520.5
SIA,CE,202504,7051123,0206010010,15.0,1301.4
SIA,CE,202504,7386257,0206010044,7.0,607.25
SIA,CE,202504,2811200,0206020023,1.0,86.75
SIA,CE,202504,6376738,0206030037,7.0,970.41
SIA,CE,202504,7382626,0206010044,14.0,1214.5
SIA,CE,202504,2723220,0206030029,3.0,260.25
SIA,CE,202504,3021114,0206020015,1.0,86.75
SIA,CE,202504,3541428,0206010036,10.0,867.6
SIA,CE,202504,4963938,0206010036,1.0,86.76
SIA,CE,202504,2373971,0206030029,9.0,780.75
SIA,CE,202504,2479214,0206010010,2.0,173.52
SIA,CE,202504,2372150,0206030029,13.0,1127.75
SIA,CE,202504,2563347,0211020036,36.0,185.4
SIA,CE,202504,2564238,0206010010,5.0,433.8
SIA,CE,202504,4963938,0206010044,4.0,347.0
SIA,CE,202504,2806215,0206030029,13.0,1127.75
SIA,CE,202504,2880326,0211020036,150.0,772.5
SIA,CE,202504,2564238,0206030010,4.0,554.52
SIA,CE,202504,7403224,0206010044,5.0,433.75
SIA,CE,202504,2563460,0206030037,3.0,415.89
SIA,CE,202504,2665190,0206010036,9.0,780.84
SIA,CE,202504,2665190,0206030037,5.0,693.15
SIA,CE,202504,2479907,0206010036,1.0,86.76
SIA,CE,202504,2561026,0206020015,7.0,607.25
SIA,CE,202504,7469683,0206010044,2.0,173.5
SIA,CE,202504,2611309,0206010036,7.0,607.32
SIA,CE,202504,3541428,0206030029,4.0,347.0
SIA,CE,202504,2479028,0206010044,5.0,433.75
SIA,CE,202504,4527372,0206020015,4.0,347.0
SIA,CE,202504,2563487,0211020036,45.0,231.75
SIA,CE,202504,2426455,0211020036,40.0,206.0
SIA,CE,202504,2372967,0206020023,2.0,173.5
SIA,CE,202504,2561425,0206030010,1.0,138.63
SIA,CE,202504,2664666,0211020036,42.0,216.3
SIA,CE,202504,6848710,0206010044,8.0,694.0
SIA,CE,202504,2373475,0211020036,80.0,412.0
SIA,CE,202504,7386257,0206010052,2.0,173.5
SIA,CE,202504,2526662,0206010079,1.0,97.44
SIA,CE,202504,4010833,0211020036,16.0,82.4
SIA,CE,202504,2611309,0206010044,10.0,867.5
SIA,CE,202504,2415488,0206010036,3.0,260.28
SIA,CE,202504,2561492,0206020015,2.0,173.5
SIA,CE,202504,9241477,0211020036,45.0,231.75
SIA,CE,202504,2328445,0211020036,27.0,139.05
SIA,CE,202504,2849798,0211020036,122.0,628.3
SIA,CE,202504,2561492,0206030029,2.0,173.5
SIA,CE,202504,7403224,0206010060,1.0,97.44
SIA,CE,202504,2479907,0206010010,3.0,260.28
SIA,CE,202504,2562154,0211020036,209.0,1076.35
SIA,CE,202504,2611309,0206010052,1.0,86.75
SIA,CE,202504,2560984,0206030010,2.0,277.26
SIA,CE,202504,2414864,0211020036,40.0,206.0
SIA,CE,202504,2785900,0206010044,1.0,86.75
SIA,CE,202504,2723190,0206010036,12.0,1041.12
SIA,CE,202504,2529149,0206030010,101.0,14001.63
SIA,CE,202504,2723190,0206030010,134.0,18576.42
SIA,CE,202504,2561492,0206030010,136.0,18853.68
SIA,CE,202504,2563460,0206010028,2.0,202.2
SIA,CE,202504,3021114,0206030037,198.0,27448.74
SIA,CE,202504,2806215,0206030010,282.0,39093.66
SIA,CE,202504,3021114,0206020031,236.0,32192.76
SIA,CE,202504,2552086,0206010079,19.0,1851.36
SIA,CE,202504,2526654,0211020036,55.0,283.25
SIA,CE,202504,2372150,0206030010,19.0,2633.97
SIA,CE,202504,2560852,0206030037,22.0,3049.86
SIA,CE,202504,2561026,0206020031,24.0,3273.84
SIA,CE,202504,2611309,0206020031,68.0,9275.88
SIA,CE,202504,2426579,0206010028,43.0,4347.3
SIA,CE,202504,2611309,0206030037,118.0,16358.34
SIA,CE,202504,3541428,0206030010,17.0,2356.71
SIA,CE,202504,2426579,0206020031,54.0,7366.14
SIA,CE,202504,2426579,0206030037,45.0,6238.35
SIA,CE,202504,2564211,0208010033,31.0,11875.17
SIA,CE,202504,2724359,0211020036,58.0,298.7
SIA,CE,202504,2373971,0206010036,34.0,2949.84
SIA,CE,202504,2529149,0206010036,58.0,5032.08
SIA,CE,202504,2811200,0206010036,4.0,347.04
SIA,CE,202504,2372150,0206010036,9.0,780.84
SIA,CE,202504,2526638,0206030010,28.0,3881.64
SIA,CE,202504,4527372,0211020036,55.0,283.25
SIA,CE,202504,0301337,0206010036,8.0,694.08
SIA,CE,202504,2427125,0206020031,24.0,3273.84
SIA,CE,202504,3021114,0206010028,34.0,3437.4
SIA,CE,202504,5018110,0206030029,10.0,867.5
SIA,CE,202504,2560852,0206030010,30.0,4158.9
SIA,CE,202504,2560852,0206020015,1.0,86.75
SIA,CE,202504,2563460,0206010036,1.0,86.76
SIA,CE,202504,3021114,0206010036,7.0,607.32
SIA,CE,202504,2373971,0206020015,1.0,86.75
SIA,CE,202504,2425300,0205010016,6.0,990.0
SIA,CE,202504,2560984,0206010079,3.0,292.32
SIA,CE,202504,2563460,0206020031,2.0,272.82
SIA,CE,202504,2564211,0206010036,8.0,694.08
SIA,CE,202504,2561492,0206010036,6.0,520.56
SIA,CE,202504,7428383,0211020036,11.0,56.65
SIA,CE,202504,2564238,0206020031,3.0,409.23
SIA,CE,202504,4527372,0206010010,6.0,520.56
SIA,CE,202504,2806215,0206010044,14.0,1214.5
SIA,CE,202504,2561425,0206020031,1.0,136.41
SIA,CE,202504,2563460,0206010052,1.0,86.75
SIA,CE,202504,2564238,0206010036,3.0,260.28
SIA,CE,202504,2372479,0211020036,135.0,695.25
SIA,CE,202504,2665190,0206010010,5.0,433.8
SIA,CE,202504,0301337,0206030010,21.0,2911.23
SIA,CE,202504,2372967,0206010010,5.0,433.8
SIA,CE,202504,2675560,0206010087,1.0,138.63
SIA,CE,202504,2560984,0206030029,2.0,173.5
SIA,CE,202504,2415488,0206010044,2.0,173.5
SIA,CE,202504,2516632,0211020036,15.0,77.25
SIA,CE,202504,2811200,0206020015,2.0,173.5
SIA,CE,202504,2372150,0206010044,4.0,347.0
SIA,CE,202504,2426579,0206010036,4.0,347.04
SIA,CE,202504,2563460,0206010044,1.0,86.75
SIA,CE,202504,5018110,0206020015,3.0,260.25
SIA,CE,202504,6376738,0206010052,1.0,86.75
SIA,CE,202504,6405428,0211020036,45.0,231.75
SIA,CE,202504,2563460,0206030010,3.0,415.89
SIA,CE,202504,2373971,0206030010,15.0,2079.45
SIA,CE,202504,2372967,0211020036,6.0,30.9
SIA,CE,202504,2561468,0211020036,100.0,515.0
SIA,CE,202504,6376738,0206010028,5.0,505.5
SIA,CE,202504,2564211,0206020015,4.0,347.0
SIA,CE,202504,2726351,0211020036,41.0,211.15
SIA,CE,202504,2806215,0206020015,2.0,173.5
SIA,CE,202504,2664690,0211020036,194.0,999.1
SIA,CE,202504,2479427,0211020036,88.0,453.2
SIA,CE,202504,3759148,0211020036,80.0,412.0
SIA,CE,202504,2479028,0206010052,2.0,173.5
SIA,CE,202504,4913272,0211020036,109.0,561.35
SIA,CE,202504,2527693,0211020036,309.0,1591.35
SIA,CE,202504,2554518,0211020036,86.0,442.9
SIA,CE,202504,7890389,0211020036,26.0,133.9
SIA,CE,202504,2480646,0211020036,35.0,180.25
SIA,CE,202504,2479818,0211020036,31.0,159.65
SIA,CE,202504,2561425,0206030037,1.0,138.63
SIA,CE,202504,2611481,0211020036,156.0,803.4
SIA,CE,202504,2724308,0211020036,153.0,787.95
SIA,CE,202504,6893295,0211020036,499.0,2569.85
SIA,CE,202504,2664364,0211020036,121.0,623.15
SIA,CE,202504,2415623,0211020036,250.0,1287.5
SIA,CE,202504,2564238,0211020036,1.0,5.15
SIA,CE,202504,2499339,0211020036,189.0,973.35
SIA,CE,202504,0086673,0211020036,277.0,1426.55
SIA,CE,202504,2564211,0211020036,241.0,1241.15
SIA,CE,202504,4963938,0206010028,2.0,202.2
SIA,CE,202504,6779522,0211020036,109.0,561.35
SIA,CE,202504,4963938,0211020036,361.0,1859.15
SIA,CE,202504,7072341,0211020036,322.0,1658.3
SIA,CE,202504,2478080,0211020036,100.0,515.0
SIA,CE,202504,9672427,0211020036,144.0,741.6
SIA,CE,202504,2333848,0211020036,20.0,103.0
SIA,CE,202504,7405529,0211020036,132.0,679.8
SIA,CE,202504,2695839,0211020036,264.0,1359.6
SIA,CE,202504,4527372,0206010036,3.0,260.28
SIA,CE,202504,7103255,0211020036,615.0,3167.25
SIA,CE,202504,2611295,0211020036,261.0,1344.15
SIA,CE,202504,2560984,0211020036,183.0,942.45
SIA,CE,202504,7043597,0211020036,136.0,700.4
SIA,CE,202504,7061021,0211020036,30.0,154.5
SIA,CE,202504,6632513,0211020036,129.0,664.35
SIA,CE,202504,7420501,0211020036,200.0,1030.0
SIA,CE,202504,7403224,0211020036,233.0,1199.95
SIA,CE,202504,2479214,0206020023,1.0,86.75
SIA,CE,202504,2561417,0211020036,45.0,231.75
SIA,CE,202504,2426579,0206020015,2.0,173.5
SIA,CE,202504,2664151,0211020036,91.0,468.65
SIA,CE,202504,7398204,0211020036,119.0,612.85
SIA,CE,202504,6956963,0211020036,7.0,36.05
SIA,CE,202504,2785900,0211020036,106.0,545.9
SIA,CE,202504,7396732,0211020036,59.0,303.85
SIA,CE,202504,2497654,0211020036,1200.0,6180.0
SIA,CE,202504,2479893,0211020036,176.0,906.4
SIA,CE,202504,6779522,0206020023,12.0,1041.0
SIA,CE,202504,2479907,0211020036,439.0,2260.85
SIA,CE,202504,7420501,0206020023,5.0,433.75
SIA,CE,202504,2372819,0211020036,287.0,1478.05
SIA,CE,202504,2372622,0211020036,55.0,283.25
SIA,CE,202504,2554798,0211020036,344.0,1771.6
SIA,CE,202504,2479907,0206020023,1.0,86.75
SIA,CE,202504,4010779,0211020036,49.0,252.35
SIA,CE,202504,2611775,0211020036,145.0,746.75
SIA,CE,202504,2563681,0211020036,98.0,504.7
SIA,CE,202504,4010868,0211020060,37.0,1110.0
SIA,CE,202504,2561050,0211020036,96.0,494.4
SIA,CE,202504,6999506,0211020036,414.0,2132.1
SIA,CE,202504,2328011,0206010044,5.0,433.75
SIA,CE,202504,7018800,0211020036,411.0,2116.65
SIA,CE,202504,7274440,0211020036,325.0,1673.75
SIA,CE,202504,2499363,0211020036,233.0,1199.95
SIA,CE,202504,7044674,0211020036,160.0,824.0
SIA,CE,202504,7382626,0211020036,14.0,72.1
SIA,CE,202504,7006810,0211020036,307.0,1581.05
SIA,CE,202504,2562499,0211020036,1.0,5.15
SIA,CE,202504,7376928,0211020036,250.0,1287.5
SIA,CE,202504,2479710,0211020036,214.0,1102.1
SIA,CE,202504,7047428,0211020060,19.0,570.0
SIA,CE,202504,2481073,0211020036,121.0,623.15
SIA,CE,202504,7469683,0211020036,1.0,5.15
SIA,CE,202504,7320418,0211020036,96.0,494.4
SIA,CE,202504,6848710,0206020023,1.0,86.75
SIA,CE,202504,0263672,0211020036,397.0,2044.55
SIA,CE,202504,2560984,0206010044,2.0,173.5
SIA,CE,202504,9939938,0211020060,5.0,150.0
SIA,CE,202504,6778798,0211020036,383.0,1972.45
SIA,CE,202504,3302490,0211020036,53.0,272.95
SIA,CE,202504,4010868,0211020036,437.0,2250.55
SIA,CE,202504,2527669,0211020036,40.0,206.0
SIA,CE,202504,0951021,0211020036,29.0,149.35
SIA,CE,202504,7262698,0211020036,163.0,839.45
SIA,CE,202504,6985483,0211020036,388.0,1998.2
SIA,CE,202504,7360851,0211020036,493.0,2538.95
SIA,CE,202504,7051123,0211020036,132.0,679.8
SIA,CE,202504,2526638,0206010044,1.0,86.75
SIA,CE,202504,2528843,0206030029,1.0,86.75
SIA,CE,202504,5723507,0211020036,148.0,762.2
SIA,CE,202504,0310921,0211020036,300.0,1545.0
SIA,CE,202504,4527372,0206010044,4.0,347.0
SIA,CE,202504,6697518,0211020036,322.0,1658.3
SIA,CE,202504,2561328,0211020036,258.0,1328.7
SIA,CE,202504,2526662,0211020036,272.0,1400.8
SIA,CE,202504,2561026,0206010052,1.0,86.75
SIA,CE,202504,2527413,0211020036,58.0,298.7
SIA,CE,202504,2328011,0206030029,4.0,347.0
SIA,CE,202504,2528843,0206030010,3.0,415.89
SIA,CE,202504,2560984,0206020015,1.0,86.75
SIA,CE,202504,2562316,0211020036,430.0,2214.5
SIA,CE,202504,2478927,0211020036,101.0,520.15
SIA,CE,202504,2564580,0211020036,41.0,211.15
SIA,CE,202504,7077971,0211020036,400.0,2060.0
SIA,CE,202504,2675560,0206010052,1.0,86.75
SIA,CE,202504,2427176,0211020036,193.0,993.95
SIA,CE,202504,2528282,0211020036,73.0,375.95
SIA,CE,202504,2705923,0211020036,130.0,669.5
SIA,CE,202504,2562138,0211020036,50.0,257.5
SIA,CE,202504,2372460,0211020036,145.0,746.75
SIA,CE,202504,2479028,0206030029,1.0,86.75
SIA,CE,202504,3541428,0206010044,1.0,86.75
SIA,CE,202504,2499037,0211020036,118.0,607.7
SIA,CE,202504,2560852,0206020023,1.0,86.75
SIA,CE,202504,2561425,0206010010,2.0,173.52
SIA,CE,202504,2723611,0211020036,61.0,314.15
SIA,CE,202504,2527677,0211020036,444.0,2286.6
SIA,CE,202504,2611643,0211020036,43.0,221.45
SIA,CE,202504,2372673,0211020036,20.0,103.0
SIA,CE,202505,2723182,0211020036,4.0,20.6
SIA,CE,202505,2820234,0206010095,37.0,77967.14
SIA,CE,202505,2529149,0206020015,173.0,15007.75
SIA,CE,202505,2529149,0206030010,396.0,54897.48
SIA,CE,202505,2529149,0206030037,507.0,70285.41
SIA,CE,202505,2529149,0206010044,873.0,75732.75
SIA,CE,202505,2561492,0211020036,1014.0,5222.1
SIA,CE,202505,4444086,0205010016,384.0,63360.0
SIA,CE,202505,6376738,0206030037,15.0,2079.45
SIA,CE,202505,2527707,0211020036,422.0,2173.3
SIA,CE,202505,3021114,0206030010,135.0,18715.05
SIA,CE,202505,2497654,0206020031,201.0,27418.41
SIA,CE,202505,9672427,0206020031,228.0,31101.48
SIA,CE,202505,2528673,0211020036,184.0,947.6
SIA,CE,202505,2880326,0211020036,87.0,448.05
SIA,CE,202505,2675560,0211020036,134.0,690.1
SIA,CE,202505,2675560,0206010010,123.0,10671.48
SIA,CE,202505,2675560,0206030037,340.0,47134.2
SIA,CE,202505,2564211,0206030037,199.0,27587.37
SIA,CE,202505,2328011,0206010079,38.0,3702.72
SIA,CE,202505,2529149,0206020031,479.0,65340.39
SIA,CE,202505,2563460,0206030010,11.0,1524.93
SIA,CE,202505,2564211,0208010025,41.0,16749.32
SIA,CE,202505,2564211,0211020036,202.0,1040.3
SIA,CE,202505,4010868,0211020060,50.0,1500.0
SIA,CE,202505,4010868,0211020036,629.0,3239.35
SIA,CE,202505,4963938,0206020031,118.0,16096.38
SIA,CE,202505,2563681,0206020031,83.0,11322.03
SIA,CE,202505,7382626,0206020031,52.0,7093.32
SIA,CE,202505,7403224,0206020031,45.0,6138.45
SIA,CE,202505,7386257,0206020031,39.0,5319.99
SIA,CE,202505,2425300,0211020010,53.0,38692.12
SIA,CE,202505,2479214,0206020031,358.0,48834.78
SIA,CE,202505,2479907,0206020031,48.0,6547.68
SIA,CE,202505,7061021,0206020031,173.0,23598.93
SIA,CE,202505,2611309,0206020031,86.0,11731.26
SIA,CE,202505,2723220,0211020036,306.0,1575.9
SIA,CE,202505,2479028,0206020023,45.0,3903.75
SIA,CE,202505,2561417,0206020031,224.0,30555.84
SIA,CE,202505,0107239,0211020036,240.0,1236.0
SIA,CE,202505,3541428,0206010028,69.0,6975.9
SIA,CE,202505,2426579,0206010044,16.0,1388.0
SIA,CE,202505,2427125,0206030037,22.0,3049.86
SIA,CE,202505,2564211,0206020015,3.0,260.25
SIA,CE,202505,2562871,0211020036,215.0,1107.25
SIA,CE,202505,2516640,0211020036,16.0,82.4
SIA,CE,202505,2479419,0211020036,169.0,870.35
SIA,CE,202505,0959529,0211020036,10.0,51.5
SIA,CE,202505,2372967,0206020031,10.0,1364.1
SIA,CE,202505,6376738,0206020031,9.0,1227.69
SIA,CE,202505,2723220,0206030010,467.0,64740.21
SIA,CE,202505,7980310,0211020036,600.0,3090.0
SIA,CE,202505,2526654,0211020036,80.0,412.0
SIA,CE,202505,2427125,0206010044,14.0,1214.5
SIA,CE,202505,2516683,0211020036,18.0,92.7
SIA,CE,202505,2426579,0206010028,74.0,7481.4
SIA,CE,202505,2562766,0211020036,111.0,571.65
SIA,CE,202505,2723190,0211020036,29.0,149.35
SIA,CE,202505,2665190,0206010028,61.0,6167.1
SIA,CE,202505,2425300,0205010016,13.0,2145.0
SIA,CE,202505,2372967,0206010079,50.0,4872.0
SIA,CE,202505,2328011,0206010028,108.0,10918.8
SIA,CE,202505,2427125,0206030010,70.0,9704.1
SIA,CE,202505,2663929,0211020036,13.0,66.95
SIA,CE,202505,9361359,0211020036,100.0,515.0
SIA,CE,202505,9672427,0206010028,75.0,7582.5
SIA,CE,202505,6779522,0206030029,20.0,1735.0
SIA,CE,202505,2561417,0206010028,66.0,6672.6
SIA,CE,202505,6956963,0206010028,194.0,19613.4
SIA,CE,202505,7051123,0206010028,51.0,5156.1
SIA,CE,202505,2561492,0206010044,33.0,2862.75
SIA,CE,202505,7469683,0206010028,102.0,10312.2
SIA,CE,202505,7382626,0206010028,269.0,27195.9
SIA,CE,202505,7382626,0206030029,43.0,3730.25
SIA,CE,202505,2611309,0206010079,117.0,11400.48
SIA,CE,202505,7399626,0211020036,421.0,2168.15
SIA,CE,202505,2723220,0206010028,23.0,2325.3
SIA,CE,202505,2526638,0206010028,33.0,3336.3
SIA,CE,202505,0086673,0206030029,3.0,260.25
SIA,CE,202505,2426579,0206030010,67.0,9288.21
SIA,CE,202505,0301337,0206010044,7.0,607.25
SIA,CE,202505,2529149,0206010028,221.0,22343.1
SIA,CE,202505,7386257,0206010028,126.0,12738.6
SIA,CE,202505,7403224,0206010028,110.0,11121.0
SIA,CE,202505,6619908,0211020036,36.0,185.4
SIA,CE,202505,2372967,0211020036,20.0,103.0
SIA,CE,202505,2561492,0211020060,100.0,3000.0
SIA,CE,202505,2480646,0206010079,93.0,9061.92
SIA,CE,202505,9787399,0211020036,254.0,1308.1
SIA,CE,202505,0310921,0206010028,304.0,30734.4
SIA,CE,202505,7047428,0211020036,600.0,3090.0
SIA,CE,202505,2820234,0206010028,14.0,1415.4
SIA,CE,202505,2563681,0206030029,19.0,1648.25
SIA,CE,202505,2675560,0206010044,30.0,2602.5
SIA,CE,202505,4527372,0211020036,21.0,108.15
SIA,CE,202505,3021114,0206030037,134.0,18576.42
SIA,CE,202505,2479478,0211020036,50.0,257.5
SIA,CE,202505,2675560,0206010079,341.0,33227.04
SIA,CE,202505,2665190,0206020031,20.0,2728.2
SIA,CE,202505,4527372,0206010079,80.0,7795.2
SIA,CE,202505,2415488,0206030010,6.0,831.78
SIA,CE,202505,2426579,0206030037,73.0,10119.99
SIA,CE,202505,2675560,0206020015,40.0,3470.0
SIA,CE,202505,2328119,0211020036,48.0,247.2
SIA,CE,202505,4527372,0206030010,22.0,3049.86
SIA,CE,202505,0086673,0206010028,23.0,2325.3
SIA,CE,202505,2561026,0206020015,5.0,433.75
SIA,CE,202505,2665190,0206030037,11.0,1524.93
SIA,CE,202505,0301337,0206010028,47.0,4751.7
SIA,CE,202505,2372150,0206010028,44.0,4448.4
SIA,CE,202505,2373971,0206010028,91.0,9200.1
SIA,CE,202505,7061021,0206020015,14.0,1214.5
SIA,CE,202505,7420501,0206010028,66.0,6672.6
SIA,CE,202505,7469683,0206030029,16.0,1388.0
SIA,CE,202505,2529149,0206030029,176.0,15268.0
SIA,CE,202505,2665190,0206010079,46.0,4482.24
SIA,CE,202505,2723190,0206010028,12.0,1213.2
SIA,CE,202505,2561026,0206010010,53.0,4598.28
SIA,CE,202505,2806215,0206010028,51.0,5156.1
SIA,CE,202505,2811200,0206030037,11.0,1524.93
SIA,CE,202505,7051123,0206030029,5.0,433.75
SIA,CE,202505,2560984,0206030010,6.0,831.78
SIA,CE,202505,2529149,0206010010,652.0,56567.52
SIA,CE,202505,2561344,0211020036,15.0,77.25
SIA,CE,202505,2562146,0211020036,16.0,82.4
SIA,CE,202505,6848710,0206010028,7.0,707.7
SIA,CE,202505,2560852,0206010036,12.0,1041.12
SIA,CE,202505,0186392,0211020036,64.0,329.6
SIA,CE,202505,2373971,0206010044,1.0,86.75
SIA,CE,202505,2328011,0206020015,2.0,173.5
SIA,CE,202505,6848710,0206020031,41.0,5592.81
SIA,CE,202505,2723220,0206010044,28.0,2429.0
SIA,CE,202505,3021114,0206010044,11.0,954.25
SIA,CE,202505,2806215,0206020031,67.0,9139.47
SIA,CE,202505,4010779,0211020036,82.0,422.3
SIA,CE,202505,7396732,0211020036,73.0,375.95
SIA,CE,202505,6956963,0206020015,8.0,694.0
SIA,CE,202505,7382626,0206020015,11.0,954.25
SIA,CE,202505,2723190,0206010044,30.0,2602.5
SIA,CE,202505,2562227,0211020036,3.0,15.45
SIA,CE,202505,7460953,0211020036,338.0,1740.7
SIA,CE,202505,7047428,0206030029,24.0,2082.0
SIA,CE,202505,4010868,0211020010,54.0,39422.16
SIA,CE,202505,2806339,0211020036,15.0,77.25
SIA,CE,202505,2426579,0206010010,32.0,2776.32
SIA,CE,202505,2426579,0206010052,7.0,607.25
SIA,CE,202505,7403224,0206020015,8.0,694.0
SIA,CE,202505,6956963,0206020031,39.0,5319.99
SIA,CE,202505,2425432,0211020036,24.0,123.6
SIA,CE,202505,9672427,0206020015,20.0,1735.0
SIA,CE,202505,2526662,0206030037,1.0,138.63
SIA,CE,202505,2561492,0211020010,70.0,51102.8
SIA,CE,202505,2373971,0211020036,422.0,2173.3
SIA,CE,202505,3021114,0206010028,20.0,2022.0
SIA,CE,202505,2806215,0206010044,9.0,780.75
SIA,CE,202505,2611309,0206020015,3.0,260.25
SIA,CE,202505,6779522,0206020031,123.0,16778.43
SIA,CE,202505,9280669,0211020036,32.0,164.8
SIA,CE,202505,2528843,0206010044,11.0,954.25
SIA,CE,202505,2554798,0206030037,5.0,693.15
SIA,CE,202505,7061021,0206010028,22.0,2224.2
SIA,CE,202505,2480646,0206010052,1.0,86.75
SIA,CE,202505,2561492,0206010028,22.0,2224.2
SIA,CE,202505,3021114,0206010010,28.0,2429.28
SIA,CE,202505,9672427,0206030029,27.0,2342.25
SIA,CE,202505,3021114,0206010052,17.0,1474.75
SIA,CE,202505,2564238,0206030037,6.0,831.78
SIA,CE,202505,2554798,0206010079,8.0,779.52
SIA,CE,202505,0310921,0206030029,15.0,1301.25
SIA,CE,202505,2373971,0206020015,3.0,260.25
SIA,CE,202505,2479907,0206010028,10.0,1011.0
SIA,CE,202505,2561352,0211020036,45.0,231.75
SIA,CE,202505,2554798,0206030010,4.0,554.52
SIA,CE,202505,0086673,0206020031,24.0,3273.84
SIA,CE,202505,3541428,0206020031,18.0,2455.38
SIA,CE,202505,0310921,0206020031,75.0,10230.75
SIA,CE,202505,2328429,0211020036,24.0,123.6
SIA,CE,202505,2723190,0206020015,1.0,86.75
SIA,CE,202505,7469683,0206020031,31.0,4228.71
SIA,CE,202505,7420501,0206020031,15.0,2046.15
SIA,CE,202505,2820234,0208010033,39.0,14939.73
SIA,CE,202505,2563681,0206010028,18.0,1819.8
SIA,CE,202505,2372622,0211020036,55.0,283.25
SIA,CE,202505,7061021,0206030029,14.0,1214.5
SIA,CE,202505,2529149,0206010052,135.0,11711.25
SIA,CE,202505,2480646,0206010028,16.0,1617.6
SIA,CE,202505,2415488,0206010036,3.0,260.28
SIA,CE,202505,6632513,0211020060,19.0,570.0
SIA,CE,202505,2528843,0206010028,9.0,909.9
SIA,CE,202505,6376738,0206010079,10.0,974.4
SIA,CE,202505,6956963,0206030029,9.0,780.75
SIA,CE,202505,2328046,0211020036,202.0,1040.3
SIA,CE,202505,2372967,0206010044,7.0,607.25
SIA,CE,202505,2499363,0206020031,25.0,3410.25
SIA,CE,202505,7047428,0206010044,1.0,86.75
SIA,CE,202505,2611309,0206010010,11.0,954.36
SIA,CE,202505,2552086,0206030037,5.0,693.15
SIA,CE,202505,2563460,0206010079,7.0,682.08
SIA,CE,202505,7051123,0206020031,24.0,3273.84
SIA,CE,202505,2561026,0206010044,19.0,1648.25
SIA,CE,202505,2415488,0206010079,8.0,779.52
SIA,CE,202505,9526293,0211020036,328.0,1689.2
SIA,CE,202505,2561417,0206030029,18.0,1561.5
SIA,CE,202505,2529068,0211020036,11.0,56.65
SIA,CE,202505,2497654,0206010028,13.0,1314.3
SIA,CE,202505,4527372,0206010044,10.0,867.5
SIA,CE,202505,2516632,0211020036,14.0,72.1
SIA,CE,202505,7429398,0211020036,500.0,2575.0
SIA,CE,202505,7514948,0211020036,198.0,1019.7
SIA,CE,202505,2333856,0211020036,19.0,97.85
SIA,CE,202505,2427125,0206010052,2.0,173.5
SIA,CE,202505,2499363,0206010028,5.0,505.5
SIA,CE,202505,4963938,0206020015,2.0,173.5
SIA,CE,202505,2563460,0206030037,9.0,1247.67
SIA,CE,202505,2611309,0206010044,8.0,694.0
SIA,CE,202505,2372150,0206020015,7.0,607.25
SIA,CE,202505,2785900,0206010028,3.0,303.3
SIA,CE,202505,2820234,0208010025,39.0,15932.28
SIA,CE,202505,7993218,0211020036,600.0,3090.0
SIA,CE,202505,2561417,0206020015,14.0,1214.5
SIA,CE,202505,2724308,0211020036,165.0,849.75
SIA,CE,202505,2415488,0206030037,3.0,415.89
SIA,CE,202505,2529149,0206020023,10.0,867.5
SIA,CE,202505,6779522,0206020015,7.0,607.25
SIA,CE,202505,2529149,0211020036,114.0,587.1
SIA,CE,202505,4963938,0206010028,4.0,404.4
SIA,CE,202505,7420501,0206030029,1.0,86.75
SIA,CE,202505,2328011,0206020031,13.0,1773.33
SIA,CE,202505,2611309,0206030029,8.0,694.0
SIA,CE,202505,2651394,0211020036,123.0,633.45
SIA,CE,202505,6779522,0206010028,27.0,2729.7
SIA,CE,202505,2427125,0206020031,29.0,3955.89
SIA,CE,202505,2785900,0206020031,9.0,1227.69
SIA,CE,202505,4010825,0211020036,126.0,648.9
SIA,CE,202505,2425599,0211020036,159.0,818.85
SIA,CE,202505,4527372,0206020015,5.0,433.75
SIA,CE,202505,2563681,0206020015,6.0,520.5
SIA,CE,202505,2516667,0211020036,150.0,772.5
SIA,CE,202505,0310921,0206020015,5.0,433.75
SIA,CE,202505,2415488,0206010044,3.0,260.25
SIA,CE,202505,7386257,0206030029,11.0,954.25
SIA,CE,202505,2479214,0206030029,3.0,260.25
SIA,CE,202505,2563339,0211020036,46.0,236.9
SIA,CE,202505,5018110,0206010044,5.0,433.75
SIA,CE,202505,2372487,0211020036,124.0,638.6
SIA,CE,202505,2479028,0206010028,149.0,15063.9
SIA,CE,202505,2529149,0206010079,3912.0,381185.28
SIA,CE,202505,2806215,0206030037,131.0,18160.53
SIA,CE,202505,2372150,0206030037,28.0,3881.64
SIA,CE,202505,2373971,0206020031,24.0,3273.84
SIA,CE,202505,3021114,0211020036,155.0,798.25
SIA,CE,202505,2675560,0206030029,54.0,4684.5
SIA,CE,202505,2427125,0206010079,166.0,16175.04
SIA,CE,202505,4527372,0206030037,26.0,3604.38
SIA,CE,202505,2373971,0206010079,169.0,16467.36
SIA,CE,202505,2723190,0206010052,38.0,3296.5
SIA,CE,202505,2723220,0206020031,500.0,68205.0
SIA,CE,202505,2561492,0206030010,166.0,23012.58
SIA,CE,202505,2333880,0211020036,111.0,571.65
SIA,CE,202505,2723220,0206030037,426.0,59056.38
SIA,CE,202505,5018110,0206010079,191.0,18611.04
SIA,CE,202505,5018110,0206030010,83.0,11506.29
SIA,CE,202505,2479028,0206010036,74.0,6420.24
SIA,CE,202505,2425300,0211020036,1573.0,8100.95
SIA,CE,202505,2425300,0211020060,17.0,510.0
SIA,CE,202505,4653483,0211020036,200.0,1030.0
SIA,CE,202505,2563681,0206030037,123.0,17051.49
SIA,CE,202505,6779522,0211020036,112.0,576.8
SIA,CE,202505,4963938,0206030037,102.0,14140.26
SIA,CE,202505,6779522,0206030037,210.0,29112.3
SIA,CE,202505,6956963,0206010010,52.0,4511.52
SIA,CE,202505,7061021,0206030037,198.0,27448.74
SIA,CE,202505,6956963,0211020036,1.0,5.15
SIA,CE,202505,6956963,0206030037,70.0,9704.1
SIA,CE,202505,2479907,0206030037,54.0,7486.02
SIA,CE,202505,6779522,0206010010,53.0,4598.28
SIA,CE,202505,5018110,0206010010,39.0,3383.64
SIA,CE,202505,6668828,0211020036,7.0,36.05
SIA,CE,202505,2479907,0211020036,430.0,2214.5
SIA,CE,202505,7434308,0211020036,600.0,3090.0
SIA,CE,202505,2723220,0206010052,78.0,6766.5
SIA,CE,202505,2723220,0206010079,56.0,5456.64
SIA,CE,202505,2785900,0206030037,16.0,2218.08
SIA,CE,202505,7382626,0206030037,94.0,13031.22
SIA,CE,202505,2564211,0208010033,41.0,15705.87
SIA,CE,202505,2811200,0206010028,87.0,8795.7
SIA,CE,202505,2561492,0206030037,169.0,23428.47
SIA,CE,202505,3283437,0211020036,106.0,545.9
SIA,CE,202505,2372150,0206020031,10.0,1364.1
SIA,CE,202505,9672427,0206010010,105.0,9109.8
SIA,CE,202505,9672427,0206030037,208.0,28835.04
SIA,CE,202505,7396368,0211020036,369.0,1900.35
SIA,CE,202505,7428383,0211020036,30.0,154.5
SIA,CE,202505,2563460,0206020031,7.0,954.87
SIA,CE,202505,7047428,0206010079,19.0,1851.36
SIA,CE,202505,7047428,0206030010,3.0,415.89
SIA,CE,202505,2560852,0206010052,2.0,173.5
SIA,CE,202505,2560852,0206030010,23.0,3188.49
SIA,CE,202505,2611309,0206010028,50.0,5055.0
SIA,CE,202505,2480646,0206030010,10.0,1386.3
SIA,CE,202505,2527413,0211020036,47.0,242.05
SIA,CE,202505,5018110,0206010052,2.0,173.5
SIA,CE,202505,2611309,0206020023,3.0,260.25
SIA,CE,202505,3541428,0206030037,38.0,5267.94
SIA,CE,202505,2372150,0206010036,9.0,780.84
SIA,CE,202505,2552086,0206030010,10.0,1386.3
SIA,CE,202505,2723190,0206020031,157.0,21416.37
SIA,CE,202505,2723190,0206030010,97.0,13447.11
SIA,CE,202505,6848710,0211020036,57.0,293.55
SIA,CE,202505,7018800,0211020036,525.0,2703.75
SIA,CE,202505,7051123,0206030037,24.0,3327.12
SIA,CE,202505,2497654,0206030037,126.0,17467.38
SIA,CE,202505,7061021,0206010010,59.0,5118.84
SIA,CE,202505,6999506,0211020036,415.0,2137.25
SIA,CE,202505,6848710,0206030037,119.0,16496.97
SIA,CE,202505,7061021,0211020036,130.0,669.5
SIA,CE,202505,4963938,0211020036,202.0,1040.3
SIA,CE,202505,2415488,0206010010,3.0,260.28
SIA,CE,202505,2561026,0206030010,75.0,10397.25
SIA,CE,202505,2372967,0206030037,32.0,4436.16
SIA,CE,202505,7420501,0206020015,2.0,173.5
SIA,CE,202505,2372967,0206010028,15.0,1516.5
SIA,CE,202505,2562154,0211020036,210.0,1081.5
SIA,CE,202505,2723190,0206010079,46.0,4482.24
SIA,CE,202505,2561492,0206020031,150.0,20461.5
SIA,CE,202505,2561492,0206010079,72.0,7015.68
SIA,CE,202505,0301337,0206030010,11.0,1524.93
SIA,CE,202505,2529149,0206010036,132.0,11452.32
SIA,CE,202505,2526638,0206010079,14.0,1364.16
SIA,CE,202505,0228753,0211020036,100.0,515.0
SIA,CE,202505,0454788,0211020036,58.0,298.7
SIA,CE,202505,2562200,0211020036,128.0,659.2
SIA,CE,202505,2705923,0211020036,130.0,669.5
SIA,CE,202505,2611252,0211020036,76.0,391.4
SIA,CE,202505,2723212,0211020036,5.0,25.75
SIA,CE,202505,2372819,0211020036,276.0,1421.4
SIA,CE,202505,6376738,0206030010,15.0,2079.45
SIA,CE,202505,2806215,0206010036,11.0,954.36
SIA,CE,202505,2806215,0206020015,4.0,347.0
SIA,CE,202505,0310921,0206030037,103.0,14278.89
SIA,CE,202505,0086673,0211020036,215.0,1107.25
SIA,CE,202505,0086673,0206010010,9.0,780.84
SIA,CE,202505,0310921,0206010010,106.0,9196.56
SIA,CE,202505,2675560,0206020031,234.0,31919.94
SIA,CE,202505,2561492,0206010052,11.0,954.25
SIA,CE,202505,2564238,0206010028,12.0,1213.2
SIA,CE,202505,0310921,0206030010,85.0,11783.55
SIA,CE,202505,2497654,0206030010,326.0,45193.38
SIA,CE,202505,2497654,0206010079,438.0,42678.72
SIA,CE,202505,2561417,0206010079,173.0,16857.12
SIA,CE,202505,4963938,0206010052,26.0,2255.5
SIA,CE,202505,2563681,0206030010,113.0,15665.19
SIA,CE,202505,6779522,0206010079,600.0,58464.0
SIA,CE,202505,6779522,0206030010,179.0,24814.77
SIA,CE,202505,2563681,0206010079,214.0,20852.16
SIA,CE,202505,6779522,0206010044,106.0,9195.5
SIA,CE,202505,4963938,0206030010,107.0,14833.41
SIA,CE,202505,9672427,0206010044,114.0,9889.5
SIA,CE,202505,9672427,0206010079,328.0,31960.32
SIA,CE,202505,2372150,0206020023,2.0,173.5
SIA,CE,202505,7398204,0211020036,126.0,648.9
SIA,CE,202505,7382626,0206010010,95.0,8242.2
SIA,CE,202505,7403224,0211020036,179.0,921.85
SIA,CE,202505,7061021,0206030010,203.0,28141.89
SIA,CE,202505,6956963,0206030010,61.0,8456.43
SIA,CE,202505,6848710,0206030010,114.0,15803.82
SIA,CE,202505,2564211,0206030010,266.0,36875.58
SIA,CE,202505,2564211,0206020031,367.0,50062.47
SIA,CE,202505,2564238,0206010079,146.0,14226.24
SIA,CE,202505,2479028,0206030037,58.0,8040.54
SIA,CE,202505,2561026,0206030037,86.0,11922.18
SIA,CE,202505,2552086,0206010079,21.0,2046.24
SIA,CE,202505,2785900,0206010079,19.0,1851.36
SIA,CE,202505,4963938,0206010079,17.0,1656.48
SIA,CE,202505,7403224,0206010079,129.0,12569.76
SIA,CE,202505,7386257,0206010079,107.0,10426.08
SIA,CE,202505,2479907,0206010044,35.0,3036.25
SIA,CE,202505,2479214,0206010044,12.0,1041.0
SIA,CE,202505,2479907,0206030010,51.0,7070.13
SIA,CE,202505,2528843,0206010079,28.0,2728.32
SIA,CE,202505,5018110,0206020031,38.0,5183.58
SIA,CE,202505,2373971,0206010052,48.0,4164.0
SIA,CE,202505,9190201,0211020036,14.0,72.1
SIA,CE,202505,2373971,0206010036,16.0,1388.16
SIA,CE,202505,2328011,0206010010,15.0,1301.4
SIA,CE,202505,2526638,0206020031,55.0,7502.55
SIA,CE,202505,7988400,0211020036,307.0,1581.05
SIA,CE,202505,2723190,0206030037,112.0,15526.56
SIA,CE,202505,2561492,0206010010,20.0,1735.2
SIA,CE,202505,2561026,0206010036,22.0,1908.72
SIA,CE,202505,0310921,0206010079,246.0,23970.24
SIA,CE,202505,0086673,0206010079,49.0,4774.56
SIA,CE,202505,0086673,0206030010,27.0,3743.01
SIA,CE,202505,9672427,0206030010,215.0,29805.45
SIA,CE,202505,2526638,0206030010,33.0,4574.79
SIA,CE,202505,2561425,0206030037,1.0,138.63
SIA,CE,202505,2499363,0206030010,24.0,3327.12
SIA,CE,202505,2497654,0206010044,40.0,3470.0
SIA,CE,202505,7469683,0206030010,33.0,4574.79
SIA,CE,202505,7382626,0206030010,60.0,8317.8
SIA,CE,202505,2328011,0206030010,11.0,1524.93
SIA,CE,202505,7061021,0206010079,282.0,27478.08
SIA,CE,202505,7051123,0206010079,51.0,4969.44
SIA,CE,202505,6848710,0206010079,153.0,14908.32
SIA,CE,202505,2611309,0206030010,74.0,10258.62
SIA,CE,202505,6956963,0206010079,94.0,9159.36
SIA,CE,202505,7061021,0206010044,87.0,7547.25
SIA,CE,202505,7051123,0206030010,15.0,2079.45
SIA,CE,202505,2479214,0206010028,7.0,707.7
SIA,CE,202505,0310921,0206010044,21.0,1821.75
SIA,CE,202505,2785900,0206030010,18.0,2495.34
SIA,CE,202505,7469683,0206010079,89.0,8672.16
SIA,CE,202505,7382626,0206010079,166.0,16175.04
SIA,CE,202505,2479907,0206010079,129.0,12569.76
SIA,CE,202505,2479214,0206010079,70.0,6820.8
SIA,CE,202505,2526638,0206010044,8.0,694.0
SIA,CE,202505,2561417,0206030010,93.0,12892.59
SIA,CE,202505,2561417,0206010052,13.0,1127.75
SIA,CE,202505,2563681,0206010052,7.0,607.25
SIA,CE,202505,4527372,0206010036,11.0,954.36
SIA,CE,202505,2427125,0206010010,16.0,1388.16
SIA,CE,202505,6778798,0211020036,353.0,1817.95
SIA,CE,202505,7469683,0206010010,45.0,3904.2
SIA,CE,202505,7386257,0206010010,47.0,4077.72
SIA,CE,202505,7469683,0206030037,40.0,5545.2
SIA,CE,202505,2372460,0211020036,91.0,468.65
SIA,CE,202505,0086673,0206010044,70.0,6072.5
SIA,CE,202505,2785900,0211020036,85.0,437.75
SIA,CE,202505,2806215,0206030029,9.0,780.75
SIA,CE,202505,0301337,0206030037,19.0,2633.97
SIA,CE,202505,2564211,0206010028,64.0,6470.4
SIA,CE,202505,2479214,0206030010,50.0,6931.5
SIA,CE,202505,2561417,0206010044,16.0,1388.0
SIA,CE,202505,2563681,0206010044,25.0,2168.75
SIA,CE,202505,7051123,0206010044,4.0,347.0
SIA,CE,202505,7403224,0206010052,5.0,433.75
SIA,CE,202505,7420501,0206010079,46.0,4482.24
SIA,CE,202505,7382626,0206010044,16.0,1388.0
SIA,CE,202505,7403224,0206030010,39.0,5406.57
SIA,CE,202505,7420501,0206030010,12.0,1663.56
SIA,CE,202505,7386257,0206030010,15.0,2079.45
SIA,CE,202505,2497654,0206010052,17.0,1474.75
SIA,CE,202505,2328003,0211020036,215.0,1107.25
SIA,CE,202505,3021114,0206010036,9.0,780.84
SIA,CE,202505,2561417,0206010010,36.0,3123.36
SIA,CE,202505,2561417,0206030037,28.0,3881.64
SIA,CE,202505,7420501,0206010052,1.0,86.75
SIA,CE,202505,4963938,0206010044,6.0,520.5
SIA,CE,202505,2373971,0206030037,31.0,4297.53
SIA,CE,202505,2723220,0208010025,129.0,52699.08
SIA,CE,202505,7403224,0206010010,39.0,3383.64
SIA,CE,202505,4226267,0211020036,59.0,303.85
SIA,CE,202505,2563347,0211020036,37.0,190.55
SIA,CE,202505,7061021,0206010052,10.0,867.5
SIA,CE,202505,6956963,0206010044,14.0,1214.5
SIA,CE,202505,2479214,0206010052,5.0,433.75
SIA,CE,202505,0301337,0206020031,7.0,954.87
SIA,CE,202505,7386257,0206010044,6.0,520.5
SIA,CE,202505,2497654,0206010010,29.0,2516.04
SIA,CE,202505,2723220,0206010036,13.0,1127.88
SIA,CE,202505,2561492,0206010036,10.0,867.6
SIA,CE,202505,2723220,0208010033,129.0,49416.03
SIA,CE,202505,2560852,0206010010,21.0,1821.96
SIA,CE,202505,2560852,0206030037,8.0,1109.04
SIA,CE,202505,2333848,0211020036,20.0,103.0
SIA,CE,202505,2499363,0206010079,4.0,389.76
SIA,CE,202505,2785900,0206010052,1.0,86.75
SIA,CE,202505,2561425,0206030010,1.0,138.63
SIA,CE,202505,2527685,0211020036,15.0,77.25
SIA,CE,202505,2373971,0206030010,20.0,2772.6
SIA,CE,202505,0310921,0206010052,1.0,86.75
SIA,CE,202505,6848710,0206010052,2.0,173.5
SIA,CE,202505,0086673,0206010052,7.0,607.25
SIA,CE,202505,6779522,0206010052,8.0,694.0
SIA,CE,202505,6956963,0206010052,1.0,86.75
SIA,CE,202505,2480050,0211020036,20.0,103.0
SIA,CE,202505,2372967,0206030010,11.0,1524.93
SIA,CE,202505,2479028,0206030010,43.0,5961.09
SIA,CE,202505,2695839,0211020036,178.0,916.7
SIA,CE,202505,7403224,0206010044,16.0,1388.0
SIA,CE,202505,3541428,0206010036,8.0,694.08
SIA,CE,202505,2528843,0206030037,2.0,277.26
SIA,CE,202505,2426579,0206020015,5.0,433.75
SIA,CE,202505,0301337,0206010079,9.0,876.96
SIA,CE,202505,2526638,0206030037,6.0,831.78
SIA,CE,202505,2427125,0206020023,1.0,86.75
SIA,CE,202505,2561018,0211020036,69.0,355.35
SIA,CE,202505,2563681,0206010010,18.0,1561.68
SIA,CE,202505,7006810,0211020036,307.0,1581.05
SIA,CE,202505,0263672,0211020036,526.0,2708.9
SIA,CE,202505,3302490,0211020036,73.0,375.95
SIA,CE,202505,9275134,0211020036,200.0,1030.0
SIA,CE,202505,9672427,0206010052,11.0,954.25
SIA,CE,202505,2528843,0206020031,8.0,1091.28
SIA,CE,202505,2562138,0211020036,49.0,252.35
SIA,CE,202505,2373971,0206010010,29.0,2516.04
SIA,CE,202505,0301337,0206010010,13.0,1127.88
SIA,CE,202505,5723507,0211020036,173.0,890.95
SIA,CE,202505,2665190,0206030029,14.0,1214.5
SIA,CE,202505,2479028,0206010010,67.0,5812.92
SIA,CE,202505,2372967,0206010010,2.0,173.52
SIA,CE,202505,7420501,0206010044,6.0,520.5
SIA,CE,202505,2527693,0211020036,375.0,1931.25
SIA,CE,202505,2552191,0211020036,151.0,777.65
SIA,CE,202505,2564211,0206010079,124.0,12082.56
SIA,CE,202505,7057083,0211020036,225.0,1158.75
SIA,CE,202505,0301337,0206010036,7.0,607.32
SIA,CE,202505,2426579,0206030029,15.0,1301.25
SIA,CE,202505,2723190,0206010010,1.0,86.76
SIA,CE,202505,2560852,0206020031,14.0,1909.74
SIA,CE,202505,0086673,0206030037,54.0,7486.02
SIA,CE,202505,0310921,0211020036,399.0,2054.85
SIA,CE,202505,2563681,0211020036,95.0,489.25
SIA,CE,202505,2372150,0206030029,4.0,347.0
SIA,CE,202505,2499363,0211020036,257.0,1323.55
SIA,CE,202505,9672427,0211020036,88.0,453.2
SIA,CE,202505,7469683,0206010044,5.0,433.75
SIA,CE,202505,2811200,0206010079,75.0,7308.0
SIA,CE,202505,6848710,0206010044,7.0,607.25
SIA,CE,202505,2560984,0206010079,5.0,487.2
SIA,CE,202505,2611643,0211020036,33.0,169.95
SIA,CE,202505,2560984,0206030029,3.0,260.25
SIA,CE,202505,2426579,0206010036,11.0,954.36
SIA,CE,202505,2480646,0206010044,17.0,1474.75
SIA,CE,202505,9241477,0211020036,50.0,257.5
SIA,CE,202505,2564769,0211020036,405.0,2085.75
SIA,CE,202505,2499363,0206030037,26.0,3604.38
SIA,CE,202505,7274440,0211020036,391.0,2013.65
SIA,CE,202505,4527372,0206020023,6.0,520.5
SIA,CE,202505,2425343,0211020036,123.0,633.45
SIA,CE,202505,2564580,0211020036,53.0,272.95
SIA,CE,202505,2479028,0206010044,8.0,694.0
SIA,CE,202505,4527372,0206010028,40.0,4044.0
SIA,CE,202505,2527677,0211020036,506.0,2605.9
SIA,CE,202505,7420501,0206030037,15.0,2079.45
SIA,CE,202505,7386257,0206030037,28.0,3881.64
SIA,CE,202505,2427125,0206010036,4.0,347.04
SIA,CE,202505,2554798,0206020031,4.0,545.64
SIA,CE,202505,2562316,0211020036,563.0,2899.45
SIA,CE,202505,6985483,0211020036,484.0,2492.6
SIA,CE,202505,7051123,0206010010,10.0,867.6
SIA,CE,202505,7072341,0211020036,371.0,1910.65
SIA,CE,202505,7420501,0206010010,21.0,1821.96
SIA,CE,202505,7320418,0211020036,82.0,422.3
SIA,CE,202505,7403224,0206030037,43.0,5961.09
SIA,CE,202505,7420501,0211020036,249.0,1282.35
SIA,CE,202505,7047428,0206030037,6.0,831.78
SIA,CE,202505,4963938,0206010010,4.0,347.04
SIA,CE,202505,6697518,0211020036,370.0,1905.5
SIA,CE,202505,2811200,0206020023,2.0,173.5
SIA,CE,202505,7376928,0211020036,222.0,1143.3
SIA,CE,202505,5018110,0206020015,4.0,347.0
SIA,CE,202505,2478927,0211020036,99.0,509.85
SIA,CE,202505,2560984,0206020031,2.0,272.82
SIA,CE,202505,7382626,0206010036,49.0,4251.24
SIA,CE,202505,2560976,0211020036,470.0,2420.5
SIA,CE,202505,2560828,0211020036,84.0,432.6
SIA,CE,202505,2806215,0206030010,147.0,20378.61
SIA,CE,202505,2372150,0206030010,19.0,2633.97
SIA,CE,202505,2478994,0211020036,44.0,226.6
SIA,CE,202505,7434472,0211020036,343.0,1766.45
SIA,CE,202505,2724359,0211020036,76.0,391.4
SIA,CE,202505,2563681,0206020023,3.0,260.25
SIA,CE,202505,6779522,0206020023,6.0,520.5
SIA,CE,202505,3021114,0206020031,156.0,21279.96
SIA,CE,202505,5018110,0206030037,85.0,11783.55
SIA,CE,202505,9411798,0211020036,259.0,1333.85
SIA,CE,202505,2372967,0206020023,5.0,433.75
SIA,CE,202505,2561026,0206010079,107.0,10426.08
SIA,CE,202505,2561425,0206020031,1.0,136.41
SIA,CE,202505,7061021,0206020023,6.0,520.5
SIA,CE,202505,7403224,0206010036,19.0,1648.44
SIA,CE,202505,3541428,0206030010,35.0,4852.05
SIA,CE,202505,7381158,0211020036,250.0,1287.5
SIA,CE,202505,9672427,0206020023,31.0,2689.25
SIA,CE,202505,2427125,0206010028,23.0,2325.3
SIA,CE,202505,2665190,0206030010,17.0,2356.71
SIA,CE,202505,2480646,0206020031,11.0,1500.51
SIA,CE,202505,7569793,0211020036,39.0,200.85
SIA,CE,202505,5018110,0206010036,9.0,780.84
SIA,CE,202505,6956963,0206010036,29.0,2516.04
SIA,CE,202505,2665190,0206010010,20.0,1735.2
SIA,CE,202505,6779522,0206010036,10.0,867.6
SIA,CE,202505,2564211,0206030029,13.0,1127.75
SIA,CE,202505,9672427,0206010036,24.0,2082.24
SIA,CE,202505,2497654,0206010036,5.0,433.8
SIA,CE,202505,0310921,0206010036,46.0,3990.96
SIA,CE,202505,2563681,0206010036,15.0,1301.4
SIA,CE,202505,7061021,0206010036,18.0,1561.68
SIA,CE,202505,2426579,0206020031,60.0,8184.6
SIA,CE,202505,2564211,0206010010,21.0,1821.96
SIA,CE,202505,2564211,0206010052,60.0,5205.0
SIA,CE,202505,0310921,0206020023,4.0,347.0
SIA,CE,202505,2373513,0211020036,7.0,36.05
SIA,CE,202505,2723190,0206030029,3.0,260.25
SIA,CE,202505,5018110,0206010028,115.0,11626.5
SIA,CE,202505,2811200,0206010010,20.0,1735.2
SIA,CE,202505,7469683,0206010036,27.0,2342.52
SIA,CE,202505,2328011,0206010036,7.0,607.32
SIA,CE,202505,2480646,0206030037,14.0,1940.82
SIA,CE,202505,7051123,0206020023,1.0,86.75
SIA,CE,202505,2479214,0205010016,2.0,330.0
SIA,CE,202505,2561417,0206010036,21.0,1821.96
SIA,CE,202505,0086673,0206010036,8.0,694.08
SIA,CE,202505,7386257,0206010036,18.0,1561.68
SIA,CE,202505,2723220,0206030029,2.0,173.5
SIA,CE,202505,2552086,0206020031,18.0,2455.38
SIA,CE,202505,2561492,0206010060,1.0,97.44
SIA,CE,202505,2561492,0206030029,3.0,260.25
SIA,CE,202505,3541428,0206030029,4.0,347.0
SIA,CE,202505,3541428,0206010060,2.0,194.88
SIA,CE,202505,2528843,0206030029,2.0,173.5
SIA,CE,202505,2811200,0206030029,6.0,520.5
SIA,CE,202505,7420501,0206010036,10.0,867.6
SIA,CE,202505,6376738,0206010044,2.0,173.5
SIA,CE,202505,7051123,0206010036,4.0,347.04
SIA,CE,202505,2479214,0206010036,3.0,260.28
SIA,CE,202505,2373971,0206030029,4.0,347.0
SIA,CE,202505,2561026,0206030029,11.0,954.25
SIA,CE,202505,2675560,0206010052,6.0,520.5
SIA,CE,202505,2328011,0206030037,12.0,1663.56
SIA,CE,202505,2561026,0206020023,5.0,433.75
SIA,CE,202505,2564238,0206010010,6.0,520.56
SIA,CE,202505,7371888,0211020036,3.0,15.45
SIA,CE,202505,2563460,0206010010,1.0,86.76
SIA,CE,202505,2564238,0206030010,6.0,831.78
SIA,CE,202505,2811200,0206030010,9.0,1247.67
SIA,CE,202505,2479907,0206010036,3.0,260.28
SIA,CE,202505,2564238,0206020031,3.0,409.23
SIA,CE,202505,2526662,0206030010,1.0,138.63
SIA,CE,202505,2372967,0206010036,3.0,260.28
SIA,CE,202505,7382626,0206010052,1.0,86.75
SIA,CE,202505,2723190,0206010036,5.0,433.8
SIA,CE,202505,7021321,0211020036,2.0,10.3
SIA,CE,202505,2415488,0206020031,1.0,136.41
SIA,CE,202505,7386257,0206010052,2.0,173.5
SIA,CE,202505,2479907,0206010052,1.0,86.75
SIA,CE,202505,2426579,0206020023,3.0,260.25
SIA,CE,202505,7403224,0206020023,2.0,173.5
SIA,CE,202505,5018110,0206030029,12.0,1041.0
SIA,CE,202505,2564211,0206010036,7.0,607.32
SIA,CE,202505,2328011,0206010044,6.0,520.5
SIA,CE,202505,4963938,0206010036,4.0,347.04
SIA,CE,202505,2372967,0206020015,6.0,520.5
SIA,CE,202505,2811200,0206020031,12.0,1636.92
SIA,CE,202505,4010868,0206010036,1.0,86.76
SIA,CE,202505,2560852,0206020015,2.0,173.5
SIA,CE,202505,2554518,0211020036,104.0,535.6
SIA,CE,202505,6125972,0211020036,122.0,628.3
SIA,CE,202505,2563460,0206010028,3.0,303.3
SIA,CE,202505,6376738,0206010036,1.0,86.76
SIA,CE,202505,2561336,0211020036,82.0,422.3
SIA,CE,202505,2841118,0211020036,15.0,77.25
SIA,CE,202505,4527372,0206020031,13.0,1773.33
SIA,CE,202505,2479907,0206010010,5.0,433.8
SIA,CE,202505,2811200,0206010036,7.0,607.32
SIA,CE,202505,7047428,0206010036,1.0,86.76
SIA,CE,202505,7077971,0211020036,200.0,1030.0
SIA,CE,202505,7501366,0211020036,661.0,3404.15
SIA,CE,202505,2479028,0206010079,117.0,11400.48
SIA,CE,202505,4444086,0211020036,561.0,2889.15
SIA,CE,202505,3021114,0206010079,213.0,20754.72
SIA,CE,202505,2564238,0206010036,1.0,86.76
SIA,CE,202505,2426455,0211020036,40.0,206.0
SIA,CE,202505,2479214,0206010010,5.0,433.8
SIA,CE,202505,2611309,0206030037,78.0,10813.14
SIA,CE,202505,2372568,0211020036,150.0,772.5
SIA,CE,202505,2806215,0206010079,173.0,16857.12
SIA,CE,202505,7469683,0211020036,3.0,15.45
SIA,CE,202505,3541428,0206010079,33.0,3215.52
SIA,CE,202505,2479214,0206030037,7.0,970.41
SIA,CE,202505,6848710,0206010010,9.0,780.84
SIA,CE,202505,2561468,0211020036,9.0,46.35
SIA,CE,202505,2723255,0211020036,120.0,618.0
SIA,CE,202505,9939938,0211020060,1.0,30.0
SIA,CE,202505,7047428,0206020031,5.0,682.05
SIA,CE,202505,4913272,0211020036,78.0,401.7
SIA,CE,202505,2561425,0211020036,88.0,453.2
SIA,CE,202505,2561026,0206020031,35.0,4774.35
SIA,CE,202505,2554798,0206010028,4.0,404.4
SIA,CE,202505,2373971,0206020023,10.0,867.5
SIA,CE,202505,3021114,0206020015,1.0,86.75
SIA,CE,202505,2372150,0206010079,51.0,4969.44
SIA,CE,202505,2372150,0206010010,8.0,694.08
SIA,CE,202505,2561026,0206010028,95.0,9604.5
SIA,CE,202505,7389272,0211020036,200.0,1030.0
SIA,CE,202505,2374064,0211020036,168.0,865.2
SIA,CE,202505,7396805,0211020036,131.0,674.65
SIA,CE,202505,2560852,0206010079,99.0,9646.56
SIA,CE,202505,2427125,0211020036,256.0,1318.4
SIA,CE,202505,2426579,0206010079,181.0,17636.64
SIA,CE,202505,4527372,0206030029,3.0,260.25
SIA,CE,202505,2564211,0206010044,26.0,2255.5
SIA,CE,202505,2415488,0206010028,12.0,1213.2
SIA,CE,202505,2561492,0205010016,24.0,3960.0
SIA,CE,202505,2806215,0206010010,28.0,2429.28
SIA,CE,202505,2333902,0211020036,34.0,175.1
SIA,CE,202505,2560852,0206010028,41.0,4145.1
SIA,CE,202505,0301337,0206020015,2.0,173.5
SIA,CE,202505,3541428,0206010010,11.0,954.36
SIA,CE,202505,2479427,0211020036,60.0,309.0
SIA,CE,202505,2426072,0211020036,1.0,5.15
SIA,CE,202505,2427184,0211020036,121.0,623.15
SIA,CE,202505,2479893,0211020036,177.0,911.55
SIA,CE,202505,2414864,0211020036,40.0,206.0
SIA,CE,202505,4527372,0206010010,10.0,867.6
SIA,CE,202505,7103255,0211020036,589.0,3033.35
SIA,CE,202505,2499363,0206010010,1.0,86.76
SIA,CE,202505,7047428,0206010028,3.0,303.3
SIA,CE,202505,2328011,0206030029,3.0,260.25
SIA,CE,202505,2561492,0206020015,1.0,86.75
SIA,CE,202505,2327961,0211020036,99.0,509.85
SIA,CE,202505,2664372,0211020036,288.0,1483.2
SIA,CE,202505,2481073,0211020036,103.0,530.45
SIA,CE,202505,2726351,0211020036,112.0,576.8
SIA,CE,202505,2372479,0211020036,165.0,849.75
SIA,CE,202505,2414848,0211020036,74.0,381.1
SIA,CE,202505,0301337,0206020023,3.0,260.25
SIA,CE,202505,6376738,0206010028,4.0,404.4
SIA,CE,202505,7044674,0211020060,41.0,1230.0
SIA,CE,202505,2564734,0211020036,161.0,829.15
SIA,CE,202505,2554798,0211020036,472.0,2430.8
SIA,CE,202505,6893295,0211020036,552.0,2842.8
SIA,CE,202505,6848710,0206030029,3.0,260.25
SIA,CE,202505,7320418,0211020060,19.0,570.0
SIA,CE,202505,7047428,0206010052,2.0,173.5
SIA,CE,202505,2722917,0211020036,64.0,329.6
SIA,CE,202505,3541428,0206010044,1.0,86.75
SIA,CE,202505,2665190,0206010036,14.0,1214.64
SIA,CE,202505,2372509,0211020036,68.0,350.2
SIA,CE,202505,2480646,0206010010,2.0,173.52
SIA,CE,202505,2563460,0211020036,94.0,484.1
SIA,CE,202505,2328437,0211020036,50.0,257.5
SIA,CE,202505,2562391,0211020036,56.0,288.4
SIA,CE,202505,2560984,0206010036,1.0,86.76
SIA,CE,202505,2497654,0206030029,3.0,260.25
SIA,CE,202505,2561050,0211020036,89.0,458.35
SIA,CE,202505,6405428,0211020036,77.0,396.55
SIA,CE,202505,2562499,0211020036,8.0,41.2
SIA,CE,202505,2806215,0206020023,2.0,173.5
SIA,CE,202505,7047428,0211020060,23.0,690.0
SIA,CE,202505,2611295,0211020036,404.0,2080.6
SIA,CE,202505,2564238,0206010044,5.0,433.75
SIA,CE,202505,2560992,0211020036,39.0,200.85
SIA,CE,202505,2998890,0211020036,159.0,818.85
SIA,CE,202505,2561042,0211020036,64.0,329.6
SIA,CE,202505,3759148,0211020036,81.0,417.15
SIA,CE,202505,2664364,0211020036,94.0,484.1
SIA,CE,202505,2723611,0211020036,157.0,808.55
SIA,CE,202505,2528843,0206010036,1.0,86.76
SIA,CE,202505,2526662,0206010079,2.0,194.88
SIA,CE,202505,7403224,0211020060,44.0,1320.0
SIA,CE,202505,2561026,0211020036,148.0,762.2
SIA,CE,202505,2373203,0211020036,57.0,293.55
SIA,CE,202505,2664151,0211020036,107.0,551.05
SIA,CE,202505,2611058,0211020036,112.0,576.8
SIA,CE,202505,2529556,0211020036,246.0,1266.9
SIA,CE,202505,2480646,0211020036,229.0,1179.35
SIA,CE,202505,2726319,0211020036,16.0,82.4
SIA,CE,202505,2372967,0206030029,4.0,347.0
SIA,CE,202505,6778798,0211020060,47.0,1410.0
SIA,CE,202505,2479907,0206030029,1.0,86.75
SIA,CE,202505,2561328,0211020036,296.0,1524.4
SIA,CE,202505,6376738,0206010010,1.0,86.76
SIA,CE,202505,2415623,0211020036,158.0,813.7
SIA,CE,202505,7403224,0206030029,3.0,260.25
SIA,CE,202505,2372673,0211020036,20.0,103.0
SIA,CE,202505,2427125,0206020015,1.0,86.75
SIA,CE,202505,2499037,0211020036,143.0,736.45
SIA,CE,202505,4963938,0206020023,1.0,86.75
SIA,CE,202505,7386257,0206020023,1.0,86.75
SIA,CE,202505,2527669,0211020036,40.0,206.0
SIA,CE,202505,2372495,0211020036,83.0,427.45
SIA,CE,202505,2479907,0211020060,77.0,2310.0
SIA,CE,202505,2849798,0211020036,148.0,762.2
SIA,CE,202505,2372207,0211020036,1.0,5.15
SIA,CE,202505,2427125,0206030029,6.0,520.5
SIA,CE,202505,6376738,0206010052,2.0,173.5
SIA,CE,202505,2526662,0211020036,274.0,1411.1
SIA,CE,202505,2723220,0206020023,10.0,867.5
SIA,CE,202505,0183229,0211020036,384.0,1977.6
SIA,CE,202505,2427176,0211020036,115.0,592.25
SIA,CE,202505,7043597,0211020036,60.0,309.0
SIA,CE,202505,6405428,0211020060,3.0,90.0
SIA,CE,202505,2560852,0206010044,9.0,780.75
SIA,CE,202505,2560852,0206030029,3.0,260.25
SIA,CE,202505,2664666,0211020036,36.0,185.4
SIA,CE,202505,2528282,0211020036,192.0,988.8
SIA,CE,202505,2478307,0211020036,10.0,51.5
SIA,CE,202505,2664283,0211020036,25.0,128.75
SIA,CE,202505,2479907,0206020023,1.0,86.75
SIA,CE,202505,2806215,0211020036,662.0,3409.3
SIA,CE,202505,2481375,0211020036,88.0,453.2
SIA,CE,202505,2373475,0211020036,80.0,412.0
SIA,CE,202505,2554623,0211020036,75.0,386.25
SIA,CE,202505,2328399,0211020036,2.0,10.3
SIA,CE,202505,2785900,0206010036,1.0,86.76
SIA,CE,202505,2560984,0211020036,192.0,988.8
SIA,CE,202505,2560984,0206030037,1.0,138.63
SIA,CE,202505,2333864,0211020036,100.0,515.0
SIA,CE,202505,2561425,0206010079,2.0,194.88
SIA,CE,202505,2371847,0211020036,51.0,262.65
SIA,CE,202505,7469683,0206020015,2.0,173.5
SIA,CE,202505,2554798,0206030029,1.0,86.75
SIA,CE,202505,7386257,0206020015,4.0,347.0
SIA,CE,202505,2479818,0211020036,20.0,103.0
SIA,CE,202505,2563460,0206010044,1.0,86.75
SIA,CE,202505,0086673,0206020015,1.0,86.75
SIA,CE,202505,2328070,0211020036,130.0,669.5
SIA,CE,202505,7890389,0211020036,26.0,133.9
SIA,CE,202505,2499339,0211020036,257.0,1323.55
SIA,CE,202505,2561948,0211020036,7.0,36.05
SIA,CE,202505,2560852,0211020036,113.0,581.95
SIA,CE,202505,6848710,0206010036,1.0,86.76
SIA,CE,202505,2675560,0206030010,2.0,277.26
SIA,CE,202505,2611201,0211020036,339.0,1745.85
SIA,CE,202505,2478374,0211020036,61.0,314.15
SIA,CE,202505,2333813,0211020036,79.0,406.85
SIA,CE,202505,2611465,0211020036,16.0,82.4
SIA,CE,202505,2611309,0206010036,3.0,260.28
SIA,CE,202505,2723220,0206020015,1.0,86.75
SIA,CE,202505,2806215,0206010052,2.0,173.5
SIA,CE,202505,2552086,0211020036,284.0,1462.6
SIA,CE,202505,5018110,0206010060,1.0,97.44
SIA,CE,202505,7047428,0206020015,1.0,86.75
SIA,CE,202505,2675560,0206010087,1.0,138.63
SIA,CE,202505,7051123,0211020060,74.0,2220.0
SIA,CE,202505,2561395,0211020036,380.0,1957.0
SIA,CE,202505,2497654,0206020015,1.0,86.75
SIA,CE,202505,2811200,0206020015,2.0,173.5
SIA,CE,202505,2665190,0206020015,2.0,173.5
SIA,CE,202505,2561026,0206010052,1.0,86.75
SIA,CE,202505,2665190,0206010044,1.0,86.75
SIA,CE,202505,2479028,0211020036,683.0,3517.45
SIA,CE,202505,2554798,0206020015,1.0,86.75
SIA,CE,202505,2478277,0211020036,2.0,10.3
SIA,CE,202505,7405529,0211020036,240.0,1236.0
SIA,CE,202505,7382626,0211020060,26.0,780.0
SIA,CE,202505,2611481,0211020036,169.0,870.35
SIA,CE,202505,2561891,0211020036,110.0,566.5
SIA,CE,202505,2479214,0211020060,228.0,6840.0
SIA,CE,202505,0951021,0211020036,29.0,149.35
SIA,CE,202505,2561417,0211020036,58.0,298.7
SIA,CE,202505,4963938,0206030029,1.0,86.75
SIA,CE,202505,2415488,0211020036,303.0,1560.45
SIA,CE,202505,2479214,0206020015,1.0,86.75
SIA,CE,202505,2479214,0211020036,6136.0,31600.4
SIA,CE,202505,2610523,0211020036,32.0,164.8
SIA,CE,202505,7044674,0211020036,105.0,540.75
SIA,CE,202505,2723220,0206010010,1.0,86.76
SIA,CE,202505,2554798,0206010044,1.0,86.75
SIA,CE,202505,2426315,0211020036,316.0,1627.4
SIA,CE,202505,2561069,0211020036,275.0,1416.25
SIA,CE,202505,2372150,0206010044,1.0,86.75
SIA,CE,202505,2528843,0206030010,2.0,277.26
SIA,CE,202505,2611775,0211020036,154.0,793.1
SIA,CE,202505,2327171,0211020036,20.0,103.0
SIA,CE,202505,2563487,0211020036,96.0,494.4
SIA,CE,202505,2497654,0211020036,1185.0,6102.75
SIA,CE,202505,2561441,0211020036,269.0,1385.35
SIA,CE,202505,7360851,0211020036,410.0,2111.5
SIA,CE,202505,7051123,0211020036,156.0,803.4
SIA,CE,202505,2811200,0206010044,3.0,260.25
SIA,CE,202505,4695623,0211020036,197.0,1014.55
SIA,CE,202505,6632513,0211020036,105.0,540.75
SIA,CE,202505,7262698,0211020036,228.0,1174.2
SIA,CE,202505,7710941,0211020036,340.0,1751.0
SIA,CE,202505,0301337,0206030029,1.0,86.75
SIA,CE,202505,7382626,0211020036,15.0,77.25
SIA,CE,202505,2478080,0211020036,81.0,417.15
SIA,CE,202505,2560984,0206010028,1.0,101.1
SIA,CE,202505,2328445,0211020036,12.0,61.8
SIA,CE,202505,2528843,0206020023,1.0,86.75
SIA,CE,202505,0301337,0206010052,2.0,173.5
SIA,CE,202505,2564211,0206020023,1.0,86.75
SIA,CE,202505,5018110,0206020023,1.0,86.75
SIA,CE,202505,2811200,0206010060,1.0,97.44
SIA,CE,202505,2561298,0211020036,68.0,350.2
SIA,CE,202506,9672427,0206020031,207.0,28236.87
SIA,CE,202506,2479214,0206020031,412.0,56200.92
SIA,CE,202506,2479907,0206020031,36.0,4910.76
SIA,CE,202506,2497654,0206020031,157.0,21416.37
SIA,CE,202506,7061021,0206020031,116.0,15823.56
SIA,CE,202506,2479214,0206030010,45.0,6238.35
SIA,CE,202506,2425300,0211020036,1397.0,7194.55
SIA,CE,202506,7061021,0206030010,177.0,24537.51
SIA,CE,202506,2560852,0206010010,16.0,1388.16
SIA,CE,202506,2560976,0211020036,333.0,1714.95
SIA,CE,202506,2665190,0206010028,33.0,3336.3
SIA,CE,202506,2561026,0206020015,15.0,1301.25
SIA,CE,202506,2723220,0206020031,499.0,68068.59
SIA,CE,202506,2723220,0206030037,418.0,57947.34
SIA,CE,202506,2328011,0206010028,134.0,13547.4
SIA,CE,202506,2526662,0211020036,321.0,1653.15
SIA,CE,202506,2333848,0211020036,20.0,103.0
SIA,CE,202506,3021114,0211020036,89.0,458.35
SIA,CE,202506,2552086,0206010079,20.0,1948.8
SIA,CE,202506,2561026,0206010010,43.0,3730.68
SIA,CE,202506,3541428,0206030037,46.0,6376.98
SIA,CE,202506,2564211,0206020031,281.0,38331.21
SIA,CE,202506,2663929,0211020036,2.0,10.3
SIA,CE,202506,2373971,0206020031,18.0,2455.38
SIA,CE,202506,2373971,0206030037,14.0,1940.82
SIA,CE,202506,2563681,0206020031,42.0,5729.22
SIA,CE,202506,0086673,0206020031,14.0,1909.74
SIA,CE,202506,6779522,0206030010,139.0,19269.57
SIA,CE,202506,6956963,0206020031,28.0,3819.48
SIA,CE,202506,7382626,0206020031,34.0,4637.94
SIA,CE,202506,6779522,0206020031,106.0,14459.46
SIA,CE,202506,2373971,0206010052,34.0,2949.5
SIA,CE,202506,4887514,0211020036,23.0,118.45
SIA,CE,202506,2529149,0206010052,117.0,10149.75
SIA,CE,202506,2723220,0206010052,77.0,6679.75
SIA,CE,202506,2529149,0206010036,116.0,10064.16
SIA,CE,202506,2526638,0206020031,41.0,5592.81
SIA,CE,202506,3021114,0206010079,415.0,40437.6
SIA,CE,202506,3021114,0206020031,260.0,35466.6
SIA,CE,202506,7501366,0211020036,665.0,3424.75
SIA,CE,202506,2561026,0206010079,110.0,10718.4
SIA,CE,202506,2561417,0206030010,130.0,18021.9
SIA,CE,202506,2563681,0206030010,62.0,8595.06
SIA,CE,202506,5018110,0206010028,131.0,13244.1
SIA,CE,202506,2529149,0206010044,655.0,56821.25
SIA,CE,202506,2723190,0206010052,46.0,3990.5
SIA,CE,202506,2527685,0211020036,22.0,113.3
SIA,CE,202506,4963938,0206020031,42.0,5729.22
SIA,CE,202506,9672427,0206030010,197.0,27310.11
SIA,CE,202506,2785900,0206020031,9.0,1227.69
SIA,CE,202506,2497654,0206030010,229.0,31746.27
SIA,CE,202506,6956963,0206030010,48.0,6654.24
SIA,CE,202506,0301337,0206010028,31.0,3134.1
SIA,CE,202506,2723220,0206010028,17.0,1718.7
SIA,CE,202506,2723220,0206030010,503.0,69730.89
SIA,CE,202506,2479028,0206010010,68.0,5899.68
SIA,CE,202506,2785900,0206030010,19.0,2633.97
SIA,CE,202506,2561417,0206020031,208.0,28373.28
SIA,CE,202506,7399626,0211020036,346.0,1781.9
SIA,CE,202506,2806215,0206030037,65.0,9010.95
SIA,CE,202506,0107239,0211020036,205.0,1055.75
SIA,CE,202506,2723190,0206030037,160.0,22180.8
SIA,CE,202506,2723190,0206020031,223.0,30419.43
SIA,CE,202506,2528282,0211020036,144.0,741.6
SIA,CE,202506,2561492,0211020060,61.0,1830.0
SIA,CE,202506,2561492,0206010010,13.0,1127.88
SIA,CE,202506,2561492,0205010016,28.0,4620.0
SIA,CE,202506,2675560,0206010079,149.0,14518.56
SIA,CE,202506,2499363,0206020031,88.0,12004.08
SIA,CE,202506,7382626,0206030010,34.0,4713.42
SIA,CE,202506,6848710,0206020031,49.0,6684.09
SIA,CE,202506,6848710,0206030010,93.0,12892.59
SIA,CE,202506,2328011,0206010010,63.0,5465.88
SIA,CE,202506,2811200,0206030029,1.0,86.75
SIA,CE,202506,2529149,0206020031,312.0,42559.92
SIA,CE,202506,2529149,0206030037,302.0,41866.26
SIA,CE,202506,2479028,0206010028,134.0,13547.4
SIA,CE,202506,2479028,0206010079,92.0,8964.48
SIA,CE,202506,2372967,0206020015,6.0,520.5
SIA,CE,202506,5018110,0206010010,35.0,3036.6
SIA,CE,202506,3021114,0206010010,62.0,5379.12
SIA,CE,202506,3021114,0206010028,58.0,5863.8
SIA,CE,202506,2529149,0206030010,240.0,33271.2
SIA,CE,202506,2554798,0211020036,395.0,2034.25
SIA,CE,202506,2529149,0206010028,160.0,16176.0
SIA,CE,202506,2552086,0206020031,20.0,2728.2
SIA,CE,202506,2479028,0206020023,24.0,2082.0
SIA,CE,202506,9411798,0211020036,170.0,875.5
SIA,CE,202506,2478994,0211020036,44.0,226.6
SIA,CE,202506,2427125,0206030037,14.0,1940.82
SIA,CE,202506,0301337,0206010010,11.0,954.36
SIA,CE,202506,2499363,0206030010,76.0,10535.88
SIA,CE,202506,2724359,0211020036,82.0,422.3
SIA,CE,202506,2529149,0206010079,2768.0,269713.92
SIA,CE,202506,2529149,0206010010,460.0,39909.6
SIA,CE,202506,2561026,0206030010,83.0,11506.29
SIA,CE,202506,2372150,0206030037,26.0,3604.38
SIA,CE,202506,2479907,0206030010,56.0,7763.28
SIA,CE,202506,4963938,0206030010,42.0,5822.46
SIA,CE,202506,2479028,0206010036,59.0,5118.84
SIA,CE,202506,2561026,0206030037,88.0,12199.44
SIA,CE,202506,2675560,0206010052,4.0,347.0
SIA,CE,202506,5018110,0206010079,166.0,16175.04
SIA,CE,202506,5018110,0206030037,104.0,14417.52
SIA,CE,202506,2415488,0211020036,344.0,1771.6
SIA,CE,202506,2529149,0206030029,70.0,6072.5
SIA,CE,202506,2480646,0206030037,9.0,1247.67
SIA,CE,202506,2528843,0206020031,6.0,818.46
SIA,CE,202506,0301337,0206030037,15.0,2079.45
SIA,CE,202506,2561492,0206020031,146.0,19915.86
SIA,CE,202506,7403224,0206030010,16.0,2218.08
SIA,CE,202506,0186392,0211020036,48.0,247.2
SIA,CE,202506,9672427,0206020023,40.0,3470.0
SIA,CE,202506,4527372,0206010079,103.0,10036.32
SIA,CE,202506,2665190,0206010079,33.0,3215.52
SIA,CE,202506,2611465,0211020036,13.0,66.95
SIA,CE,202506,9275134,0211020036,215.0,1107.25
SIA,CE,202506,2373971,0206030029,10.0,867.5
SIA,CE,202506,2564211,0206030037,185.0,25646.55
SIA,CE,202506,2526638,0206030037,11.0,1524.93
SIA,CE,202506,2561492,0206030037,158.0,21903.54
SIA,CE,202506,3021114,0206010036,22.0,1908.72
SIA,CE,202506,7403224,0206020031,18.0,2455.38
SIA,CE,202506,5370221,0211020036,2.0,10.3
SIA,CE,202506,7371888,0211020036,8.0,41.2
SIA,CE,202506,2426579,0206010028,46.0,4650.6
SIA,CE,202506,2426579,0206010079,64.0,6236.16
SIA,CE,202506,2425432,0211020036,26.0,133.9
SIA,CE,202506,2723190,0206030010,132.0,18299.16
SIA,CE,202506,2723190,0206010044,30.0,2602.5
SIA,CE,202506,2564211,0206010028,78.0,7885.8
SIA,CE,202506,4010868,0211020036,493.0,2538.95
SIA,CE,202506,2328011,0206030010,16.0,2218.08
SIA,CE,202506,7061021,0206020023,7.0,607.25
SIA,CE,202506,7051123,0206020023,3.0,260.25
SIA,CE,202506,2529149,0206020023,48.0,4164.0
SIA,CE,202506,2414848,0211020036,110.0,566.5
SIA,CE,202506,2415488,0206010079,16.0,1559.04
SIA,CE,202506,2415488,0206030010,7.0,970.41
SIA,CE,202506,2564238,0206030037,18.0,2495.34
SIA,CE,202506,2328011,0206030037,28.0,3881.64
SIA,CE,202506,2372479,0211020036,239.0,1230.85
SIA,CE,202506,4010868,0211020010,37.0,27011.48
SIA,CE,202506,2426579,0206020031,49.0,6684.09
SIA,CE,202506,2675560,0206020015,14.0,1214.5
SIA,CE,202506,2665190,0206030029,5.0,433.75
SIA,CE,202506,2561026,0206010036,17.0,1474.92
SIA,CE,202506,6376738,0206030010,6.0,831.78
SIA,CE,202506,7288921,0211020036,12.0,61.8
SIA,CE,202506,2554798,0206010010,24.0,2082.24
SIA,CE,202506,9672427,0206010052,12.0,1041.0
SIA,CE,202506,2479214,0211020010,55.0,40152.2
SIA,CE,202506,2526654,0211020036,52.0,267.8
SIA,CE,202506,2665190,0206010036,9.0,780.84
SIA,CE,202506,2480646,0206020031,13.0,1773.33
SIA,CE,202506,2480646,0206010028,10.0,1011.0
SIA,CE,202506,2528843,0206020023,1.0,86.75
SIA,CE,202506,2373971,0206010010,58.0,5032.08
SIA,CE,202506,7386257,0206030010,23.0,3188.49
SIA,CE,202506,2675560,0206010010,58.0,5032.08
SIA,CE,202506,2554798,0206010079,74.0,7210.56
SIA,CE,202506,2561352,0211020036,10.0,51.5
SIA,CE,202506,2562766,0211020036,72.0,370.8
SIA,CE,202506,2564211,0206030029,10.0,867.5
SIA,CE,202506,7047428,0206030029,7.0,607.25
SIA,CE,202506,7047428,0211020060,23.0,690.0
SIA,CE,202506,2705923,0211020036,130.0,669.5
SIA,CE,202506,2328011,0206010036,25.0,2169.0
SIA,CE,202506,2372150,0206010010,25.0,2169.0
SIA,CE,202506,2723220,0206020015,2.0,173.5
SIA,CE,202506,2528843,0206010028,7.0,707.7
SIA,CE,202506,2516632,0211020036,37.0,190.55
SIA,CE,202506,4527372,0211020036,34.0,175.1
SIA,CE,202506,2373971,0206010028,86.0,8694.6
SIA,CE,202506,0086673,0206030010,21.0,2911.23
SIA,CE,202506,5018110,0206030029,13.0,1127.75
SIA,CE,202506,2723220,0206010044,17.0,1474.75
SIA,CE,202506,2499037,0211020036,106.0,545.9
SIA,CE,202506,2328011,0206010079,43.0,4189.92
SIA,CE,202506,7386257,0206020031,29.0,3955.89
SIA,CE,202506,2723182,0211020036,6.0,30.9
SIA,CE,202506,2723220,0206020023,9.0,780.75
SIA,CE,202506,2820234,0206010095,38.0,80074.36
SIA,CE,202506,2529149,0206020015,58.0,5031.5
SIA,CE,202506,2372967,0206010044,7.0,607.25
SIA,CE,202506,2480646,0206010010,2.0,173.52
SIA,CE,202506,2811200,0206010028,53.0,5358.3
SIA,CE,202506,2562146,0211020036,11.0,56.65
SIA,CE,202506,2564238,0206010036,6.0,520.56
SIA,CE,202506,4527372,0206010044,8.0,694.0
SIA,CE,202506,2561492,0206010052,14.0,1214.5
SIA,CE,202506,2811200,0206030037,12.0,1663.56
SIA,CE,202506,2811200,0206020031,15.0,2046.15
SIA,CE,202506,2664364,0211020036,118.0,607.7
SIA,CE,202506,0301337,0206030010,10.0,1386.3
SIA,CE,202506,2427125,0206020031,12.0,1636.92
SIA,CE,202506,2560852,0206010036,10.0,867.6
SIA,CE,202506,2563460,0206010052,1.0,86.75
SIA,CE,202506,7051123,0206030010,11.0,1524.93
SIA,CE,202506,2564238,0206020031,13.0,1773.33
SIA,CE,202506,2479214,0206010052,5.0,433.75
SIA,CE,202506,7051123,0211020060,77.0,2310.0
SIA,CE,202506,2723190,0206030029,4.0,347.0
SIA,CE,202506,2415372,0211020036,38.0,195.7
SIA,CE,202506,2372150,0206010036,16.0,1388.16
SIA,CE,202506,7569793,0211020036,45.0,231.75
SIA,CE,202506,2564211,0206010036,8.0,694.08
SIA,CE,202506,2820234,0206010028,16.0,1617.6
SIA,CE,202506,2723190,0206010010,5.0,433.8
SIA,CE,202506,2554798,0206020031,35.0,4774.35
SIA,CE,202506,7047428,0206020031,4.0,545.64
SIA,CE,202506,0301337,0206030029,2.0,173.5
SIA,CE,202506,2611058,0211020036,65.0,334.75
SIA,CE,202506,2499363,0206010079,34.0,3312.96
SIA,CE,202506,2561492,0211020010,63.0,45992.52
SIA,CE,202506,2561492,0211020036,977.0,5031.55
SIA,CE,202506,4527372,0206010036,4.0,347.04
SIA,CE,202506,2806215,0206010052,4.0,347.0
SIA,CE,202506,2562227,0211020036,15.0,77.25
SIA,CE,202506,2526638,0206030010,26.0,3604.38
SIA,CE,202506,2372819,0211020036,247.0,1272.05
SIA,CE,202506,2528843,0206030029,1.0,86.75
SIA,CE,202506,2562154,0211020036,204.0,1050.6
SIA,CE,202506,6893295,0211020036,518.0,2667.7
SIA,CE,202506,2373971,0206010044,1.0,86.75
SIA,CE,202506,3541428,0206010052,3.0,260.25
SIA,CE,202506,2561492,0206030010,153.0,21210.39
SIA,CE,202506,2675560,0211020036,96.0,494.4
SIA,CE,202506,0301337,0206020031,6.0,818.46
SIA,CE,202506,2427125,0206010028,14.0,1415.4
SIA,CE,202506,2479028,0206030010,32.0,4436.16
SIA,CE,202506,2526638,0206010010,3.0,260.28
SIA,CE,202506,2526638,0206010044,31.0,2689.25
SIA,CE,202506,2563460,0206030037,6.0,831.78
SIA,CE,202506,2497654,0206010052,9.0,780.75
SIA,CE,202506,2880326,0211020036,131.0,674.65
SIA,CE,202506,7051123,0206020031,19.0,2591.79
SIA,CE,202506,2723220,0206010010,3.0,260.28
SIA,CE,202506,2564211,0206020015,7.0,607.25
SIA,CE,202506,2564734,0211020036,178.0,916.7
SIA,CE,202506,2561492,0206010044,22.0,1908.5
SIA,CE,202506,7061021,0206010052,13.0,1127.75
SIA,CE,202506,4963938,0206010052,12.0,1041.0
SIA,CE,202506,2564211,0206030010,210.0,29112.3
SIA,CE,202506,5018110,0206020031,69.0,9412.29
SIA,CE,202506,3021114,0206030037,235.0,32578.05
SIA,CE,202506,9672427,0206010044,127.0,11017.25
SIA,CE,202506,2497654,0206010044,40.0,3470.0
SIA,CE,202506,3021114,0206030010,218.0,30221.34
SIA,CE,202506,2426579,0206030010,58.0,8040.54
SIA,CE,202506,2704404,0206010044,25.0,2168.75
SIA,CE,202506,2479028,0206030037,41.0,5683.83
SIA,CE,202506,7061021,0206010044,92.0,7981.0
SIA,CE,202506,2479478,0211020036,38.0,195.7
SIA,CE,202506,2675560,0206010044,19.0,1648.25
SIA,CE,202506,2723220,0208010033,141.0,54012.87
SIA,CE,202506,7386257,0206010044,15.0,1301.25
SIA,CE,202506,2479214,0206010044,22.0,1908.5
SIA,CE,202506,2479907,0206010044,35.0,3036.25
SIA,CE,202506,2785900,0211020036,112.0,576.8
SIA,CE,202506,2373513,0211020036,71.0,365.65
SIA,CE,202506,2675560,0206020023,3.0,260.25
SIA,CE,202506,4527372,0206020031,33.0,4501.53
SIA,CE,202506,0086673,0206010044,45.0,3903.75
SIA,CE,202506,2561026,0206010028,75.0,7582.5
SIA,CE,202506,2564238,0206030010,14.0,1940.82
SIA,CE,202506,6779522,0206010044,117.0,10149.75
SIA,CE,202506,2499363,0206030037,73.0,10119.99
SIA,CE,202506,7051123,0206010044,12.0,1041.0
SIA,CE,202506,2564211,0208010025,39.0,15932.28
SIA,CE,202506,2426579,0206030037,68.0,9426.84
SIA,CE,202506,2820234,0208010033,22.0,8427.54
SIA,CE,202506,2372967,0206010010,15.0,1301.4
SIA,CE,202506,2811200,0206030010,13.0,1802.19
SIA,CE,202506,2554798,0206030037,48.0,6654.24
SIA,CE,202506,2427125,0206010079,94.0,9159.36
SIA,CE,202506,0086673,0206030029,3.0,260.25
SIA,CE,202506,2561417,0206010044,10.0,867.5
SIA,CE,202506,2560852,0206030010,26.0,3604.38
SIA,CE,202506,2563460,0206030010,8.0,1109.04
SIA,CE,202506,7403224,0206020015,2.0,173.5
SIA,CE,202506,9672427,0206020015,17.0,1474.75
SIA,CE,202506,3021114,0206010052,23.0,1995.25
SIA,CE,202506,4963938,0211020036,123.0,633.45
SIA,CE,202506,2561026,0206010044,15.0,1301.25
SIA,CE,202506,7061021,0211020036,68.0,350.2
SIA,CE,202506,7382626,0206030029,25.0,2168.75
SIA,CE,202506,6956963,0206010044,16.0,1388.0
SIA,CE,202506,2561417,0206030029,32.0,2776.0
SIA,CE,202506,6956963,0206030029,17.0,1474.75
SIA,CE,202506,9672427,0206030029,23.0,1995.25
SIA,CE,202506,2563681,0206030029,18.0,1561.5
SIA,CE,202506,2561417,0206020015,22.0,1908.5
SIA,CE,202506,3021114,0206010044,37.0,3209.75
SIA,CE,202506,6779522,0206020015,10.0,867.5
SIA,CE,202506,7382626,0206010044,18.0,1561.5
SIA,CE,202506,7051123,0206030029,4.0,347.0
SIA,CE,202506,4527372,0206010010,8.0,694.08
SIA,CE,202506,4963938,0206030029,3.0,260.25
SIA,CE,202506,6779522,0206030029,12.0,1041.0
SIA,CE,202506,7403224,0206030029,1.0,86.75
SIA,CE,202506,2425300,0211020060,19.0,570.0
SIA,CE,202506,2497654,0206030029,10.0,867.5
SIA,CE,202506,2499363,0206030029,2.0,173.5
SIA,CE,202506,5018110,0206010036,10.0,867.6
SIA,CE,202506,2426579,0206010052,10.0,867.5
SIA,CE,202506,2415488,0206020031,8.0,1091.28
SIA,CE,202506,4527372,0206020015,7.0,607.25
SIA,CE,202506,7061021,0206020015,8.0,694.0
SIA,CE,202506,2479907,0206020015,3.0,260.25
SIA,CE,202506,2479214,0206030029,1.0,86.75
SIA,CE,202506,2806215,0206010036,3.0,260.28
SIA,CE,202506,6376738,0206010079,7.0,682.08
SIA,CE,202506,7386257,0206030029,20.0,1735.0
SIA,CE,202506,2497654,0206020015,7.0,607.25
SIA,CE,202506,2479893,0211020036,106.0,545.9
SIA,CE,202506,2560852,0206010044,7.0,607.25
SIA,CE,202506,2563681,0206010044,21.0,1821.75
SIA,CE,202506,7061021,0206030029,8.0,694.0
SIA,CE,202506,2426579,0206010044,4.0,347.0
SIA,CE,202506,6779522,0211020036,113.0,581.95
SIA,CE,202506,0086673,0211020036,204.0,1050.6
SIA,CE,202506,2499363,0206010044,5.0,433.75
SIA,CE,202506,7047428,0206030037,4.0,554.52
SIA,CE,202506,6376738,0206030037,5.0,693.15
SIA,CE,202506,7403224,0206010044,5.0,433.75
SIA,CE,202506,2563681,0206020015,4.0,347.0
SIA,CE,202506,7382626,0206020015,10.0,867.5
SIA,CE,202506,2479907,0206030029,3.0,260.25
SIA,CE,202506,7386257,0206020015,6.0,520.5
SIA,CE,202506,4963938,0206010044,3.0,260.25
SIA,CE,202506,2665190,0206030010,9.0,1247.67
SIA,CE,202506,7051123,0206020015,1.0,86.75
SIA,CE,202506,6848710,0206010044,8.0,694.0
SIA,CE,202506,2480646,0206010044,13.0,1127.75
SIA,CE,202506,6956963,0206020015,3.0,260.25
SIA,CE,202506,2560852,0211020036,153.0,787.95
SIA,CE,202506,2785900,0206010044,1.0,86.75
SIA,CE,202506,7396805,0211020036,160.0,824.0
SIA,CE,202506,2427125,0211020036,244.0,1256.6
SIA,CE,202506,2372967,0206010079,41.0,3995.04
SIA,CE,202506,2372967,0206030037,32.0,4436.16
SIA,CE,202506,0183229,0211020036,313.0,1611.95
SIA,CE,202506,2526638,0206010079,61.0,5943.84
SIA,CE,202506,2675560,0206020031,88.0,12004.08
SIA,CE,202506,2561492,0206010079,55.0,5359.2
SIA,CE,202506,9787399,0211020036,255.0,1313.25
SIA,CE,202506,2552086,0206030037,4.0,554.52
SIA,CE,202506,2427125,0206030010,50.0,6931.5
SIA,CE,202506,6848710,0211020036,49.0,252.35
SIA,CE,202506,2560852,0206030037,13.0,1802.19
SIA,CE,202506,3541428,0206010028,15.0,1516.5
SIA,CE,202506,2372150,0206010028,64.0,6470.4
SIA,CE,202506,2328429,0211020036,22.0,113.3
SIA,CE,202506,4913272,0211020036,102.0,525.3
SIA,CE,202506,2841118,0211020036,4.0,20.6
SIA,CE,202506,3541428,0206010036,2.0,173.52
SIA,CE,202506,2373971,0206010079,166.0,16175.04
SIA,CE,202506,7047428,0206010079,10.0,974.4
SIA,CE,202506,2820234,0208010025,22.0,8987.44
SIA,CE,202506,5018110,0206020023,10.0,867.5
SIA,CE,202506,5018110,0206020015,13.0,1127.75
SIA,CE,202506,2723220,0208010025,140.0,57192.8
SIA,CE,202506,2333880,0211020036,64.0,329.6
SIA,CE,202506,2563460,0206020031,5.0,682.05
SIA,CE,202506,2806215,0206010028,31.0,3134.1
SIA,CE,202506,2564211,0206010052,56.0,4858.0
SIA,CE,202506,2561336,0211020036,69.0,355.35
SIA,CE,202506,0228753,0211020036,100.0,515.0
SIA,CE,202506,4527372,0206020023,1.0,86.75
SIA,CE,202506,9672427,0206010079,373.0,36345.12
SIA,CE,202506,9672427,0206030037,197.0,27310.11
SIA,CE,202506,2479907,0206030037,45.0,6238.35
SIA,CE,202506,0086673,0206030037,37.0,5129.31
SIA,CE,202506,2561417,0206010079,228.0,22216.32
SIA,CE,202506,2497654,0206010079,408.0,39755.52
SIA,CE,202506,2563681,0206030037,67.0,9288.21
SIA,CE,202506,2723220,0211020036,306.0,1575.9
SIA,CE,202506,2425343,0211020036,110.0,566.5
SIA,CE,202506,7389272,0211020036,200.0,1030.0
SIA,CE,202506,7988400,0211020036,314.0,1617.1
SIA,CE,202506,6779522,0206030037,162.0,22458.06
SIA,CE,202506,2785900,0206030037,19.0,2633.97
SIA,CE,202506,6779522,0206010079,586.0,57099.84
SIA,CE,202506,6848710,0206030037,96.0,13308.48
SIA,CE,202506,2563681,0206010079,176.0,17149.44
SIA,CE,202506,7403224,0206010079,36.0,3507.84
SIA,CE,202506,7382626,0206010079,108.0,10523.52
SIA,CE,202506,0086673,0206010079,25.0,2436.0
SIA,CE,202506,2479214,0206010079,85.0,8282.4
SIA,CE,202506,4527372,0206010028,36.0,3639.6
SIA,CE,202506,7051123,0206010079,61.0,5943.84
SIA,CE,202506,7061021,0206010079,295.0,28744.8
SIA,CE,202506,7061021,0206030037,180.0,24953.4
SIA,CE,202506,2561344,0211020036,59.0,303.85
SIA,CE,202506,3541428,0206010044,3.0,260.25
SIA,CE,202506,2806215,0206010044,3.0,260.25
SIA,CE,202506,2372967,0206020031,9.0,1227.69
SIA,CE,202506,5018110,0206030010,92.0,12753.96
SIA,CE,202506,2528843,0206010079,21.0,2046.24
SIA,CE,202506,2497654,0206030037,137.0,18992.31
SIA,CE,202506,7382626,0206030037,32.0,4436.16
SIA,CE,202506,2675560,0206030037,131.0,18160.53
SIA,CE,202506,2560852,0206020031,21.0,2864.61
SIA,CE,202506,2785900,0206010079,9.0,876.96
SIA,CE,202506,2528843,0206010044,5.0,433.75
SIA,CE,202506,6619908,0211020036,6.0,30.9
SIA,CE,202506,2722917,0211020036,481.0,2477.15
SIA,CE,202506,0301337,0206010044,7.0,607.25
SIA,CE,202506,2564238,0206010028,17.0,1718.7
SIA,CE,202506,7434472,0211020036,407.0,2096.05
SIA,CE,202506,2526638,0206010028,33.0,3336.3
SIA,CE,202506,2723190,0206010079,44.0,4287.36
SIA,CE,202506,2562871,0211020036,218.0,1122.7
SIA,CE,202506,2479907,0206010079,52.0,5066.88
SIA,CE,202506,4527372,0206030037,30.0,4158.9
SIA,CE,202506,2415488,0206010044,3.0,260.25
SIA,CE,202506,2427125,0206010010,4.0,347.04
SIA,CE,202506,2723190,0206020015,4.0,347.0
SIA,CE,202506,2373971,0206030010,8.0,1109.04
SIA,CE,202506,2372150,0206020015,7.0,607.25
SIA,CE,202506,6956963,0206010079,100.0,9744.0
SIA,CE,202506,7386257,0206030037,36.0,4990.68
SIA,CE,202506,2373971,0206020023,7.0,607.25
SIA,CE,202506,2561425,0206010010,1.0,86.76
SIA,CE,202506,2806215,0206010010,9.0,780.84
SIA,CE,202506,6376738,0206010028,5.0,505.5
SIA,CE,202506,2328011,0206030029,9.0,780.75
SIA,CE,202506,4527372,0206030029,6.0,520.5
SIA,CE,202506,7386257,0206020023,4.0,347.0
SIA,CE,202506,2372150,0206030010,21.0,2911.23
SIA,CE,202506,2723220,0206010079,50.0,4872.0
SIA,CE,202506,2372150,0206030029,12.0,1041.0
SIA,CE,202506,3541428,0206030029,7.0,607.25
SIA,CE,202506,2372150,0206020031,12.0,1636.92
SIA,CE,202506,2427125,0206030029,2.0,173.5
SIA,CE,202506,2480646,0206010079,57.0,5554.08
SIA,CE,202506,2427125,0206010036,4.0,347.04
SIA,CE,202506,2426579,0206010010,14.0,1214.64
SIA,CE,202506,2328011,0206020031,14.0,1909.74
SIA,CE,202506,7710941,0211020036,393.0,2023.95
SIA,CE,202506,2427125,0206010044,4.0,347.0
SIA,CE,202506,2372622,0211020036,55.0,283.25
SIA,CE,202506,2806215,0206020031,32.0,4365.12
SIA,CE,202506,7051123,0206030037,21.0,2911.23
SIA,CE,202506,7047428,0211020036,659.0,3393.85
SIA,CE,202506,3541428,0206020031,26.0,3546.66
SIA,CE,202506,2564580,0211020036,63.0,324.45
SIA,CE,202506,0959529,0211020036,9.0,46.35
SIA,CE,202506,2564211,0206020023,1.0,86.75
SIA,CE,202506,4963938,0206030037,32.0,4436.16
SIA,CE,202506,0301337,0206010079,11.0,1071.84
SIA,CE,202506,2611686,0211020036,1.0,5.15
SIA,CE,202506,3384993,0211020036,323.0,1663.45
SIA,CE,202506,2561409,0211020036,100.0,515.0
SIA,CE,202506,2328011,0206020015,2.0,173.5
SIA,CE,202506,7047428,0206030010,1.0,138.63
SIA,CE,202506,3541428,0206030010,43.0,5961.09
SIA,CE,202506,2528843,0206010010,1.0,86.76
SIA,CE,202506,2561417,0206030037,33.0,4574.79
SIA,CE,202506,2372967,0206010036,1.0,86.76
SIA,CE,202506,6848710,0206010079,113.0,11010.72
SIA,CE,202506,6956963,0206030037,70.0,9704.1
SIA,CE,202506,7403224,0206030037,18.0,2495.34
SIA,CE,202506,4527372,0206010052,2.0,173.5
SIA,CE,202506,2806215,0206030010,86.0,11922.18
SIA,CE,202506,6779522,0206020023,9.0,780.75
SIA,CE,202506,7386257,0206010079,93.0,9061.92
SIA,CE,202506,2561492,0206010028,15.0,1516.5
SIA,CE,202506,2665190,0206010010,7.0,607.32
SIA,CE,202506,2554798,0206030029,7.0,607.25
SIA,CE,202506,2564211,0206010010,18.0,1561.68
SIA,CE,202506,2479214,0206030037,12.0,1663.56
SIA,CE,202506,7047428,0206010028,1.0,101.1
SIA,CE,202506,2561026,0206020031,24.0,3273.84
SIA,CE,202506,2554798,0206010036,9.0,780.84
SIA,CE,202506,2554798,0206030010,8.0,1109.04
SIA,CE,202506,2554798,0206010044,12.0,1041.0
SIA,CE,202506,3021114,0206020015,3.0,260.25
SIA,CE,202506,2479214,0205010016,5.0,825.0
SIA,CE,202506,2811200,0206010010,9.0,780.84
SIA,CE,202506,6125972,0211020036,55.0,283.25
SIA,CE,202506,2723190,0206010028,15.0,1516.5
SIA,CE,202506,2516640,0211020036,15.0,77.25
SIA,CE,202506,2479710,0211020036,214.0,1102.1
SIA,CE,202506,4527372,0206030010,25.0,3465.75
SIA,CE,202506,2561948,0211020036,8.0,41.2
SIA,CE,202506,2564238,0206010010,9.0,780.84
SIA,CE,202506,2665190,0206030037,7.0,970.41
SIA,CE,202506,2372967,0206020023,2.0,173.5
SIA,CE,202506,2528673,0211020036,113.0,581.95
SIA,CE,202506,2528843,0206020015,1.0,86.75
SIA,CE,202506,2528843,0206030010,6.0,831.78
SIA,CE,202506,2479907,0206010052,2.0,173.5
SIA,CE,202506,2480646,0206010036,1.0,86.76
SIA,CE,202506,3759148,0211020036,95.0,489.25
SIA,CE,202506,2372487,0211020036,153.0,787.95
SIA,CE,202506,2426455,0211020036,50.0,257.5
SIA,CE,202506,2426579,0206020015,2.0,173.5
SIA,CE,202506,3541428,0206010010,2.0,173.52
SIA,CE,202506,4963938,0206010079,3.0,292.32
SIA,CE,202506,2374064,0211020036,137.0,705.55
SIA,CE,202506,2664283,0211020036,25.0,128.75
SIA,CE,202506,2328003,0211020036,218.0,1122.7
SIA,CE,202506,2611643,0211020036,39.0,200.85
SIA,CE,202506,2563487,0211020036,82.0,422.3
SIA,CE,202506,2425300,0211020010,41.0,29931.64
SIA,CE,202506,2373971,0206020015,4.0,347.0
SIA,CE,202506,2426315,0211020036,340.0,1751.0
SIA,CE,202506,2723255,0211020036,200.0,1030.0
SIA,CE,202506,9169695,0211020036,171.0,880.65
SIA,CE,202506,2724308,0211020036,171.0,880.65
SIA,CE,202506,2479028,0206020031,1.0,136.41
SIA,CE,202506,2560984,0206010028,1.0,101.1
SIA,CE,202506,7077971,0211020036,200.0,1030.0
SIA,CE,202506,2561050,0211020036,92.0,473.8
SIA,CE,202506,2561425,0206020031,1.0,136.41
SIA,CE,202506,2554518,0211020036,95.0,489.25
SIA,CE,202506,2327961,0211020036,123.0,633.45
SIA,CE,202506,6848710,0206010052,2.0,173.5
SIA,CE,202506,7428383,0211020036,1.0,5.15
SIA,CE,202506,2664690,0211020036,121.0,623.15
SIA,CE,202506,6668828,0211020036,7.0,36.05
SIA,CE,202506,2806215,0206030029,6.0,520.5
SIA,CE,202506,7396732,0211020036,62.0,319.3
SIA,CE,202506,2664151,0211020036,100.0,515.0
SIA,CE,202506,2811200,0206010036,4.0,347.04
SIA,CE,202506,2562499,0211020036,1.0,5.15
SIA,CE,202506,4010868,0211020060,44.0,1320.0
SIA,CE,202506,2480646,0206020015,1.0,86.75
SIA,CE,202506,2664666,0211020036,40.0,206.0
SIA,CE,202506,9190201,0211020036,9.0,46.35
SIA,CE,202506,2806215,0211020036,581.0,2992.15
SIA,CE,202506,5018110,0206010044,6.0,520.5
SIA,CE,202506,2664372,0211020036,341.0,1756.15
SIA,CE,202506,2723611,0211020036,74.0,381.1
SIA,CE,202506,6956963,0206010010,41.0,3557.16
SIA,CE,202506,7403224,0206010010,7.0,607.32
SIA,CE,202506,7382626,0206010028,127.0,12839.7
SIA,CE,202506,6848710,0206010010,4.0,347.04
SIA,CE,202506,7386257,0206010028,146.0,14760.6
SIA,CE,202506,4010825,0211020036,85.0,437.75
SIA,CE,202506,2563347,0211020036,28.0,144.2
SIA,CE,202506,9672427,0206010010,100.0,8676.0
SIA,CE,202506,6956963,0206010028,207.0,20927.7
SIA,CE,202506,7051123,0206010028,76.0,7683.6
SIA,CE,202506,6779522,0206010010,40.0,3470.4
SIA,CE,202506,2561417,0206010028,116.0,11727.6
SIA,CE,202506,9672427,0206010028,86.0,8694.6
SIA,CE,202506,2563681,0206010010,12.0,1041.12
SIA,CE,202506,2561425,0206030037,2.0,277.26
SIA,CE,202506,7403224,0206010028,39.0,3942.9
SIA,CE,202506,7386257,0206010010,31.0,2689.56
SIA,CE,202506,2479028,0206010044,5.0,433.75
SIA,CE,202506,7051123,0206010010,14.0,1214.64
SIA,CE,202506,2497654,0206010028,23.0,2325.3
SIA,CE,202506,2479907,0206010028,17.0,1718.7
SIA,CE,202506,0086673,0206010028,13.0,1314.3
SIA,CE,202506,2561417,0206010010,24.0,2082.24
SIA,CE,202506,7382626,0206010010,75.0,6507.0
SIA,CE,202506,6779522,0206010028,31.0,3134.1
SIA,CE,202506,2425599,0211020036,148.0,762.2
SIA,CE,202506,7061021,0206010010,45.0,3904.2
SIA,CE,202506,2562316,0211020036,621.0,3198.15
SIA,CE,202506,2478277,0211020036,1.0,5.15
SIA,CE,202506,2527413,0211020036,48.0,247.2
SIA,CE,202506,2552086,0211020036,428.0,2204.2
SIA,CE,202506,2611252,0211020036,3.0,15.45
SIA,CE,202506,2479907,0206010010,8.0,694.08
SIA,CE,202506,2497654,0206010010,16.0,1388.16
SIA,CE,202506,5393027,0211020036,200.0,1030.0
SIA,CE,202506,6848710,0206010028,5.0,505.5
SIA,CE,202506,2479214,0206010010,9.0,780.84
SIA,CE,202506,2563681,0206010028,9.0,909.9
SIA,CE,202506,5314194,0211020036,99.0,509.85
SIA,CE,202506,0086673,0206010010,5.0,433.8
SIA,CE,202506,7061021,0206010028,20.0,2022.0
SIA,CE,202506,2526662,0206010079,1.0,97.44
SIA,CE,202506,2564769,0211020036,282.0,1452.3
SIA,CE,202506,2478080,0211020036,190.0,978.5
SIA,CE,202506,2427125,0206020015,1.0,86.75
SIA,CE,202506,2499363,0206020023,1.0,86.75
SIA,CE,202506,2561026,0206010052,3.0,260.25
SIA,CE,202506,2665190,0206020031,3.0,409.23
SIA,CE,202506,0301337,0206020023,1.0,86.75
SIA,CE,202506,6405428,0211020060,7.0,210.0
SIA,CE,202506,2560984,0211020036,174.0,896.1
SIA,CE,202506,4010779,0211020036,226.0,1163.9
SIA,CE,202506,2785900,0206010028,4.0,404.4
SIA,CE,202506,2426072,0211020036,5.0,25.75
SIA,CE,202506,2610523,0211020036,28.0,144.2
SIA,CE,202506,2560984,0206010079,2.0,194.88
SIA,CE,202506,2328011,0206010044,5.0,433.75
SIA,CE,202506,2561018,0211020036,120.0,618.0
SIA,CE,202506,2723220,0206030029,2.0,173.5
SIA,CE,202506,2563460,0211020036,96.0,494.4
SIA,CE,202506,6779522,0206010052,5.0,433.75
SIA,CE,202506,4653483,0211020036,200.0,1030.0
SIA,CE,202506,2665190,0206020015,1.0,86.75
SIA,CE,202506,2427176,0211020036,70.0,360.5
SIA,CE,202506,2479028,0211020036,286.0,1472.9
SIA,CE,202506,2564211,0211020036,189.0,973.35
SIA,CE,202506,2479214,0206010028,6.0,606.6
SIA,CE,202506,2499363,0206010052,1.0,86.75
SIA,CE,202506,2785900,0206010052,2.0,173.5
SIA,CE,202506,2560852,0206030029,2.0,173.5
SIA,CE,202506,7320418,0211020060,20.0,600.0
SIA,CE,202506,2560852,0206020015,1.0,86.75
SIA,CE,202506,2561492,0206010060,1.0,97.44
SIA,CE,202506,0263672,0211020036,552.0,2842.8
SIA,CE,202506,6632513,0211020060,25.0,750.0
SIA,CE,202506,4963938,0206010028,1.0,101.1
SIA,CE,202506,2479427,0211020036,50.0,257.5
SIA,CE,202506,2785900,0206010010,2.0,173.52
SIA,CE,202506,0301337,0206020015,1.0,86.75
SIA,CE,202506,7403224,0206010052,2.0,173.5
SIA,CE,202506,7382626,0206010052,1.0,86.75
SIA,CE,202506,2563460,0206010028,3.0,303.3
SIA,CE,202506,2563681,0206010052,1.0,86.75
SIA,CE,202506,2479907,0206020023,1.0,86.75
SIA,CE,202506,2499363,0206010028,4.0,404.4
SIA,CE,202506,2479214,0211020060,238.0,7140.0
SIA,CE,202506,7376928,0211020060,11.0,330.0
SIA,CE,202506,6376738,0206010036,1.0,86.76
SIA,CE,202506,2561328,0211020036,332.0,1709.8
SIA,CE,202506,2426579,0206010036,6.0,520.56
SIA,CE,202506,2528843,0206010052,1.0,86.75
SIA,CE,202506,6778798,0211020060,40.0,1200.0
SIA,CE,202506,7403224,0211020060,29.0,870.0
SIA,CE,202506,2563460,0206010010,1.0,86.76
SIA,CE,202506,2499363,0206010010,2.0,173.52
SIA,CE,202506,2563460,0206010036,2.0,173.52
SIA,CE,202506,2479907,0211020060,74.0,2220.0
SIA,CE,202506,7386257,0206010052,2.0,173.5
SIA,CE,202506,3302490,0211020036,128.0,659.2
SIA,CE,202506,2414996,0211020036,26.0,133.9
SIA,CE,202506,7382626,0211020060,26.0,780.0
SIA,CE,202506,2480646,0206030029,1.0,86.75
SIA,CE,202506,2552191,0211020036,66.0,339.9
SIA,CE,202506,2527693,0211020036,221.0,1138.15
SIA,CE,202506,2563460,0206030029,2.0,173.5
SIA,CE,202506,6956963,0206010052,1.0,86.75
SIA,CE,202506,7044674,0211020060,28.0,840.0
SIA,CE,202506,2415488,0206010060,2.0,194.88
SIA,CE,202506,6376738,0206030029,1.0,86.75
SIA,CE,202506,2415488,0206010010,3.0,260.28
SIA,CE,202506,6376738,0206010010,2.0,173.52
SIA,CE,202506,2723212,0211020036,3.0,15.45
SIA,CE,202506,2561395,0211020036,387.0,1993.05
SIA,CE,202506,3283437,0211020036,101.0,520.15
SIA,CE,202506,2563460,0206010044,1.0,86.75
SIA,CE,202506,7429398,0211020036,448.0,2307.2
SIA,CE,202506,2561417,0206010052,1.0,86.75
SIA,CE,202506,2481073,0211020036,114.0,587.1
SIA,CE,202506,6848710,0206030029,1.0,86.75
SIA,CE,202506,0086673,0206010052,1.0,86.75
SIA,CE,202506,2499363,0206020015,1.0,86.75
SIA,CE,202506,2516667,0211020036,100.0,515.0
SIA,CE,202506,7993218,0211020036,600.0,3090.0
SIA,CE,202506,2415623,0211020036,1.0,5.15
SIA,CE,202506,2328399,0211020036,2.0,10.3
SIA,CE,202506,7381158,0211020036,228.0,1174.2
SIA,CE,202506,2564238,0206010079,221.0,21534.24
SIA,CE,202506,2564211,0208010033,39.0,14939.73
SIA,CE,202506,9361359,0211020036,100.0,515.0
SIA,CE,202506,2372967,0206010028,15.0,1516.5
SIA,CE,202506,2527707,0211020036,667.0,3435.05
SIA,CE,202506,2811200,0206010044,6.0,520.5
SIA,CE,202506,2564211,0206010079,106.0,10328.64
SIA,CE,202506,2561417,0206010036,24.0,2082.24
SIA,CE,202506,2560852,0206010079,109.0,10620.96
SIA,CE,202506,2554798,0206010028,87.0,8795.7
SIA,CE,202506,2528916,0211020036,1.0,5.15
SIA,CE,202506,2372150,0206010079,48.0,4677.12
SIA,CE,202506,2723220,0206010036,11.0,954.36
SIA,CE,202506,2811200,0206010079,33.0,3215.52
SIA,CE,202506,2372967,0211020036,58.0,298.7
SIA,CE,202506,9939938,0211020036,1.0,5.15
SIA,CE,202506,2372967,0206030010,10.0,1386.3
SIA,CE,202506,2563460,0206010079,9.0,876.96
SIA,CE,202506,6956963,0206010036,32.0,2776.32
SIA,CE,202506,7382626,0206010036,25.0,2169.0
SIA,CE,202506,7386257,0206010036,24.0,2082.24
SIA,CE,202506,2564211,0206010044,22.0,1908.5
SIA,CE,202506,2481286,0205010016,1.0,165.0
SIA,CE,202506,2560828,0211020036,79.0,406.85
SIA,CE,202506,4226267,0211020036,102.0,525.3
SIA,CE,202506,2552086,0206030010,10.0,1386.3
SIA,CE,202506,6848710,0206010036,2.0,173.52
SIA,CE,202506,7043597,0211020036,88.0,453.2
SIA,CE,202506,2561069,0211020036,241.0,1241.15
SIA,CE,202506,9672427,0206010036,24.0,2082.24
SIA,CE,202506,6779522,0206010036,11.0,954.36
SIA,CE,202506,2561026,0206020023,14.0,1214.5
SIA,CE,202506,3541428,0206010079,31.0,3020.64
SIA,CE,202506,2561468,0211020036,3.0,15.45
SIA,CE,202506,2806339,0211020036,37.0,190.55
SIA,CE,202506,2806215,0206010079,73.0,7113.12
SIA,CE,202506,2333813,0211020036,93.0,478.95
SIA,CE,202506,2723190,0206010036,14.0,1214.64
SIA,CE,202506,2415488,0206030037,6.0,831.78
SIA,CE,202506,2373971,0206010036,28.0,2429.28
SIA,CE,202506,0086673,0206010036,1.0,86.76
SIA,CE,202506,2333902,0211020036,27.0,139.05
SIA,CE,202506,2415488,0206010028,8.0,808.8
SIA,CE,202506,7514948,0211020036,527.0,2714.05
SIA,CE,202506,2675560,0206030029,27.0,2342.25
SIA,CE,202506,7434308,0211020036,600.0,3090.0
SIA,CE,202506,2560852,0206010028,42.0,4246.2
SIA,CE,202506,4665406,0211020036,69.0,355.35
SIA,CE,202506,2427133,0211020036,5.0,25.75
SIA,CE,202506,2562138,0211020036,31.0,159.65
SIA,CE,202506,2561425,0211020036,76.0,391.4
SIA,CE,202506,9280669,0211020036,31.0,159.65
SIA,CE,202506,2516683,0211020036,20.0,103.0
SIA,CE,202506,7061021,0206010036,13.0,1127.88
SIA,CE,202506,2563681,0206010036,7.0,607.32
SIA,CE,202506,2373971,0211020036,432.0,2224.8
SIA,CE,202506,2564238,0206010044,10.0,867.5
SIA,CE,202506,2526638,0206010036,7.0,607.32
SIA,CE,202506,2651394,0211020036,141.0,726.15
SIA,CE,202506,2529068,0211020036,2.0,10.3
SIA,CE,202506,2371847,0211020036,131.0,674.65
SIA,CE,202506,2425300,0205010016,12.0,1980.0
SIA,CE,202506,9241477,0211020036,50.0,257.5
SIA,CE,202506,9526293,0211020036,389.0,2003.35
SIA,CE,202506,2328402,0211020036,148.0,762.2
SIA,CE,202506,2372967,0206030029,10.0,867.5
SIA,CE,202506,2528843,0206030037,1.0,138.63
SIA,CE,202506,2333856,0211020036,23.0,118.45
SIA,CE,202506,2372509,0211020036,37.0,190.55
SIA,CE,202506,2529149,0211020036,112.0,576.8
SIA,CE,202506,4010833,0211020036,28.0,144.2
SIA,CE,202506,2479907,0206010036,4.0,347.04
SIA,CE,202506,2561298,0211020036,49.0,252.35
SIA,CE,202506,2561026,0206030029,10.0,867.5
SIA,CE,202506,0951021,0211020036,21.0,108.15
SIA,CE,202506,2372568,0211020036,150.0,772.5
SIA,CE,202506,2560992,0211020036,25.0,128.75
SIA,CE,202506,9672427,0211020036,95.0,489.25
SIA,CE,202506,6632513,0211020036,138.0,710.7
SIA,CE,202506,7072341,0211020036,371.0,1910.65
SIA,CE,202506,7018800,0211020036,549.0,2827.35
SIA,CE,202506,2562200,0211020036,115.0,592.25
SIA,CE,202506,6778798,0211020036,393.0,2023.95
SIA,CE,202506,2497654,0211020036,1256.0,6468.4
SIA,CE,202506,2726351,0211020036,104.0,535.6
SIA,CE,202506,7382626,0211020036,12.0,61.8
SIA,CE,202506,0454788,0211020036,13.0,66.95
SIA,CE,202506,6376738,0206020031,6.0,818.46
SIA,CE,202506,7051123,0211020036,192.0,988.8
SIA,CE,202506,7057083,0211020036,222.0,1143.3
SIA,CE,202506,2499363,0211020036,187.0,963.05
SIA,CE,202506,7262698,0211020036,43.0,221.45
SIA,CE,202506,7376928,0211020036,272.0,1400.8
SIA,CE,202506,2372673,0211020036,20.0,103.0
SIA,CE,202506,2480646,0206030010,5.0,693.15
SIA,CE,202506,7006810,0211020036,369.0,1900.35
SIA,CE,202506,7398204,0211020036,105.0,540.75
SIA,CE,202506,7980310,0211020036,600.0,3090.0
SIA,CE,202506,2497654,0206010036,11.0,954.36
SIA,CE,202506,5018110,0206010052,1.0,86.75
SIA,CE,202506,7403224,0211020036,340.0,1751.0
SIA,CE,202506,7405529,0211020036,152.0,782.8
SIA,CE,202506,2333740,0211020036,1.0,5.15
SIA,CE,202506,2481375,0211020036,93.0,478.95
SIA,CE,202506,7360851,0211020036,549.0,2827.35
SIA,CE,202506,2479907,0211020036,358.0,1843.7
SIA,CE,202506,6697518,0211020036,303.0,1560.45
SIA,CE,202506,7320418,0211020036,104.0,535.6
SIA,CE,202506,7420501,0211020036,306.0,1575.9
SIA,CE,202506,7274440,0211020036,357.0,1838.55
SIA,CE,202506,6985483,0211020036,367.0,1890.05
SIA,CE,202506,2328070,0211020036,138.0,710.7
SIA,CE,202506,7044674,0211020036,118.0,607.7
SIA,CE,202506,2426579,0206030029,2.0,173.5
SIA,CE,202506,2563681,0211020036,120.0,618.0
SIA,CE,202506,2328437,0211020036,50.0,257.5
SIA,CE,202506,2479214,0211020036,10037.0,51690.55
SIA,CE,202506,0310921,0211020036,289.0,1488.35
SIA,CE,202506,2554623,0211020036,82.0,422.3
SIA,CE,202506,2479419,0211020036,122.0,628.3
SIA,CE,202506,7890389,0211020036,39.0,200.85
SIA,CE,202506,6956963,0211020036,90.0,463.5
SIA,CE,202506,2611775,0211020036,73.0,375.95
SIA,CE,202506,7469683,0211020036,74.0,381.1
SIA,CE,202506,6999506,0211020036,418.0,2152.7
SIA,CE,202506,2561417,0211020036,35.0,180.25
SIA,CE,202506,7051123,0206010036,2.0,173.52
SIA,CE,202506,2499363,0206010036,3.0,260.28
SIA,CE,202506,2560852,0206010052,6.0,520.5
SIA,CE,202506,2526670,0211020036,30.0,154.5
SIA,CE,202506,2527677,0211020036,307.0,1581.05
SIA,CE,202506,2611481,0211020036,153.0,787.95
SIA,CE,202506,2528843,0206010036,1.0,86.76
SIA,CE,202506,7403224,0206010036,4.0,347.04
SIA,CE,202506,2529556,0211020036,312.0,1606.8
SIA,CE,202506,2414864,0211020036,40.0,206.0
SIA,CE,202506,2328445,0211020036,10.0,51.5
SIA,CE,202506,2328046,0211020036,224.0,1153.6
SIA,CE,202506,2478374,0211020036,56.0,288.4
SIA,CE,202506,2849798,0211020036,197.0,1014.55
SIA,CE,202506,2333864,0211020036,100.0,515.0
SIA,CE,202506,7396368,0211020036,291.0,1498.65
SIA,CE,202506,2561492,0206010036,2.0,173.52
SIA,CE,202506,2998890,0211020036,180.0,927.0
SIA,CE,202506,5077680,0211020036,2.0,10.3
SIA,CE,202506,0301337,0206010036,2.0,173.52
SIA,CE,202506,2499339,0211020036,189.0,973.35
SIA,CE,202506,7103255,0211020036,583.0,3002.45
SIA,CE,202506,2611295,0211020036,196.0,1009.4
SIA,CE,202506,2372460,0211020036,62.0,319.3
SIA,CE,202506,6405428,0211020036,74.0,381.1
SIA,CE,202506,2372495,0211020036,83.0,427.45
SIA,CE,202506,2564238,0206010052,1.0,86.75
SIA,CE,202506,5105315,0211020036,84.0,432.6
SIA,CE,202506,2373270,0211020036,2.0,10.3
SIA,CE,202506,2561042,0211020036,32.0,164.8
SIA,CE,202506,2480646,0211020036,236.0,1215.4
SIA,CE,202506,2427184,0211020036,45.0,231.75
SIA,CE,202506,2527669,0211020036,28.0,144.2
SIA,CE,202506,2373475,0211020036,80.0,412.0
SIA,CE,202506,2695839,0211020036,178.0,916.7
SIA,CE,202506,2561441,0211020036,246.0,1266.9
SIA,CE,202506,2726319,0211020036,18.0,92.7
SIA,CE,202506,2561891,0211020036,146.0,751.9
SIA,CE,202506,2561425,0206030010,1.0,138.63
SIA,CE,202506,2785900,0206010036,1.0,86.76
SIA,CE,202506,2560984,0206030010,1.0,138.63
SIA,CE,202506,5723507,0211020036,164.0,844.6
SIA,CE,202507,2527707,0211020036,302.0,1555.3
SIA,CE,202507,2333902,0211020036,49.0,252.35
SIA,CE,202507,2561018,0211020036,175.0,901.25
SIA,CE,202507,7389272,0211020036,200.0,1030.0
SIA,CE,202507,2526662,0211020036,318.0,1637.7
SIA,CE,202507,2563681,0206010079,177.0,17246.88
SIA,CE,202507,2563681,0206020023,3.0,260.25
SIA,CE,202507,2563681,0206020031,66.0,9003.06
SIA,CE,202507,2563681,0206030010,93.0,12892.59
SIA,CE,202507,2563681,0206010010,18.0,1561.68
SIA,CE,202507,2611775,0211020036,193.0,993.95
SIA,CE,202507,2563681,0206030037,99.0,13724.37
SIA,CE,202507,2479214,0206030010,81.0,11229.03
SIA,CE,202507,2479214,0206020031,649.0,88530.09
SIA,CE,202507,2479214,0206010028,22.0,2224.2
SIA,CE,202507,6956963,0206010028,260.0,26286.0
SIA,CE,202507,6956963,0206010036,24.0,2082.24
SIA,CE,202507,6956963,0206010044,23.0,1995.25
SIA,CE,202507,2723220,0208010033,154.0,58992.78
SIA,CE,202507,2723220,0206030010,500.0,69315.0
SIA,CE,202507,2529149,0206010010,318.0,27589.68
SIA,CE,202507,2529149,0206020031,242.0,33011.22
SIA,CE,202507,2723220,0206020031,500.0,68205.0
SIA,CE,202507,2723220,0206030037,405.0,56145.15
SIA,CE,202507,2529149,0206010079,2365.0,230445.6
SIA,CE,202507,2611309,0206020031,138.0,18824.58
SIA,CE,202507,2611309,0206010079,223.0,21729.12
SIA,CE,202507,0301337,0206010010,20.0,1735.2
SIA,CE,202507,2529149,0206010044,469.0,40685.75
SIA,CE,202507,2611309,0206030010,207.0,28696.41
SIA,CE,202507,2478307,0211020036,25.0,128.75
SIA,CE,202507,2723220,0206010036,16.0,1388.16
SIA,CE,202507,2723220,0211020036,306.0,1575.9
SIA,CE,202507,0301337,0206020031,7.0,954.87
SIA,CE,202507,7051123,0206020031,13.0,1773.33
SIA,CE,202507,6848710,0206010079,82.0,7990.08
SIA,CE,202507,7420501,0206010028,349.0,35283.9
SIA,CE,202507,6848710,0206010044,13.0,1127.75
SIA,CE,202507,0301337,0206010079,26.0,2533.44
SIA,CE,202507,2529149,0206010028,127.0,12839.7
SIA,CE,202507,2564211,0206030010,308.0,42698.04
SIA,CE,202507,2806215,0206010079,45.0,4384.8
SIA,CE,202507,2479214,0206010079,105.0,10231.2
SIA,CE,202507,2563681,0206010044,18.0,1561.5
SIA,CE,202507,6848710,0206010036,1.0,86.76
SIA,CE,202507,7420501,0206030037,183.0,25369.29
SIA,CE,202507,7382626,0206020031,34.0,4637.94
SIA,CE,202507,7420501,0206010079,231.0,22508.64
SIA,CE,202507,6848710,0206030037,70.0,9704.1
SIA,CE,202507,6956963,0206010010,85.0,7374.6
SIA,CE,202507,2497654,0206010044,74.0,6419.5
SIA,CE,202507,2564211,0206020031,380.0,51835.8
SIA,CE,202507,7420501,0206030010,156.0,21626.28
SIA,CE,202507,7382626,0206010028,120.0,12132.0
SIA,CE,202507,7420501,0206020031,129.0,17596.89
SIA,CE,202507,7382626,0206010036,34.0,2949.84
SIA,CE,202507,2563681,0206010036,11.0,954.36
SIA,CE,202507,2497654,0206010079,483.0,47063.52
SIA,CE,202507,7382626,0206010079,108.0,10523.52
SIA,CE,202507,7420501,0206030029,53.0,4597.75
SIA,CE,202507,7382626,0206030010,34.0,4713.42
SIA,CE,202507,2497654,0206030010,301.0,41727.63
SIA,CE,202507,2497654,0206030037,193.0,26755.59
SIA,CE,202507,2497654,0206020031,190.0,25917.9
SIA,CE,202507,2479214,0206010052,5.0,433.75
SIA,CE,202507,2426579,0206010028,33.0,3336.3
SIA,CE,202507,2723220,0206010052,81.0,7026.75
SIA,CE,202507,2529149,0206030029,40.0,3470.0
SIA,CE,202507,2529149,0206010052,73.0,6332.75
SIA,CE,202507,2497654,0206030029,6.0,520.5
SIA,CE,202507,2526662,0206030010,1.0,138.63
SIA,CE,202507,2724359,0211020036,87.0,448.05
SIA,CE,202507,2806215,0206030037,43.0,5961.09
SIA,CE,202507,2516640,0211020036,21.0,108.15
SIA,CE,202507,7710941,0211020036,342.0,1761.3
SIA,CE,202507,2478994,0211020036,44.0,226.6
SIA,CE,202507,6956963,0206010079,127.0,12374.88
SIA,CE,202507,6956963,0206020031,42.0,5729.22
SIA,CE,202507,2479214,0206030037,12.0,1663.56
SIA,CE,202507,2563681,0206020015,12.0,1041.0
SIA,CE,202507,2564211,0206010079,125.0,12180.0
SIA,CE,202507,7382626,0206010010,73.0,6333.48
SIA,CE,202507,2563681,0206030029,20.0,1735.0
SIA,CE,202507,2497654,0206010010,9.0,780.84
SIA,CE,202507,7420501,0206010044,27.0,2342.25
SIA,CE,202507,7051123,0206010079,79.0,7697.76
SIA,CE,202507,2328429,0211020036,25.0,128.75
SIA,CE,202507,7382626,0206030037,32.0,4436.16
SIA,CE,202507,2426579,0206020031,17.0,2318.97
SIA,CE,202507,2611309,0206030037,218.0,30221.34
SIA,CE,202507,6956963,0206030037,84.0,11644.92
SIA,CE,202507,7382626,0206030029,28.0,2429.0
SIA,CE,202507,2785900,0206030037,24.0,3327.12
SIA,CE,202507,2704404,0206010044,17.0,1474.75
SIA,CE,202507,6956963,0206030010,68.0,9426.84
SIA,CE,202507,6956963,0206030029,14.0,1214.5
SIA,CE,202507,2723220,0206010079,70.0,6820.8
SIA,CE,202507,2529149,0206020023,12.0,1041.0
SIA,CE,202507,2529149,0206010036,90.0,7808.4
SIA,CE,202507,2564211,0206010052,72.0,6246.0
SIA,CE,202507,2564211,0206030037,251.0,34796.13
SIA,CE,202507,2564211,0206010028,96.0,9705.6
SIA,CE,202507,2611309,0206010028,69.0,6975.9
SIA,CE,202507,2479214,0206010044,37.0,3209.75
SIA,CE,202507,2564211,0206010010,32.0,2776.32
SIA,CE,202507,2529149,0206030010,145.0,20101.35
SIA,CE,202507,2415488,0206020031,11.0,1500.51
SIA,CE,202507,7051123,0206010010,21.0,1821.96
SIA,CE,202507,2529149,0206030037,194.0,26894.22
SIA,CE,202507,2426579,0206010079,55.0,5359.2
SIA,CE,202507,2723220,0206030029,5.0,433.75
SIA,CE,202507,7420501,0206010036,81.0,7027.56
SIA,CE,202507,7051123,0206010028,69.0,6975.9
SIA,CE,202507,7420501,0206010010,133.0,11539.08
SIA,CE,202507,2806215,0206010028,18.0,1819.8
SIA,CE,202507,6848710,0206030010,68.0,9426.84
SIA,CE,202507,2723220,0208010025,155.0,63320.6
SIA,CE,202507,2564211,0208010025,30.0,12255.6
SIA,CE,202507,2561492,0211020036,1021.0,5258.15
SIA,CE,202507,2561492,0211020060,105.0,3150.0
SIA,CE,202507,2561492,0206010079,63.0,6138.72
SIA,CE,202507,2561492,0206020031,128.0,17460.48
SIA,CE,202507,7420501,0206010052,11.0,954.25
SIA,CE,202507,2497654,0206020015,6.0,520.5
SIA,CE,202507,2806215,0206030010,46.0,6376.98
SIA,CE,202507,2785900,0206030010,28.0,3881.64
SIA,CE,202507,2497654,0206010052,20.0,1735.0
SIA,CE,202507,2806215,0206010010,9.0,780.84
SIA,CE,202507,2479214,0206030029,6.0,520.5
SIA,CE,202507,7376928,0211020036,249.0,1282.35
SIA,CE,202507,2497654,0206010028,25.0,2527.5
SIA,CE,202507,2562154,0211020036,259.0,1333.85
SIA,CE,202507,0454788,0211020036,20.0,103.0
SIA,CE,202507,2328011,0206010079,112.0,10913.28
SIA,CE,202507,2328011,0206010028,232.0,23455.2
SIA,CE,202507,2328011,0206010010,54.0,4685.04
SIA,CE,202507,2328011,0206010044,10.0,867.5
SIA,CE,202507,2499363,0206030010,73.0,10119.99
SIA,CE,202507,9672427,0206030037,209.0,28973.67
SIA,CE,202507,5018110,0206010079,172.0,16759.68
SIA,CE,202507,2561026,0206030010,78.0,10813.14
SIA,CE,202507,2806215,0206010036,6.0,520.56
SIA,CE,202507,3021114,0206010044,34.0,2949.5
SIA,CE,202507,2481073,0206030010,1.0,138.63
SIA,CE,202507,3021114,0206010028,59.0,5964.9
SIA,CE,202507,3021114,0206010079,461.0,44919.84
SIA,CE,202507,3021114,0206020031,298.0,40650.18
SIA,CE,202507,3021114,0206030037,256.0,35489.28
SIA,CE,202507,2806215,0206020031,12.0,1636.92
SIA,CE,202507,2723220,0206010028,21.0,2123.1
SIA,CE,202507,3021114,0206010052,27.0,2342.25
SIA,CE,202507,3021114,0206030010,261.0,36182.43
SIA,CE,202507,0301337,0206030037,19.0,2633.97
SIA,CE,202507,2811200,0206020031,10.0,1364.1
SIA,CE,202507,7051123,0206030010,9.0,1247.67
SIA,CE,202507,9672427,0206020031,191.0,26054.31
SIA,CE,202507,3541428,0206010044,2.0,173.5
SIA,CE,202507,7051123,0206030029,5.0,433.75
SIA,CE,202507,2564211,0208010033,30.0,11492.1
SIA,CE,202507,3021114,0211020036,135.0,695.25
SIA,CE,202507,5018110,0206030010,59.0,8179.17
SIA,CE,202507,2526638,0206010044,27.0,2342.25
SIA,CE,202507,3541428,0206010028,21.0,2123.1
SIA,CE,202507,7381158,0211020036,182.0,937.3
SIA,CE,202507,2561026,0206030029,13.0,1127.75
SIA,CE,202507,2478374,0211020036,59.0,303.85
SIA,CE,202507,2526638,0206010028,21.0,2123.1
SIA,CE,202507,2526638,0206010079,137.0,13349.28
SIA,CE,202507,2561026,0206010028,90.0,9099.0
SIA,CE,202507,2327961,0211020036,106.0,545.9
SIA,CE,202507,3541428,0206030010,44.0,6099.72
SIA,CE,202507,3541428,0206010036,5.0,433.8
SIA,CE,202507,3541428,0206010079,26.0,2533.44
SIA,CE,202507,0959529,0211020036,8.0,41.2
SIA,CE,202507,5018110,0206010036,9.0,780.84
SIA,CE,202507,9672427,0206010044,114.0,9889.5
SIA,CE,202507,9672427,0206010079,377.0,36734.88
SIA,CE,202507,9672427,0206010028,66.0,6672.6
SIA,CE,202507,9672427,0206010010,96.0,8328.96
SIA,CE,202507,9672427,0206030010,204.0,28280.52
SIA,CE,202507,9672427,0206030029,33.0,2862.75
SIA,CE,202507,7051123,0206010044,7.0,607.25
SIA,CE,202507,2998890,0211020036,132.0,679.8
SIA,CE,202507,2785900,0206020031,9.0,1227.69
SIA,CE,202507,2561026,0206030037,88.0,12199.44
SIA,CE,202507,3021114,0206010010,58.0,5032.08
SIA,CE,202507,2328011,0206010036,18.0,1561.68
SIA,CE,202507,7420501,0206020015,7.0,607.25
SIA,CE,202507,5393027,0211020036,250.0,1287.5
SIA,CE,202507,3541428,0206030037,44.0,6099.72
SIA,CE,202507,2563681,0206010028,13.0,1314.3
SIA,CE,202507,2528673,0211020036,158.0,813.7
SIA,CE,202507,9672427,0206010036,15.0,1301.4
SIA,CE,202507,3541428,0206020031,18.0,2455.38
SIA,CE,202507,2561069,0211020036,217.0,1117.55
SIA,CE,202507,2561026,0206010079,93.0,9061.92
SIA,CE,202507,2561026,0206020031,32.0,4365.12
SIA,CE,202507,2561026,0206010010,50.0,4338.0
SIA,CE,202507,6956963,0206020015,9.0,780.75
SIA,CE,202507,5018110,0206010028,64.0,6470.4
SIA,CE,202507,2811200,0206010028,66.0,6672.6
SIA,CE,202507,7428383,0211020036,2.0,10.3
SIA,CE,202507,9672427,0206020023,42.0,3643.5
SIA,CE,202507,2499363,0206010036,4.0,347.04
SIA,CE,202507,2499363,0206030037,80.0,11090.4
SIA,CE,202507,2811200,0206010079,55.0,5359.2
SIA,CE,202507,2328011,0206020031,19.0,2591.79
SIA,CE,202507,2426579,0206030029,5.0,433.75
SIA,CE,202507,2426579,0206030037,12.0,1663.56
SIA,CE,202507,9672427,0211020036,253.0,1302.95
SIA,CE,202507,2611309,0206020023,13.0,1127.75
SIA,CE,202507,0301337,0206010044,10.0,867.5
SIA,CE,202507,2415488,0206010028,13.0,1314.3
SIA,CE,202507,0107239,0211020036,89.0,458.35
SIA,CE,202507,9672427,0206020015,14.0,1214.5
SIA,CE,202507,2479214,0206010036,8.0,694.08
SIA,CE,202507,5018110,0206010010,14.0,1214.64
SIA,CE,202507,2811200,0206030037,15.0,2079.45
SIA,CE,202507,2526638,0206020031,26.0,3546.66
SIA,CE,202507,2526638,0206030010,28.0,3881.64
SIA,CE,202507,7382626,0206020015,8.0,694.0
SIA,CE,202507,2811200,0206010010,15.0,1301.4
SIA,CE,202507,2499363,0206010079,29.0,2825.76
SIA,CE,202507,2497654,0206020023,2.0,173.5
SIA,CE,202507,2479214,0206010010,12.0,1041.12
SIA,CE,202507,2479214,0205010016,6.0,990.0
SIA,CE,202507,7382626,0206010052,1.0,86.75
SIA,CE,202507,7043597,0211020036,230.0,1184.5
SIA,CE,202507,2526638,0206030037,19.0,2633.97
SIA,CE,202507,2499363,0206020031,75.0,10230.75
SIA,CE,202507,2561026,0206010044,24.0,2082.0
SIA,CE,202507,6848710,0206020031,16.0,2182.56
SIA,CE,202507,2785900,0211020036,80.0,412.0
SIA,CE,202507,2563681,0211020036,138.0,710.7
SIA,CE,202507,2562162,0211020036,100.0,515.0
SIA,CE,202507,2426579,0206010010,7.0,607.32
SIA,CE,202507,2563460,0206030037,9.0,1247.67
SIA,CE,202507,2373270,0211020036,5.0,25.75
SIA,CE,202507,0951021,0211020036,29.0,149.35
SIA,CE,202507,2561026,0206010036,23.0,1995.48
SIA,CE,202507,2426579,0206030010,8.0,1109.04
SIA,CE,202507,2426579,0206020015,1.0,86.75
SIA,CE,202507,2563460,0206030010,6.0,831.78
SIA,CE,202507,2497654,0206010036,8.0,694.08
SIA,CE,202507,2785900,0206010079,20.0,1948.8
SIA,CE,202507,7051123,0206030037,29.0,4020.27
SIA,CE,202507,2561026,0206020015,6.0,520.5
SIA,CE,202507,2564211,0206010036,15.0,1301.4
SIA,CE,202507,2785900,0206010010,3.0,260.28
SIA,CE,202507,2328011,0206030010,5.0,693.15
SIA,CE,202507,7396368,0211020036,308.0,1586.2
SIA,CE,202507,2372487,0211020036,195.0,1004.25
SIA,CE,202507,2561492,0205010016,17.0,2805.0
SIA,CE,202507,2481073,0211020036,206.0,1060.9
SIA,CE,202507,0301337,0206010028,49.0,4953.9
SIA,CE,202507,2499363,0206010028,9.0,909.9
SIA,CE,202507,4653483,0211020036,200.0,1030.0
SIA,CE,202507,7382626,0211020036,22.0,113.3
SIA,CE,202507,2561492,0206030010,128.0,17744.64
SIA,CE,202507,2561492,0206030037,130.0,18021.9
SIA,CE,202507,2561891,0211020036,160.0,824.0
SIA,CE,202507,2499363,0206020023,2.0,173.5
SIA,CE,202507,0301337,0206030010,18.0,2495.34
SIA,CE,202507,2529149,0206020015,36.0,3123.0
SIA,CE,202507,2611309,0206010010,23.0,1995.48
SIA,CE,202507,2723220,0206020023,8.0,694.0
SIA,CE,202507,7047428,0206030029,9.0,780.75
SIA,CE,202507,5018110,0206030037,63.0,8733.69
SIA,CE,202507,5018110,0206030029,8.0,694.0
SIA,CE,202507,5018110,0206020031,27.0,3683.07
SIA,CE,202507,2811200,0206030010,11.0,1524.93
SIA,CE,202507,6848710,0211020036,28.0,144.2
SIA,CE,202507,7051123,0206010036,7.0,607.32
SIA,CE,202507,7890389,0211020036,85.0,437.75
SIA,CE,202507,5105315,0211020036,122.0,628.3
SIA,CE,202507,2426579,0206010087,1.0,138.63
SIA,CE,202507,7047428,0206030037,6.0,831.78
SIA,CE,202507,6668828,0211020036,4.0,20.6
SIA,CE,202507,7980310,0211020036,600.0,3090.0
SIA,CE,202507,7047428,0206010079,17.0,1656.48
SIA,CE,202507,2611309,0206020015,9.0,780.75
SIA,CE,202507,2611309,0206010036,7.0,607.32
SIA,CE,202507,7376928,0211020060,9.0,270.0
SIA,CE,202507,9672427,0206010052,13.0,1127.75
SIA,CE,202507,0301337,0206020015,2.0,173.5
SIA,CE,202507,2785900,0206010052,3.0,260.25
SIA,CE,202507,2499363,0206010010,4.0,347.04
SIA,CE,202507,2479214,0211020036,6216.0,32012.4
SIA,CE,202507,7051123,0206020015,1.0,86.75
SIA,CE,202507,2611309,0206010044,24.0,2082.0
SIA,CE,202507,2806215,0206010044,4.0,347.0
SIA,CE,202507,2564211,0206020015,4.0,347.0
SIA,CE,202507,2561328,0211020036,227.0,1169.05
SIA,CE,202507,7382626,0206010044,18.0,1561.5
SIA,CE,202507,4887514,0211020036,16.0,82.4
SIA,CE,202507,2526638,0206010036,6.0,520.56
SIA,CE,202507,9280669,0211020036,36.0,185.4
SIA,CE,202507,3021114,0206010036,10.0,867.6
SIA,CE,202507,2562316,0211020036,652.0,3357.8
SIA,CE,202507,2561492,0206030029,2.0,173.5
SIA,CE,202507,2561492,0206010044,33.0,2862.75
SIA,CE,202507,2426579,0206010044,2.0,173.5
SIA,CE,202507,2561026,0211020036,127.0,654.05
SIA,CE,202507,2561026,0206020023,5.0,433.75
SIA,CE,202507,2415488,0206010052,2.0,173.5
SIA,CE,202507,2327171,0211020036,52.0,267.8
SIA,CE,202507,3021114,0206030029,4.0,347.0
SIA,CE,202507,2723220,0206010044,25.0,2168.75
SIA,CE,202507,0301337,0206010036,8.0,694.08
SIA,CE,202507,2562146,0211020036,8.0,41.2
SIA,CE,202507,2561492,0206010028,23.0,2325.3
SIA,CE,202507,2726351,0211020036,81.0,417.15
SIA,CE,202507,2478080,0211020036,153.0,787.95
SIA,CE,202507,2415488,0206030010,9.0,1247.67
SIA,CE,202507,2562138,0211020036,45.0,231.75
SIA,CE,202507,2328119,0211020036,9.0,46.35
SIA,CE,202507,2806215,0206030029,4.0,347.0
SIA,CE,202507,0301337,0206010052,1.0,86.75
SIA,CE,202507,2723220,0206020015,3.0,260.25
SIA,CE,202507,2611309,0206030029,13.0,1127.75
SIA,CE,202507,2372479,0211020036,188.0,968.2
SIA,CE,202507,7047428,0206020015,4.0,347.0
SIA,CE,202507,2564211,0206020023,6.0,520.5
SIA,CE,202507,3541428,0206010010,7.0,607.32
SIA,CE,202507,7018800,0211020036,564.0,2904.6
SIA,CE,202507,2374064,0211020036,136.0,700.4
SIA,CE,202507,2426072,0211020036,3.0,15.45
SIA,CE,202507,2481375,0211020036,108.0,556.2
SIA,CE,202507,0183229,0211020036,450.0,2317.5
SIA,CE,202507,2561492,0206010052,11.0,954.25
SIA,CE,202507,2415623,0211020036,322.0,1658.3
SIA,CE,202507,2561492,0206010036,2.0,173.52
SIA,CE,202507,7434308,0211020036,600.0,3090.0
SIA,CE,202507,2497654,0211020036,1407.0,7246.05
SIA,CE,202507,2563460,0206020031,5.0,682.05
SIA,CE,202507,2806215,0211020036,731.0,3764.65
SIA,CE,202507,2561492,0206010010,18.0,1561.68
SIA,CE,202507,5018110,0206010044,8.0,694.0
SIA,CE,202507,2499363,0211020036,289.0,1488.35
SIA,CE,202507,2611643,0211020036,44.0,226.6
SIA,CE,202507,2328011,0206030037,3.0,415.89
SIA,CE,202507,2611201,0211020036,379.0,1951.85
SIA,CE,202507,2499363,0206010044,3.0,260.25
SIA,CE,202507,5314194,0211020036,121.0,623.15
SIA,CE,202507,2427176,0211020036,29.0,149.35
SIA,CE,202507,6848710,0206010028,5.0,505.5
SIA,CE,202507,2528738,0211020036,20.0,103.0
SIA,CE,202507,7360851,0211020036,637.0,3280.55
SIA,CE,202507,2415488,0206010079,16.0,1559.04
SIA,CE,202507,6956963,0211020036,81.0,417.15
SIA,CE,202507,2563460,0206010079,9.0,876.96
SIA,CE,202507,2499363,0206030029,1.0,86.75
SIA,CE,202507,7047428,0206010036,1.0,86.76
SIA,CE,202507,7420501,0211020036,297.0,1529.55
SIA,CE,202507,2479214,0206020023,1.0,86.75
SIA,CE,202507,2560992,0211020036,19.0,97.85
SIA,CE,202507,2479214,0211020060,220.0,6600.0
SIA,CE,202507,7072341,0211020036,344.0,1771.6
SIA,CE,202507,2562227,0211020036,15.0,77.25
SIA,CE,202507,7382626,0211020060,52.0,1560.0
SIA,CE,202507,2811200,0206010044,4.0,347.0
SIA,CE,202507,9672427,0208010025,2.0,817.04
SIA,CE,202507,4527372,0206030037,55.0,7624.65
SIA,CE,202507,2562499,0211020036,3.0,15.45
SIA,CE,202507,2554798,0206010028,131.0,13244.1
SIA,CE,202507,7051123,0206020023,1.0,86.75
SIA,CE,202507,0086673,0206010044,49.0,4250.75
SIA,CE,202507,0086673,0206030037,73.0,10119.99
SIA,CE,202507,7403224,0206030010,44.0,6099.72
SIA,CE,202507,7403224,0206010028,196.0,19815.6
SIA,CE,202507,7403224,0206010079,148.0,14421.12
SIA,CE,202507,4665406,0211020036,111.0,571.65
SIA,CE,202507,2372150,0206010028,75.0,7582.5
SIA,CE,202507,7403224,0206010044,14.0,1214.5
SIA,CE,202507,4527372,0206010010,9.0,780.84
SIA,CE,202507,4527372,0206010079,118.0,11497.92
SIA,CE,202507,4527372,0206010028,72.0,7279.2
SIA,CE,202507,7403224,0206010010,52.0,4511.52
SIA,CE,202507,7386257,0206010079,91.0,8867.04
SIA,CE,202507,2425599,0211020036,149.0,767.35
SIA,CE,202507,7386257,0206010028,142.0,14356.2
SIA,CE,202507,0086673,0206010079,53.0,5164.32
SIA,CE,202507,2372150,0206010079,54.0,5261.76
SIA,CE,202507,7403224,0206020023,7.0,607.25
SIA,CE,202507,7386257,0206020015,7.0,607.25
SIA,CE,202507,7403224,0206010036,16.0,1388.16
SIA,CE,202507,2328100,0211020036,40.0,206.0
SIA,CE,202507,2372150,0206020031,12.0,1636.92
SIA,CE,202507,2415488,0206010044,1.0,86.75
SIA,CE,202507,7386257,0206020031,33.0,4501.53
SIA,CE,202507,2554798,0206020031,34.0,4637.94
SIA,CE,202507,7386257,0206010036,23.0,1995.48
SIA,CE,202507,2528843,0206010079,24.0,2338.56
SIA,CE,202507,2528843,0206030029,3.0,260.25
SIA,CE,202507,0086673,0211020036,233.0,1199.95
SIA,CE,202507,7386257,0206010010,40.0,3470.4
SIA,CE,202507,2554798,0206010036,11.0,954.36
SIA,CE,202507,2372150,0206010060,1.0,97.44
SIA,CE,202507,2479478,0211020036,40.0,206.0
SIA,CE,202507,2372150,0206030010,21.0,2911.23
SIA,CE,202507,4527372,0206030010,57.0,7901.91
SIA,CE,202507,7403224,0206030029,15.0,1301.25
SIA,CE,202507,7386257,0206030037,33.0,4574.79
SIA,CE,202507,2554798,0206010010,18.0,1561.68
SIA,CE,202507,2554798,0206030010,11.0,1524.93
SIA,CE,202507,7051123,0211020060,72.0,2160.0
SIA,CE,202507,2785900,0206010028,3.0,303.3
SIA,CE,202507,7047428,0206010044,2.0,173.5
SIA,CE,202507,7386257,0206030029,16.0,1388.0
SIA,CE,202507,7403224,0206020031,64.0,8730.24
SIA,CE,202507,7403224,0206020015,4.0,347.0
SIA,CE,202507,4527372,0206020031,24.0,3273.84
SIA,CE,202507,2333864,0211020036,125.0,643.75
SIA,CE,202507,2554798,0206010079,66.0,6431.04
SIA,CE,202507,2560976,0211020036,51.0,262.65
SIA,CE,202507,7420501,0206020023,1.0,86.75
SIA,CE,202507,2425432,0211020036,26.0,133.9
SIA,CE,202507,2723220,0206010010,6.0,520.56
SIA,CE,202507,7047428,0206010028,4.0,404.4
SIA,CE,202507,2723212,0211020036,1.0,5.15
SIA,CE,202507,2554798,0206030037,40.0,5545.2
SIA,CE,202507,2371847,0211020036,112.0,576.8
SIA,CE,202507,0086673,0206010028,23.0,2325.3
SIA,CE,202507,2554798,0206010044,13.0,1127.75
SIA,CE,202507,0086673,0206020031,7.0,954.87
SIA,CE,202507,9361359,0211020036,100.0,515.0
SIA,CE,202507,2373971,0206020031,24.0,3273.84
SIA,CE,202507,2373971,0206010010,74.0,6420.24
SIA,CE,202507,2372967,0206020015,6.0,520.5
SIA,CE,202507,2372967,0206010079,41.0,3995.04
SIA,CE,202507,2372967,0211020036,58.0,298.7
SIA,CE,202507,2372967,0206030010,10.0,1386.3
SIA,CE,202507,2723190,0206010079,48.0,4677.12
SIA,CE,202507,2723190,0206030010,110.0,15249.3
SIA,CE,202507,2723190,0206020031,203.0,27691.23
SIA,CE,202507,2373971,0206030029,8.0,694.0
SIA,CE,202507,2427125,0211020036,278.0,1431.7
SIA,CE,202507,2427125,0206010079,82.0,7990.08
SIA,CE,202507,2373971,0206010079,161.0,15687.84
SIA,CE,202507,2414848,0211020036,96.0,494.4
SIA,CE,202507,7434472,0211020036,679.0,3496.85
SIA,CE,202507,4527372,0211020036,34.0,175.1
SIA,CE,202507,2372967,0206010028,15.0,1516.5
SIA,CE,202507,7386257,0206020023,6.0,520.5
SIA,CE,202507,7403224,0206030037,28.0,3881.64
SIA,CE,202507,7288921,0211020036,30.0,154.5
SIA,CE,202507,6848710,0206010052,1.0,86.75
SIA,CE,202507,7399626,0211020036,422.0,2173.3
SIA,CE,202507,6848710,0206010010,1.0,86.76
SIA,CE,202507,0086673,0206010010,6.0,520.56
SIA,CE,202507,2372967,0206030037,32.0,4436.16
SIA,CE,202507,2372967,0206010010,15.0,1301.4
SIA,CE,202507,2372967,0206020031,9.0,1227.69
SIA,CE,202507,2564211,0206010044,25.0,2168.75
SIA,CE,202507,2723190,0206030037,178.0,24676.14
SIA,CE,202507,2373971,0206010028,113.0,11424.3
SIA,CE,202507,2373971,0206010036,27.0,2342.52
SIA,CE,202507,2372967,0206010044,7.0,607.25
SIA,CE,202507,7386257,0206030010,20.0,2772.6
SIA,CE,202507,2427125,0206010036,4.0,347.04
SIA,CE,202507,2665190,0206010028,40.0,4044.0
SIA,CE,202507,2665190,0206030037,10.0,1386.3
SIA,CE,202507,2372495,0211020036,76.0,391.4
SIA,CE,202507,2561948,0211020036,6.0,30.9
SIA,CE,202507,5370221,0211020036,46.0,236.9
SIA,CE,202507,2561336,0211020036,52.0,267.8
SIA,CE,202507,2528843,0206020031,9.0,1227.69
SIA,CE,202507,2665190,0206030010,11.0,1524.93
SIA,CE,202507,4010868,0211020060,55.0,1650.0
SIA,CE,202507,4010868,0206010079,2.0,194.88
SIA,CE,202507,4010868,0206020031,1.0,136.41
SIA,CE,202507,4226267,0211020036,48.0,247.2
SIA,CE,202507,7386257,0206010044,11.0,954.25
SIA,CE,202507,2372150,0206010010,16.0,1388.16
SIA,CE,202507,2723190,0206010052,56.0,4858.0
SIA,CE,202507,2373971,0206020023,13.0,1127.75
SIA,CE,202507,0086673,0206030010,28.0,3881.64
SIA,CE,202507,2785900,0206030029,1.0,86.75
SIA,CE,202507,7469683,0211020036,38.0,195.7
SIA,CE,202507,2561352,0211020036,45.0,231.75
SIA,CE,202507,2372150,0206030037,33.0,4574.79
SIA,CE,202507,2561468,0211020036,100.0,515.0
SIA,CE,202507,2820234,0208010033,40.0,15322.8
SIA,CE,202507,2665190,0206010079,27.0,2630.88
SIA,CE,202507,2664283,0211020036,25.0,128.75
SIA,CE,202507,2665190,0206020015,2.0,173.5
SIA,CE,202507,2373971,0206010052,35.0,3036.25
SIA,CE,202507,2427125,0206010028,30.0,3033.0
SIA,CE,202507,4527372,0206030029,4.0,347.0
SIA,CE,202507,2806215,0206010052,1.0,86.75
SIA,CE,202507,4527372,0206010044,7.0,607.25
SIA,CE,202507,2479907,0206030037,72.0,9981.36
SIA,CE,202507,2479907,0206020031,51.0,6956.91
SIA,CE,202507,2479907,0206010079,167.0,16272.48
SIA,CE,202507,2479907,0206010044,40.0,3470.0
SIA,CE,202507,2560852,0206030037,14.0,1940.82
SIA,CE,202507,2427125,0206020031,9.0,1227.69
SIA,CE,202507,2427125,0206030037,16.0,2218.08
SIA,CE,202507,0263672,0211020036,275.0,1416.25
SIA,CE,202507,7021437,0211020036,350.0,1802.5
SIA,CE,202507,6376738,0206030010,9.0,1247.67
SIA,CE,202507,2562871,0211020036,222.0,1143.3
SIA,CE,202507,2552086,0206010079,23.0,2241.12
SIA,CE,202507,2372622,0211020036,55.0,283.25
SIA,CE,202507,2552086,0206030010,10.0,1386.3
SIA,CE,202507,2479907,0206030010,74.0,10258.62
SIA,CE,202507,2479907,0206010028,13.0,1314.3
SIA,CE,202507,2560852,0206010010,23.0,1995.48
SIA,CE,202507,7051123,0211020036,164.0,844.6
SIA,CE,202507,4527372,0206020015,7.0,607.25
SIA,CE,202507,2560852,0206030010,32.0,4436.16
SIA,CE,202507,6376738,0206030037,5.0,693.15
SIA,CE,202507,2427125,0206030010,31.0,4297.53
SIA,CE,202507,2560852,0206010079,152.0,14810.88
SIA,CE,202507,2427125,0206010010,7.0,607.32
SIA,CE,202507,2552086,0206030037,5.0,693.15
SIA,CE,202507,2372150,0206010036,10.0,867.6
SIA,CE,202507,2528843,0206030010,5.0,693.15
SIA,CE,202507,2372150,0206030029,17.0,1474.75
SIA,CE,202507,2333848,0211020036,20.0,103.0
SIA,CE,202507,2723190,0206010044,28.0,2429.0
SIA,CE,202507,2560852,0206010028,39.0,3942.9
SIA,CE,202507,2560852,0206020031,29.0,3955.89
SIA,CE,202507,2562766,0211020036,128.0,659.2
SIA,CE,202507,2427125,0206010044,3.0,260.25
SIA,CE,202507,2564769,0211020036,225.0,1158.75
SIA,CE,202507,2527685,0211020036,25.0,128.75
SIA,CE,202507,2820234,0206010028,15.0,1516.5
SIA,CE,202507,2820234,0208010025,40.0,16340.8
SIA,CE,202507,2372517,0211020036,201.0,1035.15
SIA,CE,202507,2372967,0206010036,1.0,86.76
SIA,CE,202507,2665190,0206020031,7.0,954.87
SIA,CE,202507,0086673,0206030029,5.0,433.75
SIA,CE,202507,4010779,0211020036,28.0,144.2
SIA,CE,202507,2665190,0206030029,9.0,780.75
SIA,CE,202507,2372673,0211020036,20.0,103.0
SIA,CE,202507,4913272,0211020036,35.0,180.25
SIA,CE,202507,2427125,0206030029,4.0,347.0
SIA,CE,202507,2479907,0206030029,2.0,173.5
SIA,CE,202507,2528843,0206030037,3.0,415.89
SIA,CE,202507,2528843,0206010044,5.0,433.75
SIA,CE,202507,2479710,0211020036,214.0,1102.1
SIA,CE,202507,2415488,0206030037,4.0,554.52
SIA,CE,202507,2552086,0211020036,517.0,2662.55
SIA,CE,202507,2563347,0211020036,41.0,211.15
SIA,CE,202507,2560852,0206010044,12.0,1041.0
SIA,CE,202507,2479907,0206010036,2.0,173.52
SIA,CE,202507,2328445,0211020036,25.0,128.75
SIA,CE,202507,2723190,0206010036,11.0,954.36
SIA,CE,202507,2479907,0211020060,76.0,2280.0
SIA,CE,202507,2529556,0211020036,273.0,1405.95
SIA,CE,202507,2665190,0206010036,4.0,347.04
SIA,CE,202507,2723255,0211020036,120.0,618.0
SIA,CE,202507,2425300,0211020036,1479.0,7616.85
SIA,CE,202507,6779522,0206010044,117.0,10149.75
SIA,CE,202507,6779522,0206010079,561.0,54663.84
SIA,CE,202507,6779522,0206030037,210.0,29112.3
SIA,CE,202507,6779522,0206010028,34.0,3437.4
SIA,CE,202507,2526654,0211020036,56.0,288.4
SIA,CE,202507,6778798,0211020036,439.0,2260.85
SIA,CE,202507,6779522,0211020036,145.0,746.75
SIA,CE,202507,2561417,0206010079,149.0,14518.56
SIA,CE,202507,3302490,0211020036,113.0,581.95
SIA,CE,202507,7988400,0211020036,401.0,2065.15
SIA,CE,202507,9411798,0211020036,102.0,525.3
SIA,CE,202507,6779522,0206020031,132.0,18006.12
SIA,CE,202507,6779522,0206030010,164.0,22735.32
SIA,CE,202507,2561417,0206010028,88.0,8896.8
SIA,CE,202507,2561417,0206020031,116.0,15823.56
SIA,CE,202507,2561417,0206030029,18.0,1561.5
SIA,CE,202507,2561417,0206030037,16.0,2218.08
SIA,CE,202507,2561417,0206030010,69.0,9565.47
SIA,CE,202507,6779522,0206010010,47.0,4077.72
SIA,CE,202507,2723190,0206020015,4.0,347.0
SIA,CE,202507,2516632,0211020036,22.0,113.3
SIA,CE,202507,2373971,0206030010,14.0,1940.82
SIA,CE,202507,6376738,0206010028,8.0,808.8
SIA,CE,202507,2806339,0211020036,15.0,77.25
SIA,CE,202507,2372967,0206020023,2.0,173.5
SIA,CE,202507,2333740,0211020036,20.0,103.0
SIA,CE,202507,4010833,0211020036,17.0,87.55
SIA,CE,202507,2561417,0206010010,19.0,1648.44
SIA,CE,202507,2561417,0206010036,10.0,867.6
SIA,CE,202507,6779522,0206020023,12.0,1041.0
SIA,CE,202507,6779522,0206010052,8.0,694.0
SIA,CE,202507,6376738,0206010036,1.0,86.76
SIA,CE,202507,4734327,0211020036,20.0,103.0
SIA,CE,202507,7274440,0211020036,433.0,2229.95
SIA,CE,202507,6779522,0206030029,11.0,954.25
SIA,CE,202507,2333880,0211020036,16.0,82.4
SIA,CE,202507,2528843,0206010052,1.0,86.75
SIA,CE,202507,2552086,0206020031,17.0,2318.97
SIA,CE,202507,2425300,0205010016,8.0,1320.0
SIA,CE,202507,2554798,0206030029,7.0,607.25
SIA,CE,202507,2561417,0206010044,8.0,694.0
SIA,CE,202507,2415372,0211020036,238.0,1225.7
SIA,CE,202507,6779522,0206020015,15.0,1301.25
SIA,CE,202507,6779522,0206010036,13.0,1127.88
SIA,CE,202507,2479427,0211020036,100.0,515.0
SIA,CE,202507,2665190,0206010010,7.0,607.32
SIA,CE,202507,5723507,0211020036,195.0,1004.25
SIA,CE,202507,2528843,0206010028,9.0,909.9
SIA,CE,202507,4010868,0211020036,627.0,3229.05
SIA,CE,202507,4444086,0211020036,494.0,2544.1
SIA,CE,202507,2561425,0206030037,2.0,277.26
SIA,CE,202507,2564580,0211020036,81.0,417.15
SIA,CE,202507,2561425,0206030010,3.0,415.89
SIA,CE,202507,2479907,0206010052,5.0,433.75
SIA,CE,202507,6376738,0206010079,5.0,487.2
SIA,CE,202507,0310921,0211020036,336.0,1730.4
SIA,CE,202507,7386257,0206010052,1.0,86.75
SIA,CE,202507,2373971,0206030037,26.0,3604.38
SIA,CE,202507,2527677,0211020036,152.0,782.8
SIA,CE,202507,7320418,0211020036,122.0,628.3
SIA,CE,202507,2560852,0211020036,125.0,643.75
SIA,CE,202507,2479907,0211020036,628.0,3234.2
SIA,CE,202507,2561441,0211020036,360.0,1854.0
SIA,CE,202507,2561417,0206020015,10.0,867.5
SIA,CE,202507,2560852,0206010036,6.0,520.56
SIA,CE,202507,2723190,0206010010,3.0,260.28
SIA,CE,202507,2372150,0206020015,2.0,173.5
SIA,CE,202507,2880326,0211020036,153.0,787.95
SIA,CE,202507,2427125,0206020015,2.0,173.5
SIA,CE,202507,2560984,0211020036,197.0,1014.55
SIA,CE,202507,4527372,0206020023,1.0,86.75
SIA,CE,202507,6376738,0206010010,1.0,86.76
SIA,CE,202507,2561417,0211020036,31.0,159.65
SIA,CE,202507,9190201,0211020036,11.0,56.65
SIA,CE,202507,6125972,0211020036,33.0,169.95
SIA,CE,202507,7057083,0211020036,279.0,1436.85
SIA,CE,202507,2425300,0211020060,31.0,930.0
SIA,CE,202507,2560852,0206020015,2.0,173.5
SIA,CE,202507,2328003,0211020036,236.0,1215.4
SIA,CE,202507,2333813,0211020036,84.0,432.6
SIA,CE,202507,2561425,0206020031,2.0,272.82
SIA,CE,202507,4527372,0206010036,4.0,347.04
SIA,CE,202507,2561425,0211020036,70.0,360.5
SIA,CE,202507,2611252,0211020036,3.0,15.45
SIA,CE,202507,2372150,0206010044,3.0,260.25
SIA,CE,202507,2328046,0211020036,211.0,1086.65
SIA,CE,202507,6697518,0211020036,353.0,1817.95
SIA,CE,202507,2561050,0211020036,82.0,422.3
SIA,CE,202507,2372967,0206030029,10.0,867.5
SIA,CE,202507,2554798,0206020023,1.0,86.75
SIA,CE,202507,9241477,0211020036,42.0,216.3
SIA,CE,202507,2527669,0211020036,30.0,154.5
SIA,CE,202507,2478277,0211020036,2.0,10.3
SIA,CE,202507,2562200,0211020036,89.0,458.35
SIA,CE,202507,9787399,0211020036,152.0,782.8
SIA,CE,202507,2675560,0206010079,84.0,8184.96
SIA,CE,202507,2564238,0206010079,202.0,19682.88
SIA,CE,202507,2675560,0206030037,82.0,11367.66
SIA,CE,202507,7061021,0206020031,124.0,16914.84
SIA,CE,202507,7061021,0206010044,121.0,10496.75
SIA,CE,202507,2425343,0211020036,133.0,684.95
SIA,CE,202507,7501366,0211020036,818.0,4212.7
SIA,CE,202507,0086673,0206010052,1.0,86.75
SIA,CE,202507,4963938,0206020031,50.0,6820.5
SIA,CE,202507,4963938,0211020036,132.0,679.8
SIA,CE,202507,4963938,0206030010,44.0,6099.72
SIA,CE,202507,6893295,0211020036,551.0,2837.65
SIA,CE,202507,2479028,0206030010,55.0,7624.65
SIA,CE,202507,2479028,0206030037,62.0,8595.06
SIA,CE,202507,7061021,0206030010,191.0,26478.33
SIA,CE,202507,2373513,0211020036,65.0,334.75
SIA,CE,202507,7061021,0206030029,13.0,1127.75
SIA,CE,202507,2480646,0206010044,17.0,1474.75
SIA,CE,202507,2479028,0206010079,114.0,11108.16
SIA,CE,202507,2479028,0206010010,64.0,5552.64
SIA,CE,202507,2479028,0206020023,36.0,3123.0
SIA,CE,202507,7061021,0206010079,298.0,29037.12
SIA,CE,202507,7061021,0206010010,66.0,5726.16
SIA,CE,202507,7061021,0206030037,188.0,26062.44
SIA,CE,202507,7396805,0211020036,184.0,947.6
SIA,CE,202507,2560828,0211020036,108.0,556.2
SIA,CE,202507,7061021,0206010028,24.0,2426.4
SIA,CE,202507,7569793,0211020036,43.0,221.45
SIA,CE,202507,2482193,0211020036,2.0,10.3
SIA,CE,202507,4963938,0206030037,47.0,6515.61
SIA,CE,202507,2561344,0211020036,69.0,355.35
SIA,CE,202507,2479028,0206010028,137.0,13850.7
SIA,CE,202507,2675560,0211020036,131.0,674.65
SIA,CE,202507,2675560,0206010010,62.0,5379.12
SIA,CE,202507,3759148,0211020036,125.0,643.75
SIA,CE,202507,6619908,0211020036,19.0,97.85
SIA,CE,202507,7061021,0211020036,114.0,587.1
SIA,CE,202507,7061021,0206010036,22.0,1908.72
SIA,CE,202507,2675560,0206020031,35.0,4774.35
SIA,CE,202507,2480646,0206010079,89.0,8672.16
SIA,CE,202507,2480646,0211020036,298.0,1534.7
SIA,CE,202507,6778798,0211020060,32.0,960.0
SIA,CE,202507,2479028,0206010036,83.0,7201.08
SIA,CE,202507,2563681,0206010052,1.0,86.75
SIA,CE,202507,2564238,0206010010,20.0,1735.2
SIA,CE,202507,2480646,0206010010,9.0,780.84
SIA,CE,202507,2480646,0206010036,4.0,347.04
SIA,CE,202507,2564211,0206030029,6.0,520.5
SIA,CE,202507,2480646,0206010028,26.0,2628.6
SIA,CE,202507,2480646,0206030037,20.0,2772.6
SIA,CE,202507,2611309,0206010052,2.0,173.5
SIA,CE,202507,2479893,0211020036,204.0,1050.6
SIA,CE,202507,0301337,0206020023,1.0,86.75
SIA,CE,202507,2480646,0206030010,17.0,2356.71
SIA,CE,202507,2499037,0211020036,150.0,772.5
SIA,CE,202507,7061021,0206020023,10.0,867.5
SIA,CE,202507,2564238,0206030037,10.0,1386.3
SIA,CE,202507,2564238,0206010028,19.0,1920.9
SIA,CE,202507,2480646,0206020031,19.0,2591.79
SIA,CE,202507,6956963,0206010052,1.0,86.75
SIA,CE,202507,7047428,0211020036,908.0,4676.2
SIA,CE,202507,2482207,0211020036,1.0,5.15
SIA,CE,202507,7047428,0206030010,4.0,554.52
SIA,CE,202507,0301337,0206030029,1.0,86.75
SIA,CE,202507,2526662,0206030037,1.0,138.63
SIA,CE,202507,2564238,0206010036,9.0,780.84
SIA,CE,202507,3021114,0206020023,3.0,260.25
SIA,CE,202507,5018110,0206020015,6.0,520.5
SIA,CE,202507,2723190,0206010028,9.0,909.9
SIA,CE,202507,2499363,0206010052,2.0,173.5
SIA,CE,202507,4695623,0211020036,70.0,360.5
SIA,CE,202507,4963938,0206010079,9.0,876.96
SIA,CE,202507,2675560,0206010044,8.0,694.0
SIA,CE,202507,2811200,0206010036,4.0,347.04
SIA,CE,202507,2563339,0211020036,34.0,175.1
SIA,CE,202507,2611686,0206010028,1.0,101.1
SIA,CE,202507,2611481,0211020036,200.0,1030.0
SIA,CE,202507,7405529,0211020036,230.0,1184.5
SIA,CE,202507,6985483,0211020036,517.0,2662.55
SIA,CE,202507,2529149,0205010016,1.0,165.0
SIA,CE,202507,2427125,0206020023,1.0,86.75
SIA,CE,202507,2328011,0206030029,3.0,260.25
SIA,CE,202507,2564238,0206030010,9.0,1247.67
SIA,CE,202507,7061021,0206020015,11.0,954.25
SIA,CE,202507,3541428,0206030029,3.0,260.25
SIA,CE,202507,2563460,0206030029,4.0,347.0
SIA,CE,202507,7061021,0206010052,4.0,347.0
SIA,CE,202507,2611686,0206020031,1.0,136.41
SIA,CE,202507,4963938,0206010052,3.0,260.25
SIA,CE,202507,4963938,0206010044,1.0,86.75
SIA,CE,202507,3021114,0206020015,1.0,86.75
SIA,CE,202507,2564238,0206010044,10.0,867.5
SIA,CE,202507,2811200,0206030029,3.0,260.25
SIA,CE,202507,2611686,0206010036,1.0,86.76
SIA,CE,202507,7047428,0206020031,3.0,409.23
SIA,CE,202507,2479028,0206010044,15.0,1301.25
SIA,CE,202507,2563460,0206010028,6.0,606.6
SIA,CE,202507,2664372,0211020036,392.0,2018.8
SIA,CE,202507,2373475,0211020036,65.0,334.75
SIA,CE,202507,2333856,0211020036,19.0,97.85
SIA,CE,202507,2563460,0206010010,1.0,86.76
SIA,CE,202507,2560984,0206010079,1.0,97.44
SIA,CE,202507,2561417,0206010052,3.0,260.25
SIA,CE,202507,2675560,0206020015,13.0,1127.75
SIA,CE,202507,2528282,0211020036,168.0,865.2
SIA,CE,202507,2373971,0211020036,499.0,2569.85
SIA,CE,202507,9672427,0208010033,2.0,766.14
SIA,CE,202507,2561026,0206010052,1.0,86.75
SIA,CE,202507,2480646,0206010052,3.0,260.25
SIA,CE,202507,2372819,0211020036,266.0,1369.9
SIA,CE,202507,2675560,0206030029,16.0,1388.0
SIA,CE,202507,2610523,0211020036,36.0,185.4
SIA,CE,202507,0978949,0211020060,1.0,30.0
SIA,CE,202507,2479419,0211020036,173.0,890.95
SIA,CE,202507,2664151,0211020036,94.0,484.1
SIA,CE,202507,5590663,0211020036,1.0,5.15
SIA,CE,202507,9939938,0211020036,1.0,5.15
SIA,CE,202507,2516683,0211020036,17.0,87.55
SIA,CE,202507,2611465,0211020036,6.0,30.9
SIA,CE,202507,4010825,0211020036,171.0,880.65
SIA,CE,202507,7398204,0211020036,97.0,499.55
SIA,CE,202507,9275134,0211020036,215.0,1107.25
SIA,CE,202507,3384993,0211020036,13.0,66.95
SIA,CE,202507,2611058,0211020036,65.0,334.75
SIA,CE,202507,2723190,0211020036,16.0,82.4
SIA,CE,202507,2563460,0211020036,89.0,458.35
SIA,CE,202507,7047428,0211020060,14.0,420.0
SIA,CE,202507,2414872,0211020036,5.0,25.75
SIA,CE,202507,2529068,0211020036,7.0,36.05
SIA,CE,202507,2564238,0206020031,5.0,682.05
SIA,CE,202507,2722917,0211020036,89.0,458.35
SIA,CE,202507,2480646,0206020015,2.0,173.5
SIA,CE,202507,2482290,0211020036,20.0,103.0
SIA,CE,202507,7993218,0211020036,600.0,3090.0
SIA,CE,202507,4963938,0206010028,2.0,202.2
SIA,CE,202507,2841118,0211020036,28.0,144.2
SIA,CE,202507,4101197,0211020036,20.0,103.0
SIA,CE,202507,6376738,0206020031,6.0,818.46
SIA,CE,202507,2479907,0206010060,1.0,97.44
SIA,CE,202507,2373971,0206020015,1.0,86.75
SIA,CE,202507,2560852,0206010052,1.0,86.75
SIA,CE,202507,2561298,0211020036,77.0,396.55
SIA,CE,202507,2479028,0211020036,200.0,1030.0
SIA,CE,202507,2554658,0211020036,22.0,113.3
SIA,CE,202507,2426455,0211020036,117.0,602.55
SIA,CE,202507,2849798,0211020036,197.0,1014.55
SIA,CE,202507,2675560,0206010052,3.0,260.25
SIA,CE,202507,2723182,0211020036,4.0,20.6
SIA,CE,202507,2560852,0206030029,1.0,86.75
SIA,CE,202507,2820234,0206010095,37.0,77967.14
SIA,CE,202507,3283437,0211020036,97.0,499.55
SIA,CE,202507,7371888,0211020036,8.0,41.2
SIA,CE,202507,7396732,0211020036,36.0,185.4
SIA,CE,202507,2479990,0211020036,7.0,36.05
SIA,CE,202507,2372568,0211020036,150.0,772.5
SIA,CE,202507,0086673,0206010036,3.0,260.28
SIA,CE,202507,4010868,0211020010,29.0,21171.16
SIA,CE,202507,2480646,0206030029,1.0,86.75
SIA,CE,202507,7904339,0211020036,164.0,844.6
SIA,CE,202507,7077971,0211020036,200.0,1030.0
SIA,CE,202507,2528754,0211020036,74.0,381.1
SIA,CE,202507,7021321,0211020036,4.0,20.6
SIA,CE,202507,7103255,0211020036,412.0,2121.8
SIA,CE,202507,6999506,0211020036,397.0,2044.55
SIA,CE,202507,2561158,0211020036,60.0,309.0
SIA,CE,202507,2554798,0206020015,1.0,86.75
SIA,CE,202507,2561492,0211020010,36.0,26281.44
SIA,CE,202507,7262698,0211020036,404.0,2080.6
SIA,CE,202507,7044674,0211020060,39.0,1170.0
SIA,CE,202507,2372460,0211020036,75.0,386.25
SIA,CE,202507,2564734,0211020036,201.0,1035.15
SIA,CE,202507,2372509,0211020036,56.0,288.4
SIA,CE,202507,2724308,0211020036,247.0,1272.05
SIA,CE,202507,7992130,0211020036,250.0,1287.5
SIA,CE,202507,7006810,0211020036,330.0,1699.5
SIA,CE,202507,2527693,0211020036,346.0,1781.9
SIA,CE,202507,2414864,0211020036,40.0,206.0
SIA,CE,202507,7429398,0211020036,445.0,2291.75
SIA,CE,202507,2427184,0211020036,185.0,952.75
SIA,CE,202507,7403224,0211020036,154.0,793.1
SIA,CE,202507,2561395,0211020036,300.0,1545.0
SIA,CE,202507,2664364,0211020036,119.0,612.85
SIA,CE,202507,2663929,0211020036,3.0,15.45
SIA,CE,202507,6632513,0211020036,141.0,726.15
SIA,CE,202507,6632513,0211020060,20.0,600.0
SIA,CE,202507,2726319,0211020036,31.0,159.65
SIA,CE,202507,4644042,0211020036,8.0,41.2
SIA,CE,202507,2529238,0211020036,112.0,576.8
SIA,CE,202507,2426315,0211020036,395.0,2034.25
SIA,CE,202507,0228753,0211020036,333.0,1714.95
SIA,CE,202507,2372789,0211020036,38.0,195.7
SIA,CE,202507,2414996,0211020036,31.0,159.65
SIA,CE,202507,2479818,0211020036,53.0,272.95
SIA,CE,202507,2554798,0211020036,469.0,2415.35
SIA,CE,202507,2554623,0211020036,87.0,448.05
SIA,CE,202507,2563487,0211020036,107.0,551.05
SIA,CE,202507,2526670,0211020036,30.0,154.5
SIA,CE,202507,4963938,0206030029,1.0,86.75
SIA,CE,202507,2705923,0211020036,130.0,669.5
SIA,CE,202507,2527413,0211020036,52.0,267.8
SIA,CE,202507,7044674,0211020036,111.0,571.65
SIA,CE,202507,2664666,0211020036,56.0,288.4
SIA,CE,202507,2651394,0211020036,127.0,654.05
SIA,CE,202507,2425300,0211020010,35.0,25551.4
SIA,CE,202507,2415488,0206010060,1.0,97.44
SIA,CE,202507,2695839,0211020036,235.0,1210.25
SIA,CE,202507,0086673,0206020023,1.0,86.75
SIA,CE,202507,2415488,0211020036,407.0,2096.05
SIA,CE,202507,7403224,0211020060,7.0,210.0
SIA,CE,202507,2328437,0211020036,50.0,257.5
SIA,CE,202507,2664690,0211020036,86.0,442.9
SIA,CE,202507,2554518,0211020036,108.0,556.2
SIA,CE,202507,9526293,0211020036,397.0,2044.55
SIA,CE,202507,9346309,0211020036,462.0,2379.3
SIA,CE,202507,2479214,0211020010,62.0,45262.48
SIA,CE,202507,2723611,0211020036,118.0,607.7
SIA,CE,202507,7514948,0211020036,579.0,2981.85
SIA,CE,202507,2478927,0211020036,185.0,952.75
SIA,CE,202507,2529149,0211020036,106.0,545.9
SIA,CE,202507,2529114,0211020036,20.0,103.0
SIA,CE,202507,2482282,0211020036,20.0,103.0
SIA,CE,202507,2564211,0211020036,168.0,865.2
SIA,CE,202507,2561042,0211020036,8.0,41.2
SIA,CE,202507,6405428,0211020036,66.0,339.9
SIA,CE,202507,6405428,0211020060,3.0,90.0
SIA,CE,202508,2554798,0206010079,80.0,7795.2
SIA,CE,202508,2561417,0206010079,181.0,17636.64
SIA,CE,202508,6779522,0206010079,518.0,50473.92
SIA,CE,202508,9672427,0206010079,411.0,40047.84
SIA,CE,202508,7061021,0206010079,258.0,25139.52
SIA,CE,202508,2561492,0206030010,144.0,19962.72
SIA,CE,202508,2563681,0206010079,177.0,17246.88
SIA,CE,202508,2723220,0206030010,414.0,57392.82
SIA,CE,202508,2723190,0206010052,37.0,3209.75
SIA,CE,202508,2529149,0206030010,277.0,38400.51
SIA,CE,202508,2373971,0206010052,37.0,3209.75
SIA,CE,202508,2479214,0206010079,107.0,10426.08
SIA,CE,202508,2497654,0206010079,338.0,32934.72
SIA,CE,202508,2785900,0206010079,34.0,3312.96
SIA,CE,202508,2372150,0206030010,25.0,3465.75
SIA,CE,202508,3541428,0206030010,65.0,9010.95
SIA,CE,202508,2425432,0211020036,55.0,283.25
SIA,CE,202508,2723220,0206030037,345.0,47827.35
SIA,CE,202508,2695839,0211020036,75.0,386.25
SIA,CE,202508,2333880,0211020036,110.0,566.5
SIA,CE,202508,2561492,0206010052,4.0,347.0
SIA,CE,202508,6848710,0206010079,147.0,14323.68
SIA,CE,202508,2723190,0206030010,158.0,21903.54
SIA,CE,202508,2564211,0206020031,355.0,48425.55
SIA,CE,202508,7288921,0211020036,57.0,293.55
SIA,CE,202508,2529149,0206030037,334.0,46302.42
SIA,CE,202508,2478994,0211020036,44.0,226.6
SIA,CE,202508,7061021,0206010052,18.0,1561.5
SIA,CE,202508,2372150,0206010028,50.0,5055.0
SIA,CE,202508,2427125,0206010079,96.0,9354.24
SIA,CE,202508,2554798,0206030037,43.0,5961.09
SIA,CE,202508,2675560,0206010010,86.0,7461.36
SIA,CE,202508,2529149,0206010052,115.0,9976.25
SIA,CE,202508,2479907,0206010079,165.0,16077.6
SIA,CE,202508,2425300,0211020060,24.0,720.0
SIA,CE,202508,4527372,0206010028,57.0,5762.7
SIA,CE,202508,2561026,0206020031,23.0,3137.43
SIA,CE,202508,2479028,0206010010,67.0,5812.92
SIA,CE,202508,2373971,0206030010,8.0,1109.04
SIA,CE,202508,2527707,0211020036,724.0,3728.6
SIA,CE,202508,2372150,0206010036,14.0,1214.64
SIA,CE,202508,2333740,0211020036,17.0,87.55
SIA,CE,202508,2723220,0206010052,78.0,6766.5
SIA,CE,202508,2723190,0206020015,1.0,86.75
SIA,CE,202508,2564211,0206030029,12.0,1041.0
SIA,CE,202508,2328011,0206010028,195.0,19714.5
SIA,CE,202508,2526638,0206030010,30.0,4158.9
SIA,CE,202508,0301337,0206030010,14.0,1940.82
SIA,CE,202508,2480646,0206010028,10.0,1011.0
SIA,CE,202508,5018110,0206010079,136.0,13251.84
SIA,CE,202508,0086673,0206010052,2.0,173.5
SIA,CE,202508,5393027,0211020036,350.0,1802.5
SIA,CE,202508,3021114,0206030010,295.0,40895.85
SIA,CE,202508,2425300,0211020036,1417.0,7297.55
SIA,CE,202508,2529149,0206010079,3845.0,374656.8
SIA,CE,202508,2529149,0206020015,37.0,3209.75
SIA,CE,202508,2499363,0206010079,16.0,1559.04
SIA,CE,202508,2611309,0206010079,131.0,12764.64
SIA,CE,202508,2427125,0206010044,10.0,867.5
SIA,CE,202508,2665190,0206010028,45.0,4549.5
SIA,CE,202508,2564211,0206030037,266.0,36875.58
SIA,CE,202508,2811200,0206030037,18.0,2495.34
SIA,CE,202508,5018110,0206010028,60.0,6066.0
SIA,CE,202508,2426579,0206010028,67.0,6773.7
SIA,CE,202508,2561492,0206020015,3.0,260.25
SIA,CE,202508,2675560,0206030029,40.0,3470.0
SIA,CE,202508,2528843,0206030010,6.0,831.78
SIA,CE,202508,2675560,0206010052,1.0,86.75
SIA,CE,202508,2552086,0206010079,21.0,2046.24
SIA,CE,202508,0086673,0206010079,23.0,2241.12
SIA,CE,202508,2561328,0211020036,268.0,1380.2
SIA,CE,202508,2560852,0206010010,16.0,1388.16
SIA,CE,202508,2426579,0206030010,64.0,8872.32
SIA,CE,202508,4963938,0206010079,5.0,487.2
SIA,CE,202508,5018110,0206030010,56.0,7763.28
SIA,CE,202508,7047428,0206010079,46.0,4482.24
SIA,CE,202508,2722917,0211020036,392.0,2018.8
SIA,CE,202508,3021114,0206010028,58.0,5863.8
SIA,CE,202508,2479907,0206030010,60.0,8317.8
SIA,CE,202508,2499363,0206030010,68.0,9426.84
SIA,CE,202508,2497654,0206030010,258.0,35766.54
SIA,CE,202508,2560852,0206010028,46.0,4650.6
SIA,CE,202508,2481073,0206010028,43.0,4347.3
SIA,CE,202508,2526662,0211020036,463.0,2384.45
SIA,CE,202508,2561026,0206010028,82.0,8290.2
SIA,CE,202508,7021437,0211020036,272.0,1400.8
SIA,CE,202508,3021114,0211020036,151.0,777.65
SIA,CE,202508,6619908,0211020036,27.0,139.05
SIA,CE,202508,2425343,0211020036,114.0,587.1
SIA,CE,202508,2328011,0206030029,14.0,1214.5
SIA,CE,202508,2328011,0206010044,21.0,1821.75
SIA,CE,202508,6848710,0206030010,107.0,14833.41
SIA,CE,202508,2561417,0206030010,87.0,12060.81
SIA,CE,202508,9672427,0206030010,223.0,30914.49
SIA,CE,202508,6779522,0206030010,156.0,21626.28
SIA,CE,202508,9672427,0206020023,62.0,5378.5
SIA,CE,202508,7061021,0206030010,199.0,27587.37
SIA,CE,202508,2563681,0206030010,88.0,12199.44
SIA,CE,202508,2479214,0206030010,79.0,10951.77
SIA,CE,202508,4963938,0206030010,19.0,2633.97
SIA,CE,202508,4226267,0211020036,78.0,401.7
SIA,CE,202508,2372150,0206010079,35.0,3410.4
SIA,CE,202508,2372967,0206030010,10.0,1386.3
SIA,CE,202508,2552086,0206030037,5.0,693.15
SIA,CE,202508,2564211,0206010010,46.0,3990.96
SIA,CE,202508,2811200,0206010010,23.0,1995.48
SIA,CE,202508,5105315,0211020036,197.0,1014.55
SIA,CE,202508,2561026,0206010079,101.0,9841.44
SIA,CE,202508,6779522,0211020036,103.0,530.45
SIA,CE,202508,2499363,0206010052,4.0,347.0
SIA,CE,202508,2785900,0206030010,37.0,5129.31
SIA,CE,202508,6779522,0206020023,6.0,520.5
SIA,CE,202508,2372967,0206020031,9.0,1227.69
SIA,CE,202508,2560852,0206030029,3.0,260.25
SIA,CE,202508,3021114,0206010010,80.0,6940.8
SIA,CE,202508,7047428,0206020015,10.0,867.5
SIA,CE,202508,2562227,0211020036,30.0,154.5
SIA,CE,202508,7061021,0206020023,9.0,780.75
SIA,CE,202508,2529149,0206020031,371.0,50608.11
SIA,CE,202508,2564238,0206020031,8.0,1091.28
SIA,CE,202508,5018110,0206020015,9.0,780.75
SIA,CE,202508,3541428,0206010079,20.0,1948.8
SIA,CE,202508,2328429,0211020036,20.0,103.0
SIA,CE,202508,2675560,0206010087,1.0,138.63
SIA,CE,202508,3541428,0206010044,1.0,86.75
SIA,CE,202508,7103255,0211020036,559.0,2878.85
SIA,CE,202508,0086673,0206030010,16.0,2218.08
SIA,CE,202508,0086673,0211020036,133.0,684.95
SIA,CE,202508,2372150,0206020015,4.0,347.0
SIA,CE,202508,2372150,0206010044,3.0,260.25
SIA,CE,202508,2426579,0206010010,13.0,1127.88
SIA,CE,202508,3021114,0206010044,44.0,3817.0
SIA,CE,202508,4010833,0211020036,134.0,690.1
SIA,CE,202508,2426579,0206030029,17.0,1474.75
SIA,CE,202508,2497654,0206020031,154.0,21007.14
SIA,CE,202508,9359664,0205010016,32.0,5280.0
SIA,CE,202508,2372967,0206010028,15.0,1516.5
SIA,CE,202508,2372967,0206010079,41.0,3995.04
SIA,CE,202508,2479214,0206020031,588.0,80209.08
SIA,CE,202508,2479028,0206030010,56.0,7763.28
SIA,CE,202508,2564238,0206030037,4.0,554.52
SIA,CE,202508,2723220,0206020015,1.0,86.75
SIA,CE,202508,9672427,0206010052,12.0,1041.0
SIA,CE,202508,2529556,0211020036,349.0,1797.35
SIA,CE,202508,9672427,0206020031,192.0,26190.72
SIA,CE,202508,9672427,0206010028,56.0,5661.6
SIA,CE,202508,6848710,0206020031,23.0,3137.43
SIA,CE,202508,2563681,0206020031,70.0,9548.7
SIA,CE,202508,2328011,0206020031,45.0,6138.45
SIA,CE,202508,7061021,0206020031,138.0,18824.58
SIA,CE,202508,2563460,0206010079,6.0,584.64
SIA,CE,202508,2811200,0206020031,15.0,2046.15
SIA,CE,202508,4963938,0206020031,21.0,2864.61
SIA,CE,202508,2560852,0206010079,172.0,16759.68
SIA,CE,202508,2560852,0206010060,1.0,97.44
SIA,CE,202508,2562766,0211020036,120.0,618.0
SIA,CE,202508,2723611,0211020036,71.0,365.65
SIA,CE,202508,2562871,0211020036,189.0,973.35
SIA,CE,202508,3021114,0206020031,315.0,42969.15
SIA,CE,202508,7434472,0211020036,1475.0,7596.25
SIA,CE,202508,2478080,0211020036,326.0,1678.9
SIA,CE,202508,2675560,0206020015,9.0,780.75
SIA,CE,202508,2561352,0211020036,45.0,231.75
SIA,CE,202508,2665190,0206030010,9.0,1247.67
SIA,CE,202508,2561026,0206010044,23.0,1995.25
SIA,CE,202508,6779522,0206010028,24.0,2426.4
SIA,CE,202508,3021114,0206030029,5.0,433.75
SIA,CE,202508,2561417,0206010028,94.0,9503.4
SIA,CE,202508,2564238,0206010010,11.0,954.36
SIA,CE,202508,2427176,0211020036,55.0,283.25
SIA,CE,202508,2785900,0206020031,10.0,1364.1
SIA,CE,202508,2372967,0206010010,14.0,1214.64
SIA,CE,202508,2527413,0211020036,87.0,448.05
SIA,CE,202508,2529149,0206030029,65.0,5638.75
SIA,CE,202508,2665190,0206010036,7.0,607.32
SIA,CE,202508,2723220,0206010028,16.0,1617.6
SIA,CE,202508,2529149,0206010028,155.0,15670.5
SIA,CE,202508,2564211,0206010044,39.0,3383.25
SIA,CE,202508,7988400,0211020036,281.0,1447.15
SIA,CE,202508,0393029,0206030010,8.0,1109.04
SIA,CE,202508,7047428,0206030029,23.0,1995.25
SIA,CE,202508,2479907,0206020031,43.0,5865.63
SIA,CE,202508,2427125,0206010028,25.0,2527.5
SIA,CE,202508,6779522,0206020031,113.0,15414.33
SIA,CE,202508,2481073,0206030037,3.0,415.89
SIA,CE,202508,4527372,0206030010,56.0,7763.28
SIA,CE,202508,2497654,0206010028,13.0,1314.3
SIA,CE,202508,2563460,0206030010,6.0,831.78
SIA,CE,202508,0086673,0206010028,32.0,3235.2
SIA,CE,202508,2561417,0206020031,173.0,23598.93
SIA,CE,202508,2426579,0206020015,6.0,520.5
SIA,CE,202508,3541428,0206010036,1.0,86.76
SIA,CE,202508,2561026,0206010010,32.0,2776.32
SIA,CE,202508,2425300,0205010016,12.0,1980.0
SIA,CE,202508,2480646,0206030029,4.0,347.0
SIA,CE,202508,5018110,0206010036,7.0,607.32
SIA,CE,202508,2564238,0206010036,7.0,607.32
SIA,CE,202508,2497654,0206010052,7.0,607.25
SIA,CE,202508,2480646,0206030037,12.0,1663.56
SIA,CE,202508,7047428,0206030037,6.0,831.78
SIA,CE,202508,2564211,0206020023,3.0,260.25
SIA,CE,202508,2563460,0206020031,5.0,682.05
SIA,CE,202508,2426579,0206020031,41.0,5592.81
SIA,CE,202508,2426579,0206010036,16.0,1388.16
SIA,CE,202508,2561417,0206010052,5.0,433.75
SIA,CE,202508,0301337,0206010052,1.0,86.75
SIA,CE,202508,6779522,0206010052,4.0,347.0
SIA,CE,202508,2479214,0206010028,16.0,1617.6
SIA,CE,202508,2820234,0206010028,15.0,1516.5
SIA,CE,202508,7061021,0206010028,36.0,3639.6
SIA,CE,202508,0454788,0211020036,27.0,139.05
SIA,CE,202508,2372495,0211020036,77.0,396.55
SIA,CE,202508,2785900,0211020036,155.0,798.25
SIA,CE,202508,2561336,0211020036,47.0,242.05
SIA,CE,202508,2564211,0206010052,68.0,5899.0
SIA,CE,202508,2328100,0211020036,40.0,206.0
SIA,CE,202508,2665190,0206010010,9.0,780.84
SIA,CE,202508,4527372,0206010044,11.0,954.25
SIA,CE,202508,2563460,0206010028,7.0,707.7
SIA,CE,202508,2479028,0206020023,43.0,3730.25
SIA,CE,202508,2561026,0206030010,76.0,10535.88
SIA,CE,202508,2479214,0205010016,3.0,495.0
SIA,CE,202508,2561026,0206020023,13.0,1127.75
SIA,CE,202508,2426579,0206010044,8.0,694.0
SIA,CE,202508,2811200,0206030029,1.0,86.75
SIA,CE,202508,2499363,0206020023,1.0,86.75
SIA,CE,202508,2478927,0211020036,100.0,515.0
SIA,CE,202508,2415488,0206010036,2.0,173.52
SIA,CE,202508,2480050,0211020036,6.0,30.9
SIA,CE,202508,2785900,0206010052,2.0,173.5
SIA,CE,202508,2562154,0211020036,283.0,1457.45
SIA,CE,202508,2561492,0206030029,7.0,607.25
SIA,CE,202508,0301337,0206010028,54.0,5459.4
SIA,CE,202508,6376738,0206010079,5.0,487.2
SIA,CE,202508,2562200,0211020036,71.0,365.65
SIA,CE,202508,2611295,0211020036,6.0,30.9
SIA,CE,202508,2561026,0206020015,6.0,520.5
SIA,CE,202508,6405428,0211020060,7.0,210.0
SIA,CE,202508,2480646,0206010036,3.0,260.28
SIA,CE,202508,2372622,0211020036,55.0,283.25
SIA,CE,202508,2479818,0211020036,50.0,257.5
SIA,CE,202508,5018110,0206010044,8.0,694.0
SIA,CE,202508,2479214,0206010052,5.0,433.75
SIA,CE,202508,2560852,0206030037,18.0,2495.34
SIA,CE,202508,7428383,0211020036,29.0,149.35
SIA,CE,202508,2373971,0206010028,78.0,7885.8
SIA,CE,202508,2479028,0206030037,60.0,8317.8
SIA,CE,202508,2561492,0206010028,13.0,1314.3
SIA,CE,202508,2480646,0206030010,11.0,1524.93
SIA,CE,202508,2373971,0206030029,9.0,780.75
SIA,CE,202508,2564211,0206010036,7.0,607.32
SIA,CE,202508,2563681,0206010028,14.0,1415.4
SIA,CE,202508,2415488,0206010028,6.0,606.6
SIA,CE,202508,2499363,0206020031,59.0,8048.19
SIA,CE,202508,7399626,0211020036,436.0,2245.4
SIA,CE,202508,2820234,0208010033,24.0,9193.68
SIA,CE,202508,2427125,0211020036,236.0,1215.4
SIA,CE,202508,7396805,0211020036,172.0,885.8
SIA,CE,202508,2723220,0206010044,19.0,1648.25
SIA,CE,202508,2723190,0206010028,14.0,1415.4
SIA,CE,202508,2529149,0206010044,755.0,65496.25
SIA,CE,202508,2723190,0206030037,128.0,17744.64
SIA,CE,202508,2723220,0208010033,153.0,58609.71
SIA,CE,202508,5370221,0211020036,113.0,581.95
SIA,CE,202508,2414848,0211020036,127.0,654.05
SIA,CE,202508,2560976,0211020036,90.0,463.5
SIA,CE,202508,9411798,0211020036,388.0,1998.2
SIA,CE,202508,2526638,0206030037,38.0,5267.94
SIA,CE,202508,2526638,0206010044,18.0,1561.5
SIA,CE,202508,2564211,0206030010,277.0,38400.51
SIA,CE,202508,2425599,0211020036,232.0,1194.8
SIA,CE,202508,2554798,0206010010,19.0,1648.44
SIA,CE,202508,2561948,0211020036,5.0,25.75
SIA,CE,202508,2675560,0206030037,172.0,23844.36
SIA,CE,202508,2479028,0206010079,88.0,8574.72
SIA,CE,202508,7992130,0211020036,23.0,118.45
SIA,CE,202508,2328003,0211020036,243.0,1251.45
SIA,CE,202508,2328011,0206030037,45.0,6238.35
SIA,CE,202508,2328011,0206010079,107.0,10426.08
SIA,CE,202508,2561492,0206030037,143.0,19824.09
SIA,CE,202508,2561492,0206010044,24.0,2082.0
SIA,CE,202508,4010825,0211020036,135.0,695.25
SIA,CE,202508,9169695,0211020036,161.0,829.15
SIA,CE,202508,6779522,0206010036,16.0,1388.16
SIA,CE,202508,2427125,0206010010,5.0,433.8
SIA,CE,202508,3021114,0206010036,13.0,1127.88
SIA,CE,202508,2811200,0206010036,11.0,954.36
SIA,CE,202508,2811200,0206030010,17.0,2356.71
SIA,CE,202508,4963938,0211020036,487.0,2508.05
SIA,CE,202508,4527372,0206010052,1.0,86.75
SIA,CE,202508,2372150,0206010010,14.0,1214.64
SIA,CE,202508,2723255,0211020036,120.0,618.0
SIA,CE,202508,2563681,0206020023,5.0,433.75
SIA,CE,202508,2664364,0211020036,111.0,571.65
SIA,CE,202508,2497654,0206020023,1.0,86.75
SIA,CE,202508,2528843,0206010028,5.0,505.5
SIA,CE,202508,2998890,0211020036,202.0,1040.3
SIA,CE,202508,2811200,0206010044,8.0,694.0
SIA,CE,202508,2328119,0211020036,9.0,46.35
SIA,CE,202508,2561026,0206030029,15.0,1301.25
SIA,CE,202508,2526638,0206010028,24.0,2426.4
SIA,CE,202508,2611309,0206010052,2.0,173.5
SIA,CE,202508,0301337,0206030037,31.0,4297.53
SIA,CE,202508,2328011,0206030010,29.0,4020.27
SIA,CE,202508,2372568,0211020036,150.0,772.5
SIA,CE,202508,2564238,0206010044,15.0,1301.25
SIA,CE,202508,7047428,0206010028,8.0,808.8
SIA,CE,202508,2611309,0206010044,9.0,780.75
SIA,CE,202508,2611309,0206010036,8.0,694.08
SIA,CE,202508,2611309,0206020023,1.0,86.75
SIA,CE,202508,2723220,0206030029,8.0,694.0
SIA,CE,202508,2564238,0206030010,9.0,1247.67
SIA,CE,202508,4695623,0211020036,110.0,566.5
SIA,CE,202508,7061021,0206010036,21.0,1821.96
SIA,CE,202508,0086673,0206010036,7.0,607.32
SIA,CE,202508,4963938,0206010028,2.0,202.2
SIA,CE,202508,2372819,0211020036,267.0,1375.05
SIA,CE,202508,2479907,0206010028,11.0,1112.1
SIA,CE,202508,2328399,0211020036,7.0,36.05
SIA,CE,202508,2723190,0206010044,27.0,2342.25
SIA,CE,202508,5723507,0211020036,89.0,458.35
SIA,CE,202508,2811200,0206020023,1.0,86.75
SIA,CE,202508,2564238,0206030029,1.0,86.75
SIA,CE,202508,2554798,0206020015,2.0,173.5
SIA,CE,202508,2372207,0211020036,1.0,5.15
SIA,CE,202508,2373971,0206030037,20.0,2772.6
SIA,CE,202508,2328011,0206010036,26.0,2255.76
SIA,CE,202508,2554798,0206020023,2.0,173.5
SIA,CE,202508,2480646,0206010010,6.0,520.56
SIA,CE,202508,2499037,0211020036,150.0,772.5
SIA,CE,202508,2552086,0206020031,18.0,2455.38
SIA,CE,202508,2528843,0206010044,4.0,347.0
SIA,CE,202508,2563339,0211020036,49.0,252.35
SIA,CE,202508,6376738,0206020031,5.0,682.05
SIA,CE,202508,2554798,0206020031,31.0,4228.71
SIA,CE,202508,0301337,0206030029,5.0,433.75
SIA,CE,202508,2664151,0211020036,89.0,458.35
SIA,CE,202508,2726319,0211020036,28.0,144.2
SIA,CE,202508,2479907,0211020036,330.0,1699.5
SIA,CE,202508,2479214,0211020036,6102.0,31425.3
SIA,CE,202508,2415488,0206030037,12.0,1663.56
SIA,CE,202508,6848710,0211020036,46.0,236.9
SIA,CE,202508,7061021,0211020036,120.0,618.0
SIA,CE,202508,2561018,0211020036,123.0,633.45
SIA,CE,202508,9672427,0211020036,197.0,1014.55
SIA,CE,202508,7051123,0211020036,180.0,927.0
SIA,CE,202508,7018800,0211020036,468.0,2410.2
SIA,CE,202508,2563347,0211020036,33.0,169.95
SIA,CE,202508,2554798,0206010052,3.0,260.25
SIA,CE,202508,2372479,0211020036,239.0,1230.85
SIA,CE,202508,2373971,0206020015,3.0,260.25
SIA,CE,202508,6376738,0206030037,6.0,831.78
SIA,CE,202508,9672427,0206010036,23.0,1995.48
SIA,CE,202508,2426455,0211020036,100.0,515.0
SIA,CE,202508,2665190,0206010044,1.0,86.75
SIA,CE,202508,6848710,0206010028,2.0,202.2
SIA,CE,202508,0393029,0206030037,6.0,831.78
SIA,CE,202508,2372967,0206030037,32.0,4436.16
SIA,CE,202508,2415488,0206010044,3.0,260.25
SIA,CE,202508,2561417,0206010036,15.0,1301.4
SIA,CE,202508,6985483,0211020036,357.0,1838.55
SIA,CE,202508,2664372,0211020036,412.0,2121.8
SIA,CE,202508,6632513,0211020036,119.0,612.85
SIA,CE,202508,2479907,0206010036,3.0,260.28
SIA,CE,202508,2478307,0211020036,27.0,139.05
SIA,CE,202508,0301337,0206010044,8.0,694.0
SIA,CE,202508,2563681,0206010036,14.0,1214.64
SIA,CE,202508,2333856,0211020036,12.0,61.8
SIA,CE,202508,3541428,0206010010,2.0,173.52
SIA,CE,202508,2554798,0206030010,9.0,1247.67
SIA,CE,202508,2561417,0211020036,68.0,350.2
SIA,CE,202508,2427184,0211020036,110.0,566.5
SIA,CE,202508,2372967,0206010044,7.0,607.25
SIA,CE,202508,2372967,0206020015,6.0,520.5
SIA,CE,202508,7047428,0206020031,5.0,682.05
SIA,CE,202508,2560984,0206010036,1.0,86.76
SIA,CE,202508,2561069,0211020036,274.0,1411.1
SIA,CE,202508,7372523,0211020036,300.0,1545.0
SIA,CE,202508,6956963,0211020036,71.0,365.65
SIA,CE,202508,2479893,0211020036,320.0,1648.0
SIA,CE,202508,2665190,0206030029,10.0,867.5
SIA,CE,202508,6405428,0211020036,75.0,386.25
SIA,CE,202508,2806215,0211020036,660.0,3399.0
SIA,CE,202508,2611775,0211020036,130.0,669.5
SIA,CE,202508,2372150,0206030029,15.0,1301.25
SIA,CE,202508,6697518,0211020036,332.0,1709.8
SIA,CE,202508,7044674,0211020036,81.0,417.15
SIA,CE,202508,7072341,0211020036,372.0,1915.8
SIA,CE,202508,2554798,0206010044,8.0,694.0
SIA,CE,202508,0310921,0211020036,354.0,1823.1
SIA,CE,202508,2414864,0211020036,40.0,206.0
SIA,CE,202508,2497654,0206010036,8.0,694.08
SIA,CE,202508,2499363,0206010036,2.0,173.52
SIA,CE,202508,0301337,0206020015,2.0,173.5
SIA,CE,202508,2554658,0211020036,20.0,103.0
SIA,CE,202508,4010868,0211020036,1165.0,5999.75
SIA,CE,202508,2481073,0206030029,3.0,260.25
SIA,CE,202508,2479214,0206010036,3.0,260.28
SIA,CE,202508,2426579,0206020023,1.0,86.75
SIA,CE,202508,2333848,0211020036,20.0,103.0
SIA,CE,202508,6376738,0206010028,3.0,303.3
SIA,CE,202508,2480646,0211020036,233.0,1199.95
SIA,CE,202508,6778798,0211020036,424.0,2183.6
SIA,CE,202508,4010779,0211020036,225.0,1158.75
SIA,CE,202508,2497654,0206030037,167.0,23151.21
SIA,CE,202508,2497654,0206010010,21.0,1821.96
SIA,CE,202508,9672427,0206030037,236.0,32716.68
SIA,CE,202508,0086673,0206030037,44.0,6099.72
SIA,CE,202508,6779522,0206030037,182.0,25230.66
SIA,CE,202508,2724359,0211020036,58.0,298.7
SIA,CE,202508,9672427,0206010010,96.0,8328.96
SIA,CE,202508,2723220,0206020031,500.0,68205.0
SIA,CE,202508,2561492,0206020031,149.0,20325.09
SIA,CE,202508,2529149,0206010010,458.0,39736.08
SIA,CE,202508,2723190,0206020031,215.0,29328.15
SIA,CE,202508,2811200,0206010079,51.0,4969.44
SIA,CE,202508,2564211,0206010079,130.0,12667.2
SIA,CE,202508,2481073,0206010079,61.0,5943.84
SIA,CE,202508,9787399,0211020036,107.0,551.05
SIA,CE,202508,2561492,0206010010,17.0,1474.92
SIA,CE,202508,2561344,0211020036,115.0,592.25
SIA,CE,202508,2564211,0206010028,110.0,11121.0
SIA,CE,202508,2564238,0206010079,235.0,22898.4
SIA,CE,202508,2479028,0206010036,59.0,5118.84
SIA,CE,202508,2480646,0206010079,80.0,7795.2
SIA,CE,202508,2373971,0206020031,34.0,4637.94
SIA,CE,202508,2811200,0206010028,51.0,5156.1
SIA,CE,202508,2675560,0206010079,176.0,17149.44
SIA,CE,202508,2479028,0206010028,136.0,13749.6
SIA,CE,202508,2820234,0208010025,24.0,9804.48
SIA,CE,202508,2499363,0206030037,59.0,8179.17
SIA,CE,202508,2552086,0206030010,10.0,1386.3
SIA,CE,202508,2723220,0208010025,159.0,64954.68
SIA,CE,202508,2479907,0206030037,66.0,9149.58
SIA,CE,202508,2563681,0206030037,94.0,13031.22
SIA,CE,202508,2561026,0206030037,83.0,11506.29
SIA,CE,202508,2479214,0206030037,11.0,1524.93
SIA,CE,202508,0301337,0206010010,17.0,1474.92
SIA,CE,202508,5018110,0206020031,40.0,5456.4
SIA,CE,202508,2373971,0206010010,41.0,3557.16
SIA,CE,202508,2526638,0206020031,32.0,4365.12
SIA,CE,202508,6779522,0206010010,71.0,6159.96
SIA,CE,202508,6848710,0206030037,111.0,15387.93
SIA,CE,202508,2561417,0206010010,16.0,1388.16
SIA,CE,202508,2665190,0206010079,18.0,1753.92
SIA,CE,202508,2479478,0211020036,44.0,226.6
SIA,CE,202508,3021114,0206010052,24.0,2082.0
SIA,CE,202508,2785900,0206030037,38.0,5267.94
SIA,CE,202508,2554798,0206010028,126.0,12738.6
SIA,CE,202508,2481073,0206010036,3.0,260.28
SIA,CE,202508,2563681,0206030029,24.0,2082.0
SIA,CE,202508,7061021,0206030037,192.0,26616.96
SIA,CE,202508,4963938,0206030037,19.0,2633.97
SIA,CE,202508,2561425,0206030037,1.0,138.63
SIA,CE,202508,2611309,0206010010,7.0,607.32
SIA,CE,202508,7469683,0211020036,86.0,442.9
SIA,CE,202508,2561417,0206030037,33.0,4574.79
SIA,CE,202508,2481073,0206010052,4.0,347.0
SIA,CE,202508,2415488,0206010010,2.0,173.52
SIA,CE,202508,2563681,0206010010,17.0,1474.92
SIA,CE,202508,2328011,0206020015,3.0,260.25
SIA,CE,202508,7061021,0206010010,41.0,3557.16
SIA,CE,202508,0951021,0211020036,23.0,118.45
SIA,CE,202508,2481073,0206020031,21.0,2864.61
SIA,CE,202508,2526638,0206010010,10.0,867.6
SIA,CE,202508,2426579,0206010052,7.0,607.25
SIA,CE,202508,2415488,0206020031,6.0,818.46
SIA,CE,202508,2415488,0206010079,12.0,1169.28
SIA,CE,202508,9672427,0206030029,26.0,2255.5
SIA,CE,202508,0086673,0206010010,11.0,954.36
SIA,CE,202508,2561417,0206030029,30.0,2602.5
SIA,CE,202508,2372150,0206020031,14.0,1909.74
SIA,CE,202508,6999506,0211020036,450.0,2317.5
SIA,CE,202508,3541428,0206030029,1.0,86.75
SIA,CE,202508,5018110,0206030029,15.0,1301.25
SIA,CE,202508,2414872,0211020036,1.0,5.15
SIA,CE,202508,2427125,0206030037,8.0,1109.04
SIA,CE,202508,2427125,0206030010,42.0,5822.46
SIA,CE,202508,2333813,0211020036,76.0,391.4
SIA,CE,202508,2528843,0206030037,4.0,554.52
SIA,CE,202508,0301337,0206020031,10.0,1364.1
SIA,CE,202508,2564238,0206010028,13.0,1314.3
SIA,CE,202508,2373513,0211020036,134.0,690.1
SIA,CE,202508,3021114,0206020023,1.0,86.75
SIA,CE,202508,2561026,0206010036,12.0,1041.12
SIA,CE,202508,4527372,0206030029,6.0,520.5
SIA,CE,202508,2563681,0211020036,118.0,607.7
SIA,CE,202508,7006810,0211020036,293.0,1508.95
SIA,CE,202508,7389272,0211020036,200.0,1030.0
SIA,CE,202508,3021114,0206010079,460.0,44822.4
SIA,CE,202508,0393029,0206020031,6.0,818.46
SIA,CE,202508,3021114,0206030037,296.0,41034.48
SIA,CE,202508,3541428,0206030037,67.0,9288.21
SIA,CE,202508,2372967,0211020036,58.0,298.7
SIA,CE,202508,2723220,0211020036,306.0,1575.9
SIA,CE,202508,2561492,0211020036,942.0,4851.3
SIA,CE,202508,2480646,0206020031,16.0,2182.56
SIA,CE,202508,2611309,0206020031,38.0,5183.58
SIA,CE,202508,2426579,0206030037,64.0,8872.32
SIA,CE,202508,4527372,0206020015,5.0,433.75
SIA,CE,202508,2723190,0206010036,10.0,867.6
SIA,CE,202508,2675560,0206020023,6.0,520.5
SIA,CE,202508,2529149,0206010036,88.0,7634.88
SIA,CE,202508,2480646,0206010044,22.0,1908.5
SIA,CE,202508,9361359,0211020036,100.0,515.0
SIA,CE,202508,2426579,0206010079,146.0,14226.24
SIA,CE,202508,0959529,0211020036,12.0,61.8
SIA,CE,202508,4527372,0206030037,57.0,7901.91
SIA,CE,202508,2561492,0211020060,127.0,3810.0
SIA,CE,202508,2481073,0206030010,38.0,5267.94
SIA,CE,202508,4665406,0211020036,106.0,545.9
SIA,CE,202508,4527372,0206010036,6.0,520.56
SIA,CE,202508,2372150,0206020023,2.0,173.5
SIA,CE,202508,2561492,0206010036,6.0,520.56
SIA,CE,202508,2806339,0211020036,15.0,77.25
SIA,CE,202508,2529149,0206020023,100.0,8675.0
SIA,CE,202508,2373971,0206010036,30.0,2602.8
SIA,CE,202508,2723220,0206010010,8.0,694.08
SIA,CE,202508,6779522,0206030029,14.0,1214.5
SIA,CE,202508,2611309,0206010028,57.0,5762.7
SIA,CE,202508,2479214,0206010010,8.0,694.08
SIA,CE,202508,0301337,0206010036,7.0,607.32
SIA,CE,202508,2481073,0206010044,9.0,780.75
SIA,CE,202508,2675560,0206020031,57.0,7775.37
SIA,CE,202508,2560852,0206010044,5.0,433.75
SIA,CE,202508,6848710,0206010010,4.0,347.04
SIA,CE,202508,3541428,0206020031,18.0,2455.38
SIA,CE,202508,2497654,0206030029,3.0,260.25
SIA,CE,202508,2372150,0206030037,36.0,4990.68
SIA,CE,202508,2561026,0206010052,1.0,86.75
SIA,CE,202508,2499363,0206030029,2.0,173.5
SIA,CE,202508,7569793,0211020036,67.0,345.05
SIA,CE,202508,0393029,0206010079,13.0,1266.72
SIA,CE,202508,2373971,0206010079,171.0,16662.24
SIA,CE,202508,2723220,0206010079,54.0,5261.76
SIA,CE,202508,2328011,0206010010,96.0,8328.96
SIA,CE,202508,7501366,0211020036,795.0,4094.25
SIA,CE,202508,2560852,0206030010,42.0,5822.46
SIA,CE,202508,2560828,0211020036,111.0,571.65
SIA,CE,202508,2516640,0211020036,15.0,77.25
SIA,CE,202508,2528282,0211020036,103.0,530.45
SIA,CE,202508,2723190,0206010079,63.0,6138.72
SIA,CE,202508,2333902,0211020036,57.0,293.55
SIA,CE,202508,2723220,0206020023,10.0,867.5
SIA,CE,202508,2562146,0211020036,7.0,36.05
SIA,CE,202508,2497654,0206010044,36.0,3123.0
SIA,CE,202508,2561492,0205010016,21.0,3465.0
SIA,CE,202508,2560984,0206020031,1.0,136.41
SIA,CE,202508,2564211,0206020015,8.0,694.0
SIA,CE,202508,7381158,0211020036,217.0,1117.55
SIA,CE,202508,2554798,0206030029,6.0,520.5
SIA,CE,202508,2526638,0206010079,50.0,4872.0
SIA,CE,202508,0301337,0206010079,21.0,2046.24
SIA,CE,202508,2675560,0206010044,20.0,1735.0
SIA,CE,202508,2479214,0206010044,32.0,2776.0
SIA,CE,202508,2563460,0206030037,5.0,693.15
SIA,CE,202508,2426315,0211020036,346.0,1781.9
SIA,CE,202508,2611309,0206030037,94.0,13031.22
SIA,CE,202508,2611309,0206030010,89.0,12338.07
SIA,CE,202508,0086673,0206010044,23.0,1995.25
SIA,CE,202508,2372509,0211020036,37.0,190.55
SIA,CE,202508,9672427,0206010044,154.0,13359.5
SIA,CE,202508,2479028,0206010044,8.0,694.0
SIA,CE,202508,2561492,0206010079,59.0,5748.96
SIA,CE,202508,2415488,0206030010,14.0,1940.82
SIA,CE,202508,2479907,0211020060,76.0,2280.0
SIA,CE,202508,2479907,0206020015,1.0,86.75
SIA,CE,202508,2560852,0206010036,4.0,347.04
SIA,CE,202508,2527685,0211020036,20.0,103.0
SIA,CE,202508,2526638,0206010036,13.0,1127.88
SIA,CE,202508,4527372,0206010079,144.0,14031.36
SIA,CE,202508,4527372,0206010010,13.0,1127.88
SIA,CE,202508,2562499,0211020036,2.0,10.3
SIA,CE,202508,2704404,0206010044,59.0,5118.25
SIA,CE,202508,6632513,0211020060,18.0,540.0
SIA,CE,202508,2373971,0206010044,1.0,86.75
SIA,CE,202508,7061021,0206010044,90.0,7807.5
SIA,CE,202508,9672427,0206020015,14.0,1214.5
SIA,CE,202508,6779522,0206010044,99.0,8588.25
SIA,CE,202508,2563681,0206020015,9.0,780.75
SIA,CE,202508,2479907,0206010044,49.0,4250.75
SIA,CE,202508,2427125,0206010036,6.0,520.56
SIA,CE,202508,2785900,0206010010,1.0,86.76
SIA,CE,202508,2427125,0206030029,8.0,694.0
SIA,CE,202508,2481073,0206020023,2.0,173.5
SIA,CE,202508,2372487,0211020036,219.0,1127.85
SIA,CE,202508,7514948,0211020036,555.0,2858.25
SIA,CE,202508,4527372,0211020036,25.0,128.75
SIA,CE,202508,5018110,0206030037,46.0,6376.98
SIA,CE,202508,2427125,0206020031,13.0,1773.33
SIA,CE,202508,6778798,0211020060,38.0,1140.0
SIA,CE,202508,2664666,0211020036,52.0,267.8
SIA,CE,202508,2372967,0206010036,2.0,173.52
SIA,CE,202508,2372967,0206030029,10.0,867.5
SIA,CE,202508,2611309,0206030029,6.0,520.5
SIA,CE,202508,7403224,0211020060,31.0,930.0
SIA,CE,202508,4963938,0206010036,1.0,86.76
SIA,CE,202508,6779522,0206020015,17.0,1474.75
SIA,CE,202508,2526654,0211020036,47.0,242.05
SIA,CE,202508,4963938,0206010044,1.0,86.75
SIA,CE,202508,2611058,0211020036,110.0,566.5
SIA,CE,202508,2481073,0211020036,159.0,818.85
SIA,CE,202508,2528843,0206010079,15.0,1461.6
SIA,CE,202508,6848710,0206010044,7.0,607.25
SIA,CE,202508,2371847,0211020036,73.0,375.95
SIA,CE,202508,2562138,0211020036,77.0,396.55
SIA,CE,202508,2560852,0206020031,21.0,2864.61
SIA,CE,202508,2481073,0206010010,12.0,1041.12
SIA,CE,202508,2560852,0206010052,1.0,86.75
SIA,CE,202508,7376928,0211020036,84.0,432.6
SIA,CE,202508,5018110,0206010010,19.0,1648.44
SIA,CE,202508,9241477,0211020036,53.0,272.95
SIA,CE,202508,2665190,0206020031,6.0,818.46
SIA,CE,202508,2499339,0211020036,189.0,973.35
SIA,CE,202508,2528673,0211020036,87.0,448.05
SIA,CE,202508,2479214,0206020015,3.0,260.25
SIA,CE,202508,0183229,0211020036,431.0,2219.65
SIA,CE,202508,2497654,0211020036,1173.0,6040.95
SIA,CE,202508,2427125,0206020015,2.0,173.5
SIA,CE,202508,4527372,0206020031,22.0,3001.02
SIA,CE,202508,4527372,0206020023,5.0,433.75
SIA,CE,202508,7382626,0211020060,46.0,1380.0
SIA,CE,202508,2564211,0211020036,227.0,1169.05
SIA,CE,202508,2479214,0211020060,208.0,6240.0
SIA,CE,202508,2664283,0211020036,25.0,128.75
SIA,CE,202508,2554798,0206010036,13.0,1127.88
SIA,CE,202508,2426072,0211020036,6.0,30.9
SIA,CE,202508,2552086,0211020036,384.0,1977.6
SIA,CE,202508,2560852,0211020036,147.0,757.05
SIA,CE,202508,2373971,0206020023,11.0,954.25
SIA,CE,202508,7262698,0211020036,220.0,1133.0
SIA,CE,202508,7044674,0211020060,46.0,1380.0
SIA,CE,202508,2478277,0211020036,1.0,5.15
SIA,CE,202508,9275134,0211020036,313.0,1611.95
SIA,CE,202508,2723220,0206010036,6.0,520.56
SIA,CE,202508,2479710,0211020036,214.0,1102.1
SIA,CE,202508,7051123,0211020060,50.0,1500.0
SIA,CE,202508,2723212,0211020036,1.0,5.15
SIA,CE,202508,2563681,0206010044,24.0,2082.0
SIA,CE,202508,7320418,0211020060,21.0,630.0
SIA,CE,202508,7320418,0211020036,98.0,504.7
SIA,CE,202508,7376928,0211020060,6.0,180.0
SIA,CE,202508,2481073,0206020015,2.0,173.5
SIA,CE,202508,7061021,0206020015,5.0,433.75
SIA,CE,202508,2563460,0211020036,75.0,386.25
SIA,CE,202508,6668828,0211020036,7.0,36.05
SIA,CE,202508,2561417,0206010044,14.0,1214.5
SIA,CE,202508,2561417,0206020015,9.0,780.75
SIA,CE,202508,6376738,0206030010,10.0,1386.3
SIA,CE,202508,2527669,0211020036,39.0,200.85
SIA,CE,202508,2564238,0211020036,12.0,61.8
SIA,CE,202508,5314194,0211020036,146.0,751.9
SIA,CE,202508,2479028,0206010052,1.0,86.75
SIA,CE,202508,2561492,0211020010,57.0,41612.28
SIA,CE,202508,2499363,0211020036,251.0,1292.65
SIA,CE,202508,0086673,0206030029,3.0,260.25
SIA,CE,202508,2723182,0211020036,3.0,15.45
SIA,CE,202508,2820234,0206010095,36.0,75859.92
SIA,CE,202508,7274440,0211020036,286.0,1472.9
SIA,CE,202508,2479214,0206030029,1.0,86.75
SIA,CE,202508,2663929,0211020036,7.0,36.05
SIA,CE,202508,7403224,0211020036,155.0,798.25
SIA,CE,202508,7405529,0211020036,206.0,1060.9
SIA,CE,202508,7420501,0211020036,350.0,1802.5
SIA,CE,202508,7382626,0206010028,3.0,0.0
SIA,CE,202508,7382626,0206010010,1.0,0.0
SIA,CE,202508,2564580,0211020036,48.0,247.2
SIA,CE,202508,2724308,0211020036,232.0,1194.8
SIA,CE,202508,2425300,0211020010,25.0,18251.0
SIA,CE,202508,2561050,0211020036,121.0,623.15
SIA,CE,202508,4653483,0211020036,200.0,1030.0
SIA,CE,202508,2328437,0211020036,50.0,257.5
SIA,CE,202508,2611481,0211020036,191.0,983.65
SIA,CE,202508,7710941,0211020036,419.0,2157.85
SIA,CE,202508,7360851,0211020036,409.0,2106.35
SIA,CE,202508,7382626,0211020036,20.0,103.0
SIA,CE,202508,2479427,0211020036,60.0,309.0
SIA,CE,202508,2526670,0211020036,30.0,154.5
SIA,CE,202508,7371888,0211020036,12.0,61.8
SIA,CE,202508,2415623,0211020036,178.0,916.7
SIA,CE,202508,2611686,0211020036,1.0,5.15
SIA,CE,202508,7021321,0211020036,1.0,5.15
SIA,CE,202508,2479907,0206010010,1.0,86.76
SIA,CE,202508,2499363,0206010044,6.0,520.5
SIA,CE,202508,2479990,0211020036,2.0,10.3
SIA,CE,202508,7061021,0206030029,3.0,260.25
SIA,CE,202508,2479214,0211020010,54.0,39422.16
SIA,CE,202508,2516632,0211020036,27.0,139.05
SIA,CE,202508,4010868,0211020010,64.0,46722.56
SIA,CE,202508,0107239,0211020036,2.0,10.3
SIA,CE,202508,2499363,0206010028,9.0,909.9
SIA,CE,202508,2785900,0206010028,3.0,303.3
SIA,CE,202508,2526662,0206010028,1.0,101.1
SIA,CE,202508,2372967,0206020023,2.0,173.5
SIA,CE,202508,2560852,0206020015,2.0,173.5
SIA,CE,202508,2560992,0211020036,43.0,221.45
SIA,CE,202508,2611201,0211020036,325.0,1673.75
SIA,CE,202508,2480646,0206020015,3.0,260.25
SIA,CE,202508,2560984,0206030037,1.0,138.63
SIA,CE,202508,2723190,0206030029,3.0,260.25
SIA,CE,202508,2427125,0206010052,1.0,86.75
SIA,CE,202508,2665190,0206030037,4.0,554.52
SIA,CE,202508,2414996,0211020036,34.0,175.1
SIA,CE,202508,4963938,0206010010,1.0,86.76
SIA,CE,202508,6542816,0211020036,7.0,36.05
SIA,CE,202508,2554518,0211020036,96.0,494.4
SIA,CE,202508,2482509,0211020036,51.0,262.65
SIA,CE,202508,0393029,0206010028,2.0,202.2
SIA,CE,202508,2529246,0211020036,199.0,1024.85
SIA,CE,202508,7918445,0211020036,84.0,432.6
SIA,CE,202508,2529149,0211020036,139.0,715.85
SIA,CE,202508,2516691,0211020036,95.0,489.25
SIA,CE,202508,2528754,0211020036,83.0,427.45
SIA,CE,202508,0086673,0206020031,9.0,1227.69
SIA,CE,202508,7993218,0211020036,600.0,3090.0
SIA,CE,202508,2841118,0211020036,36.0,185.4
SIA,CE,202508,2527677,0211020036,137.0,705.55
SIA,CE,202508,2528738,0211020036,128.0,659.2
SIA,CE,202508,4644042,0211020036,3.0,15.45
SIA,CE,202508,2564211,0208010025,1.0,408.52
SIA,CE,202508,2561441,0211020036,417.0,2147.55
SIA,CE,202508,2705923,0211020036,130.0,669.5
SIA,CE,202508,2328402,0211020036,95.0,489.25
SIA,CE,202508,2529238,0211020036,184.0,947.6
SIA,CE,202508,2327961,0211020036,108.0,556.2
SIA,CE,202508,2561115,0211020036,74.0,381.1
SIA,CE,202508,2561158,0211020036,72.0,370.8
SIA,CE,202508,2482304,0211020036,88.0,453.2
SIA,CE,202508,2528959,0211020036,49.0,252.35
SIA,CE,202508,9280669,0211020036,37.0,190.55
SIA,CE,202508,4913272,0211020036,40.0,206.0
SIA,CE,202508,7429398,0211020036,471.0,2425.65
SIA,CE,202508,2611252,0211020036,7.0,36.05
SIA,CE,202508,2415593,0211020036,40.0,206.0
SIA,CE,202508,2529114,0211020036,65.0,334.75
SIA,CE,202508,7890389,0211020036,37.0,190.55
SIA,CE,202508,2482088,0211020036,79.0,406.85
SIA,CE,202508,3283437,0211020036,95.0,489.25
SIA,CE,202508,2328046,0211020036,188.0,968.2
SIA,CE,202508,2563460,0206010036,1.0,86.76
SIA,CE,202508,3302490,0211020036,80.0,412.0
SIA,CE,202508,6376738,0206010010,1.0,86.76
SIA,CE,202508,2482444,0211020036,75.0,386.25
SIA,CE,202508,2516683,0211020036,103.0,530.45
SIA,CE,202508,2560984,0211020036,173.0,890.95
SIA,CE,202508,2564734,0211020036,163.0,839.45
SIA,CE,202508,9190201,0211020036,18.0,92.7
SIA,CE,202508,4010868,0211020060,59.0,1770.0
SIA,CE,202508,2481375,0211020036,70.0,360.5
SIA,CE,202508,2482452,0211020036,80.0,412.0
SIA,CE,202508,2563487,0211020036,74.0,381.1
SIA,CE,202508,0245496,0211020036,43.0,221.45
SIA,CE,202508,3759148,0211020036,62.0,319.3
SIA,CE,202508,2849798,0211020036,197.0,1014.55
SIA,CE,202508,2561395,0211020036,380.0,1957.0
SIA,CE,202508,2372673,0211020036,20.0,103.0
SIA,CE,202508,7904339,0211020036,49.0,252.35
SIA,CE,202508,2373971,0211020036,424.0,2183.6
SIA,CE,202508,2554623,0211020036,162.0,834.3
SIA,CE,202508,2563460,0206030029,2.0,173.5
SIA,CE,202508,2664690,0211020036,72.0,370.8
SIA,CE,202508,2529068,0211020036,5.0,25.75
SIA,CE,202508,2611643,0211020036,45.0,231.75
SIA,CE,202508,9044515,0211020036,86.0,442.9
SIA,CE,202508,2482193,0211020036,1.0,5.15
SIA,CE,202508,2811200,0206020015,2.0,173.5
SIA,CE,202508,4734327,0211020036,62.0,319.3
SIA,CE,202508,2478374,0211020036,108.0,556.2
SIA,CE,202508,9526293,0211020036,409.0,2106.35
SIA,CE,202508,9574514,0211020036,51.0,262.65
SIA,CE,202508,2561042,0211020036,107.0,551.05
SIA,CE,202508,7047428,0211020060,19.0,570.0
SIA,CE,202508,7047428,0211020036,671.0,3455.65
SIA,CE,202508,2561468,0211020036,149.0,767.35
SIA,CE,202508,7396368,0211020036,302.0,1555.3
SIA,CE,202508,2482320,0211020036,142.0,731.3
SIA,CE,202508,2478137,0211020036,50.0,257.5
SIA,CE,202508,2479419,0211020036,220.0,1133.0
SIA,CE,202508,2561409,0211020036,100.0,515.0
SIA,CE,202508,2563681,0206010052,2.0,173.5
SIA,CE,202508,2880326,0211020036,90.0,463.5
SIA,CE,202508,2651394,0211020036,73.0,375.95
SIA,CE,202508,2562316,0211020036,533.0,2744.95
SIA,CE,202508,6848710,0206010052,5.0,433.75
SIA,CE,202508,2610523,0211020036,35.0,180.25
SIA,CE,202508,2561298,0211020036,89.0,458.35
SIA,CE,202508,2675560,0211020036,191.0,983.65
SIA,CE,202508,2479907,0206010052,1.0,86.75
SIA,CE,202508,2563460,0206020015,1.0,86.75
SIA,CE,202508,7047428,0206030010,2.0,277.26
SIA,CE,202508,0263672,0211020036,188.0,968.2
SIA,CE,202508,2333864,0211020036,112.0,576.8
SIA,CE,202508,2552191,0211020036,109.0,561.35
SIA,CE,202508,2554798,0211020036,434.0,2235.1
SIA,CE,202508,0228753,0211020036,391.0,2013.65
SIA,CE,202508,4527372,0206010060,1.0,97.44
SIA,CE,202508,2561425,0206010028,1.0,101.1
SIA,CE,202508,7077971,0211020036,200.0,1030.0
SIA,CE,202508,2560984,0206030010,3.0,415.89
SIA,CE,202508,2479028,0211020036,361.0,1859.15
SIA,CE,202508,2561425,0206030010,1.0,138.63
SIA,CE,202508,2726351,0211020036,82.0,422.3
SIA,CE,202508,2527693,0211020036,371.0,1910.65
SIA,CE,202508,2373475,0211020036,80.0,412.0
SIA,CE,202508,6893295,0211020036,484.0,2492.6
SIA,CE,202508,2564211,0208010033,1.0,383.07
SIA,CE,202508,2665190,0206020015,1.0,86.75
SIA,CE,202508,2374064,0211020036,152.0,782.8
SIA,CE,202508,7047428,0206010010,1.0,86.76
SIA,CE,202508,2561891,0211020036,144.0,741.6
SIA,CE,202508,2372150,0206010060,1.0,97.44
SIA,CE,202508,2415488,0211020036,508.0,2616.2
SIA,CE,202508,2528843,0206010036,1.0,86.76
SIA,CE,202508,2415372,0211020036,139.0,715.85
SIA,CE,202508,7043597,0211020036,230.0,1184.5
SIA,CE,202508,6376738,0206030029,1.0,86.75
SIA,CE,202508,7047428,0206010036,1.0,86.76
SIA,CE,202508,2561425,0211020036,98.0,504.7
SIA,CE,202508,2327171,0211020036,40.0,206.0
SIA,CE,202508,2373270,0211020036,230.0,1184.5
SIA,CE,202508,7980310,0211020036,600.0,3090.0
SIA,CE,202509,7420501,0206030010,117.0,16219.71
SIA,CE,202509,7061021,0206020031,243.0,33147.63
SIA,CE,202509,7061021,0206030010,284.0,39370.92
SIA,CE,202509,7061021,0206030037,270.0,37430.1
SIA,CE,202509,6848710,0206030010,112.0,15526.56
SIA,CE,202509,7420501,0206010028,481.0,48629.1
SIA,CE,202509,7420501,0206010044,32.0,2776.0
SIA,CE,202509,7420501,0206020031,117.0,15959.97
SIA,CE,202509,6848710,0206010079,134.0,13056.96
SIA,CE,202509,7420501,0206010036,127.0,11018.52
SIA,CE,202509,7061021,0206010079,336.0,32739.84
SIA,CE,202509,2529149,0206010044,645.0,55953.75
SIA,CE,202509,2529149,0206010079,3371.0,328470.24
SIA,CE,202509,2529149,0206010010,396.0,34356.96
SIA,CE,202509,2529149,0206020031,261.0,35603.01
SIA,CE,202509,2526662,0206010079,1.0,97.44
SIA,CE,202509,7420501,0206010010,208.0,18046.08
SIA,CE,202509,6848710,0206020031,36.0,4910.76
SIA,CE,202509,7420501,0206010079,194.0,18903.36
SIA,CE,202509,2529149,0206030010,179.0,24814.77
SIA,CE,202509,2529149,0206010028,135.0,13648.5
SIA,CE,202509,2529149,0206030037,215.0,29805.45
SIA,CE,202509,2526662,0211020036,388.0,1998.2
SIA,CE,202509,7396732,0211020036,22.0,113.3
SIA,CE,202509,2561425,0206030037,2.0,277.26
SIA,CE,202509,7061021,0206030029,8.0,694.0
SIA,CE,202509,2529149,0206010036,67.0,5812.92
SIA,CE,202509,2529149,0206020015,30.0,2602.5
SIA,CE,202509,2529149,0206020023,80.0,6940.0
SIA,CE,202509,7420501,0206010052,4.0,347.0
SIA,CE,202509,7061021,0206010010,69.0,5986.44
SIA,CE,202509,2529149,0206030029,42.0,3643.5
SIA,CE,202509,7420501,0206030029,44.0,3817.0
SIA,CE,202509,6848710,0206010036,3.0,260.28
SIA,CE,202509,2560984,0206020015,5.0,433.75
SIA,CE,202509,7420501,0206020015,25.0,2168.75
SIA,CE,202509,7420501,0206030037,117.0,16219.71
SIA,CE,202509,7061021,0206010052,25.0,2168.75
SIA,CE,202509,7061021,0206010044,129.0,11190.75
SIA,CE,202509,2529149,0206010052,86.0,7460.5
SIA,CE,202509,7061021,0206020015,12.0,1041.0
SIA,CE,202509,7061021,0206010036,22.0,1908.72
SIA,CE,202509,7405529,0206010028,100.0,10110.0
SIA,CE,202509,7405529,0206010079,88.0,8574.72
SIA,CE,202509,7988400,0211020036,290.0,1493.5
SIA,CE,202509,6779522,0206010010,67.0,5812.92
SIA,CE,202509,6779522,0206010079,536.0,52227.84
SIA,CE,202509,2560976,0211020036,342.0,1761.3
SIA,CE,202509,7501366,0211020036,767.0,3950.05
SIA,CE,202509,9787399,0211020036,204.0,1050.6
SIA,CE,202509,6779522,0206030037,176.0,24398.88
SIA,CE,202509,0086673,0206030010,38.0,5267.94
SIA,CE,202509,0086673,0211020036,243.0,1251.45
SIA,CE,202509,0086673,0206030037,66.0,9149.58
SIA,CE,202509,0086673,0206010028,32.0,3235.2
SIA,CE,202509,2480646,0206030037,14.0,1940.82
SIA,CE,202509,2528843,0206020031,7.0,954.87
SIA,CE,202509,2426579,0206030010,48.0,6654.24
SIA,CE,202509,2328011,0206010079,103.0,10036.32
SIA,CE,202509,7061021,0206010028,34.0,3437.4
SIA,CE,202509,2426579,0206010079,116.0,11303.04
SIA,CE,202509,2611309,0206010028,50.0,5055.0
SIA,CE,202509,2611309,0206030037,112.0,15526.56
SIA,CE,202509,2611309,0206010079,169.0,16467.36
SIA,CE,202509,2426579,0206020023,2.0,173.5
SIA,CE,202509,0086673,0206010079,32.0,3118.08
SIA,CE,202509,0086673,0206010044,33.0,2862.75
SIA,CE,202509,2414848,0211020036,270.0,1390.5
SIA,CE,202509,2527685,0211020036,19.0,97.85
SIA,CE,202509,2561026,0206030010,43.0,5961.09
SIA,CE,202509,6779522,0206030010,143.0,19824.09
SIA,CE,202509,6779522,0206010028,24.0,2325.3
SIA,CE,202509,2722917,0211020036,220.0,1133.0
SIA,CE,202509,2426579,0206020031,34.0,4637.94
SIA,CE,202509,2328011,0206010028,112.0,11323.2
SIA,CE,202509,6779522,0206010044,112.0,9716.0
SIA,CE,202509,2561336,0211020036,104.0,535.6
SIA,CE,202509,7051123,0206010079,86.0,8379.84
SIA,CE,202509,7051123,0206020031,10.0,1364.1
SIA,CE,202509,7051123,0206030010,28.0,3881.64
SIA,CE,202509,4010779,0211020036,77.0,396.55
SIA,CE,202509,2480646,0206030010,14.0,1940.82
SIA,CE,202509,2561026,0206010044,15.0,1301.25
SIA,CE,202509,2561026,0206030037,53.0,7347.39
SIA,CE,202509,0086673,0206030029,4.0,347.0
SIA,CE,202509,6848710,0206030037,111.0,15387.93
SIA,CE,202509,2426579,0206030037,66.0,9149.58
SIA,CE,202509,2811200,0206010079,34.0,3312.96
SIA,CE,202509,6848710,0206010044,13.0,1127.75
SIA,CE,202509,2425300,0211020036,1299.0,6689.85
SIA,CE,202509,2611309,0206030029,17.0,1474.75
SIA,CE,202509,2373971,0206010079,152.0,14810.88
SIA,CE,202509,2480646,0206010079,62.0,6041.28
SIA,CE,202509,2723212,0211020036,26.0,133.9
SIA,CE,202509,6779522,0206030029,14.0,1214.5
SIA,CE,202509,2480646,0206010028,17.0,1718.7
SIA,CE,202509,2328437,0211020036,50.0,257.5
SIA,CE,202509,2561026,0206010079,64.0,6236.16
SIA,CE,202509,2480646,0206020031,20.0,2728.2
SIA,CE,202509,2372509,0211020036,52.0,267.8
SIA,CE,202509,2478994,0211020036,44.0,226.6
SIA,CE,202509,7051123,0206030029,10.0,867.5
SIA,CE,202509,7051123,0206030037,45.0,6238.35
SIA,CE,202509,5393027,0211020036,203.0,1045.45
SIA,CE,202509,2425300,0211020060,21.0,630.0
SIA,CE,202509,2372819,0211020036,203.0,1045.45
SIA,CE,202509,6619908,0211020036,50.0,257.5
SIA,CE,202509,2811200,0206010028,80.0,8088.0
SIA,CE,202509,2373971,0206010010,38.0,3296.88
SIA,CE,202509,2373971,0206010052,32.0,2776.0
SIA,CE,202509,2373971,0206020023,8.0,694.0
SIA,CE,202509,2373971,0206020031,27.0,3683.07
SIA,CE,202509,2415488,0206010010,4.0,347.04
SIA,CE,202509,7051123,0206010028,94.0,9503.4
SIA,CE,202509,7051123,0206010036,9.0,780.84
SIA,CE,202509,2328011,0206010010,61.0,5292.36
SIA,CE,202509,4913272,0211020036,18.0,92.7
SIA,CE,202509,2372460,0211020036,36.0,185.4
SIA,CE,202509,2328011,0206020031,33.0,4501.53
SIA,CE,202509,2561026,0206010010,18.0,1561.68
SIA,CE,202509,6779522,0206020031,101.0,13777.41
SIA,CE,202509,2328011,0206030029,7.0,607.25
SIA,CE,202509,0393029,0206010079,19.0,1851.36
SIA,CE,202509,0393029,0206020015,2.0,173.5
SIA,CE,202509,2426579,0206010036,24.0,2082.24
SIA,CE,202509,2560828,0211020036,117.0,602.55
SIA,CE,202509,7051123,0206010044,10.0,867.5
SIA,CE,202509,0310921,0206020031,78.0,10639.98
SIA,CE,202509,0310921,0206010079,266.0,25919.04
SIA,CE,202509,2611309,0206030010,111.0,15387.93
SIA,CE,202509,9361359,0211020036,100.0,515.0
SIA,CE,202509,2611309,0206020031,60.0,8184.6
SIA,CE,202509,2611309,0206020023,10.0,867.5
SIA,CE,202509,0310921,0206030010,85.0,11783.55
SIA,CE,202509,0310921,0206010028,362.0,36598.2
SIA,CE,202509,7434472,0211020036,1611.0,8296.65
SIA,CE,202509,2497654,0206030010,267.0,37014.21
SIA,CE,202509,2561417,0206030029,12.0,1041.0
SIA,CE,202509,2497654,0206010010,15.0,1301.4
SIA,CE,202509,2497654,0206010079,317.0,30888.48
SIA,CE,202509,4527372,0206010028,56.0,5661.6
SIA,CE,202509,0310921,0206010010,99.0,8589.24
SIA,CE,202509,2481375,0211020036,74.0,381.1
SIA,CE,202509,9411798,0211020036,404.0,2080.6
SIA,CE,202509,2528843,0206010028,17.0,1718.7
SIA,CE,202509,2528843,0206010010,1.0,86.76
SIA,CE,202509,2328011,0206010044,16.0,1388.0
SIA,CE,202509,0301337,0206010028,39.0,3942.9
SIA,CE,202509,2479028,0206010036,70.0,6073.2
SIA,CE,202509,2785900,0206030010,28.0,3881.64
SIA,CE,202509,2497654,0206030037,127.0,17606.01
SIA,CE,202509,0310921,0206030037,101.0,14001.63
SIA,CE,202509,2785900,0206010079,35.0,3410.4
SIA,CE,202509,2724359,0211020036,44.0,226.6
SIA,CE,202509,7389272,0211020036,200.0,1030.0
SIA,CE,202509,7428383,0211020036,29.0,149.35
SIA,CE,202509,2527707,0211020036,405.0,2085.75
SIA,CE,202509,2480050,0211020036,332.0,1709.8
SIA,CE,202509,7381158,0211020036,210.0,1081.5
SIA,CE,202509,3541428,0206030037,53.0,7347.39
SIA,CE,202509,2561026,0206020031,17.0,2318.97
SIA,CE,202509,2561026,0206010028,31.0,3134.1
SIA,CE,202509,2611309,0206010044,16.0,1388.0
SIA,CE,202509,9574514,0211020036,67.0,345.05
SIA,CE,202509,2611309,0206020015,5.0,433.75
SIA,CE,202509,0310921,0206010036,46.0,3990.96
SIA,CE,202509,4963938,0206020031,41.0,5592.81
SIA,CE,202509,0310921,0206030029,18.0,1561.5
SIA,CE,202509,0310921,0206010044,25.0,2168.75
SIA,CE,202509,3541428,0206030010,52.0,7208.76
SIA,CE,202509,3541428,0206020031,15.0,2046.15
SIA,CE,202509,2480646,0206010044,18.0,1561.5
SIA,CE,202509,2479028,0206030037,44.0,6099.72
SIA,CE,202509,2562871,0211020036,241.0,1241.15
SIA,CE,202509,2497654,0206010044,56.0,4858.0
SIA,CE,202509,2561417,0206010028,36.0,3639.6
SIA,CE,202509,2785900,0206030037,31.0,4297.53
SIA,CE,202509,4527372,0211020036,23.0,118.45
SIA,CE,202509,4527372,0206020031,27.0,3683.07
SIA,CE,202509,2426579,0206010028,99.0,10008.9
SIA,CE,202509,4527372,0206030037,55.0,7624.65
SIA,CE,202509,2479907,0206010079,225.0,21924.0
SIA,CE,202509,2479907,0206030010,74.0,10258.62
SIA,CE,202509,2328011,0206030037,40.0,5545.2
SIA,CE,202509,2479028,0206010028,125.0,12637.5
SIA,CE,202509,2785900,0206010010,2.0,173.52
SIA,CE,202509,2373971,0206010028,69.0,6975.9
SIA,CE,202509,2526662,0206030010,4.0,554.52
SIA,CE,202509,4527372,0206010079,126.0,12277.44
SIA,CE,202509,2426579,0206010044,5.0,433.75
SIA,CE,202509,2328011,0206030010,24.0,3327.12
SIA,CE,202509,2415488,0211020036,456.0,2348.4
SIA,CE,202509,2479907,0206030037,69.0,9565.47
SIA,CE,202509,2479907,0206020031,57.0,7775.37
SIA,CE,202509,7382626,0206020031,24.0,3273.84
SIA,CE,202509,7382626,0206010036,19.0,1648.44
SIA,CE,202509,2479907,0206010044,85.0,7373.75
SIA,CE,202509,2811200,0206010010,30.0,2602.8
SIA,CE,202509,2479028,0206010010,56.0,4858.56
SIA,CE,202509,2811200,0206030010,10.0,1386.3
SIA,CE,202509,2811200,0206030037,15.0,2079.45
SIA,CE,202509,2328011,0206020015,8.0,694.0
SIA,CE,202509,2497654,0206020031,216.0,29464.56
SIA,CE,202509,2563460,0206030010,8.0,1109.04
SIA,CE,202509,0086673,0206010010,8.0,694.08
SIA,CE,202509,0393029,0206010044,8.0,694.0
SIA,CE,202509,0393029,0206030037,14.0,1940.82
SIA,CE,202509,7405529,0206010010,32.0,2776.32
SIA,CE,202509,7405529,0211020036,209.0,1076.35
SIA,CE,202509,2425300,0205010016,9.0,1485.0
SIA,CE,202509,2528843,0206030029,2.0,173.5
SIA,CE,202509,2479028,0206010079,85.0,8282.4
SIA,CE,202509,2561417,0206010079,63.0,6138.72
SIA,CE,202509,2561441,0211020036,428.0,2204.2
SIA,CE,202509,4527372,0206030010,42.0,5822.46
SIA,CE,202509,7061021,0206020023,10.0,867.5
SIA,CE,202509,6848710,0206010028,4.0,404.4
SIA,CE,202509,2561026,0206020023,3.0,260.25
SIA,CE,202509,2479028,0206030010,37.0,5129.31
SIA,CE,202509,4963938,0206030010,32.0,4436.16
SIA,CE,202509,2528843,0206010044,12.0,1041.0
SIA,CE,202509,7051123,0206010010,21.0,1821.96
SIA,CE,202509,4527372,0206010010,7.0,607.32
SIA,CE,202509,6779522,0206010052,7.0,607.25
SIA,CE,202509,7047428,0206010079,43.0,4189.92
SIA,CE,202509,2561417,0206030010,28.0,3881.64
SIA,CE,202509,2561417,0206020031,51.0,6956.91
SIA,CE,202509,7382626,0206010028,114.0,11121.0
SIA,CE,202509,7382626,0206030037,53.0,7347.39
SIA,CE,202509,7382626,0206030010,39.0,5406.57
SIA,CE,202509,4527372,0206010036,8.0,694.08
SIA,CE,202509,7051123,0211020060,53.0,1590.0
SIA,CE,202509,2561417,0206030037,7.0,970.41
SIA,CE,202509,2562227,0211020036,25.0,128.75
SIA,CE,202509,2561026,0211020036,135.0,695.25
SIA,CE,202509,2528673,0211020036,131.0,674.65
SIA,CE,202509,2880326,0211020036,258.0,1328.7
SIA,CE,202509,4963938,0206030037,23.0,3188.49
SIA,CE,202509,2479818,0211020036,10.0,51.5
SIA,CE,202509,6779522,0206020015,10.0,867.5
SIA,CE,202509,2516683,0211020036,180.0,927.0
SIA,CE,202509,2516640,0211020036,14.0,72.1
SIA,CE,202509,3541428,0206030029,4.0,347.0
SIA,CE,202509,4010868,0211020036,760.0,3914.0
SIA,CE,202509,4010868,0211020060,52.0,1560.0
SIA,CE,202509,7047428,0206020023,1.0,86.75
SIA,CE,202509,2561425,0206020031,3.0,409.23
SIA,CE,202509,2561026,0206020015,3.0,260.25
SIA,CE,202509,7382626,0206030029,9.0,780.75
SIA,CE,202509,7382626,0206010079,58.0,5651.52
SIA,CE,202509,2561417,0206010036,8.0,694.08
SIA,CE,202509,2561247,0211020036,1.0,5.15
SIA,CE,202509,2811200,0206010036,6.0,520.56
SIA,CE,202509,2373971,0211020036,422.0,2173.3
SIA,CE,202509,2482088,0211020036,41.0,211.15
SIA,CE,202509,2785900,0206020031,14.0,1909.74
SIA,CE,202509,7405529,0206030037,34.0,4713.42
SIA,CE,202509,0086673,0206020031,9.0,1227.69
SIA,CE,202509,2528843,0206030037,7.0,970.41
SIA,CE,202509,2611309,0206010010,11.0,954.36
SIA,CE,202509,7051123,0211020036,216.0,1112.4
SIA,CE,202509,0301337,0206020023,4.0,347.0
SIA,CE,202509,2806339,0211020036,15.0,77.25
SIA,CE,202509,7405529,0206020031,25.0,3410.25
SIA,CE,202509,7405529,0206030010,32.0,4436.16
SIA,CE,202509,7382626,0206010010,40.0,3383.64
SIA,CE,202509,2563460,0206020015,1.0,86.75
SIA,CE,202509,2841118,0211020036,37.0,190.55
SIA,CE,202509,7405529,0206020015,3.0,260.25
SIA,CE,202509,2415488,0206030010,10.0,1386.3
SIA,CE,202509,2415488,0206030037,11.0,1524.93
SIA,CE,202509,2415488,0206010079,16.0,1559.04
SIA,CE,202509,2372568,0211020036,122.0,628.3
SIA,CE,202509,0301337,0206030010,13.0,1802.19
SIA,CE,202509,2563460,0206020031,7.0,954.87
SIA,CE,202509,0393029,0206020031,11.0,1500.51
SIA,CE,202509,3541428,0206010079,19.0,1851.36
SIA,CE,202509,2373971,0206030010,10.0,1386.3
SIA,CE,202509,2373971,0206010036,24.0,2082.24
SIA,CE,202509,0086673,0206010052,2.0,173.5
SIA,CE,202509,7047428,0206020015,20.0,1735.0
SIA,CE,202509,6779522,0211020036,78.0,401.7
SIA,CE,202509,2479028,0206020023,32.0,2776.0
SIA,CE,202509,2415488,0206010028,11.0,1112.1
SIA,CE,202509,2479907,0206010028,5.0,505.5
SIA,CE,202509,0393029,0206030010,17.0,2356.71
SIA,CE,202509,2561069,0211020036,281.0,1447.15
SIA,CE,202509,2479907,0211020060,62.0,1860.0
SIA,CE,202509,0301337,0206010079,10.0,974.4
SIA,CE,202509,2373971,0206030029,8.0,694.0
SIA,CE,202509,0310921,0206010060,1.0,97.44
SIA,CE,202509,2561298,0211020036,89.0,458.35
SIA,CE,202509,7434308,0211020036,554.0,2853.1
SIA,CE,202509,2328011,0206010036,23.0,1995.48
SIA,CE,202509,7405529,0206010036,22.0,1908.72
SIA,CE,202509,0301337,0206010010,15.0,1301.4
SIA,CE,202509,9346309,0211020036,559.0,2878.85
SIA,CE,202509,2561026,0206030029,3.0,260.25
SIA,CE,202509,2497654,0206010052,14.0,1214.5
SIA,CE,202509,2479478,0211020036,64.0,329.6
SIA,CE,202509,2499037,0211020036,124.0,638.6
SIA,CE,202509,2561468,0211020036,150.0,772.5
SIA,CE,202509,7904339,0211020036,94.0,484.1
SIA,CE,202509,7918445,0211020036,24.0,123.6
SIA,CE,202509,0245496,0211020036,137.0,705.55
SIA,CE,202509,7044674,0211020060,37.0,1110.0
SIA,CE,202509,7103255,0211020036,730.0,3759.5
SIA,CE,202509,3021114,0206010028,66.0,6672.6
SIA,CE,202509,3021114,0206010010,73.0,6333.48
SIA,CE,202509,2426579,0206010010,22.0,1908.72
SIA,CE,202509,3021114,0206030037,263.0,36459.69
SIA,CE,202509,3021114,0206030010,269.0,37291.47
SIA,CE,202509,7021437,0211020036,269.0,1385.35
SIA,CE,202509,3021114,0206020031,340.0,46379.4
SIA,CE,202509,3021114,0206010079,483.0,47063.52
SIA,CE,202509,3021114,0211020036,161.0,829.15
SIA,CE,202509,2665190,0206010028,41.0,4145.1
SIA,CE,202509,2373971,0206030037,13.0,1802.19
SIA,CE,202509,4665406,0211020036,67.0,345.05
SIA,CE,202509,3021114,0206010036,16.0,1388.16
SIA,CE,202509,2425432,0211020036,53.0,272.95
SIA,CE,202509,2665190,0206010036,7.0,607.32
SIA,CE,202509,2563460,0206030037,8.0,1109.04
SIA,CE,202509,2665190,0206010010,10.0,867.6
SIA,CE,202509,7405529,0206010044,8.0,694.0
SIA,CE,202509,3021114,0206010044,17.0,1474.75
SIA,CE,202509,2665190,0206010079,29.0,2825.76
SIA,CE,202509,7047428,0206030029,40.0,3470.0
SIA,CE,202509,2479907,0206020015,2.0,173.5
SIA,CE,202509,2479907,0206010052,3.0,260.25
SIA,CE,202509,0086673,0206010036,3.0,260.28
SIA,CE,202509,2811200,0206010044,11.0,954.25
SIA,CE,202509,3021114,0206010052,23.0,1995.25
SIA,CE,202509,2480646,0206030029,4.0,347.0
SIA,CE,202509,0301337,0206020031,10.0,1364.1
SIA,CE,202509,2665190,0206010044,4.0,347.0
SIA,CE,202509,2426579,0206030029,5.0,433.75
SIA,CE,202509,2479907,0206010010,3.0,260.28
SIA,CE,202509,6779522,0206020023,10.0,867.5
SIA,CE,202509,0301337,0206010036,7.0,607.32
SIA,CE,202509,2497654,0206020015,2.0,173.5
SIA,CE,202509,0393029,0206010028,6.0,606.6
SIA,CE,202509,2811200,0206020023,2.0,173.5
SIA,CE,202509,2480646,0206010010,4.0,347.04
SIA,CE,202509,2328429,0211020036,19.0,97.85
SIA,CE,202509,7044674,0211020036,112.0,576.8
SIA,CE,202509,2665190,0206030037,9.0,1247.67
SIA,CE,202509,0393029,0206020023,3.0,260.25
SIA,CE,202509,4963938,0206010079,19.0,1851.36
SIA,CE,202509,2563460,0206010036,1.0,86.76
SIA,CE,202509,4963938,0206030029,2.0,173.5
SIA,CE,202509,2665190,0206020031,5.0,682.05
SIA,CE,202509,7047428,0206030037,8.0,1109.04
SIA,CE,202509,2561417,0206010010,12.0,1041.12
SIA,CE,202509,2665190,0206030010,5.0,693.15
SIA,CE,202509,7405529,0206030029,12.0,1041.0
SIA,CE,202509,2426455,0211020036,100.0,515.0
SIA,CE,202509,0301337,0206030037,17.0,2356.71
SIA,CE,202509,2561417,0206010044,4.0,347.0
SIA,CE,202509,4527372,0206030029,6.0,520.5
SIA,CE,202509,2529238,0211020036,35.0,180.25
SIA,CE,202509,2499339,0211020036,257.0,1323.55
SIA,CE,202509,0393029,0206010036,1.0,86.76
SIA,CE,202509,2333856,0211020036,12.0,61.8
SIA,CE,202509,7382626,0206010044,7.0,607.25
SIA,CE,202509,2497654,0206010028,8.0,808.8
SIA,CE,202509,0310921,0206020015,5.0,433.75
SIA,CE,202509,7382626,0206020015,4.0,260.25
SIA,CE,202509,2611201,0211020036,320.0,1648.0
SIA,CE,202509,7372523,0211020036,143.0,736.45
SIA,CE,202509,2611481,0211020036,267.0,1375.05
SIA,CE,202509,7047428,0206030010,2.0,277.26
SIA,CE,202509,2665190,0206020015,3.0,260.25
SIA,CE,202509,0393029,0206030029,2.0,173.5
SIA,CE,202509,2563460,0206010079,9.0,876.96
SIA,CE,202509,7382626,0206010052,1.0,86.75
SIA,CE,202509,2479907,0206030029,3.0,260.25
SIA,CE,202509,2811200,0206020031,8.0,1091.28
SIA,CE,202509,2664666,0211020036,59.0,303.85
SIA,CE,202509,0301337,0206010044,8.0,694.0
SIA,CE,202509,2665190,0206030029,2.0,173.5
SIA,CE,202509,3541428,0206010044,1.0,86.75
SIA,CE,202509,2482320,0211020036,186.0,957.9
SIA,CE,202509,4963938,0211020036,475.0,2446.25
SIA,CE,202509,2497654,0206010036,1.0,86.76
SIA,CE,202509,2562200,0211020036,74.0,381.1
SIA,CE,202509,2561948,0211020036,1.0,5.15
SIA,CE,202509,4527372,0206010044,11.0,954.25
SIA,CE,202509,2479907,0211020036,361.0,1859.15
SIA,CE,202509,7890389,0211020036,60.0,309.0
SIA,CE,202509,2785900,0206020015,1.0,86.75
SIA,CE,202509,6779522,0206010036,8.0,694.08
SIA,CE,202509,2527669,0211020036,40.0,206.0
SIA,CE,202509,6999506,0211020036,429.0,2209.35
SIA,CE,202509,2478080,0211020036,347.0,1787.05
SIA,CE,202509,2785900,0206030029,1.0,86.75
SIA,CE,202509,7382626,0211020036,20.0,103.0
SIA,CE,202509,7382626,0211020060,49.0,1470.0
SIA,CE,202509,2328003,0211020036,238.0,1225.7
SIA,CE,202509,2723190,0206030010,129.0,17883.27
SIA,CE,202509,2561492,0211020060,93.0,2790.0
SIA,CE,202509,2561492,0211020036,1258.0,6478.7
SIA,CE,202509,2561492,0206030010,189.0,26201.07
SIA,CE,202509,2723190,0206030037,165.0,22873.95
SIA,CE,202509,5018110,0206010079,116.0,11303.04
SIA,CE,202509,5018110,0206030010,77.0,10674.51
SIA,CE,202509,5018110,0206030037,78.0,10813.14
SIA,CE,202509,2561492,0206020031,207.0,28236.87
SIA,CE,202509,2561492,0206030037,191.0,26478.33
SIA,CE,202509,2785900,0211020036,162.0,834.3
SIA,CE,202509,2478277,0211020036,37.0,190.55
SIA,CE,202509,2552086,0206020031,25.0,3410.25
SIA,CE,202509,2427125,0206010079,111.0,10815.84
SIA,CE,202509,0310921,0206020023,1.0,86.75
SIA,CE,202509,6405428,0211020036,81.0,417.15
SIA,CE,202509,2427125,0211020036,291.0,1498.65
SIA,CE,202509,2427125,0206030010,55.0,7624.65
SIA,CE,202509,2426072,0211020036,9.0,46.35
SIA,CE,202509,2785900,0206010036,2.0,173.52
SIA,CE,202509,2564580,0211020036,25.0,128.75
SIA,CE,202509,2426579,0206010052,5.0,433.75
SIA,CE,202509,7047428,0206020031,7.0,954.87
SIA,CE,202509,7993218,0211020036,261.0,1344.15
SIA,CE,202509,2561417,0206020015,6.0,520.5
SIA,CE,202509,3021114,0206020023,2.0,173.5
SIA,CE,202509,7006810,0211020036,379.0,1951.85
SIA,CE,202509,7514573,0211020036,338.0,1740.7
SIA,CE,202509,2563460,0206010044,1.0,86.75
SIA,CE,202509,2480646,0206020015,2.0,173.5
SIA,CE,202509,2785900,0206010044,1.0,86.75
SIA,CE,202509,2563460,0206010028,4.0,404.4
SIA,CE,202509,0183229,0211020036,469.0,2415.35
SIA,CE,202509,2528843,0206010036,1.0,86.76
SIA,CE,202509,4695623,0211020036,174.0,896.1
SIA,CE,202509,2426579,0206020015,4.0,347.0
SIA,CE,202509,6668828,0211020036,11.0,56.65
SIA,CE,202509,2480646,0211020036,237.0,1220.55
SIA,CE,202509,6632513,0211020060,16.0,480.0
SIA,CE,202509,5018110,0206010036,11.0,954.36
SIA,CE,202509,2820234,0208010033,23.0,8810.61
SIA,CE,202509,2425599,0211020036,238.0,1225.7
SIA,CE,202509,2723190,0206020031,185.0,25235.85
SIA,CE,202509,7386257,0206010044,10.0,867.5
SIA,CE,202509,7386257,0206020031,29.0,3955.89
SIA,CE,202509,7403224,0206010079,12.0,1169.28
SIA,CE,202509,2372150,0206010028,60.0,6066.0
SIA,CE,202509,4653483,0211020036,200.0,1030.0
SIA,CE,202509,2480646,0206010036,3.0,260.28
SIA,CE,202509,7274440,0211020036,452.0,2327.8
SIA,CE,202509,2561352,0211020036,45.0,231.75
SIA,CE,202509,2552086,0206010079,68.0,6625.92
SIA,CE,202509,2478927,0211020036,99.0,509.85
SIA,CE,202509,2723190,0206010044,26.0,2255.5
SIA,CE,202509,2479214,0211020010,47.0,34311.88
SIA,CE,202509,2785900,0206010052,4.0,347.0
SIA,CE,202509,6632513,0211020036,121.0,623.15
SIA,CE,202509,2664372,0211020036,498.0,2564.7
SIA,CE,202509,9044515,0211020036,72.0,370.8
SIA,CE,202509,2564769,0211020036,378.0,1946.7
SIA,CE,202509,2333740,0211020036,17.0,87.55
SIA,CE,202509,2552086,0206030037,5.0,693.15
SIA,CE,202509,2723190,0206010052,41.0,3556.75
SIA,CE,202509,2561492,0205010016,23.0,3795.0
SIA,CE,202509,6405428,0211020060,2.0,60.0
SIA,CE,202509,2611295,0211020036,3.0,15.45
SIA,CE,202509,2482509,0211020036,5.0,25.75
SIA,CE,202509,2528843,0206020023,1.0,86.75
SIA,CE,202509,7288921,0211020036,50.0,257.5
SIA,CE,202509,2785900,0206010028,2.0,202.2
SIA,CE,202509,2371847,0211020036,134.0,690.1
SIA,CE,202509,2480646,0206010052,1.0,86.75
SIA,CE,202509,2372673,0211020036,20.0,103.0
SIA,CE,202509,5018110,0206020031,25.0,3410.25
SIA,CE,202509,7403224,0206030037,4.0,554.52
SIA,CE,202509,2528738,0211020036,3.0,15.45
SIA,CE,202509,2564211,0206010010,38.0,3296.88
SIA,CE,202509,2564211,0206020031,332.0,45288.12
SIA,CE,202509,2564211,0206030037,255.0,35350.65
SIA,CE,202509,2564211,0206010028,116.0,11727.6
SIA,CE,202509,2564211,0206030010,274.0,37984.62
SIA,CE,202509,2563681,0206020031,73.0,9957.93
SIA,CE,202509,2563681,0206030029,12.0,1041.0
SIA,CE,202509,2563681,0206010010,19.0,1648.44
SIA,CE,202509,2563681,0206010079,187.0,18221.28
SIA,CE,202509,2563681,0206010028,18.0,1819.8
SIA,CE,202509,2563681,0206030037,98.0,13585.74
SIA,CE,202509,2563681,0206030010,90.0,12476.7
SIA,CE,202509,2554798,0206010079,71.0,6918.24
SIA,CE,202509,2563681,0206010044,19.0,1648.25
SIA,CE,202509,5370221,0211020036,142.0,731.3
SIA,CE,202509,2554798,0206010028,107.0,10817.7
SIA,CE,202509,2499363,0206020031,44.0,6002.04
SIA,CE,202509,7072341,0211020036,325.0,1673.75
SIA,CE,202509,2560852,0206010079,141.0,13739.04
SIA,CE,202509,2526638,0206010028,14.0,1415.4
SIA,CE,202509,2526638,0206010079,51.0,4969.44
SIA,CE,202509,2481065,0211020036,349.0,1797.35
SIA,CE,202509,6376738,0206030037,14.0,1940.82
SIA,CE,202509,6376738,0206010079,11.0,1071.84
SIA,CE,202509,6376738,0206010028,20.0,2022.0
SIA,CE,202509,2499363,0211020036,206.0,1060.9
SIA,CE,202509,2526638,0206020031,31.0,4228.71
SIA,CE,202509,2563681,0206010036,17.0,1474.92
SIA,CE,202509,2499363,0206030010,40.0,5545.2
SIA,CE,202509,2481073,0206010028,65.0,6571.5
SIA,CE,202509,2481073,0206020031,20.0,2728.2
SIA,CE,202509,2481073,0206030010,94.0,13031.22
SIA,CE,202509,2481073,0206010079,102.0,9938.88
SIA,CE,202509,2564211,0206010044,31.0,2689.25
SIA,CE,202509,2564211,0206020015,11.0,954.25
SIA,CE,202509,2528843,0206030010,1.0,138.63
SIA,CE,202509,2526638,0206030010,29.0,4020.27
SIA,CE,202509,2675560,0206020031,94.0,12822.54
SIA,CE,202509,2675560,0206010010,61.0,5292.36
SIA,CE,202509,2675560,0206030037,220.0,30498.6
SIA,CE,202509,2564211,0206010052,68.0,5899.0
SIA,CE,202509,2723220,0208010025,181.0,73942.12
SIA,CE,202509,2723220,0208010033,180.0,68952.6
SIA,CE,202509,2723220,0211020036,306.0,1575.9
SIA,CE,202509,2723220,0206020031,501.0,68341.41
SIA,CE,202509,2723220,0206030010,458.0,63492.54
SIA,CE,202509,2723220,0206030037,370.0,51293.1
SIA,CE,202509,2675560,0211020036,96.0,494.4
SIA,CE,202509,2562766,0211020036,141.0,726.15
SIA,CE,202509,2333813,0211020036,75.0,386.25
SIA,CE,202509,6376738,0206030029,6.0,520.5
SIA,CE,202509,6376738,0206020031,16.0,2182.56
SIA,CE,202509,2564211,0206030029,13.0,1127.75
SIA,CE,202509,2563339,0211020036,50.0,257.5
SIA,CE,202509,2723220,0206010079,55.0,5359.2
SIA,CE,202509,2564211,0206010079,132.0,12862.08
SIA,CE,202509,2723220,0206010036,14.0,1214.64
SIA,CE,202509,2723220,0206010028,23.0,2325.3
SIA,CE,202509,2723220,0206010052,67.0,5812.25
SIA,CE,202509,2723220,0206020023,7.0,607.25
SIA,CE,202509,2560852,0206030010,43.0,5961.09
SIA,CE,202509,2425343,0211020036,156.0,803.4
SIA,CE,202509,2499363,0206010028,2.0,202.2
SIA,CE,202509,2675560,0206010079,189.0,18416.16
SIA,CE,202509,2675560,0206030029,24.0,2082.0
SIA,CE,202509,2675560,0206010044,28.0,2429.0
SIA,CE,202509,2482444,0211020036,186.0,957.9
SIA,CE,202509,2560852,0206030037,21.0,2911.23
SIA,CE,202509,2560852,0206010044,19.0,1648.25
SIA,CE,202509,2499363,0206010079,13.0,1266.72
SIA,CE,202509,2723220,0206010044,22.0,1908.5
SIA,CE,202509,2560852,0206010028,65.0,6571.5
SIA,CE,202509,0951021,0211020036,55.0,283.25
SIA,CE,202509,7405529,0206010052,1.0,86.75
SIA,CE,202509,7262698,0211020036,203.0,1045.45
SIA,CE,202509,2526638,0206030037,25.0,3465.75
SIA,CE,202509,2562146,0211020036,17.0,87.55
SIA,CE,202509,2560852,0206010052,4.0,347.0
SIA,CE,202509,2560852,0206020015,1.0,86.75
SIA,CE,202509,2554798,0206020031,35.0,4774.35
SIA,CE,202509,2554798,0206030010,9.0,1247.67
SIA,CE,202509,9526293,0211020036,510.0,2626.5
SIA,CE,202509,7514948,0211020036,517.0,2662.55
SIA,CE,202509,2723220,0206010010,4.0,347.04
SIA,CE,202509,2481073,0211020036,113.0,581.95
SIA,CE,202509,2333848,0211020036,20.0,103.0
SIA,CE,202509,2564211,0208010033,6.0,2298.42
SIA,CE,202509,2564211,0211020036,227.0,1169.05
SIA,CE,202509,2499363,0206030037,36.0,4990.68
SIA,CE,202509,2526662,0206030037,4.0,554.52
SIA,CE,202509,2554798,0206010036,11.0,954.36
SIA,CE,202509,2554798,0206020015,1.0,86.75
SIA,CE,202509,2554798,0206030037,51.0,7070.13
SIA,CE,202509,2554798,0206010044,12.0,1041.0
SIA,CE,202509,2481073,0206010010,12.0,1041.12
SIA,CE,202509,2564211,0206010036,10.0,867.6
SIA,CE,202509,2529149,0206010060,1.0,97.44
SIA,CE,202509,2561425,0211020036,74.0,381.1
SIA,CE,202509,2554798,0206030029,13.0,1127.75
SIA,CE,202509,7396368,0211020036,268.0,1380.2
SIA,CE,202509,2554798,0206010010,23.0,1995.48
SIA,CE,202509,6848710,0206010052,6.0,520.5
SIA,CE,202509,2482452,0211020036,68.0,350.2
SIA,CE,202509,2564211,0206020023,2.0,173.5
SIA,CE,202509,2806215,0211020036,660.0,3399.0
SIA,CE,202509,6376738,0206030010,15.0,2079.45
SIA,CE,202509,2664283,0211020036,25.0,128.75
SIA,CE,202509,2527693,0211020036,349.0,1797.35
SIA,CE,202509,2563681,0206020015,9.0,780.75
SIA,CE,202509,2554798,0206020023,2.0,173.5
SIA,CE,202509,2564211,0208010025,6.0,2451.12
SIA,CE,202509,2560852,0206020031,31.0,4228.71
SIA,CE,202509,2481073,0206010036,9.0,780.84
SIA,CE,202509,2481073,0206030029,5.0,433.75
SIA,CE,202509,2561042,0211020036,107.0,551.05
SIA,CE,202509,2560852,0206010036,9.0,780.84
SIA,CE,202509,2560852,0206010010,21.0,1821.96
SIA,CE,202509,2611686,0206030010,4.0,554.52
SIA,CE,202509,2427184,0211020036,100.0,515.0
SIA,CE,202509,2333864,0211020036,120.0,618.0
SIA,CE,202509,6778798,0211020036,437.0,2250.55
SIA,CE,202509,2563681,0211020036,141.0,726.15
SIA,CE,202509,2611775,0211020036,68.0,350.2
SIA,CE,202509,2481073,0206010044,12.0,1041.0
SIA,CE,202509,2328046,0211020036,226.0,1163.9
SIA,CE,202509,2526638,0206010044,9.0,780.75
SIA,CE,202509,2560852,0211020036,129.0,664.35
SIA,CE,202509,2526662,0206020031,2.0,272.82
SIA,CE,202509,2723220,0206030029,4.0,347.0
SIA,CE,202509,6376738,0206010010,10.0,867.6
SIA,CE,202509,2675560,0206020015,8.0,694.0
SIA,CE,202509,2651394,0211020036,224.0,1153.6
SIA,CE,202509,2415658,0211020036,39.0,200.85
SIA,CE,202509,2526638,0206010036,2.0,173.52
SIA,CE,202509,2554798,0211020036,404.0,2080.6
SIA,CE,202509,2554798,0206010052,2.0,173.5
SIA,CE,202509,2526638,0206030029,9.0,780.75
SIA,CE,202509,2561425,0206030010,2.0,277.26
SIA,CE,202509,2414864,0211020036,40.0,206.0
SIA,CE,202509,6778798,0211020060,26.0,780.0
SIA,CE,202509,2328100,0211020036,40.0,206.0
SIA,CE,202509,2723220,0206020015,2.0,173.5
SIA,CE,202509,2373270,0211020036,361.0,1859.15
SIA,CE,202509,2664690,0211020036,103.0,530.45
SIA,CE,202509,6893295,0211020036,479.0,2466.85
SIA,CE,202509,2481073,0206020015,1.0,86.75
SIA,CE,202509,2481073,0206030037,5.0,693.15
SIA,CE,202509,2554623,0211020036,38.0,195.7
SIA,CE,202509,7420501,0206010060,2.0,194.88
SIA,CE,202509,2560984,0211020036,278.0,1431.7
SIA,CE,202509,7057083,0211020036,190.0,978.5
SIA,CE,202509,2529556,0211020036,417.0,2147.55
SIA,CE,202509,6376738,0206020015,1.0,86.75
SIA,CE,202509,2675560,0206010087,3.0,415.89
SIA,CE,202509,2373475,0211020036,80.0,412.0
SIA,CE,202509,2561891,0211020036,110.0,566.5
SIA,CE,202509,6376738,0206010036,1.0,86.76
SIA,CE,202509,2479893,0211020036,157.0,808.55
SIA,CE,202509,2481073,0206020023,3.0,260.25
SIA,CE,202509,2560852,0206030029,11.0,954.25
SIA,CE,202509,2562499,0211020036,24.0,123.6
SIA,CE,202509,2563681,0206010052,3.0,260.25
SIA,CE,202509,2482304,0211020036,65.0,334.75
SIA,CE,202509,2479028,0206010044,9.0,780.75
SIA,CE,202509,2497654,0206010060,1.0,97.44
SIA,CE,202509,2497654,0211020036,839.0,4320.85
SIA,CE,202509,6697518,0211020036,356.0,1833.4
SIA,CE,202509,4963938,0206010010,2.0,173.52
SIA,CE,202509,0310921,0211020036,697.0,3589.55
SIA,CE,202509,2675560,0206030010,5.0,693.15
SIA,CE,202509,7320418,0211020060,38.0,1140.0
SIA,CE,202509,2563460,0211020036,142.0,731.3
SIA,CE,202509,7047428,0206010052,2.0,173.5
SIA,CE,202509,2426315,0211020036,292.0,1503.8
SIA,CE,202509,7018800,0211020036,538.0,2770.7
SIA,CE,202509,2499363,0206010036,2.0,173.52
SIA,CE,202509,2560984,0206020023,1.0,86.75
SIA,CE,202509,6848710,0211020036,47.0,242.05
SIA,CE,202509,2425300,0211020010,30.0,21901.2
SIA,CE,202509,2499363,0206010044,2.0,173.5
SIA,CE,202509,4010825,0211020036,142.0,731.3
SIA,CE,202509,6848710,0206010010,3.0,260.28
SIA,CE,202509,2427125,0206010052,2.0,173.5
SIA,CE,202509,2561492,0206010028,27.0,2729.7
SIA,CE,202509,2561492,0206010079,93.0,9061.92
SIA,CE,202509,5018110,0206010028,82.0,8290.2
SIA,CE,202509,2372150,0206030010,28.0,3881.64
SIA,CE,202509,2372150,0206030037,42.0,5822.46
SIA,CE,202509,2372150,0206010079,32.0,3118.08
SIA,CE,202509,7320418,0211020036,154.0,793.1
SIA,CE,202509,2427125,0206010010,6.0,520.56
SIA,CE,202509,2552086,0206010044,5.0,433.75
SIA,CE,202509,2427125,0206010036,5.0,433.8
SIA,CE,202509,2526654,0211020036,40.0,206.0
SIA,CE,202509,2552086,0206030010,57.0,7901.91
SIA,CE,202509,7569793,0211020036,58.0,298.7
SIA,CE,202509,7386257,0206030037,43.0,5961.09
SIA,CE,202509,2723190,0206010079,54.0,5261.76
SIA,CE,202509,2427125,0206020031,10.0,1364.1
SIA,CE,202509,2328119,0211020036,13.0,66.95
SIA,CE,202509,2427125,0206030029,6.0,520.5
SIA,CE,202509,7386257,0206030029,23.0,1995.25
SIA,CE,202509,2820234,0206010028,15.0,1516.5
SIA,CE,202509,2704404,0206010044,99.0,8588.25
SIA,CE,202509,7386257,0206010079,93.0,9061.92
SIA,CE,202509,7386257,0206010028,145.0,14659.5
SIA,CE,202509,2372487,0211020036,175.0,901.25
SIA,CE,202509,2561492,0206010036,8.0,694.08
SIA,CE,202509,2372150,0206010010,24.0,2082.24
SIA,CE,202509,7061021,0211020036,164.0,844.6
SIA,CE,202509,3384993,0211020036,620.0,3193.0
SIA,CE,202509,7403224,0206010010,5.0,433.8
SIA,CE,202509,2372150,0206020015,7.0,607.25
SIA,CE,202509,2427125,0206010028,30.0,3033.0
SIA,CE,202509,2427125,0206030037,17.0,2356.71
SIA,CE,202509,2372150,0206020031,15.0,2046.15
SIA,CE,202509,2554658,0211020036,20.0,103.0
SIA,CE,202509,2723190,0206010028,11.0,1112.1
SIA,CE,202509,6848710,0206030029,1.0,86.75
SIA,CE,202509,2561492,0206010044,39.0,3383.25
SIA,CE,202509,2427125,0206010044,15.0,1301.25
SIA,CE,202509,0454788,0211020036,15.0,77.25
SIA,CE,202509,2415593,0211020036,107.0,551.05
SIA,CE,202509,2478374,0211020036,103.0,530.45
SIA,CE,202509,2723190,0206010036,6.0,520.56
SIA,CE,202509,2820234,0208010025,23.0,9395.96
SIA,CE,202509,7047428,0211020060,25.0,750.0
SIA,CE,202509,2327961,0211020036,107.0,551.05
SIA,CE,202509,2724308,0211020036,189.0,973.35
SIA,CE,202509,2561492,0206010010,24.0,2082.24
SIA,CE,202509,2479907,0206010036,1.0,86.76
SIA,CE,202509,2526670,0211020036,30.0,154.5
SIA,CE,202509,7047428,0206010010,2.0,173.52
SIA,CE,202509,5105315,0211020036,113.0,581.95
SIA,CE,202509,4963938,0206010052,3.0,260.25
SIA,CE,202509,7403224,0206010028,15.0,1516.5
SIA,CE,202509,7386257,0206010010,43.0,3730.68
SIA,CE,202509,7386257,0206010036,17.0,1474.92
SIA,CE,202509,5018110,0206010010,19.0,1648.44
SIA,CE,202509,2372150,0206010036,12.0,1041.12
SIA,CE,202509,2372150,0206010044,2.0,173.5
SIA,CE,202509,7386257,0206020015,9.0,780.75
SIA,CE,202509,2333880,0211020036,132.0,679.8
SIA,CE,202509,2479214,0206020031,502.0,68477.82
SIA,CE,202509,7403224,0206020031,2.0,272.82
SIA,CE,202509,6956963,0206010028,230.0,23253.0
SIA,CE,202509,6956963,0206020015,3.0,260.25
SIA,CE,202509,9672427,0206030037,176.0,24398.88
SIA,CE,202509,9672427,0206010010,92.0,7981.92
SIA,CE,202509,9672427,0206010079,313.0,30498.72
SIA,CE,202509,9672427,0206020015,19.0,1648.25
SIA,CE,202509,7469683,0206020031,28.0,3819.48
SIA,CE,202509,9672427,0211020036,212.0,1091.8
SIA,CE,202509,9672427,0206030029,21.0,1821.75
SIA,CE,202509,9672427,0206030010,171.0,23705.73
SIA,CE,202509,9672427,0206020031,147.0,20052.27
SIA,CE,202509,9672427,0206010028,43.0,4347.3
SIA,CE,202509,9672427,0206010044,106.0,9195.5
SIA,CE,202509,7469683,0206030010,18.0,2495.34
SIA,CE,202509,7469683,0206030037,16.0,2218.08
SIA,CE,202509,6956963,0206030037,63.0,8733.69
SIA,CE,202509,6956963,0206010079,88.0,8574.72
SIA,CE,202509,2479214,0205010016,12.0,1980.0
SIA,CE,202509,2479214,0206030010,74.0,10258.62
SIA,CE,202509,2564238,0206010079,196.0,19098.24
SIA,CE,202509,7469683,0206010010,37.0,3210.12
SIA,CE,202509,2372495,0211020036,113.0,581.95
SIA,CE,202509,2372967,0206010079,41.0,3995.04
SIA,CE,202509,2372967,0206010044,7.0,607.25
SIA,CE,202509,2372967,0206010028,17.0,1718.7
SIA,CE,202509,7386257,0206010052,3.0,260.25
SIA,CE,202509,7386257,0206020023,6.0,520.5
SIA,CE,202509,7710941,0211020036,350.0,1802.5
SIA,CE,202509,2372967,0211020036,58.0,298.7
SIA,CE,202509,2372967,0206030037,32.0,4436.16
SIA,CE,202509,2372967,0206020031,9.0,1227.69
SIA,CE,202509,2561492,0206030029,6.0,520.5
SIA,CE,202509,2562316,0211020036,493.0,2538.95
SIA,CE,202509,2373513,0211020036,38.0,195.7
SIA,CE,202509,2479214,0206010079,79.0,7697.76
SIA,CE,202509,2415372,0211020036,222.0,1143.3
SIA,CE,202509,9672427,0206020023,53.0,4597.75
SIA,CE,202509,6956963,0206010036,25.0,2169.0
SIA,CE,202509,7469683,0206010028,104.0,10514.4
SIA,CE,202509,2561417,0211020036,56.0,288.4
SIA,CE,202509,7469683,0206010079,55.0,5359.2
SIA,CE,202509,2726319,0211020036,34.0,175.1
SIA,CE,202509,2564238,0206010010,15.0,1301.4
SIA,CE,202509,2564238,0206010028,14.0,1415.4
SIA,CE,202509,2564238,0206010044,18.0,1561.5
SIA,CE,202509,7396805,0211020036,200.0,1030.0
SIA,CE,202509,2372150,0206030029,7.0,607.25
SIA,CE,202509,2611252,0211020036,3.0,15.45
SIA,CE,202509,7469683,0206010036,12.0,1041.12
SIA,CE,202509,7469683,0206010044,6.0,520.5
SIA,CE,202509,7469683,0206010052,2.0,173.5
SIA,CE,202509,7469683,0206020015,12.0,1041.0
SIA,CE,202509,2516632,0211020036,37.0,190.55
SIA,CE,202509,2849798,0211020036,250.0,1287.5
SIA,CE,202509,2372967,0206030010,13.0,1802.19
SIA,CE,202509,7386257,0206030010,23.0,3188.49
SIA,CE,202509,2372150,0206020023,2.0,173.5
SIA,CE,202509,2552086,0206030029,3.0,260.25
SIA,CE,202509,2561492,0206010052,14.0,1214.5
SIA,CE,202509,5018110,0206010060,1.0,97.44
SIA,CE,202509,0959529,0211020036,10.0,51.5
SIA,CE,202509,2564238,0211020036,9.0,46.35
SIA,CE,202509,2564238,0206010036,9.0,780.84
SIA,CE,202509,6956963,0206020031,31.0,4228.71
SIA,CE,202509,6956963,0206010010,45.0,3904.2
SIA,CE,202509,6956963,0206030010,60.0,8317.8
SIA,CE,202509,2561492,0206020015,4.0,347.0
SIA,CE,202509,5018110,0206030029,6.0,520.5
SIA,CE,202509,7403224,0206020015,1.0,86.75
SIA,CE,202509,2479214,0206010010,8.0,694.08
SIA,CE,202509,2372967,0206010010,11.0,954.36
SIA,CE,202509,2479214,0206010028,9.0,909.9
SIA,CE,202509,2479214,0206010044,25.0,2168.75
SIA,CE,202509,2372967,0206010036,1.0,86.76
SIA,CE,202509,7376928,0211020036,204.0,1050.6
SIA,CE,202509,2372967,0206020023,2.0,173.5
SIA,CE,202509,9672427,0206010036,24.0,2082.24
SIA,CE,202509,7469683,0206030029,11.0,954.25
SIA,CE,202509,2723255,0211020036,120.0,618.0
SIA,CE,202509,2664364,0211020036,96.0,494.4
SIA,CE,202509,7403224,0206010036,2.0,173.52
SIA,CE,202509,0263672,0211020036,308.0,1586.2
SIA,CE,202509,2552086,0206020023,3.0,260.25
SIA,CE,202509,2479028,0206010052,1.0,86.75
SIA,CE,202509,5018110,0206020015,3.0,260.25
SIA,CE,202509,5018110,0206010044,8.0,694.0
SIA,CE,202509,6956963,0211020036,54.0,278.1
SIA,CE,202509,2564238,0206030037,12.0,1663.56
SIA,CE,202509,2482495,0211020036,73.0,375.95
SIA,CE,202509,2560992,0211020036,73.0,375.95
SIA,CE,202509,2561158,0211020036,66.0,339.9
SIA,CE,202509,6956963,0206030029,15.0,1301.25
SIA,CE,202509,2562138,0211020036,65.0,334.75
SIA,CE,202509,2327171,0211020036,47.0,242.05
SIA,CE,202509,2561018,0211020036,134.0,690.1
SIA,CE,202509,2328399,0211020036,3.0,15.45
SIA,CE,202509,2664151,0211020036,93.0,478.95
SIA,CE,202509,7043597,0211020036,119.0,612.85
SIA,CE,202509,2723190,0206010010,2.0,173.52
SIA,CE,202509,7386257,0206010060,1.0,97.44
SIA,CE,202509,2415488,0206010036,4.0,347.04
SIA,CE,202509,2479214,0206010036,1.0,86.76
SIA,CE,202509,2479214,0206030029,2.0,173.5
SIA,CE,202509,7047428,0211020036,776.0,3996.4
SIA,CE,202509,2527677,0211020036,148.0,762.2
SIA,CE,202509,9190201,0211020036,14.0,72.1
SIA,CE,202509,2726351,0211020036,44.0,226.6
SIA,CE,202509,2611309,0206010036,6.0,520.56
SIA,CE,202509,2479214,0206030037,11.0,1524.93
SIA,CE,202509,9275134,0211020036,340.0,1751.0
SIA,CE,202509,2372967,0206030029,6.0,520.5
SIA,CE,202509,9672427,0206010052,4.0,347.0
SIA,CE,202509,2723190,0206030029,1.0,86.75
SIA,CE,202509,7403224,0206010044,2.0,173.5
SIA,CE,202509,2564238,0206020031,7.0,954.87
SIA,CE,202509,2479214,0206010052,2.0,173.5
SIA,CE,202509,2415488,0206020031,3.0,409.23
SIA,CE,202509,6956963,0206010044,10.0,867.5
SIA,CE,202509,2373971,0206020015,3.0,260.25
SIA,CE,202509,2563347,0211020036,17.0,87.55
SIA,CE,202509,2564238,0206030010,12.0,1663.56
SIA,CE,202509,7376928,0211020060,10.0,300.0
SIA,CE,202509,2611686,0206020031,1.0,136.41
SIA,CE,202509,7429398,0211020036,484.0,2492.6
SIA,CE,202509,4963938,0206010036,2.0,173.52
SIA,CE,202509,2479214,0211020060,180.0,5400.0
SIA,CE,202509,2554798,0206010060,1.0,97.44
SIA,CE,202509,2372967,0206020015,6.0,520.5
SIA,CE,202509,7992130,0211020036,274.0,1411.1
SIA,CE,202509,3541428,0206010010,1.0,86.76
SIA,CE,202509,2563487,0211020036,169.0,870.35
SIA,CE,202509,2528959,0211020036,27.0,139.05
SIA,CE,202509,7051123,0206020015,1.0,86.75
SIA,CE,202509,4010833,0211020036,147.0,757.05
SIA,CE,202509,2811200,0206030029,2.0,173.5
SIA,CE,202509,2499363,0206010052,2.0,173.5
SIA,CE,202509,2479214,0211020036,6497.0,33459.55
SIA,CE,202509,2482193,0211020036,1.0,5.15
SIA,CE,202509,7403224,0206030010,2.0,277.26
SIA,CE,202509,2561344,0211020036,494.0,2544.1
SIA,CE,202509,9939938,0211020036,3.0,15.45
SIA,CE,202509,6376738,0206010052,1.0,86.75
SIA,CE,202509,7403224,0211020036,125.0,643.75
SIA,CE,202509,2611058,0211020036,77.0,396.55
SIA,CE,202509,2528754,0211020036,44.0,226.6
SIA,CE,202509,7469683,0211020036,69.0,355.35
SIA,CE,202509,2529246,0211020036,162.0,834.3
SIA,CE,202509,6956963,0206020023,2.0,173.5
SIA,CE,202509,2478137,0211020036,195.0,1004.25
SIA,CE,202509,9241477,0211020036,30.0,154.5
SIA,CE,202509,2561115,0211020036,97.0,499.55
SIA,CE,202509,0301337,0206010052,1.0,86.75
SIA,CE,202509,2516691,0211020036,71.0,365.65
SIA,CE,202509,2497654,0206030029,4.0,347.0
SIA,CE,202509,2723190,0211020036,4.0,20.6
SIA,CE,202509,4963938,0206010028,2.0,202.2
SIA,CE,202509,2675560,0206010052,1.0,86.75
SIA,CE,202509,9280669,0211020036,37.0,190.55
SIA,CE,202509,2552086,0211020036,540.0,2781.0
SIA,CE,202509,2528282,0211020036,140.0,721.0
SIA,CE,202509,4527372,0206010052,1.0,86.75
SIA,CE,202509,7403224,0211020060,45.0,1350.0
SIA,CE,202509,2561409,0211020036,139.0,715.85
SIA,CE,202509,6985483,0211020036,513.0,2641.95
SIA,CE,202509,4010868,0206010079,1.0,97.44
SIA,CE,202509,2561417,0206010052,3.0,260.25
SIA,CE,202509,2415488,0206010060,1.0,97.44
SIA,CE,202509,2561026,0206010036,4.0,347.04
SIA,CE,202509,2561328,0211020036,179.0,921.85
SIA,CE,202509,2479028,0211020036,372.0,1915.8
SIA,CE,202509,2374064,0211020036,79.0,406.85
SIA,CE,202509,5314194,0211020036,131.0,674.65
SIA,CE,202509,3759148,0211020036,153.0,787.95
SIA,CE,202509,2998890,0211020036,214.0,1102.1
SIA,CE,202509,2561050,0211020036,101.0,520.15
SIA,CE,202509,2563460,0206010010,1.0,86.76
SIA,CE,202509,4226267,0211020036,1.0,5.15
SIA,CE,202509,7360851,0211020036,662.0,3409.3
SIA,CE,202509,2529068,0211020036,11.0,56.65
SIA,CE,202509,2560984,0206010010,1.0,86.76
SIA,CE,202509,7980310,0211020036,439.0,2260.85
SIA,CE,202509,2372479,0211020036,193.0,993.95
SIA,CE,202509,2527413,0211020036,53.0,272.95
SIA,CE,202509,2372517,0211020036,205.0,1055.75
SIA,CE,202509,4963938,0206020015,2.0,173.5
SIA,CE,202509,2560984,0206010052,1.0,86.75
SIA,CE,202509,7420501,0206020023,1.0,86.75
SIA,CE,202509,6125972,0211020036,177.0,911.55
SIA,CE,202509,0086673,0206020023,1.0,86.75
SIA,CE,202509,4963938,0206020023,1.0,86.75
SIA,CE,202509,0978949,0211020060,2.0,60.0
SIA,CE,202509,2479427,0211020036,50.0,257.5
SIA,CE,202509,2479990,0211020036,3.0,15.45
SIA,CE,202509,2561395,0211020036,62.0,319.3
SIA,CE,202509,2561492,0211020010,62.0,45262.48
SIA,CE,202509,2611643,0211020036,55.0,283.25
SIA,CE,202509,7420501,0211020036,303.0,1560.45
SIA,CE,202509,2414996,0211020036,31.0,159.65
SIA,CE,202509,2372622,0211020036,55.0,283.25
SIA,CE,202509,2562154,0211020036,218.0,1122.7
SIA,CE,202509,2723182,0211020036,2.0,10.3
SIA,CE,202509,7371888,0211020036,7.0,36.05
SIA,CE,202509,7403224,0206030029,1.0,86.75
SIA,CE,202509,2529149,0211020036,138.0,710.7
SIA,CE,202509,2479419,0211020036,221.0,1138.15
SIA,CE,202509,0228753,0211020036,389.0,2003.35
SIA,CE,202509,2554518,0211020036,93.0,478.95
SIA,CE,202509,2529114,0211020036,155.0,798.25
SIA,CE,202509,3283437,0211020036,106.0,545.9
SIA,CE,202509,4010868,0211020010,48.0,35041.92
SIA,CE,202509,2479710,0211020036,214.0,1102.1
SIA,CE,202509,2695839,0211020036,81.0,417.15
SIA,CE,202509,2527065,0211020036,78.0,401.7
SIA,CE,202509,5723507,0211020036,119.0,612.85
SIA,CE,202509,2820234,0206010095,36.0,75859.92
SIA,CE,202509,2705923,0211020036,130.0,669.5
SIA,CE,202509,4527372,0206020015,2.0,173.5
SIA,CE,202509,2415623,0211020036,170.0,875.5
SIA,CE,202509,0301337,0206020015,1.0,86.75
SIA,CE,202509,3302490,0211020036,77.0,396.55
SIA,CE,202509,4527372,0206020023,1.0,86.75
SIA,CE,202510,2723220,0206030010,423.0,58640.49
SIA,CE,202510,2723220,0206030037,387.0,53649.81
SIA,CE,202510,2723190,0206010079,47.0,4579.68
SIA,CE,202510,2723220,0206020031,500.0,68205.0
SIA,CE,202510,9787399,0211020036,161.0,829.15
SIA,CE,202510,4665406,0211020036,74.0,381.1
SIA,CE,202510,2723220,0208010025,146.0,59643.92
SIA,CE,202510,2527707,0211020036,849.0,4372.35
SIA,CE,202510,0301337,0206010028,47.0,4751.7
SIA,CE,202510,2723190,0206020031,219.0,29873.79
SIA,CE,202510,2561336,0211020036,84.0,432.6
SIA,CE,202510,2723220,0211020036,306.0,1575.9
SIA,CE,202510,2723220,0208010033,146.0,55928.22
SIA,CE,202510,2723220,0206010028,14.0,1415.4
SIA,CE,202510,2723190,0206030010,142.0,19685.46
SIA,CE,202510,0301337,0206030037,27.0,3743.01
SIA,CE,202510,2723220,0206010079,53.0,5164.32
SIA,CE,202510,2723190,0206030037,152.0,21071.76
SIA,CE,202510,2723220,0206010052,89.0,7720.75
SIA,CE,202510,6376738,0206010079,10.0,974.4
SIA,CE,202510,6376738,0206030037,3.0,415.89
SIA,CE,202510,2724359,0211020036,63.0,324.45
SIA,CE,202510,2723190,0206010036,12.0,1041.12
SIA,CE,202510,2723190,0206010044,30.0,2602.5
SIA,CE,202510,2723190,0206010052,53.0,4597.75
SIA,CE,202510,0301337,0206010036,11.0,954.36
SIA,CE,202510,2560976,0211020036,252.0,1297.8
SIA,CE,202510,2415488,0206010060,3.0,292.32
SIA,CE,202510,2481073,0206010036,19.0,1648.44
SIA,CE,202510,7051123,0206010079,76.0,7405.44
SIA,CE,202510,0301337,0206010044,8.0,694.0
SIA,CE,202510,2723220,0206020015,2.0,173.5
SIA,CE,202510,2849798,0211020036,116.0,597.4
SIA,CE,202510,7405529,0206030037,59.0,8179.17
SIA,CE,202510,7405529,0206020031,62.0,8457.42
SIA,CE,202510,7469683,0206030010,38.0,5267.94
SIA,CE,202510,7469683,0206030037,48.0,6654.24
SIA,CE,202510,7469683,0206010079,133.0,12959.52
SIA,CE,202510,7420501,0206020031,117.0,15959.97
SIA,CE,202510,4527372,0206010079,129.0,12569.76
SIA,CE,202510,4527372,0211020036,59.0,303.85
SIA,CE,202510,2425599,0211020036,293.0,1508.95
SIA,CE,202510,7051123,0206010010,49.0,4251.24
SIA,CE,202510,3541428,0206030037,41.0,5683.83
SIA,CE,202510,7434472,0211020036,2294.0,11814.1
SIA,CE,202510,4527372,0206020031,25.0,3410.25
SIA,CE,202510,4527372,0206030010,58.0,8040.54
SIA,CE,202510,2481073,0206010079,101.0,9841.44
SIA,CE,202510,2328011,0206010028,195.0,19714.5
SIA,CE,202510,2481073,0206030010,119.0,16496.97
SIA,CE,202510,7051123,0206030037,44.0,6099.72
SIA,CE,202510,7051123,0206030029,6.0,520.5
SIA,CE,202510,2811200,0206010010,23.0,1995.48
SIA,CE,202510,2414848,0211020036,171.0,880.65
SIA,CE,202510,2563460,0206010079,9.0,876.96
SIA,CE,202510,7420501,0206010052,14.0,1214.5
SIA,CE,202510,0301337,0206010079,12.0,1169.28
SIA,CE,202510,7420501,0206010079,121.0,11790.24
SIA,CE,202510,7469683,0206020031,43.0,5865.63
SIA,CE,202510,7469683,0206010028,141.0,14255.1
SIA,CE,202510,7405529,0206010079,191.0,18611.04
SIA,CE,202510,2328011,0206020031,25.0,3410.25
SIA,CE,202510,2328011,0206010079,79.0,7697.76
SIA,CE,202510,2328119,0211020036,41.0,211.15
SIA,CE,202510,2328011,0206030037,31.0,4297.53
SIA,CE,202510,2372967,0206020015,6.0,520.5
SIA,CE,202510,2426579,0206010036,3.0,260.28
SIA,CE,202510,2372967,0206010044,7.0,607.25
SIA,CE,202510,2372967,0211020036,58.0,298.7
SIA,CE,202510,2372967,0206030010,11.0,1524.93
SIA,CE,202510,7051123,0206030010,14.0,1940.82
SIA,CE,202510,7051123,0206010028,80.0,8088.0
SIA,CE,202510,2811200,0206020031,6.0,818.46
SIA,CE,202510,2372967,0206030029,6.0,520.5
SIA,CE,202510,7405529,0206010036,41.0,3557.16
SIA,CE,202510,3541428,0206030010,40.0,5545.2
SIA,CE,202510,2372967,0206010079,41.0,3995.04
SIA,CE,202510,7405529,0206010028,202.0,20422.2
SIA,CE,202510,7420501,0206010010,210.0,18219.6
SIA,CE,202510,7420501,0206030037,117.0,16219.71
SIA,CE,202510,2328011,0206030010,20.0,2772.6
SIA,CE,202510,2563460,0206010036,3.0,260.28
SIA,CE,202510,7405529,0206010010,66.0,5726.16
SIA,CE,202510,7405529,0206030010,95.0,13169.85
SIA,CE,202510,7420501,0206010028,553.0,55908.3
SIA,CE,202510,4527372,0206030037,68.0,9426.84
SIA,CE,202510,2372967,0206020031,9.0,1227.69
SIA,CE,202510,7420501,0206030010,117.0,16219.71
SIA,CE,202510,2328011,0206010010,54.0,4685.04
SIA,CE,202510,2426579,0206010028,50.0,5055.0
SIA,CE,202510,4527372,0206010028,57.0,5762.7
SIA,CE,202510,2481073,0206010010,31.0,2689.56
SIA,CE,202510,2372967,0206030037,32.0,4436.16
SIA,CE,202510,2811200,0206010028,93.0,9402.3
SIA,CE,202510,7469683,0206010010,67.0,5812.92
SIA,CE,202510,7469683,0206030029,15.0,1301.25
SIA,CE,202510,2499045,0211020036,37.0,190.55
SIA,CE,202510,2372967,0206010028,18.0,1516.5
SIA,CE,202510,3541428,0206010079,20.0,1948.8
SIA,CE,202510,2481073,0206010028,61.0,6167.1
SIA,CE,202510,7469683,0206020015,19.0,1648.25
SIA,CE,202510,2328011,0206030029,28.0,2429.0
SIA,CE,202510,2723220,0206020023,9.0,780.75
SIA,CE,202510,2426579,0206010079,58.0,5651.52
SIA,CE,202510,6778798,0211020036,487.0,2508.05
SIA,CE,202510,4527372,0206010036,6.0,520.56
SIA,CE,202510,7469683,0206010036,22.0,1908.72
SIA,CE,202510,7420501,0206010036,117.0,10150.92
SIA,CE,202510,7420501,0206020015,12.0,1041.0
SIA,CE,202510,2426579,0206030010,19.0,2633.97
SIA,CE,202510,2426579,0206010044,4.0,347.0
SIA,CE,202510,2811200,0206010079,43.0,4189.92
SIA,CE,202510,6376738,0206010028,3.0,303.3
SIA,CE,202510,7420501,0206030029,56.0,4858.0
SIA,CE,202510,2481073,0206020031,62.0,8457.42
SIA,CE,202510,2328011,0206010044,10.0,867.5
SIA,CE,202510,4010868,0211020010,118.0,86144.72
SIA,CE,202510,2328011,0206010036,26.0,2255.76
SIA,CE,202510,2328011,0206020015,6.0,520.5
SIA,CE,202510,2328011,0206010052,1.0,86.75
SIA,CE,202510,0301337,0206010010,15.0,1301.4
SIA,CE,202510,2426579,0206020031,23.0,3137.43
SIA,CE,202510,4527372,0206030029,6.0,520.5
SIA,CE,202510,2426579,0206010010,14.0,1214.64
SIA,CE,202510,2564238,0206010095,6.0,12643.32
SIA,CE,202510,2372967,0206020023,2.0,173.5
SIA,CE,202510,7420501,0206010044,29.0,2515.75
SIA,CE,202510,0301337,0206030010,10.0,1386.3
SIA,CE,202510,4527372,0206010010,7.0,607.32
SIA,CE,202510,2426579,0206030037,21.0,2911.23
SIA,CE,202510,2723220,0206010044,20.0,1735.0
SIA,CE,202510,3541428,0206020031,18.0,2455.38
SIA,CE,202510,2481073,0206020015,3.0,260.25
SIA,CE,202510,7428383,0211020036,27.0,139.05
SIA,CE,202510,2415488,0206010044,5.0,433.75
SIA,CE,202510,2372967,0206010010,15.0,1301.4
SIA,CE,202510,2516640,0211020036,18.0,92.7
SIA,CE,202510,0959529,0211020036,12.0,61.8
SIA,CE,202510,7051123,0206010036,13.0,1127.88
SIA,CE,202510,7405529,0206020015,14.0,1214.5
SIA,CE,202510,7469683,0206020023,6.0,520.5
SIA,CE,202510,2723220,0206030029,3.0,260.25
SIA,CE,202510,0301337,0206020023,3.0,260.25
SIA,CE,202510,7469683,0206010044,10.0,867.5
SIA,CE,202510,6376738,0206030010,3.0,415.89
SIA,CE,202510,4527372,0206020015,6.0,520.5
SIA,CE,202510,7405529,0206010044,13.0,1127.75
SIA,CE,202510,2563460,0206010028,3.0,303.3
SIA,CE,202510,4527372,0206020023,2.0,173.5
SIA,CE,202510,2481073,0206030037,17.0,2356.71
SIA,CE,202510,7051123,0206020031,15.0,2046.15
SIA,CE,202510,2723220,0206010036,13.0,1127.88
SIA,CE,202510,6376738,0206020015,2.0,173.5
SIA,CE,202510,2723190,0206010028,12.0,1213.2
SIA,CE,202510,2426579,0206020015,1.0,86.75
SIA,CE,202510,0301337,0206030029,6.0,520.5
SIA,CE,202510,2372967,0206010036,3.0,260.28
SIA,CE,202510,2415488,0206010079,10.0,974.4
SIA,CE,202510,2481073,0206010044,15.0,1301.25
SIA,CE,202510,2425300,0211020010,27.0,19711.08
SIA,CE,202510,7051123,0206020015,5.0,433.75
SIA,CE,202510,7405529,0206030029,12.0,1041.0
SIA,CE,202510,2811200,0206010044,9.0,780.75
SIA,CE,202510,2554658,0211020036,12.0,61.8
SIA,CE,202510,2563460,0206030037,3.0,415.89
SIA,CE,202510,0301337,0206020015,4.0,347.0
SIA,CE,202510,6376738,0206020031,5.0,682.05
SIA,CE,202510,2723220,0206010010,5.0,433.8
SIA,CE,202510,7382626,0206010036,37.0,3123.36
SIA,CE,202510,2723190,0206010010,1.0,86.76
SIA,CE,202510,2426579,0206010052,1.0,86.75
SIA,CE,202510,7501366,0211020036,741.0,3816.15
SIA,CE,202510,9361359,0211020036,100.0,515.0
SIA,CE,202510,2425343,0211020036,147.0,757.05
SIA,CE,202510,7386257,0206010028,178.0,17995.8
SIA,CE,202510,7386257,0206030029,17.0,1474.75
SIA,CE,202510,9672427,0206030010,215.0,29805.45
SIA,CE,202510,6848710,0206030037,101.0,14001.63
SIA,CE,202510,6848710,0206030029,2.0,173.5
SIA,CE,202510,9672427,0206030037,221.0,30637.23
SIA,CE,202510,9672427,0206010028,55.0,5560.5
SIA,CE,202510,2611309,0206030037,117.0,16219.71
SIA,CE,202510,5370221,0211020036,192.0,988.8
SIA,CE,202510,9672427,0206010079,361.0,35175.84
SIA,CE,202510,7386257,0206030010,33.0,4574.79
SIA,CE,202510,9411798,0211020036,276.0,1421.4
SIA,CE,202510,2611309,0206010028,65.0,6571.5
SIA,CE,202510,4226267,0211020036,405.0,2085.75
SIA,CE,202510,6779522,0206010028,41.0,4044.0
SIA,CE,202510,6779522,0206010010,64.0,5465.88
SIA,CE,202510,6848710,0206030010,105.0,14556.15
SIA,CE,202510,9672427,0206020031,197.0,26872.77
SIA,CE,202510,2562146,0211020036,26.0,133.9
SIA,CE,202510,7386257,0206010079,148.0,14421.12
SIA,CE,202510,2564238,0206010079,266.0,25919.04
SIA,CE,202510,7386257,0206030037,53.0,7347.39
SIA,CE,202510,3541428,0206010010,2.0,173.52
SIA,CE,202510,2564238,0206010028,19.0,1920.9
SIA,CE,202510,2611309,0206010079,133.0,12959.52
SIA,CE,202510,2481073,0206030029,4.0,347.0
SIA,CE,202510,7396732,0211020036,56.0,288.4
SIA,CE,202510,7386257,0206010036,23.0,1995.48
SIA,CE,202510,2564238,0206010036,7.0,607.32
SIA,CE,202510,7051123,0206010044,5.0,433.75
SIA,CE,202510,9672427,0206020023,32.0,2776.0
SIA,CE,202510,6848710,0206010079,144.0,14031.36
SIA,CE,202510,6848710,0206020031,42.0,5729.22
SIA,CE,202510,9672427,0206010044,124.0,10757.0
SIA,CE,202510,9672427,0206010052,14.0,1214.5
SIA,CE,202510,2611309,0206030010,113.0,15665.19
SIA,CE,202510,9672427,0206010010,87.0,7548.12
SIA,CE,202510,2611309,0206020015,5.0,433.75
SIA,CE,202510,2611309,0206020023,4.0,347.0
SIA,CE,202510,6848710,0211020036,55.0,283.25
SIA,CE,202510,2611309,0206020031,43.0,5865.63
SIA,CE,202510,9672427,0206020015,15.0,1301.25
SIA,CE,202510,2564238,0206010010,19.0,1648.44
SIA,CE,202510,9672427,0206010036,18.0,1561.68
SIA,CE,202510,2415488,0206010028,15.0,1516.5
SIA,CE,202510,2811200,0206010036,12.0,1041.12
SIA,CE,202510,2563460,0211020036,108.0,556.2
SIA,CE,202510,2415488,0206030010,10.0,1386.3
SIA,CE,202510,3541428,0206030029,7.0,607.25
SIA,CE,202510,9672427,0206030029,40.0,3470.0
SIA,CE,202510,2723212,0211020036,3.0,15.45
SIA,CE,202510,7386257,0206010010,59.0,5118.84
SIA,CE,202510,4527372,0206010044,5.0,433.75
SIA,CE,202510,2611309,0206010010,14.0,1214.64
SIA,CE,202510,2611309,0206010036,7.0,607.32
SIA,CE,202510,2528673,0211020036,193.0,993.95
SIA,CE,202510,2415488,0206030037,11.0,1524.93
SIA,CE,202510,7386257,0206010044,15.0,1301.25
SIA,CE,202510,2564238,0206030037,20.0,2772.6
SIA,CE,202510,7386257,0206020031,49.0,6684.09
SIA,CE,202510,2415658,0211020036,27.0,139.05
SIA,CE,202510,2564238,0206030010,19.0,2633.97
SIA,CE,202510,2497654,0206010079,572.0,55735.68
SIA,CE,202510,2497654,0206020031,265.0,36148.65
SIA,CE,202510,2479478,0211020036,46.0,236.9
SIA,CE,202510,2415488,0206020031,2.0,272.82
SIA,CE,202510,2497654,0206030010,353.0,48936.39
SIA,CE,202510,2497654,0206030037,195.0,27032.85
SIA,CE,202510,2479214,0206010036,7.0,607.32
SIA,CE,202510,2479214,0206010079,104.0,10133.76
SIA,CE,202510,2479214,0206020031,627.0,85529.07
SIA,CE,202510,2481375,0211020036,30.0,154.5
SIA,CE,202510,2497654,0206010010,20.0,1735.2
SIA,CE,202510,2564238,0206010044,13.0,1127.75
SIA,CE,202510,2497654,0206010052,21.0,1821.75
SIA,CE,202510,2479710,0211020036,214.0,1102.1
SIA,CE,202510,2497654,0206010028,11.0,1112.1
SIA,CE,202510,2564211,0206020031,360.0,49107.6
SIA,CE,202510,2564211,0206030010,296.0,41034.48
SIA,CE,202510,0086673,0206030010,41.0,5683.83
SIA,CE,202510,0086673,0206030037,65.0,9010.95
SIA,CE,202510,2497654,0206010044,43.0,3730.25
SIA,CE,202510,2497654,0206010060,1.0,97.44
SIA,CE,202510,2564211,0208010025,32.0,13072.64
SIA,CE,202510,2564211,0206030037,265.0,36736.95
SIA,CE,202510,2479214,0206030037,11.0,1524.93
SIA,CE,202510,2704404,0206010044,67.0,5812.25
SIA,CE,202510,2479214,0206010044,34.0,2949.5
SIA,CE,202510,2479214,0206030010,92.0,12753.96
SIA,CE,202510,2560852,0206010079,219.0,21339.36
SIA,CE,202510,2560852,0206010044,18.0,1561.5
SIA,CE,202510,2560852,0206020015,2.0,173.5
SIA,CE,202510,2560852,0206030037,18.0,2495.34
SIA,CE,202510,2560852,0206010010,36.0,3123.36
SIA,CE,202510,2560852,0206030010,45.0,6238.35
SIA,CE,202510,2560852,0206020031,43.0,5865.63
SIA,CE,202510,2560852,0206010036,10.0,867.6
SIA,CE,202510,2811200,0206030037,15.0,2079.45
SIA,CE,202510,0086673,0206010028,46.0,4650.6
SIA,CE,202510,0086673,0206030029,5.0,433.75
SIA,CE,202510,0086673,0206020031,11.0,1500.51
SIA,CE,202510,0086673,0211020036,222.0,1143.3
SIA,CE,202510,0086673,0206010079,66.0,6431.04
SIA,CE,202510,0086673,0206010010,18.0,1561.68
SIA,CE,202510,2806339,0211020036,15.0,77.25
SIA,CE,202510,2611309,0206010044,13.0,1127.75
SIA,CE,202510,6848710,0206010044,11.0,954.25
SIA,CE,202510,2665190,0206030010,11.0,1524.93
SIA,CE,202510,2560852,0206010028,111.0,11222.1
SIA,CE,202510,2811200,0206030010,12.0,1663.56
SIA,CE,202510,0301337,0206020031,7.0,954.87
SIA,CE,202510,2479214,0206010010,11.0,954.36
SIA,CE,202510,2479214,0206010028,11.0,1112.1
SIA,CE,202510,2665190,0206010079,28.0,2728.32
SIA,CE,202510,2665190,0206030029,3.0,260.25
SIA,CE,202510,2665190,0206010010,6.0,520.56
SIA,CE,202510,2564211,0206010028,134.0,13547.4
SIA,CE,202510,2564211,0206010079,140.0,13641.6
SIA,CE,202510,2333848,0211020036,16.0,82.4
SIA,CE,202510,2564211,0211020036,232.0,1194.8
SIA,CE,202510,2564211,0206020015,9.0,780.75
SIA,CE,202510,2564211,0208010033,32.0,12258.24
SIA,CE,202510,2564211,0206010010,37.0,3210.12
SIA,CE,202510,0086673,0206010052,2.0,173.5
SIA,CE,202510,2665190,0206010028,34.0,3437.4
SIA,CE,202510,2564211,0206010044,28.0,2429.0
SIA,CE,202510,0086673,0206010044,46.0,3990.5
SIA,CE,202510,2497654,0211020036,829.0,4269.35
SIA,CE,202510,2665190,0206010044,2.0,173.5
SIA,CE,202510,2665190,0206010036,8.0,694.08
SIA,CE,202510,4010779,0211020036,80.0,412.0
SIA,CE,202510,2479214,0206010052,5.0,433.75
SIA,CE,202510,2479214,0206020015,2.0,173.5
SIA,CE,202510,2561026,0206010028,9.0,909.9
SIA,CE,202510,2427125,0211020036,216.0,1112.4
SIA,CE,202510,2552345,0211020036,70.0,360.5
SIA,CE,202510,2563681,0206010079,119.0,11595.36
SIA,CE,202510,6779522,0206020015,10.0,867.5
SIA,CE,202510,6779522,0206020031,103.0,14050.23
SIA,CE,202510,2561026,0206030029,6.0,520.5
SIA,CE,202510,2554798,0206010028,124.0,12536.4
SIA,CE,202510,2554798,0206030029,10.0,867.5
SIA,CE,202510,2478994,0211020036,18.0,92.7
SIA,CE,202510,6697518,0211020036,325.0,1673.75
SIA,CE,202510,2554798,0206010010,28.0,2429.28
SIA,CE,202510,2563681,0206020031,35.0,4774.35
SIA,CE,202510,6779522,0206010079,629.0,61289.76
SIA,CE,202510,6779522,0206030037,231.0,32023.53
SIA,CE,202510,6779522,0206010044,110.0,9542.5
SIA,CE,202510,6848710,0206010052,7.0,607.25
SIA,CE,202510,2554798,0206010079,71.0,6918.24
SIA,CE,202510,2562871,0211020036,261.0,1344.15
SIA,CE,202510,2561026,0206030010,49.0,6792.87
SIA,CE,202510,6779522,0206030010,202.0,28003.26
SIA,CE,202510,2499363,0206030010,52.0,7208.76
SIA,CE,202510,2561026,0206020031,18.0,2455.38
SIA,CE,202510,2427125,0206030010,61.0,8456.43
SIA,CE,202510,2427125,0206010079,84.0,8184.96
SIA,CE,202510,2526662,0211020036,385.0,1982.75
SIA,CE,202510,2561352,0211020036,45.0,231.75
SIA,CE,202510,2564238,0206030029,1.0,86.75
SIA,CE,202510,2427125,0206020031,9.0,1227.69
SIA,CE,202510,6619908,0211020036,77.0,396.55
SIA,CE,202510,2499363,0206030037,49.0,6792.87
SIA,CE,202510,2427125,0206030037,15.0,2079.45
SIA,CE,202510,2499363,0206010079,33.0,3215.52
SIA,CE,202510,2333856,0211020036,21.0,108.15
SIA,CE,202510,2806215,0206010028,1.0,101.1
SIA,CE,202510,2806215,0206030029,1.0,86.75
SIA,CE,202510,2427125,0206010044,9.0,780.75
SIA,CE,202510,0086673,0206020023,4.0,347.0
SIA,CE,202510,2695839,0211020036,107.0,551.05
SIA,CE,202510,2481065,0211020036,34.0,175.1
SIA,CE,202510,2665190,0206030037,4.0,554.52
SIA,CE,202510,9672427,0211020036,215.0,1107.25
SIA,CE,202510,2561026,0206010079,80.0,7795.2
SIA,CE,202510,7386257,0206020023,5.0,433.75
SIA,CE,202510,2554798,0206020031,25.0,3410.25
SIA,CE,202510,2554798,0206030037,42.0,5822.46
SIA,CE,202510,2554798,0206010036,14.0,1214.64
SIA,CE,202510,2328046,0211020036,255.0,1313.25
SIA,CE,202510,6779522,0206010052,8.0,694.0
SIA,CE,202510,2561026,0206010044,18.0,1561.5
SIA,CE,202510,2806215,0206030010,25.0,3465.75
SIA,CE,202510,6779522,0206010036,11.0,954.36
SIA,CE,202510,2564211,0206010052,57.0,4944.75
SIA,CE,202510,7396368,0211020036,213.0,1096.95
SIA,CE,202510,2563681,0206030037,51.0,7070.13
SIA,CE,202510,2427125,0206010028,12.0,1213.2
SIA,CE,202510,2665190,0206010052,1.0,86.75
SIA,CE,202510,2563681,0206030010,50.0,6931.5
SIA,CE,202510,2564211,0206030029,22.0,1908.5
SIA,CE,202510,2479214,0205010016,6.0,990.0
SIA,CE,202510,2479214,0211020060,230.0,6900.0
SIA,CE,202510,2479214,0211020036,7357.0,37888.55
SIA,CE,202510,2806215,0206030037,9.0,1247.67
SIA,CE,202510,2561026,0206030037,56.0,7763.28
SIA,CE,202510,6779522,0206030029,17.0,1474.75
SIA,CE,202510,2427125,0206010010,11.0,954.36
SIA,CE,202510,2564211,0206010036,17.0,1474.92
SIA,CE,202510,2611309,0206030029,6.0,520.5
SIA,CE,202510,7262698,0211020036,183.0,942.45
SIA,CE,202510,0086673,0206010036,4.0,347.04
SIA,CE,202510,2554798,0206030010,6.0,831.78
SIA,CE,202510,2526662,0206010028,1.0,101.1
SIA,CE,202510,2722917,0211020036,222.0,1143.3
SIA,CE,202510,2563681,0206030029,10.0,867.5
SIA,CE,202510,2497654,0206020023,2.0,173.5
SIA,CE,202510,2560852,0211020036,134.0,690.1
SIA,CE,202510,6376738,0206010010,2.0,173.52
SIA,CE,202510,2561026,0206020015,2.0,173.5
SIA,CE,202510,2499363,0206020031,39.0,5319.99
SIA,CE,202510,2499363,0206010028,6.0,606.6
SIA,CE,202510,2415623,0211020036,170.0,875.5
SIA,CE,202510,2563681,0206010028,4.0,404.4
SIA,CE,202510,2554798,0206010044,8.0,694.0
SIA,CE,202510,2516632,0211020036,33.0,169.95
SIA,CE,202510,2427125,0206030029,4.0,347.0
SIA,CE,202510,2806215,0206010079,5.0,487.2
SIA,CE,202510,3021114,0206010079,499.0,48622.56
SIA,CE,202510,3021114,0206020031,331.0,45151.71
SIA,CE,202510,3021114,0206030010,252.0,34934.76
SIA,CE,202510,3021114,0206010052,41.0,3556.75
SIA,CE,202510,3021114,0206030037,263.0,36459.69
SIA,CE,202510,6956963,0206010028,219.0,22140.9
SIA,CE,202510,6956963,0206030037,89.0,12338.07
SIA,CE,202510,6956963,0206010079,141.0,13739.04
SIA,CE,202510,6956963,0206030029,11.0,954.25
SIA,CE,202510,7382626,0206010028,249.0,24870.6
SIA,CE,202510,7382626,0206030029,38.0,3296.5
SIA,CE,202510,7382626,0206030010,46.0,6376.98
SIA,CE,202510,7403224,0206010010,91.0,7895.16
SIA,CE,202510,7403224,0206010028,244.0,24668.4
SIA,CE,202510,7396805,0211020036,195.0,1004.25
SIA,CE,202510,2552086,0206030010,104.0,14417.52
SIA,CE,202510,2552086,0206010079,113.0,11010.72
SIA,CE,202510,2561344,0211020036,580.0,2987.0
SIA,CE,202510,2529149,0206020031,290.0,39558.9
SIA,CE,202510,2529149,0206010079,3421.0,333342.24
SIA,CE,202510,2529149,0206010028,390.0,39429.0
SIA,CE,202510,2529149,0206010052,104.0,9022.0
SIA,CE,202510,2529149,0206010044,603.0,52310.25
SIA,CE,202510,2529149,0206020023,109.0,9455.75
SIA,CE,202510,2529149,0206030010,194.0,26894.22
SIA,CE,202510,6956963,0206030010,86.0,11922.18
SIA,CE,202510,2479907,0206030010,71.0,9842.73
SIA,CE,202510,2554518,0211020036,96.0,494.4
SIA,CE,202510,2785900,0206030037,41.0,5683.83
SIA,CE,202510,2785900,0206010052,2.0,173.5
SIA,CE,202510,2785900,0206010079,28.0,2728.32
SIA,CE,202510,7382626,0206030037,60.0,8317.8
SIA,CE,202510,2552086,0206020031,15.0,2046.15
SIA,CE,202510,2561026,0206020023,3.0,260.25
SIA,CE,202510,2785900,0211020036,192.0,988.8
SIA,CE,202510,0310921,0206010028,360.0,36396.0
SIA,CE,202510,0310921,0206030037,81.0,11229.03
SIA,CE,202510,6848710,0206010028,3.0,303.3
SIA,CE,202510,3021114,0211020036,98.0,504.7
SIA,CE,202510,2372150,0206030037,54.0,7486.02
SIA,CE,202510,0310921,0206010079,295.0,28744.8
SIA,CE,202510,2479907,0206010079,197.0,19195.68
SIA,CE,202510,2479907,0206010028,6.0,606.6
SIA,CE,202510,2561492,0211020036,1092.0,5623.8
SIA,CE,202510,2561492,0206030010,49.0,6792.87
SIA,CE,202510,2675560,0206010079,195.0,19000.8
SIA,CE,202510,2526638,0206010079,69.0,6723.36
SIA,CE,202510,7403224,0206010079,100.0,9744.0
SIA,CE,202510,2561492,0205010016,19.0,3135.0
SIA,CE,202510,0393029,0206010079,20.0,1948.8
SIA,CE,202510,2675560,0206030037,231.0,32023.53
SIA,CE,202510,7988400,0211020036,302.0,1555.3
SIA,CE,202510,2479907,0206020031,67.0,9139.47
SIA,CE,202510,2479907,0206030037,76.0,10535.88
SIA,CE,202510,0263672,0211020036,315.0,1622.25
SIA,CE,202510,6956963,0206020031,31.0,4228.71
SIA,CE,202510,7047428,0206010079,57.0,5554.08
SIA,CE,202510,7382626,0206010010,94.0,7981.92
SIA,CE,202510,7382626,0206010079,92.0,8964.48
SIA,CE,202510,7403224,0206010036,21.0,1821.96
SIA,CE,202510,7403224,0206010044,23.0,1995.25
SIA,CE,202510,7403224,0206020031,88.0,12004.08
SIA,CE,202510,7382626,0206010044,16.0,1388.0
SIA,CE,202510,7403224,0206030037,37.0,5129.31
SIA,CE,202510,0454788,0211020036,12.0,61.8
SIA,CE,202510,2373971,0206020031,20.0,2728.2
SIA,CE,202510,2479907,0211020036,358.0,1843.7
SIA,CE,202510,3021114,0206010028,55.0,5560.5
SIA,CE,202510,7382626,0206020031,50.0,6820.5
SIA,CE,202510,0393029,0206020031,26.0,3546.66
SIA,CE,202510,2785900,0206030010,38.0,5267.94
SIA,CE,202510,2529149,0206010010,460.0,39909.6
SIA,CE,202510,2529149,0206020015,71.0,6159.25
SIA,CE,202510,2480646,0206010079,2.0,194.88
SIA,CE,202510,4985311,0206010079,1.0,97.44
SIA,CE,202510,2480646,0206030010,5.0,693.15
SIA,CE,202510,2480646,0206030037,2.0,277.26
SIA,CE,202510,4985311,0206010028,1.0,101.1
SIA,CE,202510,4985311,0206010010,4.0,347.04
SIA,CE,202510,0310921,0206010036,45.0,3904.2
SIA,CE,202510,0310921,0206030010,68.0,9426.84
SIA,CE,202510,7047428,0206010028,6.0,606.6
SIA,CE,202510,7382626,0211020060,47.0,1410.0
SIA,CE,202510,2675560,0206030029,29.0,2515.75
SIA,CE,202510,0310921,0206010010,128.0,11105.28
SIA,CE,202510,2561492,0206010079,18.0,1753.92
SIA,CE,202510,2675560,0206010010,83.0,7201.08
SIA,CE,202510,0107239,0211020036,179.0,921.85
SIA,CE,202510,7047428,0206020031,9.0,1227.69
SIA,CE,202510,2561492,0206030037,49.0,6792.87
SIA,CE,202510,7047428,0206020015,20.0,1735.0
SIA,CE,202510,2480646,0211020036,222.0,1143.3
SIA,CE,202510,6956963,0206010036,24.0,2082.24
SIA,CE,202510,2372150,0206010044,4.0,347.0
SIA,CE,202510,2372150,0206010028,76.0,7683.6
SIA,CE,202510,6999506,0211020036,465.0,2394.75
SIA,CE,202510,2529149,0206030037,239.0,33132.57
SIA,CE,202510,2373971,0206010010,34.0,2949.84
SIA,CE,202510,2529149,0206010036,95.0,8242.2
SIA,CE,202510,2529149,0206030029,141.0,12231.75
SIA,CE,202510,2560984,0211020036,216.0,1112.4
SIA,CE,202510,2561492,0206020031,58.0,7911.78
SIA,CE,202510,2820234,0208010025,34.0,13889.68
SIA,CE,202510,2479907,0206010052,2.0,173.5
SIA,CE,202510,2552086,0206010028,8.0,808.8
SIA,CE,202510,2372150,0206010079,63.0,6138.72
SIA,CE,202510,9939938,0211020036,1.0,5.15
SIA,CE,202510,3021114,0206010010,74.0,6420.24
SIA,CE,202510,2480646,0206010044,2.0,173.5
SIA,CE,202510,6956963,0206010010,68.0,5899.68
SIA,CE,202510,2373971,0206010079,129.0,12569.76
SIA,CE,202510,3021114,0206010044,31.0,2689.25
SIA,CE,202510,7403224,0206030010,44.0,6099.72
SIA,CE,202510,7382626,0211020036,9.0,46.35
SIA,CE,202510,2373971,0206010028,44.0,4448.4
SIA,CE,202510,3021114,0206010036,18.0,1561.68
SIA,CE,202510,2480646,0206010028,4.0,404.4
SIA,CE,202510,0310921,0206020031,62.0,8457.42
SIA,CE,202510,2785900,0206020031,8.0,1091.28
SIA,CE,202510,2820234,0208010033,34.0,13024.38
SIA,CE,202510,0310921,0206010044,29.0,2515.75
SIA,CE,202510,2372150,0206030010,30.0,4158.9
SIA,CE,202510,2561492,0211020060,76.0,2280.0
SIA,CE,202510,2552086,0206020023,11.0,954.25
SIA,CE,202510,2552086,0206030037,8.0,1109.04
SIA,CE,202510,2333740,0211020036,15.0,77.25
SIA,CE,202510,2785900,0206020023,2.0,173.5
SIA,CE,202510,2675560,0206010052,4.0,347.0
SIA,CE,202510,2560852,0206030029,6.0,520.5
SIA,CE,202510,2526638,0206010044,15.0,1301.25
SIA,CE,202510,2675560,0206020015,8.0,694.0
SIA,CE,202510,2675560,0206020031,95.0,12958.95
SIA,CE,202510,2372150,0206010010,22.0,1908.72
SIA,CE,202510,2372150,0206020031,21.0,2864.61
SIA,CE,202510,6956963,0206010044,19.0,1648.25
SIA,CE,202510,2561492,0206010044,18.0,1561.5
SIA,CE,202510,2528843,0206010079,31.0,3020.64
SIA,CE,202510,7382626,0206020015,11.0,954.25
SIA,CE,202510,2373971,0206010052,21.0,1821.75
SIA,CE,202510,2372150,0206010036,15.0,1301.4
SIA,CE,202510,0393029,0206030029,4.0,347.0
SIA,CE,202510,2480646,0206020031,5.0,682.05
SIA,CE,202510,7569793,0211020036,88.0,453.2
SIA,CE,202510,2497654,0206010036,5.0,433.8
SIA,CE,202510,2479907,0206010010,5.0,433.8
SIA,CE,202510,0310921,0206020023,4.0,347.0
SIA,CE,202510,2372150,0206030029,10.0,867.5
SIA,CE,202510,2373971,0206010036,15.0,1301.4
SIA,CE,202510,2564211,0206020023,11.0,954.25
SIA,CE,202510,2479907,0206010044,68.0,5899.0
SIA,CE,202510,2328429,0211020036,21.0,108.15
SIA,CE,202510,2528843,0206010044,9.0,780.75
SIA,CE,202510,2528843,0206010028,14.0,1415.4
SIA,CE,202510,2372150,0206010052,1.0,86.75
SIA,CE,202510,2372150,0206010060,1.0,97.44
SIA,CE,202510,2480646,0206010010,2.0,173.52
SIA,CE,202510,0310921,0206020015,5.0,433.75
SIA,CE,202510,7403224,0211020060,33.0,990.0
SIA,CE,202510,7403224,0206020015,8.0,694.0
SIA,CE,202510,2372819,0211020036,186.0,957.9
SIA,CE,202510,2561492,0206010028,10.0,1011.0
SIA,CE,202510,9044515,0211020036,22.0,113.3
SIA,CE,202510,2480646,0206030029,1.0,86.75
SIA,CE,202510,7047428,0206030029,36.0,3123.0
SIA,CE,202510,7403224,0206030029,9.0,780.75
SIA,CE,202510,3021114,0206030029,3.0,260.25
SIA,CE,202510,2479907,0206010036,4.0,347.04
SIA,CE,202510,2373971,0206030037,9.0,1247.67
SIA,CE,202510,7403224,0206010052,2.0,173.5
SIA,CE,202510,2528843,0206020031,9.0,1227.69
SIA,CE,202510,2820234,0206010028,15.0,1516.5
SIA,CE,202510,2372509,0211020036,49.0,252.35
SIA,CE,202510,2373971,0206030029,8.0,694.0
SIA,CE,202510,7403224,0211020036,317.0,1632.55
SIA,CE,202510,2480646,0206020015,1.0,86.75
SIA,CE,202510,2611252,0211020036,2.0,10.3
SIA,CE,202510,7006810,0211020036,343.0,1766.45
SIA,CE,202510,0310921,0206030029,18.0,1561.5
SIA,CE,202510,2526638,0206010028,17.0,1718.7
SIA,CE,202510,2552086,0206010044,6.0,520.5
SIA,CE,202510,2785900,0206010028,7.0,707.7
SIA,CE,202510,4695623,0211020036,177.0,911.55
SIA,CE,202510,0951021,0211020036,43.0,221.45
SIA,CE,202510,0393029,0206030010,2.0,277.26
SIA,CE,202510,2675560,0206010044,19.0,1648.25
SIA,CE,202510,4985311,0206030037,1.0,138.63
SIA,CE,202510,2526638,0206030010,27.0,3743.01
SIA,CE,202510,7403224,0206020023,4.0,347.0
SIA,CE,202510,2426455,0211020036,100.0,515.0
SIA,CE,202510,0393029,0206030037,8.0,1109.04
SIA,CE,202510,2561492,0206010010,13.0,1127.88
SIA,CE,202510,2373971,0206020015,5.0,433.75
SIA,CE,202510,2564580,0211020036,19.0,97.85
SIA,CE,202510,2564211,0206010060,1.0,97.44
SIA,CE,202510,2726351,0211020036,105.0,540.75
SIA,CE,202510,2479907,0211020060,35.0,1050.0
SIA,CE,202510,2328003,0211020036,224.0,1153.6
SIA,CE,202510,2529149,0211020036,105.0,540.75
SIA,CE,202510,0310921,0211020036,739.0,3805.85
SIA,CE,202510,2480646,0206010052,1.0,86.75
SIA,CE,202510,2552086,0206010010,5.0,433.8
SIA,CE,202510,2560852,0206010052,4.0,347.0
SIA,CE,202510,6956963,0211020036,28.0,144.2
SIA,CE,202510,0393029,0206010044,18.0,1561.5
SIA,CE,202510,2526638,0206030037,10.0,1386.3
SIA,CE,202510,2552086,0206010036,1.0,86.76
SIA,CE,202510,2552086,0206030029,1.0,86.75
SIA,CE,202510,4985311,0206030010,1.0,138.63
SIA,CE,202510,2552086,0211020036,655.0,3373.25
SIA,CE,202510,2373971,0206020023,11.0,954.25
SIA,CE,202510,0393029,0206010028,8.0,808.8
SIA,CE,202510,2723611,0211020036,222.0,1143.3
SIA,CE,202510,2611058,0211020036,110.0,566.5
SIA,CE,202510,2785900,0206010010,2.0,173.52
SIA,CE,202510,2479028,0211020036,200.0,1030.0
SIA,CE,202510,2998890,0211020036,214.0,1102.1
SIA,CE,202510,2333813,0211020036,57.0,293.55
SIA,CE,202510,5018110,0206010028,100.0,10110.0
SIA,CE,202510,7381158,0211020036,250.0,1287.5
SIA,CE,202510,6774695,0211020036,103.0,530.45
SIA,CE,202510,6774695,0206010079,25.0,2436.0
SIA,CE,202510,2479893,0211020036,113.0,581.95
SIA,CE,202510,7061021,0211020036,149.0,767.35
SIA,CE,202510,7061021,0206010079,245.0,23872.8
SIA,CE,202510,7061021,0206020031,157.0,21416.37
SIA,CE,202510,7061021,0206010028,27.0,2729.7
SIA,CE,202510,7061021,0206010010,49.0,4251.24
SIA,CE,202510,7061021,0206030010,184.0,25507.92
SIA,CE,202510,2425300,0211020036,1497.0,7709.55
SIA,CE,202510,2425300,0211020060,27.0,810.0
SIA,CE,202510,2561492,0206020023,1.0,86.75
SIA,CE,202510,7021437,0211020036,285.0,1467.75
SIA,CE,202510,6774695,0206010028,39.0,3942.9
SIA,CE,202510,7389272,0211020036,200.0,1030.0
SIA,CE,202510,7061021,0206030037,180.0,24953.4
SIA,CE,202510,5018110,0206010079,92.0,8964.48
SIA,CE,202510,5018110,0206030037,52.0,7208.76
SIA,CE,202510,2497654,0206020015,3.0,260.25
SIA,CE,202510,7429398,0211020036,500.0,2575.0
SIA,CE,202510,2333880,0211020036,170.0,875.5
SIA,CE,202510,2560828,0211020036,112.0,576.8
SIA,CE,202510,7386257,0206020015,10.0,867.5
SIA,CE,202510,2526654,0211020036,53.0,272.95
SIA,CE,202510,2328445,0211020036,7.0,36.05
SIA,CE,202510,2328437,0211020036,50.0,257.5
SIA,CE,202510,6848710,0206010010,2.0,173.52
SIA,CE,202510,2664151,0211020036,110.0,566.5
SIA,CE,202510,5018110,0206010044,12.0,1041.0
SIA,CE,202510,2664690,0211020036,83.0,427.45
SIA,CE,202510,7061021,0206010036,24.0,2082.24
SIA,CE,202510,2528657,0211020036,102.0,525.3
SIA,CE,202510,5018110,0206030010,59.0,8179.17
SIA,CE,202510,7061021,0206010044,82.0,7113.5
SIA,CE,202510,2527685,0211020036,22.0,113.3
SIA,CE,202510,7061021,0206030029,6.0,520.5
SIA,CE,202510,2528843,0206030010,7.0,970.41
SIA,CE,202510,6774695,0206010010,11.0,954.36
SIA,CE,202510,2425432,0211020036,38.0,195.7
SIA,CE,202510,2561328,0211020036,198.0,1019.7
SIA,CE,202510,7386257,0206010052,4.0,347.0
SIA,CE,202510,2499339,0211020036,281.0,1447.15
SIA,CE,202510,2841118,0211020036,50.0,257.5
SIA,CE,202510,2611686,0206030010,3.0,415.89
SIA,CE,202510,2478277,0211020036,38.0,195.7
SIA,CE,202510,2373513,0211020036,56.0,288.4
SIA,CE,202510,2427184,0211020036,70.0,360.5
SIA,CE,202510,2552191,0211020036,123.0,633.45
SIA,CE,202510,2675560,0206020023,3.0,260.25
SIA,CE,202510,2497654,0206030029,2.0,173.5
SIA,CE,202510,2527693,0211020036,335.0,1725.25
SIA,CE,202510,7061021,0206020015,9.0,780.75
SIA,CE,202510,2529246,0211020036,164.0,844.6
SIA,CE,202510,2528843,0206030037,4.0,554.52
SIA,CE,202510,6956963,0206020015,5.0,433.75
SIA,CE,202510,2372479,0211020036,261.0,1344.15
SIA,CE,202510,5018110,0206010010,29.0,2516.04
SIA,CE,202510,7907281,0211020036,1.0,5.15
SIA,CE,202510,6632513,0211020036,84.0,432.6
SIA,CE,202510,2561026,0206010010,5.0,433.8
SIA,CE,202510,3021114,0206020015,1.0,86.75
SIA,CE,202510,5018110,0206020031,21.0,2864.61
SIA,CE,202510,6779522,0206020023,19.0,1648.25
SIA,CE,202510,2611686,0206020031,3.0,409.23
SIA,CE,202510,2373009,0211020036,1.0,5.15
SIA,CE,202510,2563681,0206010010,11.0,954.36
SIA,CE,202510,2371847,0211020036,229.0,1179.35
SIA,CE,202510,6778798,0211020060,37.0,1110.0
SIA,CE,202510,2482088,0211020036,191.0,983.65
SIA,CE,202510,7274440,0211020036,311.0,1601.65
SIA,CE,202510,2414996,0211020036,34.0,175.1
SIA,CE,202510,2561026,0206010036,2.0,173.52
SIA,CE,202510,2664666,0211020036,38.0,195.7
SIA,CE,202510,2561050,0211020036,111.0,571.65
SIA,CE,202510,5018110,0206020023,1.0,86.75
SIA,CE,202510,2374064,0211020036,208.0,1071.2
SIA,CE,202510,2664364,0211020036,107.0,551.05
SIA,CE,202510,2427125,0206010036,1.0,86.76
SIA,CE,202510,3384993,0211020036,9.0,46.35
SIA,CE,202510,2562227,0211020036,30.0,154.5
SIA,CE,202510,9190201,0211020036,14.0,72.1
SIA,CE,202510,2562138,0211020036,104.0,535.6
SIA,CE,202510,2563339,0211020036,48.0,247.2
SIA,CE,202510,2482495,0211020036,60.0,309.0
SIA,CE,202510,7890389,0211020036,51.0,262.65
SIA,CE,202510,7371888,0211020036,6.0,30.9
SIA,CE,202510,2561441,0211020036,336.0,1730.4
SIA,CE,202510,6774695,0206010036,4.0,347.04
SIA,CE,202510,2561492,0211020010,62.0,45262.48
SIA,CE,202510,5018110,0206010052,3.0,260.25
SIA,CE,202510,6668828,0211020036,1.0,5.15
SIA,CE,202510,7061021,0206010052,16.0,1388.0
SIA,CE,202510,6774695,0206020031,6.0,818.46
SIA,CE,202510,2499363,0206020023,2.0,173.5
SIA,CE,202510,2563681,0206010044,9.0,780.75
SIA,CE,202510,5314194,0211020036,129.0,664.35
SIA,CE,202510,2561417,0211020036,51.0,262.65
SIA,CE,202510,2529068,0211020036,4.0,20.6
SIA,CE,202510,5723507,0211020036,195.0,1004.25
SIA,CE,202510,2562499,0211020036,1.0,5.15
SIA,CE,202510,5018110,0206030029,5.0,433.75
SIA,CE,202510,2499363,0206030029,3.0,260.25
SIA,CE,202510,2820234,0206010095,32.0,67431.04
SIA,CE,202510,2427125,0206020015,3.0,260.25
SIA,CE,202510,6893295,0211020036,467.0,2405.05
SIA,CE,202510,6774695,0206030037,6.0,831.78
SIA,CE,202510,2723182,0211020036,1.0,5.15
SIA,CE,202510,2663929,0211020036,1.0,5.15
SIA,CE,202510,2427125,0206010052,1.0,86.75
SIA,CE,202510,2328100,0211020036,40.0,206.0
SIA,CE,202510,7434308,0211020036,506.0,2605.9
SIA,CE,202510,2611775,0211020036,120.0,618.0
SIA,CE,202510,3759148,0211020036,186.0,957.9
SIA,CE,202510,2563681,0206010052,1.0,86.75
SIA,CE,202510,2415372,0211020036,222.0,1143.3
SIA,CE,202510,0183229,0211020036,431.0,2219.65
SIA,CE,202510,7072341,0211020036,346.0,1781.9
SIA,CE,202510,6774695,0206030010,5.0,693.15
SIA,CE,202510,5018110,0206010036,11.0,954.36
SIA,CE,202510,7061021,0206020023,5.0,433.75
SIA,CE,202510,2372622,0211020036,55.0,283.25
SIA,CE,202510,7103255,0211020036,721.0,3713.15
SIA,CE,202510,2529238,0211020036,53.0,272.95
SIA,CE,202510,2723190,0211020036,11.0,56.65
SIA,CE,202510,2482231,0211020036,1.0,5.15
SIA,CE,202510,2479990,0211020036,1.0,5.15
SIA,CE,202510,2425300,0205010016,11.0,1815.0
SIA,CE,202510,2562200,0211020036,79.0,406.85
SIA,CE,202510,2723190,0206030029,1.0,86.75
SIA,CE,202510,2414864,0211020036,40.0,206.0
SIA,CE,202510,2526670,0211020036,30.0,154.5
SIA,CE,202510,9275134,0211020036,342.0,1761.3
SIA,CE,202510,2328399,0211020036,2.0,10.3
SIA,CE,202510,9280669,0211020036,34.0,175.1
SIA,CE,202510,2611201,0211020036,334.0,1720.1
SIA,CE,202510,2478080,0211020036,246.0,1266.9
SIA,CE,202510,6376738,0206010036,1.0,86.76
SIA,CE,202510,0301337,0206010052,2.0,173.5
SIA,CE,202510,2785900,0206010036,1.0,86.76
SIA,CE,202510,2528843,0206010036,1.0,86.76
SIA,CE,202510,7992130,0211020036,231.0,1189.65
SIA,CE,202510,2372150,0206020015,4.0,347.0
SIA,CE,202510,2479427,0211020036,60.0,309.0
SIA,CE,202510,7405529,0206010052,2.0,173.5
SIA,CE,202510,2561425,0206020031,1.0,136.41
SIA,CE,202510,2611686,0211020036,1.0,5.15
SIA,CE,202510,7420501,0206020023,4.0,347.0
SIA,CE,202510,2561425,0206030037,1.0,138.63
SIA,CE,202510,2561425,0206010079,2.0,194.88
SIA,CE,202510,0228753,0211020036,361.0,1859.15
SIA,CE,202510,2427176,0211020036,284.0,1462.6
SIA,CE,202510,5018110,0206020015,2.0,173.5
SIA,CE,202510,7405529,0206020023,1.0,86.75
SIA,CE,202510,2563460,0206010044,1.0,86.75
SIA,CE,202510,2563460,0206030010,5.0,693.15
SIA,CE,202510,2479419,0211020036,245.0,1261.75
SIA,CE,202510,2529114,0211020036,149.0,767.35
SIA,CE,202510,6774695,0206020023,2.0,173.5
SIA,CE,202510,7420501,0211020036,309.0,1591.35
SIA,CE,202510,4010825,0211020036,109.0,561.35
SIA,CE,202510,2726319,0211020036,28.0,144.2
SIA,CE,202510,2372495,0211020036,88.0,453.2
SIA,CE,202510,7710941,0211020036,350.0,1802.5
SIA,CE,202510,2372460,0211020036,36.0,185.4
SIA,CE,202510,7376928,0211020036,391.0,2013.65
SIA,CE,202510,2333864,0211020036,130.0,669.5
SIA,CE,202510,6779522,0211020036,131.0,674.65
SIA,CE,202510,4010868,0211020060,53.0,1590.0
SIA,CE,202510,4010868,0211020036,615.0,3167.25
SIA,CE,202510,2563681,0206020015,1.0,86.75
SIA,CE,202510,2563681,0211020036,125.0,643.75
SIA,CE,202510,2806215,0211020036,716.0,3687.4
SIA,CE,202510,7376928,0211020060,11.0,330.0
SIA,CE,202510,2499363,0211020036,182.0,937.3
SIA,CE,202510,2563347,0211020036,12.0,61.8
SIA,CE,202510,2705923,0211020036,130.0,669.5
SIA,CE,202510,7320418,0211020060,56.0,1680.0
SIA,CE,202510,2499363,0206020015,1.0,86.75
SIA,CE,202510,2527669,0211020036,40.0,206.0
SIA,CE,202510,2563681,0206010036,1.0,86.76
SIA,CE,202510,2499363,0206010044,3.0,260.25
SIA,CE,202510,2561026,0211020036,240.0,1236.0
SIA,CE,202510,7993218,0211020036,580.0,2987.0
SIA,CE,202510,6985483,0211020036,427.0,2199.05
SIA,CE,202510,2651394,0211020036,576.0,2966.4
SIA,CE,202510,7320418,0211020036,188.0,968.2
SIA,CE,202510,7514948,0211020036,584.0,3007.6
SIA,CE,202510,4913272,0211020036,25.0,128.75
SIA,CE,202510,2806215,0206020031,2.0,272.82
SIA,CE,202510,5393027,0211020036,391.0,2013.65
SIA,CE,202510,2554798,0211020036,442.0,2276.3
SIA,CE,202510,2880326,0211020036,165.0,849.75
SIA,CE,202510,2516683,0211020036,180.0,927.0
SIA,CE,202510,2563363,0211020036,53.0,272.95
SIA,CE,202510,2554798,0206010052,1.0,86.75
SIA,CE,202510,2482304,0211020036,62.0,319.3
SIA,CE,202510,7918445,0211020036,70.0,360.5
SIA,CE,202510,2499363,0206010036,1.0,86.76
SIA,CE,202510,2554798,0206020023,1.0,86.75
SIA,CE,202510,2372487,0211020036,202.0,1040.3
SIA,CE,202510,2563487,0211020036,156.0,803.4
SIA,CE,202510,2561026,0206010052,1.0,86.75
SIA,CE,202510,0245496,0211020036,113.0,581.95
SIA,CE,202510,2373475,0211020036,80.0,412.0
SIA,CE,202510,2561158,0211020036,120.0,618.0
SIA,CE,202510,2478137,0211020036,195.0,1004.25
SIA,CE,202510,2327961,0211020036,115.0,592.25
SIA,CE,202510,6125972,0211020036,140.0,721.0
SIA,CE,202510,2564769,0211020036,263.0,1354.45
SIA,CE,202510,2563460,0206020031,2.0,272.82
SIA,CE,202510,4010868,0206010036,1.0,86.76
SIA,CE,202510,7047428,0206030037,10.0,1386.3
SIA,CE,202510,0393029,0206020015,2.0,173.5
SIA,CE,202510,0393029,0206020023,2.0,173.5
SIA,CE,202510,2327171,0211020036,61.0,314.15
SIA,CE,202510,2561018,0211020036,138.0,710.7
SIA,CE,202510,3541428,0206010052,2.0,173.5
SIA,CE,202510,2415488,0211020036,487.0,2508.05
SIA,CE,202510,2562154,0211020036,270.0,1390.5
SIA,CE,202510,2563460,0206010052,1.0,86.75
SIA,CE,202510,2328070,0211020036,254.0,1308.1
SIA,CE,202510,9346309,0211020036,549.0,2827.35
SIA,CE,202510,2554623,0211020036,12.0,61.8
SIA,CE,202510,7047428,0206030010,9.0,1247.67
SIA,CE,202510,5105315,0211020036,206.0,1060.9
SIA,CE,202510,2479818,0211020036,85.0,437.75
SIA,CE,202510,2527413,0211020036,83.0,427.45
SIA,CE,202510,2561492,0206030029,2.0,173.5
SIA,CE,202510,2528754,0211020036,50.0,257.5
SIA,CE,202510,3541428,0206010028,3.0,303.3
SIA,CE,202510,2415488,0206010036,2.0,173.52
SIA,CE,202510,2526638,0206010036,2.0,173.52
SIA,CE,202510,2479214,0206030029,2.0,173.5
SIA,CE,202510,2481073,0211020036,105.0,540.75
SIA,CE,202510,2665190,0206020031,2.0,272.82
SIA,CE,202510,3283437,0211020036,89.0,458.35
SIA,CE,202510,2675560,0206030010,9.0,1247.67
SIA,CE,202510,9241477,0211020036,60.0,309.0
SIA,CE,202510,2415593,0211020036,61.0,314.15
SIA,CE,202510,2811200,0206030029,2.0,173.5
SIA,CE,202510,2481073,0206010052,6.0,520.5
SIA,CE,202510,7047428,0206010044,2.0,173.5
SIA,CE,202510,2516691,0211020036,63.0,324.45
SIA,CE,202510,2426072,0211020036,8.0,41.2
SIA,CE,202510,2561298,0211020036,71.0,365.65
SIA,CE,202510,2478374,0211020036,103.0,530.45
SIA,CE,202510,2724308,0211020036,256.0,1318.4
SIA,CE,202510,7077971,0211020036,200.0,1030.0
SIA,CE,202510,2723255,0211020036,130.0,669.5
SIA,CE,202510,2528282,0211020036,197.0,1014.55
SIA,CE,202510,2811200,0206020023,1.0,86.75
SIA,CE,202510,2561425,0206030010,1.0,138.63
SIA,CE,202510,9574514,0211020036,103.0,530.45
SIA,CE,202510,2528959,0211020036,26.0,133.9
SIA,CE,202510,2373971,0206010044,1.0,86.75
SIA,CE,202510,7372523,0211020036,127.0,654.05
SIA,CE,202510,6774695,0206010087,1.0,138.63
SIA,CE,202510,2561891,0211020036,93.0,478.95
SIA,CE,202510,2426579,0206030029,4.0,347.0
SIA,CE,202510,2561069,0211020036,342.0,1761.3
SIA,CE,202510,2665190,0206010060,1.0,97.44
SIA,CE,202510,2373971,0206030010,5.0,693.15
SIA,CE,202510,7469683,0206010052,1.0,86.75
SIA,CE,202510,2675560,0211020036,176.0,906.4
SIA,CE,202510,2664283,0211020036,25.0,128.75
SIA,CE,202510,2482509,0211020036,187.0,963.05
SIA,CE,202510,2665190,0206020015,1.0,86.75
SIA,CE,202510,7284284,0211020036,93.0,478.95
SIA,CE,202510,7057083,0211020036,258.0,1328.7
SIA,CE,202510,2664372,0211020036,354.0,1823.1
SIA,CE,202510,2561115,0211020036,65.0,334.75
SIA,CE,202510,7051123,0211020060,76.0,2280.0
SIA,CE,202510,4963938,0211020036,573.0,2950.95
SIA,CE,202510,7420501,0211020060,22.0,660.0
SIA,CE,202510,7405529,0211020036,234.0,1205.1
SIA,CE,202510,7360851,0211020036,362.0,1864.3
SIA,CE,202510,2527065,0211020036,79.0,406.85
SIA,CE,202510,6405428,0211020060,3.0,90.0
SIA,CE,202510,7047428,0211020060,27.0,810.0
SIA,CE,202510,7043597,0211020036,249.0,1282.35
SIA,CE,202510,2561492,0206010052,1.0,86.75
SIA,CE,202510,2611295,0211020036,1.0,5.15
SIA,CE,202510,7469683,0211020036,113.0,581.95
SIA,CE,202510,7044674,0211020036,67.0,345.05
SIA,CE,202510,6405428,0211020036,61.0,314.15
SIA,CE,202510,2373270,0211020036,273.0,1405.95
SIA,CE,202510,7018800,0211020036,449.0,2312.35
SIA,CE,202510,2561395,0211020036,437.0,2250.55
SIA,CE,202510,7051123,0211020036,234.0,1205.1
SIA,CE,202510,7044674,0211020060,32.0,960.0
SIA,CE,202510,2611686,0206030037,1.0,138.63
SIA,CE,202510,7514573,0211020036,100.0,515.0
SIA,CE,202510,2564238,0206020031,7.0,954.87
SIA,CE,202510,3302490,0211020036,166.0,854.9
SIA,CE,202510,2481073,0206020023,1.0,86.75
SIA,CE,202510,2562316,0211020036,621.0,3198.15
SIA,CE,202510,7047428,0211020036,369.0,1900.35
SIA,CE,202510,2528843,0206020023,1.0,86.75
SIA,CE,202510,7980310,0211020036,396.0,2039.4
SIA,CE,202510,4653483,0211020036,200.0,1030.0
SIA,CE,202510,2373971,0211020036,372.0,1915.8
SIA,CE,202510,4985311,0206020031,1.0,136.41
SIA,CE,202510,2482320,0211020036,186.0,957.9
SIA,CE,202510,3541428,0206010044,2.0,173.5
SIA,CE,202510,2611481,0211020036,191.0,983.65
SIA,CE,202510,2552086,0206020015,2.0,173.5
SIA,CE,202510,2785900,0205010016,1.0,165.0
SIA,CE,202510,7051123,0206020023,1.0,86.75
SIA,CE,202510,7382626,0206010052,1.0,86.75
SIA,CE,202510,2561409,0211020036,150.0,772.5
SIA,CE,202510,2372673,0211020036,20.0,103.0
SIA,CE,202510,9169695,0211020036,262.0,1349.3
SIA,CE,202510,2480646,0206010036,1.0,86.76
SIA,CE,202510,2527677,0211020036,214.0,1102.1
SIA,CE,202510,2560992,0211020036,95.0,489.25
SIA,CE,202510,2564238,0211020036,11.0,56.65
SIA,CE,202510,2561042,0211020036,107.0,551.05
SIA,CE,202510,2529556,0211020036,386.0,1987.9
SIA,CE,202510,2611643,0211020036,38.0,195.7
SIA,CE,202510,2611465,0211020036,5.0,25.75
SIA,CE,202510,2610523,0211020036,119.0,612.85
SIA,CE,202510,9526293,0211020036,497.0,2559.55
SIA,CE,202510,2333716,0211020036,1.0,5.15
SIA,CE,202510,2482452,0211020036,63.0,324.45
SIA,CE,202510,2561468,0211020036,150.0,772.5
SIA,CE,202510,4010833,0211020036,142.0,731.3
SIA,CE,202510,7904339,0211020036,102.0,525.3
SIA,CE,202510,7460953,0211020036,409.0,2106.35
SIA,CE,202510,2528541,0211020036,15.0,77.25
SIA,CE,202511,0086673,0211020036,159.0,818.85
SIA,CE,202511,2561026,0206010079,51.0,4969.44
SIA,CE,202511,2554798,0206010028,113.0,11424.3
SIA,CE,202511,2480646,0206010079,55.0,5359.2
SIA,CE,202511,2564238,0206010079,248.0,24165.12
SIA,CE,202511,4527372,0206010036,11.0,954.36
SIA,CE,202511,2561026,0206030037,38.0,5267.94
SIA,CE,202511,2499363,0206030010,30.0,4158.9
SIA,CE,202511,9361359,0211020036,100.0,515.0
SIA,CE,202511,2479214,0206010079,75.0,7308.0
SIA,CE,202511,2479214,0206030010,72.0,9981.36
SIA,CE,202511,7434472,0211020036,2563.0,13199.45
SIA,CE,202511,2554798,0206010079,56.0,5456.64
SIA,CE,202511,2560976,0211020036,169.0,870.35
SIA,CE,202511,2806215,0206030010,88.0,12199.44
SIA,CE,202511,4527372,0206030037,59.0,8179.17
SIA,CE,202511,7381158,0211020036,250.0,1287.5
SIA,CE,202511,2651394,0206020031,253.0,34511.73
SIA,CE,202511,2806215,0206030037,80.0,11090.4
SIA,CE,202511,2806215,0206010079,62.0,6041.28
SIA,CE,202511,7428383,0211020036,55.0,283.25
SIA,CE,202511,2564238,0206030037,12.0,1663.56
SIA,CE,202511,7386257,0206010079,91.0,8867.04
SIA,CE,202511,7288921,0211020036,26.0,133.9
SIA,CE,202511,2479214,0206020031,531.0,72433.71
SIA,CE,202511,2651394,0206010079,429.0,41801.76
SIA,CE,202511,2333880,0211020036,182.0,937.3
SIA,CE,202511,2554798,0206030037,36.0,4990.68
SIA,CE,202511,2561492,0206030010,91.0,12615.33
SIA,CE,202511,2561492,0206030037,104.0,14417.52
SIA,CE,202511,2561492,0211020036,874.0,4501.1
SIA,CE,202511,2563363,0211020036,38.0,195.7
SIA,CE,202511,4527372,0206010079,146.0,14226.24
SIA,CE,202511,2561026,0206030010,35.0,4852.05
SIA,CE,202511,2426579,0206030029,17.0,1474.75
SIA,CE,202511,3021114,0206030010,250.0,34657.5
SIA,CE,202511,3021114,0206010028,46.0,4650.6
SIA,CE,202511,4527372,0206010028,80.0,8088.0
SIA,CE,202511,2426579,0206010010,27.0,2342.52
SIA,CE,202511,2426579,0206010028,105.0,10615.5
SIA,CE,202511,3021114,0206010010,68.0,5899.68
SIA,CE,202511,3021114,0206020031,299.0,40786.59
SIA,CE,202511,7386257,0206010052,2.0,173.5
SIA,CE,202511,3021114,0206030037,242.0,33548.46
SIA,CE,202511,3021114,0206010079,455.0,44335.2
SIA,CE,202511,7386257,0206010028,131.0,13244.1
SIA,CE,202511,7469683,0206010028,157.0,15872.7
SIA,CE,202511,2651394,0206010010,275.0,23859.0
SIA,CE,202511,7386257,0206020031,26.0,3546.66
SIA,CE,202511,2564238,0206010028,22.0,2224.2
SIA,CE,202511,2563460,0206020031,2.0,272.82
SIA,CE,202511,0393029,0206010079,23.0,2241.12
SIA,CE,202511,2561492,0206010079,42.0,4092.48
SIA,CE,202511,2426579,0206020031,52.0,7093.32
SIA,CE,202511,2561492,0206010010,16.0,1388.16
SIA,CE,202511,2561492,0206020031,95.0,12958.95
SIA,CE,202511,5018110,0206010028,85.0,8593.5
SIA,CE,202511,2552086,0206030010,98.0,13585.74
SIA,CE,202511,7469683,0206010010,57.0,4945.32
SIA,CE,202511,7469683,0206010079,86.0,8379.84
SIA,CE,202511,2651394,0206030037,217.0,30082.71
SIA,CE,202511,2611309,0206010044,17.0,1474.75
SIA,CE,202511,2651394,0206030010,251.0,34796.13
SIA,CE,202511,2651394,0206010028,216.0,21837.6
SIA,CE,202511,0086673,0206030037,56.0,7763.28
SIA,CE,202511,0086673,0206010079,58.0,5651.52
SIA,CE,202511,5018110,0206030010,72.0,9981.36
SIA,CE,202511,2561492,0206010036,6.0,520.56
SIA,CE,202511,2611309,0206010079,106.0,10328.64
SIA,CE,202511,2561026,0206020031,18.0,2455.38
SIA,CE,202511,2415658,0211020036,45.0,231.75
SIA,CE,202511,2552086,0206010028,11.0,1112.1
SIA,CE,202511,2806215,0206020031,25.0,3410.25
SIA,CE,202511,2552086,0206020031,22.0,3001.02
SIA,CE,202511,4665406,0211020036,84.0,432.6
SIA,CE,202511,4527372,0211020036,37.0,190.55
SIA,CE,202511,7386257,0206010036,13.0,1127.88
SIA,CE,202511,7469683,0206010036,23.0,1995.48
SIA,CE,202511,7469683,0206020031,32.0,4365.12
SIA,CE,202511,2426579,0206030037,46.0,6376.98
SIA,CE,202511,2552086,0206010079,116.0,11303.04
SIA,CE,202511,2552086,0206010044,5.0,433.75
SIA,CE,202511,2561026,0206030029,6.0,520.5
SIA,CE,202511,0393029,0206020031,15.0,2046.15
SIA,CE,202511,4444086,0205010016,87.0,14355.0
SIA,CE,202511,2611309,0206030010,70.0,9704.1
SIA,CE,202511,2651394,0206010044,155.0,13446.25
SIA,CE,202511,2554798,0206020031,26.0,3546.66
SIA,CE,202511,2561352,0211020036,45.0,231.75
SIA,CE,202511,2806339,0211020036,83.0,427.45
SIA,CE,202511,2426579,0206010079,128.0,12472.32
SIA,CE,202511,3021114,0206030029,7.0,607.25
SIA,CE,202511,2426579,0206030010,39.0,5406.57
SIA,CE,202511,5018110,0206020031,30.0,4092.3
SIA,CE,202511,3021114,0211020036,86.0,442.9
SIA,CE,202511,2564238,0206030010,11.0,1524.93
SIA,CE,202511,2479214,0206030037,10.0,1386.3
SIA,CE,202511,2611309,0206020031,36.0,4910.76
SIA,CE,202511,0393029,0206010028,11.0,1112.1
SIA,CE,202511,0393029,0206010044,19.0,1648.25
SIA,CE,202511,2529238,0211020036,71.0,365.65
SIA,CE,202511,5018110,0206010079,121.0,11790.24
SIA,CE,202511,0086673,0206030010,27.0,3743.01
SIA,CE,202511,2561492,0206010028,16.0,1617.6
SIA,CE,202511,4444086,0211020036,49.0,252.35
SIA,CE,202511,5086183,0206030010,16.0,2218.08
SIA,CE,202511,0086673,0206010028,35.0,3538.5
SIA,CE,202511,0086673,0206010036,7.0,607.32
SIA,CE,202511,2611309,0206010036,10.0,867.6
SIA,CE,202511,2427176,0211020036,274.0,1411.1
SIA,CE,202511,7386257,0206010010,29.0,2516.04
SIA,CE,202511,2564238,0206020031,10.0,1364.1
SIA,CE,202511,7396732,0211020036,50.0,257.5
SIA,CE,202511,2561026,0206010036,5.0,433.8
SIA,CE,202511,2526654,0211020036,32.0,164.8
SIA,CE,202511,4527372,0206030010,57.0,7901.91
SIA,CE,202511,2480646,0211020036,401.0,2065.15
SIA,CE,202511,2561492,0206010044,21.0,1821.75
SIA,CE,202511,2561492,0205010016,15.0,2475.0
SIA,CE,202511,7386257,0206030010,30.0,4158.9
SIA,CE,202511,2372479,0211020036,192.0,988.8
SIA,CE,202511,7469683,0206030010,34.0,4713.42
SIA,CE,202511,2499363,0206020031,39.0,5319.99
SIA,CE,202511,7469683,0206030037,42.0,5822.46
SIA,CE,202511,2611309,0206020023,7.0,607.25
SIA,CE,202511,2479214,0206010044,37.0,3209.75
SIA,CE,202511,7386257,0206030029,22.0,1908.5
SIA,CE,202511,2561492,0211020060,85.0,2550.0
SIA,CE,202511,4527372,0206030029,6.0,520.5
SIA,CE,202511,5018110,0206030037,72.0,9981.36
SIA,CE,202511,2480646,0206020031,7.0,954.87
SIA,CE,202511,2611309,0206010010,19.0,1648.44
SIA,CE,202511,2425343,0211020036,110.0,566.5
SIA,CE,202511,2552086,0206030029,3.0,260.25
SIA,CE,202511,2552086,0206020015,3.0,260.25
SIA,CE,202511,2480646,0206030037,13.0,1802.19
SIA,CE,202511,3021114,0206010044,33.0,2862.75
SIA,CE,202511,3021114,0206010036,14.0,1214.64
SIA,CE,202511,4527372,0206010010,17.0,1474.92
SIA,CE,202511,2560828,0211020036,170.0,875.5
SIA,CE,202511,5018110,0206010044,6.0,520.5
SIA,CE,202511,5086183,0206010079,3.0,292.32
SIA,CE,202511,2611309,0206010028,49.0,4953.9
SIA,CE,202511,2562871,0211020036,254.0,1308.1
SIA,CE,202511,2427125,0206010079,92.0,8964.48
SIA,CE,202511,2427125,0211020036,218.0,1122.7
SIA,CE,202511,7403224,0206010036,19.0,1648.44
SIA,CE,202511,7403224,0206030037,43.0,5961.09
SIA,CE,202511,7405529,0206010079,224.0,21826.56
SIA,CE,202511,7403224,0206020015,5.0,433.75
SIA,CE,202511,4963938,0206010079,50.0,4872.0
SIA,CE,202511,7501366,0211020036,684.0,3522.6
SIA,CE,202511,2479028,0206010028,100.0,10110.0
SIA,CE,202511,7405529,0206030010,68.0,9426.84
SIA,CE,202511,7403224,0206010010,69.0,5986.44
SIA,CE,202511,7403224,0206010079,172.0,16759.68
SIA,CE,202511,7405529,0206020031,73.0,9957.93
SIA,CE,202511,7403224,0206030010,29.0,4020.27
SIA,CE,202511,7405529,0206010036,35.0,3036.6
SIA,CE,202511,7405529,0206030037,49.0,6792.87
SIA,CE,202511,6956963,0211020036,31.0,159.65
SIA,CE,202511,6956963,0206010010,61.0,5292.36
SIA,CE,202511,6956963,0206010028,195.0,19714.5
SIA,CE,202511,6956963,0206030010,63.0,8733.69
SIA,CE,202511,3021114,0206010052,28.0,2429.0
SIA,CE,202511,7386257,0206030037,29.0,4020.27
SIA,CE,202511,2328100,0211020036,115.0,592.25
SIA,CE,202511,7403224,0206010028,171.0,17288.1
SIA,CE,202511,0153087,0206010079,59.0,5748.96
SIA,CE,202511,2479028,0206030010,30.0,4158.9
SIA,CE,202511,0153087,0206010028,144.0,14558.4
SIA,CE,202511,2479907,0206010079,194.0,18903.36
SIA,CE,202511,2479907,0206030029,2.0,173.5
SIA,CE,202511,7405529,0206010028,203.0,20523.3
SIA,CE,202511,0153087,0206020031,9.0,1227.69
SIA,CE,202511,2563460,0206010036,2.0,173.52
SIA,CE,202511,2811200,0206010028,42.0,4246.2
SIA,CE,202511,2479907,0206030010,80.0,11090.4
SIA,CE,202511,2561026,0206010028,7.0,707.7
SIA,CE,202511,2564238,0206010010,21.0,1821.96
SIA,CE,202511,2611309,0206030037,71.0,9842.73
SIA,CE,202511,6774695,0211020036,146.0,751.9
SIA,CE,202511,2516640,0211020036,15.0,77.25
SIA,CE,202511,2552086,0206030037,11.0,1524.93
SIA,CE,202511,2479028,0206010036,43.0,3730.68
SIA,CE,202511,2479907,0206010044,39.0,3383.25
SIA,CE,202511,2479907,0206030037,77.0,10674.51
SIA,CE,202511,2785900,0206030037,37.0,5129.31
SIA,CE,202511,0153087,0206010010,50.0,4338.0
SIA,CE,202511,7403224,0206020031,50.0,6820.5
SIA,CE,202511,2651394,0206010052,2.0,173.5
SIA,CE,202511,7405529,0206010010,72.0,6246.72
SIA,CE,202511,7403224,0206030029,12.0,1041.0
SIA,CE,202511,2561492,0206010052,5.0,433.75
SIA,CE,202511,2479028,0206010079,50.0,4872.0
SIA,CE,202511,2427125,0206010028,21.0,2123.1
SIA,CE,202511,0107239,0211020036,229.0,1179.35
SIA,CE,202511,2479028,0206010010,46.0,3990.96
SIA,CE,202511,4963938,0211020036,320.0,1648.0
SIA,CE,202511,2426579,0206010036,14.0,1214.64
SIA,CE,202511,4963938,0206010028,1.0,101.1
SIA,CE,202511,6778798,0211020060,34.0,1020.0
SIA,CE,202511,4527372,0206010044,8.0,694.0
SIA,CE,202511,2552086,0206020023,6.0,520.5
SIA,CE,202511,3021114,0206020023,4.0,347.0
SIA,CE,202511,2806215,0206010044,2.0,173.5
SIA,CE,202511,6956963,0206030037,67.0,9288.21
SIA,CE,202511,7469683,0206020023,3.0,260.25
SIA,CE,202511,2427125,0206030010,41.0,5683.83
SIA,CE,202511,6774695,0206020031,3.0,409.23
SIA,CE,202511,6956963,0206010079,93.0,9061.92
SIA,CE,202511,2785900,0206030010,37.0,5129.31
SIA,CE,202511,2479907,0206020031,58.0,7911.78
SIA,CE,202511,2785900,0206010079,29.0,2825.76
SIA,CE,202511,0086673,0206020023,2.0,173.5
SIA,CE,202511,7405529,0206010044,19.0,1648.25
SIA,CE,202511,2479028,0211020036,200.0,1030.0
SIA,CE,202511,2563460,0206030037,2.0,277.26
SIA,CE,202511,2563460,0206010010,2.0,173.52
SIA,CE,202511,0086673,0206010010,17.0,1474.92
SIA,CE,202511,0153087,0206010036,31.0,2689.56
SIA,CE,202511,4963938,0206030010,30.0,4158.9
SIA,CE,202511,5018110,0206010010,26.0,2255.76
SIA,CE,202511,5018110,0206030029,11.0,954.25
SIA,CE,202511,2552086,0211020036,665.0,3424.75
SIA,CE,202511,2554798,0206030010,6.0,831.78
SIA,CE,202511,6956963,0206020031,38.0,5183.58
SIA,CE,202511,4963938,0206030037,34.0,4713.42
SIA,CE,202511,2806215,0206020015,1.0,86.75
SIA,CE,202511,2806215,0211020036,698.0,3594.7
SIA,CE,202511,6774695,0206010010,5.0,433.8
SIA,CE,202511,6774695,0206030010,9.0,1247.67
SIA,CE,202511,2427125,0206030037,10.0,1386.3
SIA,CE,202511,2499363,0206030037,27.0,3743.01
SIA,CE,202511,2499363,0206010028,5.0,505.5
SIA,CE,202511,0153087,0206020015,10.0,867.5
SIA,CE,202511,2563347,0211020036,45.0,231.75
SIA,CE,202511,2811200,0206010044,1.0,86.75
SIA,CE,202511,5086183,0206020031,10.0,1364.1
SIA,CE,202511,0393029,0206030037,6.0,831.78
SIA,CE,202511,4527372,0206020015,6.0,520.5
SIA,CE,202511,2806215,0206010028,9.0,909.9
SIA,CE,202511,7386257,0206010044,11.0,954.25
SIA,CE,202511,4963938,0206020031,35.0,4774.35
SIA,CE,202511,7469683,0206020015,3.0,260.25
SIA,CE,202511,7386257,0206020015,5.0,433.75
SIA,CE,202511,7469683,0206030029,22.0,1908.5
SIA,CE,202511,2427125,0206010044,16.0,1388.0
SIA,CE,202511,2561026,0206010044,12.0,1041.0
SIA,CE,202511,2479214,0205010016,5.0,825.0
SIA,CE,202511,7405529,0206020015,6.0,520.5
SIA,CE,202511,0153087,0206030029,6.0,520.5
SIA,CE,202511,4527372,0206020031,25.0,3410.25
SIA,CE,202511,2480646,0206010036,1.0,86.76
SIA,CE,202511,0153087,0206030010,29.0,4020.27
SIA,CE,202511,2479907,0206010052,2.0,173.5
SIA,CE,202511,6985483,0211020036,392.0,2018.8
SIA,CE,202511,2499037,0211020036,150.0,772.5
SIA,CE,202511,2479028,0206020023,20.0,1735.0
SIA,CE,202511,2516632,0211020036,24.0,123.6
SIA,CE,202511,0086673,0206010044,43.0,3730.25
SIA,CE,202511,2552086,0206010036,5.0,433.8
SIA,CE,202511,2479214,0206010010,9.0,780.84
SIA,CE,202511,6956963,0206010036,24.0,2082.24
SIA,CE,202511,6956963,0206010044,13.0,1127.75
SIA,CE,202511,2499363,0206010079,9.0,876.96
SIA,CE,202511,7405529,0211020036,178.0,916.7
SIA,CE,202511,2480646,0206010044,8.0,694.0
SIA,CE,202511,2427125,0206010010,10.0,867.6
SIA,CE,202511,7403224,0206010044,25.0,2168.75
SIA,CE,202511,0393029,0206030010,4.0,554.52
SIA,CE,202511,2811200,0206010079,25.0,2436.0
SIA,CE,202511,7103255,0211020036,573.0,2950.95
SIA,CE,202511,7469683,0206010044,11.0,954.25
SIA,CE,202511,2554798,0206010036,8.0,694.08
SIA,CE,202511,6774695,0206010044,1.0,86.75
SIA,CE,202511,2427125,0206010036,4.0,347.04
SIA,CE,202511,2785900,0206010028,16.0,1617.6
SIA,CE,202511,2561042,0211020036,107.0,551.05
SIA,CE,202511,2479214,0206010028,12.0,1213.2
SIA,CE,202511,2564238,0206010036,15.0,1301.4
SIA,CE,202511,0086673,0206020031,9.0,1227.69
SIA,CE,202511,0086673,0206030029,6.0,520.5
SIA,CE,202511,0393029,0206020023,2.0,173.5
SIA,CE,202511,2479028,0206030037,34.0,4713.42
SIA,CE,202511,2785900,0206010052,4.0,347.0
SIA,CE,202511,4963938,0206010052,3.0,260.25
SIA,CE,202511,2554798,0206010010,26.0,2255.76
SIA,CE,202511,5086183,0206030037,13.0,1802.19
SIA,CE,202511,7386257,0206020023,2.0,173.5
SIA,CE,202511,0245496,0211020036,78.0,401.7
SIA,CE,202511,2785900,0206020031,7.0,954.87
SIA,CE,202511,0393029,0206020015,6.0,520.5
SIA,CE,202511,0153087,0206030037,41.0,5683.83
SIA,CE,202511,2427125,0206020031,14.0,1909.74
SIA,CE,202511,5018110,0206020015,2.0,173.5
SIA,CE,202511,2479907,0206010028,7.0,707.7
SIA,CE,202511,7405529,0206030029,14.0,1214.5
SIA,CE,202511,7992130,0211020036,245.0,1261.75
SIA,CE,202511,2564238,0206010044,14.0,1214.5
SIA,CE,202511,2480050,0211020036,3.0,15.45
SIA,CE,202511,7403224,0206020023,5.0,433.75
SIA,CE,202511,2426579,0206010052,1.0,86.75
SIA,CE,202511,2479214,0206030029,4.0,347.0
SIA,CE,202511,2560984,0211020036,221.0,1138.15
SIA,CE,202511,2479907,0206010010,1.0,86.76
SIA,CE,202511,0959529,0211020036,10.0,51.5
SIA,CE,202511,5105315,0211020036,151.0,777.65
SIA,CE,202511,2426579,0206020015,1.0,86.75
SIA,CE,202511,2480646,0206030010,11.0,1524.93
SIA,CE,202511,2426579,0206010044,8.0,694.0
SIA,CE,202511,2722917,0211020036,194.0,999.1
SIA,CE,202511,6774695,0206010028,4.0,404.4
SIA,CE,202511,6774695,0206030037,13.0,1802.19
SIA,CE,202511,2785900,0206010036,5.0,433.8
SIA,CE,202511,6956963,0206030029,10.0,867.5
SIA,CE,202511,2811200,0206020031,5.0,682.05
SIA,CE,202511,2427125,0206030029,5.0,433.75
SIA,CE,202511,2811200,0206010036,4.0,347.04
SIA,CE,202511,2651394,0211020036,476.0,2451.4
SIA,CE,202511,2327171,0211020036,75.0,386.25
SIA,CE,202511,2664372,0211020036,386.0,1987.9
SIA,CE,202511,7057083,0211020036,236.0,1215.4
SIA,CE,202511,5086183,0206010028,1.0,101.1
SIA,CE,202511,2562200,0211020036,87.0,448.05
SIA,CE,202511,7044674,0211020060,25.0,750.0
SIA,CE,202511,2811200,0206010010,7.0,607.32
SIA,CE,202511,2785900,0206010010,6.0,520.56
SIA,CE,202511,2479214,0206020015,2.0,173.5
SIA,CE,202511,2785900,0211020036,173.0,890.95
SIA,CE,202511,2552086,0206010010,5.0,433.8
SIA,CE,202511,7360851,0211020036,683.0,3517.45
SIA,CE,202511,2427184,0211020036,90.0,463.5
SIA,CE,202511,2806215,0206010036,1.0,86.76
SIA,CE,202511,2427125,0206020015,3.0,260.25
SIA,CE,202511,4527372,0206020023,3.0,260.25
SIA,CE,202511,0393029,0206030029,4.0,347.0
SIA,CE,202511,2516691,0211020036,51.0,262.65
SIA,CE,202511,2811200,0206030010,5.0,693.15
SIA,CE,202511,2560992,0211020036,135.0,695.25
SIA,CE,202511,2563460,0211020036,126.0,648.9
SIA,CE,202511,2611295,0211020036,3.0,15.45
SIA,CE,202511,2664690,0211020036,69.0,355.35
SIA,CE,202511,2562162,0211020036,94.0,484.1
SIA,CE,202511,2611643,0211020036,39.0,200.85
SIA,CE,202511,2998890,0211020036,195.0,1004.25
SIA,CE,202511,2785900,0206010044,2.0,173.5
SIA,CE,202511,2561492,0206020015,3.0,260.25
SIA,CE,202511,2811200,0206030037,8.0,1109.04
SIA,CE,202511,6956963,0206020015,4.0,347.0
SIA,CE,202511,0086673,0206010052,6.0,520.5
SIA,CE,202511,7376928,0211020036,273.0,1405.95
SIA,CE,202511,2561298,0211020036,62.0,319.3
SIA,CE,202511,4872185,0211020036,15.0,77.25
SIA,CE,202511,2327961,0211020036,148.0,520.15
SIA,CE,202511,2806215,0206010010,4.0,347.04
SIA,CE,202511,3021114,0206020015,2.0,173.5
SIA,CE,202511,2554798,0211020036,386.0,1987.9
SIA,CE,202511,2480646,0206010028,4.0,404.4
SIA,CE,202511,2554798,0206020023,2.0,173.5
SIA,CE,202511,6778798,0211020036,364.0,1874.6
SIA,CE,202511,2563460,0206010028,1.0,101.1
SIA,CE,202511,5086183,0206010044,3.0,260.25
SIA,CE,202511,2554798,0206010044,6.0,520.5
SIA,CE,202511,2554798,0206030029,2.0,173.5
SIA,CE,202511,2499363,0206020015,1.0,86.75
SIA,CE,202511,2785900,0206030029,3.0,260.25
SIA,CE,202511,6956963,0206010052,1.0,86.75
SIA,CE,202511,7006810,0211020036,351.0,1807.65
SIA,CE,202511,2561026,0206010010,3.0,260.28
SIA,CE,202511,2479028,0206010044,9.0,780.75
SIA,CE,202511,2479214,0206010036,3.0,260.28
SIA,CE,202511,2563681,0206020031,58.0,7911.78
SIA,CE,202511,2563681,0206030010,85.0,11783.55
SIA,CE,202511,6376738,0206030037,20.0,2772.6
SIA,CE,202511,2723220,0206030010,522.0,72364.86
SIA,CE,202511,4985311,0206010010,1.0,86.76
SIA,CE,202511,4226267,0211020036,432.0,2224.8
SIA,CE,202511,4985311,0206010028,2.0,202.2
SIA,CE,202511,4985311,0206010079,1.0,97.44
SIA,CE,202511,2561425,0206030037,2.0,277.26
SIA,CE,202511,2373971,0206010079,115.0,11205.6
SIA,CE,202511,2723220,0206010044,22.0,1908.5
SIA,CE,202511,7382626,0206010036,24.0,2082.24
SIA,CE,202511,7382626,0206010044,19.0,1648.25
SIA,CE,202511,2723220,0211020036,306.0,1575.9
SIA,CE,202511,2723220,0206030037,420.0,58224.6
SIA,CE,202511,2723220,0206020031,500.0,68205.0
SIA,CE,202511,0310921,0206010036,36.0,3123.36
SIA,CE,202511,2563681,0206030037,83.0,11506.29
SIA,CE,202511,0310921,0206010028,246.0,24870.6
SIA,CE,202511,0310921,0206020031,69.0,9412.29
SIA,CE,202511,7420501,0206010079,194.0,18903.36
SIA,CE,202511,7420501,0206010028,503.0,50853.3
SIA,CE,202511,7382626,0206030010,41.0,5683.83
SIA,CE,202511,7420501,0206020031,115.0,15687.15
SIA,CE,202511,0310921,0206010010,88.0,7634.88
SIA,CE,202511,7382626,0206010079,107.0,10426.08
SIA,CE,202511,0310921,0206010079,196.0,19098.24
SIA,CE,202511,7988400,0211020036,223.0,1148.45
SIA,CE,202511,2611309,0206020015,2.0,173.5
SIA,CE,202511,4985311,0206030037,1.0,138.63
SIA,CE,202511,4985311,0206010044,1.0,86.75
SIA,CE,202511,7051123,0206030010,5.0,693.15
SIA,CE,202511,7051123,0206010028,28.0,2830.8
SIA,CE,202511,7569793,0211020036,72.0,370.8
SIA,CE,202511,2563681,0206010044,23.0,1995.25
SIA,CE,202511,2563681,0206010079,165.0,16077.6
SIA,CE,202511,7420501,0206010044,24.0,2082.0
SIA,CE,202511,7420501,0206030010,117.0,16219.71
SIA,CE,202511,0310921,0206030029,25.0,2168.75
SIA,CE,202511,7382626,0206010028,178.0,17995.8
SIA,CE,202511,7420501,0206030037,117.0,16219.71
SIA,CE,202511,7420501,0206030029,65.0,5638.75
SIA,CE,202511,2723220,0206020023,8.0,694.0
SIA,CE,202511,2526662,0211020036,289.0,1488.35
SIA,CE,202511,7382626,0206030037,50.0,6931.5
SIA,CE,202511,7382626,0206010010,62.0,5379.12
SIA,CE,202511,7044674,0211020036,82.0,422.3
SIA,CE,202511,7051123,0206030037,18.0,2495.34
SIA,CE,202511,7051123,0206010079,21.0,2046.24
SIA,CE,202511,2723220,0206010052,88.0,7634.0
SIA,CE,202511,2563681,0206010052,5.0,433.75
SIA,CE,202511,7382626,0206020015,10.0,867.5
SIA,CE,202511,7396805,0211020036,154.0,793.1
SIA,CE,202511,2723220,0208010025,81.0,33090.12
SIA,CE,202511,2723220,0208010033,81.0,31028.67
SIA,CE,202511,7420501,0206010036,103.0,8936.28
SIA,CE,202511,7420501,0206010010,196.0,17004.96
SIA,CE,202511,7382626,0206030029,31.0,2689.25
SIA,CE,202511,2373971,0206020023,8.0,694.0
SIA,CE,202511,7382626,0206020031,41.0,5592.81
SIA,CE,202511,0310921,0206010044,17.0,1474.75
SIA,CE,202511,0310921,0206030037,86.0,11922.18
SIA,CE,202511,4985311,0206030010,1.0,138.63
SIA,CE,202511,2373971,0206020031,17.0,2318.97
SIA,CE,202511,0310921,0206010052,6.0,520.5
SIA,CE,202511,7284284,0211020036,444.0,2286.6
SIA,CE,202511,7420501,0206020015,23.0,1995.25
SIA,CE,202511,2554518,0211020036,84.0,432.6
SIA,CE,202511,0310921,0206030010,69.0,9565.47
SIA,CE,202511,9787399,0211020036,141.0,726.15
SIA,CE,202511,2527669,0211020036,36.0,185.4
SIA,CE,202511,0310921,0206020015,6.0,520.5
SIA,CE,202511,2527685,0211020036,18.0,92.7
SIA,CE,202511,4985311,0206020031,1.0,136.41
SIA,CE,202511,5018110,0206010052,1.0,86.75
SIA,CE,202511,2373971,0206010028,41.0,4145.1
SIA,CE,202511,2529149,0206020015,82.0,7113.5
SIA,CE,202511,2529149,0206010079,3319.0,323403.36
SIA,CE,202511,2529149,0206020023,145.0,12578.75
SIA,CE,202511,2529149,0206010036,110.0,9543.6
SIA,CE,202511,2529149,0206010010,417.0,36178.92
SIA,CE,202511,2529149,0206010044,726.0,62980.5
SIA,CE,202511,2529149,0206030010,227.0,31469.01
SIA,CE,202511,2529149,0206030037,276.0,38261.88
SIA,CE,202511,2529149,0206010028,435.0,43978.5
SIA,CE,202511,2529149,0206020031,301.0,41059.41
SIA,CE,202511,2529149,0206010052,128.0,11104.0
SIA,CE,202511,7420501,0211020060,8.0,240.0
SIA,CE,202511,2723220,0206010079,80.0,7795.2
SIA,CE,202511,6376738,0206010028,16.0,1617.6
SIA,CE,202511,7420501,0206020023,1.0,86.75
SIA,CE,202511,2373270,0211020036,220.0,1133.0
SIA,CE,202511,2426072,0211020036,9.0,46.35
SIA,CE,202511,2373971,0206030010,9.0,1247.67
SIA,CE,202511,2373971,0206010036,9.0,780.84
SIA,CE,202511,2478137,0211020036,86.0,442.9
SIA,CE,202511,6779522,0206010079,579.0,56417.76
SIA,CE,202511,3541428,0206030037,35.0,4852.05
SIA,CE,202511,6779522,0206020023,7.0,607.25
SIA,CE,202511,7389272,0211020036,200.0,1030.0
SIA,CE,202511,2528673,0211020036,164.0,844.6
SIA,CE,202511,2527707,0211020036,726.0,3738.9
SIA,CE,202511,2561344,0211020036,114.0,587.1
SIA,CE,202511,2373971,0206030037,10.0,1386.3
SIA,CE,202511,2563681,0206020015,11.0,954.25
SIA,CE,202511,2563681,0206010028,9.0,909.9
SIA,CE,202511,2704404,0206010044,61.0,5291.75
SIA,CE,202511,2333740,0211020036,14.0,72.1
SIA,CE,202511,2564238,0206030029,2.0,173.5
SIA,CE,202511,2373971,0206010010,21.0,1821.96
SIA,CE,202511,5370221,0211020036,51.0,262.65
SIA,CE,202511,2482312,0211020036,1.0,5.15
SIA,CE,202511,2529149,0206030029,208.0,18044.0
SIA,CE,202511,7382626,0211020036,11.0,56.65
SIA,CE,202511,7051123,0206010010,11.0,954.36
SIA,CE,202511,5018110,0206010036,3.0,260.28
SIA,CE,202511,7051123,0206020031,6.0,818.46
SIA,CE,202511,6376738,0206020031,12.0,1636.92
SIA,CE,202511,2426455,0211020036,40.0,206.0
SIA,CE,202511,6376738,0206010079,20.0,1948.8
SIA,CE,202511,2415623,0211020036,175.0,901.25
SIA,CE,202511,7018800,0211020036,458.0,2358.7
SIA,CE,202511,7420501,0206010052,9.0,780.75
SIA,CE,202511,2724359,0211020036,65.0,334.75
SIA,CE,202511,9280669,0211020036,33.0,169.95
SIA,CE,202511,2528754,0211020036,24.0,123.6
SIA,CE,202511,2563487,0211020036,141.0,726.15
SIA,CE,202511,2333848,0211020036,19.0,97.85
SIA,CE,202511,2414848,0211020036,166.0,854.9
SIA,CE,202511,2562227,0211020036,14.0,72.1
SIA,CE,202511,2497654,0206030010,239.0,33132.57
SIA,CE,202511,6848710,0206030010,140.0,19408.2
SIA,CE,202511,6848710,0206030037,142.0,19685.46
SIA,CE,202511,6848710,0206010079,127.0,12374.88
SIA,CE,202511,6848710,0206020031,36.0,4910.76
SIA,CE,202511,2664151,0211020036,110.0,566.5
SIA,CE,202511,6779522,0206010044,119.0,10323.25
SIA,CE,202511,6779522,0206030037,183.0,25369.29
SIA,CE,202511,2373513,0211020036,42.0,216.3
SIA,CE,202511,2373971,0206010052,20.0,1735.0
SIA,CE,202511,7904339,0211020036,68.0,350.2
SIA,CE,202511,7051123,0206010036,5.0,433.8
SIA,CE,202511,9190201,0211020036,16.0,82.4
SIA,CE,202511,2563681,0206030029,14.0,1214.5
SIA,CE,202511,7382626,0211020060,42.0,1260.0
SIA,CE,202511,7051123,0211020060,16.0,480.0
SIA,CE,202511,2497654,0206010044,30.0,2602.5
SIA,CE,202511,2497654,0206030037,102.0,14140.26
SIA,CE,202511,2497654,0206020031,166.0,22644.06
SIA,CE,202511,2497654,0206010052,31.0,2689.25
SIA,CE,202511,2497654,0206010079,313.0,30498.72
SIA,CE,202511,7627505,0208010025,16.0,6536.32
SIA,CE,202511,7627505,0208010033,16.0,6129.12
SIA,CE,202511,7043597,0211020036,60.0,309.0
SIA,CE,202511,2372673,0211020036,20.0,103.0
SIA,CE,202511,6779522,0206030010,161.0,22319.43
SIA,CE,202511,0454788,0211020036,20.0,103.0
SIA,CE,202511,2328046,0211020036,251.0,1292.65
SIA,CE,202511,6779522,0206010028,36.0,3639.6
SIA,CE,202511,6779522,0206010010,70.0,5986.44
SIA,CE,202511,2723220,0206010028,22.0,2224.2
SIA,CE,202511,4527372,0206010052,2.0,173.5
SIA,CE,202511,2554623,0211020036,8.0,41.2
SIA,CE,202511,4695623,0211020036,160.0,824.0
SIA,CE,202511,2527693,0211020036,463.0,2214.5
SIA,CE,202511,2478374,0211020036,67.0,345.05
SIA,CE,202511,2373971,0206030029,4.0,347.0
SIA,CE,202511,7051123,0211020036,205.0,1055.75
SIA,CE,202511,7051123,0206010044,2.0,173.5
SIA,CE,202511,2563681,0206010010,13.0,1127.88
SIA,CE,202511,6848710,0206010010,2.0,173.52
SIA,CE,202511,2497654,0211020036,768.0,3955.2
SIA,CE,202511,3759148,0211020036,105.0,540.75
SIA,CE,202511,2665190,0206010028,46.0,4650.6
SIA,CE,202511,2665190,0206030037,5.0,693.15
SIA,CE,202511,2425432,0211020036,42.0,216.3
SIA,CE,202511,3541428,0206020031,27.0,3683.07
SIA,CE,202511,3541428,0206010028,19.0,1920.9
SIA,CE,202511,3541428,0206010079,48.0,4677.12
SIA,CE,202511,2561026,0206020015,2.0,173.5
SIA,CE,202511,2611309,0206030029,5.0,433.75
SIA,CE,202511,2478277,0211020036,61.0,314.15
SIA,CE,202511,7262698,0211020036,192.0,988.8
SIA,CE,202511,2527413,0211020036,70.0,360.5
SIA,CE,202511,2665190,0206010079,25.0,2436.0
SIA,CE,202511,9275134,0211020036,341.0,1756.15
SIA,CE,202511,7429398,0211020036,500.0,2575.0
SIA,CE,202511,6848710,0211020036,37.0,190.55
SIA,CE,202511,6668828,0211020036,13.0,66.95
SIA,CE,202511,3541428,0206030010,33.0,4574.79
SIA,CE,202511,2328437,0211020036,50.0,257.5
SIA,CE,202511,2564238,0211020036,4.0,20.6
SIA,CE,202511,6779522,0211020036,143.0,736.45
SIA,CE,202511,6779522,0206010052,8.0,694.0
SIA,CE,202511,6779522,0206020031,101.0,13777.41
SIA,CE,202511,3541428,0206030029,8.0,694.0
SIA,CE,202511,2723611,0211020036,74.0,381.1
SIA,CE,202511,0310921,0206020023,2.0,173.5
SIA,CE,202511,3302490,0211020036,92.0,473.8
SIA,CE,202511,2563681,0206020023,9.0,780.75
SIA,CE,202511,2479419,0211020036,139.0,715.85
SIA,CE,202511,7420501,0211020036,110.0,566.5
SIA,CE,202511,2723220,0206010036,17.0,1474.92
SIA,CE,202511,2372495,0211020036,77.0,396.55
SIA,CE,202511,7320418,0211020060,34.0,1020.0
SIA,CE,202511,0310921,0211020036,494.0,2544.1
SIA,CE,202511,2497654,0206010028,8.0,808.8
SIA,CE,202511,2328070,0211020036,250.0,1287.5
SIA,CE,202511,0228753,0211020036,378.0,1946.7
SIA,CE,202511,2561425,0206020031,2.0,272.82
SIA,CE,202511,9526293,0211020036,575.0,2961.25
SIA,CE,202511,2372509,0211020036,46.0,236.9
SIA,CE,202511,2665190,0206020015,2.0,173.5
SIA,CE,202511,4653483,0211020036,200.0,1030.0
SIA,CE,202511,2415593,0211020036,98.0,504.7
SIA,CE,202511,2527693,0902010026,28.0,5600.0
SIA,CE,202511,2527693,0902010018,5.0,650.0
SIA,CE,202511,3541428,0206010044,6.0,520.5
SIA,CE,202511,2564580,0211020036,18.0,92.7
SIA,CE,202511,2481375,0211020036,78.0,401.7
SIA,CE,202511,2665190,0206010010,6.0,520.56
SIA,CE,202511,2665190,0206020031,4.0,545.64
SIA,CE,202511,2665190,0206030029,8.0,694.0
SIA,CE,202511,2563681,0206010036,5.0,433.8
SIA,CE,202511,5018110,0206020023,1.0,86.75
SIA,CE,202511,2562499,0211020036,1.0,5.15
SIA,CE,202511,2479214,0211020010,79.0,57673.16
SIA,CE,202511,6779522,0206010036,10.0,867.6
SIA,CE,202511,6779522,0206020015,9.0,780.75
SIA,CE,202511,2497654,0206010060,1.0,97.44
SIA,CE,202511,6848710,0206010028,5.0,505.5
SIA,CE,202511,2497654,0206030029,5.0,433.75
SIA,CE,202511,7021437,0211020036,306.0,1575.9
SIA,CE,202511,2497654,0206010036,8.0,694.08
SIA,CE,202511,2328119,0211020036,47.0,242.05
SIA,CE,202511,9411798,0211020036,285.0,1467.75
SIA,CE,202511,2665190,0206030010,9.0,1247.67
SIA,CE,202511,2372967,0206010079,46.0,4482.24
SIA,CE,202511,2372967,0206010044,7.0,607.25
SIA,CE,202511,2372967,0206020023,1.0,86.75
SIA,CE,202511,2372967,0206030010,11.0,1524.93
SIA,CE,202511,2560852,0206010079,217.0,21144.48
SIA,CE,202511,2560852,0206010044,26.0,2255.5
SIA,CE,202511,2560852,0206030029,13.0,1127.75
SIA,CE,202511,2560852,0206010028,105.0,10615.5
SIA,CE,202511,2560852,0206010036,17.0,1474.92
SIA,CE,202511,2415488,0206020031,3.0,409.23
SIA,CE,202511,2560852,0206010010,32.0,2776.32
SIA,CE,202511,2560852,0206020031,39.0,5319.99
SIA,CE,202511,2479478,0211020036,49.0,252.35
SIA,CE,202511,6848710,0206010044,11.0,954.25
SIA,CE,202511,6619908,0211020036,66.0,339.9
SIA,CE,202511,2723190,0206030037,142.0,19685.46
SIA,CE,202511,2723190,0206020031,175.0,23871.75
SIA,CE,202511,2723190,0206030010,106.0,14694.78
SIA,CE,202511,2372967,0211020036,53.0,272.95
SIA,CE,202511,2560852,0206030010,43.0,5961.09
SIA,CE,202511,2372967,0206010010,18.0,1301.4
SIA,CE,202511,2564734,0211020036,98.0,504.7
SIA,CE,202511,2561336,0211020036,71.0,365.65
SIA,CE,202511,2841118,0211020036,41.0,211.15
SIA,CE,202511,2723190,0206010079,41.0,3995.04
SIA,CE,202511,2723190,0206010044,28.0,2429.0
SIA,CE,202511,2723190,0206010036,7.0,607.32
SIA,CE,202511,2723190,0206020015,2.0,173.5
SIA,CE,202511,2560852,0211020036,144.0,741.6
SIA,CE,202511,2675560,0206030037,230.0,31884.9
SIA,CE,202511,2675560,0211020036,187.0,963.05
SIA,CE,202511,2675560,0206010079,208.0,20267.52
SIA,CE,202511,2723190,0206010052,37.0,3209.75
SIA,CE,202511,2372967,0206010028,24.0,1516.5
SIA,CE,202511,2372967,0206030037,32.0,4436.16
SIA,CE,202511,6779522,0206030029,17.0,1474.75
SIA,CE,202511,6893295,0211020036,465.0,2394.75
SIA,CE,202511,2564238,0206010095,2.0,4214.44
SIA,CE,202511,4010868,0211020010,80.0,58403.2
SIA,CE,202511,2560852,0206010052,4.0,347.0
SIA,CE,202511,2562146,0211020036,15.0,77.25
SIA,CE,202511,6848710,0206030029,2.0,173.5
SIA,CE,202511,2675560,0206010087,3.0,415.89
SIA,CE,202511,2675560,0206010010,92.0,7981.92
SIA,CE,202511,2675560,0206010044,28.0,2429.0
SIA,CE,202511,2425300,0211020010,16.0,11680.64
SIA,CE,202511,2675560,0206020031,79.0,10776.39
SIA,CE,202511,2372967,0206030029,5.0,347.0
SIA,CE,202511,3541428,0206010036,6.0,520.56
SIA,CE,202511,2415496,0206010044,1.0,86.75
SIA,CE,202511,2497654,0206010010,8.0,694.08
SIA,CE,202511,2372967,0206010036,3.0,260.28
SIA,CE,202511,2373475,0211020036,80.0,412.0
SIA,CE,202511,7371888,0211020036,9.0,46.35
SIA,CE,202511,2820234,0206010095,33.0,69538.26
SIA,CE,202511,7918445,0211020036,75.0,386.25
SIA,CE,202511,2561158,0211020036,41.0,211.15
SIA,CE,202511,2333902,0211020036,10.0,51.5
SIA,CE,202511,6542816,0211020036,30.0,154.5
SIA,CE,202511,2372967,0206020031,9.0,1227.69
SIA,CE,202511,5590663,0211020036,18.0,92.7
SIA,CE,202511,2560852,0206030037,19.0,2633.97
SIA,CE,202511,2372460,0211020036,22.0,113.3
SIA,CE,202511,2415488,0206010079,8.0,779.52
SIA,CE,202511,9672427,0206010079,422.0,41119.68
SIA,CE,202511,7061021,0206030010,169.0,23428.47
SIA,CE,202511,9672427,0206010036,19.0,1648.44
SIA,CE,202511,2478080,0211020036,95.0,489.25
SIA,CE,202511,2415488,0206010028,9.0,909.9
SIA,CE,202511,2665190,0206010036,7.0,607.32
SIA,CE,202511,2561492,0211020010,36.0,26281.44
SIA,CE,202511,3541428,0206010010,4.0,347.04
SIA,CE,202511,2849798,0211020036,103.0,530.45
SIA,CE,202511,2527677,0902010026,28.0,5600.0
SIA,CE,202511,3541428,0206010052,2.0,173.5
SIA,CE,202511,2327961,0902010026,47.0,9400.0
SIA,CE,202511,2723190,0206010028,8.0,808.8
SIA,CE,202511,9939938,0902010026,4.0,800.0
SIA,CE,202511,9939938,0211020036,5.0,0.0
SIA,CE,202511,5314194,0211020036,106.0,545.9
SIA,CE,202511,2723182,0211020036,6.0,30.9
SIA,CE,202511,4913272,0211020036,48.0,247.2
SIA,CE,202511,2663929,0211020036,4.0,20.6
SIA,CE,202511,2497654,0206020023,1.0,86.75
SIA,CE,202511,7072341,0211020036,229.0,1179.35
SIA,CE,202511,2560852,0206020015,7.0,607.25
SIA,CE,202511,2527677,0211020036,865.0,4300.25
SIA,CE,202511,5723507,0211020036,78.0,401.7
SIA,CE,202511,9939938,0902010018,1.0,130.0
SIA,CE,202511,2552345,0211020036,41.0,211.15
SIA,CE,202511,7061021,0206010079,201.0,19585.44
SIA,CE,202511,9672427,0206030029,35.0,3036.25
SIA,CE,202511,7061021,0206020031,131.0,17869.71
SIA,CE,202511,7993218,0211020036,184.0,947.6
SIA,CE,202511,2527677,0902010018,2.0,260.0
SIA,CE,202511,2611465,0211020036,12.0,61.8
SIA,CE,202511,2675560,0206020015,11.0,954.25
SIA,CE,202511,4010825,0211020036,60.0,309.0
SIA,CE,202511,2561395,0211020036,420.0,2163.0
SIA,CE,202511,2611775,0211020036,137.0,705.55
SIA,CE,202511,2333856,0211020036,28.0,144.2
SIA,CE,202511,2526670,0211020036,30.0,154.5
SIA,CE,202511,2478994,0211020036,34.0,175.1
SIA,CE,202511,2479990,0211020036,1.0,5.15
SIA,CE,202511,2561425,0211020036,99.0,509.85
SIA,CE,202511,7077971,0211020036,200.0,1030.0
SIA,CE,202511,7403224,0206010052,3.0,260.25
SIA,CE,202511,6376738,0206020015,2.0,173.5
SIA,CE,202511,2664283,0211020036,25.0,128.75
SIA,CE,202511,7405529,0206020023,3.0,260.25
SIA,CE,202511,2611058,0211020036,73.0,375.95
SIA,CE,202511,2695839,0211020036,130.0,669.5
SIA,CE,202511,2528541,0211020036,92.0,473.8
SIA,CE,202511,2482452,0211020036,39.0,200.85
SIA,CE,202511,2561115,0211020036,26.0,133.9
SIA,CE,202511,2415372,0211020036,222.0,1143.3
SIA,CE,202511,2333864,0211020036,100.0,515.0
SIA,CE,202511,2675560,0206030029,21.0,1821.75
SIA,CE,202511,2414996,0211020036,33.0,169.95
SIA,CE,202511,2373971,0211020036,330.0,1699.5
SIA,CE,202511,2415488,0206030010,7.0,970.41
SIA,CE,202511,2415488,0206030037,8.0,1109.04
SIA,CE,202511,2880326,0211020036,163.0,839.45
SIA,CE,202511,2723190,0206010010,2.0,173.52
SIA,CE,202511,4010868,0211020036,568.0,2925.2
SIA,CE,202511,6376738,0206030029,3.0,260.25
SIA,CE,202511,6774695,0206030029,3.0,260.25
SIA,CE,202511,2675560,0206020023,3.0,260.25
SIA,CE,202511,6376738,0206030010,16.0,2218.08
SIA,CE,202511,2482320,0211020036,172.0,885.8
SIA,CE,202511,2374064,0211020036,107.0,551.05
SIA,CE,202511,2723220,0206010010,4.0,347.04
SIA,CE,202511,4985311,0206010036,1.0,86.76
SIA,CE,202511,3283437,0211020036,62.0,319.3
SIA,CE,202511,4963938,0206010044,2.0,173.5
SIA,CE,202511,2415488,0206010036,2.0,173.52
SIA,CE,202511,6376738,0206010010,4.0,347.04
SIA,CE,202511,2482487,0211020036,21.0,108.15
SIA,CE,202511,4963938,0206030029,2.0,173.5
SIA,CE,202511,2372967,0206020015,3.0,260.25
SIA,CE,202511,4010868,0211020060,46.0,1380.0
SIA,CE,202511,2561069,0211020036,322.0,1658.3
SIA,CE,202511,2723220,0206020015,3.0,260.25
SIA,CE,202511,2723220,0206030029,1.0,86.75
SIA,CE,202511,7405529,0206010052,3.0,260.25
SIA,CE,202511,2526662,0206030010,1.0,138.63
SIA,CE,202511,2675560,0206010052,3.0,260.25
SIA,CE,202511,2675560,0206010036,1.0,86.76
SIA,CE,202511,2529068,0211020036,5.0,25.75
SIA,CE,202511,2415488,0206010010,3.0,260.28
SIA,CE,202511,6848710,0206010052,6.0,520.5
SIA,CE,202511,2561441,0211020036,275.0,1416.25
SIA,CE,202511,6376738,0206010052,1.0,86.75
SIA,CE,202511,6779522,0206010060,1.0,97.44
SIA,CE,202511,2497654,0206020015,1.0,86.75
SIA,CE,202511,2723190,0206030029,1.0,86.75
SIA,CE,202511,6376738,0206010044,2.0,173.5
SIA,CE,202511,7320418,0211020036,200.0,1030.0
SIA,CE,202511,2481073,0206010079,84.0,8184.96
SIA,CE,202511,2328011,0206010028,139.0,14052.9
SIA,CE,202511,2564211,0206030037,269.0,37291.47
SIA,CE,202511,2564211,0206010044,27.0,2342.25
SIA,CE,202511,4010779,0211020036,70.0,360.5
SIA,CE,202511,2425300,0211020036,1451.0,7472.65
SIA,CE,202511,2564211,0211020036,203.0,1045.45
SIA,CE,202511,2564211,0206010052,78.0,6766.5
SIA,CE,202511,9672427,0206010028,61.0,6167.1
SIA,CE,202511,7061021,0206030037,157.0,21764.91
SIA,CE,202511,9672427,0206020031,212.0,28918.92
SIA,CE,202511,9672427,0206030010,248.0,34380.24
SIA,CE,202511,9672427,0206030037,248.0,34380.24
SIA,CE,202511,2328003,0211020036,188.0,968.2
SIA,CE,202511,2328011,0206030010,16.0,2218.08
SIA,CE,202511,2328011,0206010010,36.0,3123.36
SIA,CE,202511,2328011,0206010079,91.0,8867.04
SIA,CE,202511,2564211,0206030010,249.0,34518.87
SIA,CE,202511,7047428,0206010052,1.0,86.75
SIA,CE,202511,7047428,0206030037,14.0,1940.82
SIA,CE,202511,2372150,0206010028,66.0,6672.6
SIA,CE,202511,0301337,0206020015,4.0,347.0
SIA,CE,202511,2372150,0206010079,54.0,5261.76
SIA,CE,202511,2564211,0206010028,77.0,7784.7
SIA,CE,202511,2564211,0206020031,328.0,44742.48
SIA,CE,202511,2481073,0206030010,95.0,13169.85
SIA,CE,202511,7061021,0206010044,78.0,6766.5
SIA,CE,202511,7061021,0206020023,8.0,694.0
SIA,CE,202511,2328011,0206030037,39.0,5406.57
SIA,CE,202511,9241477,0211020036,42.0,216.3
SIA,CE,202511,2328011,0206020031,46.0,6274.86
SIA,CE,202511,2328011,0206010044,10.0,867.5
SIA,CE,202511,7061021,0206010010,42.0,3643.92
SIA,CE,202511,2372150,0206030010,19.0,2633.97
SIA,CE,202511,2481073,0206010052,5.0,433.75
SIA,CE,202511,0301337,0206010028,20.0,2022.0
SIA,CE,202511,2554658,0211020036,11.0,56.65
SIA,CE,202511,9672427,0206010044,142.0,12318.5
SIA,CE,202511,2481073,0206020031,34.0,4637.94
SIA,CE,202511,7061021,0206010052,14.0,1214.5
SIA,CE,202511,2328399,0211020036,2.0,10.3
SIA,CE,202511,2481073,0206020015,2.0,173.5
SIA,CE,202511,9672427,0206020023,48.0,4164.0
SIA,CE,202511,7061021,0211020036,116.0,597.4
SIA,CE,202511,2425300,0205010016,8.0,1320.0
SIA,CE,202511,2427125,0206010052,3.0,260.25
SIA,CE,202511,2481073,0206010010,17.0,1474.92
SIA,CE,202511,2481073,0206010036,8.0,694.08
SIA,CE,202511,2564211,0206010079,95.0,9256.8
SIA,CE,202511,2820234,0208010025,33.0,13481.16
SIA,CE,202511,2328011,0206010036,20.0,1735.2
SIA,CE,202511,2820234,0208010033,33.0,12641.31
SIA,CE,202511,4887514,0211020036,21.0,108.15
SIA,CE,202511,9672427,0206010010,102.0,8849.52
SIA,CE,202511,2328011,0206030029,15.0,1301.25
SIA,CE,202511,2481073,0206030037,11.0,1524.93
SIA,CE,202511,0301337,0206010010,8.0,694.08
SIA,CE,202511,2372150,0206030037,27.0,3743.01
SIA,CE,202511,2414872,0211020036,9.0,46.35
SIA,CE,202511,0301337,0206030010,7.0,970.41
SIA,CE,202511,2528843,0206010028,11.0,1112.1
SIA,CE,202511,2479893,0211020036,186.0,957.9
SIA,CE,202511,2372150,0206010010,21.0,1821.96
SIA,CE,202511,2372150,0206010036,12.0,1041.12
SIA,CE,202511,2564211,0208010033,7.0,2681.49
SIA,CE,202511,2481073,0206010028,53.0,5358.3
SIA,CE,202511,7061021,0206010028,13.0,1314.3
SIA,CE,202511,9672427,0206020015,11.0,954.25
SIA,CE,202511,7047428,0206010079,27.0,2630.88
SIA,CE,202511,2328429,0211020036,11.0,56.65
SIA,CE,202511,0301337,0206010079,9.0,876.96
SIA,CE,202511,2723212,0211020036,6.0,30.9
SIA,CE,202511,7047428,0206030010,13.0,1802.19
SIA,CE,202511,9672427,0206010052,9.0,780.75
SIA,CE,202511,6848710,0206020015,1.0,86.75
SIA,CE,202511,7061021,0206020015,5.0,433.75
SIA,CE,202511,2528843,0206010079,29.0,2825.76
SIA,CE,202511,7061021,0206010036,7.0,607.32
SIA,CE,202511,0301337,0206010044,6.0,520.5
SIA,CE,202511,5393027,0211020036,275.0,1416.25
SIA,CE,202511,2564211,0206030029,9.0,780.75
SIA,CE,202511,2425599,0211020036,207.0,1066.05
SIA,CE,202511,2425300,0211020060,23.0,690.0
SIA,CE,202511,6774695,0206010052,1.0,86.75
SIA,CE,202511,2811200,0206030029,1.0,86.75
SIA,CE,202511,2564211,0206010036,11.0,954.36
SIA,CE,202511,6999506,0211020036,483.0,2487.45
SIA,CE,202511,2564211,0206020015,7.0,607.25
SIA,CE,202511,2675560,0206030010,3.0,415.89
SIA,CE,202511,0301337,0206030037,12.0,1663.56
SIA,CE,202511,2372150,0206020015,7.0,607.25
SIA,CE,202511,2528843,0206010044,7.0,607.25
SIA,CE,202511,2481073,0206010044,5.0,433.75
SIA,CE,202511,2528843,0206030037,5.0,693.15
SIA,CE,202511,2564211,0206010010,21.0,1821.96
SIA,CE,202511,2415488,0206010044,1.0,86.75
SIA,CE,202511,6774695,0206020023,1.0,86.75
SIA,CE,202511,9672427,0211020036,149.0,767.35
SIA,CE,202511,2528843,0206030010,6.0,831.78
SIA,CE,202511,7047428,0206010028,4.0,404.4
SIA,CE,202511,2372150,0206020031,16.0,2182.56
SIA,CE,202511,0301337,0206030029,1.0,86.75
SIA,CE,202511,9672427,0208010025,1.0,408.52
SIA,CE,202511,2328011,0206020015,3.0,260.25
SIA,CE,202511,2528843,0206020031,7.0,954.87
SIA,CE,202511,7047428,0206030029,8.0,694.0
SIA,CE,202511,7061021,0206030029,4.0,347.0
SIA,CE,202511,0301337,0206020031,4.0,545.64
SIA,CE,202511,2479214,0211020060,170.0,5100.0
SIA,CE,202511,7047428,0206010036,1.0,86.76
SIA,CE,202511,2820234,0206010028,15.0,1516.5
SIA,CE,202511,2499339,0211020036,263.0,1354.45
SIA,CE,202511,7047428,0206020015,1.0,86.75
SIA,CE,202511,2481073,0206020023,2.0,173.5
SIA,CE,202511,2482304,0211020036,59.0,303.85
SIA,CE,202511,2561026,0211020036,200.0,1030.0
SIA,CE,202511,9574514,0211020036,55.0,283.25
SIA,CE,202511,2726351,0211020036,61.0,314.15
SIA,CE,202511,7469683,0211020036,113.0,581.95
SIA,CE,202511,2499363,0206010052,1.0,86.75
SIA,CE,202511,2372150,0206030029,7.0,607.25
SIA,CE,202511,2528282,0211020036,158.0,813.7
SIA,CE,202511,7047428,0206020031,2.0,272.82
SIA,CE,202511,6774695,0206010087,1.0,138.63
SIA,CE,202511,0301337,0206010036,3.0,260.28
SIA,CE,202511,2481073,0211020036,89.0,458.35
SIA,CE,202511,2529556,0211020036,332.0,1709.8
SIA,CE,202511,2561891,0211020036,84.0,432.6
SIA,CE,202511,2564211,0208010025,8.0,3268.16
SIA,CE,202511,2528843,0206010036,1.0,86.76
SIA,CE,202511,2479214,0206010052,2.0,173.5
SIA,CE,202511,2564211,0206020023,2.0,173.5
SIA,CE,202511,7047428,0211020036,172.0,885.8
SIA,CE,202511,6697518,0211020036,314.0,1617.1
SIA,CE,202511,4963938,0206020023,1.0,86.75
SIA,CE,202511,2561328,0211020036,235.0,1210.25
SIA,CE,202511,0153087,0206010044,2.0,173.5
SIA,CE,202511,2373971,0206010044,1.0,86.75
SIA,CE,202511,2723255,0211020036,120.0,618.0
SIA,CE,202511,0263672,0211020036,446.0,2296.9
SIA,CE,202511,2479818,0211020036,30.0,154.5
SIA,CE,202511,7274440,0211020036,466.0,2399.9
SIA,CE,202511,2529114,0211020036,109.0,561.35
SIA,CE,202511,2664666,0211020036,43.0,221.45
SIA,CE,202511,2528959,0211020036,20.0,103.0
SIA,CE,202511,0183229,0211020036,469.0,2415.35
SIA,CE,202511,7047428,0211020060,17.0,510.0
SIA,CE,202511,2562316,0211020036,570.0,2935.5
SIA,CE,202511,2373971,0206020015,1.0,86.75
SIA,CE,202511,2561468,0211020036,150.0,772.5
SIA,CE,202511,2371847,0211020036,186.0,957.9
SIA,CE,202511,2479214,0211020036,5889.0,30328.35
SIA,CE,202511,2664364,0211020036,106.0,545.9
SIA,CE,202511,2561050,0211020036,43.0,221.45
SIA,CE,202511,2516683,0211020036,130.0,669.5
SIA,CE,202511,0951021,0211020036,33.0,169.95
SIA,CE,202511,2724308,0211020036,228.0,1174.2
SIA,CE,202511,2561425,0206030010,1.0,138.63
SIA,CE,202511,2561492,0206020023,1.0,86.75
SIA,CE,202511,2561018,0211020036,138.0,710.7
SIA,CE,202511,2564769,0211020036,375.0,1931.25
SIA,CE,202511,2611252,0211020036,7.0,36.05
SIA,CE,202511,9672427,0206010060,1.0,97.44
SIA,CE,202511,2479710,0211020036,214.0,1102.1
SIA,CE,202511,2526662,0206030037,1.0,138.63
SIA,CE,202511,7051123,0206030029,1.0,86.75
SIA,CE,202511,0301337,0206010052,1.0,86.75
SIA,CE,202511,7434308,0211020036,600.0,3090.0
SIA,CE,202511,2563681,0211020036,142.0,731.3
SIA,CE,202511,2528843,0206010052,1.0,86.75
SIA,CE,202511,2333813,0211020036,68.0,350.2
SIA,CE,202511,2611481,0211020036,182.0,937.3
SIA,CE,202511,2562138,0211020036,77.0,396.55
SIA,CE,202511,2561417,0211020036,18.0,92.7
SIA,CE,202511,2705923,0211020036,98.0,504.7
SIA,CE,202511,2372487,0211020036,109.0,561.35
SIA,CE,202511,7372523,0211020036,150.0,772.5
SIA,CE,202511,2527065,0211020036,60.0,309.0
SIA,CE,202511,7710941,0211020036,473.0,2435.95
SIA,CE,202511,2415615,0211020036,11.0,56.65
SIA,CE,202511,9672427,0208010033,1.0,383.07
SIA,CE,202511,2414864,0211020036,40.0,206.0
SIA,CE,202511,7514948,0211020036,450.0,2317.5
SIA,CE,202511,4010833,0211020036,112.0,576.8
SIA,CE,202511,2726319,0211020036,21.0,108.15
SIA,CE,202511,2482509,0211020036,14.0,72.1
SIA,CE,202511,2479907,0211020036,304.0,1565.6
SIA,CE,202511,2479907,0211020060,58.0,1740.0
SIA,CE,202511,7403224,0211020060,35.0,1050.0
SIA,CE,202511,7403224,0211020036,212.0,1091.8
SIA,CE,202511,2562154,0211020036,249.0,1282.35
SIA,CE,202511,2328445,0211020036,7.0,36.05
SIA,CE,202511,7396368,0211020036,193.0,993.95
SIA,CE,202511,2482495,0211020036,31.0,159.65
SIA,CE,202511,2372150,0206010044,2.0,173.5
SIA,CE,202511,7047428,0206010010,1.0,86.76
SIA,CE,202511,2372622,0211020036,55.0,283.25
SIA,CE,202511,2811200,0206020023,1.0,86.75
SIA,CE,202511,2552086,0206010052,2.0,173.5
SIA,CE,202511,2480646,0206010010,2.0,173.52
SIA,CE,202511,2528657,0211020036,20.0,103.0
SIA,CE,202511,2806215,0206030029,4.0,347.0
SIA,CE,202511,2563339,0211020036,45.0,231.75
SIA,CE,202511,2563460,0206010044,1.0,86.75
SIA,CE,202511,7890389,0211020036,40.0,206.0
SIA,CE,202511,2806215,0206010052,1.0,86.75
SIA,CE,202511,3384993,0211020036,6.0,30.9
SIA,CE,202511,2528843,0206020015,1.0,86.75
SIA,CE,202511,2563460,0206010079,3.0,292.32
SIA,CE,202511,9044515,0211020036,82.0,422.3
SIA,CE,202511,2529246,0211020036,62.0,319.3
SIA,CE,202511,2563460,0206030010,1.0,138.63
SIA,CE,202511,2482088,0211020036,160.0,824.0
SIA,CE,202511,2415488,0211020036,432.0,2224.8
SIA,CE,202511,2651394,0206020015,4.0,347.0
SIA,CE,202511,2723190,0211020036,16.0,82.4
SIA,CE,202511,2499045,0211020036,40.0,206.0
SIA,CE,202511,9346309,0211020036,504.0,2595.6
SIA,CE,202511,7980310,0211020036,509.0,2621.35
SIA,CE,202511,2554798,0206020015,1.0,86.75
SIA,CE,202512,2611309,0206030037,80.0,11090.4
SIA,CE,202512,2611309,0206030010,78.0,10813.14
SIA,CE,202512,2675560,0206010010,76.0,6593.76
SIA,CE,202512,2425300,0205010016,10.0,1650.0
SIA,CE,202512,2372967,0206020031,9.0,1227.69
SIA,CE,202512,2611309,0206010079,100.0,9744.0
SIA,CE,202512,2560852,0206010079,180.0,17539.2
SIA,CE,202512,2560852,0206030010,33.0,4574.79
SIA,CE,202512,2480646,0206010079,86.0,8379.84
SIA,CE,202512,2564238,0206010036,12.0,1041.12
SIA,CE,202512,4527372,0206010044,12.0,1041.0
SIA,CE,202512,4985311,0206010079,1.0,97.44
SIA,CE,202512,4527372,0211020036,42.0,216.3
SIA,CE,202512,2561344,0211020036,131.0,674.65
SIA,CE,202512,9275134,0211020036,290.0,1493.5
SIA,CE,202512,2481073,0206020031,38.0,5183.58
SIA,CE,202512,4527372,0206020031,25.0,3410.25
SIA,CE,202512,2561492,0211020036,865.0,4454.75
SIA,CE,202512,9672427,0206010028,87.0,8795.7
SIA,CE,202512,9672427,0206030010,308.0,42698.04
SIA,CE,202512,0153087,0206010028,353.0,35688.3
SIA,CE,202512,2527693,0206010036,2.0,173.52
SIA,CE,202512,7405529,0206030010,73.0,10119.99
SIA,CE,202512,2563681,0206030010,78.0,10813.14
SIA,CE,202512,0310921,0206010028,238.0,24061.8
SIA,CE,202512,7420501,0206030010,167.0,23151.21
SIA,CE,202512,6779522,0206030010,140.0,19408.2
SIA,CE,202512,7405529,0206010028,224.0,22646.4
SIA,CE,202512,7420501,0206010028,337.0,34070.7
SIA,CE,202512,0310921,0206030010,72.0,9981.36
SIA,CE,202512,7382626,0206010028,151.0,14760.6
SIA,CE,202512,7420501,0206010036,63.0,5465.88
SIA,CE,202512,7386257,0206010028,143.0,14457.3
SIA,CE,202512,2811200,0206010079,27.0,2630.88
SIA,CE,202512,2564211,0211020036,221.0,1138.15
SIA,CE,202512,2811200,0206010028,39.0,3942.9
SIA,CE,202512,2723220,0206030010,404.0,56006.52
SIA,CE,202512,2528673,0211020036,124.0,638.6
SIA,CE,202512,2529149,0206010052,99.0,8588.25
SIA,CE,202512,2528843,0206030010,5.0,693.15
SIA,CE,202512,6956963,0206010028,75.0,7582.5
SIA,CE,202512,0086673,0206030010,30.0,4158.9
SIA,CE,202512,2479907,0206030010,98.0,13585.74
SIA,CE,202512,2479028,0206030010,67.0,9288.21
SIA,CE,202512,4226267,0211020036,208.0,1071.2
SIA,CE,202512,6956963,0206030010,37.0,5129.31
SIA,CE,202512,7382626,0206010036,28.0,2429.28
SIA,CE,202512,2333848,0211020036,20.0,103.0
SIA,CE,202512,7469683,0206010036,15.0,1301.4
SIA,CE,202512,6848710,0206030010,34.0,4713.42
SIA,CE,202512,7405529,0206010036,35.0,3036.6
SIA,CE,202512,7386257,0206010036,28.0,2429.28
SIA,CE,202512,7469683,0206030010,21.0,2911.23
SIA,CE,202512,7386257,0206030010,26.0,3604.38
SIA,CE,202512,9672427,0206010036,36.0,3123.36
SIA,CE,202512,7403224,0206010028,66.0,6672.6
SIA,CE,202512,2415488,0206030010,15.0,2079.45
SIA,CE,202512,2561492,0206030010,349.0,48381.87
SIA,CE,202512,2564211,0206010079,114.0,11108.16
SIA,CE,202512,2529149,0206030010,230.0,31884.9
SIA,CE,202512,0107239,0211020036,167.0,860.05
SIA,CE,202512,2723190,0206030010,102.0,14140.26
SIA,CE,202512,2564238,0206010028,29.0,2931.9
SIA,CE,202512,2723220,0211020036,307.0,1581.05
SIA,CE,202512,2564238,0206010079,260.0,25334.4
SIA,CE,202512,2665190,0206010010,9.0,780.84
SIA,CE,202512,2723220,0206010052,85.0,7373.75
SIA,CE,202512,2675560,0206030037,249.0,34518.87
SIA,CE,202512,7514948,0211020036,603.0,3105.45
SIA,CE,202512,2723190,0206010052,36.0,3123.0
SIA,CE,202512,2560852,0206010028,88.0,8088.0
SIA,CE,202512,7434308,0211020036,600.0,3090.0
SIA,CE,202512,2785900,0206010028,13.0,1314.3
SIA,CE,202512,2497654,0206030010,84.0,11644.92
SIA,CE,202512,2785900,0206030010,19.0,2633.97
SIA,CE,202512,2561026,0206020031,38.0,5183.58
SIA,CE,202512,2478080,0211020036,117.0,602.55
SIA,CE,202512,2372150,0206030029,16.0,1388.0
SIA,CE,202512,4010868,0206010079,1.0,97.44
SIA,CE,202512,4010779,0211020036,57.0,293.55
SIA,CE,202512,4444086,0205010016,30.0,4950.0
SIA,CE,202512,2372967,0206010044,7.0,607.25
SIA,CE,202512,0153087,0206010036,71.0,6159.96
SIA,CE,202512,7469683,0206010028,98.0,9907.8
SIA,CE,202512,2529149,0206030029,179.0,15528.25
SIA,CE,202512,2723190,0211020036,27.0,139.05
SIA,CE,202512,7396732,0211020036,41.0,211.15
SIA,CE,202512,2529149,0206010079,3210.0,312782.4
SIA,CE,202512,2516632,0211020036,10.0,51.5
SIA,CE,202512,6779522,0206010036,7.0,607.32
SIA,CE,202512,0086673,0206010028,24.0,2426.4
SIA,CE,202512,2333856,0211020036,9.0,46.35
SIA,CE,202512,4963938,0206030010,19.0,2633.97
SIA,CE,202512,7382626,0206030010,40.0,5545.2
SIA,CE,202512,7061021,0206030010,28.0,3881.64
SIA,CE,202512,2651394,0206030010,183.0,25369.29
SIA,CE,202512,0153087,0206030010,33.0,4574.79
SIA,CE,202512,2479907,0206010028,12.0,1213.2
SIA,CE,202512,2785900,0206010036,2.0,173.52
SIA,CE,202512,0310921,0206010036,25.0,2169.0
SIA,CE,202512,2562227,0211020036,12.0,61.8
SIA,CE,202512,2723212,0211020036,3.0,15.45
SIA,CE,202512,2645114,0211020036,16.0,82.4
SIA,CE,202512,2561492,0206010052,31.0,2689.25
SIA,CE,202512,2564211,0206010028,83.0,8391.3
SIA,CE,202512,2480646,0206030010,16.0,2218.08
SIA,CE,202512,2564238,0206010044,20.0,1735.0
SIA,CE,202512,2811200,0206010036,4.0,347.04
SIA,CE,202512,2564211,0206010044,13.0,1127.75
SIA,CE,202512,7047428,0206010079,36.0,3507.84
SIA,CE,202512,2479214,0206010028,10.0,1011.0
SIA,CE,202512,6956963,0206010036,14.0,1214.64
SIA,CE,202512,2611686,0206030037,1.0,138.63
SIA,CE,202512,7420501,0206030037,183.0,25369.29
SIA,CE,202512,7382626,0206030037,55.0,7624.65
SIA,CE,202512,2373971,0206030010,2.0,277.26
SIA,CE,202512,2414848,0211020036,111.0,571.65
SIA,CE,202512,5018110,0206020031,29.0,3955.89
SIA,CE,202512,2651394,0206010079,764.0,74444.16
SIA,CE,202512,2373971,0206010079,97.0,9451.68
SIA,CE,202512,2564211,0206010036,16.0,1388.16
SIA,CE,202512,0310921,0206030037,86.0,11922.18
SIA,CE,202512,2561492,0206010079,126.0,12277.44
SIA,CE,202512,2481073,0206010028,44.0,4448.4
SIA,CE,202512,2372967,0206030010,18.0,2495.34
SIA,CE,202512,2561336,0211020036,70.0,360.5
SIA,CE,202512,2560852,0206020015,5.0,433.75
SIA,CE,202512,4527372,0206010079,134.0,13056.96
SIA,CE,202512,2479907,0206030037,91.0,12615.33
SIA,CE,202512,7405529,0206030037,29.0,4020.27
SIA,CE,202512,2479214,0205010016,6.0,990.0
SIA,CE,202512,2481073,0206030010,89.0,12338.07
SIA,CE,202512,2611309,0206010028,42.0,4246.2
SIA,CE,202512,0153087,0206020031,9.0,1227.69
SIA,CE,202512,2479214,0206020031,392.0,53472.72
SIA,CE,202512,2563681,0206020031,58.0,7911.78
SIA,CE,202512,7061021,0206020031,20.0,2728.2
SIA,CE,202512,6956963,0206030037,39.0,5406.57
SIA,CE,202512,6779522,0206030037,151.0,20933.13
SIA,CE,202512,2563681,0206030037,79.0,10951.77
SIA,CE,202512,2563681,0206010028,13.0,1314.3
SIA,CE,202512,7992130,0211020036,272.0,1400.8
SIA,CE,202512,5018110,0206030037,66.0,9149.58
SIA,CE,202512,2372150,0206030010,23.0,3188.49
SIA,CE,202512,2526654,0211020036,20.0,103.0
SIA,CE,202512,7569793,0211020036,103.0,530.45
SIA,CE,202512,0153087,0206030037,47.0,6515.61
SIA,CE,202512,7386257,0206030037,39.0,5406.57
SIA,CE,202512,4010833,0211020036,30.0,154.5
SIA,CE,202512,2611309,0206020023,6.0,520.5
SIA,CE,202512,2372150,0206010010,21.0,1821.96
SIA,CE,202512,9672427,0206030037,282.0,39093.66
SIA,CE,202512,2479214,0206030010,34.0,4713.42
SIA,CE,202512,2561492,0206030029,10.0,867.5
SIA,CE,202512,2841118,0211020036,64.0,329.6
SIA,CE,202512,0086673,0206030037,69.0,9565.47
SIA,CE,202512,2561026,0206010079,115.0,11205.6
SIA,CE,202512,3541428,0206030010,52.0,7208.76
SIA,CE,202512,2723220,0206010079,63.0,6138.72
SIA,CE,202512,2497654,0206030037,44.0,6099.72
SIA,CE,202512,2563460,0206030010,6.0,831.78
SIA,CE,202512,6848710,0206030037,32.0,4436.16
SIA,CE,202512,3021114,0206010010,83.0,7201.08
SIA,CE,202512,2516640,0211020036,16.0,82.4
SIA,CE,202512,0310921,0206020031,76.0,10367.16
SIA,CE,202512,7420501,0206020031,128.0,17460.48
SIA,CE,202512,7405529,0206020031,79.0,10776.39
SIA,CE,202512,2665190,0206030037,2.0,277.26
SIA,CE,202512,0393029,0206010079,8.0,779.52
SIA,CE,202512,2561492,0211020060,74.0,2220.0
SIA,CE,202512,7061021,0206030037,28.0,3881.64
SIA,CE,202512,6779522,0206020031,98.0,13368.18
SIA,CE,202512,7061021,0206010036,3.0,260.28
SIA,CE,202512,6779522,0206010028,18.0,1819.8
SIA,CE,202512,4527372,0206020015,8.0,694.0
SIA,CE,202512,4963938,0206030037,17.0,2356.71
SIA,CE,202512,3021114,0206010079,487.0,47453.28
SIA,CE,202512,2480646,0206020015,1.0,86.75
SIA,CE,202512,2425300,0211020036,1448.0,7457.2
SIA,CE,202512,7389272,0211020036,200.0,1030.0
SIA,CE,202512,7469683,0206030037,25.0,3465.75
SIA,CE,202512,7403224,0206010036,3.0,260.28
SIA,CE,202512,2785900,0206030037,20.0,2772.6
SIA,CE,202512,2427125,0206030010,48.0,6654.24
SIA,CE,202512,5018110,0206010010,41.0,3557.16
SIA,CE,202512,2561468,0211020036,90.0,463.5
SIA,CE,202512,3021114,0211020036,124.0,638.6
SIA,CE,202512,2480646,0206030037,15.0,2079.45
SIA,CE,202512,2675560,0206010079,202.0,19682.88
SIA,CE,202512,2611481,0211020036,180.0,927.0
SIA,CE,202512,9672427,0206010044,171.0,14834.25
SIA,CE,202512,9672427,0206010010,148.0,12840.48
SIA,CE,202512,9672427,0206020015,25.0,2168.75
SIA,CE,202512,9672427,0206020023,45.0,3903.75
SIA,CE,202512,9672427,0206010052,24.0,2082.0
SIA,CE,202512,7403224,0206030037,15.0,2079.45
SIA,CE,202512,2554798,0206020031,30.0,4092.3
SIA,CE,202512,3021114,0206030037,250.0,34657.5
SIA,CE,202512,9361359,0211020036,100.0,515.0
SIA,CE,202512,7988400,0211020036,305.0,1570.75
SIA,CE,202512,2479028,0206010036,66.0,5726.16
SIA,CE,202512,2561492,0206030037,355.0,49213.65
SIA,CE,202512,2563460,0206030037,9.0,1247.67
SIA,CE,202512,2529149,0206010010,444.0,38521.44
SIA,CE,202512,7501366,0211020036,676.0,3481.4
SIA,CE,202512,2328011,0206030010,11.0,1524.93
SIA,CE,202512,2665190,0206010028,23.0,2325.3
SIA,CE,202512,2372967,0211020036,51.0,262.65
SIA,CE,202512,2564211,0208010025,25.0,10213.0
SIA,CE,202512,2552086,0206020031,13.0,1773.33
SIA,CE,202512,2528843,0206030037,6.0,831.78
SIA,CE,202512,2481073,0206010052,8.0,694.0
SIA,CE,202512,5018110,0206030010,70.0,9704.1
SIA,CE,202512,7021437,0211020036,278.0,1431.7
SIA,CE,202512,2723220,0206030037,353.0,48936.39
SIA,CE,202512,7405529,0206010010,69.0,5986.44
SIA,CE,202512,6779522,0206010044,88.0,7634.0
SIA,CE,202512,7061021,0206010044,18.0,1561.5
SIA,CE,202512,2564238,0206010010,29.0,2516.04
SIA,CE,202512,2561026,0206010010,14.0,1214.64
SIA,CE,202512,2427125,0206010079,96.0,9354.24
SIA,CE,202512,2651394,0206010010,195.0,16918.2
SIA,CE,202512,2651394,0206030037,193.0,26755.59
SIA,CE,202512,2723190,0206030037,151.0,20933.13
SIA,CE,202512,2529149,0206030037,258.0,35766.54
SIA,CE,202512,2333880,0211020036,109.0,561.35
SIA,CE,202512,2529149,0206020015,32.0,2776.0
SIA,CE,202512,7403224,0206030010,21.0,2911.23
SIA,CE,202512,4985311,0206020015,1.0,86.75
SIA,CE,202512,2479028,0206010010,70.0,6073.2
SIA,CE,202512,2561026,0206030037,99.0,13724.37
SIA,CE,202512,2415488,0206010028,4.0,404.4
SIA,CE,202512,2373971,0206010010,15.0,1301.4
SIA,CE,202512,2328011,0206020031,28.0,3819.48
SIA,CE,202512,5018110,0206010044,10.0,867.5
SIA,CE,202512,4887514,0211020036,13.0,66.95
SIA,CE,202512,2561026,0206030010,91.0,12615.33
SIA,CE,202512,2651394,0206020015,60.0,5205.0
SIA,CE,202512,2528916,0211020036,2.0,10.3
SIA,CE,202512,2724359,0211020036,80.0,412.0
SIA,CE,202512,2564580,0211020036,25.0,128.75
SIA,CE,202512,4963938,0211020036,362.0,1864.3
SIA,CE,202512,0086673,0206010044,44.0,3817.0
SIA,CE,202512,0153087,0206010010,99.0,8589.24
SIA,CE,202512,7420501,0206010010,135.0,11712.6
SIA,CE,202512,2497654,0206020015,5.0,433.75
SIA,CE,202512,7382626,0206010010,49.0,4251.24
SIA,CE,202512,2528843,0206010079,30.0,2923.2
SIA,CE,202512,6619908,0211020036,67.0,345.05
SIA,CE,202512,2480646,0206010028,12.0,1213.2
SIA,CE,202512,2426072,0211020036,8.0,41.2
SIA,CE,202512,4527372,0206030037,64.0,8872.32
SIA,CE,202512,3021114,0206010052,26.0,2255.5
SIA,CE,202512,2785900,0211020036,162.0,834.3
SIA,CE,202512,2372495,0211020036,62.0,319.3
SIA,CE,202512,2561492,0206010010,45.0,3904.2
SIA,CE,202512,2529149,0206020023,94.0,8154.5
SIA,CE,202512,2563681,0206010036,10.0,867.6
SIA,CE,202512,2426579,0206010079,27.0,2630.88
SIA,CE,202512,6848710,0206010028,18.0,1819.8
SIA,CE,202512,2328003,0211020036,232.0,1194.8
SIA,CE,202512,2415658,0211020036,27.0,139.05
SIA,CE,202512,2372150,0206010079,41.0,3995.04
SIA,CE,202512,4985311,0206010044,1.0,86.75
SIA,CE,202512,2722917,0211020036,71.0,365.65
SIA,CE,202512,2564211,0206010010,21.0,1821.96
SIA,CE,202512,2480646,0206010044,13.0,1127.75
SIA,CE,202512,2562146,0211020036,19.0,97.85
SIA,CE,202512,2561026,0206010036,5.0,433.8
SIA,CE,202512,2479214,0206030037,5.0,693.15
SIA,CE,202512,2723190,0206010079,37.0,3605.28
SIA,CE,202512,0086673,0206010036,7.0,607.32
SIA,CE,202512,2372479,0211020036,162.0,834.3
SIA,CE,202512,2820234,0208010025,26.0,10621.52
SIA,CE,202512,2427125,0206010028,20.0,2022.0
SIA,CE,202512,2675560,0206020023,2.0,173.5
SIA,CE,202512,7386257,0206020015,11.0,954.25
SIA,CE,202512,7405529,0206010044,19.0,1648.25
SIA,CE,202512,7405529,0206020015,11.0,954.25
SIA,CE,202512,7469683,0206010010,26.0,2255.76
SIA,CE,202512,6848710,0206010010,11.0,954.36
SIA,CE,202512,2328429,0211020036,10.0,51.5
SIA,CE,202512,2723220,0208010025,74.0,30230.48
SIA,CE,202512,2479214,0206010044,21.0,1821.75
SIA,CE,202512,2373971,0206010052,22.0,1908.5
SIA,CE,202512,2723220,0206030029,3.0,260.25
SIA,CE,202512,7047428,0206030037,18.0,2495.34
SIA,CE,202512,2426579,0206020031,8.0,1091.28
SIA,CE,202512,2675560,0206010087,1.0,138.63
SIA,CE,202512,2479907,0206010036,4.0,347.04
SIA,CE,202512,2497654,0206020031,60.0,8184.6
SIA,CE,202512,4963938,0206020031,20.0,2728.2
SIA,CE,202512,2333902,0211020036,58.0,298.7
SIA,CE,202512,6956963,0206020031,32.0,4365.12
SIA,CE,202512,2373971,0206030029,4.0,347.0
SIA,CE,202512,2723220,0206020023,13.0,1127.75
SIA,CE,202512,7061021,0211020036,44.0,226.6
SIA,CE,202512,7047428,0206030010,3.0,415.89
SIA,CE,202512,3541428,0206010079,15.0,1461.6
SIA,CE,202512,3541428,0206030029,4.0,347.0
SIA,CE,202512,2554798,0206030010,4.0,554.52
SIA,CE,202512,2373971,0206020023,4.0,347.0
SIA,CE,202512,2561042,0211020036,107.0,551.05
SIA,CE,202512,2554658,0211020036,3.0,15.45
SIA,CE,202512,2425300,0211020060,21.0,630.0
SIA,CE,202512,5723507,0211020036,137.0,705.55
SIA,CE,202512,4527372,0206030029,4.0,347.0
SIA,CE,202512,2554798,0206020023,3.0,260.25
SIA,CE,202512,6376738,0206010036,4.0,347.04
SIA,CE,202512,7396368,0211020036,217.0,1117.55
SIA,CE,202512,2372509,0211020036,47.0,242.05
SIA,CE,202512,5018110,0206020015,4.0,347.0
SIA,CE,202512,2482495,0211020036,63.0,324.45
SIA,CE,202512,7382626,0206020031,31.0,4228.71
SIA,CE,202512,2479028,0211020036,290.0,1493.5
SIA,CE,202512,9169695,0211020036,201.0,1035.15
SIA,CE,202512,4963938,0206010052,6.0,520.5
SIA,CE,202512,4963938,0206010044,1.0,86.75
SIA,CE,202512,7262698,0211020036,131.0,674.65
SIA,CE,202512,2561026,0206030029,9.0,780.75
SIA,CE,202512,4527372,0206020023,9.0,780.75
SIA,CE,202512,6376738,0206020031,11.0,1500.51
SIA,CE,202512,6376738,0206030029,2.0,173.5
SIA,CE,202512,2675560,0206020015,8.0,694.0
SIA,CE,202512,2564211,0206030029,10.0,867.5
SIA,CE,202512,0086673,0211020036,161.0,829.15
SIA,CE,202512,7274440,0211020036,452.0,2327.8
SIA,CE,202512,2529149,0206010028,444.0,44888.4
SIA,CE,202512,4985311,0206030037,1.0,138.63
SIA,CE,202512,2426579,0206010010,7.0,607.32
SIA,CE,202512,6848710,0206010036,5.0,433.8
SIA,CE,202512,6376738,0206030010,12.0,1663.56
SIA,CE,202512,2479907,0206020031,96.0,13095.36
SIA,CE,202512,2552086,0206030037,5.0,693.15
SIA,CE,202512,2723190,0206030029,1.0,86.75
SIA,CE,202512,2497654,0206010052,12.0,1041.0
SIA,CE,202512,6376738,0206010028,18.0,1819.8
SIA,CE,202512,0310921,0206010010,93.0,8068.68
SIA,CE,202512,0086673,0206010010,25.0,2169.0
SIA,CE,202512,2373971,0206030037,8.0,1109.04
SIA,CE,202512,6779522,0206020023,6.0,520.5
SIA,CE,202512,2497654,0206010010,18.0,1561.68
SIA,CE,202512,2372967,0206030029,5.0,433.75
SIA,CE,202512,2552086,0206010052,4.0,347.0
SIA,CE,202512,2563460,0206010028,3.0,303.3
SIA,CE,202512,6848710,0211020036,15.0,77.25
SIA,CE,202512,2478137,0211020036,143.0,736.45
SIA,CE,202512,2527693,0206010079,1.0,97.44
SIA,CE,202512,7061021,0206010010,16.0,1388.16
SIA,CE,202512,6376738,0206010079,13.0,1266.72
SIA,CE,202512,2479907,0206020015,6.0,520.5
SIA,CE,202512,2481073,0206030037,15.0,2079.45
SIA,CE,202512,7047428,0206010036,1.0,86.76
SIA,CE,202512,5018110,0206030029,10.0,867.5
SIA,CE,202512,2560852,0206030037,9.0,1247.67
SIA,CE,202512,7386257,0206010052,1.0,86.75
SIA,CE,202512,7382626,0206020015,13.0,1127.75
SIA,CE,202512,7420501,0206020023,4.0,347.0
SIA,CE,202512,2554798,0206030029,3.0,260.25
SIA,CE,202512,2516683,0211020036,12.0,61.8
SIA,CE,202512,2372967,0206020023,4.0,347.0
SIA,CE,202512,5393027,0211020036,170.0,875.5
SIA,CE,202512,0301337,0206010079,6.0,584.64
SIA,CE,202512,6376738,0206020015,1.0,86.75
SIA,CE,202512,2328011,0206010044,4.0,347.0
SIA,CE,202512,2811200,0206010010,9.0,780.84
SIA,CE,202512,2427125,0206010052,2.0,173.5
SIA,CE,202512,2497654,0206010036,2.0,173.52
SIA,CE,202512,2561026,0206010052,2.0,173.5
SIA,CE,202512,2611686,0206030010,4.0,554.52
SIA,CE,202512,0393029,0206030010,2.0,277.26
SIA,CE,202512,2479907,0206010010,5.0,433.8
SIA,CE,202512,6848710,0206020031,29.0,3955.89
SIA,CE,202512,0086673,0206020031,10.0,1364.1
SIA,CE,202512,7469683,0206020031,15.0,2046.15
SIA,CE,202512,2479907,0206010044,36.0,3123.0
SIA,CE,202512,2563681,0206010010,21.0,1821.96
SIA,CE,202512,6779522,0211020036,108.0,556.2
SIA,CE,202512,7044674,0211020060,19.0,570.0
SIA,CE,202512,2561425,0206010044,1.0,86.75
SIA,CE,202512,2811200,0206010044,3.0,260.25
SIA,CE,202512,2480646,0211020036,437.0,2250.55
SIA,CE,202512,4444086,0211020036,16.0,82.4
SIA,CE,202512,2480646,0206020031,13.0,1773.33
SIA,CE,202512,2427184,0211020036,79.0,406.85
SIA,CE,202512,2723190,0206020015,2.0,173.5
SIA,CE,202512,0301337,0206010010,8.0,694.08
SIA,CE,202512,7403224,0206020023,4.0,347.0
SIA,CE,202512,7386257,0206010010,54.0,4685.04
SIA,CE,202512,6956963,0206010010,33.0,2863.08
SIA,CE,202512,4010868,0211020036,653.0,3362.95
SIA,CE,202512,7018800,0211020036,457.0,2353.55
SIA,CE,202512,2563460,0206010079,5.0,487.2
SIA,CE,202512,0393029,0206020015,2.0,173.5
SIA,CE,202512,7061021,0206010028,4.0,404.4
SIA,CE,202512,2373971,0206020015,2.0,173.5
SIA,CE,202512,2561395,0211020036,402.0,2070.3
SIA,CE,202512,2415488,0206010052,1.0,86.75
SIA,CE,202512,2372150,0206010028,60.0,6066.0
SIA,CE,202512,2554798,0206030037,37.0,5129.31
SIA,CE,202512,2372150,0206030037,34.0,4713.42
SIA,CE,202512,4527372,0206010010,6.0,520.56
SIA,CE,202512,2328011,0206020015,4.0,347.0
SIA,CE,202512,2526662,0211020036,237.0,1220.55
SIA,CE,202512,2479907,0206010079,194.0,18903.36
SIA,CE,202512,2479214,0206010079,40.0,3897.6
SIA,CE,202512,2497654,0206010079,235.0,22898.4
SIA,CE,202512,6848710,0206010079,72.0,7015.68
SIA,CE,202512,6956963,0206010079,67.0,6528.48
SIA,CE,202512,6779522,0206010079,419.0,40827.36
SIA,CE,202512,4985311,0206010028,2.0,202.2
SIA,CE,202512,6125972,0211020036,272.0,1400.8
SIA,CE,202512,2481073,0206010010,11.0,954.36
SIA,CE,202512,2426579,0206010028,22.0,2224.2
SIA,CE,202512,4665406,0211020036,80.0,412.0
SIA,CE,202512,3021114,0206020031,309.0,42150.69
SIA,CE,202512,9411798,0211020036,290.0,1493.5
SIA,CE,202512,2665190,0206010079,24.0,2338.56
SIA,CE,202512,2561026,0206010028,26.0,2628.6
SIA,CE,202512,2328011,0206010028,160.0,16176.0
SIA,CE,202512,2427125,0206030037,7.0,970.41
SIA,CE,202512,9672427,0206020031,288.0,39286.08
SIA,CE,202512,7386257,0206020031,23.0,3137.43
SIA,CE,202512,7403224,0206020031,25.0,3410.25
SIA,CE,202512,7061021,0206010079,66.0,6431.04
SIA,CE,202512,2564211,0208010033,26.0,9959.82
SIA,CE,202512,2529149,0206010044,591.0,51269.25
SIA,CE,202512,2527707,0211020036,535.0,2755.25
SIA,CE,202512,2562871,0211020036,248.0,1277.2
SIA,CE,202512,2563681,0206010079,142.0,13836.48
SIA,CE,202512,6774695,0211020036,74.0,381.1
SIA,CE,202512,0310921,0206010079,191.0,18611.04
SIA,CE,202512,2528843,0206010028,17.0,1718.7
SIA,CE,202512,2552086,0206010079,72.0,7015.68
SIA,CE,202512,0393029,0206010028,7.0,707.7
SIA,CE,202512,0393029,0206010044,18.0,1561.5
SIA,CE,202512,0301337,0206010028,29.0,2729.7
SIA,CE,202512,0301337,0206010044,8.0,694.0
SIA,CE,202512,5018110,0206010036,8.0,694.08
SIA,CE,202512,5018110,0206010079,123.0,11985.12
SIA,CE,202512,2651394,0206010028,292.0,29521.2
SIA,CE,202512,2564211,0206020031,358.0,48834.78
SIA,CE,202512,2554798,0206010028,139.0,14052.9
SIA,CE,202512,3541428,0206020031,31.0,4228.71
SIA,CE,202512,2328011,0206030029,16.0,1388.0
SIA,CE,202512,2564211,0206030010,290.0,40202.7
SIA,CE,202512,2554623,0211020036,38.0,195.7
SIA,CE,202512,4527372,0206010052,4.0,347.0
SIA,CE,202512,2529149,0206010036,111.0,9630.36
SIA,CE,202512,2675560,0211020036,206.0,1060.9
SIA,CE,202512,2564238,0206030010,21.0,2911.23
SIA,CE,202512,5590663,0211020036,59.0,303.85
SIA,CE,202512,2561492,0206010044,73.0,6332.75
SIA,CE,202512,2651394,0206010044,155.0,13446.25
SIA,CE,202512,2561425,0211020036,56.0,288.4
SIA,CE,202512,7420501,0206010079,209.0,20364.96
SIA,CE,202512,0086673,0206010079,61.0,5943.84
SIA,CE,202512,0153087,0206010079,62.0,6041.28
SIA,CE,202512,2785900,0206010079,30.0,2923.2
SIA,CE,202512,2665190,0206030029,5.0,433.75
SIA,CE,202512,4963938,0206010079,15.0,1461.6
SIA,CE,202512,2651394,0206010036,8.0,694.08
SIA,CE,202512,2372967,0206030037,32.0,4436.16
SIA,CE,202512,2560852,0206010036,9.0,780.84
SIA,CE,202512,2560852,0206030029,9.0,780.75
SIA,CE,202512,2561492,0206010028,43.0,4347.3
SIA,CE,202512,0301337,0206030037,5.0,693.15
SIA,CE,202512,2811200,0206020031,11.0,1500.51
SIA,CE,202512,2564211,0206010052,59.0,5118.25
SIA,CE,202512,2562138,0211020036,37.0,190.55
SIA,CE,202512,2527693,0206030010,6.0,831.78
SIA,CE,202512,2328011,0206030037,29.0,4020.27
SIA,CE,202512,2479419,0211020036,146.0,751.9
SIA,CE,202512,4985311,0206020031,1.0,136.41
SIA,CE,202512,2664151,0211020036,94.0,484.1
SIA,CE,202512,2820234,0208010033,26.0,9959.82
SIA,CE,202512,2415488,0206030037,15.0,2079.45
SIA,CE,202512,2564238,0206020031,11.0,1500.51
SIA,CE,202512,3021114,0206010044,35.0,3036.25
SIA,CE,202512,2426579,0206010036,2.0,173.52
SIA,CE,202512,0951021,0211020036,24.0,123.6
SIA,CE,202512,2723255,0211020036,120.0,618.0
SIA,CE,202512,3541428,0206010052,2.0,173.5
SIA,CE,202512,2723190,0206010028,8.0,808.8
SIA,CE,202512,2328119,0211020036,35.0,180.25
SIA,CE,202512,2373971,0206010036,5.0,433.8
SIA,CE,202512,5314194,0211020036,95.0,489.25
SIA,CE,202512,3541428,0206030037,52.0,7208.76
SIA,CE,202512,6779522,0206010010,45.0,3904.2
SIA,CE,202512,2415488,0211020036,358.0,1843.7
SIA,CE,202512,7382626,0206010079,87.0,8477.28
SIA,CE,202512,7403224,0206010079,68.0,6625.92
SIA,CE,202512,7405529,0206010079,210.0,20462.4
SIA,CE,202512,7386257,0206010079,108.0,10523.52
SIA,CE,202512,2664364,0211020036,79.0,406.85
SIA,CE,202512,2554798,0206010010,29.0,2516.04
SIA,CE,202512,2561492,0206010036,18.0,1561.68
SIA,CE,202512,7890389,0211020036,43.0,221.45
SIA,CE,202512,2723220,0208010033,74.0,28347.18
SIA,CE,202512,2414872,0211020036,2.0,10.3
SIA,CE,202512,2426579,0206010052,2.0,173.5
SIA,CE,202512,2561492,0205010016,15.0,2475.0
SIA,CE,202512,2675560,0206030029,29.0,2515.75
SIA,CE,202512,2675560,0206020031,86.0,11731.26
SIA,CE,202512,7469683,0206010060,1.0,97.44
SIA,CE,202512,7469683,0206010079,43.0,4189.92
SIA,CE,202512,2723190,0206010044,26.0,2255.5
SIA,CE,202512,2704404,0206010044,59.0,5118.25
SIA,CE,202512,2723220,0206010044,20.0,1735.0
SIA,CE,202512,7386257,0206010060,1.0,97.44
SIA,CE,202512,2705923,0211020036,130.0,669.5
SIA,CE,202512,6956963,0211020036,27.0,139.05
SIA,CE,202512,0393029,0206030037,4.0,554.52
SIA,CE,202512,2427125,0206010010,8.0,694.08
SIA,CE,202512,0310921,0206020015,7.0,607.25
SIA,CE,202512,6779522,0206020015,7.0,607.25
SIA,CE,202512,2723190,0206010010,1.0,86.76
SIA,CE,202512,2611252,0211020036,22.0,113.3
SIA,CE,202512,2811200,0206030010,7.0,970.41
SIA,CE,202512,4527372,0206030010,54.0,7486.02
SIA,CE,202512,2724308,0211020036,153.0,787.95
SIA,CE,202512,2820234,0206010028,15.0,1516.5
SIA,CE,202512,7043597,0211020036,113.0,581.95
SIA,CE,202512,2373971,0206010028,21.0,2123.1
SIA,CE,202512,3541428,0206020023,2.0,173.5
SIA,CE,202512,2328046,0211020036,184.0,947.6
SIA,CE,202512,2561425,0206030037,3.0,415.89
SIA,CE,202512,2561425,0206030010,3.0,415.89
SIA,CE,202512,0228753,0211020036,388.0,1998.2
SIA,CE,202512,0310921,0206010044,23.0,1995.25
SIA,CE,202512,2561026,0206010044,44.0,3817.0
SIA,CE,202512,2723190,0206010036,7.0,607.32
SIA,CE,202512,2665190,0206010044,2.0,173.5
SIA,CE,202512,2529149,0206010060,1.0,97.44
SIA,CE,202512,2723220,0206010036,10.0,867.6
SIA,CE,202512,2723220,0206010028,21.0,2123.1
SIA,CE,202512,2560992,0211020036,117.0,602.55
SIA,CE,202512,3541428,0206010028,2.0,202.2
SIA,CE,202512,7077971,0211020036,200.0,1030.0
SIA,CE,202512,2372150,0206010036,17.0,1474.92
SIA,CE,202512,2372819,0211020036,550.0,2832.5
SIA,CE,202512,7047428,0206010044,4.0,347.0
SIA,CE,202512,2499037,0211020036,122.0,628.3
SIA,CE,202512,0301337,0206010036,5.0,433.8
SIA,CE,202512,6376738,0206010010,6.0,520.56
SIA,CE,202512,6893295,0211020036,100.0,515.0
SIA,CE,202512,3541428,0206010010,2.0,173.52
SIA,CE,202512,2372150,0206010044,3.0,260.25
SIA,CE,202512,2372150,0206020031,20.0,2728.2
SIA,CE,202512,2552086,0206010028,2.0,202.2
SIA,CE,202512,2527065,0211020036,57.0,293.55
SIA,CE,202512,7047428,0206010028,3.0,303.3
SIA,CE,202512,2675560,0206030010,2.0,277.26
SIA,CE,202512,2528843,0206010044,6.0,520.5
SIA,CE,202512,2479028,0206010044,13.0,1127.75
SIA,CE,202512,2372150,0206020023,2.0,173.5
SIA,CE,202512,3541428,0206010044,5.0,433.75
SIA,CE,202512,7381158,0211020036,250.0,1287.5
SIA,CE,202512,2561441,0211020036,302.0,1555.3
SIA,CE,202512,2479818,0211020036,50.0,257.5
SIA,CE,202512,2562316,0211020036,558.0,2873.7
SIA,CE,202512,2561328,0211020036,271.0,1395.65
SIA,CE,202512,2414996,0211020036,38.0,195.7
SIA,CE,202512,2328437,0211020036,50.0,257.5
SIA,CE,202512,2426579,0206030037,11.0,1524.93
SIA,CE,202512,2529149,0205010016,1.0,165.0
SIA,CE,202512,2479214,0206010010,8.0,694.08
SIA,CE,202512,2478374,0211020036,61.0,314.15
SIA,CE,202512,7420501,0206010052,9.0,780.75
SIA,CE,202512,7469683,0206020015,3.0,260.25
SIA,CE,202512,2563681,0206020015,3.0,260.25
SIA,CE,202512,7469683,0206010044,4.0,347.0
SIA,CE,202512,7420501,0206010044,21.0,1821.75
SIA,CE,202512,2497654,0206010044,6.0,520.5
SIA,CE,202512,3021114,0206020023,2.0,173.5
SIA,CE,202512,7386257,0206010044,13.0,1127.75
SIA,CE,202512,7420501,0206020015,11.0,954.25
SIA,CE,202512,6848710,0206010044,6.0,520.5
SIA,CE,202512,7710941,0211020036,350.0,1802.5
SIA,CE,202512,2554798,0206010044,3.0,260.25
SIA,CE,202512,7382626,0206010044,5.0,433.75
SIA,CE,202512,7403224,0206010010,23.0,1995.48
SIA,CE,202512,7403224,0206010044,11.0,954.25
SIA,CE,202512,0153087,0206020015,8.0,694.0
SIA,CE,202512,2561018,0211020036,138.0,710.7
SIA,CE,202512,2563460,0206010010,1.0,86.76
SIA,CE,202512,9346309,0211020036,500.0,2575.0
SIA,CE,202512,2481073,0206030029,3.0,260.25
SIA,CE,202512,2529149,0206020031,334.0,45560.94
SIA,CE,202512,3302490,0211020036,152.0,412.0
SIA,CE,202512,2427125,0206030029,5.0,433.75
SIA,CE,202512,2561492,0206010060,2.0,194.88
SIA,CE,202512,2561425,0206020031,2.0,272.82
SIA,CE,202512,2481073,0206020023,3.0,260.25
SIA,CE,202512,2415372,0211020036,222.0,1143.3
SIA,CE,202512,2552086,0211020036,284.0,1462.6
SIA,CE,202512,2529238,0211020036,98.0,504.7
SIA,CE,202512,2373270,0211020036,238.0,1225.7
SIA,CE,202512,6779522,0206010052,4.0,347.0
SIA,CE,202512,2554518,0211020036,86.0,442.9
SIA,CE,202512,0310921,0206020023,3.0,260.25
SIA,CE,202512,2552086,0206020023,1.0,86.75
SIA,CE,202512,2563460,0206010044,1.0,86.75
SIA,CE,202512,2527693,0206020031,1.0,136.41
SIA,CE,202512,0263672,0211020036,629.0,3239.35
SIA,CE,202512,2327171,0211020036,41.0,211.15
SIA,CE,202512,2427125,0206010036,1.0,86.76
SIA,CE,202512,7918445,0211020036,72.0,370.8
SIA,CE,202512,4694759,0211020036,40.0,206.0
SIA,CE,202512,2516691,0211020036,47.0,242.05
SIA,CE,202512,2514710,0211020036,10.0,51.5
SIA,CE,202512,2479214,0206020015,1.0,86.75
SIA,CE,202512,7386257,0206020023,3.0,260.25
SIA,CE,202512,9574514,0211020036,46.0,236.9
SIA,CE,202512,2563681,0206010044,12.0,1041.0
SIA,CE,202512,2527693,0206020015,1.0,86.75
SIA,CE,202512,4963938,0206010010,1.0,86.76
SIA,CE,202512,7061021,0206010052,1.0,86.75
SIA,CE,202512,2426579,0206020023,1.0,86.75
SIA,CE,202512,2479907,0206020023,3.0,260.25
SIA,CE,202512,2426579,0206020015,2.0,173.5
SIA,CE,202512,7460953,0211020036,210.0,1081.5
SIA,CE,202512,2479893,0211020036,178.0,916.7
SIA,CE,202512,2561069,0211020036,449.0,2312.35
SIA,CE,202512,2785900,0206020031,6.0,818.46
SIA,CE,202512,2528843,0206010036,1.0,86.76
SIA,CE,202512,6697518,0211020036,268.0,1380.2
SIA,CE,202512,2785900,0206010010,5.0,433.8
SIA,CE,202512,2554798,0211020036,359.0,1848.85
SIA,CE,202512,4527372,0206010036,10.0,867.6
SIA,CE,202512,9526293,0211020036,559.0,2878.85
SIA,CE,202512,2811200,0206030029,5.0,433.75
SIA,CE,202512,4985311,0206030010,1.0,138.63
SIA,CE,202512,2563681,0206020023,7.0,607.25
SIA,CE,202512,2561034,0211020036,75.0,386.25
SIA,CE,202512,0301337,0206030010,6.0,831.78
SIA,CE,202512,2562154,0211020036,273.0,1405.95
SIA,CE,202512,2806215,0211020036,591.0,3043.65
SIA,CE,202512,2415488,0206010079,3.0,292.32
SIA,CE,202512,2482304,0211020036,48.0,247.2
SIA,CE,202512,2695839,0211020036,88.0,453.2
SIA,CE,202512,7993218,0211020036,194.0,999.1
SIA,CE,202512,2333813,0211020036,77.0,396.55
SIA,CE,202512,7405529,0206030029,21.0,1821.75
SIA,CE,202512,2479214,0206030029,4.0,347.0
SIA,CE,202512,3021114,0206030010,241.0,33409.83
SIA,CE,202512,2427125,0211020036,204.0,1050.6
SIA,CE,202512,2561492,0206020031,390.0,53199.9
SIA,CE,202512,2425343,0211020036,123.0,633.45
SIA,CE,202512,2723190,0206020031,186.0,25372.26
SIA,CE,202512,7428383,0211020036,62.0,319.3
SIA,CE,202512,2425432,0211020036,19.0,97.85
SIA,CE,202512,2373513,0211020036,27.0,139.05
SIA,CE,202512,2723220,0206020031,485.0,66158.85
SIA,CE,202512,2479478,0211020036,73.0,375.95
SIA,CE,202512,2665190,0206030010,9.0,1247.67
SIA,CE,202512,2651394,0206020031,292.0,39831.72
SIA,CE,202512,2497654,0206030029,3.0,260.25
SIA,CE,202512,7396805,0211020036,178.0,916.7
SIA,CE,202512,6956963,0206030029,16.0,1388.0
SIA,CE,202512,2328011,0206010079,72.0,7015.68
SIA,CE,202512,2328011,0206010036,26.0,2255.76
SIA,CE,202512,2560976,0211020036,163.0,839.45
SIA,CE,202512,2426579,0206030010,9.0,1247.67
SIA,CE,202512,2479028,0206010028,158.0,14962.8
SIA,CE,202512,2552345,0211020036,54.0,278.1
SIA,CE,202512,5104726,0211020036,5.0,25.75
SIA,CE,202512,2675560,0206010044,14.0,1214.5
SIA,CE,202512,2372967,0206020015,6.0,520.5
SIA,CE,202512,6779522,0206030029,10.0,867.5
SIA,CE,202512,2611309,0206010010,15.0,1301.4
SIA,CE,202512,7386257,0206030029,26.0,2255.5
SIA,CE,202512,2560852,0206010010,18.0,1474.92
SIA,CE,202512,2561492,0206020015,7.0,607.25
SIA,CE,202512,2373971,0206020031,20.0,2728.2
SIA,CE,202512,2427125,0206020031,18.0,2455.38
SIA,CE,202512,2328011,0206010010,55.0,4771.8
SIA,CE,202512,2479028,0206030037,65.0,9010.95
SIA,CE,202512,7382626,0206030029,20.0,1648.25
SIA,CE,202512,9672427,0206030029,44.0,3817.0
SIA,CE,202512,2372967,0206010028,17.0,1516.5
SIA,CE,202512,2563681,0206030029,8.0,694.0
SIA,CE,202512,2998890,0211020036,169.0,870.35
SIA,CE,202512,2554798,0206010079,70.0,6820.8
SIA,CE,202512,2665190,0206020015,4.0,347.0
SIA,CE,202512,2479907,0206030029,2.0,173.5
SIA,CE,202512,7420501,0206030029,44.0,3817.0
SIA,CE,202512,0153087,0206030029,29.0,2515.75
SIA,CE,202512,2479028,0206020023,29.0,2515.75
SIA,CE,202512,7288921,0211020036,30.0,154.5
SIA,CE,202512,7904908,0211020036,72.0,370.8
SIA,CE,202512,0310921,0206030029,21.0,1821.75
SIA,CE,202512,2527685,0211020036,30.0,154.5
SIA,CE,202512,2415615,0211020036,45.0,231.75
SIA,CE,202512,0393029,0206020031,10.0,1364.1
SIA,CE,202512,2564734,0211020036,95.0,489.25
SIA,CE,202512,2481073,0206010044,11.0,954.25
SIA,CE,202512,2564211,0206020023,4.0,347.0
SIA,CE,202512,2372967,0206010010,5.0,433.8
SIA,CE,202512,2528282,0211020036,25.0,128.75
SIA,CE,202512,2665190,0206010036,12.0,1041.12
SIA,CE,202512,2415488,0206010060,2.0,194.88
SIA,CE,202512,7047428,0206020031,15.0,2046.15
SIA,CE,202512,2611309,0206030029,7.0,607.25
SIA,CE,202512,2554798,0206010036,9.0,780.84
SIA,CE,202512,2528843,0206020031,6.0,818.46
SIA,CE,202512,2675560,0206010052,3.0,260.25
SIA,CE,202512,2427125,0206010044,7.0,607.25
SIA,CE,202512,2561026,0206020023,7.0,607.25
SIA,CE,202512,2527677,0211020036,736.0,3496.85
SIA,CE,202512,7469683,0206030029,22.0,1908.5
SIA,CE,202512,2529068,0211020036,2.0,10.3
SIA,CE,202512,6405428,0211020036,104.0,535.6
SIA,CE,202512,2372967,0206010036,1.0,86.76
SIA,CE,202512,2427125,0206020015,3.0,260.25
SIA,CE,202512,2426455,0211020036,100.0,515.0
SIA,CE,202512,0301337,0206020031,4.0,545.64
SIA,CE,202512,2563347,0211020036,36.0,185.4
SIA,CE,202512,2529149,0211020036,85.0,437.75
SIA,CE,202512,2373971,0211020036,249.0,1282.35
SIA,CE,202512,2561409,0211020036,150.0,772.5
SIA,CE,202512,2563460,0206020031,2.0,272.82
SIA,CE,202512,2479907,0211020036,279.0,1436.85
SIA,CE,202512,0183229,0211020036,409.0,2106.35
SIA,CE,202512,2480646,0206010036,2.0,173.52
SIA,CE,202512,7434472,0211020036,2200.0,11330.0
SIA,CE,202512,6376738,0206030037,12.0,1663.56
SIA,CE,202512,2481073,0206010079,114.0,11108.16
SIA,CE,202512,2552086,0206030010,48.0,6654.24
SIA,CE,202512,2564211,0206030037,294.0,40757.22
SIA,CE,202512,9672427,0206010079,420.0,40924.8
SIA,CE,202512,2811200,0206030037,10.0,1386.3
SIA,CE,202512,2372967,0206010079,41.0,3995.04
SIA,CE,202512,2561352,0211020036,45.0,231.75
SIA,CE,202512,2564238,0206030037,23.0,3188.49
SIA,CE,202512,3021114,0206010036,19.0,1648.44
SIA,CE,202512,7051123,0211020060,34.0,1020.0
SIA,CE,202512,2479028,0206010079,99.0,9646.56
SIA,CE,202512,9787399,0211020036,154.0,793.1
SIA,CE,202512,5018110,0206010028,100.0,10110.0
SIA,CE,202512,2372150,0206020015,6.0,520.5
SIA,CE,202512,2499339,0211020036,287.0,1478.05
SIA,CE,202512,4527372,0206010028,72.0,7279.2
SIA,CE,202512,2611686,0206020031,2.0,272.82
SIA,CE,202512,2560852,0206010044,6.0,520.5
SIA,CE,202512,2611309,0206020031,52.0,7093.32
SIA,CE,202512,6376738,0206010044,2.0,173.5
SIA,CE,202512,2481073,0206020015,3.0,260.25
SIA,CE,202512,3021114,0206010028,50.0,5055.0
SIA,CE,202512,7403224,0206030029,1.0,86.75
SIA,CE,202512,5370221,0211020036,4.0,20.6
SIA,CE,202512,4695623,0211020036,145.0,746.75
SIA,CE,202512,2372460,0211020036,100.0,515.0
SIA,CE,202512,2426579,0206030029,3.0,260.25
SIA,CE,202512,2333740,0211020036,12.0,61.8
SIA,CE,202512,2479214,0211020010,135.0,98555.4
SIA,CE,202512,2675560,0206010060,1.0,97.44
SIA,CE,202512,2481073,0206010036,6.0,520.56
SIA,CE,202512,2560852,0206020031,21.0,2864.61
SIA,CE,202512,2611309,0206010036,2.0,173.52
SIA,CE,202512,2481073,0211020036,89.0,458.35
SIA,CE,202512,2651394,0206010052,1.0,86.75
SIA,CE,202512,4913272,0211020036,17.0,87.55
SIA,CE,202512,2806339,0211020036,18.0,92.7
SIA,CE,202512,2563681,0211020036,100.0,515.0
SIA,CE,202512,7360851,0211020036,478.0,2461.7
SIA,CE,202512,7405529,0211020036,180.0,927.0
SIA,CE,202512,2561158,0211020036,21.0,108.15
SIA,CE,202512,2480646,0206030029,3.0,260.25
SIA,CE,202512,2664666,0211020036,50.0,257.5
SIA,CE,202512,2564238,0211020036,10.0,51.5
SIA,CE,202512,2415488,0206020031,11.0,1500.51
SIA,CE,202512,2414864,0211020036,40.0,206.0
SIA,CE,202512,2528959,0211020036,117.0,602.55
SIA,CE,202512,3759148,0211020036,93.0,478.95
SIA,CE,202512,2664283,0211020036,16.0,82.4
SIA,CE,202512,2561417,0211020036,43.0,221.45
SIA,CE,202512,2552086,0206010044,8.0,694.0
SIA,CE,202512,7420501,0211020036,184.0,947.6
SIA,CE,202512,7382626,0211020060,28.0,840.0
SIA,CE,202512,7047428,0206030029,2.0,173.5
SIA,CE,202512,2611775,0211020036,130.0,669.5
SIA,CE,202512,2563460,0211020036,80.0,412.0
SIA,CE,202512,2665190,0206020031,5.0,682.05
SIA,CE,202512,2479907,0211020060,66.0,1980.0
SIA,CE,202512,2561298,0211020036,49.0,252.35
SIA,CE,202512,2479427,0211020036,60.0,309.0
SIA,CE,202512,2479214,0206010036,2.0,173.52
SIA,CE,202512,2482320,0211020036,186.0,957.9
SIA,CE,202512,2560828,0211020036,120.0,618.0
SIA,CE,202512,7044674,0211020036,71.0,365.65
SIA,CE,202512,2563363,0211020036,40.0,206.0
SIA,CE,202512,0310921,0211020036,759.0,3908.85
SIA,CE,202512,7320418,0211020036,76.0,391.4
SIA,CE,202512,6999506,0211020036,525.0,2703.75
SIA,CE,202512,2372622,0211020036,55.0,283.25
SIA,CE,202512,2333864,0211020036,90.0,463.5
SIA,CE,202512,2611309,0206010044,12.0,1041.0
SIA,CE,202512,2564211,0206020015,2.0,173.5
SIA,CE,202512,7051123,0211020036,30.0,154.5
SIA,CE,202512,2373475,0211020036,80.0,412.0
SIA,CE,202512,6985483,0211020036,591.0,3043.65
SIA,CE,202512,7006810,0211020036,506.0,2605.9
SIA,CE,202512,2561026,0206020015,3.0,260.25
SIA,CE,202512,2425599,0211020036,194.0,999.1
SIA,CE,202512,2479214,0211020060,167.0,5010.0
SIA,CE,202512,6778798,0211020036,285.0,1467.75
SIA,CE,202512,0086673,0206030029,5.0,433.75
SIA,CE,202512,2564238,0206030029,1.0,86.75
SIA,CE,202512,2481375,0211020036,49.0,252.35
SIA,CE,202512,2497654,0206010028,3.0,303.3
SIA,CE,202512,4677099,0211020036,11.0,56.65
SIA,CE,202512,9241477,0211020036,60.0,309.0
SIA,CE,202512,7284284,0211020036,87.0,448.05
SIA,CE,202512,2425300,0211020010,9.0,6570.36
SIA,CE,202512,0978949,0211020060,21.0,630.0
SIA,CE,202512,2726319,0211020036,18.0,92.7
SIA,CE,202512,2327961,0211020036,349.0,1194.8
SIA,CE,202512,6956963,0206010060,1.0,97.44
SIA,CE,202512,4653483,0211020036,200.0,1030.0
SIA,CE,202512,6778798,0211020060,15.0,450.0
SIA,CE,202512,7320418,0211020060,8.0,240.0
SIA,CE,202512,0153087,0211020036,296.0,1524.4
SIA,CE,202512,2880326,0211020036,142.0,731.3
SIA,CE,202512,2561050,0211020036,23.0,118.45
SIA,CE,202512,2478277,0211020036,61.0,314.15
SIA,CE,202512,2560852,0206010052,1.0,86.75
SIA,CE,202512,2415623,0211020036,182.0,937.3
SIA,CE,202512,3021114,0206030029,2.0,173.5
SIA,CE,202512,6848710,0206010052,2.0,173.5
SIA,CE,202512,2785900,0206010044,1.0,86.75
SIA,CE,202512,2611465,0211020036,6.0,30.9
SIA,CE,202512,2563460,0206030029,1.0,86.75
SIA,CE,202512,0310921,0206010052,4.0,347.0
SIA,CE,202512,2611686,0206010079,1.0,97.44
SIA,CE,202512,2479907,0206010052,1.0,86.75
SIA,CE,202512,2328445,0211020036,7.0,36.05
SIA,CE,202512,2528843,0206020023,1.0,86.75
SIA,CE,202512,2427176,0211020036,246.0,1266.9
SIA,CE,202512,2723220,0206010010,7.0,607.32
SIA,CE,202512,7047428,0211020060,12.0,360.0
SIA,CE,202512,6956963,0206010052,2.0,173.5
SIA,CE,202512,2328070,0211020036,250.0,1287.5
SIA,CE,202512,9190201,0211020036,15.0,77.25
SIA,CE,202512,2611058,0211020036,84.0,432.6
SIA,CE,202512,2426579,0206010044,2.0,173.5
SIA,CE,202512,7405529,0206020023,2.0,173.5
SIA,CE,202512,2328038,0211020036,65.0,334.75
SIA,CE,202512,6956963,0206010044,3.0,260.25
SIA,CE,202512,4010825,0211020036,69.0,355.35
SIA,CE,202512,2328100,0211020036,87.0,448.05
SIA,CE,202512,2562162,0211020036,53.0,272.95
SIA,CE,202512,7405529,0206010052,1.0,86.75
SIA,CE,202512,0086673,0206010052,2.0,173.5
SIA,CE,202512,2372673,0211020036,20.0,103.0
SIA,CE,202512,2723611,0211020036,56.0,288.4
SIA,CE,202512,2664372,0211020036,357.0,1838.55
SIA,CE,202512,2528843,0206010010,1.0,86.76
SIA,CE,202512,2526670,0211020036,30.0,154.5
SIA,CE,202512,2479214,0206010052,4.0,347.0
SIA,CE,202512,2373009,0211020036,1.0,5.15
SIA,CE,202512,2478994,0211020036,59.0,303.85
SIA,CE,202512,2527413,0211020036,78.0,401.7
SIA,CE,202512,2561891,0211020036,125.0,643.75
SIA,CE,202512,2499045,0211020036,68.0,350.2
SIA,CE,202512,7980310,0211020036,419.0,2157.85
SIA,CE,202512,2561492,0206020023,1.0,86.75
SIA,CE,202512,2371847,0211020036,209.0,1076.35
SIA,CE,202512,5018110,0206010052,2.0,173.5
SIA,CE,202512,7061021,0206030029,1.0,86.75
SIA,CE,202512,2726351,0211020036,105.0,540.75
SIA,CE,202512,2415593,0211020036,78.0,401.7
SIA,CE,202512,2374064,0211020036,99.0,509.85
SIA,CE,202512,6405428,0211020060,3.0,90.0
SIA,CE,202512,5018110,0206020023,1.0,86.75
SIA,CE,202512,2328402,0211020036,167.0,824.0
SIA,CE,202512,6848710,0206030029,1.0,86.75
SIA,CE,202512,7382626,0211020036,15.0,77.25
SIA,CE,202512,7376928,0211020036,195.0,1004.25
SIA,CE,202512,2611643,0211020036,42.0,216.3
SIA,CE,202512,2482452,0211020036,24.0,123.6
SIA,CE,202512,2372487,0211020036,119.0,612.85
SIA,CE,202512,2482088,0211020036,93.0,478.95
SIA,CE,202512,2528908,0211020036,25.0,128.75
SIA,CE,202512,2563487,0211020036,86.0,442.9
SIA,CE,202512,9044515,0211020036,76.0,391.4
SIA,CE,202512,0257168,0211020036,12.0,61.8
SIA,CE,202512,2482509,0211020036,2.0,10.3
SIA,CE,202512,7429398,0211020036,500.0,2575.0
SIA,CE,202512,2651394,0211020036,253.0,1302.95
SIA,CE,202512,4872185,0211020036,5.0,25.75
SIA,CE,202512,9686479,0211020036,39.0,200.85
SIA,CE,202512,2479028,0206010052,1.0,86.75
SIA,CE,202512,7103255,0211020036,564.0,2904.6
SIA,CE,202512,7469683,0211020036,132.0,679.8
SIA,CE,202512,2529246,0211020036,100.0,515.0
SIA,CE,202512,6668828,0211020036,18.0,92.7
SIA,CE,202512,2480646,0206010010,4.0,347.04
SIA,CE,202512,7469683,0206020023,1.0,86.75
SIA,CE,202512,5105315,0211020036,142.0,731.3
SIA,CE,202512,2611686,0206010052,1.0,86.75
SIA,CE,202512,2723220,0206020015,1.0,86.75
SIA,CE,202512,0245496,0211020036,48.0,247.2
SIA,CE,202512,2527693,0211020036,374.0,1720.1
SIA,CE,202512,2611309,0206020015,2.0,173.5
SIA,CE,202512,2561115,0211020036,22.0,113.3
SIA,CE,202512,4713524,0211020036,11.0,56.65
SIA,CE,202512,2529114,0211020036,136.0,700.4
SIA,CE,202512,2528541,0211020036,33.0,169.95
SIA,CE,202512,7047428,0211020036,301.0,1550.15
SIA,CE,202512,2482347,0211020036,36.0,185.4
SIA,CE,202512,7904339,0211020036,92.0,473.8
SIA,CE,202512,3283437,0211020036,74.0,381.1
SIA,CE,202512,7057083,0211020036,213.0,1096.95
SIA,CE,202512,7403224,0211020036,247.0,1272.05
SIA,CE,202512,2528657,0211020036,164.0,844.6
SIA,CE,202512,2482193,0211020036,2.0,10.3
SIA,CE,202512,4785142,0211020036,27.0,139.05
SIA,CE,202512,9280669,0211020036,31.0,159.65
SIA,CE,202512,2528843,0206020015,1.0,86.75
SIA,CE,202512,2479214,0211020036,5228.0,26924.2
SIA,CE,202512,7403224,0211020060,17.0,510.0
SIA,CE,202512,2560852,0211020036,156.0,803.4
SIA,CE,202512,2328399,0211020036,5.0,25.75
SIA,CE,202512,2562200,0211020036,60.0,309.0
SIA,CE,202512,2497654,0211020036,565.0,2909.75
SIA,CE,202512,7072341,0211020036,236.0,1215.4
SIA,CE,202512,2664690,0211020036,94.0,484.1
SIA,CE,202512,7047428,0206020015,1.0,86.75
SIA,CE,202512,0454788,0211020036,12.0,61.8
SIA,CE,202512,4985311,0206010052,1.0,86.75
SIA,CE,202512,2611295,0211020036,3.0,15.45
SIA,CE,202512,2527677,0902010026,56.0,11200.0
SIA,CE,202512,2527677,0902010018,1.0,130.0
SIA,CE,202512,2529556,0211020036,292.0,1503.8
SIA,CE,202512,2527693,0902010026,40.0,8000.0
SIA,CE,202512,7021321,0211020036,1.0,5.15
SIA,CE,202512,3302490,0902010026,64.0,12800.0
SIA,CE,202512,9939938,0211020036,13.0,0.0
SIA,CE,202512,9939938,0902010026,7.0,1400.0
SIA,CE,202512,9939938,0902010018,6.0,780.0
SIA,CE,202512,2723182,0211020036,3.0,15.45
SIA,CE,202512,4010868,0211020060,36.0,1080.0
SIA,CE,202512,2561492,0211020010,40.0,29201.6
SIA,CE,202512,2479028,0206030029,1.0,0.0
SIA,CE,202512,7514573,0211020036,100.0,515.0
SIA,CE,202512,2415488,0206010010,1.0,86.76
SIA,CE,202512,7372523,0211020036,138.0,710.7
SIA,CE,202512,4010868,0211020010,46.0,33581.84
SIA,CE,202512,2820234,0206010095,37.0,77967.14
SIA,CE,202512,2328402,0902010018,4.0,520.0
SIA,CE,202512,2328402,0902010026,3.0,600.0
SIA,CE,202512,3302490,0902010018,8.0,1040.0
SIA,CE,202512,2327961,0902010026,90.0,18000.0
SIA,CE,202512,2327961,0902010018,27.0,3510.0
SIA,CE,202512,6542816,0211020036,18.0,92.7
SIA,CE,202512,7371888,0211020036,11.0,56.65
SIA,CE,202512,2663929,0211020036,2.0,10.3
SIA,ES,202501,7257406,0206010079,521.0,50766.24
SIA,ES,202501,7257406,0206010028,161.0,16277.1
SIA,ES,202501,7257406,0206020031,247.0,33693.27
SIA,ES,202501,7257406,0206030037,285.0,39509.55
SIA,ES,202501,7257406,0206030010,301.0,41727.63
SIA,ES,202501,7074441,0206030037,15.0,2079.45
SIA,ES,202501,2494442,0206010028,5.0,505.5
SIA,ES,202501,7257406,0206020015,67.0,5812.25
SIA,ES,202501,2494442,0206030010,341.0,47272.83
SIA,ES,202501,7074441,0206030010,12.0,1663.56
SIA,ES,202501,2486199,0206010079,60.0,5846.4
SIA,ES,202501,2547821,0208010033,163.0,62440.41
SIA,ES,202501,2546957,0206010028,6.0,606.6
SIA,ES,202501,6945368,0206030010,204.0,28280.52
SIA,ES,202501,0011738,0206020031,775.0,105717.75
SIA,ES,202501,0011738,0211020036,335.0,1725.25
SIA,ES,202501,0011738,0206030010,661.0,91634.43
SIA,ES,202501,0011738,0206010052,172.0,14921.0
SIA,ES,202501,2547821,0206010079,206.0,20072.64
SIA,ES,202501,2494442,0206030037,334.0,46302.42
SIA,ES,202501,2547821,0206020031,299.0,40786.59
SIA,ES,202501,2546957,0206030037,128.0,17744.64
SIA,ES,202501,2547821,0206030010,342.0,47411.46
SIA,ES,202501,2546957,0206020031,17.0,2318.97
SIA,ES,202501,2547821,0206030037,364.0,50461.32
SIA,ES,202501,2486199,0206010044,27.0,2342.25
SIA,ES,202501,0011738,0206010079,153.0,14908.32
SIA,ES,202501,0011738,0206030037,662.0,91773.06
SIA,ES,202501,2547821,0208010025,163.0,66588.76
SIA,ES,202501,2547821,0208010076,163.0,35020.55
SIA,ES,202501,6945368,0206030037,210.0,29112.3
SIA,ES,202501,2494442,0208010025,68.0,27779.36
SIA,ES,202501,0011738,0208010033,173.0,66271.11
SIA,ES,202501,0011738,0208010025,170.0,69448.4
SIA,ES,202501,2494442,0208010033,68.0,26048.76
SIA,ES,202501,7257406,0206010010,187.0,16224.12
SIA,ES,202501,7257406,0206010052,4.0,347.0
SIA,ES,202501,6945368,0206010079,236.0,22995.84
SIA,ES,202501,2547821,0206010010,49.0,4251.24
SIA,ES,202501,2547821,0206010052,47.0,4077.25
SIA,ES,202501,0011738,0206010044,52.0,4511.0
SIA,ES,202501,0011738,0205010016,14.0,2310.0
SIA,ES,202501,2547821,0206030029,46.0,3990.5
SIA,ES,202501,2547821,0206020015,21.0,1821.75
SIA,ES,202501,2486199,0206030037,54.0,7486.02
SIA,ES,202501,6945368,0206010044,26.0,2255.5
SIA,ES,202501,2494442,0206010052,29.0,2515.75
SIA,ES,202501,2494442,0206020031,180.0,24553.8
SIA,ES,202501,7074441,0206010079,24.0,2338.56
SIA,ES,202501,7434650,0206010079,5.0,487.2
SIA,ES,202501,0011738,0206010036,5.0,433.8
SIA,ES,202501,2486199,0206030029,6.0,520.5
SIA,ES,202501,2547821,0206010044,45.0,3903.75
SIA,ES,202501,6945368,0206010010,66.0,5726.16
SIA,ES,202501,2547821,0206010028,69.0,6975.9
SIA,ES,202501,2486199,0206020031,77.0,10503.57
SIA,ES,202501,2546957,0206020023,12.0,1041.0
SIA,ES,202501,2486199,0206030010,64.0,8872.32
SIA,ES,202501,2494442,0206010079,79.0,7697.76
SIA,ES,202501,6190278,0206030029,1.0,86.75
SIA,ES,202501,6945368,0206030029,60.0,5205.0
SIA,ES,202501,6945368,0206010052,6.0,520.5
SIA,ES,202501,6945368,0206020015,14.0,1214.5
SIA,ES,202501,7074441,0206010044,10.0,867.5
SIA,ES,202501,6190278,0206020031,7.0,954.87
SIA,ES,202501,2630060,0211020036,48.0,247.2
SIA,ES,202501,2630060,0206010079,1.0,97.44
SIA,ES,202501,2486199,0206010028,16.0,1617.6
SIA,ES,202501,2486199,0206010052,7.0,607.25
SIA,ES,202501,6945368,0206020031,68.0,9275.88
SIA,ES,202501,7074441,0206010036,2.0,173.52
SIA,ES,202501,7257406,0206010044,98.0,8501.5
SIA,ES,202501,7074441,0206020031,22.0,3001.02
SIA,ES,202501,2547821,0206010060,2.0,194.88
SIA,ES,202501,2445956,0206010079,27.0,2630.88
SIA,ES,202501,2494442,0211020060,213.0,6390.0
SIA,ES,202501,2445956,0206030010,20.0,2772.6
SIA,ES,202501,2494442,0206010044,7.0,607.25
SIA,ES,202501,7257406,0206030029,30.0,2602.5
SIA,ES,202501,2486199,0206020023,2.0,173.5
SIA,ES,202501,2546957,0206010079,12.0,1169.28
SIA,ES,202501,7434650,0206030010,2.0,277.26
SIA,ES,202501,2532190,0211020036,227.0,1169.05
SIA,ES,202501,2532190,0206030037,86.0,11922.18
SIA,ES,202501,7257406,0206020023,17.0,1474.75
SIA,ES,202501,2547821,0206020023,2.0,173.5
SIA,ES,202501,2485680,0206010079,97.0,9451.68
SIA,ES,202501,6945368,0206010028,82.0,8290.2
SIA,ES,202501,2448173,0211020036,196.0,1009.4
SIA,ES,202501,2485680,0206030029,2.0,173.5
SIA,ES,202501,2532190,0206030010,84.0,11644.92
SIA,ES,202501,2532190,0206010079,27.0,2630.88
SIA,ES,202501,2485680,0206010028,9.0,909.9
SIA,ES,202501,6190278,0206010079,5.0,487.2
SIA,ES,202501,0011738,0206020023,5.0,433.75
SIA,ES,202501,2465825,0206010079,233.0,22703.52
SIA,ES,202501,2465825,0206030010,238.0,32993.94
SIA,ES,202501,2532174,0208010025,93.0,37992.36
SIA,ES,202501,2532174,0206030037,67.0,9288.21
SIA,ES,202501,3261786,0206030037,25.0,3465.75
SIA,ES,202501,2532190,0206010028,2.0,202.2
SIA,ES,202501,2485680,0206010010,12.0,1041.12
SIA,ES,202501,2485680,0206030037,33.0,4574.79
SIA,ES,202501,2532190,0206020031,12.0,1636.92
SIA,ES,202501,6190278,0206030037,8.0,1109.04
SIA,ES,202501,2485680,0206030010,27.0,3743.01
SIA,ES,202501,2465833,0206010079,72.0,7015.68
SIA,ES,202501,2465833,0206020031,170.0,23189.7
SIA,ES,202501,2447711,0206010079,12.0,1169.28
SIA,ES,202501,2465825,0206030037,264.0,36598.32
SIA,ES,202501,2678179,0211020036,178.0,916.7
SIA,ES,202501,2465833,0206010028,24.0,2426.4
SIA,ES,202501,2465833,0206030010,170.0,23567.1
SIA,ES,202501,2709279,0208010033,21.0,8044.47
SIA,ES,202501,2532174,0206020031,86.0,11731.26
SIA,ES,202501,2532174,0206010079,88.0,8574.72
SIA,ES,202501,0011738,0206010010,2.0,173.52
SIA,ES,202501,2485680,0206020031,13.0,1773.33
SIA,ES,202501,2485680,0206010036,9.0,780.84
SIA,ES,202501,2486199,0206010010,4.0,347.04
SIA,ES,202501,2485680,0206010044,9.0,780.75
SIA,ES,202501,2448521,0211020010,63.0,45992.52
SIA,ES,202501,7074441,0206010028,4.0,404.4
SIA,ES,202501,2546957,0206030029,2.0,173.5
SIA,ES,202501,2532190,0206010010,1.0,86.76
SIA,ES,202501,2445638,0206010079,2.0,194.88
SIA,ES,202501,2445638,0206010010,4.0,347.04
SIA,ES,202501,0011746,0211020010,57.0,41612.28
SIA,ES,202501,2485680,0206020015,3.0,260.25
SIA,ES,202501,2445638,0206010044,1.0,86.75
SIA,ES,202501,2532190,0206020015,5.0,433.75
SIA,ES,202501,2627752,0206030029,2.0,173.5
SIA,ES,202501,2445638,0206030010,2.0,277.26
SIA,ES,202501,4044630,0206030010,1.0,138.63
SIA,ES,202501,2448521,0206020031,284.0,38740.44
SIA,ES,202501,2448521,0206030010,269.0,37291.47
SIA,ES,202501,2448521,0206030037,276.0,38261.88
SIA,ES,202501,2448521,0211020036,713.0,3671.95
SIA,ES,202501,2792060,0208010025,27.0,11030.04
SIA,ES,202501,2792060,0208010033,27.0,10342.89
SIA,ES,202501,2465833,0211020010,29.0,21171.16
SIA,ES,202501,2532190,0206030029,5.0,433.75
SIA,ES,202501,2485958,0211020036,602.0,3100.3
SIA,ES,202501,2445638,0206030037,2.0,277.26
SIA,ES,202501,2448521,0206010052,45.0,3903.75
SIA,ES,202501,2448521,0206010079,146.0,14226.24
SIA,ES,202501,4044355,0211020036,168.0,865.2
SIA,ES,202501,2547767,0211020036,792.0,4078.8
SIA,ES,202501,7058403,0211020036,128.0,659.2
SIA,ES,202501,2448521,0206010028,19.0,1920.9
SIA,ES,202501,2403331,0211020036,188.0,968.2
SIA,ES,202501,2546957,0206020015,5.0,433.75
SIA,ES,202501,2486199,0206010036,5.0,433.8
SIA,ES,202501,6823351,0206020031,15.0,2046.15
SIA,ES,202501,6823351,0206030010,74.0,10258.62
SIA,ES,202501,2550687,0206010079,389.0,37904.16
SIA,ES,202501,7621442,0206010010,423.0,36699.48
SIA,ES,202501,7621442,0206010044,324.0,28107.0
SIA,ES,202501,7621442,0206010079,1464.0,142652.16
SIA,ES,202501,6823351,0206030037,80.0,11090.4
SIA,ES,202501,2550687,0206030010,280.0,38816.4
SIA,ES,202501,2550687,0206030037,20.0,2772.6
SIA,ES,202501,2550687,0206020031,101.0,13777.41
SIA,ES,202501,7621442,0206020031,452.0,61657.32
SIA,ES,202501,7621442,0206030037,268.0,37152.84
SIA,ES,202501,7621442,0206010028,301.0,30431.1
SIA,ES,202501,7621442,0206020015,101.0,8761.75
SIA,ES,202501,2550687,0206010044,52.0,4511.0
SIA,ES,202501,2550687,0206010036,15.0,1301.4
SIA,ES,202501,7621442,0206010036,129.0,11192.04
SIA,ES,202501,6823351,0206010028,14.0,1415.4
SIA,ES,202501,6823351,0206010079,82.0,7990.08
SIA,ES,202501,7530706,0206020031,1.0,136.41
SIA,ES,202501,7621442,0206030010,241.0,33409.83
SIA,ES,202501,7621442,0206030029,147.0,12752.25
SIA,ES,202501,6823351,0206020023,8.0,694.0
SIA,ES,202501,2550687,0206010028,53.0,5358.3
SIA,ES,202501,2550687,0206010010,49.0,4251.24
SIA,ES,202501,2550687,0206020015,19.0,1648.25
SIA,ES,202501,7621442,0206010052,5.0,433.75
SIA,ES,202501,6823351,0206030029,2.0,173.5
SIA,ES,202501,7530706,0206010044,4.0,347.0
SIA,ES,202501,2550687,0206030029,19.0,1648.25
SIA,ES,202501,2485826,0211020036,423.0,2178.45
SIA,ES,202501,6823351,0206010044,7.0,607.25
SIA,ES,202501,2403242,0206030010,3.0,415.89
SIA,ES,202501,2445956,0206020031,6.0,818.46
SIA,ES,202501,2550687,0206020023,3.0,260.25
SIA,ES,202501,2769921,0211020036,1.0,5.15
SIA,ES,202501,2484366,0211020036,1.0,5.15
SIA,ES,202501,7424566,0206010079,1.0,97.44
SIA,ES,202501,2403242,0206010028,1.0,101.1
SIA,ES,202501,2550687,0206010052,6.0,520.5
SIA,ES,202501,6823351,0206010010,7.0,607.32
SIA,ES,202501,2403242,0206010079,3.0,292.32
SIA,ES,202501,6823351,0206020015,3.0,260.25
SIA,ES,202501,9697500,0211020036,13.0,66.95
SIA,ES,202501,2484358,0206030010,0.0,0.0
SIA,ES,202501,2446324,0211020036,22.0,113.3
SIA,ES,202501,9912843,0211020036,8.0,41.2
SIA,ES,202501,2484358,0206030037,0.0,0.0
SIA,ES,202501,3476111,0206010079,1.0,97.44
SIA,ES,202501,2546957,0206010010,2.0,173.52
SIA,ES,202501,0906522,0211020036,79.0,406.85
SIA,ES,202501,9132813,0211020036,147.0,757.05
SIA,ES,202501,2770326,0206010028,15.0,1516.5
SIA,ES,202501,2770326,0206020015,61.0,5291.75
SIA,ES,202501,6559131,0206010052,266.0,23075.5
SIA,ES,202501,6559131,0206010079,737.0,71813.28
SIA,ES,202501,0011800,0206010079,387.0,37709.28
SIA,ES,202501,0011800,0206030037,88.0,12199.44
SIA,ES,202501,0011800,0206030010,92.0,12753.96
SIA,ES,202501,6559131,0206010044,28.0,2429.0
SIA,ES,202501,0011800,0206030029,9.0,780.75
SIA,ES,202501,4044916,0206030037,76.0,10535.88
SIA,ES,202501,0011800,0206010052,15.0,1301.25
SIA,ES,202501,6559131,0206030010,81.0,11229.03
SIA,ES,202501,0011800,0206010044,60.0,5205.0
SIA,ES,202501,6559131,0206030037,13.0,1802.19
SIA,ES,202501,0011800,0206010060,9.0,876.96
SIA,ES,202501,4044916,0206010079,16.0,1559.04
SIA,ES,202501,4044916,0206020031,104.0,14186.64
SIA,ES,202501,0011800,0206020031,72.0,9821.52
SIA,ES,202501,0011738,0206010028,5.0,505.5
SIA,ES,202501,2448521,0206030029,2.0,173.5
SIA,ES,202501,6559131,0206010028,12.0,1213.2
SIA,ES,202501,6559131,0206020031,45.0,6138.45
SIA,ES,202501,2770326,0206010079,101.0,9841.44
SIA,ES,202501,4044916,0206030010,95.0,13169.85
SIA,ES,202501,2770326,0206030010,29.0,4020.27
SIA,ES,202501,0011800,0206010010,27.0,2342.52
SIA,ES,202501,2770326,0206010044,15.0,1301.25
SIA,ES,202501,2449072,0206030037,3.0,415.89
SIA,ES,202501,2448637,0211020036,154.0,793.1
SIA,ES,202501,2448521,0206020023,6.0,520.5
SIA,ES,202501,2448521,0206010044,18.0,1561.5
SIA,ES,202501,0011800,0206020015,9.0,780.75
SIA,ES,202501,4044916,0206010028,6.0,606.6
SIA,ES,202501,4044916,0206010036,4.0,347.04
SIA,ES,202501,0011800,0206010028,16.0,1617.6
SIA,ES,202501,2770326,0206030037,26.0,3604.38
SIA,ES,202501,0011800,0206020023,3.0,260.25
SIA,ES,202501,2650533,0211020036,97.0,499.55
SIA,ES,202501,2449072,0206020023,1.0,86.75
SIA,ES,202501,2485680,0211020036,204.0,1050.6
SIA,ES,202501,2483718,0211020036,18.0,92.7
SIA,ES,202501,7434650,0206010028,1.0,101.1
SIA,ES,202501,0011800,0206010036,8.0,694.08
SIA,ES,202501,2770326,0206020031,57.0,7775.37
SIA,ES,202501,2627752,0206010052,1.0,86.75
SIA,ES,202501,6559131,0206010010,6.0,520.56
SIA,ES,202501,2449072,0206010079,2.0,194.88
SIA,ES,202501,6559131,0206010036,4.0,347.04
SIA,ES,202501,2770326,0206030029,7.0,607.25
SIA,ES,202501,2484226,0211020036,18.0,92.7
SIA,ES,202501,2449072,0206010010,4.0,347.04
SIA,ES,202501,2547201,0211020036,38.0,195.7
SIA,ES,202501,7472722,0211020036,19.0,97.85
SIA,ES,202501,6945368,0211020036,338.0,1740.7
SIA,ES,202501,2403129,0206010079,1.0,97.44
SIA,ES,202501,2626748,0211020036,85.0,437.75
SIA,ES,202501,4044916,0206010052,10.0,867.5
SIA,ES,202501,2448521,0206010010,13.0,1127.88
SIA,ES,202501,2445611,0206010079,1.0,97.44
SIA,ES,202501,8011648,0211020036,200.0,1030.0
SIA,ES,202501,2770326,0206010052,6.0,520.5
SIA,ES,202501,7530706,0206010052,3.0,260.25
SIA,ES,202501,2403242,0206020031,3.0,409.23
SIA,ES,202501,2484633,0206020031,1.0,136.41
SIA,ES,202501,4044630,0206030037,1.0,138.63
SIA,ES,202501,2358298,0211020036,27.0,139.05
SIA,ES,202501,2770326,0206010010,3.0,260.28
SIA,ES,202501,6559131,0206030029,10.0,867.5
SIA,ES,202501,9199101,0206030010,3.0,415.89
SIA,ES,202501,2403358,0211020036,12.0,61.8
SIA,ES,202501,4044916,0206010044,6.0,520.5
SIA,ES,202501,6945368,0206020023,2.0,173.5
SIA,ES,202501,4044630,0206010079,2.0,194.88
SIA,ES,202501,2494345,0211020036,57.0,293.55
SIA,ES,202501,0090506,0211020036,48.0,247.2
SIA,ES,202501,2448521,0206020015,2.0,173.5
SIA,ES,202501,2448521,0206010036,13.0,1127.88
SIA,ES,202501,7327404,0211020036,6.0,30.9
SIA,ES,202501,9381457,0206020031,1.0,136.41
SIA,ES,202501,6559131,0206020015,4.0,347.0
SIA,ES,202501,2449072,0206010028,1.0,101.1
SIA,ES,202501,4044916,0206030029,9.0,780.75
SIA,ES,202501,9958762,0211020036,497.0,2559.55
SIA,ES,202501,6984118,0211020036,28.0,144.2
SIA,ES,202501,3038467,0211020060,157.0,4710.0
SIA,ES,202501,2770326,0206010036,6.0,520.56
SIA,ES,202501,2446782,0211020036,117.0,602.55
SIA,ES,202501,2485729,0211020036,96.0,494.4
SIA,ES,202501,6746357,0206010079,2.0,194.88
SIA,ES,202501,0011738,0206030029,2.0,173.5
SIA,ES,202501,2546957,0206010036,1.0,86.76
SIA,ES,202501,3476111,0206030010,2.0,277.26
SIA,ES,202501,2484765,0211020036,2.0,10.3
SIA,ES,202501,6559131,0211020036,29.0,149.35
SIA,ES,202501,5387582,0211020036,380.0,1957.0
SIA,ES,202501,2449072,0206030010,3.0,415.89
SIA,ES,202501,2486199,0206020015,1.0,86.75
SIA,ES,202501,0011746,0206030010,515.0,71394.45
SIA,ES,202501,2627752,0211020036,42.0,216.3
SIA,ES,202501,4576497,0206030037,30.0,4158.9
SIA,ES,202501,0501565,0211020036,82.0,422.3
SIA,ES,202501,2770326,0211020036,83.0,427.45
SIA,ES,202501,2402882,0206030010,34.0,4713.42
SIA,ES,202501,2402882,0211020036,122.0,628.3
SIA,ES,202501,2448467,0206010079,1.0,97.44
SIA,ES,202501,4576497,0206030010,30.0,4158.9
SIA,ES,202501,2403242,0206030037,1.0,138.63
SIA,ES,202501,2403242,0211020036,123.0,633.45
SIA,ES,202501,2484633,0206010010,1.0,86.76
SIA,ES,202501,3038467,0211020036,283.0,1457.45
SIA,ES,202501,6792782,0211020036,457.0,2353.55
SIA,ES,202501,2569213,0211020036,146.0,751.9
SIA,ES,202501,6845738,0211020036,32.0,164.8
SIA,ES,202501,4044916,0211020036,226.0,1163.9
SIA,ES,202501,2447843,0211020036,59.0,303.85
SIA,ES,202501,4576497,0206020031,31.0,4228.71
SIA,ES,202501,2447029,0206020015,13.0,1127.75
SIA,ES,202501,0011746,0205010016,14.0,2310.0
SIA,ES,202501,0011746,0211020036,348.0,1792.2
SIA,ES,202501,0011746,0206030037,512.0,70978.56
SIA,ES,202501,2448467,0206020031,1.0,136.41
SIA,ES,202501,2484358,0211020036,165.0,849.75
SIA,ES,202501,7621442,0211020036,343.0,1766.45
SIA,ES,202501,2444941,0211020036,52.0,267.8
SIA,ES,202501,7336578,0211020036,81.0,417.15
SIA,ES,202501,2629992,0211020036,61.0,314.15
SIA,ES,202501,8004404,0206010079,3.0,292.32
SIA,ES,202501,2546957,0211020036,163.0,839.45
SIA,ES,202501,3261786,0206030010,24.0,3327.12
SIA,ES,202501,2447711,0206030010,15.0,2079.45
SIA,ES,202501,5657415,0211020036,79.0,406.85
SIA,ES,202501,2532174,0206030010,74.0,10258.62
SIA,ES,202501,2465833,0206030037,155.0,21487.65
SIA,ES,202501,2532174,0206010028,45.0,4549.5
SIA,ES,202501,9691111,0211020036,26.0,133.9
SIA,ES,202501,2465825,0206020031,79.0,10776.39
SIA,ES,202501,6746357,0211020036,16.0,82.4
SIA,ES,202501,2547821,0211020036,349.0,1797.35
SIA,ES,202501,7094833,0211020036,28.0,144.2
SIA,ES,202501,3261786,0206010079,38.0,3702.72
SIA,ES,202501,2448467,0206030010,1.0,138.63
SIA,ES,202501,7434650,0206030037,3.0,415.89
SIA,ES,202501,7530706,0211020036,369.0,1900.35
SIA,ES,202501,2465825,0206010010,5.0,433.8
SIA,ES,202501,2678179,0206010010,1.0,86.76
SIA,ES,202501,2403234,0211020036,169.0,870.35
SIA,ES,202501,3261786,0206010044,15.0,1301.25
SIA,ES,202501,3261786,0206020031,12.0,1636.92
SIA,ES,202501,2465833,0206030029,4.0,347.0
SIA,ES,202501,2709279,0208010025,21.0,8578.92
SIA,ES,202501,7434650,0206010052,1.0,86.75
SIA,ES,202501,7434650,0206020031,3.0,409.23
SIA,ES,202501,2445956,0211020036,151.0,777.65
SIA,ES,202501,6517862,0211020036,126.0,648.9
SIA,ES,202501,2532174,0206010044,11.0,954.25
SIA,ES,202501,3261786,0206020015,3.0,260.25
SIA,ES,202501,7557523,0211020036,12.0,61.8
SIA,ES,202501,2465825,0206030029,14.0,1214.5
SIA,ES,202501,2532174,0208010033,93.0,35625.51
SIA,ES,202501,3261786,0206010028,12.0,1213.2
SIA,ES,202501,5770629,0208010033,21.0,8044.47
SIA,ES,202501,9199101,0206030037,2.0,277.26
SIA,ES,202501,2465825,0206020015,16.0,1388.0
SIA,ES,202501,2485141,0206030037,11.0,1524.93
SIA,ES,202501,2532174,0211020060,37.0,1110.0
SIA,ES,202501,2465833,0206010044,12.0,1041.0
SIA,ES,202501,7100035,0211020036,49.0,252.35
SIA,ES,202501,0011746,0206010028,13.0,1314.3
SIA,ES,202501,0011746,0206020031,295.0,40240.95
SIA,ES,202501,2465833,0206010036,12.0,1041.12
SIA,ES,202501,0011738,0211020060,90.0,2700.0
SIA,ES,202501,2465825,0206010028,18.0,1819.8
SIA,ES,202501,2550687,0211020036,554.0,2853.1
SIA,ES,202501,5770629,0208010025,21.0,8578.92
SIA,ES,202501,2770326,0206020023,2.0,173.5
SIA,ES,202501,2445638,0211020036,9.0,46.35
SIA,ES,202501,2465825,0206010044,22.0,1908.5
SIA,ES,202501,2445638,0206020023,1.0,86.75
SIA,ES,202501,2466309,0211020036,25.0,128.75
SIA,ES,202501,3261786,0206030029,5.0,433.75
SIA,ES,202501,0011746,0211020060,37.0,1110.0
SIA,ES,202501,0011746,0206010052,24.0,2082.0
SIA,ES,202501,2532174,0206010010,21.0,1821.96
SIA,ES,202501,7419147,0211020036,2520.0,12978.0
SIA,ES,202501,2445611,0206010010,1.0,86.76
SIA,ES,202501,2448467,0206030037,1.0,138.63
SIA,ES,202501,2485141,0206010079,15.0,1461.6
SIA,ES,202501,2678179,0211020060,2.0,60.0
SIA,ES,202501,2675218,0211020036,7.0,36.05
SIA,ES,202501,2484633,0211020036,90.0,463.5
SIA,ES,202501,9710000,0211020036,42.0,216.3
SIA,ES,202501,2447711,0206020031,6.0,818.46
SIA,ES,202501,9920706,0211020036,308.0,1586.2
SIA,ES,202501,4044916,0211020060,71.0,2130.0
SIA,ES,202501,2465825,0206010052,10.0,867.5
SIA,ES,202501,2675714,0211020036,197.0,1014.55
SIA,ES,202501,2532174,0206030029,7.0,607.25
SIA,ES,202501,4044916,0206020015,6.0,520.5
SIA,ES,202501,2485141,0206030010,12.0,1663.56
SIA,ES,202501,2532174,0206020015,3.0,260.25
SIA,ES,202501,2465825,0206020023,2.0,173.5
SIA,ES,202501,2485141,0206010028,1.0,101.1
SIA,ES,202501,3261786,0206010010,5.0,433.8
SIA,ES,202501,2532190,0206020023,1.0,86.75
SIA,ES,202501,0011738,0206020015,3.0,260.25
SIA,ES,202501,9710000,0211020060,59.0,1770.0
SIA,ES,202501,4101758,0211020036,20.0,103.0
SIA,ES,202501,3261786,0206010036,1.0,86.76
SIA,ES,202501,2547821,0211020060,61.0,1830.0
SIA,ES,202501,2484560,0211020036,46.0,236.9
SIA,ES,202501,2466058,0211020036,60.0,309.0
SIA,ES,202501,3170934,0211020036,60.0,309.0
SIA,ES,202501,2358069,0211020036,31.0,159.65
SIA,ES,202501,2447711,0206010044,1.0,86.75
SIA,ES,202501,2402882,0206010079,18.0,1753.92
SIA,ES,202501,0011746,0206010044,13.0,1127.75
SIA,ES,202501,2448467,0206010010,1.0,86.76
SIA,ES,202501,0011746,0206010079,47.0,4579.68
SIA,ES,202501,2483998,0211020036,154.0,793.1
SIA,ES,202501,2447029,0206010079,120.0,11692.8
SIA,ES,202501,4576497,0206010079,22.0,2143.68
SIA,ES,202501,2448467,0206010044,1.0,86.75
SIA,ES,202501,2448467,0206010028,1.0,101.1
SIA,ES,202501,2447029,0206030037,28.0,3881.64
SIA,ES,202501,2447029,0206030010,95.0,13169.85
SIA,ES,202501,2447339,0211020036,21.0,108.15
SIA,ES,202501,2402882,0206010010,2.0,173.52
SIA,ES,202501,2402882,0206030037,33.0,4574.79
SIA,ES,202501,2447029,0206010010,62.0,5379.12
SIA,ES,202501,8004404,0206020031,3.0,409.23
SIA,ES,202501,2678179,0206010044,5.0,433.75
SIA,ES,202501,2465833,0206010052,10.0,867.5
SIA,ES,202501,9136673,0211020060,8.0,240.0
SIA,ES,202501,7329334,0211020036,323.0,1663.45
SIA,ES,202501,2444925,0211020036,12.0,61.8
SIA,ES,202501,2484943,0211020036,131.0,674.65
SIA,ES,202501,9199101,0206010079,1.0,97.44
SIA,ES,202501,2402882,0206010044,3.0,260.25
SIA,ES,202501,2465833,0206020015,2.0,173.5
SIA,ES,202501,3476111,0206030037,2.0,277.26
SIA,ES,202501,2465825,0206010036,1.0,86.76
SIA,ES,202501,6845711,0211020036,98.0,504.7
SIA,ES,202501,4576497,0206010036,1.0,86.76
SIA,ES,202501,2548119,0206010010,1.0,86.76
SIA,ES,202501,2447029,0206020031,21.0,2864.61
SIA,ES,202501,0011746,0206010036,4.0,347.04
SIA,ES,202501,2447029,0206010036,1.0,86.76
SIA,ES,202501,2445638,0206010060,1.0,97.44
SIA,ES,202501,2448262,0206030037,2.0,277.26
SIA,ES,202501,2402882,0206020031,7.0,954.87
SIA,ES,202501,2402882,0206010028,6.0,606.6
SIA,ES,202501,2447029,0206010044,26.0,2255.5
SIA,ES,202501,2445638,0206020031,1.0,136.41
SIA,ES,202501,2485885,0211020036,91.0,468.65
SIA,ES,202501,2547821,0211020010,324.0,236532.96
SIA,ES,202501,6823351,0211020036,174.0,896.1
SIA,ES,202501,3239284,0211020036,205.0,1055.75
SIA,ES,202501,0011746,0206020015,2.0,173.5
SIA,ES,202501,4044916,0211020010,61.0,44532.44
SIA,ES,202501,2494442,0211020010,112.0,81764.48
SIA,ES,202501,2548119,0206010044,1.0,86.75
SIA,ES,202501,2548119,0206010079,1.0,97.44
SIA,ES,202501,2448262,0206010079,1.0,97.44
SIA,ES,202501,2485397,0211020036,33.0,169.95
SIA,ES,202501,6823351,0206010052,1.0,86.75
SIA,ES,202501,2448262,0206030010,2.0,277.26
SIA,ES,202501,6195423,0211020036,61.0,314.15
SIA,ES,202501,2499568,0211020036,55.0,283.25
SIA,ES,202501,2358328,0211020036,100.0,515.0
SIA,ES,202501,2499576,0211020036,105.0,540.75
SIA,ES,202501,7257406,0211020036,242.0,1246.3
SIA,ES,202501,2448467,0211020036,206.0,1060.9
SIA,ES,202501,2599899,0211020036,58.0,298.7
SIA,ES,202501,2494442,0206010036,1.0,86.76
SIA,ES,202501,2494442,0211020036,1193.0,6143.95
SIA,ES,202501,2445859,0211020036,133.0,684.95
SIA,ES,202501,6190278,0206030010,9.0,1247.67
SIA,ES,202501,6426131,0211020036,42.0,216.3
SIA,ES,202501,3346501,0211020036,2.0,10.3
SIA,ES,202501,2447479,0206010079,2.0,194.88
SIA,ES,202501,5770629,0206010095,34.0,71645.48
SIA,ES,202501,4576497,0206010028,1.0,101.1
SIA,ES,202501,0300438,0211020036,203.0,1045.45
SIA,ES,202501,8004404,0211020036,387.0,1993.05
SIA,ES,202501,0057835,0211020036,242.0,1246.3
SIA,ES,202501,2447029,0211020036,179.0,921.85
SIA,ES,202501,2447479,0206030010,2.0,277.26
SIA,ES,202501,3592855,0211020036,62.0,319.3
SIA,ES,202501,2445166,0211020036,10.0,51.5
SIA,ES,202501,2447029,0206010028,3.0,303.3
SIA,ES,202501,2448262,0206010044,1.0,86.75
SIA,ES,202501,2447029,0211020060,3.0,90.0
SIA,ES,202501,4576497,0206020015,1.0,86.75
SIA,ES,202501,0300438,0206030010,1.0,138.63
SIA,ES,202501,2448653,0206010079,2.0,194.88
SIA,ES,202501,2448653,0211020036,105.0,540.75
SIA,ES,202501,2448653,0206010010,1.0,86.76
SIA,ES,202501,2548119,0206020031,2.0,272.82
SIA,ES,202501,2547090,0211020036,92.0,473.8
SIA,ES,202501,7074441,0206010010,1.0,86.76
SIA,ES,202501,7074441,0206030029,4.0,347.0
SIA,ES,202501,8004404,0206030010,1.0,138.63
SIA,ES,202501,2448653,0206020031,1.0,136.41
SIA,ES,202501,8004404,0206030037,1.0,138.63
SIA,ES,202501,2448262,0211020036,60.0,309.0
SIA,ES,202501,0300438,0206030037,1.0,138.63
SIA,ES,202501,4576497,0211020036,30.0,154.5
SIA,ES,202501,0011746,0206010010,1.0,86.76
SIA,ES,202501,2402882,0206010036,1.0,86.76
SIA,ES,202501,7074441,0206020023,1.0,86.75
SIA,ES,202501,6190278,0206010044,1.0,86.75
SIA,ES,202501,0011746,0206030029,3.0,260.25
SIA,ES,202501,2403404,0211020036,9.0,46.35
SIA,ES,202501,7074441,0206020015,1.0,86.75
SIA,ES,202501,2402874,0211020036,64.0,329.6
SIA,ES,202501,2448467,0206020015,1.0,86.75
SIA,ES,202501,2448467,0206030029,1.0,86.75
SIA,ES,202501,2678179,0206010079,4.0,389.76
SIA,ES,202501,8004404,0206010028,1.0,101.1
SIA,ES,202501,2532174,0206010052,6.0,520.5
SIA,ES,202501,3261786,0206010052,2.0,173.5
SIA,ES,202501,4044916,0206010010,6.0,520.56
SIA,ES,202501,2449072,0206010044,2.0,173.5
SIA,ES,202501,9139974,0206030029,1.0,86.75
SIA,ES,202501,2494442,0206030029,1.0,86.75
SIA,ES,202501,2532174,0206010036,3.0,260.28
SIA,ES,202501,2485141,0206020031,3.0,409.23
SIA,ES,202501,2449072,0206020031,1.0,136.41
SIA,ES,202501,2678179,0206030010,2.0,277.26
SIA,ES,202501,7074441,0206010052,1.0,86.75
SIA,ES,202501,2494442,0206010010,1.0,86.76
SIA,ES,202501,9496327,0211020036,247.0,1272.05
SIA,ES,202501,6559131,0206010060,1.0,97.44
SIA,ES,202501,2485532,0206030037,1.0,138.63
SIA,ES,202501,2447479,0206030037,1.0,138.63
SIA,ES,202501,2447479,0206020031,1.0,136.41
SIA,ES,202501,2485532,0206030010,1.0,138.63
SIA,ES,202501,2465833,0206020023,2.0,173.5
SIA,ES,202501,2465833,0211020036,133.0,684.95
SIA,ES,202501,6676898,0211020036,421.0,2168.15
SIA,ES,202501,9922970,0211020036,111.0,571.65
SIA,ES,202501,2447894,0211020036,164.0,844.6
SIA,ES,202501,2485141,0211020036,31.0,159.65
SIA,ES,202501,2358522,0211020036,19.0,97.85
SIA,ES,202501,6676898,0211020060,89.0,2670.0
SIA,ES,202501,0227161,0211020036,246.0,1266.9
SIA,ES,202501,0980838,0211020036,403.0,2075.45
SIA,ES,202501,2628023,0211020036,125.0,643.75
SIA,ES,202501,2465833,0206010010,1.0,86.76
SIA,ES,202501,2465825,0211020036,797.0,4104.55
SIA,ES,202501,2678179,0206030029,2.0,173.5
SIA,ES,202501,2445611,0206030010,1.0,138.63
SIA,ES,202502,0011738,0211020036,260.0,1339.0
SIA,ES,202502,2678179,0211020036,208.0,1071.2
SIA,ES,202502,0011746,0211020036,338.0,1740.7
SIA,ES,202502,0011746,0206010036,6.0,520.56
SIA,ES,202502,2547821,0208010033,163.0,62440.41
SIA,ES,202502,0011738,0208010033,137.0,52480.59
SIA,ES,202502,2403331,0211020036,142.0,731.3
SIA,ES,202502,2494442,0208010033,78.0,29879.46
SIA,ES,202502,2792060,0208010033,28.0,10725.96
SIA,ES,202502,7621442,0206010028,278.0,28105.8
SIA,ES,202502,7257406,0206020023,26.0,2255.5
SIA,ES,202502,2485141,0206030037,14.0,1940.82
SIA,ES,202502,2448521,0211020036,763.0,3929.45
SIA,ES,202502,2770326,0206020031,41.0,5592.81
SIA,ES,202502,2465825,0206010079,206.0,20072.64
SIA,ES,202502,2448653,0206020031,1.0,136.41
SIA,ES,202502,2532190,0206030010,97.0,13447.11
SIA,ES,202502,2448467,0206030010,1.0,138.63
SIA,ES,202502,6945368,0206020023,4.0,347.0
SIA,ES,202502,2448467,0206020031,1.0,136.41
SIA,ES,202502,2532190,0206030037,97.0,13447.11
SIA,ES,202502,7257406,0206010028,142.0,14356.2
SIA,ES,202502,2485680,0206010028,13.0,1314.3
SIA,ES,202502,2547821,0208010025,165.0,67405.8
SIA,ES,202502,2532174,0208010025,138.0,56375.76
SIA,ES,202502,0011738,0208010025,140.0,57192.8
SIA,ES,202502,0011800,0206010028,32.0,3235.2
SIA,ES,202502,2532174,0206010028,32.0,3235.2
SIA,ES,202502,2770326,0206030010,18.0,2495.34
SIA,ES,202502,2465833,0206010036,13.0,1127.88
SIA,ES,202502,6190278,0206010079,10.0,974.4
SIA,ES,202502,7621442,0206010036,105.0,9109.8
SIA,ES,202502,2550687,0206010036,11.0,954.36
SIA,ES,202502,2532190,0206010036,1.0,86.76
SIA,ES,202502,2547821,0206010028,54.0,5459.4
SIA,ES,202502,2709279,0208010033,23.0,8810.61
SIA,ES,202502,2448521,0206010052,34.0,2949.5
SIA,ES,202502,2532174,0208010033,2.0,766.14
SIA,ES,202502,2402882,0206030010,31.0,4297.53
SIA,ES,202502,2548119,0206020015,1.0,86.75
SIA,ES,202502,0011800,0206010036,14.0,1214.64
SIA,ES,202502,2494442,0206030010,431.0,59749.53
SIA,ES,202502,2486199,0206030010,82.0,11367.66
SIA,ES,202502,7257406,0206030010,275.0,38123.25
SIA,ES,202502,7621442,0206030029,170.0,14747.5
SIA,ES,202502,0011746,0206030010,489.0,67790.07
SIA,ES,202502,2532174,0206030010,90.0,12476.7
SIA,ES,202502,2550687,0206030010,249.0,34518.87
SIA,ES,202502,0011800,0206030010,120.0,16635.6
SIA,ES,202502,2447029,0206030010,63.0,8733.69
SIA,ES,202502,6945368,0206030010,86.0,11922.18
SIA,ES,202502,0011738,0206030010,749.0,103833.87
SIA,ES,202502,2547821,0206030010,328.0,45470.64
SIA,ES,202502,7621442,0206030010,234.0,32439.42
SIA,ES,202502,2448521,0206010036,14.0,1214.64
SIA,ES,202502,2486199,0206030029,8.0,694.0
SIA,ES,202502,2770326,0206020015,73.0,6332.75
SIA,ES,202502,3038467,0211020060,188.0,5640.0
SIA,ES,202502,0011746,0206030029,3.0,260.25
SIA,ES,202502,6559131,0206030010,106.0,14694.78
SIA,ES,202502,2546957,0206030029,3.0,260.25
SIA,ES,202502,2494442,0208010025,78.0,31864.56
SIA,ES,202502,5770629,0208010033,20.0,7661.4
SIA,ES,202502,2550687,0206030029,21.0,1821.75
SIA,ES,202502,2547821,0206030029,55.0,4771.25
SIA,ES,202502,6823351,0206010079,84.0,8184.96
SIA,ES,202502,4044916,0206010028,5.0,505.5
SIA,ES,202502,2465833,0206030010,128.0,17744.64
SIA,ES,202502,2465833,0206030029,8.0,694.0
SIA,ES,202502,2709279,0208010025,23.0,9395.96
SIA,ES,202502,2792060,0208010025,28.0,11438.56
SIA,ES,202502,4044916,0206030010,106.0,14694.78
SIA,ES,202502,2486199,0206010028,21.0,2123.1
SIA,ES,202502,2465833,0206010028,22.0,2224.2
SIA,ES,202502,2447029,0206010028,27.0,2729.7
SIA,ES,202502,0011738,0206010028,21.0,2123.1
SIA,ES,202502,2532174,0206010036,4.0,347.04
SIA,ES,202502,6945368,0206010028,36.0,3639.6
SIA,ES,202502,2447029,0206020023,4.0,347.0
SIA,ES,202502,6823351,0206020031,28.0,3819.48
SIA,ES,202502,5770629,0208010025,20.0,8170.4
SIA,ES,202502,6559131,0206010028,22.0,2224.2
SIA,ES,202502,2546957,0206010036,1.0,86.76
SIA,ES,202502,6823351,0206030037,65.0,9010.95
SIA,ES,202502,2485680,0206030010,29.0,4020.27
SIA,ES,202502,2546957,0206020023,5.0,433.75
SIA,ES,202502,2448467,0206030029,1.0,86.75
SIA,ES,202502,0011800,0206030029,26.0,2255.5
SIA,ES,202502,2485141,0206020031,9.0,1227.69
SIA,ES,202502,3261786,0206010044,11.0,954.25
SIA,ES,202502,6190278,0206010010,2.0,173.52
SIA,ES,202502,7257406,0206030029,36.0,3123.0
SIA,ES,202502,6945368,0206030029,24.0,2082.0
SIA,ES,202502,2449072,0206020031,3.0,409.23
SIA,ES,202502,0011738,0206010036,11.0,954.36
SIA,ES,202502,2465825,0206010044,21.0,1821.75
SIA,ES,202502,2627752,0206020031,1.0,136.41
SIA,ES,202502,2448467,0206010010,1.0,86.76
SIA,ES,202502,4044916,0206030029,2.0,173.5
SIA,ES,202502,2550687,0206010028,33.0,3336.3
SIA,ES,202502,6945368,0206010044,24.0,2082.0
SIA,ES,202502,2532174,0206030029,8.0,694.0
SIA,ES,202502,6559131,0206030029,15.0,1301.25
SIA,ES,202502,6823351,0206010010,10.0,867.6
SIA,ES,202502,2447711,0206030010,10.0,1386.3
SIA,ES,202502,2770326,0206010036,4.0,347.04
SIA,ES,202502,0011746,0206010028,13.0,1314.3
SIA,ES,202502,2485532,0206020031,2.0,272.82
SIA,ES,202502,0011738,0206010052,164.0,14227.0
SIA,ES,202502,2445166,0211020036,46.0,236.9
SIA,ES,202502,9697500,0206010036,1.0,86.76
SIA,ES,202502,2485532,0206010079,4.0,389.76
SIA,ES,202502,0011738,0206020031,920.0,125497.2
SIA,ES,202502,9139974,0206010079,1.0,97.44
SIA,ES,202502,2465825,0206010052,6.0,520.5
SIA,ES,202502,2485680,0206010036,3.0,260.28
SIA,ES,202502,2449072,0208010033,1.0,383.07
SIA,ES,202502,3261786,0206010036,1.0,86.76
SIA,ES,202502,2547821,0206020023,5.0,433.75
SIA,ES,202502,7074441,0206010036,2.0,173.52
SIA,ES,202502,0011800,0206020023,10.0,867.5
SIA,ES,202502,2465825,0206010036,9.0,780.84
SIA,ES,202502,2447479,0206010079,5.0,487.2
SIA,ES,202502,2494442,0206010036,4.0,347.04
SIA,ES,202502,7434650,0206010079,7.0,682.08
SIA,ES,202502,2770326,0206010028,8.0,808.8
SIA,ES,202502,2449072,0206010044,1.0,86.75
SIA,ES,202502,2678179,0206030010,1.0,138.63
SIA,ES,202502,2485141,0206010028,3.0,303.3
SIA,ES,202502,0011738,0206030029,3.0,260.25
SIA,ES,202502,2448467,0206020023,1.0,86.75
SIA,ES,202502,2445611,0211020060,1.0,30.0
SIA,ES,202502,2448467,0206010036,1.0,86.76
SIA,ES,202502,7621442,0211020036,313.0,1611.95
SIA,ES,202502,2547821,0211020036,320.0,1648.0
SIA,ES,202502,2448653,0211020036,376.0,1936.4
SIA,ES,202502,2484633,0206010044,1.0,86.75
SIA,ES,202502,2445638,0206010010,2.0,173.52
SIA,ES,202502,7530706,0211020036,258.0,1328.7
SIA,ES,202502,2465833,0211020036,142.0,731.3
SIA,ES,202502,2447029,0206010036,3.0,260.28
SIA,ES,202502,2485729,0211020036,94.0,484.1
SIA,ES,202502,7074441,0206030029,4.0,347.0
SIA,ES,202502,2447894,0211020036,102.0,525.3
SIA,ES,202502,9139974,0206030029,1.0,86.75
SIA,ES,202502,2486199,0206020023,7.0,607.25
SIA,ES,202502,7557523,0206030029,2.0,173.5
SIA,ES,202502,2678179,0206030029,2.0,173.5
SIA,ES,202502,7058403,0211020036,131.0,674.65
SIA,ES,202502,2484633,0206020031,1.0,136.41
SIA,ES,202502,2445859,0211020036,160.0,824.0
SIA,ES,202502,2449072,0206030010,2.0,277.26
SIA,ES,202502,2484633,0206010079,1.0,97.44
SIA,ES,202502,0011738,0206020023,5.0,433.75
SIA,ES,202502,2550687,0206020023,2.0,173.5
SIA,ES,202502,2403242,0206010079,2.0,194.88
SIA,ES,202502,2485141,0206010052,1.0,86.75
SIA,ES,202502,6823351,0206030029,8.0,694.0
SIA,ES,202502,2485680,0211020036,165.0,849.75
SIA,ES,202502,2675714,0211020036,172.0,885.8
SIA,ES,202502,7419147,0211020036,2420.0,12463.0
SIA,ES,202502,3261786,0206030029,4.0,347.0
SIA,ES,202502,4576497,0211020036,34.0,175.1
SIA,ES,202502,2599899,0211020036,80.0,412.0
SIA,ES,202502,2550687,0211020036,665.0,3424.75
SIA,ES,202502,2629992,0211020036,87.0,448.05
SIA,ES,202502,2485680,0206010079,113.0,11010.72
SIA,ES,202502,2485532,0206030010,3.0,415.89
SIA,ES,202502,7074441,0206010044,1.0,86.75
SIA,ES,202502,2448653,0208010033,2.0,766.14
SIA,ES,202502,3476111,0206010079,1.0,97.44
SIA,ES,202502,7557523,0211020036,12.0,61.8
SIA,ES,202502,2445638,0206010079,1.0,97.44
SIA,ES,202502,3592855,0211020036,66.0,339.9
SIA,ES,202502,4044916,0211020036,377.0,1941.55
SIA,ES,202502,2546957,0206010028,3.0,303.3
SIA,ES,202502,6559131,0211020036,11.0,56.65
SIA,ES,202502,2546957,0211020036,141.0,726.15
SIA,ES,202502,2650533,0211020036,107.0,551.05
SIA,ES,202502,2447029,0211020036,145.0,746.75
SIA,ES,202502,2403242,0206010036,1.0,86.76
SIA,ES,202502,2486199,0206030037,82.0,11367.66
SIA,ES,202502,4044916,0206030037,91.0,12615.33
SIA,ES,202502,2485680,0206030037,31.0,4297.53
SIA,ES,202502,2547821,0208010076,162.0,34805.7
SIA,ES,202502,2547821,0206030037,360.0,49906.8
SIA,ES,202502,2547821,0206020015,28.0,2429.0
SIA,ES,202502,0011746,0206030037,489.0,67790.07
SIA,ES,202502,0011800,0206030037,122.0,16912.86
SIA,ES,202502,0011738,0206030037,720.0,99813.6
SIA,ES,202502,7257406,0206030037,272.0,37707.36
SIA,ES,202502,7621442,0206020015,106.0,9195.5
SIA,ES,202502,7621442,0206030037,271.0,37568.73
SIA,ES,202502,7257406,0206020015,68.0,5899.0
SIA,ES,202502,2486199,0206020015,7.0,607.25
SIA,ES,202502,2494442,0206010028,3.0,303.3
SIA,ES,202502,2444941,0211020036,154.0,793.1
SIA,ES,202502,2550687,0206030037,14.0,1940.82
SIA,ES,202502,0011800,0206020015,10.0,867.5
SIA,ES,202502,2465825,0206020031,82.0,11185.62
SIA,ES,202502,0057835,0211020036,690.0,3553.5
SIA,ES,202502,2449072,0206010010,5.0,433.8
SIA,ES,202502,2494442,0206030037,433.0,60026.79
SIA,ES,202502,2448467,0211020036,206.0,1060.9
SIA,ES,202502,2448467,0206010028,1.0,101.1
SIA,ES,202502,2448521,0206020015,7.0,607.25
SIA,ES,202502,2448521,0206030037,303.0,42004.89
SIA,ES,202502,2532174,0206030037,88.0,12199.44
SIA,ES,202502,2546957,0206030037,116.0,16081.08
SIA,ES,202502,2532174,0206020015,4.0,347.0
SIA,ES,202502,2448521,0206020023,26.0,2255.5
SIA,ES,202502,2449072,0206030037,3.0,415.89
SIA,ES,202502,6945368,0206030037,84.0,11644.92
SIA,ES,202502,6945368,0211020036,258.0,1328.7
SIA,ES,202502,6559131,0206010036,6.0,520.56
SIA,ES,202502,3038467,0211020036,601.0,3095.15
SIA,ES,202502,2448521,0206030010,292.0,40479.96
SIA,ES,202502,2465833,0206030037,117.0,16219.71
SIA,ES,202502,4576497,0206010044,5.0,433.75
SIA,ES,202502,2485141,0206010079,30.0,2923.2
SIA,ES,202502,2628023,0211020036,97.0,499.55
SIA,ES,202502,7621442,0206020031,420.0,57292.2
SIA,ES,202502,0011746,0206020031,273.0,37239.93
SIA,ES,202502,0011800,0206020031,104.0,14186.64
SIA,ES,202502,6792782,0211020036,487.0,2508.05
SIA,ES,202502,6559131,0206020015,7.0,607.25
SIA,ES,202502,2494442,0211020036,1192.0,6138.8
SIA,ES,202502,2494442,0206020015,4.0,347.0
SIA,ES,202502,2447029,0206030037,19.0,2633.97
SIA,ES,202502,2770326,0206010044,17.0,1474.75
SIA,ES,202502,2532190,0206020031,5.0,682.05
SIA,ES,202502,2550687,0206020015,14.0,1214.5
SIA,ES,202502,2448467,0206010044,1.0,86.75
SIA,ES,202502,2485532,0206030037,2.0,277.26
SIA,ES,202502,8004404,0206030037,7.0,970.41
SIA,ES,202502,2444925,0211020036,28.0,144.2
SIA,ES,202502,3346501,0211020036,9.0,46.35
SIA,ES,202502,3252760,0211020036,98.0,504.7
SIA,ES,202502,9710000,0211020036,219.0,1127.85
SIA,ES,202502,9710000,0211020060,69.0,2070.0
SIA,ES,202502,7472722,0211020036,13.0,66.95
SIA,ES,202502,2447711,0206010079,9.0,876.96
SIA,ES,202502,2448262,0206010079,1.0,97.44
SIA,ES,202502,2447029,0206020015,7.0,607.25
SIA,ES,202502,3261786,0206030010,18.0,2495.34
SIA,ES,202502,7074441,0206030010,17.0,2356.71
SIA,ES,202502,2494442,0206030029,4.0,347.0
SIA,ES,202502,4576497,0206010028,3.0,303.3
SIA,ES,202502,2448467,0206020015,1.0,86.75
SIA,ES,202502,6945368,0206020015,14.0,1214.5
SIA,ES,202502,6195423,0211020036,45.0,231.75
SIA,ES,202502,2485141,0206030010,14.0,1940.82
SIA,ES,202502,2358522,0211020036,32.0,164.8
SIA,ES,202502,3346528,0211020036,1.0,5.15
SIA,ES,202502,2403404,0211020036,1.0,5.15
SIA,ES,202502,0906522,0211020036,42.0,216.3
SIA,ES,202502,7170947,0211020060,212.0,6360.0
SIA,ES,202502,0980838,0211020036,385.0,1982.75
SIA,ES,202502,2547821,0206020031,303.0,41332.23
SIA,ES,202502,2550687,0206010052,6.0,520.5
SIA,ES,202502,7257406,0211020036,223.0,1148.45
SIA,ES,202502,7094833,0211020036,16.0,82.4
SIA,ES,202502,2358298,0211020036,19.0,97.85
SIA,ES,202502,2485680,0206020015,5.0,433.75
SIA,ES,202502,2465833,0206020015,3.0,260.25
SIA,ES,202502,2448653,0206010010,4.0,347.04
SIA,ES,202502,2448173,0211020036,194.0,999.1
SIA,ES,202502,6559131,0206030037,4.0,554.52
SIA,ES,202502,0012289,0208010033,8.0,3064.56
SIA,ES,202502,9922970,0211020036,128.0,659.2
SIA,ES,202502,2485885,0211020036,135.0,695.25
SIA,ES,202502,0011738,0206020015,8.0,694.0
SIA,ES,202502,5657415,0211020036,108.0,556.2
SIA,ES,202502,0011746,0211020010,56.0,40882.24
SIA,ES,202502,2448467,0206030037,1.0,138.63
SIA,ES,202502,6984118,0211020036,27.0,139.05
SIA,ES,202502,2445956,0206010079,66.0,6431.04
SIA,ES,202502,4576497,0206010079,17.0,1656.48
SIA,ES,202502,2569213,0211020036,98.0,504.7
SIA,ES,202502,2547201,0211020036,50.0,257.5
SIA,ES,202502,2403668,0211020036,1342.0,6911.3
SIA,ES,202502,2465825,0211020036,502.0,2585.3
SIA,ES,202502,4576497,0206020031,16.0,2182.56
SIA,ES,202502,6823351,0206020015,2.0,173.5
SIA,ES,202502,2403242,0206020031,5.0,682.05
SIA,ES,202502,2448521,0211020010,43.0,31391.72
SIA,ES,202502,2548119,0206030010,3.0,415.89
SIA,ES,202502,7621442,0206010010,388.0,33662.88
SIA,ES,202502,7257406,0206010010,167.0,14488.92
SIA,ES,202502,2532174,0206020031,105.0,14323.05
SIA,ES,202502,2546957,0206020031,23.0,3137.43
SIA,ES,202502,2770326,0211020036,68.0,350.2
SIA,ES,202502,2550687,0206020031,85.0,11594.85
SIA,ES,202502,2494442,0206020031,195.0,26599.95
SIA,ES,202502,7074441,0206020031,15.0,2046.15
SIA,ES,202502,4044916,0206020031,91.0,12413.31
SIA,ES,202502,2448653,0208010025,5.0,2042.6
SIA,ES,202502,2465825,0206010010,19.0,1648.44
SIA,ES,202502,2550687,0206010010,44.0,3817.44
SIA,ES,202502,2445956,0206030010,58.0,8040.54
SIA,ES,202502,2465833,0206020031,132.0,18006.12
SIA,ES,202502,2547821,0206010052,38.0,3296.5
SIA,ES,202502,4576497,0206030037,28.0,3881.64
SIA,ES,202502,2532190,0206010079,27.0,2630.88
SIA,ES,202502,2447339,0211020036,22.0,113.3
SIA,ES,202502,7257406,0206020031,252.0,34375.32
SIA,ES,202502,2402882,0211020036,80.0,412.0
SIA,ES,202502,2485680,0206010010,20.0,1735.2
SIA,ES,202502,0011800,0206010010,30.0,2602.8
SIA,ES,202502,0011800,0206010052,22.0,1908.5
SIA,ES,202502,6559131,0206020031,70.0,9548.7
SIA,ES,202502,6945368,0206010010,32.0,2776.32
SIA,ES,202502,6559131,0206010052,230.0,19952.5
SIA,ES,202502,0011746,0211020060,51.0,1530.0
SIA,ES,202502,2486199,0206020031,101.0,13777.41
SIA,ES,202502,2485680,0206020031,15.0,2046.15
SIA,ES,202502,2447029,0206010010,50.0,4338.0
SIA,ES,202502,2447029,0206020031,28.0,3819.48
SIA,ES,202502,6945368,0206010052,4.0,347.0
SIA,ES,202502,2448521,0206010079,146.0,14226.24
SIA,ES,202502,2448521,0206030029,7.0,607.25
SIA,ES,202502,2547821,0206010010,42.0,3643.92
SIA,ES,202502,2402882,0206010079,21.0,2046.24
SIA,ES,202502,2494442,0206010052,44.0,3817.0
SIA,ES,202502,2448521,0206010044,21.0,1821.75
SIA,ES,202502,2448521,0206010010,14.0,1214.64
SIA,ES,202502,2546957,0206020015,3.0,260.25
SIA,ES,202502,7621442,0206010052,10.0,867.5
SIA,ES,202502,6945368,0206020031,30.0,4092.3
SIA,ES,202502,2402882,0206030037,29.0,4020.27
SIA,ES,202502,0011738,0206010010,8.0,694.08
SIA,ES,202502,3261786,0206020031,19.0,2591.79
SIA,ES,202502,7257406,0206010052,6.0,520.5
SIA,ES,202502,6190278,0206020031,5.0,682.05
SIA,ES,202502,2626748,0211020036,65.0,334.75
SIA,ES,202502,4044916,0206010052,12.0,1041.0
SIA,ES,202502,2465833,0206010052,4.0,347.0
SIA,ES,202502,2532174,0206010052,10.0,867.5
SIA,ES,202502,2678179,0211020060,9.0,270.0
SIA,ES,202502,0090506,0211020036,56.0,288.4
SIA,ES,202502,2484226,0211020036,7.0,36.05
SIA,ES,202502,2532174,0206010010,16.0,1388.16
SIA,ES,202502,2449072,0206010028,1.0,101.1
SIA,ES,202502,2448521,0206020031,313.0,42696.33
SIA,ES,202502,0011746,0206010010,3.0,260.28
SIA,ES,202502,2486199,0206010052,13.0,1127.75
SIA,ES,202502,6823351,0206010044,11.0,954.25
SIA,ES,202502,9912843,0211020036,15.0,77.25
SIA,ES,202502,7074441,0206010028,4.0,404.4
SIA,ES,202502,3261786,0206030037,14.0,1940.82
SIA,ES,202502,9697500,0211020036,72.0,370.8
SIA,ES,202502,9697500,0206010028,1.0,101.1
SIA,ES,202502,3261786,0206020023,1.0,86.75
SIA,ES,202502,2465825,0206030029,14.0,1214.5
SIA,ES,202502,0011746,0206010052,16.0,1388.0
SIA,ES,202502,9691111,0211020036,9.0,46.35
SIA,ES,202502,6190278,0206030037,6.0,831.78
SIA,ES,202502,7074441,0206030037,18.0,2495.34
SIA,ES,202502,7336578,0211020036,218.0,1122.7
SIA,ES,202502,6945368,0206010079,112.0,10913.28
SIA,ES,202502,2484633,0211020036,99.0,509.85
SIA,ES,202502,2532190,0206030029,3.0,260.25
SIA,ES,202502,3261786,0206010028,8.0,808.8
SIA,ES,202502,6823351,0206010036,3.0,260.28
SIA,ES,202502,9139974,0211020036,401.0,2065.15
SIA,ES,202502,2403242,0211020036,127.0,654.05
SIA,ES,202502,4576497,0206020015,1.0,86.75
SIA,ES,202502,2483998,0211020036,88.0,453.2
SIA,ES,202502,2770326,0206030037,28.0,3881.64
SIA,ES,202502,2770326,0206010079,103.0,10036.32
SIA,ES,202502,2445956,0206020031,22.0,3001.02
SIA,ES,202502,2532190,0206010028,1.0,101.1
SIA,ES,202502,2494442,0206010010,3.0,260.28
SIA,ES,202502,7424566,0211020036,219.0,1127.85
SIA,ES,202502,6823351,0206010052,2.0,173.5
SIA,ES,202502,2402882,0206020031,5.0,682.05
SIA,ES,202502,2630060,0211020036,69.0,355.35
SIA,ES,202502,2445638,0211020036,28.0,144.2
SIA,ES,202502,8004404,0206030010,7.0,970.41
SIA,ES,202502,0012289,0208010025,8.0,3268.16
SIA,ES,202502,2465825,0206030037,249.0,34518.87
SIA,ES,202502,0011800,0206010079,470.0,45796.8
SIA,ES,202502,7257406,0206010079,535.0,52130.4
SIA,ES,202502,2494442,0206010079,101.0,9841.44
SIA,ES,202502,2550687,0206010079,315.0,30693.6
SIA,ES,202502,6559131,0206010079,645.0,62848.8
SIA,ES,202502,2465825,0206030010,263.0,36459.69
SIA,ES,202502,2547821,0206010079,293.0,28549.92
SIA,ES,202502,2486199,0206010044,29.0,2515.75
SIA,ES,202502,6823351,0206030010,59.0,8179.17
SIA,ES,202502,2532190,0211020036,199.0,1024.85
SIA,ES,202502,6823351,0206010028,19.0,1920.9
SIA,ES,202502,7621442,0206010044,291.0,25244.25
SIA,ES,202502,2494442,0206010044,9.0,780.75
SIA,ES,202502,2532174,0206010079,88.0,8574.72
SIA,ES,202502,7621442,0206010079,1267.0,123456.48
SIA,ES,202502,9199101,0206010079,1.0,97.44
SIA,ES,202502,0011738,0206010079,140.0,13641.6
SIA,ES,202502,2465825,0206010028,21.0,2123.1
SIA,ES,202502,2447029,0206010079,100.0,9744.0
SIA,ES,202502,7434650,0206030010,6.0,831.78
SIA,ES,202502,3261786,0206010079,32.0,3118.08
SIA,ES,202502,2550687,0206010044,32.0,2776.0
SIA,ES,202502,2448467,0206010079,1.0,97.44
SIA,ES,202502,2485680,0206010044,25.0,2168.75
SIA,ES,202502,2448653,0206010079,4.0,389.76
SIA,ES,202502,2447029,0206010044,31.0,2689.25
SIA,ES,202502,2447711,0206020031,2.0,272.82
SIA,ES,202502,2465833,0206010079,73.0,7113.12
SIA,ES,202502,2486199,0206010079,70.0,6820.8
SIA,ES,202502,2532174,0206010044,33.0,2862.75
SIA,ES,202502,6559131,0206010044,31.0,2689.25
SIA,ES,202502,0011738,0205010016,12.0,1980.0
SIA,ES,202502,0011738,0206010044,43.0,3730.25
SIA,ES,202502,0011800,0206010044,76.0,6593.0
SIA,ES,202502,2446774,0206030010,1.0,138.63
SIA,ES,202502,8004404,0206010079,6.0,584.64
SIA,ES,202502,0011746,0206010044,18.0,1561.5
SIA,ES,202502,7257406,0206010044,104.0,9022.0
SIA,ES,202502,2547821,0206010044,61.0,5291.75
SIA,ES,202502,4044916,0206010079,23.0,2241.12
SIA,ES,202502,0011746,0206010079,50.0,4872.0
SIA,ES,202502,7530706,0206010079,3.0,292.32
SIA,ES,202502,4576497,0206030010,28.0,3881.64
SIA,ES,202502,2770326,0206030029,8.0,694.0
SIA,ES,202502,2448521,0206010028,18.0,1819.8
SIA,ES,202502,2402874,0211020036,103.0,530.45
SIA,ES,202502,7530706,0206010044,8.0,694.0
SIA,ES,202502,6190278,0206030010,6.0,831.78
SIA,ES,202502,0011746,0205010016,8.0,1320.0
SIA,ES,202502,0011800,0206010060,8.0,779.52
SIA,ES,202502,2403242,0206030010,2.0,277.26
SIA,ES,202502,2447479,0206020031,1.0,136.41
SIA,ES,202502,2532190,0206010044,1.0,86.75
SIA,ES,202502,7074441,0206010079,10.0,974.4
SIA,ES,202502,6746357,0211020036,64.0,329.6
SIA,ES,202502,2465833,0206010044,10.0,867.5
SIA,ES,202502,4576497,0206010036,3.0,260.28
SIA,ES,202502,2770326,0206010010,2.0,173.52
SIA,ES,202502,2532190,0206020023,2.0,173.5
SIA,ES,202502,2547821,0206010060,2.0,194.88
SIA,ES,202502,2678179,0206010044,5.0,433.75
SIA,ES,202502,4044916,0206010044,3.0,260.25
SIA,ES,202502,2465825,0206020015,3.0,260.25
SIA,ES,202502,6190278,0211020060,5.0,150.0
SIA,ES,202502,2485877,0211020036,1.0,5.15
SIA,ES,202502,6426131,0211020036,63.0,324.45
SIA,ES,202502,2532174,0206010060,1.0,97.44
SIA,ES,202502,7074441,0206020015,1.0,86.75
SIA,ES,202502,2402882,0206010028,3.0,303.3
SIA,ES,202502,2532190,0206010010,3.0,260.28
SIA,ES,202502,2311771,0211020036,142.0,731.3
SIA,ES,202502,4044916,0206010036,3.0,260.28
SIA,ES,202502,7329334,0211020036,7.0,36.05
SIA,ES,202502,6823351,0211020036,196.0,1009.4
SIA,ES,202502,2445638,0206030037,2.0,277.26
SIA,ES,202502,6746357,0206010079,1.0,97.44
SIA,ES,202502,2445638,0206020031,1.0,136.41
SIA,ES,202502,3261786,0206020015,3.0,260.25
SIA,ES,202502,6559131,0206010060,2.0,194.88
SIA,ES,202502,3239284,0211020036,159.0,818.85
SIA,ES,202502,7434650,0206030037,7.0,970.41
SIA,ES,202502,9136673,0211020060,6.0,180.0
SIA,ES,202502,0300438,0211020036,225.0,1158.75
SIA,ES,202502,2311771,0206030010,1.0,138.63
SIA,ES,202502,2630036,0206030010,1.0,138.63
SIA,ES,202502,2532190,0206020015,5.0,433.75
SIA,ES,202502,2627752,0206010079,1.0,97.44
SIA,ES,202502,2448653,0206030010,1.0,138.63
SIA,ES,202502,2546957,0206010079,2.0,194.88
SIA,ES,202502,9139974,0206010010,1.0,86.76
SIA,ES,202502,7329725,0211020036,1.0,5.15
SIA,ES,202502,2485141,0206010044,1.0,86.75
SIA,ES,202502,2627752,0206010010,4.0,347.04
SIA,ES,202502,4044630,0206020031,1.0,136.41
SIA,ES,202502,2447711,0206010044,2.0,173.5
SIA,ES,202502,2445638,0206030010,2.0,277.26
SIA,ES,202502,2483718,0211020036,14.0,72.1
SIA,ES,202502,4044916,0211020010,24.0,17520.96
SIA,ES,202502,5770629,0206010095,39.0,82181.58
SIA,ES,202502,2547821,0211020010,133.0,97095.32
SIA,ES,202502,2445611,0208010025,1.0,408.52
SIA,ES,202502,2447479,0206030010,2.0,277.26
SIA,ES,202502,2447711,0206010010,1.0,86.76
SIA,ES,202502,2449072,0206010079,2.0,194.88
SIA,ES,202502,2448637,0211020036,206.0,1060.9
SIA,ES,202502,2494442,0211020010,99.0,72273.96
SIA,ES,202502,2770326,0206010052,1.0,86.75
SIA,ES,202502,2485141,0206020015,2.0,173.5
SIA,ES,202502,9920706,0211020036,172.0,885.8
SIA,ES,202502,7327404,0211020036,13.0,66.95
SIA,ES,202502,2446324,0211020036,47.0,242.05
SIA,ES,202502,7621442,0206020023,1.0,86.75
SIA,ES,202502,7557523,0206010079,1.0,97.44
SIA,ES,202502,9139974,0206020031,1.0,136.41
SIA,ES,202502,2465833,0211020010,29.0,21171.16
SIA,ES,202502,3170934,0211020036,39.0,200.85
SIA,ES,202502,2448653,0211020060,1.0,30.0
SIA,ES,202502,4044630,0206030010,1.0,138.63
SIA,ES,202502,2485141,0206010036,1.0,86.76
SIA,ES,202502,2484560,0211020036,35.0,180.25
SIA,ES,202502,8011648,0211020036,214.0,1102.1
SIA,ES,202502,2548119,0206020031,2.0,272.82
SIA,ES,202502,7074441,0206020023,1.0,86.75
SIA,ES,202502,2465833,0206010010,3.0,260.28
SIA,ES,202502,6823351,0206020023,4.0,347.0
SIA,ES,202502,4576497,0206010010,3.0,260.28
SIA,ES,202502,2485397,0211020036,33.0,169.95
SIA,ES,202502,2546957,0206010010,1.0,86.76
SIA,ES,202502,2678179,0206020015,1.0,86.75
SIA,ES,202502,4044355,0211020036,294.0,1514.1
SIA,ES,202502,6559131,0206010010,2.0,173.52
SIA,ES,202502,2485680,0206010052,1.0,86.75
SIA,ES,202502,7530706,0206030037,1.0,138.63
SIA,ES,202502,2499576,0211020036,166.0,854.9
SIA,ES,202502,2449072,0208010025,1.0,408.52
SIA,ES,202502,9958762,0211020036,278.0,1431.7
SIA,ES,202502,2447711,0206030037,1.0,138.63
SIA,ES,202502,9496327,0211020036,329.0,1694.35
SIA,ES,202502,0011738,0206010060,1.0,97.44
SIA,ES,202502,6845711,0211020036,59.0,303.85
SIA,ES,202502,2499568,0211020036,52.0,267.8
SIA,ES,202502,2445611,0208010033,1.0,383.07
SIA,ES,202502,2485958,0211020036,686.0,3532.9
SIA,ES,202502,2486199,0206010010,6.0,520.56
SIA,ES,202502,2358069,0211020036,24.0,123.6
SIA,ES,202502,4044916,0206010010,2.0,173.52
SIA,ES,202502,7557523,0206010010,1.0,86.76
SIA,ES,202502,2675218,0211020036,36.0,185.4
SIA,ES,202502,2403234,0211020036,123.0,633.45
SIA,ES,202502,4044916,0211020060,92.0,2760.0
SIA,ES,202502,2630036,0206030037,1.0,138.63
SIA,ES,202502,2547767,0211020036,832.0,4284.8
SIA,ES,202502,2448262,0211020036,11.0,56.65
SIA,ES,202502,2494345,0211020036,53.0,272.95
SIA,ES,202502,2403242,0206030029,1.0,86.75
SIA,ES,202502,2485826,0211020036,605.0,3115.75
SIA,ES,202502,2494442,0211020060,153.0,4590.0
SIA,ES,202502,5387582,0211020036,209.0,1076.35
SIA,ES,202502,2532174,0211020060,54.0,1620.0
SIA,ES,202502,2447479,0206030037,2.0,277.26
SIA,ES,202502,2547821,0211020060,60.0,1800.0
SIA,ES,202502,4101758,0211020036,27.0,139.05
SIA,ES,202502,3007472,0211020036,67.0,345.05
SIA,ES,202502,6845738,0211020036,89.0,458.35
SIA,ES,202502,2446774,0206030037,1.0,138.63
SIA,ES,202502,6517862,0211020036,97.0,499.55
SIA,ES,202502,2627752,0211020036,49.0,252.35
SIA,ES,202502,2499517,0211020036,78.0,401.7
SIA,ES,202502,9132813,0211020036,172.0,885.8
SIA,ES,202502,2446774,0206020031,1.0,136.41
SIA,ES,202502,2466058,0211020036,30.0,154.5
SIA,ES,202502,2403358,0211020036,13.0,66.95
SIA,ES,202502,2403129,0206010079,1.0,97.44
SIA,ES,202502,2447029,0211020060,3.0,90.0
SIA,ES,202502,2485141,0206030029,1.0,86.75
SIA,ES,202502,8004404,0211020036,461.0,2374.15
SIA,ES,202502,0011738,0211020060,132.0,3960.0
SIA,ES,202502,2485532,0206010044,1.0,86.75
SIA,ES,202502,4044630,0206010079,1.0,97.44
SIA,ES,202502,2484943,0211020036,130.0,669.5
SIA,ES,202502,2485680,0206030029,2.0,173.5
SIA,ES,202502,2485141,0211020036,45.0,231.75
SIA,ES,202502,2447479,0211020036,154.0,793.1
SIA,ES,202502,7100035,0211020036,49.0,252.35
SIA,ES,202502,2547090,0211020036,83.0,427.45
