sistema,uf,competencia,cnes,procedimento,qtd,valor
SIA,MG,202501,2127679,0211020036,136.0,700.4
SIA,MG,202501,2109867,0206030037,98.0,19600.0
SIA,MG,202501,2193310,0206010079,215.0,20949.6
SIA,MG,202501,2695626,0206020031,95.0,12958.95
SIA,MG,202501,2695626,0206030010,67.0,9288.21
SIA,MG,202501,2695626,0206010052,10.0,867.5
SIA,MG,202501,2153114,0206030010,40.0,5545.2
SIA,MG,202501,7455038,0211020036,589.0,3033.35
SIA,MG,202501,7954212,0211020036,1410.0,7261.5
SIA,MG,202501,0026840,0206030010,254.0,35212.02
SIA,MG,202501,2127601,0205010016,0.0,0.0
SIA,MG,202501,2200457,0206010010,29.0,2516.04
SIA,MG,202501,2118661,0206010079,81.0,7892.64
SIA,MG,202501,2118661,0211020036,197.0,1014.55
SIA,MG,202501,4034236,0206030010,147.0,20378.61
SIA,MG,202501,2695626,0206030037,60.0,8317.8
SIA,MG,202501,2695626,0206010079,96.0,9354.24
SIA,MG,202501,2695626,0206010044,8.0,694.0
SIA,MG,202501,4034236,0206010010,21.0,1821.96
SIA,MG,202501,2200457,0206010052,133.0,11537.75
SIA,MG,202501,2118661,0206010052,70.0,6072.5
SIA,MG,202501,2118661,0206030010,245.0,33964.35
SIA,MG,202501,2109867,0206010010,51.0,4424.76
SIA,MG,202501,2193310,0211020036,45.0,231.75
SIA,MG,202501,2193310,0206030037,110.0,15249.3
SIA,MG,202501,2193310,0206020031,80.0,10912.8
SIA,MG,202501,2193310,0206030029,5.0,433.75
SIA,MG,202501,0026840,0208010033,157.0,60141.99
SIA,MG,202501,0026840,0211020036,370.0,1905.5
SIA,MG,202501,2118661,0206020031,329.0,44878.89
SIA,MG,202501,4034236,0206010044,72.0,6246.0
SIA,MG,202501,4034236,0211020036,248.0,1277.2
SIA,MG,202501,4034236,0206010079,118.0,11497.92
SIA,MG,202501,7728786,0206030037,36.0,4990.68
SIA,MG,202501,2193310,0206030010,104.0,14417.52
SIA,MG,202501,2109867,0206010079,332.0,66400.0
SIA,MG,202501,2109867,0211020036,35.0,180.25
SIA,MG,202501,2200457,0206030010,738.0,102308.94
SIA,MG,202501,2118661,0206010028,21.0,2123.1
SIA,MG,202501,2200457,0206020031,825.0,112538.25
SIA,MG,202501,2200457,0206030037,776.0,107576.88
SIA,MG,202501,2153114,0206020031,59.0,8048.19
SIA,MG,202501,7954212,0206010079,43.0,4189.92
SIA,MG,202501,2153114,0206030037,57.0,7901.91
SIA,MG,202501,2153025,0206020031,38.0,5183.58
SIA,MG,202501,2153025,0206030010,39.0,5406.57
SIA,MG,202501,0026840,0206020031,359.0,48971.19
SIA,MG,202501,0026840,0211020060,58.0,1740.0
SIA,MG,202501,2153114,0205010016,5.0,825.0
SIA,MG,202501,7093284,0211020036,412.0,2121.8
SIA,MG,202501,2098938,0211020036,377.0,1941.55
SIA,MG,202501,2098938,0206010079,34.0,3312.96
SIA,MG,202501,2098938,0206020031,136.0,18551.76
SIA,MG,202501,2098938,0206030037,110.0,15249.3
SIA,MG,202501,2726726,0206030037,29.0,4020.27
SIA,MG,202501,7728786,0206030010,41.0,5683.83
SIA,MG,202501,2726726,0206010028,2.0,202.2
SIA,MG,202501,2127601,0206010079,0.0,0.0
SIA,MG,202501,7728786,0206010079,62.0,6041.28
SIA,MG,202501,2118661,0206030037,190.0,26339.7
SIA,MG,202501,5013739,0211020036,21.0,108.15
SIA,MG,202501,5013739,0211020060,133.0,3990.0
SIA,MG,202501,2200457,0211020036,476.0,2451.4
SIA,MG,202501,2115654,0211020036,87.0,448.05
SIA,MG,202501,4034236,0206030037,139.0,19269.57
SIA,MG,202501,2200457,0206010079,174.0,16954.56
SIA,MG,202501,4034236,0211020060,109.0,3270.0
SIA,MG,202501,2098938,0206030010,137.0,18992.31
SIA,MG,202501,2726726,0206010044,16.0,1388.0
SIA,MG,202501,0026840,0206010044,69.0,5985.75
SIA,MG,202501,0026840,0208010025,156.0,63729.12
SIA,MG,202501,0026840,0206010079,55.0,5359.2
SIA,MG,202501,0026840,0206030037,268.0,37152.84
SIA,MG,202501,2109867,0206020015,11.0,954.25
SIA,MG,202501,2200457,0206010036,35.0,3036.6
SIA,MG,202501,2098938,0206010028,5.0,505.5
SIA,MG,202501,2098938,0206010044,8.0,694.0
SIA,MG,202501,2109867,0206030010,97.0,19400.0
SIA,MG,202501,2109867,0206010028,54.0,10800.0
SIA,MG,202501,2109867,0206030029,10.0,867.5
SIA,MG,202501,2109867,0206010036,19.0,3800.0
SIA,MG,202501,2118661,0206010010,7.0,607.32
SIA,MG,202501,2125943,0211020060,61.0,1830.0
SIA,MG,202501,2153106,0206010079,12.0,1169.28
SIA,MG,202501,2153106,0206030037,63.0,8733.69
SIA,MG,202501,9141839,0206010044,32.0,2776.0
SIA,MG,202501,9141839,0206010079,271.0,26406.24
SIA,MG,202501,2195585,0211020036,172.0,885.8
SIA,MG,202501,2165058,0206030010,218.0,30221.34
SIA,MG,202501,2165058,0206010036,11.0,954.36
SIA,MG,202501,2193310,0206010028,22.0,2224.2
SIA,MG,202501,2165058,0206020031,226.0,30828.66
SIA,MG,202501,2210924,0206010079,61.0,5943.84
SIA,MG,202501,2695677,0211020036,11.0,56.65
SIA,MG,202501,7903782,0211020036,81.0,417.15
SIA,MG,202501,2153106,0206010044,7.0,607.25
SIA,MG,202501,2210924,0206020015,12.0,1041.0
SIA,MG,202501,4034236,0206020031,151.0,20597.91
SIA,MG,202501,2759292,0211020036,194.0,999.1
SIA,MG,202501,3065936,0206020031,132.0,18006.12
SIA,MG,202501,2153106,0206010052,25.0,2168.75
SIA,MG,202501,3065936,0206030037,96.0,13308.48
SIA,MG,202501,3065936,0206010044,160.0,13880.0
SIA,MG,202501,3183882,0211020036,259.0,1333.85
SIA,MG,202501,9141839,0206030037,126.0,17467.38
SIA,MG,202501,3183882,0211020060,229.0,6870.0
SIA,MG,202501,0027014,0206010052,75.0,6506.25
SIA,MG,202501,2165058,0206020023,24.0,2082.0
SIA,MG,202501,2098938,0208010033,43.0,16472.01
SIA,MG,202501,2118882,0211020036,99.0,509.85
SIA,MG,202501,0027014,0206010028,12.0,1213.2
SIA,MG,202501,0027014,0206030037,409.0,56699.67
SIA,MG,202501,0027014,0206010044,25.0,2168.75
SIA,MG,202501,0027014,0206020031,551.0,75161.91
SIA,MG,202501,0027014,0206030010,442.0,61274.46
SIA,MG,202501,2165058,0206010079,102.0,9938.88
SIA,MG,202501,2165058,0206010052,34.0,2949.5
SIA,MG,202501,2726726,0206010079,41.0,3995.04
SIA,MG,202501,7581645,0208010025,18.0,7353.36
SIA,MG,202501,2165058,0211020036,65.0,334.75
SIA,MG,202501,0027014,0211020036,513.0,2641.95
SIA,MG,202501,9141839,0206030010,128.0,17744.64
SIA,MG,202501,9141839,0206020015,16.0,1388.0
SIA,MG,202501,2125943,0211020036,143.0,736.45
SIA,MG,202501,5013739,0205010016,8.0,1320.0
SIA,MG,202501,0027014,0206010079,98.0,9549.12
SIA,MG,202501,2200457,0206010044,63.0,5465.25
SIA,MG,202501,7954212,0211020060,49.0,1470.0
SIA,MG,202501,2165058,0208010025,35.0,14298.2
SIA,MG,202501,2165058,0208010033,35.0,13407.45
SIA,MG,202501,2759292,0206010044,2.0,173.5
SIA,MG,202501,2109867,0206020031,56.0,11200.0
SIA,MG,202501,2153106,0206030010,54.0,7486.02
SIA,MG,202501,6457177,0211020036,115.0,592.25
SIA,MG,202501,2195585,0206020031,7.0,954.87
SIA,MG,202501,3065936,0206010079,127.0,12374.88
SIA,MG,202501,0027014,0211020060,170.0,5100.0
SIA,MG,202501,3065936,0206030029,5.0,433.75
SIA,MG,202501,3065936,0206030010,108.0,14972.04
SIA,MG,202501,2200457,0206010028,53.0,5358.3
SIA,MG,202501,2153106,0206020031,66.0,9003.06
SIA,MG,202501,2165058,0206010044,21.0,1821.75
SIA,MG,202501,2165058,0206030037,225.0,31191.75
SIA,MG,202501,2153114,0206010044,8.0,694.0
SIA,MG,202501,2153114,0206010052,8.0,694.0
SIA,MG,202501,9141839,0206020023,13.0,1127.75
SIA,MG,202501,2195585,0211020060,3.0,90.0
SIA,MG,202501,9141839,0206020031,54.0,7366.14
SIA,MG,202501,9141839,0206010028,30.0,3033.0
SIA,MG,202501,2726726,0206010010,17.0,1474.92
SIA,MG,202501,2153106,0206010028,3.0,303.3
SIA,MG,202501,2759292,0206020031,3.0,409.23
SIA,MG,202501,2726726,0206030010,29.0,4020.27
SIA,MG,202501,9141839,0211020036,60.0,309.0
SIA,MG,202501,2118661,0206010044,24.0,2082.0
SIA,MG,202501,2195585,0206010079,39.0,3800.16
SIA,MG,202501,2726726,0206020031,22.0,3001.02
SIA,MG,202501,2153025,0206030037,46.0,6376.98
SIA,MG,202501,3065936,0206010028,11.0,1112.1
SIA,MG,202501,2165058,0206010028,17.0,1718.7
SIA,MG,202501,2195585,0206030010,16.0,2218.08
SIA,MG,202501,2127601,0206030010,0.0,0.0
SIA,MG,202501,0026840,0206010052,83.0,7200.25
SIA,MG,202501,3183882,0205010016,11.0,1815.0
SIA,MG,202501,2118661,0206010036,10.0,867.6
SIA,MG,202501,9141839,0206010060,3.0,292.32
SIA,MG,202501,2153106,0206010036,2.0,173.52
SIA,MG,202501,2118661,0211020060,14.0,420.0
SIA,MG,202501,9141839,0206010010,18.0,1561.68
SIA,MG,202501,6442560,0206030037,9.0,1247.67
SIA,MG,202501,2193310,0206020015,6.0,520.5
SIA,MG,202501,3065936,0206010010,11.0,954.36
SIA,MG,202501,2098938,0208010025,43.0,17566.36
SIA,MG,202501,0027014,0206010010,10.0,867.6
SIA,MG,202501,2726726,0206010052,3.0,260.25
SIA,MG,202501,2695626,0206020023,5.0,433.75
SIA,MG,202501,7728786,0206020031,44.0,6002.04
SIA,MG,202501,2193310,0206010010,6.0,520.56
SIA,MG,202501,9141839,0206030029,9.0,780.75
SIA,MG,202501,0026840,0206030029,4.0,347.0
SIA,MG,202501,4034236,0206010036,19.0,1648.44
SIA,MG,202501,4034236,0206010028,26.0,2628.6
SIA,MG,202501,7866801,0206030037,117.0,16219.71
SIA,MG,202501,2695324,0206030037,567.0,78603.21
SIA,MG,202501,2126346,0206010052,7.0,607.25
SIA,MG,202501,2759292,0206030037,3.0,415.89
SIA,MG,202501,2165058,0206010010,5.0,433.8
SIA,MG,202501,2695626,0206030029,3.0,260.25
SIA,MG,202501,2127601,0206020031,0.0,0.0
SIA,MG,202501,2127601,0206010044,0.0,0.0
SIA,MG,202501,4034236,0206010052,24.0,2082.0
SIA,MG,202501,0480738,0211020036,5361.0,27609.15
SIA,MG,202501,2152045,0206030037,45.0,6238.35
SIA,MG,202501,2152045,0206030010,50.0,6931.5
SIA,MG,202501,2153025,0206010028,3.0,303.3
SIA,MG,202501,2193310,0206010052,4.0,347.0
SIA,MG,202501,2153114,0206010079,12.0,1169.28
SIA,MG,202501,2152045,0206020031,56.0,7638.96
SIA,MG,202501,0027014,0208010025,13.0,5310.76
SIA,MG,202501,4034236,0211020010,232.0,169369.28
SIA,MG,202501,2127601,0206030037,0.0,0.0
SIA,MG,202501,0027014,0206020023,4.0,347.0
SIA,MG,202501,0026840,0206010028,11.0,1112.1
SIA,MG,202501,2098938,0206030029,1.0,86.75
SIA,MG,202501,2098938,0206010010,1.0,86.76
SIA,MG,202501,2098938,0206010052,17.0,1474.75
SIA,MG,202501,0027014,0208010033,11.0,4213.77
SIA,MG,202501,2695626,0206020015,1.0,86.75
SIA,MG,202501,2109867,0206010044,33.0,6600.0
SIA,MG,202501,0027049,0211020010,6.0,4380.24
SIA,MG,202501,0026808,0211020036,2120.0,10918.0
SIA,MG,202501,2759292,0206030010,5.0,693.15
SIA,MG,202501,2118661,0206020023,3.0,260.25
SIA,MG,202501,7581645,0208010033,18.0,6895.26
SIA,MG,202501,7728786,0206010044,13.0,1127.75
SIA,MG,202501,2193310,0206010044,14.0,1214.5
SIA,MG,202501,2118661,0206030029,6.0,520.5
SIA,MG,202501,3462994,0206010095,17.0,35822.74
SIA,MG,202501,3065936,0206010036,6.0,520.56
SIA,MG,202501,2210924,0206030010,9.0,1247.67
SIA,MG,202501,0027014,0206010036,11.0,954.36
SIA,MG,202501,2195585,0206020023,4.0,347.0
SIA,MG,202501,2195585,0206030029,1.0,86.75
SIA,MG,202501,9650105,0211020010,53.0,38692.12
SIA,MG,202501,2195585,0206010044,4.0,347.0
SIA,MG,202501,2195585,0206030037,15.0,2079.45
SIA,MG,202501,2109867,0206010052,6.0,520.5
SIA,MG,202501,2695626,0206010028,7.0,707.7
SIA,MG,202501,2695634,0211020010,2.0,1460.08
SIA,MG,202501,2195585,0206010052,3.0,260.25
SIA,MG,202501,2200422,0211020010,33.0,24091.32
SIA,MG,202501,2200457,0206010095,12.0,25286.64
SIA,MG,202501,0027391,0206010095,110.0,231794.2
SIA,MG,202501,2127601,0206010028,0.0,0.0
SIA,MG,202501,2200457,0206030029,8.0,694.0
SIA,MG,202501,2210924,0206010010,1.0,86.76
SIA,MG,202501,2210924,0206010044,5.0,433.75
SIA,MG,202501,3032191,0211020036,4.0,20.6
SIA,MG,202501,7728786,0206010028,3.0,303.3
SIA,MG,202501,2219646,0211020010,21.0,15330.84
SIA,MG,202501,6442560,0206020031,6.0,818.46
SIA,MG,202501,2210924,0206020031,13.0,1773.33
SIA,MG,202501,0026808,0211020010,24.0,17520.96
SIA,MG,202501,2726726,0206020023,1.0,86.75
SIA,MG,202501,9141839,0206010036,1.0,86.76
SIA,MG,202501,7728786,0206010052,5.0,433.75
SIA,MG,202501,4034236,0206020015,3.0,260.25
SIA,MG,202501,6875343,0211020036,692.0,3563.8
SIA,MG,202501,7525427,0211020036,648.0,3337.2
SIA,MG,202501,0027863,0206030010,98.0,13585.74
SIA,MG,202501,0027863,0206010028,49.0,4953.9
SIA,MG,202501,6210902,0211020036,714.0,3677.1
SIA,MG,202501,0027863,0206030037,101.0,14001.63
SIA,MG,202501,2200422,0208010033,182.0,69718.74
SIA,MG,202501,2200422,0208010025,160.0,65363.2
SIA,MG,202501,0027863,0206010079,345.0,33616.8
SIA,MG,202501,3464334,0205010016,0.0,0.0
SIA,MG,202501,2184834,0206030010,95.0,13169.85
SIA,MG,202501,2184834,0206020031,108.0,14732.28
SIA,MG,202501,7691904,0211020036,324.0,1668.6
SIA,MG,202501,0027863,0206010010,85.0,7374.6
SIA,MG,202501,0027863,0206010044,46.0,3990.5
SIA,MG,202501,2200422,0211020060,47.0,1410.0
SIA,MG,202501,0027863,0211020036,147.0,757.05
SIA,MG,202501,2184834,0206030037,69.0,9565.47
SIA,MG,202501,3464334,0206010028,0.0,0.0
SIA,MG,202501,2184834,0206010079,8.0,779.52
SIA,MG,202501,2200422,0206030010,30.0,4158.9
SIA,MG,202501,2195585,0206010028,2.0,202.2
SIA,MG,202501,0026859,0211020010,7.0,5110.28
SIA,MG,202501,2200422,0211020036,18.0,92.7
SIA,MG,202501,9889167,0208010033,9.0,3447.63
SIA,MG,202501,3464334,0211020060,0.0,0.0
SIA,MG,202501,2200422,0206020031,25.0,3410.25
SIA,MG,202501,0027863,0206010036,28.0,2429.28
SIA,MG,202501,3464334,0206010079,0.0,0.0
SIA,MG,202501,3464334,0206010010,0.0,0.0
SIA,MG,202501,2184834,0206010052,4.0,347.0
SIA,MG,202501,0027863,0206020031,56.0,7638.96
SIA,MG,202501,2210924,0206010028,4.0,404.4
SIA,MG,202501,6274773,0206030010,4.0,554.52
SIA,MG,202501,6274773,0206010028,1.0,101.1
SIA,MG,202501,0957100,0211020036,19.0,97.85
SIA,MG,202501,6442560,0206010052,1.0,86.75
SIA,MG,202501,0026840,0205010016,1.0,165.0
SIA,MG,202501,2210924,0206010036,2.0,173.52
SIA,MG,202501,0027278,0206020031,5.0,682.05
SIA,MG,202501,2200422,0206030037,31.0,4297.53
SIA,MG,202501,2200457,0206020023,8.0,694.0
SIA,MG,202501,6571573,0211020036,100.0,515.0
SIA,MG,202501,0027049,0206020031,276.0,37649.16
SIA,MG,202501,0027049,0206030010,280.0,38816.4
SIA,MG,202501,0027049,0206030037,262.0,36321.06
SIA,MG,202501,0027049,0206010028,15.0,1516.5
SIA,MG,202501,0027049,0206010079,186.0,18123.84
SIA,MG,202501,2695111,0211020036,426.0,2193.9
SIA,MG,202501,2098938,0206020015,2.0,173.5
SIA,MG,202501,0633186,0206030037,22.0,3049.86
SIA,MG,202501,0633186,0206020031,44.0,6002.04
SIA,MG,202501,2164817,0211020036,246.0,1266.9
SIA,MG,202501,2200422,0206010079,4.0,389.76
SIA,MG,202501,2153114,0211020010,21.0,15330.84
SIA,MG,202501,0027049,0208010025,75.0,30639.0
SIA,MG,202501,2153084,0211020010,21.0,15330.84
SIA,MG,202501,7417659,0211020036,527.0,2714.05
SIA,MG,202501,9889167,0208010025,9.0,3676.68
SIA,MG,202501,0026808,0211020060,104.0,3120.0
SIA,MG,202501,2200422,0206010044,10.0,867.5
SIA,MG,202501,0026808,0206020031,56.0,7638.96
SIA,MG,202501,2210924,0206030037,10.0,1386.3
SIA,MG,202501,2219638,0211020010,33.0,24091.32
SIA,MG,202501,2149990,0206020031,388.0,52927.08
SIA,MG,202501,2149990,0206010079,453.0,44140.32
SIA,MG,202501,2149990,0206010036,10.0,867.6
SIA,MG,202501,2149990,0206010010,63.0,5465.88
SIA,MG,202501,2149990,0206030037,390.0,54065.7
SIA,MG,202501,2149990,0206010052,38.0,3296.5
SIA,MG,202501,2149990,0206030010,420.0,58224.6
SIA,MG,202501,7856733,0211020036,193.0,993.95
SIA,MG,202501,2210924,0206010052,1.0,86.75
SIA,MG,202501,2695634,0211020036,13.0,66.95
SIA,MG,202501,0027049,0206010044,18.0,1561.5
SIA,MG,202501,0027278,0206010079,2.0,194.88
SIA,MG,202501,0026808,0208010025,8.0,3268.16
SIA,MG,202501,0026808,0206030010,49.0,6792.87
SIA,MG,202501,0026808,0206030037,48.0,6654.24
SIA,MG,202501,0633186,0206010079,43.0,4189.92
SIA,MG,202501,2184834,0211020036,23.0,118.45
SIA,MG,202501,0027049,0208010033,75.0,28730.25
SIA,MG,202501,2219654,0206010028,44.0,4448.4
SIA,MG,202501,2219654,0206010079,113.0,11010.72
SIA,MG,202501,2219654,0206030010,297.0,41173.11
SIA,MG,202501,2219654,0206030037,306.0,42420.78
SIA,MG,202501,2184834,0206010028,7.0,707.7
SIA,MG,202501,0633186,0206010028,5.0,505.5
SIA,MG,202501,0633186,0206010044,10.0,867.5
SIA,MG,202501,0633186,0206010052,1.0,86.75
SIA,MG,202501,3464334,0211020036,0.0,0.0
SIA,MG,202501,2192896,0206010010,140.0,12146.4
SIA,MG,202501,2192896,0206010079,708.0,68987.52
SIA,MG,202501,2192896,0206020031,64.0,8730.24
SIA,MG,202501,2192896,0206030037,246.0,34102.98
SIA,MG,202501,2192896,0211020036,181.0,932.15
SIA,MG,202501,2149990,0206010044,78.0,6766.5
SIA,MG,202501,2149990,0206020015,8.0,694.0
SIA,MG,202501,2192896,0206010028,194.0,19613.4
SIA,MG,202501,2192896,0206010036,60.0,5205.6
SIA,MG,202501,2192896,0206030010,245.0,33964.35
SIA,MG,202501,2153084,0206030037,18.0,2495.34
SIA,MG,202501,3464334,0206030037,0.0,0.0
SIA,MG,202501,2149990,0211020060,17.0,510.0
SIA,MG,202501,2149990,0206030029,12.0,1041.0
SIA,MG,202501,0027014,0211020010,48.0,35041.92
SIA,MG,202501,2775999,0211020010,8.0,5840.32
SIA,MG,202501,3464334,0206030010,0.0,0.0
SIA,MG,202501,0026859,0211020036,98.0,504.7
SIA,MG,202501,0026921,0206010079,708.0,68987.52
SIA,MG,202501,0026921,0206010036,61.0,5292.36
SIA,MG,202501,0026921,0206010010,185.0,16050.6
SIA,MG,202501,0026921,0206030029,26.0,2255.5
SIA,MG,202501,0026921,0206030037,113.0,15665.19
SIA,MG,202501,0026921,0206030010,109.0,15110.67
SIA,MG,202501,0026921,0206010044,94.0,8154.5
SIA,MG,202501,2149990,0206010028,34.0,3437.4
SIA,MG,202501,2200422,0206020023,1.0,86.75
SIA,MG,202501,2153084,0206010060,3.0,292.32
SIA,MG,202501,0027863,0206030029,3.0,260.25
SIA,MG,202501,2192896,0206010044,60.0,5205.0
SIA,MG,202501,0026840,0211020010,20.0,14600.8
SIA,MG,202501,2219654,0206020031,103.0,14050.23
SIA,MG,202501,2219654,0206030029,21.0,1821.75
SIA,MG,202501,2219654,0206020015,33.0,2862.75
SIA,MG,202501,0027863,0206010052,8.0,694.0
SIA,MG,202501,0027049,0206010036,6.0,520.56
SIA,MG,202501,0027049,0205010016,9.0,1485.0
SIA,MG,202501,0027049,0206010052,29.0,2515.75
SIA,MG,202501,0026948,0211020036,47.0,242.05
SIA,MG,202501,2193310,0206010036,2.0,173.52
SIA,MG,202501,2192896,0206020015,31.0,2689.25
SIA,MG,202501,2153882,0211020010,13.0,9490.52
SIA,MG,202501,0026859,0206030037,54.0,7486.02
SIA,MG,202501,0026921,0206010028,76.0,7683.6
SIA,MG,202501,0026921,0206020031,48.0,6547.68
SIA,MG,202501,0026859,0206030010,58.0,8040.54
SIA,MG,202501,0026921,0211020036,814.0,4192.1
SIA,MG,202501,0026859,0206020031,73.0,9957.93
SIA,MG,202501,0026921,0206020023,28.0,2429.0
SIA,MG,202501,0026921,0206020015,19.0,1648.25
SIA,MG,202501,3464334,0206020031,0.0,0.0
SIA,MG,202501,0026808,0206010044,25.0,2168.75
SIA,MG,202501,0027049,0211020060,84.0,2520.0
SIA,MG,202501,0026808,0206010052,13.0,1127.75
SIA,MG,202501,0026808,0206010010,5.0,433.8
SIA,MG,202501,2210924,0206030029,9.0,780.75
SIA,MG,202501,0026859,0211020060,4.0,120.0
SIA,MG,202501,2208172,0211020010,26.0,18981.04
SIA,MG,202501,2192896,0206020023,33.0,2862.75
SIA,MG,202501,2219654,0206010010,20.0,1735.2
SIA,MG,202501,2192896,0206010052,10.0,867.5
SIA,MG,202501,2192896,0206030029,23.0,1995.25
SIA,MG,202501,4034236,0206010060,4.0,389.76
SIA,MG,202501,2153882,0206020031,3.0,409.23
SIA,MG,202501,0026808,0206010079,58.0,5651.52
SIA,MG,202501,2153084,0206010044,2.0,173.5
SIA,MG,202501,2153084,0206020031,13.0,1773.33
SIA,MG,202501,2153084,0206030010,19.0,2633.97
SIA,MG,202501,2219654,0206010052,8.0,694.0
SIA,MG,202501,2149990,0211020036,272.0,1400.8
SIA,MG,202501,0027863,0206020023,2.0,173.5
SIA,MG,202501,0027278,0206010044,1.0,86.75
SIA,MG,202501,2098938,0206010036,2.0,173.52
SIA,MG,202501,6601804,0211020010,48.0,35041.92
SIA,MG,202501,2098938,0206010060,1.0,97.44
SIA,MG,202501,7976550,0206010095,20.0,42144.4
SIA,MG,202501,0027863,0206020015,5.0,433.75
SIA,MG,202501,3464334,0206020015,0.0,0.0
SIA,MG,202501,0633186,0206030010,21.0,2911.23
SIA,MG,202501,2153025,0206010052,3.0,260.25
SIA,MG,202501,2153882,0211020036,50.0,257.5
SIA,MG,202501,2153882,0211020060,30.0,900.0
SIA,MG,202501,2219654,0206020023,14.0,1214.5
SIA,MG,202501,9141839,0206010052,5.0,433.75
SIA,MG,202501,2165058,0206030029,2.0,173.5
SIA,MG,202501,3464334,0206010044,0.0,0.0
SIA,MG,202501,0023272,0211020036,583.0,3002.45
SIA,MG,202501,2149990,0211020010,11.0,8030.44
SIA,MG,202501,5617286,0211020036,161.0,829.15
SIA,MG,202501,3698548,0206010010,38.0,3296.88
SIA,MG,202501,3698548,0206010079,260.0,25334.4
SIA,MG,202501,3698548,0206030010,104.0,14417.52
SIA,MG,202501,3698548,0211020036,138.0,710.7
SIA,MG,202501,2184834,0206020015,1.0,86.75
SIA,MG,202501,0027014,0205010016,1.0,165.0
SIA,MG,202501,2126494,0206030037,237.0,32855.31
SIA,MG,202501,6700675,0211020036,479.0,2466.85
SIA,MG,202501,2126494,0206010079,381.0,37124.64
SIA,MG,202501,2138875,0206010079,48.0,4677.12
SIA,MG,202501,0027014,0206030029,1.0,86.75
SIA,MG,202501,2200422,0206030029,1.0,86.75
SIA,MG,202501,2126494,0206030029,61.0,5291.75
SIA,MG,202501,3004791,0206020023,40.0,3470.0
SIA,MG,202501,2138875,0206030010,18.0,2495.34
SIA,MG,202501,2126494,0206030010,198.0,27448.74
SIA,MG,202501,0265373,0208010033,28.0,10725.96
SIA,MG,202501,2118904,0208010033,16.0,6129.12
SIA,MG,202501,2184834,0206010036,4.0,347.04
SIA,MG,202501,0265373,0208010025,28.0,11438.56
SIA,MG,202501,2118904,0208010025,16.0,6536.32
SIA,MG,202501,3004791,0206010028,32.0,3235.2
SIA,MG,202501,2126494,0206010044,38.0,3296.5
SIA,MG,202501,2126494,0206010028,45.0,4549.5
SIA,MG,202501,2126494,0206020015,31.0,2689.25
SIA,MG,202501,2126494,0206020031,137.0,18688.17
SIA,MG,202501,3004791,0206010010,13.0,1127.88
SIA,MG,202501,6274773,0206030037,2.0,277.26
SIA,MG,202501,2126494,0206010010,106.0,9196.56
SIA,MG,202501,2126494,0206010036,30.0,2602.8
SIA,MG,202501,3494179,0211020036,299.0,1539.85
SIA,MG,202501,2219654,0206010044,12.0,1041.0
SIA,MG,202501,6274773,0206010079,5.0,487.2
SIA,MG,202501,2152940,0211020036,545.0,2806.75
SIA,MG,202501,3004791,0206030029,37.0,3209.75
SIA,MG,202501,3065936,0206020015,1.0,86.75
SIA,MG,202501,3004791,0206030037,9.0,1247.67
SIA,MG,202501,3004791,0206030010,3.0,415.89
SIA,MG,202501,3464334,0206030029,0.0,0.0
SIA,MG,202501,0027049,0206030029,2.0,173.5
SIA,MG,202501,0633186,0206010060,1.0,97.44
SIA,MG,202501,3004791,0206010052,2.0,173.5
SIA,MG,202501,5338905,0206030037,8.0,1109.04
SIA,MG,202501,3004791,0206010079,50.0,4872.0
SIA,MG,202501,0027049,0206020015,2.0,173.5
SIA,MG,202501,2181770,0211020036,1.0,5.15
SIA,MG,202501,2126494,0206020023,14.0,1214.5
SIA,MG,202501,0027049,0206010010,4.0,347.04
SIA,MG,202501,2153084,0211020060,10.0,300.0
SIA,MG,202501,2153084,0206030029,5.0,433.75
SIA,MG,202501,3698548,0206030037,30.0,4158.9
SIA,MG,202501,3698548,0206020031,52.0,7093.32
SIA,MG,202501,0027049,0211020036,143.0,736.45
SIA,MG,202501,2219654,0211020036,436.0,2245.4
SIA,MG,202501,2153106,0206020015,2.0,173.5
SIA,MG,202501,0026859,0206010079,8.0,779.52
SIA,MG,202501,0026859,0206010052,5.0,433.75
SIA,MG,202501,3004791,0206020031,5.0,682.05
SIA,MG,202501,3698548,0206010028,17.0,1718.7
SIA,MG,202501,2219654,0206010036,8.0,694.08
SIA,MG,202501,2153084,0206010079,10.0,974.4
SIA,MG,202501,5338905,0206010079,10.0,974.4
SIA,MG,202501,3698548,0206010044,25.0,2168.75
SIA,MG,202501,0026921,0206010052,10.0,867.5
SIA,MG,202501,7104804,0211020036,378.0,1946.7
SIA,MG,202501,3698548,0206020015,3.0,260.25
SIA,MG,202501,3698548,0206010036,14.0,1214.64
SIA,MG,202501,2126117,0211020036,30.0,154.5
SIA,MG,202501,2206528,0206020031,138.0,27600.0
SIA,MG,202501,2206528,0211020036,371.0,1910.65
SIA,MG,202501,2205440,0206020031,515.0,70251.15
SIA,MG,202501,2222043,0211020036,224.0,1153.6
SIA,MG,202501,0026859,0206010044,2.0,173.5
SIA,MG,202501,0026859,0206010036,1.0,86.76
SIA,MG,202501,2138875,0206030037,17.0,2356.71
SIA,MG,202501,2126494,0211020036,677.0,3486.55
SIA,MG,202501,2775999,0206020031,294.0,40104.54
SIA,MG,202501,2775999,0206030037,295.0,40895.85
SIA,MG,202501,2219638,0206010044,30.0,2602.5
SIA,MG,202501,2219646,0206020031,211.0,28782.51
SIA,MG,202501,2775999,0206010044,21.0,1821.75
SIA,MG,202501,9650105,0206010028,90.0,9099.0
SIA,MG,202501,2219646,0211020036,153.0,787.95
SIA,MG,202501,2219638,0206030010,91.0,12615.33
SIA,MG,202501,2219638,0206030037,97.0,13447.11
SIA,MG,202501,2219638,0206020031,49.0,6684.09
SIA,MG,202501,9650105,0206030037,502.0,69592.26
SIA,MG,202501,2775999,0206010079,96.0,9354.24
SIA,MG,202501,2153084,0206010028,2.0,202.2
SIA,MG,202501,0023582,0211020036,366.0,1884.9
SIA,MG,202501,9650105,0206030010,490.0,67928.7
SIA,MG,202501,4042751,0211020036,476.0,2451.4
SIA,MG,202501,9650105,0206020031,303.0,41332.23
SIA,MG,202501,9650105,0206010079,375.0,36540.0
SIA,MG,202501,2219638,0206010079,204.0,19877.76
SIA,MG,202501,2219646,0206030037,112.0,15526.56
SIA,MG,202501,2219646,0206030010,162.0,22458.06
SIA,MG,202501,2219638,0211020036,157.0,808.55
SIA,MG,202501,2219638,0206010028,114.0,11525.4
SIA,MG,202501,9650105,0206010044,58.0,5031.5
SIA,MG,202501,2775999,0206030010,279.0,38677.77
SIA,MG,202501,0026808,0208010033,8.0,3064.56
SIA,MG,202501,2138875,0206020031,3.0,409.23
SIA,MG,202501,0633186,0206010036,3.0,260.28
SIA,MG,202501,2146355,0206030037,225.0,31191.75
SIA,MG,202501,0633186,0206010010,2.0,173.52
SIA,MG,202501,9980865,0211020036,237.0,1220.55
SIA,MG,202501,6601804,0206030029,59.0,5118.25
SIA,MG,202501,6601804,0206010079,269.0,26211.36
SIA,MG,202501,2138875,0211020036,12.0,61.8
SIA,MG,202501,2206595,0206030037,96.0,13308.48
SIA,MG,202501,2146355,0206030010,221.0,30637.23
SIA,MG,202501,9068279,0211020036,651.0,3352.65
SIA,MG,202501,2219638,0206010010,31.0,2689.56
SIA,MG,202501,3004791,0206020015,12.0,1041.0
SIA,MG,202501,2209179,0206010044,110.0,9542.5
SIA,MG,202501,2146355,0211020036,323.0,1663.45
SIA,MG,202501,2205440,0211020036,311.0,1601.65
SIA,MG,202501,6601804,0206020031,191.0,26054.31
SIA,MG,202501,2206595,0206010079,212.0,20657.28
SIA,MG,202501,2206595,0211020036,481.0,2477.15
SIA,MG,202501,2149990,0206020023,3.0,260.25
SIA,MG,202501,2153882,0206010060,1.0,97.44
SIA,MG,202501,2206528,0206030037,143.0,28600.0
SIA,MG,202501,2205440,0206030037,396.0,54897.48
SIA,MG,202501,2205440,0206030010,411.0,56976.93
SIA,MG,202501,2205440,0208010033,12.0,4596.84
SIA,MG,202501,2205440,0206010079,162.0,15785.28
SIA,MG,202501,2146355,0206010044,31.0,2689.25
SIA,MG,202501,2146355,0206020023,5.0,433.75
SIA,MG,202501,5338905,0206030010,8.0,1109.04
SIA,MG,202501,2098474,0211020036,424.0,2183.6
SIA,MG,202501,6601804,0211020036,45.0,231.75
SIA,MG,202501,2221772,0211020036,50.0,257.5
SIA,MG,202501,2126494,0206010052,4.0,347.0
SIA,MG,202501,2726726,0206020015,4.0,347.0
SIA,MG,202501,2138875,0206010044,5.0,433.75
SIA,MG,202501,2127601,0211020060,0.0,0.0
SIA,MG,202501,2127601,0206010052,0.0,0.0
SIA,MG,202501,2152967,0211020036,37.0,190.55
SIA,MG,202501,3698548,0206030029,6.0,520.5
SIA,MG,202501,2222043,0206030037,128.0,17744.64
SIA,MG,202501,2222043,0206020031,145.0,19779.45
SIA,MG,202501,2222043,0206010010,30.0,2602.8
SIA,MG,202501,9650105,0206010010,30.0,2602.8
SIA,MG,202501,6601804,0206020015,34.0,2949.5
SIA,MG,202501,0022683,0211020036,595.0,3064.25
SIA,MG,202501,2695626,0206010036,1.0,86.76
SIA,MG,202501,2118661,0205010016,2.0,330.0
SIA,MG,202501,2127601,0206010010,0.0,0.0
SIA,MG,202501,2219646,0206010052,45.0,3903.75
SIA,MG,202501,2775999,0206010036,14.0,1214.64
SIA,MG,202501,2206595,0206030010,111.0,15387.93
SIA,MG,202501,2206595,0206020023,29.0,2515.75
SIA,MG,202501,2695626,0206010010,1.0,86.76
SIA,MG,202501,2775999,0206010052,43.0,3730.25
SIA,MG,202501,9650105,0211020036,104.0,535.6
SIA,MG,202501,2221616,0211020036,301.0,1550.15
SIA,MG,202501,2206528,0206030010,143.0,28600.0
SIA,MG,202501,2126052,0211020036,836.0,4305.4
SIA,MG,202501,2206528,0206010079,16.0,3200.0
SIA,MG,202501,2206528,0206010052,3.0,260.25
SIA,MG,202501,3698548,0206010052,1.0,86.75
SIA,MG,202501,0053430,0211020036,2.0,10.3
SIA,MG,202501,2726726,0206030029,1.0,86.75
SIA,MG,202501,2138875,0206010052,1.0,86.75
SIA,MG,202501,3170527,0211020036,1.0,5.15
SIA,MG,202501,2118661,0206020015,1.0,86.75
SIA,MG,202501,0026808,0206030029,2.0,173.5
SIA,MG,202501,2146355,0206020031,209.0,28509.69
SIA,MG,202501,2146355,0206010079,156.0,15200.64
SIA,MG,202501,6766471,0211020060,21.0,630.0
SIA,MG,202501,3004791,0206010036,4.0,347.04
SIA,MG,202501,6601804,0206030010,187.0,25923.81
SIA,MG,202501,2138875,0206010010,3.0,260.28
SIA,MG,202501,2222043,0206010044,27.0,2342.25
SIA,MG,202501,2222043,0206010052,1.0,86.75
SIA,MG,202501,9980865,0211020060,59.0,1770.0
SIA,MG,202501,2208156,0211020036,22.0,113.3
SIA,MG,202501,2153114,0211020036,31.0,159.65
SIA,MG,202501,2153114,0211020060,10.0,300.0
SIA,MG,202501,6601804,0206030037,124.0,17190.12
SIA,MG,202501,5338905,0206020031,4.0,545.64
SIA,MG,202501,2153114,0206010028,2.0,202.2
SIA,MG,202501,2200422,0206010028,1.0,101.1
SIA,MG,202501,2152045,0206010028,3.0,303.3
SIA,MG,202501,0480738,0211020060,41.0,1230.0
SIA,MG,202501,2695324,0206030010,589.0,81653.07
SIA,MG,202501,6102174,0206030037,0.0,0.0
SIA,MG,202501,2695324,0211020036,346.0,1781.9
SIA,MG,202501,7866801,0211020036,190.0,978.5
SIA,MG,202501,0026964,0206030010,361.0,50045.43
SIA,MG,202501,0026964,0206010052,96.0,8328.0
SIA,MG,202501,0026964,0206030037,331.0,45886.53
SIA,MG,202501,2208172,0206010079,170.0,16564.8
SIA,MG,202501,0026964,0206020031,454.0,61930.14
SIA,MG,202501,2218798,0206030010,68.0,9426.84
SIA,MG,202501,2191512,0211020036,496.0,2554.4
SIA,MG,202501,6102174,0206010079,0.0,0.0
SIA,MG,202501,3918416,0211020036,26.0,133.9
SIA,MG,202501,2695324,0206020031,681.0,92895.21
SIA,MG,202501,0026964,0206010028,11.0,1112.1
SIA,MG,202501,2695324,0206010079,103.0,10036.32
SIA,MG,202501,2152037,0206030037,6.0,831.78
SIA,MG,202501,0023310,0211020036,303.0,1560.45
SIA,MG,202501,3698548,0206020023,1.0,86.75
SIA,MG,202501,2152045,0206010079,63.0,6138.72
SIA,MG,202501,2218798,0206030037,60.0,8317.8
SIA,MG,202501,2208172,0206010028,42.0,4246.2
SIA,MG,202501,0026964,0206010079,23.0,2241.12
SIA,MG,202501,2218798,0206010079,24.0,2338.56
SIA,MG,202501,0027022,0206010079,31.0,3020.64
SIA,MG,202501,2208172,0206030037,38.0,5267.94
SIA,MG,202501,2208172,0206010044,13.0,1127.75
SIA,MG,202501,3918416,0211020060,116.0,3480.0
SIA,MG,202501,2695324,0206010036,20.0,1735.2
SIA,MG,202501,7866801,0206030010,115.0,15942.45
SIA,MG,202501,6102174,0206020031,0.0,0.0
SIA,MG,202501,0026964,0206010044,16.0,1388.0
SIA,MG,202501,7866801,0206020031,56.0,7638.96
SIA,MG,202501,6102174,0206030010,0.0,0.0
SIA,MG,202501,6102174,0206010036,0.0,0.0
SIA,MG,202501,2111624,0206010044,1.0,86.75
SIA,MG,202501,9650105,0206020015,30.0,2602.5
SIA,MG,202501,2695324,0206010028,26.0,2628.6
SIA,MG,202501,2184834,0206030029,1.0,86.75
SIA,MG,202501,3004791,0211020036,273.0,1405.95
SIA,MG,202501,7866801,0206010079,83.0,8087.52
SIA,MG,202501,2153009,0211020036,229.0,1179.35
SIA,MG,202501,2695324,0206010052,115.0,9976.25
SIA,MG,202501,2118912,0211020036,11.0,56.65
SIA,MG,202501,2218798,0206020031,62.0,8457.42
SIA,MG,202501,2118661,0211020010,21.0,15330.84
SIA,MG,202501,2153106,0206030029,3.0,260.25
SIA,MG,202501,2098938,0211020010,50.0,36502.0
SIA,MG,202501,2098849,0211020036,1.0,5.15
SIA,MG,202501,6102174,0206010044,0.0,0.0
SIA,MG,202501,2206595,0206010028,21.0,2123.1
SIA,MG,202501,2208172,0206030010,37.0,5129.31
SIA,MG,202501,2208172,0206010010,13.0,1127.88
SIA,MG,202501,9804145,0211020036,402.0,2070.3
SIA,MG,202501,2218798,0206010044,23.0,1995.25
SIA,MG,202501,2208172,0211020036,36.0,185.4
SIA,MG,202501,2153106,0206010010,1.0,86.76
SIA,MG,202501,2206595,0206020031,106.0,14459.46
SIA,MG,202501,2222043,0206010079,249.0,24262.56
SIA,MG,202501,0027022,0206030037,22.0,3049.86
SIA,MG,202501,2146355,0206010010,10.0,867.6
SIA,MG,202501,6601804,0206010052,17.0,1474.75
SIA,MG,202501,6274773,0206010052,1.0,86.75
SIA,MG,202501,2219646,0206010060,15.0,1461.6
SIA,MG,202501,2200422,0206010010,1.0,86.76
SIA,MG,202501,2206595,0206010036,14.0,1214.64
SIA,MG,202501,2208172,0206030029,4.0,347.0
SIA,MG,202501,2206595,0206010052,23.0,1995.25
SIA,MG,202501,2206595,0206010044,13.0,1127.75
SIA,MG,202501,9650105,0206030029,59.0,5118.25
SIA,MG,202501,6102174,0211020060,0.0,0.0
SIA,MG,202501,2205440,0206010052,81.0,7026.75
SIA,MG,202501,2205440,0206010028,32.0,3235.2
SIA,MG,202501,2146355,0206010052,23.0,1995.25
SIA,MG,202501,2222043,0206030029,26.0,2255.5
SIA,MG,202501,2208172,0206020031,30.0,4092.3
SIA,MG,202501,2219646,0206010079,10.0,974.4
SIA,MG,202501,0026972,0211020036,5.0,25.75
SIA,MG,202501,2205440,0206010044,22.0,1908.5
SIA,MG,202501,2208172,0206010036,6.0,520.56
SIA,MG,202501,2222043,0206030010,42.0,5822.46
SIA,MG,202501,6102174,0206010010,0.0,0.0
SIA,MG,202501,6102174,0206020015,0.0,0.0
SIA,MG,202501,2222043,0206020015,13.0,1127.75
SIA,MG,202501,2205440,0206030029,4.0,347.0
SIA,MG,202501,9650105,0206010052,14.0,1214.5
SIA,MG,202501,2146355,0205010016,11.0,1815.0
SIA,MG,202501,2222043,0206020023,34.0,2949.5
SIA,MG,202501,2205440,0211020060,2.0,60.0
SIA,MG,202501,2205440,0206020023,17.0,1474.75
SIA,MG,202501,2695324,0206030029,11.0,954.25
SIA,MG,202501,3464334,0208010025,0.0,0.0
SIA,MG,202501,7366108,0211020036,50.0,257.5
SIA,MG,202501,0027022,0206010028,1.0,101.1
SIA,MG,202501,2219646,0206010036,1.0,86.76
SIA,MG,202501,6601804,0206010028,16.0,1617.6
SIA,MG,202501,3137112,0208010025,15.0,6127.8
SIA,MG,202501,3137112,0208010033,14.0,5362.98
SIA,MG,202501,2206595,0206010010,19.0,1648.44
SIA,MG,202501,6601804,0206010044,28.0,2429.0
SIA,MG,202501,2775999,0206010010,17.0,1474.92
SIA,MG,202501,7866801,0206010052,9.0,780.75
SIA,MG,202501,7866801,0206020023,5.0,433.75
SIA,MG,202501,2218798,0206020015,1.0,86.75
SIA,MG,202501,2759292,0206020015,1.0,86.75
SIA,MG,202501,2205440,0206010010,23.0,1995.48
SIA,MG,202501,2195585,0206010010,1.0,86.76
SIA,MG,202501,2206528,0206010028,6.0,1200.0
SIA,MG,202501,2759292,0206010079,2.0,194.88
SIA,MG,202501,7866801,0206010044,9.0,780.75
SIA,MG,202501,5128218,0211020036,3.0,15.45
SIA,MG,202501,2200422,0206010052,1.0,86.75
SIA,MG,202501,2219638,0206030029,5.0,433.75
SIA,MG,202501,2208172,0206010060,1.0,97.44
SIA,MG,202501,2206595,0211020060,32.0,960.0
SIA,MG,202501,0027022,0206030010,23.0,3188.49
SIA,MG,202501,6601804,0206010060,3.0,292.32
SIA,MG,202501,6601804,0206010010,7.0,607.32
SIA,MG,202501,2219646,0206010010,9.0,780.84
SIA,MG,202501,3464334,0208010033,0.0,0.0
SIA,MG,202501,0027022,0206010044,3.0,260.25
SIA,MG,202501,0026964,0206010010,7.0,607.32
SIA,MG,202501,2111624,0206020015,1.0,86.75
SIA,MG,202501,9650105,0206020023,12.0,1041.0
SIA,MG,202501,2695324,0206010010,12.0,1041.12
SIA,MG,202501,0026964,0206010036,15.0,1301.4
SIA,MG,202501,2152045,0206010044,3.0,260.25
SIA,MG,202501,2152037,0206020031,6.0,818.46
SIA,MG,202501,6274773,0206020031,1.0,136.41
SIA,MG,202501,2218798,0205010016,9.0,1485.0
SIA,MG,202501,9650105,0211020060,6.0,180.0
SIA,MG,202501,2164795,0211020036,9.0,46.35
SIA,MG,202501,2222043,0206010028,27.0,2729.7
SIA,MG,202501,7866801,0206010028,13.0,1314.3
SIA,MG,202501,2205440,0206010036,28.0,2429.28
SIA,MG,202501,2146355,0206030029,6.0,520.5
SIA,MG,202501,2146355,0206010028,16.0,1617.6
SIA,MG,202501,2695324,0206010044,11.0,954.25
SIA,MG,202501,2152037,0206010079,5.0,487.2
SIA,MG,202501,2152037,0206010044,3.0,260.25
SIA,MG,202501,7866801,0206030029,6.0,520.5
SIA,MG,202501,2152045,0206010036,1.0,86.76
SIA,MG,202501,0027022,0206010010,4.0,347.04
SIA,MG,202501,6102174,0206010052,0.0,0.0
SIA,MG,202501,5866391,0211020036,10.0,51.5
SIA,MG,202501,2775999,0206030029,4.0,347.0
SIA,MG,202501,2205440,0206020015,11.0,954.25
SIA,MG,202501,2126346,0206020031,8.0,1091.28
SIA,MG,202501,2206595,0211020010,21.0,15330.84
SIA,MG,202501,0026808,0206020023,1.0,86.75
SIA,MG,202501,2208172,0206020015,8.0,694.0
SIA,MG,202501,2219646,0206020015,1.0,86.75
SIA,MG,202501,2206528,0206010036,3.0,600.0
SIA,MG,202501,2153084,0206010010,1.0,86.76
SIA,MG,202501,2219638,0206010036,4.0,347.04
SIA,MG,202501,9650105,0208010033,6.0,2298.42
SIA,MG,202501,2146355,0206010036,7.0,607.32
SIA,MG,202501,2206528,0211020010,17.0,12410.68
SIA,MG,202501,0026964,0206020023,5.0,433.75
SIA,MG,202501,9650105,0206010036,11.0,954.36
SIA,MG,202501,0026859,0206010010,1.0,86.76
SIA,MG,202501,2205440,0206010095,21.0,44251.62
SIA,MG,202501,2205440,0211020010,26.0,18981.04
SIA,MG,202501,6601804,0206010036,7.0,607.32
SIA,MG,202501,2146355,0206020015,2.0,173.5
SIA,MG,202501,2205440,0208010025,12.0,4902.24
SIA,MG,202501,2206528,0211020060,3.0,404.94
SIA,MG,202501,2126346,0206030037,4.0,554.52
SIA,MG,202501,2218798,0206010028,4.0,404.4
SIA,MG,202501,2218798,0206020023,4.0,347.0
SIA,MG,202501,2206528,0206030029,1.0,86.75
SIA,MG,202501,7866801,0206020015,6.0,520.5
SIA,MG,202501,2775999,0206010028,12.0,1213.2
SIA,MG,202501,2695324,0206020023,5.0,433.75
SIA,MG,202501,2775999,0208010033,4.0,1532.28
SIA,MG,202501,2775999,0206020015,2.0,173.5
SIA,MG,202501,2165074,0211020036,11.0,56.65
SIA,MG,202501,2146355,0211020010,40.0,29201.6
SIA,MG,202501,2222043,0206010036,3.0,260.28
SIA,MG,202501,2218798,0206010010,1.0,86.76
SIA,MG,202501,2206595,0206020015,1.0,86.75
SIA,MG,202501,9650105,0208010025,6.0,2451.12
SIA,MG,202501,2153238,0211020036,33.0,169.95
SIA,MG,202501,0023051,0211020036,526.0,2708.9
SIA,MG,202501,0026859,0205010016,1.0,165.0
SIA,MG,202501,2775999,0208010025,4.0,1634.08
SIA,MG,202501,2200457,0208010033,4.0,1532.28
SIA,MG,202501,0027618,0211020036,509.0,2621.35
SIA,MG,202501,2775999,0211020036,246.0,1266.9
SIA,MG,202501,0199419,0211020036,319.0,1642.85
SIA,MG,202501,2775999,0211020060,4.0,120.0
SIA,MG,202501,6442560,0206010028,1.0,101.1
SIA,MG,202501,2219638,0206020015,2.0,173.5
SIA,MG,202501,7728786,0206010010,1.0,86.76
SIA,MG,202501,6102174,0206010028,0.0,0.0
SIA,MG,202501,2153025,0206020015,1.0,86.75
SIA,MG,202501,2219646,0206010044,2.0,173.5
SIA,MG,202501,2153025,0206010036,1.0,86.76
SIA,MG,202501,2125978,0211020036,2.0,10.3
SIA,MG,202501,0026964,0206020015,4.0,347.0
SIA,MG,202501,2205440,0206010060,1.0,97.44
SIA,MG,202501,2206595,0206030029,2.0,173.5
SIA,MG,202501,0026840,0206010010,1.0,86.76
SIA,MG,202501,2206528,0206010044,1.0,200.0
SIA,MG,202501,2126133,0211020036,211.0,1086.65
SIA,MG,202501,7866801,0206010036,3.0,260.28
SIA,MG,202501,2153025,0211020036,13.0,66.95
SIA,MG,202501,2200457,0206020015,8.0,694.0
SIA,MG,202501,2218798,0206010052,1.0,86.75
SIA,MG,202501,2208172,0206010052,2.0,173.5
SIA,MG,202501,2126346,0206030010,4.0,554.52
SIA,MG,202501,2153025,0206010044,1.0,86.75
SIA,MG,202501,2695324,0206020015,5.0,433.75
SIA,MG,202501,2200457,0208010025,4.0,1634.08
SIA,MG,202501,6463487,0211020036,194.0,999.1
SIA,MG,202501,6442560,0206030010,2.0,277.26
SIA,MG,202501,4684281,0211020060,177.0,5310.0
SIA,MG,202501,2152037,0206030010,5.0,693.15
SIA,MG,202501,6102174,0206020023,0.0,0.0
SIA,MG,202501,4034236,0206030029,3.0,260.25
SIA,MG,202501,0026840,0206010036,5.0,433.8
SIA,MG,202501,2218798,0211020036,245.0,1261.75
SIA,MG,202501,0027022,0206020031,1.0,136.41
SIA,MG,202501,2126346,0206010079,3.0,292.32
SIA,MG,202501,2218798,0206010036,4.0,347.04
SIA,MG,202501,2152045,0206010010,1.0,86.76
SIA,MG,202501,2153025,0206030029,1.0,86.75
SIA,MG,202501,2218798,0206030029,1.0,86.75
SIA,MG,202501,7866801,0205010016,1.0,165.0
SIA,MG,202501,7866801,0206010010,1.0,86.76
SIA,MG,202501,0027022,0211020036,182.0,937.3
SIA,MG,202501,2138875,0206030029,1.0,86.75
SIA,MG,202501,2126419,0211020036,160.0,824.0
SIA,MG,202501,2152959,0211020036,16.0,82.4
SIA,MG,202501,2210924,0206020023,1.0,86.75
SIA,MG,202501,2218941,0211020036,126.0,648.9
SIA,MG,202501,2210924,0206010060,1.0,97.44
SIA,MG,202501,0026964,0211020036,222.0,1143.3
SIA,MG,202501,2153025,0206010079,1.0,97.44
SIA,MG,202501,2796562,0206020031,1.0,136.41
SIA,MG,202501,2796562,0206010010,2.0,173.52
SIA,MG,202501,2796562,0206010044,3.0,260.25
SIA,MG,202501,2164299,0211020036,28.0,144.2
SIA,MG,202501,2796562,0206010079,3.0,292.32
SIA,MG,202501,2796562,0206030010,1.0,138.63
SIA,MG,202501,2157357,0211020036,26.0,133.9
SIA,MG,202501,2117134,0206030010,18.0,2495.34
SIA,MG,202501,2139626,0211020036,37.0,190.55
SIA,MG,202501,2195429,0211020036,1.0,5.15
SIA,MG,202501,2117134,0206010079,43.0,4189.92
SIA,MG,202501,2117134,0206010028,8.0,808.8
SIA,MG,202501,2117134,0206020031,14.0,1909.74
SIA,MG,202501,2164299,0206020031,15.0,2046.15
SIA,MG,202501,2164299,0206010079,49.0,4774.56
SIA,MG,202501,7284233,0206010028,3.0,303.3
SIA,MG,202501,2120127,0211020036,4.0,20.6
SIA,MG,202501,2099586,0211020036,138.0,710.7
SIA,MG,202501,5922313,0211020036,122.0,628.3
SIA,MG,202501,2761106,0206030010,6.0,831.78
SIA,MG,202501,2761106,0206030037,6.0,831.78
SIA,MG,202501,2135914,0211020036,23.0,118.45
SIA,MG,202501,7691807,0206010079,10.0,974.4
SIA,MG,202501,2761106,0206010044,2.0,173.5
SIA,MG,202501,2761106,0206020031,9.0,1227.69
SIA,MG,202501,9419977,0206010044,10.0,867.5
SIA,MG,202501,9419977,0206010036,1.0,86.76
SIA,MG,202501,9419977,0206010079,72.0,7015.68
SIA,MG,202501,7284233,0206010079,10.0,974.4
SIA,MG,202501,7284233,0206020015,2.0,173.5
SIA,MG,202501,7284233,0206020023,1.0,86.75
SIA,MG,202501,7284233,0206030010,2.0,277.26
SIA,MG,202501,7284233,0206020031,13.0,1773.33
SIA,MG,202501,2164299,0206030037,32.0,4436.16
SIA,MG,202501,3871797,0206010079,0.0,0.0
SIA,MG,202501,3871797,0206020031,0.0,0.0
SIA,MG,202501,3871797,0206010028,0.0,0.0
SIA,MG,202501,2117134,0206030029,2.0,173.5
SIA,MG,202501,2164299,0206030010,31.0,4297.53
SIA,MG,202501,2172364,0211020036,32.0,164.8
SIA,MG,202501,3871797,0206030010,0.0,0.0
SIA,MG,202501,7691807,0206020031,8.0,1091.28
SIA,MG,202501,7691807,0206030010,6.0,831.78
SIA,MG,202501,2164299,0206010044,4.0,347.0
SIA,MG,202501,2760436,0206010079,3.0,292.32
SIA,MG,202501,2164299,0206010052,3.0,260.25
SIA,MG,202501,2164299,0206020015,1.0,86.75
SIA,MG,202501,9419977,0206010052,5.0,433.75
SIA,MG,202501,9419977,0206030037,30.0,4158.9
SIA,MG,202501,9419977,0206020031,29.0,3955.89
SIA,MG,202501,2205904,0206010044,1.0,86.75
SIA,MG,202501,2205904,0206030010,12.0,1663.56
SIA,MG,202501,2761106,0206010079,8.0,779.52
SIA,MG,202501,2167522,0211020036,15.0,77.25
SIA,MG,202501,2189879,0211020036,458.0,2358.7
SIA,MG,202501,2760738,0211020036,20.0,103.0
SIA,MG,202501,2117134,0206010044,1.0,86.75
SIA,MG,202501,3960668,0206020031,0.0,0.0
SIA,MG,202501,3960668,0206030010,0.0,0.0
SIA,MG,202501,2189860,0211020036,229.0,1179.35
SIA,MG,202501,9419977,0206030010,29.0,4020.27
SIA,MG,202501,2205904,0206010010,1.0,86.76
SIA,MG,202501,2756749,0206030037,91.0,12615.33
SIA,MG,202501,2756749,0206010044,9.0,780.75
SIA,MG,202501,2756749,0206010079,105.0,10231.2
SIA,MG,202501,3960668,0206010079,0.0,0.0
SIA,MG,202501,3871797,0211020060,0.0,0.0
SIA,MG,202501,3960668,0206030037,0.0,0.0
SIA,MG,202501,3960668,0206010028,0.0,0.0
SIA,MG,202501,2205904,0206030037,2.0,277.26
SIA,MG,202501,2205904,0206010079,5.0,487.2
SIA,MG,202501,7637985,0211020036,10.0,51.5
SIA,MG,202501,2111640,0206020031,242.0,33011.22
SIA,MG,202501,9046658,0211020036,452.0,2327.8
SIA,MG,202501,2198061,0211020036,210.0,1081.5
SIA,MG,202501,2111640,0206010079,76.0,7405.44
SIA,MG,202501,2111640,0211020036,143.0,736.45
SIA,MG,202501,2105780,0206020031,70.0,9548.7
SIA,MG,202501,2128047,0206010079,12.0,1169.28
SIA,MG,202501,2105780,0206030037,137.0,18992.31
SIA,MG,202501,2114763,0206030037,22.0,3049.86
SIA,MG,202501,6631487,0206030010,47.0,9400.0
SIA,MG,202501,6631487,0206010010,58.0,11600.0
SIA,MG,202501,9325107,0211020036,335.0,1725.25
SIA,MG,202501,2168707,0206030010,69.0,9565.47
SIA,MG,202501,2111640,0206030010,205.0,28419.15
SIA,MG,202501,2111640,0206030037,209.0,28973.67
SIA,MG,202501,9673717,0211020036,0.0,0.0
SIA,MG,202501,2204622,0206030010,37.0,5129.31
SIA,MG,202501,2204622,0206010028,54.0,5459.4
SIA,MG,202501,6085121,0206030010,16.0,4436.16
SIA,MG,202501,2204622,0206010079,81.0,7892.64
SIA,MG,202501,2101777,0206010079,79.0,7697.76
SIA,MG,202501,2114763,0206010044,4.0,347.0
SIA,MG,202501,2140217,0206030010,55.0,7624.65
SIA,MG,202501,2760657,0206020031,22.0,3001.02
SIA,MG,202501,2756749,0206030010,90.0,12476.7
SIA,MG,202501,2192128,0206030037,19.0,2633.97
SIA,MG,202501,6060862,0206010079,77.0,7502.88
SIA,MG,202501,6631487,0205010016,113.0,84750.0
SIA,MG,202501,2101777,0206030010,66.0,9149.58
SIA,MG,202501,6085121,0206010079,24.0,4677.12
SIA,MG,202501,2140217,0206010079,64.0,6236.16
SIA,MG,202501,2140217,0211020036,75.0,386.25
SIA,MG,202501,2136937,0206030010,13.0,1802.19
SIA,MG,202501,2168707,0206010079,64.0,6236.16
SIA,MG,202501,2115433,0211020036,12.0,61.8
SIA,MG,202501,2173565,0206010028,18.0,1819.8
SIA,MG,202501,3883582,0206010079,2.0,194.88
SIA,MG,202501,2756749,0206020023,12.0,1041.0
SIA,MG,202501,6631487,0211020060,73.0,10220.0
SIA,MG,202501,6631487,0206020031,26.0,5200.0
SIA,MG,202501,2128047,0211020060,126.0,3780.0
SIA,MG,202501,2114763,0206010079,55.0,5359.2
SIA,MG,202501,2100681,0206030010,39.0,5406.57
SIA,MG,202501,0979538,0208010025,15.0,6127.8
SIA,MG,202501,2136236,0211020036,56.0,288.4
SIA,MG,202501,2105780,0206010079,149.0,14518.56
SIA,MG,202501,0039047,0211020036,161.0,829.15
SIA,MG,202501,0979538,0206010044,7.0,607.25
SIA,MG,202501,2099926,0211020036,98.0,504.7
SIA,MG,202501,2173565,0206030037,9.0,1247.67
SIA,MG,202501,2206064,0206030029,2.0,173.5
SIA,MG,202501,2114763,0206030010,22.0,3049.86
SIA,MG,202501,2136937,0206010044,1.0,86.75
SIA,MG,202501,2101777,0206020031,26.0,3546.66
SIA,MG,202501,6892256,0206010079,106.0,10328.64
SIA,MG,202501,2134071,0211020036,41.0,211.15
SIA,MG,202501,9673717,0206010079,0.0,0.0
SIA,MG,202501,2761106,0206010028,3.0,303.3
SIA,MG,202501,0979538,0206030037,10.0,1386.3
SIA,MG,202501,2168707,0206030037,20.0,2772.6
SIA,MG,202501,2178559,0206020031,9.0,1227.69
SIA,MG,202501,2760436,0206030010,5.0,693.15
SIA,MG,202501,7934947,0206010052,2.0,173.5
SIA,MG,202501,2143852,0211020036,0.0,0.0
SIA,MG,202501,6892256,0206030037,27.0,3743.01
SIA,MG,202501,2100282,0211020036,76.0,391.4
SIA,MG,202501,2204622,0206010010,9.0,780.84
SIA,MG,202501,9483144,0211020036,86.0,442.9
SIA,MG,202501,6631487,0206010044,4.0,800.0
SIA,MG,202501,2206064,0206020031,23.0,3137.43
SIA,MG,202501,9382453,0211020036,13.0,66.95
SIA,MG,202501,9046658,0211020060,35.0,1050.0
SIA,MG,202501,2111640,0206010052,14.0,1214.5
SIA,MG,202501,2168936,0211020036,82.0,422.3
SIA,MG,202501,7284233,0206030037,2.0,277.26
SIA,MG,202501,2140217,0206030037,35.0,4852.05
SIA,MG,202501,2760657,0206010036,2.0,173.52
SIA,MG,202501,7242697,0211020036,11.0,56.65
SIA,MG,202501,6631487,0208010025,4.0,2304.0
SIA,MG,202501,3960668,0211020060,0.0,0.0
SIA,MG,202501,6631487,0206010079,35.0,7000.0
SIA,MG,202501,2100681,0206030037,38.0,5267.94
SIA,MG,202501,2204622,0206010036,6.0,520.56
SIA,MG,202501,9673717,0206020031,0.0,0.0
SIA,MG,202501,2205904,0206030029,2.0,173.5
SIA,MG,202501,2204622,0206020031,16.0,2182.56
SIA,MG,202501,2204622,0206030037,40.0,5545.2
SIA,MG,202501,2100681,0206030029,1.0,86.75
SIA,MG,202501,2101777,0206030037,69.0,9565.47
SIA,MG,202501,2105780,0206010044,11.0,954.25
SIA,MG,202501,2144042,0211020036,49.0,252.35
SIA,MG,202501,2100681,0206020023,3.0,260.25
SIA,MG,202501,2111640,0211020060,36.0,1080.0
SIA,MG,202501,6060862,0206020031,18.0,2455.38
SIA,MG,202501,2192128,0206010079,25.0,2436.0
SIA,MG,202501,2128047,0206010028,2.0,202.2
SIA,MG,202501,0979538,0206030010,10.0,1386.3
SIA,MG,202501,0979538,0206010079,11.0,1071.84
SIA,MG,202501,2111640,0206010010,5.0,433.8
SIA,MG,202501,9419977,0206010010,2.0,173.52
SIA,MG,202501,2178559,0206010079,21.0,2046.24
SIA,MG,202501,9419977,0206010060,4.0,389.76
SIA,MG,202501,2760436,0211020036,2.0,10.3
SIA,MG,202501,2173565,0206010036,2.0,173.52
SIA,MG,202501,2136937,0206010079,27.0,2630.88
SIA,MG,202501,0979538,0206020015,6.0,520.5
SIA,MG,202501,7934947,0206010079,17.0,1656.48
SIA,MG,202501,2206064,0206020015,4.0,347.0
SIA,MG,202501,6892256,0206010044,8.0,694.0
SIA,MG,202501,2760657,0206030010,54.0,7486.02
SIA,MG,202501,6892256,0206030010,29.0,4020.27
SIA,MG,202501,3464806,0206010044,20.0,1735.0
SIA,MG,202501,2105780,0206030010,140.0,19408.2
SIA,MG,202501,2134535,0211020036,14.0,72.1
SIA,MG,202501,2206064,0206010044,7.0,607.25
SIA,MG,202501,2105780,0206010010,15.0,1301.4
SIA,MG,202501,2760657,0206030037,51.0,7070.13
SIA,MG,202501,2105780,0206010052,4.0,347.0
SIA,MG,202501,3960668,0206010010,0.0,0.0
SIA,MG,202501,2111640,0206010036,6.0,520.56
SIA,MG,202501,2760657,0206010079,34.0,3312.96
SIA,MG,202501,0979538,0208010033,15.0,5746.05
SIA,MG,202501,3883582,0205010016,8.0,1320.0
SIA,MG,202501,2756749,0206020031,21.0,2864.61
SIA,MG,202501,2128047,0206010044,8.0,694.0
SIA,MG,202501,5844843,0211020036,50.0,257.5
SIA,MG,202501,2173565,0206010052,1.0,86.75
SIA,MG,202501,6827772,0211020036,160.0,824.0
SIA,MG,202501,2760657,0206020015,2.0,173.5
SIA,MG,202501,2099497,0206030010,0.0,0.0
SIA,MG,202501,2117134,0206010052,4.0,347.0
SIA,MG,202501,2204622,0206010044,14.0,1214.5
SIA,MG,202501,9419977,0206020023,2.0,173.5
SIA,MG,202501,3871797,0206010044,0.0,0.0
SIA,MG,202501,2205904,0206020015,1.0,86.75
SIA,MG,202501,6631487,0206020015,3.0,600.0
SIA,MG,202501,9419977,0206030029,2.0,173.5
SIA,MG,202501,2205904,0205010016,5.0,825.0
SIA,MG,202501,6085121,0206030037,17.0,4713.42
SIA,MG,202501,2168707,0206010044,10.0,867.5
SIA,MG,202501,2206064,0206030037,44.0,6099.72
SIA,MG,202501,6085121,0206020023,5.0,867.5
SIA,MG,202501,2173565,0206010010,7.0,607.32
SIA,MG,202501,2111640,0206010028,9.0,909.9
SIA,MG,202501,2140217,0206010028,15.0,1516.5
SIA,MG,202501,2205904,0211020036,200.0,1030.0
SIA,MG,202501,2205904,0206020031,6.0,818.46
SIA,MG,202501,0979538,0211020060,26.0,780.0
SIA,MG,202501,2192128,0206020031,10.0,1364.1
SIA,MG,202501,2160226,0211020036,41.0,211.15
SIA,MG,202501,7284233,0206030029,3.0,260.25
SIA,MG,202501,0979538,0206010010,3.0,260.28
SIA,MG,202501,2100681,0206010079,50.0,4872.0
SIA,MG,202501,2205904,0211020060,46.0,1380.0
SIA,MG,202501,6892256,0206010028,8.0,808.8
SIA,MG,202501,2140217,0206010010,9.0,780.84
SIA,MG,202501,2178559,0206030010,2.0,277.26
SIA,MG,202501,2101777,0206010010,9.0,780.84
SIA,MG,202501,2140217,0206020031,30.0,4092.3
SIA,MG,202501,2760657,0206010010,6.0,520.56
SIA,MG,202501,2128047,0206020031,8.0,1091.28
SIA,MG,202501,3960668,0206010036,0.0,0.0
SIA,MG,202501,6060862,0206010044,9.0,780.75
SIA,MG,202501,3960668,0206020015,0.0,0.0
SIA,MG,202501,2099497,0206010079,0.0,0.0
SIA,MG,202501,7934947,0206030037,5.0,693.15
SIA,MG,202501,2136937,0206030037,13.0,1802.19
SIA,MG,202501,0979538,0206010028,4.0,404.4
SIA,MG,202501,6085121,0206020031,8.0,2200.32
SIA,MG,202501,3960668,0206010052,0.0,0.0
SIA,MG,202501,2206064,0206010079,70.0,6820.8
SIA,MG,202501,2192128,0206010028,3.0,303.3
SIA,MG,202501,2206064,0206030010,42.0,5822.46
SIA,MG,202501,3960668,0206030029,0.0,0.0
SIA,MG,202501,2761106,0211020036,67.0,345.05
SIA,MG,202501,6631487,0206020023,2.0,400.0
SIA,MG,202501,3960668,0206020023,0.0,0.0
SIA,MG,202501,6892256,0206020031,24.0,3273.84
SIA,MG,202501,6892256,0206010010,2.0,173.52
SIA,MG,202501,2128047,0206010036,2.0,173.52
SIA,MG,202501,2168707,0206020015,1.0,86.75
SIA,MG,202501,6085121,0206010028,5.0,1011.0
SIA,MG,202501,6631487,0206030037,9.0,1800.0
SIA,MG,202501,2205904,0206010028,2.0,202.2
SIA,MG,202501,3883582,0206020031,5.0,682.05
SIA,MG,202501,6085121,0206010044,11.0,1908.5
SIA,MG,202501,2168707,0206020031,23.0,3137.43
SIA,MG,202501,6060862,0206010028,6.0,606.6
SIA,MG,202501,2192128,0206030010,10.0,1386.3
SIA,MG,202501,6060862,0206010036,1.0,86.76
SIA,MG,202501,2206064,0206010028,9.0,909.9
SIA,MG,202501,2206064,0206010036,8.0,694.08
SIA,MG,202501,2135124,0206010079,1.0,97.44
SIA,MG,202501,2128047,0206030037,1.0,138.63
SIA,MG,202501,2127989,0211020036,555.0,2858.25
SIA,MG,202501,2127989,0206010079,535.0,52130.4
SIA,MG,202501,2127989,0206030037,482.0,66819.66
SIA,MG,202501,2127989,0206030010,460.0,63769.8
SIA,MG,202501,2127989,0206010052,74.0,6419.5
SIA,MG,202501,2709848,0206030010,157.0,21764.91
SIA,MG,202501,6920977,0206020031,300.0,40923.0
SIA,MG,202501,2709848,0206020031,16.0,2182.56
SIA,MG,202501,2127989,0206020031,455.0,62066.55
SIA,MG,202501,2127989,0206010044,56.0,4858.0
SIA,MG,202501,2785684,0206010079,29.0,5651.52
SIA,MG,202501,2208857,0211020036,191.0,983.65
SIA,MG,202501,2208822,0211020036,158.0,813.7
SIA,MG,202501,2099152,0206020031,13.0,3369.21
SIA,MG,202501,6920977,0206030010,294.0,40757.22
SIA,MG,202501,6920977,0206010079,349.0,34006.56
SIA,MG,202501,2099454,0206030010,70.0,9704.1
SIA,MG,202501,2099454,0206010079,119.0,11595.36
SIA,MG,202501,2100681,0206020031,13.0,1773.33
SIA,MG,202501,2129469,0206010052,26.0,2255.5
SIA,MG,202501,2129469,0206020031,221.0,30146.61
SIA,MG,202501,2100754,0206030010,32.0,4436.16
SIA,MG,202501,7543913,0211020036,518.0,2667.7
SIA,MG,202501,2129469,0206010028,10.0,1011.0
SIA,MG,202501,2129469,0206030010,228.0,31607.64
SIA,MG,202501,2218690,0211020036,654.0,3368.1
SIA,MG,202501,2099454,0206030037,70.0,9704.1
SIA,MG,202501,2168553,0206030037,52.0,7208.76
SIA,MG,202501,2777347,0211020036,150.0,772.5
SIA,MG,202501,3960668,0208010033,0.0,0.0
SIA,MG,202501,2168707,0206030029,1.0,86.75
SIA,MG,202501,2200481,0211020036,0.0,0.0
SIA,MG,202501,2208857,0206030037,9.0,1247.67
SIA,MG,202501,2709848,0211020036,319.0,1642.85
SIA,MG,202501,2122650,0211020036,242.0,1246.3
SIA,MG,202501,2709848,0206010079,158.0,15395.52
SIA,MG,202501,6920977,0206010010,35.0,3036.6
SIA,MG,202501,6920977,0206030037,294.0,40757.22
SIA,MG,202501,2122650,0206020031,21.0,2864.61
SIA,MG,202501,2122650,0206030037,16.0,2218.08
SIA,MG,202501,6920977,0206030029,10.0,867.5
SIA,MG,202501,2148692,0211020036,325.0,1673.75
SIA,MG,202501,2709848,0206030037,163.0,22596.69
SIA,MG,202501,2218690,0206030010,40.0,5545.2
SIA,MG,202501,2218690,0211020060,80.0,2400.0
SIA,MG,202501,2105780,0206030029,6.0,520.5
SIA,MG,202501,7038216,0211020036,433.0,2229.95
SIA,MG,202501,7038216,0206030010,52.0,7208.76
SIA,MG,202501,7038216,0206010079,135.0,13154.4
SIA,MG,202501,7038216,0206020023,5.0,433.75
SIA,MG,202501,2204622,0206020015,4.0,347.0
SIA,MG,202501,7038216,0206010044,15.0,1301.25
SIA,MG,202501,2127989,0206010036,59.0,5118.84
SIA,MG,202501,2127989,0206010010,94.0,8155.44
SIA,MG,202501,2168537,0211020036,67.0,345.05
SIA,MG,202501,2140217,0206030029,2.0,173.5
SIA,MG,202501,9368221,0206020031,0.0,0.0
SIA,MG,202501,9368221,0206010079,0.0,0.0
SIA,MG,202501,6963188,0211020036,279.0,1436.85
SIA,MG,202501,2129469,0206010010,16.0,1388.16
SIA,MG,202501,2129469,0206030037,214.0,29666.82
SIA,MG,202501,2709848,0206010028,19.0,1920.9
SIA,MG,202501,2759403,0211020036,467.0,2405.05
SIA,MG,202501,2709848,0206010044,7.0,607.25
SIA,MG,202501,2168553,0206010079,42.0,4092.48
SIA,MG,202501,2127989,0208010033,43.0,16472.01
SIA,MG,202501,2192128,0206020023,4.0,347.0
SIA,MG,202501,2192128,0206010044,3.0,260.25
SIA,MG,202501,2192128,0206030029,2.0,173.5
SIA,MG,202501,2756749,0206010028,5.0,505.5
SIA,MG,202501,6340059,0206020031,19.0,2591.79
SIA,MG,202501,2105578,0211020036,184.0,947.6
SIA,MG,202501,7858094,0206010079,15.0,1461.6
SIA,MG,202501,2760436,0206030037,5.0,693.15
SIA,MG,202501,2129469,0206010079,53.0,5164.32
SIA,MG,202501,2218690,0206010079,58.0,5651.52
SIA,MG,202501,6511805,0206010079,8.0,1474.16
SIA,MG,202501,7858094,0206020031,11.0,1500.51
SIA,MG,202501,6340059,0206030010,51.0,7070.13
SIA,MG,202501,2129469,0211020036,31.0,159.65
SIA,MG,202501,7858094,0206030037,11.0,1524.93
SIA,MG,202501,2144530,0206030037,21.0,2911.23
SIA,MG,202501,2218690,0206010028,20.0,2022.0
SIA,MG,202501,2218690,0206010010,11.0,954.36
SIA,MG,202501,7934947,0206020031,7.0,954.87
SIA,MG,202501,2146398,0211020036,21.0,108.15
SIA,MG,202501,2099454,0206010010,12.0,1041.12
SIA,MG,202501,2218690,0206020031,72.0,9821.52
SIA,MG,202501,2785684,0206030010,16.0,4436.16
SIA,MG,202501,2192128,0206010052,1.0,86.75
SIA,MG,202501,2208857,0208010025,9.0,3676.68
SIA,MG,202501,2168553,0206030010,55.0,7624.65
SIA,MG,202501,2218690,0206010044,44.0,3817.0
SIA,MG,202501,0979538,0206010036,2.0,173.52
SIA,MG,202501,2218690,0206020023,3.0,260.25
SIA,MG,202501,6920977,0206010028,101.0,10211.1
SIA,MG,202501,2117134,0206030037,1.0,138.63
SIA,MG,202501,2173565,0206010044,2.0,173.5
SIA,MG,202501,2100754,0206010079,50.0,4872.0
SIA,MG,202501,5914469,0211020036,215.0,1107.25
SIA,MG,202501,7038216,0206020031,35.0,4774.35
SIA,MG,202501,7934947,0206030010,9.0,1247.67
SIA,MG,202501,2775956,0206020031,4.0,545.64
SIA,MG,202501,2785684,0206010036,2.0,347.04
SIA,MG,202501,7609868,0206030037,13.0,1802.19
SIA,MG,202501,2208857,0206020031,23.0,3137.43
SIA,MG,202501,2218690,0206010052,4.0,347.0
SIA,MG,202501,2122650,0206030010,28.0,3881.64
SIA,MG,202501,6920977,0206010036,12.0,1041.12
SIA,MG,202501,2178559,0206030037,2.0,277.26
SIA,MG,202501,3871797,0206010010,0.0,0.0
SIA,MG,202501,7038216,0206030037,53.0,7347.39
SIA,MG,202501,2111640,0206010044,3.0,260.25
SIA,MG,202501,2099454,0206020031,14.0,1909.74
SIA,MG,202501,7691807,0206020023,1.0,86.75
SIA,MG,202501,2099152,0206010079,13.0,2350.53
SIA,MG,202501,2206420,0206010079,20.0,1948.8
SIA,MG,202501,2709635,0211020036,21.0,108.15
SIA,MG,202501,2127989,0206010028,79.0,7986.9
SIA,MG,202501,9368221,0206030010,0.0,0.0
SIA,MG,202501,2127989,0208010025,43.0,17566.36
SIA,MG,202501,5914469,0211020060,27.0,810.0
SIA,MG,202501,2099454,0206030029,4.0,347.0
SIA,MG,202501,2785684,0206010044,12.0,2082.0
SIA,MG,202501,7609868,0206010079,18.0,1753.92
SIA,MG,202501,2122650,0206010079,53.0,5164.32
SIA,MG,202501,2173565,0206010079,6.0,584.64
SIA,MG,202501,2168553,0206020031,9.0,1227.69
SIA,MG,202501,2140217,0206020015,6.0,520.5
SIA,MG,202501,0979538,0206020031,11.0,1500.51
SIA,MG,202501,6340059,0206010079,40.0,3897.6
SIA,MG,202501,2114763,0206010010,1.0,86.76
SIA,MG,202501,7284233,0206010044,4.0,347.0
SIA,MG,202501,2208822,0206010044,3.0,260.25
SIA,MG,202501,7934947,0206010028,2.0,202.2
SIA,MG,202501,9368221,0206010052,0.0,0.0
SIA,MG,202501,2760657,0206010028,4.0,404.4
SIA,MG,202501,2183439,0211020036,50.0,257.5
SIA,MG,202501,3871797,0206010052,0.0,0.0
SIA,MG,202501,2218690,0206010036,2.0,173.52
SIA,MG,202501,2100681,0206010010,4.0,347.04
SIA,MG,202501,2760657,0206030029,1.0,86.75
SIA,MG,202501,2100754,0206020031,5.0,682.05
SIA,MG,202501,2099152,0206030010,12.0,3153.96
SIA,MG,202501,7741464,0206030010,13.0,1802.19
SIA,MG,202501,3960668,0206010044,0.0,0.0
SIA,MG,202501,2764547,0211020036,28.0,144.2
SIA,MG,202501,6340059,0206020015,3.0,260.25
SIA,MG,202501,2128047,0206010010,1.0,86.76
SIA,MG,202501,5338409,0206020031,0.0,0.0
SIA,MG,202501,7691807,0206010010,3.0,260.28
SIA,MG,202501,5338409,0206030010,0.0,0.0
SIA,MG,202501,2099152,0206010028,8.0,1537.44
SIA,MG,202501,2168553,0211020036,40.0,206.0
SIA,MG,202501,2101777,0206030029,1.0,86.75
SIA,MG,202501,2168707,0206010036,2.0,173.52
SIA,MG,202501,7038216,0206010028,8.0,808.8
SIA,MG,202501,2173565,0206030010,7.0,970.41
SIA,MG,202501,2164299,0206010028,1.0,101.1
SIA,MG,202501,2218690,0206030029,17.0,1474.75
SIA,MG,202501,7038216,0206010010,9.0,780.84
SIA,MG,202501,2101777,0206010028,6.0,606.6
SIA,MG,202501,2208822,0206020031,4.0,545.64
SIA,MG,202501,2159368,0208010033,4.0,1532.28
SIA,MG,202501,9368221,0206010028,0.0,0.0
SIA,MG,202501,9419977,0206010028,4.0,404.4
SIA,MG,202501,2129469,0206020015,6.0,520.5
SIA,MG,202501,2144530,0206010079,28.0,2728.32
SIA,MG,202501,7038216,0206010036,2.0,173.52
SIA,MG,202501,2168707,0206010010,4.0,347.04
SIA,MG,202501,6093361,0206020031,2.0,272.82
SIA,MG,202501,2099497,0206020031,0.0,0.0
SIA,MG,202501,2760657,0206020023,1.0,86.75
SIA,MG,202501,2218690,0206030037,29.0,4020.27
SIA,MG,202501,6892256,0206020023,12.0,1041.0
SIA,MG,202501,2144530,0206020031,4.0,545.64
SIA,MG,202501,2122650,0206010044,3.0,260.25
SIA,MG,202501,6920977,0206020023,13.0,1127.75
SIA,MG,202501,2785684,0206030037,15.0,4158.9
SIA,MG,202501,6920977,0206010044,23.0,1995.25
SIA,MG,202501,2127989,0211020060,5.0,150.0
SIA,MG,202501,6963188,0211020060,16.0,480.0
SIA,MG,202501,2099152,0206030037,13.0,3416.79
SIA,MG,202501,2759403,0211020060,10.0,300.0
SIA,MG,202501,2756749,0206010036,2.0,173.52
SIA,MG,202501,3960668,0208010025,0.0,0.0
SIA,MG,202501,2796562,0206030029,1.0,86.75
SIA,MG,202501,7741464,0206020031,4.0,545.64
SIA,MG,202501,2127989,0206030029,44.0,3817.0
SIA,MG,202501,6631487,0208010033,4.0,2176.0
SIA,MG,202501,2122650,0206010028,2.0,202.2
SIA,MG,202501,0133752,0206030037,1.0,138.63
SIA,MG,202501,2206064,0206020023,2.0,173.5
SIA,MG,202501,2099454,0206010044,19.0,1648.25
SIA,MG,202501,7038216,0206030029,4.0,347.0
SIA,MG,202501,2168707,0206010028,3.0,303.3
SIA,MG,202501,2128047,0206030010,3.0,415.89
SIA,MG,202501,2756749,0206010010,3.0,260.28
SIA,MG,202501,2208822,0206030010,5.0,693.15
SIA,MG,202501,9368221,0211020036,0.0,0.0
SIA,MG,202501,2100754,0206010010,4.0,347.04
SIA,MG,202501,2099152,0206010010,2.0,331.02
SIA,MG,202501,2136937,0211020036,5.0,25.75
SIA,MG,202501,2100754,0206010044,13.0,1127.75
SIA,MG,202501,2129469,0206010036,7.0,607.32
SIA,MG,202501,2129469,0206010044,5.0,433.75
SIA,MG,202501,9368221,0211020060,0.0,0.0
SIA,MG,202501,2208822,0206010079,9.0,876.96
SIA,MG,202501,2775956,0206030037,1.0,138.63
SIA,MG,202501,7387377,0206010079,7.0,1969.1
SIA,MG,202501,2195437,0206030010,134.0,18576.42
SIA,MG,202501,2195437,0206010028,21.0,2123.1
SIA,MG,202501,2208857,0206030010,18.0,2495.34
SIA,MG,202501,2195437,0211020036,251.0,1292.65
SIA,MG,202501,2195437,0206010079,331.0,32252.64
SIA,MG,202501,2195437,0206020031,132.0,18006.12
SIA,MG,202501,2159279,0211020036,353.0,1817.95
SIA,MG,202501,2143801,0206030010,30.0,4158.9
SIA,MG,202501,7114982,0206030010,0.0,0.0
SIA,MG,202501,2218690,0206020015,4.0,347.0
SIA,MG,202501,3410587,0211020036,120.0,618.0
SIA,MG,202501,2760843,0206030037,42.0,5822.46
SIA,MG,202501,2099438,0206030010,49.0,6792.87
SIA,MG,202501,2760924,0211020036,102.0,525.3
SIA,MG,202501,2201542,0206030010,44.0,6099.72
SIA,MG,202501,2201542,0206010079,65.0,6333.6
SIA,MG,202501,2172887,0206010052,1.0,86.75
SIA,MG,202501,2156113,0211020036,9.0,46.35
SIA,MG,202501,2146126,0211020036,539.0,2775.85
SIA,MG,202501,7609868,0206030010,1.0,138.63
SIA,MG,202501,2171945,0211020036,231.0,1189.65
SIA,MG,202501,6790151,0206010079,139.0,13544.16
SIA,MG,202501,6790151,0206030010,148.0,20517.24
SIA,MG,202501,2215586,0206030010,77.0,10674.51
SIA,MG,202501,2215586,0206020031,87.0,11867.67
SIA,MG,202501,2215586,0211020060,77.0,2310.0
SIA,MG,202501,2204649,0206010079,47.0,4579.68
SIA,MG,202501,2195437,0206030037,134.0,18576.42
SIA,MG,202501,2215586,0206030037,78.0,10813.14
SIA,MG,202501,2146525,0206010079,70.0,6820.8
SIA,MG,202501,2146525,0206030037,59.0,8179.17
SIA,MG,202501,2215586,0205010016,5.0,825.0
SIA,MG,202501,2171945,0206010079,190.0,18513.6
SIA,MG,202501,2171945,0206020031,439.0,59883.99
SIA,MG,202501,2171945,0206010052,54.0,4684.5
SIA,MG,202501,2171945,0206030037,372.0,51570.36
SIA,MG,202501,2171945,0206030010,358.0,49629.54
SIA,MG,202501,2215586,0211020036,59.0,303.85
SIA,MG,202501,2171945,0206010028,6.0,606.6
SIA,MG,202501,2171945,0206010010,4.0,347.04
SIA,MG,202501,7795203,0211020060,0.0,0.0
SIA,MG,202501,2127989,0206020023,8.0,694.0
SIA,MG,202501,6790151,0206030037,15.0,2079.45
SIA,MG,202501,6790151,0211020036,44.0,226.6
SIA,MG,202501,2168553,0206030029,10.0,867.5
SIA,MG,202501,6790151,0206030029,23.0,1995.25
SIA,MG,202501,2117401,0211020036,207.0,1066.05
SIA,MG,202501,6323405,0211020036,215.0,1107.25
SIA,MG,202501,6006361,0206010079,0.0,0.0
SIA,MG,202501,6006361,0206020023,0.0,0.0
SIA,MG,202501,6006361,0206020031,0.0,0.0
SIA,MG,202501,2201542,0206030037,43.0,5961.09
SIA,MG,202501,7795203,0206030010,0.0,0.0
SIA,MG,202501,7795203,0206030029,0.0,0.0
SIA,MG,202501,7795203,0206030037,0.0,0.0
SIA,MG,202501,2195437,0206010044,29.0,2515.75
SIA,MG,202501,7795203,0206010079,0.0,0.0
SIA,MG,202501,9274200,0208010025,22.0,8987.44
SIA,MG,202501,2100754,0206030037,2.0,277.26
SIA,MG,202501,2163438,0211020036,322.0,1648.0
SIA,MG,202501,2163438,0902010018,2.0,260.0
SIA,MG,202501,2171945,0208010033,1.0,383.07
SIA,MG,202501,6790151,0206020031,47.0,6411.27
SIA,MG,202501,7114982,0206010028,0.0,0.0
SIA,MG,202501,2171945,0206010044,8.0,694.0
SIA,MG,202501,2113813,0211020036,4.0,20.6
SIA,MG,202501,2099438,0206010079,53.0,5164.32
SIA,MG,202501,6511805,0206030010,8.0,1481.76
SIA,MG,202501,6511805,0206020031,14.0,2579.78
SIA,MG,202501,2761092,0206030010,344.0,47688.72
SIA,MG,202501,2195453,0206010079,77.0,7502.88
SIA,MG,202501,2195453,0206030037,474.0,65710.62
SIA,MG,202501,2195453,0206030010,529.0,73335.27
SIA,MG,202501,2761092,0206010028,20.0,2022.0
SIA,MG,202501,6272150,0211020036,214.0,1102.1
SIA,MG,202501,2761092,0206030037,360.0,49906.8
SIA,MG,202501,2195437,0206010010,28.0,2429.28
SIA,MG,202501,2195453,0206010052,109.0,9455.75
SIA,MG,202501,6006361,0211020036,0.0,0.0
SIA,MG,202501,2195453,0206020031,636.0,86756.76
SIA,MG,202501,7258992,0211020036,100.0,515.0
SIA,MG,202501,2129566,0206020031,6.0,818.46
SIA,MG,202501,2171945,0206030029,12.0,1041.0
SIA,MG,202501,2761092,0206020031,390.0,53199.9
SIA,MG,202501,2775115,0211020036,92.0,473.8
SIA,MG,202501,2129566,0206010079,45.0,4384.8
SIA,MG,202501,6006361,0206010044,0.0,0.0
SIA,MG,202501,2119420,0206010028,12.0,1213.2
SIA,MG,202501,6629725,0206010079,25.0,5375.0
SIA,MG,202501,6292976,0205010016,48.0,7920.0
SIA,MG,202501,2119420,0206030037,31.0,4297.53
SIA,MG,202501,2201879,0206030037,31.0,8060.0
SIA,MG,202501,3498441,0206030010,21.0,2911.23
SIA,MG,202501,2201542,0206020031,17.0,2318.97
SIA,MG,202501,2760703,0211020036,109.0,561.35
SIA,MG,202501,3498441,0206010079,40.0,3897.6
SIA,MG,202501,2119420,0206010079,109.0,10620.96
SIA,MG,202501,2760843,0206020031,45.0,6138.45
SIA,MG,202501,2760843,0206010079,126.0,12277.44
SIA,MG,202501,6340059,0206030029,6.0,520.5
SIA,MG,202501,2208857,0208010033,9.0,3447.63
SIA,MG,202501,2146525,0206030010,59.0,8179.17
SIA,MG,202501,2129566,0211020010,57.0,41612.28
SIA,MG,202501,2206420,0206010028,3.0,303.3
SIA,MG,202501,2116081,0211020036,2.0,10.3
SIA,MG,202501,2163829,0206010010,32.0,2776.32
SIA,MG,202501,6862098,0211020036,21.0,108.15
SIA,MG,202501,2195453,0206010095,6.0,12643.32
SIA,MG,202501,2868385,0211020036,16.0,82.4
SIA,MG,202501,2146525,0206010010,5.0,433.8
SIA,MG,202501,2105780,0211020036,469.0,2415.35
SIA,MG,202501,2785684,0206010010,1.0,173.52
SIA,MG,202501,2785684,0206020031,10.0,2750.4
SIA,MG,202501,2760924,0206010079,20.0,1948.8
SIA,MG,202501,2760843,0206010044,5.0,433.75
SIA,MG,202501,2143801,0206030037,29.0,4020.27
SIA,MG,202501,2206269,0211020036,4.0,20.6
SIA,MG,202501,2171945,0206020023,5.0,433.75
SIA,MG,202501,2209195,0211020010,43.0,31391.72
SIA,MG,202501,2183501,0211020036,3.0,15.45
SIA,MG,202501,6006361,0206030037,0.0,0.0
SIA,MG,202501,2163829,0206030010,17.0,2356.71
SIA,MG,202501,2163829,0206010079,37.0,3605.28
SIA,MG,202501,3498441,0206010044,4.0,347.0
SIA,MG,202501,3498441,0206020031,14.0,1909.74
SIA,MG,202501,7114982,0206010079,0.0,0.0
SIA,MG,202501,2099454,0206010028,8.0,808.8
SIA,MG,202501,6511805,0206010028,1.0,184.27
SIA,MG,202501,6511805,0206010010,1.0,184.27
SIA,MG,202501,2775956,0206010079,6.0,584.64
SIA,MG,202501,9274200,0208010033,22.0,8427.54
SIA,MG,202501,6790151,0206010052,6.0,520.5
SIA,MG,202501,2099438,0206030037,49.0,6792.87
SIA,MG,202501,2195437,0206010052,4.0,347.0
SIA,MG,202501,2110075,0206010095,9.0,18964.98
SIA,MG,202501,2215586,0206010052,6.0,520.5
SIA,MG,202501,7795203,0206020031,0.0,0.0
SIA,MG,202501,2760827,0211020036,76.0,391.4
SIA,MG,202501,2761149,0211020036,26.0,133.9
SIA,MG,202501,2146525,0206020031,25.0,3410.25
SIA,MG,202501,9681752,0206010044,1.0,86.75
SIA,MG,202501,6790151,0206010044,11.0,954.25
SIA,MG,202501,6340059,0206010044,5.0,433.75
SIA,MG,202501,2794640,0211020036,19.0,97.85
SIA,MG,202501,2208857,0206010095,5.0,10536.1
SIA,MG,202501,2120097,0211020036,21.0,108.15
SIA,MG,202501,2199793,0211020036,61.0,314.15
SIA,MG,202501,2099438,0206010044,4.0,347.0
SIA,MG,202501,2099896,0211020036,93.0,478.95
SIA,MG,202501,2143801,0206010028,4.0,404.4
SIA,MG,202501,2172887,0206010028,4.0,404.4
SIA,MG,202501,4042085,0211020010,13.0,9490.52
SIA,MG,202501,2215586,0206010079,5.0,487.2
SIA,MG,202501,2208725,0211020036,9.0,46.35
SIA,MG,202501,2129469,0206030029,3.0,260.25
SIA,MG,202501,2143801,0206020031,3.0,409.23
SIA,MG,202501,2163829,0206030037,16.0,2218.08
SIA,MG,202501,2160072,0211020036,37.0,190.55
SIA,MG,202501,7741464,0206030037,4.0,554.52
SIA,MG,202501,2165643,0211020036,239.0,1230.85
SIA,MG,202501,2143801,0206010044,3.0,260.25
SIA,MG,202501,2163829,0206020015,2.0,173.5
SIA,MG,202501,2099454,0206010036,2.0,173.52
SIA,MG,202501,9368221,0206010044,0.0,0.0
SIA,MG,202501,2195437,0206020023,3.0,260.25
SIA,MG,202501,2146525,0206010028,9.0,909.9
SIA,MG,202501,2145774,0211020036,61.0,314.15
SIA,MG,202501,2775956,0206030010,4.0,554.52
SIA,MG,202501,2761041,0211020010,58.0,42342.32
SIA,MG,202501,4042107,0211020010,15.0,10950.6
SIA,MG,202501,9385665,0211020036,1.0,5.15
SIA,MG,202501,2709848,0206010052,2.0,173.5
SIA,MG,202501,2146525,0206010044,10.0,867.5
SIA,MG,202501,2143801,0206010079,22.0,2143.68
SIA,MG,202501,2100754,0206010036,1.0,86.76
SIA,MG,202501,2206420,0206020031,3.0,409.23
SIA,MG,202501,2099152,0206010052,2.0,329.64
SIA,MG,202501,2218690,0206010060,4.0,389.76
SIA,MG,202501,2206420,0206030037,5.0,693.15
SIA,MG,202501,7741464,0205010016,1.0,165.0
SIA,MG,202501,2099438,0206020031,17.0,2318.97
SIA,MG,202501,7609868,0206020031,7.0,954.87
SIA,MG,202501,7858094,0206030010,8.0,1109.04
SIA,MG,202501,6323405,0211020060,8.0,240.0
SIA,MG,202501,2206420,0206030010,8.0,1109.04
SIA,MG,202501,3009718,0211020036,27.0,139.05
SIA,MG,202501,6790151,0206010028,4.0,404.4
SIA,MG,202501,2760843,0206010010,4.0,347.04
SIA,MG,202501,2205734,0206010028,1.0,101.1
SIA,MG,202501,0941182,0211020036,1.0,5.15
SIA,MG,202501,2099454,0206020015,2.0,173.5
SIA,MG,202501,2121727,0211020036,157.0,808.55
SIA,MG,202501,2146525,0206030029,5.0,433.75
SIA,MG,202501,7741464,0206010028,1.0,101.1
SIA,MG,202501,2709848,0206020023,3.0,260.25
SIA,MG,202501,2760843,0206030010,2.0,277.26
SIA,MG,202501,2143801,0206010010,4.0,347.04
SIA,MG,202501,7038216,0206020015,3.0,260.25
SIA,MG,202501,2160471,0211020036,77.0,396.55
SIA,MG,202501,7609868,0206010028,2.0,202.2
SIA,MG,202501,7741464,0206010010,2.0,173.52
SIA,MG,202501,2167654,0211020036,130.0,669.5
SIA,MG,202501,2122650,0206010010,4.0,347.04
SIA,MG,202501,2215586,0206010028,7.0,707.7
SIA,MG,202501,2206382,0211020010,44.0,32121.76
SIA,MG,202501,2760924,0206020031,3.0,409.23
SIA,MG,202501,2163829,0206010044,8.0,694.0
SIA,MG,202501,2171945,0206010036,3.0,260.28
SIA,MG,202501,2195437,0206010036,12.0,1041.12
SIA,MG,202501,2159368,0208010025,3.0,1225.56
SIA,MG,202501,7114982,0206030037,0.0,0.0
SIA,MG,202501,2143801,0206020015,6.0,520.5
SIA,MG,202501,2146487,0211020036,107.0,551.05
SIA,MG,202501,2205882,0211020036,410.0,2111.5
SIA,MG,202501,2136007,0211020036,139.0,715.85
SIA,MG,202501,7387377,0206030010,2.0,562.6
SIA,MG,202501,2205734,0206020031,2.0,272.82
SIA,MG,202501,7741464,0206010052,1.0,86.75
SIA,MG,202501,3498441,0208010025,5.0,2042.6
SIA,MG,202501,3498441,0211020060,6.0,180.0
SIA,MG,202501,2144530,0206010044,2.0,173.5
SIA,MG,202501,2143127,0211020036,66.0,339.9
SIA,MG,202501,7795203,0206010028,0.0,0.0
SIA,MG,202501,2195437,0206020015,5.0,433.75
SIA,MG,202501,2215586,0206010036,7.0,607.32
SIA,MG,202501,6920977,0206020015,6.0,520.5
SIA,MG,202501,2202883,0211020036,5.0,25.75
SIA,MG,202501,2099675,0211020036,80.0,412.0
SIA,MG,202501,2181029,0211020036,135.0,695.25
SIA,MG,202501,2118076,0211020036,104.0,535.6
SIA,MG,202501,2127768,0211020036,13.0,66.95
SIA,MG,202501,3938654,0206030037,7.0,1386.0
SIA,MG,202501,2204649,0206010044,1.0,86.75
SIA,MG,202501,6311709,0206030037,0.0,0.0
SIA,MG,202501,6311709,0206010079,0.0,0.0
SIA,MG,202501,6311709,0206030010,0.0,0.0
SIA,MG,202501,6311709,0206010044,0.0,0.0
SIA,MG,202501,0046701,0211020036,238.0,1225.7
SIA,MG,202501,9079882,0211020036,100.0,515.0
SIA,MG,202501,2206382,0206030010,104.0,14417.52
SIA,MG,202501,2206382,0206010028,29.0,2931.9
SIA,MG,202501,3145425,0206030037,37.0,5129.31
SIA,MG,202501,3145425,0206010052,8.0,694.0
SIA,MG,202501,3145425,0206020031,23.0,3137.43
SIA,MG,202501,3145425,0206010079,4.0,389.76
SIA,MG,202501,2134314,0211020036,86.0,442.9
SIA,MG,202501,4041437,0211020036,102.0,525.3
SIA,MG,202501,4503333,0211020036,150.0,772.5
SIA,MG,202501,2119528,0206030010,29.0,4020.27
SIA,MG,202501,2119528,0206010079,112.0,10913.28
SIA,MG,202501,2119528,0206010010,5.0,433.8
SIA,MG,202501,7519826,0206030010,5.0,693.15
SIA,MG,202501,7519826,0206030037,5.0,693.15
SIA,MG,202501,2761254,0211020036,129.0,664.35
SIA,MG,202501,2205998,0211020036,77.0,396.55
SIA,MG,202501,2173166,0206010079,113.0,22021.44
SIA,MG,202501,3498441,0206010010,3.0,260.28
SIA,MG,202501,6487556,0205010016,0.0,0.0
SIA,MG,202501,2119528,0206030037,22.0,3049.86
SIA,MG,202501,2776286,0206020031,13.0,1773.33
SIA,MG,202501,2776286,0206030037,7.0,970.41
SIA,MG,202501,2776286,0206030010,7.0,970.41
SIA,MG,202501,2099438,0206010010,3.0,260.28
SIA,MG,202501,2776286,0206010079,19.0,1851.36
SIA,MG,202501,7266960,0211020060,2.0,60.0
SIA,MG,202501,2168340,0211020060,30.0,900.0
SIA,MG,202501,2123673,0211020036,76.0,391.4
SIA,MG,202501,7114982,0206020031,0.0,0.0
SIA,MG,202501,2204649,0206030037,8.0,1109.04
SIA,MG,202501,9529209,0206010079,1.0,97.44
SIA,MG,202501,7266960,0211020036,6.0,30.9
SIA,MG,202501,6311709,0206020031,0.0,0.0
SIA,MG,202501,2785684,0206010052,3.0,520.5
SIA,MG,202501,5973163,0211020036,60.0,309.0
SIA,MG,202501,6790151,0206010010,2.0,173.52
SIA,MG,202501,6340059,0206020023,4.0,347.0
SIA,MG,202501,6340059,0206030037,3.0,415.89
SIA,MG,202501,2208067,0211020036,7.0,36.05
SIA,MG,202501,7892861,0211020060,6.0,600.0
SIA,MG,202501,2206382,0206010079,232.0,22606.08
SIA,MG,202501,2206382,0211020036,385.0,1982.75
SIA,MG,202501,2206382,0206030037,108.0,14972.04
SIA,MG,202501,2206382,0206020031,48.0,6547.68
SIA,MG,202501,2129469,0206020023,1.0,86.75
SIA,MG,202501,7519826,0206020031,1.0,136.41
SIA,MG,202501,6959415,0206030037,0.0,0.0
SIA,MG,202501,6959415,0206010079,0.0,0.0
SIA,MG,202501,6959415,0206030010,0.0,0.0
SIA,MG,202501,6311709,0206030029,0.0,0.0
SIA,MG,202501,2143992,0206030037,29.0,4020.27
SIA,MG,202501,2215586,0206010010,3.0,260.28
SIA,MG,202501,2206382,0211020060,14.0,420.0
SIA,MG,202501,6487556,0206010079,0.0,0.0
SIA,MG,202501,6487556,0206030037,0.0,0.0
SIA,MG,202501,2206382,0206010010,31.0,2689.56
SIA,MG,202501,7061773,0211020036,683.0,3517.45
SIA,MG,202501,2098539,0206030037,145.0,20101.35
SIA,MG,202501,2098539,0206030010,137.0,18992.31
SIA,MG,202501,2098539,0211020036,289.0,1488.35
SIA,MG,202501,6959415,0208010025,0.0,0.0
SIA,MG,202501,2146525,0206020015,1.0,86.75
SIA,MG,202501,3145425,0206010028,5.0,505.5
SIA,MG,202501,2760924,0206030010,2.0,277.26
SIA,MG,202501,2205734,0206010079,5.0,487.2
SIA,MG,202501,2173166,0206020023,1.0,173.5
SIA,MG,202501,2173166,0206030037,23.0,6376.98
SIA,MG,202501,2173166,0211020036,189.0,973.35
SIA,MG,202501,2173166,0206030010,19.0,5267.94
SIA,MG,202501,2204649,0206030010,8.0,1109.04
SIA,MG,202501,6340059,0206010010,3.0,260.28
SIA,MG,202501,3938654,0206020031,7.0,2030.0
SIA,MG,202501,3938654,0206030010,7.0,1386.0
SIA,MG,202501,2173166,0206010010,4.0,694.08
SIA,MG,202501,2201542,0206010044,6.0,520.5
SIA,MG,202501,2173166,0206010028,2.0,404.4
SIA,MG,202501,6920977,0206010052,3.0,260.25
SIA,MG,202501,7519826,0211020036,5.0,25.75
SIA,MG,202501,6705375,0206010079,8.0,779.52
SIA,MG,202501,2119528,0206010052,1.0,86.75
SIA,MG,202501,2797496,0211020036,13.0,66.95
SIA,MG,202501,2155648,0211020036,161.0,829.15
SIA,MG,202501,2198037,0211020036,67.0,345.05
SIA,MG,202501,2200945,0211020036,16.0,82.4
SIA,MG,202501,2162792,0211020036,33.0,169.95
SIA,MG,202501,2206382,0206010044,28.0,2429.0
SIA,MG,202501,6049265,0211020036,357.0,1838.55
SIA,MG,202501,2206382,0206010036,12.0,1041.12
SIA,MG,202501,2794225,0211020036,47.0,242.05
SIA,MG,202501,2120488,0211020036,200.0,1030.0
SIA,MG,202501,2785684,0206010028,3.0,606.6
SIA,MG,202501,2100754,0206010028,2.0,202.2
SIA,MG,202501,2119528,0206010044,6.0,520.5
SIA,MG,202501,2119528,0211020036,222.0,1143.3
SIA,MG,202501,2776286,0206020023,1.0,86.75
SIA,MG,202501,2172887,0206010079,7.0,682.08
SIA,MG,202501,2163829,0206020031,10.0,1364.1
SIA,MG,202501,4041283,0211020036,112.0,576.8
SIA,MG,202501,2764814,0206010079,109.0,10620.96
SIA,MG,202501,2764814,0206010036,6.0,520.56
SIA,MG,202501,2764814,0206010028,19.0,1920.9
SIA,MG,202501,6959415,0206020031,0.0,0.0
SIA,MG,202501,2153912,0211020036,68.0,350.2
SIA,MG,202501,7858094,0206020023,2.0,173.5
SIA,MG,202501,6487556,0206030010,0.0,0.0
SIA,MG,202501,2119528,0206020031,16.0,2182.56
SIA,MG,202501,6311709,0206010028,0.0,0.0
SIA,MG,202501,9005552,0211020036,197.0,1014.55
SIA,MG,202501,6959415,0206030029,0.0,0.0
SIA,MG,202501,7387377,0206020031,3.0,843.9
SIA,MG,202501,2126885,0211020036,65.0,334.75
SIA,MG,202501,2760924,0206030037,4.0,554.52
SIA,MG,202501,3498441,0206010028,4.0,404.4
SIA,MG,202501,2796341,0211020036,99.0,509.85
SIA,MG,202501,6311709,0206010052,0.0,0.0
SIA,MG,202501,2204649,0206010052,1.0,86.75
SIA,MG,202501,6006361,0206010052,0.0,0.0
SIA,MG,202501,2208849,0211020036,33.0,169.95
SIA,MG,202501,2100754,0206030029,5.0,433.75
SIA,MG,202501,6705375,0206020031,1.0,136.41
SIA,MG,202501,7339879,0211020060,0.0,0.0
SIA,MG,202501,2760681,0206010010,4.0,347.04
SIA,MG,202501,2172887,0206030037,1.0,138.63
SIA,MG,202501,2209195,0206030037,71.0,9842.73
SIA,MG,202501,2167638,0211020036,28.0,144.2
SIA,MG,202501,6618774,0206020031,82.0,11185.62
SIA,MG,202501,2204762,0206030010,77.0,10674.51
SIA,MG,202501,2118246,0206020031,25.0,3410.25
SIA,MG,202501,0196347,0206010079,17.0,4782.1
SIA,MG,202501,2171988,0206010010,37.0,3210.12
SIA,MG,202501,2135132,0206030010,12.0,1663.56
SIA,MG,202501,7951604,0211020036,246.0,1266.9
SIA,MG,202501,7339879,0206010079,0.0,0.0
SIA,MG,202501,7339879,0206010044,0.0,0.0
SIA,MG,202501,2135132,0206010079,59.0,5748.96
SIA,MG,202501,6487556,0211020060,0.0,0.0
SIA,MG,202501,6618774,0206030010,215.0,29805.45
SIA,MG,202501,2171961,0206010079,10.0,974.4
SIA,MG,202501,2171961,0206030010,10.0,1386.3
SIA,MG,202501,7101406,0206020015,3.0,260.25
SIA,MG,202501,6618774,0206010079,169.0,16467.36
SIA,MG,202501,6618774,0206010010,19.0,1648.44
SIA,MG,202501,2172259,0206030037,63.0,9708.3
SIA,MG,202501,2172259,0206030029,5.0,482.15
SIA,MG,202501,2172259,0206010052,4.0,385.72
SIA,MG,202501,2172259,0206030010,58.0,8937.8
SIA,MG,202501,2171988,0206010036,25.0,2169.0
SIA,MG,202501,0828114,0206010079,41.0,3995.04
SIA,MG,202501,2206382,0206010052,3.0,260.25
SIA,MG,202501,2796449,0211020036,234.0,1205.1
SIA,MG,202501,0828114,0206030037,29.0,4020.27
SIA,MG,202501,0828114,0206030010,28.0,3881.64
SIA,MG,202501,2135132,0206010010,16.0,1388.16
SIA,MG,202501,6618774,0206030037,218.0,30221.34
SIA,MG,202501,2118246,0206010079,34.0,3312.96
SIA,MG,202501,2185520,0211020036,46.0,236.9
SIA,MG,202501,2171988,0206010079,216.0,21047.04
SIA,MG,202501,2171988,0206030037,148.0,20517.24
SIA,MG,202501,2205939,0206010079,36.0,3507.84
SIA,MG,202501,2204649,0206010010,2.0,173.52
SIA,MG,202501,7951604,0206030010,67.0,10324.7
SIA,MG,202501,2171988,0206030010,147.0,20378.61
SIA,MG,202501,0196347,0206020031,7.0,1969.1
SIA,MG,202501,2118246,0206030010,29.0,4020.27
SIA,MG,202501,2204649,0206020031,9.0,1227.69
SIA,MG,202501,2172259,0206010079,156.0,16896.36
SIA,MG,202501,2099721,0211020036,56.0,288.4
SIA,MG,202501,2761041,0208010025,29.0,11847.08
SIA,MG,202501,7595247,0211020060,0.0,0.0
SIA,MG,202501,2161354,0206030037,170.0,23567.1
SIA,MG,202501,7519826,0206010079,2.0,194.88
SIA,MG,202501,2161354,0206030010,166.0,23012.58
SIA,MG,202501,7595247,0206010079,0.0,0.0
SIA,MG,202501,2161354,0206010036,14.0,1214.64
SIA,MG,202501,7076711,0211020036,68.0,350.2
SIA,MG,202501,2139200,0206030037,45.0,7355.25
SIA,MG,202501,2796619,0206010079,59.0,5748.96
SIA,MG,202501,2796619,0206030037,96.0,13308.48
SIA,MG,202501,2118246,0206010010,7.0,607.32
SIA,MG,202501,2118246,0206030037,27.0,3743.01
SIA,MG,202501,2762676,0211020036,9.0,46.35
SIA,MG,202501,2796619,0206030010,88.0,12199.44
SIA,MG,202501,2144174,0211020036,96.0,494.4
SIA,MG,202501,2209195,0206020031,64.0,8730.24
SIA,MG,202501,2209195,0206010079,131.0,12764.64
SIA,MG,202501,2796619,0206020031,38.0,5183.58
SIA,MG,202501,2172259,0206010044,19.0,1832.17
SIA,MG,202501,2161354,0206010079,151.0,14713.44
SIA,MG,202501,5649862,0211020036,159.0,818.85
SIA,MG,202501,2172860,0211020036,112.0,576.8
SIA,MG,202501,6487556,0206030029,0.0,0.0
SIA,MG,202501,6487556,0206020031,0.0,0.0
SIA,MG,202501,2119528,0206010028,3.0,303.3
SIA,MG,202501,2161354,0206010028,15.0,1516.5
SIA,MG,202501,7595247,0206030037,0.0,0.0
SIA,MG,202501,2161354,0206020031,105.0,14323.05
SIA,MG,202501,7951604,0206020031,34.0,5155.42
SIA,MG,202501,0828114,0206020031,41.0,5592.81
SIA,MG,202501,2127091,0211020036,42.0,216.3
SIA,MG,202501,2204762,0206010079,100.0,9744.0
SIA,MG,202501,6028454,0208010025,4.0,1634.08
SIA,MG,202501,2171945,0206020015,2.0,173.5
SIA,MG,202501,2143992,0206010028,24.0,2426.4
SIA,MG,202501,2143992,0206010079,50.0,4872.0
SIA,MG,202501,2143992,0206010044,6.0,520.5
SIA,MG,202501,2139200,0206010079,106.0,12251.48
SIA,MG,202501,5649862,0211020060,23.0,690.0
SIA,MG,202501,2208512,0211020036,42.0,216.3
SIA,MG,202501,7951604,0206030037,68.0,10478.8
SIA,MG,202501,2140411,0211020036,143.0,736.45
SIA,MG,202501,2202352,0211020036,59.0,303.85
SIA,MG,202501,2139200,0206010028,26.0,3115.58
SIA,MG,202501,2164175,0211020036,101.0,520.15
SIA,MG,202501,2761041,0206010079,13.0,1266.72
SIA,MG,202501,2161354,0206010044,21.0,1821.75
SIA,MG,202501,2139200,0206030010,44.0,7191.8
SIA,MG,202501,7339879,0206020031,0.0,0.0
SIA,MG,202501,7339879,0206010052,0.0,0.0
SIA,MG,202501,2205939,0206010028,20.0,2022.0
SIA,MG,202501,2162962,0211020036,75.0,386.25
SIA,MG,202501,2139200,0206010052,4.0,412.6
SIA,MG,202501,2183803,0206020031,2.0,272.82
SIA,MG,202501,2144530,0211020036,93.0,478.95
SIA,MG,202501,2205939,0206030037,12.0,1663.56
SIA,MG,202501,2204762,0206030037,78.0,10813.14
SIA,MG,202501,2204762,0206020031,21.0,2864.61
SIA,MG,202501,7951604,0206010079,16.0,1732.96
SIA,MG,202501,7101406,0206010079,18.0,1753.92
SIA,MG,202501,2209195,0206030010,78.0,10813.14
SIA,MG,202501,2127938,0211020036,32.0,164.8
SIA,MG,202501,2144638,0206010079,18.0,1753.92
SIA,MG,202501,2760681,0211020036,38.0,195.7
SIA,MG,202501,2760681,0206010079,13.0,1266.72
SIA,MG,202501,2139200,0206020031,29.0,4665.52
SIA,MG,202501,2098911,0211020036,419.0,2157.85
SIA,MG,202501,9344330,0206030037,85.0,11783.55
SIA,MG,202501,2098911,0206010028,17.0,1718.7
SIA,MG,202501,2098911,0206010079,93.0,9061.92
SIA,MG,202501,2098911,0206010044,18.0,1561.5
SIA,MG,202501,9344330,0206030010,84.0,11644.92
SIA,MG,202501,2098911,0206030010,37.0,5129.31
SIA,MG,202501,2098911,0206010036,5.0,433.8
SIA,MG,202501,9344330,0206020031,2.0,272.82
SIA,MG,202501,2098911,0206030029,4.0,347.0
SIA,MG,202501,2168553,0206020015,6.0,520.5
SIA,MG,202501,6618774,0206010044,38.0,3296.5
SIA,MG,202501,2758520,0211020036,55.0,283.25
SIA,MG,202501,4042107,0211020060,11.0,330.0
SIA,MG,202501,7101406,0206020031,11.0,1500.51
SIA,MG,202501,6618774,0206020015,2.0,173.5
SIA,MG,202501,2171988,0206020031,45.0,6138.45
SIA,MG,202501,2215586,0206020015,1.0,86.75
SIA,MG,202501,2201410,0211020036,70.0,360.5
SIA,MG,202501,2764814,0206010010,12.0,1041.12
SIA,MG,202501,2764814,0206010044,11.0,954.25
SIA,MG,202501,2161362,0211020036,37.0,190.55
SIA,MG,202501,2126982,0211020036,90.0,463.5
SIA,MG,202501,2161354,0208010033,6.0,2298.42
SIA,MG,202501,5473586,0206010079,0.0,0.0
SIA,MG,202501,2172259,0206010028,14.0,1415.4
SIA,MG,202501,2110075,0206030037,21.0,2911.23
SIA,MG,202501,2171988,0206010028,30.0,3033.0
SIA,MG,202501,2191164,0206010044,3.0,260.25
SIA,MG,202501,6966640,0208010025,7.0,2859.64
SIA,MG,202501,6966640,0208010033,7.0,2681.49
SIA,MG,202501,0196347,0206030037,9.0,2531.7
SIA,MG,202501,2143992,0206030010,25.0,3465.75
SIA,MG,202501,2143992,0206020031,10.0,1364.1
SIA,MG,202501,2144638,0206010010,3.0,260.28
SIA,MG,202501,2206382,0206030029,7.0,607.25
SIA,MG,202501,7609868,0206030029,2.0,173.5
SIA,MG,202501,7609868,0206010044,3.0,260.25
SIA,MG,202501,7609868,0211020036,1.0,5.15
SIA,MG,202501,7076711,0211020060,1.0,30.0
SIA,MG,202501,2768372,0211020036,64.0,329.6
SIA,MG,202501,2171988,0206010044,48.0,4164.0
SIA,MG,202501,2172259,0206020023,4.0,385.72
SIA,MG,202501,2172259,0211020036,95.0,489.25
SIA,MG,202501,2201542,0206010028,2.0,202.2
SIA,MG,202501,3498441,0206030037,1.0,138.63
SIA,MG,202501,2143992,0206010036,2.0,173.52
SIA,MG,202501,2143992,0206010010,2.0,173.52
SIA,MG,202501,2102722,0211020036,36.0,185.4
SIA,MG,202501,7795203,0206010044,0.0,0.0
SIA,MG,202501,2172259,0206020031,43.0,6520.09
SIA,MG,202501,6959415,0206010028,0.0,0.0
SIA,MG,202501,6959415,0206010036,0.0,0.0
SIA,MG,202501,2110075,0206030010,2.0,277.26
SIA,MG,202501,2211521,0211020036,14.0,72.1
SIA,MG,202501,2209195,0206010010,7.0,607.32
SIA,MG,202501,0133752,0206010079,1.0,97.44
SIA,MG,202501,2142376,0206030029,2.0,173.5
SIA,MG,202501,2776014,0211020036,17.0,87.55
SIA,MG,202501,2099616,0211020036,51.0,262.65
SIA,MG,202501,2171961,0206030037,5.0,693.15
SIA,MG,202501,2126974,0211020060,1.0,30.0
SIA,MG,202501,2120119,0211020036,9.0,46.35
SIA,MG,202501,2211262,0211020036,40.0,206.0
SIA,MG,202501,2841622,0206010079,31.0,3020.64
SIA,MG,202501,2841622,0206030010,4.0,554.52
SIA,MG,202501,2841622,0206020031,39.0,5319.99
SIA,MG,202501,2841622,0206030037,7.0,970.41
SIA,MG,202501,2841622,0206010044,20.0,1735.0
SIA,MG,202501,2204762,0206010028,1.0,101.1
SIA,MG,202501,0196347,0206030010,9.0,2531.7
SIA,MG,202501,2139200,0206020023,4.0,412.6
SIA,MG,202501,2109034,0206010079,7.0,1265.67
SIA,MG,202501,2144638,0206030010,19.0,2633.97
SIA,MG,202501,7595247,0206030010,0.0,0.0
SIA,MG,202501,4042107,0211020036,371.0,1910.65
SIA,MG,202501,2099152,0211020036,224.0,1153.6
SIA,MG,202501,2110075,0206020015,2.0,173.5
SIA,MG,202501,2796619,0206010010,4.0,347.04
SIA,MG,202501,2796619,0206010044,6.0,520.5
SIA,MG,202501,2156830,0211020036,80.0,412.0
SIA,MG,202501,2191164,0211020036,100.0,515.0
SIA,MG,202501,2191164,0206010079,14.0,1364.16
SIA,MG,202501,2099713,0211020036,33.0,169.95
SIA,MG,202501,2206382,0208010025,6.0,2451.12
SIA,MG,202501,2764814,0206030010,121.0,16774.23
SIA,MG,202501,2764814,0206020031,40.0,5456.4
SIA,MG,202501,2764814,0206030029,9.0,780.75
SIA,MG,202501,2764814,0206030037,50.0,6931.5
SIA,MG,202501,2161354,0206010010,24.0,2082.24
SIA,MG,202501,2760924,0206010010,1.0,86.76
SIA,MG,202501,2761041,0206020023,1.0,86.75
SIA,MG,202501,6448526,0208010025,6.0,2451.12
SIA,MG,202501,2183455,0206010079,3.0,292.32
SIA,MG,202501,2205939,0206030010,13.0,1802.19
SIA,MG,202501,3498441,0208010033,5.0,1915.35
SIA,MG,202501,2161354,0206030029,4.0,347.0
SIA,MG,202501,2764776,0206010079,28.0,2728.32
SIA,MG,202501,2761041,0208010033,29.0,11109.03
SIA,MG,202501,2796619,0206010087,1.0,138.63
SIA,MG,202501,6655203,0211020036,30.0,154.5
SIA,MG,202501,7076886,0211020036,401.0,2065.15
SIA,MG,202501,6471226,0206010079,14.0,1364.16
SIA,MG,202501,2764814,0206010052,8.0,694.0
SIA,MG,202501,2760843,0206010028,1.0,101.1
SIA,MG,202501,2156156,0211020036,67.0,345.05
SIA,MG,202501,2146509,0211020036,35.0,180.25
SIA,MG,202501,2213168,0211020036,28.0,144.2
SIA,MG,202501,2118246,0206010028,7.0,707.7
SIA,MG,202501,2171988,0206020015,5.0,433.75
SIA,MG,202501,7101406,0206010010,3.0,260.28
SIA,MG,202501,2122936,0211020036,62.0,319.3
SIA,MG,202501,2100754,0211020036,57.0,293.55
SIA,MG,202501,7595247,0206020031,0.0,0.0
SIA,MG,202501,6920977,0211020036,324.0,1668.6
SIA,MG,202501,7741464,0211020060,10.0,300.0
SIA,MG,202501,2761041,0206030010,3.0,415.89
SIA,MG,202501,2760681,0206030010,14.0,1940.82
SIA,MG,202501,0873217,0211020060,14.0,420.0
SIA,MG,202501,2146592,0211020036,52.0,267.8
SIA,MG,202501,6959415,0206010010,0.0,0.0
SIA,MG,202501,2139960,0211020036,31.0,159.65
SIA,MG,202501,2102404,0211020036,104.0,535.6
SIA,MG,202501,2210398,0211020036,82.0,422.3
SIA,MG,202501,2122677,0211020036,178.0,916.7
SIA,MG,202501,2760843,0206010036,1.0,86.76
SIA,MG,202501,2172887,0211020036,4.0,20.6
SIA,MG,202501,2173166,0206010044,5.0,867.5
SIA,MG,202501,2172259,0206010010,19.0,1648.44
SIA,MG,202501,2205106,0211020036,30.0,154.5
SIA,MG,202501,2118246,0206010044,7.0,607.25
SIA,MG,202501,2191164,0206030010,1.0,138.63
SIA,MG,202501,2191164,0206030037,3.0,415.89
SIA,MG,202501,2208822,0206030037,1.0,138.63
SIA,MG,202501,2796449,0206010079,16.0,2948.32
SIA,MG,202501,2183803,0206010079,7.0,682.08
SIA,MG,202501,7595247,0211020036,0.0,0.0
SIA,MG,202501,9944338,0211020036,130.0,669.5
SIA,MG,202501,7595247,0206010044,0.0,0.0
SIA,MG,202501,2110075,0206020031,12.0,1636.92
SIA,MG,202501,2168553,0206010028,3.0,303.3
SIA,MG,202501,2103303,0211020036,55.0,283.25
SIA,MG,202501,2206552,0211020036,39.0,200.85
SIA,MG,202501,2201542,0206010010,1.0,86.76
SIA,MG,202501,2184338,0211020036,11.0,56.65
SIA,MG,202501,2161354,0206010052,6.0,520.5
SIA,MG,202501,2764814,0206020015,7.0,607.25
SIA,MG,202501,2764814,0206020023,4.0,347.0
SIA,MG,202501,2764776,0206010044,7.0,607.25
SIA,MG,202501,2146525,0206010036,1.0,86.76
SIA,MG,202501,2764776,0206030037,11.0,1524.93
SIA,MG,202501,2205939,0206030029,5.0,433.75
SIA,MG,202501,2143992,0211020036,6.0,30.9
SIA,MG,202501,2796619,0206010028,2.0,202.2
SIA,MG,202501,2098539,0206010028,23.0,2325.3
SIA,MG,202501,2098539,0206010079,168.0,16369.92
SIA,MG,202501,2204762,0206010052,2.0,173.5
SIA,MG,202501,2098539,0206010010,16.0,1388.16
SIA,MG,202501,7624123,0211020036,99.0,509.85
SIA,MG,202501,5473586,0206030010,0.0,0.0
SIA,MG,202501,2168650,0206010079,51.0,4969.44
SIA,MG,202501,2145758,0211020036,9.0,46.35
SIA,MG,202501,2140098,0206010044,1.0,86.75
SIA,MG,202501,3048675,0211020036,209.0,1076.35
SIA,MG,202501,2168650,0206030037,62.0,8595.06
SIA,MG,202501,2171988,0206010052,5.0,433.75
SIA,MG,202501,2098911,0206020031,40.0,5456.4
SIA,MG,202501,2098911,0206030037,36.0,4990.68
SIA,MG,202501,2098911,0206010010,15.0,1301.4
SIA,MG,202501,2098911,0206020015,8.0,694.0
SIA,MG,202501,2134276,0211020036,105.0,540.75
SIA,MG,202501,2109034,0206030010,5.0,1314.15
SIA,MG,202501,2764814,0211020036,206.0,1060.9
SIA,MG,202501,2776286,0206030029,1.0,86.75
SIA,MG,202501,2144638,0206010028,3.0,303.3
SIA,MG,202501,6618774,0206010028,9.0,909.9
SIA,MG,202501,2162601,0211020036,23.0,118.45
SIA,MG,202501,7106548,0211020036,157.0,808.55
SIA,MG,202501,2168448,0211020036,105.0,540.75
SIA,MG,202501,6275621,0211020060,10.0,300.0
SIA,MG,202501,2143895,0211020036,60.0,309.0
SIA,MG,202501,2168553,0206010036,1.0,86.76
SIA,MG,202501,2109034,0206020031,3.0,777.51
SIA,MG,202501,2171961,0206020031,10.0,1364.1
SIA,MG,202501,9571019,0211020036,3.0,15.45
SIA,MG,202501,2098539,0206010036,6.0,520.56
SIA,MG,202501,2098539,0206010044,24.0,2082.0
SIA,MG,202501,2098539,0206030029,16.0,1388.0
SIA,MG,202501,2709848,0206010036,1.0,86.76
SIA,MG,202501,2172887,0206020031,1.0,136.41
SIA,MG,202501,2135132,0206010028,6.0,606.6
SIA,MG,202501,2144638,0206020031,4.0,545.64
SIA,MG,202501,2776286,0206010044,5.0,433.75
SIA,MG,202501,2776286,0206010010,2.0,173.52
SIA,MG,202501,3299074,0211020036,371.0,1910.65
SIA,MG,202501,0828114,0206020015,1.0,86.75
SIA,MG,202501,2122650,0206010036,1.0,86.76
SIA,MG,202501,9529209,0211020036,92.0,473.8
SIA,MG,202501,3498441,0206010052,1.0,86.75
SIA,MG,202501,6028454,0208010033,4.0,1532.28
SIA,MG,202501,2173166,0206020031,11.0,3025.44
SIA,MG,202501,2172259,0206020015,5.0,482.15
SIA,MG,202501,7533934,0211020036,223.0,1148.45
SIA,MG,202501,9876332,0211020036,6.0,30.9
SIA,MG,202501,2173166,0206010052,3.0,520.5
SIA,MG,202501,2135132,0211020036,0.0,0.0
SIA,MG,202501,2099438,0206010028,2.0,202.2
SIA,MG,202501,2101874,0211020036,39.0,200.85
SIA,MG,202501,2098539,0206010052,5.0,433.75
SIA,MG,202501,2098539,0206020023,10.0,867.5
SIA,MG,202501,0196347,0206010028,1.0,281.3
SIA,MG,202501,2206420,0211020036,250.0,1287.5
SIA,MG,202501,7101406,0206010028,8.0,808.8
SIA,MG,202501,2209195,0206030029,2.0,173.5
SIA,MG,202501,2171961,0206020015,2.0,173.5
SIA,MG,202501,2760681,0206010028,2.0,202.2
SIA,MG,202501,2171961,0206010052,2.0,173.5
SIA,MG,202501,2099438,0206010036,1.0,86.76
SIA,MG,202501,2183803,0206030029,1.0,86.75
SIA,MG,202501,2161354,0208010025,6.0,2451.12
SIA,MG,202501,2135132,0206010044,5.0,433.75
SIA,MG,202501,2120070,0211020036,50.0,257.5
SIA,MG,202501,5677416,0211020036,40.0,206.0
SIA,MG,202501,0828114,0206010044,5.0,433.75
SIA,MG,202501,2204762,0206010044,2.0,173.5
SIA,MG,202501,2110075,0206010052,4.0,347.0
SIA,MG,202501,2168553,0206010044,2.0,173.5
SIA,MG,202501,2205939,0206010010,4.0,347.04
SIA,MG,202501,0133752,0206030010,1.0,138.63
SIA,MG,202501,7951604,0206010044,4.0,385.72
SIA,MG,202501,2127725,0211020036,211.0,1086.65
SIA,MG,202501,2215586,0206030029,1.0,86.75
SIA,MG,202501,6618774,0206010036,3.0,260.28
SIA,MG,202501,2760681,0206030029,1.0,86.75
SIA,MG,202501,2099454,0211020036,160.0,824.0
SIA,MG,202501,2796449,0206030010,4.0,740.88
SIA,MG,202501,2209195,0206010044,3.0,260.25
SIA,MG,202501,5072913,0211020036,1974.0,10166.1
SIA,MG,202501,2141922,0211020036,113.0,581.95
SIA,MG,202501,2142376,0206010028,2.0,202.2
SIA,MG,202501,2195437,0206030029,2.0,173.5
SIA,MG,202501,2099438,0206030029,1.0,86.75
SIA,MG,202501,2205939,0206020031,9.0,1227.69
SIA,MG,202501,6618774,0206020023,6.0,520.5
SIA,MG,202501,2142376,0206020031,3.0,409.23
SIA,MG,202501,2140098,0206030029,1.0,86.75
SIA,MG,202501,2146770,0211020036,94.0,484.1
SIA,MG,202501,2171988,0206030029,4.0,347.0
SIA,MG,202501,2204932,0211020036,1.0,5.15
SIA,MG,202501,2135132,0206020031,5.0,682.05
SIA,MG,202501,2796619,0206010052,3.0,260.25
SIA,MG,202501,2139200,0206010060,3.0,346.74
SIA,MG,202501,2140098,0206010028,2.0,202.2
SIA,MG,202501,2209195,0206010028,4.0,404.4
SIA,MG,202501,2178656,0211020036,58.0,298.7
SIA,MG,202501,2775956,0206010010,2.0,173.52
SIA,MG,202501,2205939,0206020023,2.0,173.5
SIA,MG,202501,2168553,0206010010,1.0,86.76
SIA,MG,202501,2172259,0206010036,8.0,771.52
SIA,MG,202501,2761262,0211020036,42.0,216.3
SIA,MG,202501,2146525,0206020023,1.0,86.75
SIA,MG,202501,2205939,0206010036,3.0,260.28
SIA,MG,202501,2142376,0206010079,5.0,487.2
SIA,MG,202501,2764776,0206010028,6.0,606.6
SIA,MG,202501,2171945,0208010025,1.0,408.52
SIA,MG,202501,2159147,0211020036,43.0,221.45
SIA,MG,202501,0196347,0206010052,1.0,281.3
SIA,MG,202501,2135132,0206030037,2.0,277.26
SIA,MG,202501,2796619,0206020015,2.0,173.5
SIA,MG,202501,2099233,0211020036,226.0,1163.9
SIA,MG,202501,6356877,0211020036,207.0,1066.05
SIA,MG,202501,2764776,0206030010,11.0,1524.93
SIA,MG,202501,2209195,0206020023,3.0,260.25
SIA,MG,202501,7387377,0206010044,2.0,562.6
SIA,MG,202501,7387377,0206030037,2.0,562.6
SIA,MG,202501,2205939,0206010044,5.0,433.75
SIA,MG,202501,2165635,0211020036,54.0,278.1
SIA,MG,202501,6471226,0206030010,3.0,415.89
SIA,MG,202501,6471226,0206020031,1.0,136.41
SIA,MG,202501,2098539,0206020031,92.0,12549.72
SIA,MG,202501,2099152,0211020060,28.0,840.0
SIA,MG,202501,2098539,0206010087,1.0,138.63
SIA,MG,202501,2102447,0211020036,25.0,128.75
SIA,MG,202501,2161974,0211020036,29.0,149.35
SIA,MG,202501,2135132,0206010087,3.0,415.89
SIA,MG,202501,2841622,0206010028,7.0,707.7
SIA,MG,202501,2171961,0206010028,2.0,202.2
SIA,MG,202501,6471226,0206020015,2.0,173.5
SIA,MG,202501,2168650,0206020031,17.0,2318.97
SIA,MG,202501,2775913,0211020036,157.0,808.55
SIA,MG,202501,2098539,0206020015,13.0,1127.75
SIA,MG,202501,3938654,0206010079,1.0,139.7
SIA,MG,202501,0491632,0211020036,98.0,504.7
SIA,MG,202501,2171961,0206010044,5.0,433.75
SIA,MG,202501,2194635,0211020036,0.0,0.0
SIA,MG,202501,2114135,0211020036,82.0,422.3
SIA,MG,202501,2172712,0211020036,80.0,412.0
SIA,MG,202501,6340059,0206010028,2.0,202.2
SIA,MG,202501,2183455,0206010052,1.0,86.75
SIA,MG,202501,6705375,0206030010,1.0,138.63
SIA,MG,202501,6705375,0206030037,1.0,138.63
SIA,MG,202501,2146444,0211020036,60.0,309.0
SIA,MG,202501,2775956,0211020036,146.0,751.9
SIA,MG,202501,2099152,0206010044,4.0,659.28
SIA,MG,202501,6705375,0206010028,4.0,404.4
SIA,MG,202501,7038216,0206010052,2.0,173.5
SIA,MG,202501,5255880,0205010016,6.0,1500.0
SIA,MG,202501,2841622,0206020023,3.0,260.25
SIA,MG,202501,7624123,0211020060,16.0,480.0
SIA,MG,202501,2168650,0206010036,2.0,173.52
SIA,MG,202501,2097923,0211020036,109.0,561.35
SIA,MG,202501,2171961,0206010010,9.0,780.84
SIA,MG,202501,2151758,0211020036,295.0,1519.25
SIA,MG,202501,2099152,0206030029,1.0,164.83
SIA,MG,202501,2206420,0206010010,3.0,260.28
SIA,MG,202501,7339879,0206030010,0.0,0.0
SIA,MG,202501,2163071,0211020036,102.0,525.3
SIA,MG,202501,2122901,0211020036,100.0,515.0
SIA,MG,202501,2101289,0211020036,87.0,448.05
SIA,MG,202501,6959415,0211020060,0.0,0.0
SIA,MG,202501,4064429,0211020036,67.0,345.05
SIA,MG,202501,2776847,0211020036,0.0,0.0
SIA,MG,202501,2168650,0206010028,3.0,303.3
SIA,MG,202501,3012840,0211020036,70.0,360.5
SIA,MG,202501,6471226,0206030029,2.0,173.5
SIA,MG,202501,6959415,0208010033,0.0,0.0
SIA,MG,202501,6959415,0206010052,0.0,0.0
SIA,MG,202501,2168650,0206010010,4.0,347.04
SIA,MG,202501,2206420,0206010044,1.0,86.75
SIA,MG,202501,2102544,0211020036,40.0,206.0
SIA,MG,202501,2171961,0206010036,1.0,86.76
SIA,MG,202501,6487556,0208010033,0.0,0.0
SIA,MG,202501,2115506,0211020036,30.0,154.5
SIA,MG,202501,6471226,0206030037,1.0,138.63
SIA,MG,202501,2140179,0211020036,48.0,247.2
SIA,MG,202501,2119528,0206020023,3.0,260.25
SIA,MG,202501,2212110,0211020036,50.0,257.5
SIA,MG,202501,7858094,0206010044,1.0,86.75
SIA,MG,202501,2117177,0211020036,59.0,303.85
SIA,MG,202501,2775956,0206010044,1.0,86.75
SIA,MG,202501,2122901,0211020060,1.0,30.0
SIA,MG,202501,6959415,0206010060,0.0,0.0
SIA,MG,202501,2203448,0211020036,97.0,499.55
SIA,MG,202501,2170086,0211020036,103.0,530.45
SIA,MG,202501,2124300,0206020031,50.0,6820.5
SIA,MG,202501,2124300,0206030037,73.0,10119.99
SIA,MG,202501,2200473,0206010079,100.0,9744.0
SIA,MG,202501,2159252,0206010052,57.0,4944.75
SIA,MG,202501,2098407,0206030037,4.0,554.52
SIA,MG,202501,2148293,0206030037,91.0,12615.33
SIA,MG,202501,2159252,0211020036,65.0,334.75
SIA,MG,202501,2148293,0206020031,80.0,10912.8
SIA,MG,202501,2159252,0206030037,224.0,31053.12
SIA,MG,202501,2159252,0206010044,43.0,3730.25
SIA,MG,202501,2142384,0211020036,368.0,1895.2
SIA,MG,202501,2159252,0206020031,314.0,42832.74
SIA,MG,202501,7082886,0206010079,95.0,26723.5
SIA,MG,202501,2148293,0206010010,20.0,1735.2
SIA,MG,202501,2148293,0206030010,86.0,11922.18
SIA,MG,202501,2168650,0206010044,1.0,86.75
SIA,MG,202501,2212447,0211020036,17.0,87.55
SIA,MG,202501,7920768,0211020036,98.0,504.7
SIA,MG,202501,2200473,0206030037,31.0,4297.53
SIA,MG,202501,2120313,0211020036,220.0,1133.0
SIA,MG,202501,2112140,0211020036,403.0,2075.45
SIA,MG,202501,5944619,0211020036,58.0,298.7
SIA,MG,202501,7741464,0206010079,1.0,97.44
SIA,MG,202501,2112140,0206010079,66.0,6431.04
SIA,MG,202501,2124300,0211020036,127.0,654.05
SIA,MG,202501,2759306,0211020060,40.0,1200.0
SIA,MG,202501,2159252,0206030010,229.0,31746.27
SIA,MG,202501,2100142,0211020036,96.0,494.4
SIA,MG,202501,2191164,0206010010,1.0,86.76
SIA,MG,202501,2111659,0206010079,20.0,1948.8
SIA,MG,202501,0133876,0211020036,326.0,1678.9
SIA,MG,202501,2099152,0206020023,2.0,329.64
SIA,MG,202501,2132877,0206030010,7.0,2590.0
SIA,MG,202501,2146606,0211020036,0.0,0.0
SIA,MG,202501,7082886,0206010010,8.0,2250.4
SIA,MG,202501,2124300,0206030010,68.0,9426.84
SIA,MG,202501,2098369,0206010079,67.0,6528.48
SIA,MG,202501,6340059,0206010052,1.0,86.75
SIA,MG,202501,7845383,0211020036,8.0,41.2
SIA,MG,202501,2171961,0206030029,3.0,260.25
SIA,MG,202501,7082886,0206010028,8.0,2250.4
SIA,MG,202501,2127695,0211020036,185.0,952.75
SIA,MG,202501,2202247,0211020036,39.0,200.85
SIA,MG,202501,2183803,0206030037,1.0,138.63
SIA,MG,202501,9591931,0206030010,4.0,554.52
SIA,MG,202501,2120100,0211020036,25.0,128.75
SIA,MG,202501,2183803,0206010010,1.0,86.76
SIA,MG,202501,9591931,0206030037,4.0,554.52
SIA,MG,202501,2149419,0211020036,242.0,1246.3
SIA,MG,202501,2135884,0211020036,74.0,381.1
SIA,MG,202501,2764148,0211020036,60.0,309.0
SIA,MG,202501,2697548,0211020036,14.0,72.1
SIA,MG,202501,2155745,0211020036,30.0,154.5
SIA,MG,202501,7933401,0211020036,138.0,710.7
SIA,MG,202501,2206382,0208010033,6.0,2298.42
SIA,MG,202501,2776286,0206010028,3.0,303.3
SIA,MG,202501,6959415,0206010044,0.0,0.0
SIA,MG,202501,2139200,0206010044,6.0,618.9
SIA,MG,202501,2213958,0211020036,0.0,0.0
SIA,MG,202501,2123061,0211020036,105.0,540.75
SIA,MG,202501,3376478,0206010044,6.0,520.5
SIA,MG,202501,2159252,0208010033,22.0,8427.54
SIA,MG,202501,2148293,0206030029,19.0,1648.25
SIA,MG,202501,4042085,0206030037,23.0,3188.49
SIA,MG,202501,2134160,0211020036,196.0,1009.4
SIA,MG,202501,2168650,0211020036,297.0,1529.55
SIA,MG,202501,2761203,0211020036,22.0,113.3
SIA,MG,202501,9296379,0211020036,23.0,118.45
SIA,MG,202501,2114259,0211020036,236.0,1215.4
SIA,MG,202501,2112140,0206030010,42.0,5822.46
SIA,MG,202501,4042085,0206020031,12.0,1636.92
SIA,MG,202501,6705375,0211020036,4.0,20.6
SIA,MG,202501,2117037,0211020036,136.0,700.4
SIA,MG,202501,2139200,0206010036,3.0,309.45
SIA,MG,202501,2139200,0206010010,1.0,103.22
SIA,MG,202501,2143992,0206020015,5.0,433.75
SIA,MG,202501,3313484,0211020036,24.0,123.6
SIA,MG,202501,6448526,0208010033,6.0,2298.42
SIA,MG,202501,2841622,0206030029,1.0,86.75
SIA,MG,202501,2764830,0211020036,106.0,545.9
SIA,MG,202501,2168650,0206030029,2.0,173.5
SIA,MG,202501,2212536,0211020036,55.0,283.25
SIA,MG,202501,7082886,0206030037,87.0,24473.1
SIA,MG,202501,2120194,0211020036,142.0,731.3
SIA,MG,202501,2761041,0211020036,77.0,396.55
SIA,MG,202501,2209195,0211020060,1.0,30.0
SIA,MG,202501,2205939,0206020015,1.0,86.75
SIA,MG,202501,2142937,0211020036,59.0,303.85
SIA,MG,202501,6856209,0211020036,121.0,623.15
SIA,MG,202501,2209195,0211020036,63.0,324.45
SIA,MG,202501,2760681,0206020031,3.0,409.23
SIA,MG,202501,2760681,0206030037,2.0,277.26
SIA,MG,202501,2185563,0211020036,19.0,97.85
SIA,MG,202501,0081213,0211020036,1.0,5.15
SIA,MG,202501,2149710,0211020036,52.0,267.8
SIA,MG,202501,2114577,0211020036,79.0,406.85
SIA,MG,202501,2183846,0211020036,93.0,478.95
SIA,MG,202501,7395361,0211020036,69.0,1932.0
SIA,MG,202501,2135124,0206030037,1.0,138.63
SIA,MG,202501,2135124,0211020036,64.0,329.6
SIA,MG,202501,2143674,0211020036,50.0,257.5
SIA,MG,202501,6471226,0206020023,1.0,86.75
SIA,MG,202501,2099497,0206010044,0.0,0.0
SIA,MG,202501,2205939,0211020036,99.0,509.85
SIA,MG,202501,2761041,0206030037,1.0,138.63
SIA,MG,202501,2209195,0206010036,3.0,260.28
SIA,MG,202501,2126990,0211020036,90.0,463.5
SIA,MG,202501,2192128,0206020015,2.0,173.5
SIA,MG,202501,2139049,0211020036,1.0,5.15
SIA,MG,202501,2841622,0206020015,1.0,86.75
SIA,MG,202501,2145537,0211020036,40.0,206.0
SIA,MG,202501,2136937,0206020031,1.0,136.41
SIA,MG,202501,6631487,0206010028,2.0,400.0
SIA,MG,202501,2120623,0211020036,26.0,133.9
SIA,MG,202501,2207931,0211020036,1.0,5.15
SIA,MG,202501,2114763,0206020031,8.0,1091.28
SIA,MG,202501,2144166,0211020036,36.0,185.4
SIA,MG,202501,2119447,0211020036,173.0,890.95
SIA,MG,202501,2114763,0206010052,1.0,86.75
SIA,MG,202501,7519826,0206010052,1.0,86.75
SIA,MG,202501,2142600,0211020036,10.0,51.5
SIA,MG,202501,2794381,0211020036,76.0,391.4
SIA,MG,202501,7031882,0211020036,553.0,2847.95
SIA,MG,202501,7934947,0206010044,2.0,173.5
SIA,MG,202501,2113996,0211020036,92.0,473.8
SIA,MG,202501,2144638,0206030037,1.0,138.63
SIA,MG,202501,2764792,0211020036,72.0,370.8
SIA,MG,202501,2098911,0206010052,1.0,86.75
SIA,MG,202501,2119498,0211020036,53.0,272.95
SIA,MG,202501,2114763,0206010036,1.0,86.76
SIA,MG,202501,0879592,0211020036,121.0,623.15
SIA,MG,202501,2144298,0211020036,221.0,1138.15
SIA,MG,202501,0283118,0211020036,90.0,463.5
SIA,MG,202501,2179172,0211020036,139.0,715.85
SIA,MG,202501,2179237,0211020036,11.0,56.65
SIA,MG,202501,2204622,0206020023,4.0,347.0
SIA,MG,202501,2110075,0206010036,1.0,86.76
SIA,MG,202501,2169355,0211020036,625.0,3218.75
SIA,MG,202501,2214733,0211020036,726.0,3738.9
SIA,MG,202501,3145425,0206020023,2.0,173.5
SIA,MG,202501,2173565,0206020031,4.0,545.64
SIA,MG,202501,2110075,0206010079,5.0,487.2
SIA,MG,202501,2192128,0211020036,99.0,509.85
SIA,MG,202501,2117282,0211020036,46.0,236.9
SIA,MG,202501,4042298,0211020036,85.0,437.75
SIA,MG,202501,2795299,0211020036,30.0,154.5
SIA,MG,202501,2156512,0211020036,0.0,0.0
SIA,MG,202501,2114275,0211020036,137.0,705.55
SIA,MG,202501,2115077,0211020036,14.0,72.1
SIA,MG,202501,5661757,0211020036,21.0,108.15
SIA,MG,202501,4377370,0211020036,2160.0,11124.0
SIA,MG,202501,2216272,0211020036,32.0,164.8
SIA,MG,202501,3873781,0211020036,168.0,865.2
SIA,MG,202501,2161354,0211020036,39.0,200.85
SIA,MG,202501,9127666,0211020036,451.0,2322.65
SIA,MG,202501,7595247,0206020015,0.0,0.0
SIA,MG,202501,2144638,0211020036,125.0,643.75
SIA,MG,202501,2144638,0206010044,5.0,433.75
SIA,MG,202501,2109034,0211020036,128.0,659.2
SIA,MG,202501,2168731,0211020036,68.0,350.2
SIA,MG,202501,2204622,0211020036,20.0,103.0
SIA,MG,202501,2776855,0211020036,10.0,51.5
SIA,MG,202501,2142244,0211020036,123.0,633.45
SIA,MG,202501,2796619,0211020036,151.0,777.65
SIA,MG,202501,7391242,0211020036,170.0,875.5
SIA,MG,202501,2144654,0211020036,21.0,108.15
SIA,MG,202501,2191164,0206010052,1.0,86.75
SIA,MG,202501,2164280,0211020036,649.0,3342.35
SIA,MG,202501,2101432,0211020036,64.0,329.6
SIA,MG,202501,2114763,0211020036,162.0,834.3
SIA,MG,202501,2162938,0211020036,13.0,66.95
SIA,MG,202501,2109700,0211020036,59.0,303.85
SIA,MG,202501,2102587,0211020036,65.0,334.75
SIA,MG,202501,2143992,0206030029,3.0,260.25
SIA,MG,202501,6290841,0211020036,51.0,262.65
SIA,MG,202501,7595247,0205010016,0.0,0.0
SIA,MG,202501,2173565,0206020023,1.0,86.75
SIA,MG,202501,2173565,0206030029,2.0,173.5
SIA,MG,202501,2126826,0211020036,82.0,422.3
SIA,MG,202501,7469144,0211020036,847.0,4362.05
SIA,MG,202501,2201542,0211020036,114.0,587.1
SIA,MG,202501,2210339,0211020036,89.0,458.35
SIA,MG,202501,2173565,0211020036,10.0,51.5
SIA,MG,202501,2194651,0211020036,69.0,355.35
SIA,MG,202501,2214067,0211020036,30.0,154.5
SIA,MG,202501,2148005,0211020036,170.0,875.5
SIA,MG,202501,3224945,0211020036,67.0,345.05
SIA,MG,202501,0192465,0211020036,32.0,164.8
SIA,MG,202501,2761181,0211020036,58.0,298.7
SIA,MG,202501,2168650,0206010052,1.0,86.75
SIA,MG,202501,2168650,0206020023,1.0,86.75
SIA,MG,202501,2142171,0211020036,23.0,118.45
SIA,MG,202501,2115786,0211020036,416.0,2142.4
SIA,MG,202501,2117207,0211020036,60.0,309.0
SIA,MG,202501,6955452,0211020036,346.0,1781.9
SIA,MG,202501,2796619,0206010036,1.0,86.76
SIA,MG,202501,2101025,0211020036,32.0,164.8
SIA,MG,202501,7114982,0206010052,0.0,0.0
SIA,MG,202501,4317041,0211020036,8.0,41.2
SIA,MG,202501,2135116,0211020036,39.0,200.85
SIA,MG,202501,2105365,0211020036,200.0,1030.0
SIA,MG,202501,2156504,0211020036,37.0,190.55
SIA,MG,202501,5473586,0206020031,0.0,0.0
SIA,MG,202501,2170310,0211020036,73.0,375.95
SIA,MG,202501,2124300,0206010044,8.0,694.0
SIA,MG,202501,2124300,0206010028,12.0,1213.2
SIA,MG,202501,2124300,0206010079,79.0,7697.76
SIA,MG,202501,3754731,0211020036,210.0,1081.5
SIA,MG,202501,7082886,0206030010,84.0,23629.2
SIA,MG,202501,2111640,0206030029,1.0,86.75
SIA,MG,202501,9563105,0211020060,16.0,3120.0
SIA,MG,202501,2796619,0211020060,1.0,30.0
SIA,MG,202501,2166461,0211020036,34.0,175.1
SIA,MG,202501,4042085,0206030010,21.0,2911.23
SIA,MG,202501,8000956,0211020036,413.0,2126.95
SIA,MG,202501,2168707,0206010052,1.0,86.75
SIA,MG,202501,2168707,0206020023,2.0,173.5
SIA,MG,202501,2135930,0211020036,174.0,896.1
SIA,MG,202501,2115107,0211020036,58.0,298.7
SIA,MG,202501,2139227,0211020036,66.0,339.9
SIA,MG,202501,2186314,0211020036,63.0,324.45
SIA,MG,202501,2797364,0211020036,182.0,937.3
SIA,MG,202501,9673717,0206010044,0.0,0.0
SIA,MG,202501,2203162,0211020036,20.0,103.0
SIA,MG,202501,2163829,0211020036,24.0,123.6
SIA,MG,202501,2103397,0211020036,31.0,159.65
SIA,MG,202501,9013245,0211020036,178.0,916.7
SIA,MG,202501,2100347,0211020036,22.0,113.3
SIA,MG,202501,2156172,0211020036,32.0,164.8
SIA,MG,202501,2111640,0206020015,1.0,86.75
SIA,MG,202501,2108933,0211020036,35.0,180.25
SIA,MG,202501,2119811,0211020036,32.0,164.8
SIA,MG,202501,2184389,0211020036,25.0,128.75
SIA,MG,202501,2143801,0211020036,1.0,5.15
SIA,MG,202501,2763591,0211020036,58.0,298.7
SIA,MG,202501,2114763,0206030029,1.0,86.75
SIA,MG,202501,2218410,0211020036,49.0,252.35
SIA,MG,202501,6410200,0211020036,116.0,597.4
SIA,MG,202501,2212269,0211020036,198.0,1019.7
SIA,MG,202501,2134292,0211020036,15.0,77.25
SIA,MG,202501,2194953,0211020036,35.0,180.25
SIA,MG,202501,2136104,0211020036,14.0,72.1
SIA,MG,202501,2140942,0211020036,225.0,1158.75
SIA,MG,202501,2204649,0206010028,1.0,101.1
SIA,MG,202501,2148471,0211020036,50.0,257.5
SIA,MG,202501,2119471,0211020036,282.0,1452.3
SIA,MG,202501,2169509,0211020036,28.0,144.2
SIA,MG,202501,4116879,0211020036,88.0,453.2
SIA,MG,202501,2101262,0211020036,382.0,1967.3
SIA,MG,202501,2100363,0211020036,12.0,61.8
SIA,MG,202501,2761165,0211020036,29.0,149.35
SIA,MG,202501,6640486,0211020036,26.0,133.9
SIA,MG,202501,2161729,0211020036,92.0,473.8
SIA,MG,202501,9673717,0206010028,0.0,0.0
SIA,MG,202501,3713369,0211020060,34.0,3859.0
SIA,MG,202501,0041548,0206010079,7.0,682.08
SIA,MG,202501,2761092,0206020015,5.0,433.75
SIA,MG,202501,2146525,0211020036,40.0,206.0
SIA,MG,202501,2146525,0211020060,7.0,210.0
SIA,MG,202501,5796601,0206030010,13.0,1802.19
SIA,MG,202501,2160498,0211020036,147.0,757.05
SIA,MG,202501,6408354,0211020036,251.0,1292.65
SIA,MG,202501,2129566,0206030037,7.0,970.41
SIA,MG,202501,2167670,0211020036,31.0,159.65
SIA,MG,202501,7201109,0211020036,10.0,51.5
SIA,MG,202501,2194937,0206030037,19.0,2633.97
SIA,MG,202501,6629725,0206030010,35.0,9100.0
SIA,MG,202501,6629725,0206030037,35.0,9100.0
SIA,MG,202501,2761092,0206010044,16.0,1388.0
SIA,MG,202501,2761092,0206010052,55.0,4771.25
SIA,MG,202501,5815991,0211020036,1.0,5.15
SIA,MG,202501,6776434,0206030037,0.0,0.0
SIA,MG,202501,6629725,0206020031,16.0,4160.0
SIA,MG,202501,2201879,0206020031,14.0,3640.0
SIA,MG,202501,2151650,0211020036,21.0,108.15
SIA,MG,202501,2163829,0206020023,1.0,86.75
SIA,MG,202501,2764776,0206020031,9.0,1227.69
SIA,MG,202501,6776434,0206030010,0.0,0.0
SIA,MG,202501,2144026,0206030037,8.0,1109.04
SIA,MG,202501,2162504,0211020036,46.0,236.9
SIA,MG,202501,6776434,0206020031,0.0,0.0
SIA,MG,202501,2761092,0206010036,12.0,1041.12
SIA,MG,202501,2761092,0206010079,137.0,13349.28
SIA,MG,202501,2194937,0206010079,6.0,584.64
SIA,MG,202501,2119420,0206020015,2.0,173.5
SIA,MG,202501,2178559,0211020036,246.0,1266.9
SIA,MG,202501,5796601,0206010079,13.0,1266.72
SIA,MG,202501,5796601,0206010052,1.0,86.75
SIA,MG,202501,2195453,0208010033,13.0,4979.91
SIA,MG,202501,2184311,0211020036,100.0,515.0
SIA,MG,202501,2129566,0211020036,16.0,82.4
SIA,MG,202501,2119420,0206020031,14.0,1909.74
SIA,MG,202501,6292976,0206030010,4.0,554.52
SIA,MG,202501,2760924,0206010044,3.0,260.25
SIA,MG,202501,6240844,0211020036,594.0,3059.1
SIA,MG,202501,6292976,0211020060,7.0,210.0
SIA,MG,202501,2201879,0206030010,32.0,8320.0
SIA,MG,202501,5724538,0211020036,10.0,51.5
SIA,MG,202501,2119420,0206010010,6.0,520.56
SIA,MG,202501,2761092,0206010010,12.0,1041.12
SIA,MG,202501,2159155,0211020036,136.0,700.4
SIA,MG,202501,9681752,0211020010,17.0,12410.68
SIA,MG,202501,2102684,0211020036,30.0,154.5
SIA,MG,202501,2119420,0206030010,25.0,3465.75
SIA,MG,202501,2204606,0211020036,147.0,757.05
SIA,MG,202501,2201879,0206010044,6.0,1290.0
SIA,MG,202501,2194937,0206020031,8.0,1091.28
SIA,MG,202501,6629725,0206010036,2.0,630.0
SIA,MG,202501,2194937,0206030010,20.0,2772.6
SIA,MG,202501,2195453,0206010044,12.0,1041.0
SIA,MG,202501,7258992,0211020060,60.0,1800.0
SIA,MG,202501,2178648,0211020036,77.0,396.55
SIA,MG,202501,2141523,0211020036,25.0,128.75
SIA,MG,202501,2201879,0206010079,32.0,6880.0
SIA,MG,202501,6709052,0211020036,65.0,334.75
SIA,MG,202501,2129566,0206010028,10.0,1011.0
SIA,MG,202501,2194937,0206010044,3.0,260.25
SIA,MG,202501,2119439,0211020036,48.0,247.2
SIA,MG,202501,2195453,0208010025,13.0,5310.76
SIA,MG,202501,2129566,0206010036,1.0,86.76
SIA,MG,202501,2760924,0206010028,1.0,101.1
SIA,MG,202501,2760967,0211020036,34.0,175.1
SIA,MG,202501,2144026,0206020031,1.0,136.41
SIA,MG,202501,2204649,0206030029,1.0,86.75
SIA,MG,202501,2194937,0206030029,2.0,173.5
SIA,MG,202501,2143801,0206030029,2.0,173.5
SIA,MG,202501,2195453,0206010028,10.0,1011.0
SIA,MG,202501,6776434,0206010079,0.0,0.0
SIA,MG,202501,2168707,0211020036,258.0,1328.7
SIA,MG,202501,2144026,0206010079,1.0,97.44
SIA,MG,202501,2122189,0211020036,36.0,185.4
SIA,MG,202501,2129566,0206010010,2.0,173.52
SIA,MG,202501,2127911,0211020036,86.0,442.9
SIA,MG,202501,5796601,0206030037,5.0,693.15
SIA,MG,202501,4085205,0211020036,43.0,221.45
SIA,MG,202501,2172887,0206030010,1.0,138.63
SIA,MG,202501,2135132,0211020010,11.0,8030.44
SIA,MG,202501,2142376,0211020010,13.0,9490.52
SIA,MG,202501,5147166,0211020036,243.0,1251.45
SIA,MG,202501,6319769,0211020036,18.0,92.7
SIA,MG,202501,3224945,0211020060,48.0,1440.0
SIA,MG,202501,2129566,0206010044,11.0,954.25
SIA,MG,202501,2184281,0211020036,20.0,103.0
SIA,MG,202501,6272150,0211020060,8.0,240.0
SIA,MG,202501,2099209,0211020036,32.0,164.8
SIA,MG,202501,2210460,0211020036,25.0,128.75
SIA,MG,202501,2183315,0211020036,1.0,5.15
SIA,MG,202501,2159252,0211020010,28.0,20441.12
SIA,MG,202501,2776030,0211020036,236.0,1215.4
SIA,MG,202501,2212056,0211020036,30.0,154.5
SIA,MG,202501,2117479,0211020036,131.0,674.65
SIA,MG,202501,2099438,0211020036,123.0,633.45
SIA,MG,202501,6776434,0206010028,0.0,0.0
SIA,MG,202501,2166062,0211020036,45.0,231.75
SIA,MG,202501,2139154,0211020036,200.0,1030.0
SIA,MG,202501,2213389,0211020036,47.0,242.05
SIA,MG,202501,7518196,0211020036,137.0,705.55
SIA,MG,202501,5350697,0211020036,155.0,4340.0
SIA,MG,202501,7362870,0211020036,45.0,231.75
SIA,MG,202501,2118092,0211020036,97.0,499.55
SIA,MG,202501,2166364,0211020036,45.0,231.75
SIA,MG,202501,2764776,0206010010,4.0,347.04
SIA,MG,202501,2761092,0206030029,8.0,694.0
SIA,MG,202501,2855682,0211020036,116.0,597.4
SIA,MG,202501,0041548,0206030010,4.0,554.52
SIA,MG,202501,2205327,0211020036,17.0,87.55
SIA,MG,202501,2129566,0211020060,4.0,120.0
SIA,MG,202501,2195453,0206010036,5.0,433.8
SIA,MG,202501,2129566,0206030010,7.0,970.41
SIA,MG,202501,6776434,0208010033,0.0,0.0
SIA,MG,202501,6776434,0206010052,0.0,0.0
SIA,MG,202501,2201879,0206010036,1.0,315.0
SIA,MG,202501,2204649,0211020036,37.0,190.55
SIA,MG,202501,2119420,0206010036,3.0,260.28
SIA,MG,202501,6629725,0206010028,3.0,855.0
SIA,MG,202501,6629725,0206010044,3.0,645.0
SIA,MG,202501,6776434,0206020015,0.0,0.0
SIA,MG,202501,5046688,0211020036,15.0,77.25
SIA,MG,202501,5796601,0208010033,3.0,1149.21
SIA,MG,202501,2132877,0206010028,3.0,303.3
SIA,MG,202501,2112140,0206020023,1.0,86.75
SIA,MG,202501,2764776,0206010052,1.0,86.75
SIA,MG,202501,2190125,0211020036,385.0,1982.75
SIA,MG,202501,2195453,0206030029,6.0,520.5
SIA,MG,202501,2764776,0206030029,2.0,173.5
SIA,MG,202501,2201879,0206010028,2.0,570.0
SIA,MG,202501,2200473,0206030010,50.0,6931.5
SIA,MG,202501,2200473,0206020031,25.0,3410.25
SIA,MG,202501,2148293,0211020036,18.0,92.7
SIA,MG,202501,2148293,0206010044,25.0,2168.75
SIA,MG,202501,2148293,0206010079,86.0,8379.84
SIA,MG,202501,2159252,0206020023,4.0,347.0
SIA,MG,202501,2159252,0206010079,63.0,6138.72
SIA,MG,202501,0041548,0206010036,1.0,86.76
SIA,MG,202501,2148293,0206010028,16.0,1617.6
SIA,MG,202501,2148293,0206010036,13.0,1127.88
SIA,MG,202501,7082886,0206010036,5.0,1406.5
SIA,MG,202501,2793784,0211020036,81.0,417.15
SIA,MG,202501,7818858,0211020036,614.0,3162.1
SIA,MG,202501,7082886,0211020036,470.0,2420.5
SIA,MG,202501,7082886,0206010052,1.0,281.3
SIA,MG,202501,7082886,0206020031,26.0,7313.8
SIA,MG,202501,2200473,0206010028,8.0,808.8
SIA,MG,202501,2200473,0206010010,15.0,1301.4
SIA,MG,202501,2200473,0206010044,8.0,694.0
SIA,MG,202501,2111659,0206020031,25.0,3410.25
SIA,MG,202501,9591931,0206010079,12.0,1169.28
SIA,MG,202501,2119463,0211020036,103.0,530.45
SIA,MG,202501,2208644,0211020036,37.0,190.55
SIA,MG,202501,0041548,0206030037,3.0,415.89
SIA,MG,202501,2776006,0211020036,90.0,463.5
SIA,MG,202501,2119420,0206020023,3.0,260.25
SIA,MG,202501,6292976,0206020031,1.0,136.41
SIA,MG,202501,2124300,0206010036,4.0,347.04
SIA,MG,202501,2124300,0206010010,8.0,694.08
SIA,MG,202501,3376478,0206010079,27.0,2630.88
SIA,MG,202501,2159252,0208010025,22.0,8987.44
SIA,MG,202501,7802951,0211020036,65.0,334.75
SIA,MG,202501,7082886,0206030029,3.0,843.9
SIA,MG,202501,2200473,0206030029,10.0,867.5
SIA,MG,202501,6365612,0211020036,237.0,1220.55
SIA,MG,202501,9474439,0211020036,60.0,309.0
SIA,MG,202501,5796601,0208010025,1.0,408.52
SIA,MG,202501,3376478,0206010028,5.0,505.5
SIA,MG,202501,5796601,0206020031,7.0,954.87
SIA,MG,202501,7082886,0206010044,5.0,1406.5
SIA,MG,202501,2165848,0211020036,45.0,231.75
SIA,MG,202501,9368221,0206010010,0.0,0.0
SIA,MG,202501,9368221,0206030037,0.0,0.0
SIA,MG,202501,2200473,0206010036,3.0,260.28
SIA,MG,202501,2144530,0206010010,2.0,173.52
SIA,MG,202501,2144530,0206010028,2.0,202.2
SIA,MG,202501,2112140,0206010028,6.0,606.6
SIA,MG,202501,2111659,0206030010,38.0,5267.94
SIA,MG,202501,2111659,0206030037,38.0,5267.94
SIA,MG,202501,2761203,0206010079,0.0,0.0
SIA,MG,202501,0041548,0206010028,3.0,303.3
SIA,MG,202501,2193469,0211020036,180.0,927.0
SIA,MG,202501,2098369,0206020031,7.0,954.87
SIA,MG,202501,2144204,0211020036,81.0,417.15
SIA,MG,202501,3437396,0211020036,127.0,654.05
SIA,MG,202501,2785684,0206020015,1.0,173.5
SIA,MG,202501,2785684,0206020023,1.0,173.5
SIA,MG,202501,2206447,0206020031,1.0,136.41
SIA,MG,202501,2759306,0211020036,15.0,77.25
SIA,MG,202501,2124300,0206020023,2.0,173.5
SIA,MG,202501,2112140,0206030037,9.0,1247.67
SIA,MG,202501,2709848,0206030029,1.0,86.75
SIA,MG,202501,4042085,0206010079,18.0,1753.92
SIA,MG,202501,2200473,0206010052,2.0,173.5
SIA,MG,202501,2133261,0211020036,0.0,0.0
SIA,MG,202501,2098369,0206010028,21.0,2123.1
SIA,MG,202501,2200473,0206020015,5.0,433.75
SIA,MG,202501,2200473,0211020036,76.0,391.4
SIA,MG,202501,2124300,0206010052,4.0,347.0
SIA,MG,202501,7387377,0206010028,1.0,281.3
SIA,MG,202501,2098326,0211020036,18.0,92.7
SIA,MG,202501,2115360,0211020036,65.0,334.75
SIA,MG,202501,2761203,0206030029,0.0,0.0
SIA,MG,202501,6569803,0211020036,112.0,576.8
SIA,MG,202501,2124300,0206020015,1.0,86.75
SIA,MG,202501,2100525,0211020036,73.0,375.95
SIA,MG,202501,2098369,0206030037,18.0,2495.34
SIA,MG,202501,2112140,0206010010,16.0,1388.16
SIA,MG,202501,3376478,0206020031,12.0,1636.92
SIA,MG,202501,2098407,0206030029,1.0,86.75
SIA,MG,202501,2206420,0206010036,1.0,86.76
SIA,MG,202501,2194791,0211020060,31.0,930.0
SIA,MG,202501,9591931,0206020031,11.0,1500.51
SIA,MG,202501,2764245,0211020036,50.0,257.5
SIA,MG,202501,2136031,0211020036,20.0,103.0
SIA,MG,202501,4042085,0206010044,5.0,433.75
SIA,MG,202501,2098369,0206030010,19.0,2633.97
SIA,MG,202501,7507631,0211020036,13.0,66.95
SIA,MG,202501,2761203,0206010044,0.0,0.0
SIA,MG,202501,2183455,0206020031,1.0,136.41
SIA,MG,202501,3938654,0206020023,1.0,131.0
SIA,MG,202501,2112140,0206030029,4.0,347.0
SIA,MG,202501,2133563,0211020036,48.0,247.2
SIA,MG,202501,2148293,0206020015,6.0,520.5
SIA,MG,202501,2776006,0206010079,1.0,97.44
SIA,MG,202501,2167727,0206010079,1.0,97.44
SIA,MG,202501,2159252,0206010010,5.0,433.8
SIA,MG,202501,2142295,0211020036,30.0,154.5
SIA,MG,202501,7082886,0206020015,2.0,562.6
SIA,MG,202501,7408331,0211020036,85.0,437.75
SIA,MG,202501,6511805,0206010044,1.0,184.26
SIA,MG,202501,4040910,0211020036,64.0,329.6
SIA,MG,202501,2147572,0211020036,6.0,30.9
SIA,MG,202501,6705375,0206010052,1.0,86.75
SIA,MG,202501,2119528,0206010036,1.0,86.76
SIA,MG,202501,2112140,0206010036,4.0,347.04
SIA,MG,202501,2193000,0211020036,43.0,221.45
SIA,MG,202501,2171848,0206010079,2.0,194.88
SIA,MG,202501,2119528,0206030029,1.0,86.75
SIA,MG,202501,2173166,0206010036,1.0,173.52
SIA,MG,202501,2208857,0206010079,1.0,97.44
SIA,MG,202501,7387377,0206010010,1.0,281.3
SIA,MG,202501,2173166,0206020015,1.0,173.5
SIA,MG,202501,2132877,0206030037,4.0,1232.0
SIA,MG,202501,2761203,0206010028,0.0,0.0
SIA,MG,202501,2132877,0206010044,1.0,86.75
SIA,MG,202501,2208857,0206020015,1.0,86.75
SIA,MG,202501,2098407,0206020031,1.0,136.41
SIA,MG,202501,2159252,0206030029,2.0,173.5
SIA,MG,202501,2112140,0206020031,21.0,2864.61
SIA,MG,202501,2098407,0206030010,3.0,415.89
SIA,MG,202501,2098369,0206010036,1.0,86.76
SIA,MG,202501,2206447,0206010044,1.0,86.75
SIA,MG,202501,2183455,0206010044,1.0,86.75
SIA,MG,202501,2168650,0206020015,1.0,86.75
SIA,MG,202501,6311709,0206010010,0.0,0.0
SIA,MG,202501,2148293,0206010052,2.0,173.5
SIA,MG,202501,4042085,0206030029,3.0,260.25
SIA,MG,202501,9344330,0206010028,1.0,101.1
SIA,MG,202501,2128020,0211020036,162.0,834.3
SIA,MG,202501,2159252,0206010028,4.0,404.4
SIA,MG,202501,6951325,0211020036,10.0,51.5
SIA,MG,202501,7519826,0206010044,1.0,86.75
SIA,MG,202501,6311709,0206010036,0.0,0.0
SIA,MG,202501,4042085,0206010028,1.0,101.1
SIA,MG,202501,2098326,0206030037,1.0,138.63
SIA,MG,202501,5889928,0211020036,2.0,10.3
SIA,MG,202501,2776286,0206010036,1.0,86.76
SIA,MG,202501,2183455,0211020036,1.0,5.15
SIA,MG,202501,2181851,0211020036,29.0,149.35
SIA,MG,202501,9980547,0211020060,10.0,300.0
SIA,MG,202501,2105330,0211020036,10.0,51.5
SIA,MG,202501,2172887,0211020060,1.0,30.0
SIA,MG,202501,3938654,0206010044,1.0,131.0
SIA,MG,202501,2182793,0211020036,95.0,489.25
SIA,MG,202501,2215268,0211020036,197.0,1014.55
SIA,MG,202501,2135108,0211020036,43.0,221.45
SIA,MG,202501,2118319,0211020036,196.0,1009.4
SIA,MG,202501,2132877,0206020031,4.0,1340.0
SIA,MG,202501,2132877,0206020015,1.0,86.75
SIA,MG,202501,2132877,0206010079,9.0,2250.0
SIA,MG,202501,2147823,0211020036,56.0,288.4
SIA,MG,202501,2184249,0211020036,30.0,154.5
SIA,MG,202501,2139057,0211020036,82.0,422.3
SIA,MG,202501,2111659,0206010028,2.0,202.2
SIA,MG,202501,2111659,0211020036,5.0,25.75
SIA,MG,202501,2205866,0211020036,87.0,448.05
SIA,MG,202501,2120542,0211020036,285.0,1467.75
SIA,MG,202501,2219719,0211020036,92.0,473.8
SIA,MG,202501,2760843,0206010052,1.0,86.75
SIA,MG,202501,2167727,0211020036,144.0,741.6
SIA,MG,202501,2221985,0211020036,90.0,463.5
SIA,MG,202501,2148870,0211020036,75.0,386.25
SIA,MG,202501,7934947,0211020036,1.0,5.15
SIA,MG,202501,2132877,0211020036,137.0,705.55
SIA,MG,202501,2100681,0206010044,3.0,260.25
SIA,MG,202501,2127989,0211020010,24.0,17520.96
SIA,MG,202501,2140217,0206010044,4.0,347.0
SIA,MG,202501,2760657,0211020036,164.0,844.6
SIA,MG,202501,2102099,0211020036,21.0,108.15
SIA,MG,202501,2756749,0211020036,209.0,1076.35
SIA,MG,202501,2105780,0206020015,5.0,433.75
SIA,MG,202501,3883582,0206010010,1.0,86.76
SIA,MG,202501,2136937,0206010036,1.0,86.76
SIA,MG,202501,4378520,0211020036,10.0,51.5
SIA,MG,202501,2141213,0211020036,2.0,10.3
SIA,MG,202501,2166127,0211020036,67.0,345.05
SIA,MG,202501,2194791,0211020036,658.0,3388.7
SIA,MG,202501,2760908,0211020036,9.0,46.35
SIA,MG,202501,3238431,0211020036,121.0,623.15
SIA,MG,202501,2149664,0211020036,17.0,87.55
SIA,MG,202501,2204622,0206030029,1.0,86.75
SIA,MG,202501,6892256,0211020036,77.0,396.55
SIA,MG,202501,2101777,0206010044,4.0,347.0
SIA,MG,202501,3883582,0206030037,2.0,277.26
SIA,MG,202501,2756749,0206010052,1.0,86.75
SIA,MG,202501,2102749,0211020036,18.0,92.7
SIA,MG,202501,2147106,0211020036,97.0,499.55
SIA,MG,202501,2208075,0211020036,57.0,293.55
SIA,MG,202501,2139871,0211020036,116.0,597.4
SIA,MG,202501,2154021,0211020036,500.0,2575.0
SIA,MG,202501,2119501,0211020036,128.0,659.2
SIA,MG,202501,2160242,0211020036,17.0,87.55
SIA,MG,202501,2103532,0211020036,31.0,159.65
SIA,MG,202501,9881425,0211020036,161.0,829.15
SIA,MG,202501,2108828,0211020036,202.0,1040.3
SIA,MG,202501,9155112,0211020036,47.0,242.05
SIA,MG,202501,2160137,0211020036,345.0,1776.75
SIA,MG,202501,2102021,0211020036,70.0,360.5
SIA,MG,202501,2105780,0206010028,7.0,707.7
SIA,MG,202501,3883582,0206030010,3.0,415.89
SIA,MG,202501,4042085,0206010052,1.0,86.75
SIA,MG,202501,2105780,0206020023,3.0,260.25
SIA,MG,202501,2179016,0211020036,72.0,370.8
SIA,MG,202501,2207664,0211020036,519.0,2672.85
SIA,MG,202501,2186489,0211020036,10.0,51.5
SIA,MG,202501,9591931,0206010044,3.0,260.25
SIA,MG,202501,2142139,0211020036,29.0,149.35
SIA,MG,202501,2100215,0211020036,60.0,309.0
SIA,MG,202501,2794667,0211020036,71.0,365.65
SIA,MG,202501,2163934,0211020036,27.0,139.05
SIA,MG,202501,0874647,0211020036,1.0,5.15
SIA,MG,202501,6826911,0206010095,20.0,42144.4
SIA,MG,202501,2167751,0211020036,56.0,288.4
SIA,MG,202501,2167360,0211020036,54.0,278.1
SIA,MG,202501,2101777,0206010036,2.0,173.52
SIA,MG,202501,2160560,0211020036,32.0,164.8
SIA,MG,202501,7332300,0211020036,205.0,1055.75
SIA,MG,202501,4042085,0211020036,306.0,1575.9
SIA,MG,202501,2140063,0211020036,37.0,190.55
SIA,MG,202501,2105780,0206010036,5.0,433.8
SIA,MG,202501,2146525,0211020010,13.0,9490.52
SIA,MG,202501,2100304,0211020036,180.0,927.0
SIA,MG,202501,2206064,0211020036,16.0,82.4
SIA,MG,202501,2206064,0206010010,7.0,607.32
SIA,MG,202501,2211912,0211020036,34.0,175.1
SIA,MG,202501,2162903,0211020036,8.0,41.2
SIA,MG,202501,2140217,0206010052,1.0,86.75
SIA,MG,202501,2122219,0211020036,30.0,154.5
SIA,MG,202501,2149141,0211020036,83.0,427.45
SIA,MG,202501,2139073,0211020036,60.0,309.0
SIA,MG,202501,2206447,0206010079,1.0,97.44
SIA,MG,202501,2123541,0211020036,80.0,412.0
SIA,MG,202501,7061838,0211020036,241.0,1241.15
SIA,MG,202501,2103087,0211020036,20.0,103.0
SIA,MG,202501,2144549,0211020036,28.0,144.2
SIA,MG,202501,2169479,0211020036,91.0,468.65
SIA,MG,202501,2098369,0206010044,1.0,86.75
SIA,MG,202501,9061681,0211020036,472.0,2430.8
SIA,MG,202501,2764350,0211020036,106.0,545.9
SIA,MG,202501,2201488,0211020036,33.0,169.95
SIA,MG,202501,2202891,0211020036,91.0,468.65
SIA,MG,202501,4042085,0211020060,12.0,360.0
SIA,MG,202501,7548311,0211020036,482.0,2482.3
SIA,MG,202501,2114143,0211020036,81.0,417.15
SIA,MG,202501,2144182,0211020036,43.0,221.45
SIA,MG,202501,9591931,0206010036,1.0,86.76
SIA,MG,202501,2103257,0211020036,56.0,288.4
SIA,MG,202501,2127687,0211020036,3.0,15.45
SIA,MG,202501,2103311,0211020036,33.0,169.95
SIA,MG,202501,2144611,0211020036,57.0,293.55
SIA,MG,202501,5224497,0211020036,397.0,2044.55
SIA,MG,202501,2123223,0211020036,62.0,319.3
SIA,MG,202501,2112140,0206010044,4.0,347.0
SIA,MG,202501,2142589,0211020036,126.0,648.9
SIA,MG,202501,2162776,0211020036,125.0,643.75
SIA,MG,202501,2163438,0211020060,49.0,1470.0
SIA,MG,202501,2213176,0211020036,50.0,257.5
SIA,MG,202501,2149788,0211020036,1.0,5.15
SIA,MG,202501,2133814,0211020036,15.0,77.25
SIA,MG,202501,2760819,0211020036,28.0,144.2
SIA,MG,202501,2155591,0211020036,32.0,164.8
SIA,MG,202501,2194317,0211020036,60.0,309.0
SIA,MG,202501,2178494,0211020036,244.0,1256.6
SIA,MG,202501,3960668,0211020036,0.0,0.0
SIA,MG,202501,2167727,0206030010,2.0,277.26
SIA,MG,202501,2132877,0206030029,1.0,86.75
SIA,MG,202501,2112140,0206020015,1.0,86.75
SIA,MG,202501,2098326,0206030010,1.0,138.63
SIA,MG,202501,2761203,0206030037,0.0,0.0
SIA,MG,202501,2761203,0206010036,0.0,0.0
SIA,MG,202501,2761203,0206010010,0.0,0.0
SIA,MG,202501,2761203,0206020031,0.0,0.0
SIA,MG,202501,2195453,0206010010,6.0,520.56
SIA,MG,202501,6629725,0206030029,1.0,230.0
SIA,MG,202501,2098407,0206010079,3.0,292.32
SIA,MG,202501,2121514,0211020036,59.0,303.85
SIA,MG,202501,2120089,0211020036,6.0,30.9
SIA,MG,202501,2200961,0211020036,151.0,777.65
SIA,MG,202501,2209691,0211020036,68.0,350.2
SIA,MG,202501,2170299,0211020036,41.0,211.15
SIA,MG,202501,2169878,0211020036,130.0,669.5
SIA,MG,202501,2120399,0211020036,55.0,283.25
SIA,MG,202501,2213192,0211020036,108.0,556.2
SIA,MG,202501,2194937,0206010028,2.0,202.2
SIA,MG,202501,2114569,0211020036,195.0,1004.25
SIA,MG,202501,2128012,0211020036,150.0,772.5
SIA,MG,202501,6629725,0206020015,1.0,230.0
SIA,MG,202501,6292976,0206010079,2.0,194.88
SIA,MG,202501,9993908,0211020036,218.0,1122.7
SIA,MG,202501,2205157,0211020036,280.0,1442.0
SIA,MG,202501,2144026,0206010044,1.0,86.75
SIA,MG,202501,2119420,0211020036,900.0,4635.0
SIA,MG,202501,2124300,0206030029,2.0,173.5
SIA,MG,202501,2121638,0211020036,139.0,715.85
SIA,MG,202501,2761114,0211020036,129.0,664.35
SIA,MG,202501,6776434,0206010010,0.0,0.0
SIA,MG,202501,2159252,0206020015,1.0,86.75
SIA,MG,202501,2099853,0211020036,60.0,309.0
SIA,MG,202501,2119420,0206010044,3.0,260.25
SIA,MG,202501,2149214,0211020036,98.0,504.7
SIA,MG,202501,2156709,0211020036,31.0,159.65
SIA,MG,202501,6776434,0206010036,0.0,0.0
SIA,MG,202501,6776434,0208010025,0.0,0.0
SIA,MG,202501,5796601,0206010044,1.0,86.75
SIA,MG,202501,2134446,0211020036,55.0,283.25
SIA,MG,202501,2144026,0206010010,1.0,86.76
SIA,MG,202501,0863254,0211020036,106.0,545.9
SIA,MG,202501,2194937,0211020036,70.0,360.5
SIA,MG,202501,2144255,0211020036,131.0,674.65
SIA,MG,202501,2139103,0211020036,31.0,159.65
SIA,MG,202501,7951604,0206010028,1.0,101.1
SIA,MG,202501,2135132,0206010052,1.0,86.75
SIA,MG,202501,7101406,0206030010,1.0,138.63
SIA,MG,202501,6697054,0211020036,6.0,30.9
SIA,MG,202501,2796112,0211020036,168.0,865.2
SIA,MG,202501,7951604,0206020015,1.0,96.43
SIA,MG,202501,6776434,0206010044,0.0,0.0
SIA,MG,202501,6618774,0206010052,6.0,520.5
SIA,MG,202501,2160315,0211020036,63.0,324.45
SIA,MG,202501,2195321,0211020036,30.0,154.5
SIA,MG,202501,2118513,0211020036,3.0,15.45
SIA,MG,202501,2761203,0206030010,0.0,0.0
SIA,MG,202501,2144522,0211020036,35.0,180.25
SIA,MG,202501,0828114,0206010052,5.0,433.75
SIA,MG,202501,0828114,0206030029,5.0,433.75
SIA,MG,202501,2133644,0211020036,32.0,164.8
SIA,MG,202501,0196347,0211020036,192.0,988.8
SIA,MG,202501,2140098,0206010079,3.0,292.32
SIA,MG,202501,2126559,0211020036,110.0,566.5
SIA,MG,202501,9591931,0206010028,1.0,101.1
SIA,MG,202501,2140098,0211020036,113.0,581.95
SIA,MG,202501,6618774,0206030029,3.0,260.25
SIA,MG,202501,2132877,0206010010,1.0,288.0
SIA,MG,202501,9389539,0211020036,43.0,221.45
SIA,MG,202501,0846589,0211020036,96.0,494.4
SIA,MG,202501,2171988,0211020036,391.0,2013.65
SIA,MG,202501,2160080,0211020036,47.0,242.05
SIA,MG,202501,2764776,0206020015,1.0,86.75
SIA,MG,202501,2142376,0206010044,1.0,86.75
SIA,MG,202501,0041548,0206020031,3.0,409.23
SIA,MG,202501,2144026,0206020015,1.0,86.75
SIA,MG,202501,2761041,0206020031,1.0,136.41
SIA,MG,202501,2204762,0211020036,479.0,2466.85
SIA,MG,202501,6060862,0206010010,3.0,260.28
SIA,MG,202501,2761041,0206010036,1.0,86.76
SIA,MG,202501,2098369,0206020023,1.0,86.75
SIA,MG,202501,4042085,0206010010,1.0,86.76
SIA,MG,202501,2796589,0211020036,71.0,365.65
SIA,MG,202501,0828114,0206010036,2.0,173.52
SIA,MG,202501,2796619,0206020023,3.0,260.25
SIA,MG,202501,7951604,0206030029,2.0,192.86
SIA,MG,202501,2142376,0206030010,1.0,138.63
SIA,MG,202501,7959079,0211020036,216.0,1112.4
SIA,MG,202501,0828114,0206010028,4.0,404.4
SIA,MG,202501,2194260,0211020036,34.0,175.1
SIA,MG,202501,2139200,0206030029,2.0,206.3
SIA,MG,202501,2164299,0206010010,4.0,347.04
SIA,MG,202501,2126540,0211020036,279.0,1436.85
SIA,MG,202501,2203332,0211020036,40.0,206.0
SIA,MG,202501,7275668,0211020036,46.0,236.9
SIA,MG,202501,2117843,0211020036,134.0,690.1
SIA,MG,202501,4667131,0211020036,17.0,87.55
SIA,MG,202501,2151553,0211020036,116.0,597.4
SIA,MG,202501,2100681,0206010052,1.0,86.75
SIA,MG,202501,5796601,0211020036,1.0,5.15
SIA,MG,202501,2760436,0206010010,1.0,86.76
SIA,MG,202501,0828114,0206010010,1.0,86.76
SIA,MG,202501,0828114,0206020023,2.0,173.5
SIA,MG,202501,2142627,0211020036,44.0,226.6
SIA,MG,202501,2209195,0206020015,1.0,86.75
SIA,MG,202501,2760916,0211020036,140.0,721.0
SIA,MG,202501,2108992,0211020036,18.0,92.7
SIA,MG,202501,2117568,0211020036,81.0,417.15
SIA,MG,202501,2200902,0211020036,5.0,25.75
SIA,MG,202501,3649156,0211020036,44.0,226.6
SIA,MG,202501,2796619,0206030029,4.0,347.0
SIA,MG,202501,4041690,0211020036,51.0,262.65
SIA,MG,202501,2146789,0211020036,305.0,1570.75
SIA,MG,202501,2796376,0211020036,200.0,1030.0
SIA,MG,202501,2213400,0211020036,142.0,731.3
SIA,MG,202501,2144557,0211020036,6.0,30.9
SIA,MG,202501,2764776,0211020036,145.0,746.75
SIA,MG,202501,2102056,0211020036,89.0,458.35
SIA,MG,202501,2117312,0211020036,184.0,947.6
SIA,MG,202501,2761092,0211020036,160.0,824.0
SIA,MG,202501,2135310,0211020036,15.0,77.25
SIA,MG,202501,0246417,0211020036,196.0,1009.4
SIA,MG,202501,2220377,0211020036,223.0,1148.45
SIA,MG,202501,2117096,0211020036,3.0,15.45
SIA,MG,202501,9518371,0211020036,126.0,648.9
SIA,MG,202501,7101406,0206010044,1.0,86.75
SIA,MG,202501,2142376,0206020015,1.0,86.75
SIA,MG,202501,2181509,0211020036,74.0,381.1
SIA,MG,202501,2105446,0211020036,25.0,128.75
SIA,MG,202501,6632858,0211020036,696.0,3584.4
SIA,MG,202501,2796449,0206020031,1.0,184.27
SIA,MG,202501,2183803,0206010028,1.0,101.1
SIA,MG,202501,2121530,0211020036,19.0,97.85
SIA,MG,202501,2156458,0211020036,108.0,556.2
SIA,MG,202501,7691807,0206010044,1.0,86.75
SIA,MG,202501,2135132,0206010036,1.0,86.76
SIA,MG,202501,5473586,0206030037,0.0,0.0
SIA,MG,202501,2164299,0206030029,1.0,86.75
SIA,MG,202501,2139030,0211020036,37.0,190.55
SIA,MG,202501,3238342,0211020036,3.0,15.45
SIA,MG,202501,2195453,0211020036,37.0,190.55
SIA,MG,202501,2140217,0206010060,1.0,97.44
SIA,MG,202501,0196347,0206010044,1.0,281.3
SIA,MG,202501,2761106,0206030029,1.0,86.75
SIA,MG,202501,2134268,0211020036,43.0,221.45
SIA,MG,202501,2204762,0206010010,1.0,86.76
SIA,MG,202501,2123568,0211020036,33.0,169.95
SIA,MG,202501,6892256,0206010052,1.0,86.75
SIA,MG,202501,2219735,0211020036,200.0,1030.0
SIA,MG,202501,6093361,0206010044,1.0,86.75
SIA,MG,202501,2157942,0211020036,80.0,412.0
SIA,MG,202501,7691807,0206030037,3.0,415.89
SIA,MG,202501,2172941,0211020036,58.0,298.7
SIA,MG,202501,5796601,0206020023,2.0,173.5
SIA,MG,202501,5796601,0206010010,3.0,260.28
SIA,MG,202501,7977719,0205010016,1.0,165.0
SIA,MG,202501,2760851,0211020036,25.0,128.75
SIA,MG,202501,2120577,0211020036,25.0,128.75
SIA,MG,202501,2146517,0211020036,74.0,381.1
SIA,MG,202501,2136139,0211020036,30.0,154.5
SIA,MG,202501,2142376,0211020036,9.0,46.35
SIA,MG,202501,2760681,0206010036,1.0,86.76
SIA,MG,202501,7101406,0206030029,1.0,86.75
SIA,MG,202501,2796562,0206030037,1.0,138.63
SIA,MG,202501,2103710,0211020036,22.0,113.3
SIA,MG,202501,2140217,0206020023,1.0,86.75
SIA,MG,202501,2181797,0211020036,97.0,499.55
SIA,MG,202501,7691807,0206010028,1.0,101.1
SIA,MG,202501,2761092,0206020023,2.0,173.5
SIA,MG,202501,7595247,0206010028,0.0,0.0
SIA,MG,202501,2115468,0211020036,100.0,515.0
SIA,MG,202501,2180839,0211020036,83.0,427.45
SIA,MG,202501,2204762,0206010036,1.0,86.76
SIA,MG,202501,2141817,0211020036,50.0,257.5
SIA,MG,202501,2794608,0211020036,80.0,412.0
SIA,MG,202501,2204630,0211020036,157.0,808.55
SIA,MG,202501,2139944,0211020036,108.0,556.2
SIA,MG,202501,7691807,0206010060,1.0,97.44
SIA,MG,202501,2144026,0211020036,7.0,36.05
SIA,MG,202501,2156792,0211020036,123.0,633.45
SIA,MG,202501,2140217,0206010036,1.0,86.76
SIA,MG,202501,2102765,0211020036,75.0,386.25
SIA,MG,202501,2760681,0206010044,1.0,86.75
SIA,MG,202501,2179571,0211020036,40.0,206.0
SIA,MG,202501,2140098,0206020015,1.0,86.75
SIA,MG,202501,2144573,0211020036,22.0,113.3
SIA,MG,202501,2205971,0211020036,157.0,808.55
SIA,MG,202501,2184680,0211020036,60.0,309.0
SIA,MG,202501,2144026,0206010028,1.0,101.1
SIA,MG,202501,2119757,0211020036,8.0,41.2
SIA,MG,202501,2133822,0211020036,120.0,618.0
SIA,MG,202501,2140136,0211020036,50.0,257.5
SIA,MG,202501,2171988,0206020023,1.0,86.75
SIA,MG,202501,2144026,0206010036,1.0,86.76
SIA,MG,202501,2123436,0211020036,65.0,334.75
SIA,MG,202501,2161710,0211020036,47.0,242.05
SIA,MG,202501,2118246,0206020023,1.0,86.75
SIA,MG,202502,0026964,0206020031,107.0,14595.87
SIA,MG,202502,0026921,0206010036,56.0,4858.56
SIA,MG,202502,2218690,0211020036,674.0,3471.1
SIA,MG,202502,7038216,0211020036,370.0,1905.5
SIA,MG,202502,9650105,0206010079,331.0,32252.64
SIA,MG,202502,2775999,0206020031,244.0,33284.04
SIA,MG,202502,6875343,0211020036,587.0,3023.05
SIA,MG,202502,2165058,0208010025,57.0,23285.64
SIA,MG,202502,2775999,0206030037,264.0,36598.32
SIA,MG,202502,0027014,0206010052,87.0,7547.25
SIA,MG,202502,2146355,0206030010,285.0,39509.55
SIA,MG,202502,0026921,0206010052,9.0,780.75
SIA,MG,202502,2118661,0206030010,279.0,38677.77
SIA,MG,202502,2222043,0206030010,140.0,19408.2
SIA,MG,202502,6601804,0206030010,216.0,29944.08
SIA,MG,202502,7954212,0211020036,1433.0,7379.95
SIA,MG,202502,2709651,0211020036,141.0,726.15
SIA,MG,202502,3065936,0206020031,113.0,15414.33
SIA,MG,202502,2205440,0206020031,503.0,68614.23
SIA,MG,202502,2695324,0206020031,429.0,58519.89
SIA,MG,202502,2127601,0205010016,0.0,0.0
SIA,MG,202502,0027049,0206010044,15.0,1301.25
SIA,MG,202502,2200422,0208010033,168.0,64355.76
SIA,MG,202502,2200457,0206010052,114.0,9889.5
SIA,MG,202502,2200457,0206020031,771.0,105172.11
SIA,MG,202502,9141839,0206010028,39.0,3942.9
SIA,MG,202502,0026840,0206030037,265.0,36736.95
SIA,MG,202502,2205440,0206030037,347.0,48104.61
SIA,MG,202502,2222043,0206010079,617.0,60120.48
SIA,MG,202502,2193310,0206020031,110.0,15005.1
SIA,MG,202502,2208172,0211020036,24.0,123.6
SIA,MG,202502,0027863,0206020031,56.0,7638.96
SIA,MG,202502,0027014,0206020031,556.0,75843.96
SIA,MG,202502,7866801,0206020031,42.0,5729.22
SIA,MG,202502,2775999,0208010033,29.0,11109.03
SIA,MG,202502,2215586,0211020060,25.0,750.0
SIA,MG,202502,2215586,0211020036,37.0,190.55
SIA,MG,202502,2118661,0206010028,9.0,909.9
SIA,MG,202502,0027014,0206010044,30.0,2602.5
SIA,MG,202502,2726726,0206010079,58.0,5651.52
SIA,MG,202502,0026859,0206020031,62.0,8457.42
SIA,MG,202502,2146355,0211020036,537.0,2765.55
SIA,MG,202502,0981400,0206010079,98.0,9549.12
SIA,MG,202502,2146355,0206020031,331.0,45151.71
SIA,MG,202502,2215586,0206030037,103.0,14278.89
SIA,MG,202502,7728786,0206030010,18.0,2495.34
SIA,MG,202502,2109867,0206030010,83.0,16600.0
SIA,MG,202502,6700675,0211020036,293.0,1508.95
SIA,MG,202502,2165058,0206010052,42.0,3643.5
SIA,MG,202502,9980865,0211020036,92.0,473.8
SIA,MG,202502,2149990,0206010044,59.0,5118.25
SIA,MG,202502,2149990,0206030037,589.0,81653.07
SIA,MG,202502,6601804,0206030029,55.0,4771.25
SIA,MG,202502,3183882,0211020036,4956.0,25523.4
SIA,MG,202502,0026840,0206020031,302.0,41195.82
SIA,MG,202502,0026921,0206010044,102.0,8848.5
SIA,MG,202502,2109867,0206010028,44.0,8800.0
SIA,MG,202502,2218690,0211020060,94.0,2820.0
SIA,MG,202502,0027863,0206010052,10.0,867.5
SIA,MG,202502,2192896,0206010036,80.0,6940.8
SIA,MG,202502,2205440,0211020036,244.0,1256.6
SIA,MG,202502,2193183,0211020036,29.0,149.35
SIA,MG,202502,3464334,0206010079,0.0,0.0
SIA,MG,202502,3065936,0206010044,160.0,13880.0
SIA,MG,202502,2219646,0206010044,4.0,347.0
SIA,MG,202502,0027049,0206020031,250.0,34102.5
SIA,MG,202502,4034236,0206020031,154.0,21007.14
SIA,MG,202502,2219646,0206030010,192.0,26616.96
SIA,MG,202502,2206595,0206010028,20.0,2022.0
SIA,MG,202502,2208172,0206010079,131.0,12764.64
SIA,MG,202502,2208156,0211020036,22.0,113.3
SIA,MG,202502,2118661,0206010079,107.0,10426.08
SIA,MG,202502,2208172,0206030037,28.0,3881.64
SIA,MG,202502,0026840,0206010052,62.0,5378.5
SIA,MG,202502,2206528,0211020036,249.0,1282.35
SIA,MG,202502,2109867,0211020036,51.0,262.65
SIA,MG,202502,4042751,0211020036,462.0,2379.3
SIA,MG,202502,0981400,0206030037,22.0,3049.86
SIA,MG,202502,0026964,0206030037,74.0,10258.62
SIA,MG,202502,7038216,0206030029,2.0,173.5
SIA,MG,202502,0026921,0206030029,14.0,1214.5
SIA,MG,202502,2193310,0206030010,147.0,20378.61
SIA,MG,202502,2205440,0206030010,410.0,56838.3
SIA,MG,202502,0265373,0208010033,16.0,6129.12
SIA,MG,202502,3065936,0206030029,15.0,1301.25
SIA,MG,202502,2695324,0206030037,384.0,53233.92
SIA,MG,202502,0027022,0206020031,12.0,1636.92
SIA,MG,202502,0027049,0208010033,105.0,40222.35
SIA,MG,202502,2127679,0211020036,111.0,571.65
SIA,MG,202502,2759292,0211020036,230.0,1184.5
SIA,MG,202502,0480738,0211020036,135.0,695.25
SIA,MG,202502,2219646,0206010079,32.0,3118.08
SIA,MG,202502,9650105,0206010028,65.0,6571.5
SIA,MG,202502,6601804,0206020031,209.0,28509.69
SIA,MG,202502,0026840,0208010033,139.0,53246.73
SIA,MG,202502,9980865,0211020060,18.0,540.0
SIA,MG,202502,2118661,0206020031,358.0,48834.78
SIA,MG,202502,4034236,0206030029,4.0,347.0
SIA,MG,202502,7417659,0211020036,508.0,2616.2
SIA,MG,202502,9650105,0206010052,18.0,1561.5
SIA,MG,202502,2193310,0206010028,35.0,3538.5
SIA,MG,202502,2192896,0206020023,31.0,2689.25
SIA,MG,202502,2192896,0206010044,99.0,8588.25
SIA,MG,202502,3004791,0206030029,22.0,1908.5
SIA,MG,202502,2153882,0211020036,74.0,381.1
SIA,MG,202502,2222043,0206020031,235.0,32056.35
SIA,MG,202502,6571573,0211020036,95.0,489.25
SIA,MG,202502,2222043,0206010028,53.0,5358.3
SIA,MG,202502,5013739,0211020036,96.0,494.4
SIA,MG,202502,4034236,0206010044,93.0,8067.75
SIA,MG,202502,0027863,0206010044,52.0,4511.0
SIA,MG,202502,0981400,0206020031,27.0,3683.07
SIA,MG,202502,2215586,0206020031,104.0,14186.64
SIA,MG,202502,7038216,0206010079,112.0,10913.28
SIA,MG,202502,2695324,0206010036,17.0,1474.92
SIA,MG,202502,2219646,0206010010,18.0,1561.68
SIA,MG,202502,6102174,0206020031,0.0,0.0
SIA,MG,202502,2193310,0206030037,154.0,21349.02
SIA,MG,202502,2218690,0206010079,62.0,6041.28
SIA,MG,202502,9650105,0211020060,1.0,30.0
SIA,MG,202502,9650105,0206020023,12.0,1041.0
SIA,MG,202502,2218690,0206030037,62.0,8595.06
SIA,MG,202502,9650105,0206020015,20.0,1735.0
SIA,MG,202502,2184834,0206030037,56.0,7763.28
SIA,MG,202502,2219638,0206010044,26.0,2255.5
SIA,MG,202502,3183882,0211020060,182.0,5460.0
SIA,MG,202502,4034236,0206010052,25.0,2168.75
SIA,MG,202502,2219654,0206020031,52.0,7093.32
SIA,MG,202502,7038216,0206020031,28.0,3819.48
SIA,MG,202502,0026808,0206020031,46.0,6274.86
SIA,MG,202502,0026921,0206020031,40.0,5456.4
SIA,MG,202502,3004791,0206020023,39.0,3383.25
SIA,MG,202502,2215586,0206030010,101.0,14001.63
SIA,MG,202502,5013739,0211020060,23.0,690.0
SIA,MG,202502,2193310,0211020036,28.0,144.2
SIA,MG,202502,6601804,0206010028,23.0,2325.3
SIA,MG,202502,2210924,0206010079,76.0,7405.44
SIA,MG,202502,0633186,0206020031,9.0,1227.69
SIA,MG,202502,7038216,0206030037,56.0,7763.28
SIA,MG,202502,6102174,0206030010,0.0,0.0
SIA,MG,202502,0026921,0206010010,195.0,16918.2
SIA,MG,202502,2152037,0206020031,8.0,1091.28
SIA,MG,202502,0633186,0206030010,11.0,1524.93
SIA,MG,202502,2149990,0206020031,584.0,79663.44
SIA,MG,202502,2222043,0206020023,53.0,4597.75
SIA,MG,202502,2205440,0206010028,28.0,2830.8
SIA,MG,202502,2695324,0206010044,36.0,3123.0
SIA,MG,202502,2222043,0211020036,524.0,2698.6
SIA,MG,202502,0026840,0206010044,59.0,5118.25
SIA,MG,202502,0026859,0206010052,6.0,520.5
SIA,MG,202502,9650105,0206010010,34.0,2949.84
SIA,MG,202502,0027014,0206030037,401.0,55590.63
SIA,MG,202502,0026921,0206020023,11.0,954.25
SIA,MG,202502,2149990,0206010028,38.0,3841.8
SIA,MG,202502,2695324,0206010052,73.0,6332.75
SIA,MG,202502,2192896,0206010052,8.0,694.0
SIA,MG,202502,2195585,0206010028,13.0,1314.3
SIA,MG,202502,2219638,0206030037,119.0,16496.97
SIA,MG,202502,2219654,0206030037,177.0,24537.51
SIA,MG,202502,2726726,0206010028,8.0,808.8
SIA,MG,202502,7038216,0206030010,50.0,6931.5
SIA,MG,202502,2775999,0206020015,4.0,347.0
SIA,MG,202502,2219646,0211020036,168.0,865.2
SIA,MG,202502,2200422,0206010044,21.0,1821.75
SIA,MG,202502,0026808,0206010052,15.0,1301.25
SIA,MG,202502,5338905,0206020031,14.0,1909.74
SIA,MG,202502,6102174,0211020060,0.0,0.0
SIA,MG,202502,2775999,0206020023,6.0,520.5
SIA,MG,202502,2153297,0211020036,49.0,252.35
SIA,MG,202502,2210924,0206030037,16.0,2218.08
SIA,MG,202502,2726726,0206020023,4.0,347.0
SIA,MG,202502,2152045,0206020031,30.0,4092.3
SIA,MG,202502,0027049,0206010052,24.0,2082.0
SIA,MG,202502,2206595,0206010052,13.0,1127.75
SIA,MG,202502,3464334,0206030037,0.0,0.0
SIA,MG,202502,3464334,0205010016,0.0,0.0
SIA,MG,202502,2219638,0206020031,34.0,4637.94
SIA,MG,202502,2222043,0206010010,57.0,4945.32
SIA,MG,202502,5338905,0206030010,10.0,1386.3
SIA,MG,202502,0981400,0206010044,10.0,867.5
SIA,MG,202502,2775999,0211020036,361.0,1859.15
SIA,MG,202502,2695626,0206020031,131.0,17869.71
SIA,MG,202502,0981400,0206030010,57.0,7901.91
SIA,MG,202502,0026859,0206020023,2.0,173.5
SIA,MG,202502,2118904,0208010033,19.0,7278.33
SIA,MG,202502,7038216,0206010044,14.0,1214.5
SIA,MG,202502,2195437,0206030037,139.0,19269.57
SIA,MG,202502,2210924,0206010052,2.0,173.5
SIA,MG,202502,0026859,0206030037,53.0,7347.39
SIA,MG,202502,0026964,0206010052,31.0,2689.25
SIA,MG,202502,2218798,0206010044,10.0,867.5
SIA,MG,202502,0027049,0206010036,7.0,607.32
SIA,MG,202502,6601804,0211020036,32.0,164.8
SIA,MG,202502,6700675,0211020060,26.0,780.0
SIA,MG,202502,2218690,0206020031,27.0,3683.07
SIA,MG,202502,2218690,0206010044,8.0,694.0
SIA,MG,202502,2153106,0206010052,12.0,1041.0
SIA,MG,202502,2192896,0206030029,18.0,1561.5
SIA,MG,202502,2192896,0206020031,67.0,9139.47
SIA,MG,202502,2200422,0206030029,4.0,347.0
SIA,MG,202502,2222043,0206010036,12.0,1041.12
SIA,MG,202502,2221772,0211020036,42.0,216.3
SIA,MG,202502,2200457,0206030029,2.0,173.5
SIA,MG,202502,2726726,0206010010,15.0,1301.4
SIA,MG,202502,2146355,0206030029,9.0,780.75
SIA,MG,202502,2205440,0206020023,11.0,954.25
SIA,MG,202502,2118661,0211020060,11.0,330.0
SIA,MG,202502,3065936,0206010036,6.0,520.56
SIA,MG,202502,2205440,0206010010,24.0,2082.24
SIA,MG,202502,0265373,0208010025,16.0,6536.32
SIA,MG,202502,2109867,0206010079,314.0,62800.0
SIA,MG,202502,0480738,0211020060,27.0,810.0
SIA,MG,202502,0027014,0206020023,3.0,260.25
SIA,MG,202502,6274773,0206030010,12.0,1663.56
SIA,MG,202502,2200457,0206010044,49.0,4250.75
SIA,MG,202502,2184834,0211020036,48.0,247.2
SIA,MG,202502,0026808,0206020023,3.0,260.25
SIA,MG,202502,0026964,0206030029,3.0,260.25
SIA,MG,202502,0027863,0206030029,5.0,433.75
SIA,MG,202502,2200457,0206010036,39.0,3383.64
SIA,MG,202502,5013739,0205010016,6.0,990.0
SIA,MG,202502,2153025,0206010052,8.0,694.0
SIA,MG,202502,2215586,0206010079,10.0,974.4
SIA,MG,202502,6601804,0206020015,32.0,2776.0
SIA,MG,202502,2118904,0208010025,19.0,7761.88
SIA,MG,202502,2218690,0206030010,69.0,9565.47
SIA,MG,202502,2759292,0206020031,3.0,409.23
SIA,MG,202502,2759292,0206030037,3.0,415.89
SIA,MG,202502,2181770,0206010052,2.0,173.5
SIA,MG,202502,6463487,0211020036,205.0,1055.75
SIA,MG,202502,2218798,0205010016,35.0,5775.0
SIA,MG,202502,2695324,0206030029,9.0,780.75
SIA,MG,202502,2149990,0206020023,5.0,433.75
SIA,MG,202502,0027863,0206010036,23.0,1995.48
SIA,MG,202502,2153025,0211020036,20.0,103.0
SIA,MG,202502,2210924,0206030029,16.0,1388.0
SIA,MG,202502,2219654,0206020023,5.0,433.75
SIA,MG,202502,7866801,0206010044,10.0,867.5
SIA,MG,202502,2184834,0206010052,2.0,173.5
SIA,MG,202502,2184834,0206010079,6.0,584.64
SIA,MG,202502,2152045,0206010028,2.0,202.2
SIA,MG,202502,2200422,0206020031,25.0,3410.25
SIA,MG,202502,0026808,0206030029,1.0,86.75
SIA,MG,202502,9650105,0208010033,2.0,766.14
SIA,MG,202502,7728786,0206020031,19.0,2591.79
SIA,MG,202502,2146355,0206010028,9.0,909.9
SIA,MG,202502,6442560,0206010028,3.0,303.3
SIA,MG,202502,2219646,0206010052,76.0,6593.0
SIA,MG,202502,0026840,0206010036,11.0,954.36
SIA,MG,202502,2152045,0206030010,16.0,2218.08
SIA,MG,202502,0026840,0206010010,6.0,520.56
SIA,MG,202502,2153106,0206010044,9.0,780.75
SIA,MG,202502,2775999,0206010060,1.0,97.44
SIA,MG,202502,2200457,0206020023,4.0,347.0
SIA,MG,202502,6102174,0206030029,0.0,0.0
SIA,MG,202502,2193310,0206010010,10.0,867.6
SIA,MG,202502,2695626,0206010052,13.0,1127.75
SIA,MG,202502,2118661,0206010010,7.0,607.32
SIA,MG,202502,2152037,0206030010,3.0,415.89
SIA,MG,202502,2200422,0206020023,1.0,86.75
SIA,MG,202502,0026964,0206010079,4.0,389.76
SIA,MG,202502,0026859,0206010079,8.0,779.52
SIA,MG,202502,2726726,0206020015,7.0,607.25
SIA,MG,202502,2218798,0211020036,322.0,1658.3
SIA,MG,202502,2695626,0206010036,10.0,867.6
SIA,MG,202502,3004791,0206020031,7.0,954.87
SIA,MG,202502,7038216,0206010036,5.0,433.8
SIA,MG,202502,2215586,0206010036,2.0,173.52
SIA,MG,202502,7866801,0206030029,8.0,694.0
SIA,MG,202502,2165058,0206010028,25.0,2527.5
SIA,MG,202502,2218690,0206030029,2.0,173.5
SIA,MG,202502,7866801,0206010036,2.0,173.52
SIA,MG,202502,6442560,0206020023,1.0,86.75
SIA,MG,202502,2215586,0206020015,3.0,260.25
SIA,MG,202502,6274773,0206020031,6.0,818.46
SIA,MG,202502,0027014,0206030029,1.0,86.75
SIA,MG,202502,0026964,0206020023,2.0,173.5
SIA,MG,202502,2153114,0206010044,5.0,433.75
SIA,MG,202502,2153114,0206010052,6.0,520.5
SIA,MG,202502,2218690,0206020023,6.0,520.5
SIA,MG,202502,0026859,0206010010,1.0,86.76
SIA,MG,202502,2149990,0206030029,11.0,954.25
SIA,MG,202502,7339879,0206020023,0.0,0.0
SIA,MG,202502,2208172,0206030029,5.0,433.75
SIA,MG,202502,2193310,0206010052,4.0,347.0
SIA,MG,202502,0027022,0206020023,1.0,86.75
SIA,MG,202502,6102174,0206010028,0.0,0.0
SIA,MG,202502,0026808,0206010044,16.0,1388.0
SIA,MG,202502,2153025,0206010044,3.0,260.25
SIA,MG,202502,2221756,0211020036,280.0,1442.0
SIA,MG,202502,7038216,0206020015,3.0,260.25
SIA,MG,202502,2193310,0206010079,208.0,20267.52
SIA,MG,202502,2221616,0211020036,306.0,1575.9
SIA,MG,202502,2218798,0206010036,6.0,520.56
SIA,MG,202502,2195437,0206020023,7.0,607.25
SIA,MG,202502,2206595,0205010016,6.0,990.0
SIA,MG,202502,2695626,0206010044,5.0,433.75
SIA,MG,202502,4034236,0206010036,6.0,520.56
SIA,MG,202502,0026859,0208010033,7.0,2681.49
SIA,MG,202502,3004791,0206010036,5.0,433.8
SIA,MG,202502,4034236,0206010060,3.0,292.32
SIA,MG,202502,2205440,0211020060,7.0,210.0
SIA,MG,202502,2193310,0206030029,10.0,867.5
SIA,MG,202502,5617286,0211020036,96.0,494.4
SIA,MG,202502,3462994,0208010025,3.0,1225.56
SIA,MG,202502,2215586,0206010044,2.0,173.5
SIA,MG,202502,0981400,0206010010,5.0,433.8
SIA,MG,202502,2709635,0211020036,6.0,30.9
SIA,MG,202502,2218798,0206010052,1.0,86.75
SIA,MG,202502,2146355,0206020015,3.0,260.25
SIA,MG,202502,2219654,0206010044,8.0,694.0
SIA,MG,202502,6102174,0206020023,0.0,0.0
SIA,MG,202502,0027022,0206010052,2.0,173.5
SIA,MG,202502,2153238,0211020036,64.0,329.6
SIA,MG,202502,0981400,0206010036,4.0,347.04
SIA,MG,202502,3004791,0206010052,1.0,86.75
SIA,MG,202502,0981400,0206020023,7.0,607.25
SIA,MG,202502,2153114,0205010016,6.0,990.0
SIA,MG,202502,2153114,0211020036,22.0,113.3
SIA,MG,202502,2146355,0206020023,3.0,260.25
SIA,MG,202502,9650105,0208010025,2.0,817.04
SIA,MG,202502,2695324,0206010010,7.0,607.32
SIA,MG,202502,2153025,0206010036,1.0,86.76
SIA,MG,202502,2200422,0206010052,3.0,260.25
SIA,MG,202502,2726726,0206010052,1.0,86.75
SIA,MG,202502,0981400,0205010016,6.0,990.0
SIA,MG,202502,2218798,0206020023,1.0,86.75
SIA,MG,202502,0981400,0206020015,2.0,173.5
SIA,MG,202502,7455038,0211020036,440.0,2266.0
SIA,MG,202502,2222043,0206010044,72.0,6246.0
SIA,MG,202502,7856733,0211020036,181.0,932.15
SIA,MG,202502,0027014,0211020060,293.0,8790.0
SIA,MG,202502,0026808,0211020036,1633.0,8409.95
SIA,MG,202502,2146355,0206010079,154.0,15005.76
SIA,MG,202502,0633186,0206010079,9.0,876.96
SIA,MG,202502,2152045,0206010079,41.0,3995.04
SIA,MG,202502,7954212,0211020060,36.0,1080.0
SIA,MG,202502,2118882,0211020036,287.0,1478.05
SIA,MG,202502,2205440,0208010025,8.0,3268.16
SIA,MG,202502,2211254,0211020036,5.0,25.75
SIA,MG,202502,2153084,0206030010,15.0,2079.45
SIA,MG,202502,7954212,0206010079,20.0,1948.8
SIA,MG,202502,2195437,0206020015,5.0,433.75
SIA,MG,202502,2118661,0211020036,151.0,777.65
SIA,MG,202502,3004791,0206010044,1.0,86.75
SIA,MG,202502,2195437,0206010079,267.0,26016.48
SIA,MG,202502,2195437,0206030029,4.0,347.0
SIA,MG,202502,2165058,0208010033,57.0,21834.99
SIA,MG,202502,0026840,0211020036,546.0,2811.9
SIA,MG,202502,0026859,0211020036,108.0,556.2
SIA,MG,202502,0026921,0206010079,621.0,60510.24
SIA,MG,202502,4034236,0211020036,569.0,2930.35
SIA,MG,202502,2695324,0211020036,349.0,1797.35
SIA,MG,202502,9650105,0206030010,451.0,62522.13
SIA,MG,202502,2109867,0206010010,41.0,3557.16
SIA,MG,202502,2200457,0211020036,519.0,2672.85
SIA,MG,202502,9650105,0206030037,462.0,64047.06
SIA,MG,202502,0027863,0206010079,357.0,34786.08
SIA,MG,202502,2695677,0211020036,22.0,113.3
SIA,MG,202502,7866801,0211020036,227.0,1169.05
SIA,MG,202502,6210902,0211020036,673.0,3465.95
SIA,MG,202502,0027014,0206010036,3.0,260.28
SIA,MG,202502,7728786,0206010028,3.0,303.3
SIA,MG,202502,2205440,0208010033,8.0,3064.56
SIA,MG,202502,0027049,0206010079,199.0,19390.56
SIA,MG,202502,0026840,0211020060,58.0,1740.0
SIA,MG,202502,0027014,0211020036,526.0,2708.9
SIA,MG,202502,0026808,0211020060,105.0,3150.0
SIA,MG,202502,2152037,0206010079,20.0,1948.8
SIA,MG,202502,7866801,0206010052,2.0,173.5
SIA,MG,202502,9141839,0206020015,14.0,1214.5
SIA,MG,202502,2695324,0206010079,73.0,7113.12
SIA,MG,202502,3065936,0206010079,145.0,14128.8
SIA,MG,202502,2206528,0206030010,125.0,25000.0
SIA,MG,202502,2695626,0206030029,1.0,86.75
SIA,MG,202502,0027014,0206010079,111.0,10815.84
SIA,MG,202502,2192896,0206010079,747.0,72787.68
SIA,MG,202502,6457177,0211020036,137.0,705.55
SIA,MG,202502,9141839,0206010052,4.0,347.0
SIA,MG,202502,7339879,0206010079,0.0,0.0
SIA,MG,202502,2219646,0206030037,193.0,26755.59
SIA,MG,202502,0027863,0206020023,3.0,260.25
SIA,MG,202502,2222043,0206030029,47.0,4077.25
SIA,MG,202502,2118661,0205010016,3.0,495.0
SIA,MG,202502,0053430,0211020036,4.0,20.6
SIA,MG,202502,0026921,0206010060,1.0,97.44
SIA,MG,202502,0026840,0206010079,35.0,3410.4
SIA,MG,202502,0026840,0208010025,139.0,56784.28
SIA,MG,202502,6102174,0206010044,0.0,0.0
SIA,MG,202502,7339879,0206010052,0.0,0.0
SIA,MG,202502,2153025,0206010028,1.0,101.1
SIA,MG,202502,4034236,0206010079,95.0,9256.8
SIA,MG,202502,4034236,0211020060,121.0,3630.0
SIA,MG,202502,2127601,0206030010,0.0,0.0
SIA,MG,202502,2775999,0206010079,103.0,10036.32
SIA,MG,202502,2775999,0206030010,239.0,33132.57
SIA,MG,202502,2219654,0206030010,170.0,23567.1
SIA,MG,202502,6926223,0206010079,132.0,12862.08
SIA,MG,202502,6601804,0206010079,318.0,30985.92
SIA,MG,202502,6102174,0206010079,0.0,0.0
SIA,MG,202502,7728786,0206010079,27.0,2630.88
SIA,MG,202502,2215586,0206010010,4.0,347.04
SIA,MG,202502,2218798,0206010028,8.0,808.8
SIA,MG,202502,2149990,0206010079,470.0,45796.8
SIA,MG,202502,2219638,0206010079,144.0,14031.36
SIA,MG,202502,3918416,0211020060,112.0,3360.0
SIA,MG,202502,2219638,0206030010,124.0,17190.12
SIA,MG,202502,2149990,0206030010,652.0,90386.76
SIA,MG,202502,2206528,0206010036,3.0,600.0
SIA,MG,202502,5338905,0206010028,1.0,101.1
SIA,MG,202502,2218798,0206030037,92.0,12753.96
SIA,MG,202502,9650105,0206030029,44.0,3817.0
SIA,MG,202502,2149990,0206010010,67.0,5812.92
SIA,MG,202502,0026859,0206010044,1.0,86.75
SIA,MG,202502,2219638,0206010010,13.0,1127.88
SIA,MG,202502,2219654,0206010010,11.0,954.36
SIA,MG,202502,2118661,0206010052,114.0,9889.5
SIA,MG,202502,2219646,0206020015,3.0,260.25
SIA,MG,202502,5338905,0206010079,9.0,876.96
SIA,MG,202502,2195437,0206010036,15.0,1301.4
SIA,MG,202502,2219638,0206010028,84.0,8492.4
SIA,MG,202502,2219654,0206010079,56.0,5456.64
SIA,MG,202502,6102174,0205010016,0.0,0.0
SIA,MG,202502,2200457,0208010033,3.0,1149.21
SIA,MG,202502,2149990,0211020060,10.0,300.0
SIA,MG,202502,6274773,0206010079,22.0,2143.68
SIA,MG,202502,2153106,0206030010,67.0,9288.21
SIA,MG,202502,2200422,0208010025,188.0,76801.76
SIA,MG,202502,2695324,0206020023,2.0,173.5
SIA,MG,202502,2109867,0206010036,11.0,2200.0
SIA,MG,202502,2146355,0205010016,9.0,1485.0
SIA,MG,202502,3183882,0205010016,8.0,1320.0
SIA,MG,202502,7038216,0206010010,12.0,1041.12
SIA,MG,202502,2153106,0206010028,4.0,404.4
SIA,MG,202502,0027863,0211020036,196.0,1009.4
SIA,MG,202502,0027049,0211020060,95.0,2850.0
SIA,MG,202502,2200422,0211020060,72.0,2160.0
SIA,MG,202502,6274773,0206010028,4.0,404.4
SIA,MG,202502,2184834,0206020031,96.0,13095.36
SIA,MG,202502,2775999,0206010044,17.0,1474.75
SIA,MG,202502,2200422,0211020036,8.0,41.2
SIA,MG,202502,0026964,0206010044,6.0,520.5
SIA,MG,202502,2200422,0206010079,6.0,584.64
SIA,MG,202502,9141839,0206010010,29.0,2516.04
SIA,MG,202502,0027022,0206010079,47.0,4579.68
SIA,MG,202502,6102174,0206020015,0.0,0.0
SIA,MG,202502,2200457,0206010079,159.0,15492.96
SIA,MG,202502,7728786,0206030037,17.0,2356.71
SIA,MG,202502,2152037,0206010044,4.0,347.0
SIA,MG,202502,2153025,0206030037,48.0,6654.24
SIA,MG,202502,2759292,0206030010,3.0,415.89
SIA,MG,202502,2109867,0206010044,35.0,7000.0
SIA,MG,202502,2193310,0206010044,24.0,2082.0
SIA,MG,202502,2208172,0206020023,1.0,86.75
SIA,MG,202502,2206595,0211020036,429.0,2209.35
SIA,MG,202502,2206595,0211020010,41.0,29931.64
SIA,MG,202502,2165074,0211020036,6.0,30.9
SIA,MG,202502,0027049,0211020010,9.0,6570.36
SIA,MG,202502,0027014,0211020010,57.0,41612.28
SIA,MG,202502,2153084,0206030029,1.0,86.75
SIA,MG,202502,2695324,0206010028,15.0,1516.5
SIA,MG,202502,2695626,0206010028,20.0,2022.0
SIA,MG,202502,2192896,0206010028,215.0,21736.5
SIA,MG,202502,0026921,0206010028,61.0,6167.1
SIA,MG,202502,0026964,0206030010,82.0,11367.66
SIA,MG,202502,2219646,0206020031,297.0,40513.77
SIA,MG,202502,9650105,0206020031,290.0,39558.9
SIA,MG,202502,2695324,0206030010,380.0,52679.4
SIA,MG,202502,2218690,0206010028,55.0,5560.5
SIA,MG,202502,0026859,0206010028,1.0,101.1
SIA,MG,202502,0027014,0206030010,426.0,59056.38
SIA,MG,202502,0026859,0206030010,59.0,8179.17
SIA,MG,202502,4034236,0211020010,135.0,98555.4
SIA,MG,202502,6442560,0206020031,38.0,5183.58
SIA,MG,202502,2146355,0206030037,322.0,44638.86
SIA,MG,202502,9141839,0206030010,152.0,21071.76
SIA,MG,202502,9141839,0206030037,164.0,22735.32
SIA,MG,202502,2208172,0206010052,5.0,433.75
SIA,MG,202502,0026840,0211020010,26.0,18981.04
SIA,MG,202502,2219646,0206010028,5.0,505.5
SIA,MG,202502,7339879,0211020060,0.0,0.0
SIA,MG,202502,2726726,0206030029,1.0,86.75
SIA,MG,202502,2153114,0206030029,1.0,86.75
SIA,MG,202502,2218798,0206020015,3.0,260.25
SIA,MG,202502,2206595,0206030037,56.0,7763.28
SIA,MG,202502,2206595,0206020031,68.0,9275.88
SIA,MG,202502,2206595,0206020023,14.0,1214.5
SIA,MG,202502,7866801,0206010028,11.0,1112.1
SIA,MG,202502,2200457,0208010025,3.0,1225.56
SIA,MG,202502,0027049,0208010025,105.0,42894.6
SIA,MG,202502,6102174,0206010036,0.0,0.0
SIA,MG,202502,6102174,0206030037,0.0,0.0
SIA,MG,202502,6601804,0206030037,138.0,19130.94
SIA,MG,202502,6601804,0206010036,6.0,520.56
SIA,MG,202502,2200457,0206010028,57.0,5762.7
SIA,MG,202502,3065936,0206020015,4.0,347.0
SIA,MG,202502,2146355,0206010036,6.0,520.56
SIA,MG,202502,0027863,0206010028,51.0,5156.1
SIA,MG,202502,2200457,0206010095,2.0,4214.44
SIA,MG,202502,0026840,0206030010,232.0,32162.16
SIA,MG,202502,9141839,0206020031,40.0,5456.4
SIA,MG,202502,2152045,0206030037,16.0,2218.08
SIA,MG,202502,7104804,0211020036,513.0,2641.95
SIA,MG,202502,9141839,0206020023,13.0,1127.75
SIA,MG,202502,2726726,0206030037,23.0,3188.49
SIA,MG,202502,2165058,0206030037,252.0,34934.76
SIA,MG,202502,2165058,0206020031,262.0,35739.42
SIA,MG,202502,2165058,0206030010,248.0,34380.24
SIA,MG,202502,5866391,0211020036,65.0,334.75
SIA,MG,202502,2215586,0206010028,8.0,808.8
SIA,MG,202502,2219654,0206010028,19.0,1920.9
SIA,MG,202502,7038216,0206010052,3.0,260.25
SIA,MG,202502,2205440,0206010052,85.0,7373.75
SIA,MG,202502,2195585,0206030010,17.0,2356.71
SIA,MG,202502,2195585,0206020031,11.0,1500.51
SIA,MG,202502,2127601,0211020060,0.0,0.0
SIA,MG,202502,2109867,0206010060,1.0,97.44
SIA,MG,202502,2118661,0206010044,25.0,2168.75
SIA,MG,202502,7866801,0206010079,90.0,8769.6
SIA,MG,202502,0026840,0206010028,18.0,1819.8
SIA,MG,202502,0026808,0206010079,42.0,4092.48
SIA,MG,202502,2222043,0206030037,356.0,49352.28
SIA,MG,202502,2695626,0206010079,90.0,8769.6
SIA,MG,202502,2181770,0206010079,4.0,389.76
SIA,MG,202502,2775999,0206010052,50.0,4337.5
SIA,MG,202502,6601804,0206010044,16.0,1388.0
SIA,MG,202502,2209179,0206010044,137.0,11884.75
SIA,MG,202502,4034236,0206020015,12.0,1041.0
SIA,MG,202502,3004791,0206020015,24.0,2082.0
SIA,MG,202502,6102174,0206010010,0.0,0.0
SIA,MG,202502,2149990,0206010036,9.0,780.84
SIA,MG,202502,2200422,0211020010,69.0,50372.76
SIA,MG,202502,2208172,0206020031,28.0,3819.48
SIA,MG,202502,0027022,0206010028,1.0,101.1
SIA,MG,202502,3004791,0206010028,33.0,3336.3
SIA,MG,202502,6378552,0211020036,5.0,25.75
SIA,MG,202502,0027049,0205010016,6.0,990.0
SIA,MG,202502,6356354,0211020036,15.0,77.25
SIA,MG,202502,2153114,0206030037,59.0,8179.17
SIA,MG,202502,2218798,0206030010,105.0,14556.15
SIA,MG,202502,2146355,0208010025,2.0,817.04
SIA,MG,202502,3004791,0206010079,49.0,4774.56
SIA,MG,202502,0027863,0206020015,4.0,347.0
SIA,MG,202502,0957100,0211020036,15.0,77.25
SIA,MG,202502,9889167,0208010033,4.0,1532.28
SIA,MG,202502,3065936,0206010028,25.0,2527.5
SIA,MG,202502,2192896,0206020015,28.0,2429.0
SIA,MG,202502,2775999,0208010025,29.0,11847.08
SIA,MG,202502,9650105,0206010044,55.0,4771.25
SIA,MG,202502,6601804,0206010010,12.0,1041.12
SIA,MG,202502,2146355,0206010010,11.0,954.36
SIA,MG,202502,2153084,0206030037,13.0,1802.19
SIA,MG,202502,2153025,0206030010,44.0,6099.72
SIA,MG,202502,3137112,0208010033,12.0,4596.84
SIA,MG,202502,0981400,0208010025,3.0,1225.56
SIA,MG,202502,6274773,0206010044,1.0,86.75
SIA,MG,202502,7581645,0208010025,13.0,5310.76
SIA,MG,202502,3918416,0211020036,31.0,159.65
SIA,MG,202502,2153106,0206030037,61.0,8456.43
SIA,MG,202502,2206528,0211020010,16.0,11680.64
SIA,MG,202502,2206595,0206030010,70.0,9704.1
SIA,MG,202502,0027014,0205010016,5.0,825.0
SIA,MG,202502,4034236,0206030037,106.0,14694.78
SIA,MG,202502,3065936,0206030010,117.0,16219.71
SIA,MG,202502,2200457,0206030010,690.0,95654.7
SIA,MG,202502,2200457,0206030037,707.0,98011.41
SIA,MG,202502,2726726,0206030010,23.0,3188.49
SIA,MG,202502,2195585,0206030037,13.0,1802.19
SIA,MG,202502,2195437,0211020036,240.0,1236.0
SIA,MG,202502,2148692,0211020036,162.0,834.3
SIA,MG,202502,2165058,0206020023,18.0,1561.5
SIA,MG,202502,2695626,0206030037,69.0,9565.47
SIA,MG,202502,4034236,0206030010,120.0,16635.6
SIA,MG,202502,0027049,0206030010,244.0,33825.72
SIA,MG,202502,3065936,0206030037,106.0,14694.78
SIA,MG,202502,2165058,0206010079,127.0,12374.88
SIA,MG,202502,2109867,0206030029,14.0,1214.5
SIA,MG,202502,2153084,0206010060,1.0,97.44
SIA,MG,202502,2192896,0206030037,267.0,37014.21
SIA,MG,202502,2200422,0206030010,27.0,3743.01
SIA,MG,202502,2195437,0206010028,27.0,2729.7
SIA,MG,202502,6274773,0206010010,1.0,86.76
SIA,MG,202502,0027049,0206010028,6.0,606.6
SIA,MG,202502,2192896,0206030010,260.0,36043.8
SIA,MG,202502,2200422,0206010028,7.0,707.7
SIA,MG,202502,2222043,0206010052,6.0,520.5
SIA,MG,202502,2760703,0211020036,74.0,381.1
SIA,MG,202502,2146355,0206010044,35.0,3036.25
SIA,MG,202502,2206595,0211020060,63.0,1890.0
SIA,MG,202502,2153114,0206030010,51.0,7070.13
SIA,MG,202502,6442560,0206030037,26.0,3604.38
SIA,MG,202502,0027049,0206030037,230.0,31884.9
SIA,MG,202502,6274773,0206030037,11.0,1524.93
SIA,MG,202502,2222043,0206020015,30.0,2602.5
SIA,MG,202502,0027863,0206030010,102.0,14140.26
SIA,MG,202502,2153025,0206020031,44.0,6002.04
SIA,MG,202502,2153114,0206010079,14.0,1364.16
SIA,MG,202502,2153114,0206020031,71.0,9685.11
SIA,MG,202502,2695626,0206030010,87.0,12060.81
SIA,MG,202502,2775999,0206010028,17.0,1718.7
SIA,MG,202502,9650105,0211020036,96.0,494.4
SIA,MG,202502,2118661,0206030037,228.0,31607.64
SIA,MG,202502,2148692,0211020060,4.0,120.0
SIA,MG,202502,7866801,0206030037,98.0,13585.74
SIA,MG,202502,9141839,0206010079,216.0,21047.04
SIA,MG,202502,7866801,0206030010,98.0,13585.74
SIA,MG,202502,7038216,0206010028,9.0,909.9
SIA,MG,202502,0981400,0206010028,21.0,2123.1
SIA,MG,202502,2200457,0206020015,2.0,173.5
SIA,MG,202502,2109867,0206020015,8.0,694.0
SIA,MG,202502,9889167,0208010025,5.0,2042.6
SIA,MG,202502,2195585,0206010079,46.0,4482.24
SIA,MG,202502,2210924,0206020031,22.0,3001.02
SIA,MG,202502,3464334,0206020031,0.0,0.0
SIA,MG,202502,2206595,0206010079,117.0,11400.48
SIA,MG,202502,2153084,0206020031,10.0,1364.1
SIA,MG,202502,0026808,0206030037,43.0,5961.09
SIA,MG,202502,0026921,0206030010,63.0,8733.69
SIA,MG,202502,0026921,0206030037,71.0,9842.73
SIA,MG,202502,2759292,0206010044,2.0,173.5
SIA,MG,202502,2775999,0206010010,20.0,1735.2
SIA,MG,202502,0026808,0206030010,54.0,7486.02
SIA,MG,202502,0027863,0206030037,99.0,13724.37
SIA,MG,202502,2195437,0206010044,31.0,2689.25
SIA,MG,202502,2726726,0206010044,12.0,1041.0
SIA,MG,202502,2153106,0206020031,68.0,9275.88
SIA,MG,202502,2153106,0206010079,8.0,779.52
SIA,MG,202502,2206595,0206010010,20.0,1735.2
SIA,MG,202502,3137112,0208010025,12.0,4902.24
SIA,MG,202502,0026921,0206020015,15.0,1301.25
SIA,MG,202502,0027022,0206030037,51.0,7070.13
SIA,MG,202502,2109867,0206030037,82.0,16400.0
SIA,MG,202502,2218798,0206020031,115.0,15687.15
SIA,MG,202502,0027391,0206010095,101.0,212829.22
SIA,MG,202502,2218690,0206010052,3.0,260.25
SIA,MG,202502,7728786,0206010044,3.0,260.25
SIA,MG,202502,2200422,0206030037,26.0,3604.38
SIA,MG,202502,9141839,0206030029,6.0,520.5
SIA,MG,202502,5338905,0206010010,1.0,86.76
SIA,MG,202502,9650105,0206010036,18.0,1561.68
SIA,MG,202502,2205440,0206010044,18.0,1561.5
SIA,MG,202502,5338905,0206030037,11.0,1524.93
SIA,MG,202502,2726726,0206010036,7.0,607.32
SIA,MG,202502,7525427,0211020036,355.0,1828.25
SIA,MG,202502,2219646,0206010060,30.0,2923.2
SIA,MG,202502,0026808,0208010025,1.0,408.52
SIA,MG,202502,2695324,0208010025,1.0,408.52
SIA,MG,202502,2218798,0206010079,19.0,1851.36
SIA,MG,202502,3462994,0208010033,3.0,1149.21
SIA,MG,202502,2109867,0206020023,3.0,260.25
SIA,MG,202502,2208172,0206010028,28.0,2830.8
SIA,MG,202502,2208172,0206010044,11.0,954.25
SIA,MG,202502,2118661,0206010036,8.0,694.08
SIA,MG,202502,2726726,0206020031,18.0,2455.38
SIA,MG,202502,7581645,0208010033,13.0,4979.91
SIA,MG,202502,0027014,0206010028,4.0,404.4
SIA,MG,202502,2695626,0206020015,4.0,347.0
SIA,MG,202502,2127601,0206010044,0.0,0.0
SIA,MG,202502,2215586,0206010052,7.0,607.25
SIA,MG,202502,3004791,0206030037,7.0,970.41
SIA,MG,202502,7903782,0211020036,44.0,226.6
SIA,MG,202502,0026808,0211020010,20.0,14600.8
SIA,MG,202502,7339879,0206010044,0.0,0.0
SIA,MG,202502,7728786,0206010010,1.0,86.76
SIA,MG,202502,4034236,0206010028,12.0,1213.2
SIA,MG,202502,0633186,0206030037,8.0,1109.04
SIA,MG,202502,2206528,0206010010,3.0,260.28
SIA,MG,202502,2759292,0206030029,1.0,86.75
SIA,MG,202502,2191512,0211020036,549.0,2827.35
SIA,MG,202502,2192896,0211020036,156.0,803.4
SIA,MG,202502,2111624,0206030010,2.0,277.26
SIA,MG,202502,0027022,0206030010,50.0,6931.5
SIA,MG,202502,2165058,0206030029,3.0,260.25
SIA,MG,202502,2118661,0206020023,4.0,347.0
SIA,MG,202502,2165058,0206010010,5.0,433.8
SIA,MG,202502,2210924,0206010028,8.0,808.8
SIA,MG,202502,2210924,0206010044,6.0,520.5
SIA,MG,202502,2195585,0211020060,4.0,120.0
SIA,MG,202502,2219654,0206020015,9.0,780.75
SIA,MG,202502,2152045,0206010044,3.0,260.25
SIA,MG,202502,2210924,0206010036,2.0,173.52
SIA,MG,202502,2726726,0211020036,150.0,772.5
SIA,MG,202502,2206528,0206030029,3.0,260.25
SIA,MG,202502,0026964,0206010036,3.0,260.28
SIA,MG,202502,2149990,0206010052,53.0,4597.75
SIA,MG,202502,3464334,0206010044,0.0,0.0
SIA,MG,202502,7866801,0206020015,6.0,520.5
SIA,MG,202502,2775999,0206030029,4.0,347.0
SIA,MG,202502,2153084,0206010079,7.0,682.08
SIA,MG,202502,2184834,0206030010,98.0,13585.74
SIA,MG,202502,2205440,0206010079,134.0,13056.96
SIA,MG,202502,2219638,0206020015,3.0,260.25
SIA,MG,202502,2206528,0206030037,126.0,25200.0
SIA,MG,202502,2164817,0211020036,279.0,1436.85
SIA,MG,202502,2149990,0211020036,254.0,1308.1
SIA,MG,202502,2192896,0206010010,175.0,15183.0
SIA,MG,202502,2195585,0211020036,172.0,885.8
SIA,MG,202502,2219638,0211020036,150.0,772.5
SIA,MG,202502,2200457,0206010010,28.0,2429.28
SIA,MG,202502,2205440,0206030029,7.0,607.25
SIA,MG,202502,0026808,0206010010,9.0,780.84
SIA,MG,202502,2208172,0206010036,6.0,520.56
SIA,MG,202502,7366108,0211020036,0.0,0.0
SIA,MG,202502,2146355,0206010052,47.0,4077.25
SIA,MG,202502,2219654,0206010036,6.0,520.56
SIA,MG,202502,2195437,0206010010,33.0,2863.08
SIA,MG,202502,0026840,0206020023,2.0,173.5
SIA,MG,202502,2195437,0206030010,139.0,19269.57
SIA,MG,202502,2195437,0206020031,127.0,17324.07
SIA,MG,202502,0027863,0206010010,98.0,8502.48
SIA,MG,202502,2218941,0211020036,241.0,1241.15
SIA,MG,202502,3464334,0206030010,0.0,0.0
SIA,MG,202502,3004791,0206010010,9.0,780.84
SIA,MG,202502,7093284,0211020036,327.0,1684.05
SIA,MG,202502,9141839,0211020036,105.0,540.75
SIA,MG,202502,2206528,0206020031,123.0,24600.0
SIA,MG,202502,2181770,0206030010,2.0,277.26
SIA,MG,202502,6766471,0211020060,22.0,660.0
SIA,MG,202502,2127601,0206020031,0.0,0.0
SIA,MG,202502,2208172,0206030010,29.0,4020.27
SIA,MG,202502,9141839,0206010044,21.0,1821.75
SIA,MG,202502,3464334,0211020060,0.0,0.0
SIA,MG,202502,7339879,0206020031,0.0,0.0
SIA,MG,202502,0027049,0206010010,8.0,694.08
SIA,MG,202502,2193310,0206020015,8.0,694.0
SIA,MG,202502,2149990,0206020015,6.0,520.5
SIA,MG,202502,6601804,0206010052,11.0,954.25
SIA,MG,202502,2165058,0206010044,31.0,2689.25
SIA,MG,202502,2206528,0206010079,10.0,2000.0
SIA,MG,202502,2109867,0206020031,67.0,13400.0
SIA,MG,202502,3464334,0206010010,0.0,0.0
SIA,MG,202502,2165058,0211020036,78.0,401.7
SIA,MG,202502,2127601,0206010079,0.0,0.0
SIA,MG,202502,2219654,0211020036,265.0,1364.75
SIA,MG,202502,3464334,0208010025,0.0,0.0
SIA,MG,202502,6102174,0206010052,0.0,0.0
SIA,MG,202502,2109867,0206010052,5.0,433.75
SIA,MG,202502,2206528,0206010028,5.0,1000.0
SIA,MG,202502,7728786,0206010052,4.0,347.0
SIA,MG,202502,2205440,0206010036,20.0,1735.2
SIA,MG,202502,2153084,0206010010,1.0,86.76
SIA,MG,202502,6926223,0211020036,224.0,1153.6
SIA,MG,202502,2219638,0206030029,10.0,867.5
SIA,MG,202502,2152045,0206010052,4.0,347.0
SIA,MG,202502,2153106,0206010010,1.0,86.76
SIA,MG,202502,7339879,0206030010,0.0,0.0
SIA,MG,202502,2193310,0206010036,5.0,433.8
SIA,MG,202502,2219654,0206030029,12.0,1041.0
SIA,MG,202502,2205440,0206020015,17.0,1474.75
SIA,MG,202502,2165058,0206010036,12.0,1041.12
SIA,MG,202502,3065936,0206010010,6.0,520.56
SIA,MG,202502,2219638,0206010036,3.0,260.28
SIA,MG,202502,2181770,0206020023,1.0,86.75
SIA,MG,202502,2206595,0206010044,7.0,607.25
SIA,MG,202502,2153025,0208010033,1.0,383.07
SIA,MG,202502,2208172,0206010010,9.0,780.84
SIA,MG,202502,2219654,0206010052,2.0,173.5
SIA,MG,202502,7038216,0206020023,3.0,260.25
SIA,MG,202502,2195585,0206010044,16.0,1388.0
SIA,MG,202502,2210924,0206020015,10.0,867.5
SIA,MG,202502,2210924,0206030010,15.0,2079.45
SIA,MG,202502,2111624,0206020031,2.0,272.82
SIA,MG,202502,2127601,0206010028,0.0,0.0
SIA,MG,202502,2127601,0206030037,0.0,0.0
SIA,MG,202502,0027014,0208010033,3.0,1149.21
SIA,MG,202502,2118661,0206030029,2.0,173.5
SIA,MG,202502,2111624,0206010079,1.0,97.44
SIA,MG,202502,0199419,0211020036,252.0,1297.8
SIA,MG,202502,2206595,0206010036,13.0,1127.88
SIA,MG,202502,2153084,0206010052,1.0,86.75
SIA,MG,202502,2218798,0206010010,4.0,347.04
SIA,MG,202502,2775999,0206010036,9.0,780.84
SIA,MG,202502,4034236,0206010010,7.0,607.32
SIA,MG,202502,2127601,0206010052,0.0,0.0
SIA,MG,202502,6442560,0206010036,5.0,433.8
SIA,MG,202502,2695626,0206010010,7.0,607.32
SIA,MG,202502,2218690,0206010060,1.0,97.44
SIA,MG,202502,2208172,0206020015,2.0,173.5
SIA,MG,202502,3004791,0206030010,1.0,138.63
SIA,MG,202502,2181770,0206030037,2.0,277.26
SIA,MG,202502,0026808,0208010033,1.0,383.07
SIA,MG,202502,0027014,0206010010,3.0,260.28
SIA,MG,202502,7728786,0206010036,1.0,86.76
SIA,MG,202502,6274773,0206010052,1.0,86.75
SIA,MG,202502,2215586,0206020023,1.0,86.75
SIA,MG,202502,2200422,0206010010,2.0,173.52
SIA,MG,202502,0026964,0206010028,2.0,202.2
SIA,MG,202502,2118858,0211020010,17.0,12410.68
SIA,MG,202502,7866801,0206010010,1.0,86.76
SIA,MG,202502,2205440,0211020010,39.0,28471.56
SIA,MG,202502,2118661,0211020010,13.0,9490.52
SIA,MG,202502,2205440,0206010095,17.0,35822.74
SIA,MG,202502,2153882,0211020010,11.0,8030.44
SIA,MG,202502,2118912,0211020036,6.0,30.9
SIA,MG,202502,2208172,0211020010,47.0,34311.88
SIA,MG,202502,2153114,0211020010,16.0,11680.64
SIA,MG,202502,2152037,0206030037,5.0,693.15
SIA,MG,202502,2208172,0206010060,1.0,97.44
SIA,MG,202502,2146355,0211020010,16.0,11680.64
SIA,MG,202502,2127601,0206010010,0.0,0.0
SIA,MG,202502,2775999,0211020060,29.0,870.0
SIA,MG,202502,2153084,0211020010,17.0,12410.68
SIA,MG,202502,2219638,0211020010,34.0,24821.36
SIA,MG,202502,0026859,0208010025,7.0,2859.64
SIA,MG,202502,0981400,0206010052,1.0,86.75
SIA,MG,202502,2195585,0206020023,3.0,260.25
SIA,MG,202502,2153882,0211020060,35.0,1050.0
SIA,MG,202502,3464334,0208010033,0.0,0.0
SIA,MG,202502,2181770,0206020031,2.0,272.82
SIA,MG,202502,2153114,0211020060,12.0,360.0
SIA,MG,202502,5338905,0206010052,1.0,86.75
SIA,MG,202502,2195585,0206020015,1.0,86.75
SIA,MG,202502,2219646,0206030029,1.0,86.75
SIA,MG,202502,2218690,0206010010,1.0,86.76
SIA,MG,202502,0026808,0206020015,1.0,86.75
SIA,MG,202502,2218798,0206030029,1.0,86.75
SIA,MG,202502,0026964,0206010010,1.0,86.76
SIA,MG,202502,0027014,0208010025,2.0,817.04
SIA,MG,202502,2153106,0206010036,1.0,86.76
SIA,MG,202502,2153114,0206010028,1.0,101.1
SIA,MG,202502,2153084,0211020060,27.0,810.0
SIA,MG,202502,6274773,0206010036,1.0,86.76
SIA,MG,202502,0027049,0206020015,1.0,86.75
SIA,MG,202502,2153025,0206010079,2.0,194.88
SIA,MG,202502,2153025,0206030029,1.0,86.75
SIA,MG,202502,0027014,0206020015,1.0,86.75
SIA,MG,202502,0027022,0206010044,1.0,86.75
SIA,MG,202502,2195437,0206010052,1.0,86.75
SIA,MG,202502,7976550,0206010095,13.0,27393.86
SIA,MG,202502,2149990,0211020010,28.0,20441.12
SIA,MG,202502,2219646,0211020010,20.0,14600.8
SIA,MG,202502,9650105,0211020010,34.0,24821.36
SIA,MG,202502,0027022,0211020036,182.0,937.3
SIA,MG,202502,9068279,0211020036,584.0,3007.6
SIA,MG,202502,3004791,0211020036,339.0,1745.85
SIA,MG,202502,3462994,0206010095,5.0,10536.1
SIA,MG,202502,2775999,0211020010,25.0,18251.0
SIA,MG,202502,6442560,0206030010,6.0,831.78
SIA,MG,202502,0022683,0211020036,473.0,2435.95
SIA,MG,202502,6601804,0211020010,15.0,10950.6
SIA,MG,202502,0023310,0211020036,293.0,1508.95
SIA,MG,202502,0027049,0206030029,3.0,260.25
SIA,MG,202502,2146355,0208010033,3.0,1149.21
SIA,MG,202502,0027049,0211020036,220.0,1133.0
SIA,MG,202502,0027618,0211020036,436.0,2245.4
SIA,MG,202502,0023051,0211020036,474.0,2441.1
SIA,MG,202502,0026972,0211020036,2.0,10.3
SIA,MG,202502,2181770,0211020036,3.0,15.45
SIA,MG,202502,0026859,0211020060,3.0,90.0
SIA,MG,202502,0026921,0211020036,916.0,4717.4
SIA,MG,202502,2695111,0211020036,304.0,1565.6
SIA,MG,202502,2111624,0206030037,1.0,138.63
SIA,MG,202502,2218798,0206010060,1.0,97.44
SIA,MG,202502,0023272,0211020036,466.0,2399.9
SIA,MG,202502,2152045,0206010010,1.0,86.76
SIA,MG,202502,2695324,0206020015,2.0,173.5
SIA,MG,202502,2152940,0211020036,487.0,2508.05
SIA,MG,202502,0023582,0211020036,299.0,1539.85
SIA,MG,202502,2153025,0208010025,1.0,408.52
SIA,MG,202502,2118661,0206020015,1.0,86.75
SIA,MG,202502,2153009,0211020036,293.0,1508.95
SIA,MG,202502,2206595,0206030029,3.0,260.25
SIA,MG,202502,2153882,0206030010,1.0,138.63
SIA,MG,202502,2192896,0211020060,1.0,30.0
SIA,MG,202502,5338905,0206010044,1.0,86.75
SIA,MG,202502,0026964,0211020036,249.0,1282.35
SIA,MG,202502,2219646,0206010036,1.0,86.76
SIA,MG,202502,4684281,0211020060,172.0,5160.0
SIA,MG,202502,0026948,0211020036,75.0,386.25
SIA,MG,202502,2195585,0206010010,1.0,86.76
SIA,MG,202502,3032191,0211020036,4.0,20.6
SIA,MG,202502,2152967,0211020036,34.0,175.1
SIA,MG,202502,2164795,0211020036,11.0,56.65
SIA,MG,202502,2153106,0206020023,1.0,86.75
SIA,MG,202502,2206528,0206010052,3.0,260.25
SIA,MG,202502,3170527,0211020036,125.0,643.75
SIA,MG,202502,3494179,0211020036,255.0,1313.25
SIA,MG,202502,2153017,0211020036,1.0,5.15
SIA,MG,202502,2152959,0211020036,43.0,221.45
SIA,MG,202502,2210924,0206010010,2.0,173.52
SIA,MG,202502,2152037,0206010052,1.0,86.75
SIA,MG,202502,2118246,0206020015,1.0,86.75
SIA,MG,202502,2122650,0211020036,226.0,1163.9
SIA,MG,202502,2206382,0206020031,70.0,9548.7
SIA,MG,202502,2796449,0211020036,228.0,1174.2
SIA,MG,202502,2136937,0206010079,26.0,2533.44
SIA,MG,202502,2206382,0206010079,248.0,24165.12
SIA,MG,202502,2111640,0206020031,210.0,28646.1
SIA,MG,202502,3410587,0211020036,171.0,880.65
SIA,MG,202502,2760924,0211020036,79.0,406.85
SIA,MG,202502,2125943,0211020036,413.0,2126.95
SIA,MG,202502,7595247,0206030010,0.0,0.0
SIA,MG,202502,6618774,0206010079,173.0,16857.12
SIA,MG,202502,6920977,0206020031,249.0,33966.09
SIA,MG,202502,2111659,0206020031,35.0,4774.35
SIA,MG,202502,2126052,0211020036,758.0,3903.7
SIA,MG,202502,2206064,0206030010,61.0,8456.43
SIA,MG,202502,2219735,0211020036,50.0,257.5
SIA,MG,202502,6790151,0206010079,270.0,26308.8
SIA,MG,202502,2098407,0211020036,229.0,1179.35
SIA,MG,202502,2161354,0206030010,157.0,21764.91
SIA,MG,202502,2161354,0206030037,172.0,23844.36
SIA,MG,202502,2126494,0206020031,162.0,22098.42
SIA,MG,202502,2198061,0211020036,276.0,1421.4
SIA,MG,202502,7934947,0206010079,30.0,2923.2
SIA,MG,202502,7543913,0211020036,517.0,2662.55
SIA,MG,202502,6920977,0206030037,280.0,38816.4
SIA,MG,202502,2099152,0206030037,10.0,2628.3
SIA,MG,202502,9388354,0206010079,23.0,2241.12
SIA,MG,202502,5914469,0211020036,194.0,999.1
SIA,MG,202502,2143992,0206010028,49.0,4953.9
SIA,MG,202502,2129469,0206030010,212.0,29389.56
SIA,MG,202502,2159252,0206020031,147.0,20052.27
SIA,MG,202502,2126494,0211020036,741.0,3816.15
SIA,MG,202502,6776434,0206010079,0.0,0.0
SIA,MG,202502,7387377,0206010044,4.0,1125.2
SIA,MG,202502,2105780,0206020031,109.0,14868.69
SIA,MG,202502,2143801,0206020031,9.0,1227.69
SIA,MG,202502,3960668,0206010010,13.0,1127.88
SIA,MG,202502,6311709,0206030010,0.0,0.0
SIA,MG,202502,2112140,0206010010,18.0,1561.68
SIA,MG,202502,2118246,0206010079,19.0,1851.36
SIA,MG,202502,2144026,0206010028,2.0,202.2
SIA,MG,202502,2105780,0206030029,9.0,780.75
SIA,MG,202502,6311709,0206020031,0.0,0.0
SIA,MG,202502,2168650,0206010079,37.0,3605.28
SIA,MG,202502,2205939,0206030037,49.0,6792.87
SIA,MG,202502,2144530,0206010079,47.0,4579.68
SIA,MG,202502,2195453,0206010044,5.0,433.75
SIA,MG,202502,2796562,0206030029,1.0,86.75
SIA,MG,202502,7609868,0206010079,45.0,4384.8
SIA,MG,202502,2112140,0206020031,37.0,5047.17
SIA,MG,202502,2760924,0206010079,21.0,2046.24
SIA,MG,202502,2173565,0206010079,21.0,2046.24
SIA,MG,202502,2127989,0206010010,118.0,10237.68
SIA,MG,202502,9274200,0208010025,24.0,9804.48
SIA,MG,202502,2204622,0206030010,41.0,5683.83
SIA,MG,202502,2126494,0206030010,195.0,27032.85
SIA,MG,202502,2163829,0206010044,6.0,520.5
SIA,MG,202502,2098911,0206020031,36.0,4910.76
SIA,MG,202502,6790151,0211020036,163.0,839.45
SIA,MG,202502,2183455,0206030010,11.0,1524.93
SIA,MG,202502,2168537,0211020036,44.0,226.6
SIA,MG,202502,7082886,0206030037,126.0,35443.8
SIA,MG,202502,2148293,0206010028,16.0,1617.6
SIA,MG,202502,2142384,0211020036,229.0,1179.35
SIA,MG,202502,2098539,0206020031,61.0,8321.01
SIA,MG,202502,2146126,0211020036,502.0,2585.3
SIA,MG,202502,2105780,0206030010,181.0,25092.03
SIA,MG,202502,2172259,0206010079,102.0,11047.62
SIA,MG,202502,5844843,0211020036,50.0,257.5
SIA,MG,202502,2206064,0206020015,10.0,867.5
SIA,MG,202502,2098369,0206030010,18.0,2495.34
SIA,MG,202502,2181029,0211020036,166.0,854.9
SIA,MG,202502,2127989,0206010079,574.0,55930.56
SIA,MG,202502,2098938,0206030010,145.0,20101.35
SIA,MG,202502,2126133,0211020036,268.0,1380.2
SIA,MG,202502,2200473,0206020031,74.0,10094.34
SIA,MG,202502,2761092,0206020023,5.0,433.75
SIA,MG,202502,2099497,0206020031,0.0,0.0
SIA,MG,202502,2122650,0206010079,56.0,5456.64
SIA,MG,202502,2164299,0206030037,24.0,3327.12
SIA,MG,202502,2171945,0206020031,371.0,50608.11
SIA,MG,202502,5649862,0211020036,209.0,1076.35
SIA,MG,202502,5338409,0211020060,0.0,0.0
SIA,MG,202502,2139200,0206010044,11.0,1134.65
SIA,MG,202502,2785684,0206030010,11.0,3049.86
SIA,MG,202502,7595247,0206030037,0.0,0.0
SIA,MG,202502,0046701,0211020036,184.0,947.6
SIA,MG,202502,2796619,0206010079,58.0,5651.52
SIA,MG,202502,2760657,0206020031,23.0,3137.43
SIA,MG,202502,2171945,0206030037,318.0,44084.34
SIA,MG,202502,2118246,0206020031,24.0,3273.84
SIA,MG,202502,9388354,0206020031,32.0,4365.12
SIA,MG,202502,6790151,0206020031,62.0,8457.42
SIA,MG,202502,2111640,0206010079,60.0,5846.4
SIA,MG,202502,2164299,0206030010,24.0,3327.12
SIA,MG,202502,2171945,0206010044,16.0,1388.0
SIA,MG,202502,7595247,0206010079,0.0,0.0
SIA,MG,202502,2764792,0211020036,65.0,334.75
SIA,MG,202502,2201542,0206010028,8.0,808.8
SIA,MG,202502,2101777,0206020031,25.0,3410.25
SIA,MG,202502,2115654,0211020036,71.0,365.65
SIA,MG,202502,6966640,0208010025,15.0,6127.8
SIA,MG,202502,0979538,0206010044,28.0,2429.0
SIA,MG,202502,2142376,0206010079,2.0,194.88
SIA,MG,202502,2206064,0206010079,107.0,10426.08
SIA,MG,202502,3498441,0208010033,8.0,3064.56
SIA,MG,202502,6776434,0206010052,0.0,0.0
SIA,MG,202502,6006361,0206010079,0.0,0.0
SIA,MG,202502,9228713,0206010010,7.0,607.32
SIA,MG,202502,2161354,0206010079,172.0,16759.68
SIA,MG,202502,2171988,0206030037,159.0,22042.17
SIA,MG,202502,7951604,0206020031,46.0,6974.98
SIA,MG,202502,2178494,0211020036,234.0,1205.1
SIA,MG,202502,2134268,0211020036,40.0,206.0
SIA,MG,202502,2777347,0211020036,137.0,705.55
SIA,MG,202502,2143801,0206010079,31.0,3020.64
SIA,MG,202502,2159279,0211020036,292.0,1503.8
SIA,MG,202502,2172259,0206020031,42.0,6368.46
SIA,MG,202502,2171988,0206020031,44.0,6002.04
SIA,MG,202502,2112140,0206030037,20.0,2772.6
SIA,MG,202502,2709848,0206030029,2.0,173.5
SIA,MG,202502,3698548,0206030010,117.0,16219.71
SIA,MG,202502,2200473,0206010044,32.0,2776.0
SIA,MG,202502,9673717,0206010028,0.0,0.0
SIA,MG,202502,2206420,0206030010,10.0,1386.3
SIA,MG,202502,2760843,0206030037,60.0,8317.8
SIA,MG,202502,2192128,0206020031,13.0,1773.33
SIA,MG,202502,9368221,0206020031,0.0,0.0
SIA,MG,202502,7951604,0206010079,18.0,1949.58
SIA,MG,202502,2166062,0211020036,68.0,350.2
SIA,MG,202502,2099438,0206030010,31.0,4297.53
SIA,MG,202502,2160471,0211020036,70.0,360.5
SIA,MG,202502,2139200,0206030037,26.0,4249.7
SIA,MG,202502,2760681,0206010079,11.0,1071.84
SIA,MG,202502,2127989,0206010044,51.0,4424.25
SIA,MG,202502,2171988,0206010044,36.0,3123.0
SIA,MG,202502,6311709,0206010079,0.0,0.0
SIA,MG,202502,7242697,0211020036,15.0,77.25
SIA,MG,202502,2100754,0206010079,50.0,4872.0
SIA,MG,202502,2764814,0206030010,62.0,8595.06
SIA,MG,202502,2191164,0206010044,5.0,433.75
SIA,MG,202502,2119420,0206010079,81.0,7892.64
SIA,MG,202502,2124300,0206010044,18.0,1561.5
SIA,MG,202502,6629725,0206010028,5.0,1425.0
SIA,MG,202502,2140217,0211020036,41.0,211.15
SIA,MG,202502,2168553,0211020036,44.0,226.6
SIA,MG,202502,2098938,0206030037,130.0,18021.9
SIA,MG,202502,6340059,0206010079,66.0,6431.04
SIA,MG,202502,2127989,0206010052,65.0,5638.75
SIA,MG,202502,0828114,0206010079,37.0,3605.28
SIA,MG,202502,6631487,0206030037,12.0,2400.0
SIA,MG,202502,3050378,0206020031,10.0,1364.1
SIA,MG,202502,2102765,0206010028,82.0,8290.2
SIA,MG,202502,2100681,0206010079,45.0,4384.8
SIA,MG,202502,2200473,0206010079,352.0,34298.88
SIA,MG,202502,2764784,0211020036,67.0,345.05
SIA,MG,202502,2164299,0206020031,37.0,5047.17
SIA,MG,202502,3498441,0206010028,7.0,707.7
SIA,MG,202502,2206064,0206020031,20.0,2728.2
SIA,MG,202502,2122901,0211020060,10.0,300.0
SIA,MG,202502,7413572,0211020060,81.0,2430.0
SIA,MG,202502,6275621,0211020060,5.0,150.0
SIA,MG,202502,2709848,0206010028,18.0,1819.8
SIA,MG,202502,2168707,0206030010,50.0,6931.5
SIA,MG,202502,6618774,0206020031,60.0,8184.6
SIA,MG,202502,2098407,0206030010,12.0,1663.56
SIA,MG,202502,6629725,0206030010,31.0,8060.0
SIA,MG,202502,0979538,0208010033,22.0,8427.54
SIA,MG,202502,3050378,0206010079,22.0,2143.68
SIA,MG,202502,2200473,0206030029,48.0,4164.0
SIA,MG,202502,2127989,0211020060,9.0,270.0
SIA,MG,202502,0979538,0206010079,62.0,6041.28
SIA,MG,202502,2140217,0206020031,34.0,4637.94
SIA,MG,202502,2168707,0206010044,9.0,780.75
SIA,MG,202502,2173565,0206030010,10.0,1386.3
SIA,MG,202502,2139200,0206010010,5.0,516.1
SIA,MG,202502,2200473,0206020015,22.0,1908.5
SIA,MG,202502,3698548,0206010010,33.0,2863.08
SIA,MG,202502,2205939,0206030029,23.0,1995.25
SIA,MG,202502,6766358,0206030037,5.0,693.15
SIA,MG,202502,7934947,0206030010,7.0,970.41
SIA,MG,202502,2138875,0206030010,19.0,2633.97
SIA,MG,202502,2132877,0206010079,10.0,2500.0
SIA,MG,202502,6766358,0206030010,3.0,415.89
SIA,MG,202502,6085121,0206030010,19.0,5267.94
SIA,MG,202502,2159155,0211020036,278.0,1431.7
SIA,MG,202502,5128218,0211020036,3.0,15.45
SIA,MG,202502,3698548,0206020015,7.0,607.25
SIA,MG,202502,2126346,0206020031,6.0,818.46
SIA,MG,202502,9804145,0211020036,756.0,3893.4
SIA,MG,202502,2126419,0211020036,127.0,654.05
SIA,MG,202502,2761092,0206010052,43.0,3730.25
SIA,MG,202502,9079882,0211020036,6.0,30.9
SIA,MG,202502,9529209,0206030010,12.0,1663.56
SIA,MG,202502,3498441,0208010025,8.0,3268.16
SIA,MG,202502,5338409,0208010025,0.0,0.0
SIA,MG,202502,6766358,0206010028,2.0,202.2
SIA,MG,202502,9419977,0206020031,9.0,1227.69
SIA,MG,202502,2098369,0206010079,54.0,5261.76
SIA,MG,202502,3145425,0206010052,6.0,520.5
SIA,MG,202502,2761203,0206030037,2.0,277.26
SIA,MG,202502,2148293,0206010052,7.0,607.25
SIA,MG,202502,2760681,0206020031,4.0,545.64
SIA,MG,202502,2109034,0206020031,1.0,259.17
SIA,MG,202502,2201879,0206030010,27.0,7020.0
SIA,MG,202502,2171945,0206010036,2.0,173.52
SIA,MG,202502,2760924,0206010044,1.0,86.75
SIA,MG,202502,2760843,0206020015,1.0,86.75
SIA,MG,202502,2206064,0206030029,4.0,347.0
SIA,MG,202502,6959415,0206020031,0.0,0.0
SIA,MG,202502,2126494,0206020023,10.0,867.5
SIA,MG,202502,2098911,0206010010,7.0,607.32
SIA,MG,202502,6920977,0206030029,15.0,1301.25
SIA,MG,202502,2119420,0206020015,42.0,3643.5
SIA,MG,202502,2143674,0211020036,52.0,267.8
SIA,MG,202502,2126346,0206030010,2.0,277.26
SIA,MG,202502,2100681,0206030010,51.0,7070.13
SIA,MG,202502,3376478,0206030029,4.0,347.0
SIA,MG,202502,2796619,0206030010,53.0,7347.39
SIA,MG,202502,7114982,0206030010,0.0,0.0
SIA,MG,202502,2202247,0211020036,88.0,453.2
SIA,MG,202502,6323405,0211020036,229.0,1179.35
SIA,MG,202502,2124300,0206030037,59.0,8179.17
SIA,MG,202502,2135132,0206010079,94.0,9159.36
SIA,MG,202502,6618774,0206030037,103.0,14278.89
SIA,MG,202502,2201542,0206030037,41.0,5683.83
SIA,MG,202502,2170299,0211020036,93.0,478.95
SIA,MG,202502,7951604,0211020036,191.0,983.65
SIA,MG,202502,2206420,0206030037,11.0,1524.93
SIA,MG,202502,2208644,0211020036,71.0,365.65
SIA,MG,202502,2775115,0211020036,123.0,633.45
SIA,MG,202502,6629725,0206010079,24.0,5160.0
SIA,MG,202502,2168553,0206010079,59.0,5748.96
SIA,MG,202502,3698548,0206030037,21.0,2911.23
SIA,MG,202502,3960668,0206030010,81.0,11229.03
SIA,MG,202502,2138875,0206010010,9.0,780.84
SIA,MG,202502,7795203,0208010025,0.0,0.0
SIA,MG,202502,2183455,0206030029,2.0,173.5
SIA,MG,202502,2100754,0206030010,15.0,2079.45
SIA,MG,202502,2132877,0206010028,5.0,505.5
SIA,MG,202502,2101777,0206030010,50.0,6931.5
SIA,MG,202502,2127989,0206010028,90.0,9099.0
SIA,MG,202502,2127989,0211020036,445.0,2291.75
SIA,MG,202502,2201879,0206010079,26.0,5590.0
SIA,MG,202502,2204622,0206010010,13.0,1127.88
SIA,MG,202502,3871797,0206010079,0.0,0.0
SIA,MG,202502,2194937,0206020031,10.0,1364.1
SIA,MG,202502,7595247,0206010010,0.0,0.0
SIA,MG,202502,2098539,0206010010,11.0,954.36
SIA,MG,202502,2168553,0206030037,64.0,8872.32
SIA,MG,202502,6920977,0206010044,27.0,2342.25
SIA,MG,202502,2761203,0206010079,13.0,1266.72
SIA,MG,202502,2200473,0206030010,166.0,23012.58
SIA,MG,202502,2206382,0211020036,317.0,1632.55
SIA,MG,202502,2161354,0206010044,25.0,2168.75
SIA,MG,202502,7114982,0211020060,0.0,0.0
SIA,MG,202502,2140217,0206010079,90.0,8769.6
SIA,MG,202502,2208822,0206030010,14.0,1940.82
SIA,MG,202502,0979538,0211020060,42.0,1260.0
SIA,MG,202502,4085205,0211020036,149.0,767.35
SIA,MG,202502,6631487,0206030010,60.0,12000.0
SIA,MG,202502,6776434,0206020031,0.0,0.0
SIA,MG,202502,2098938,0206010052,18.0,1561.5
SIA,MG,202502,2191164,0206030010,14.0,1940.82
SIA,MG,202502,2098911,0206030037,35.0,4852.05
SIA,MG,202502,2205939,0206010036,10.0,867.6
SIA,MG,202502,9296379,0211020036,11.0,56.65
SIA,MG,202502,2117134,0206010079,22.0,2143.68
SIA,MG,202502,0979538,0206020031,61.0,8321.01
SIA,MG,202502,2172259,0211020036,103.0,530.45
SIA,MG,202502,2172364,0211020036,19.0,97.85
SIA,MG,202502,2118246,0206030010,28.0,3881.64
SIA,MG,202502,2168650,0206030037,62.0,8595.06
SIA,MG,202502,3376478,0206010079,42.0,4092.48
SIA,MG,202502,0828114,0206020031,40.0,5456.4
SIA,MG,202502,2168650,0206020015,6.0,520.5
SIA,MG,202502,2161354,0206010010,50.0,4338.0
SIA,MG,202502,2102765,0206030010,22.0,3049.86
SIA,MG,202502,2161354,0206010028,35.0,3538.5
SIA,MG,202502,9388354,0206030037,35.0,4852.05
SIA,MG,202502,2761106,0206010079,9.0,876.96
SIA,MG,202502,2138875,0206030037,18.0,2495.34
SIA,MG,202502,2099152,0206010028,13.0,2498.34
SIA,MG,202502,2115433,0211020036,11.0,56.65
SIA,MG,202502,6892256,0206020023,8.0,694.0
SIA,MG,202502,3871797,0206030010,0.0,0.0
SIA,MG,202502,2134314,0211020036,147.0,757.05
SIA,MG,202502,9419977,0206010044,25.0,2168.75
SIA,MG,202502,5796601,0211020036,1.0,5.15
SIA,MG,202502,2129566,0206030010,7.0,970.41
SIA,MG,202502,9860673,0211020036,1.0,5.15
SIA,MG,202502,2111640,0211020036,133.0,684.95
SIA,MG,202502,2123061,0211020036,53.0,272.95
SIA,MG,202502,9419977,0206030010,52.0,7208.76
SIA,MG,202502,2127091,0211020036,49.0,252.35
SIA,MG,202502,6776434,0206010036,0.0,0.0
SIA,MG,202502,2204622,0206010079,106.0,10328.64
SIA,MG,202502,2192128,0206020023,4.0,347.0
SIA,MG,202502,2159252,0206010044,26.0,2255.5
SIA,MG,202502,2208857,0206030037,20.0,2772.6
SIA,MG,202502,6790151,0206010010,5.0,433.8
SIA,MG,202502,2183803,0206010079,1.0,97.44
SIA,MG,202502,2098539,0206010044,23.0,1995.25
SIA,MG,202502,2119528,0206030010,33.0,4574.79
SIA,MG,202502,2178559,0206020031,13.0,1773.33
SIA,MG,202502,2205998,0211020036,100.0,515.0
SIA,MG,202502,0828114,0206030037,28.0,3881.64
SIA,MG,202502,2173565,0206010010,10.0,867.6
SIA,MG,202502,2761106,0206030010,4.0,554.52
SIA,MG,202502,2760681,0211020036,41.0,211.15
SIA,MG,202502,2118076,0211020036,115.0,592.25
SIA,MG,202502,0133752,0206030037,1.0,138.63
SIA,MG,202502,2128047,0206030029,2.0,173.5
SIA,MG,202502,6311709,0206010036,0.0,0.0
SIA,MG,202502,2206382,0206010044,31.0,2689.25
SIA,MG,202502,9344330,0206020015,8.0,694.0
SIA,MG,202502,2159252,0206010079,58.0,5651.52
SIA,MG,202502,2167379,0211020036,52.0,267.8
SIA,MG,202502,2172259,0206010044,18.0,1735.74
SIA,MG,202502,2206382,0206010010,25.0,2169.0
SIA,MG,202502,2139200,0206010028,14.0,1677.62
SIA,MG,202502,2760657,0206030037,37.0,5129.31
SIA,MG,202502,2099497,0206010044,0.0,0.0
SIA,MG,202502,6892256,0206030037,28.0,3881.64
SIA,MG,202502,2756749,0206010079,106.0,10328.64
SIA,MG,202502,2099497,0206010010,0.0,0.0
SIA,MG,202502,2764776,0206020015,2.0,173.5
SIA,MG,202502,7795203,0206020031,0.0,0.0
SIA,MG,202502,7595247,0206010044,0.0,0.0
SIA,MG,202502,2204622,0206010044,15.0,1301.25
SIA,MG,202502,6892256,0206010028,18.0,1819.8
SIA,MG,202502,6963188,0211020060,14.0,420.0
SIA,MG,202502,2183455,0211020060,42.0,1260.0
SIA,MG,202502,2111659,0206030037,29.0,4020.27
SIA,MG,202502,7101406,0206010079,12.0,1169.28
SIA,MG,202502,2171988,0206010028,23.0,2325.3
SIA,MG,202502,2114763,0206020031,4.0,545.64
SIA,MG,202502,2098539,0206020015,11.0,954.25
SIA,MG,202502,2148293,0206020031,109.0,14868.69
SIA,MG,202502,3960668,0206010079,77.0,7502.88
SIA,MG,202502,2761203,0206020015,4.0,347.0
SIA,MG,202502,2168650,0206010010,3.0,260.28
SIA,MG,202502,7387377,0206030037,3.0,843.9
SIA,MG,202502,6340059,0206020031,27.0,3683.07
SIA,MG,202502,2205939,0206020031,45.0,6138.45
SIA,MG,202502,2146525,0206030010,49.0,6792.87
SIA,MG,202502,3050378,0206010028,9.0,909.9
SIA,MG,202502,2127989,0208010025,45.0,18383.4
SIA,MG,202502,9529209,0206010044,4.0,347.0
SIA,MG,202502,0846589,0211020036,118.0,607.7
SIA,MG,202502,9319336,0211020060,6.0,180.0
SIA,MG,202502,2140217,0206030010,32.0,4436.16
SIA,MG,202502,7595247,0206010028,0.0,0.0
SIA,MG,202502,7795203,0206020023,0.0,0.0
SIA,MG,202502,2201879,0206010044,6.0,1290.0
SIA,MG,202502,7082886,0206010010,4.0,1125.2
SIA,MG,202502,2105780,0206010010,17.0,1474.92
SIA,MG,202502,7284233,0206010079,9.0,876.96
SIA,MG,202502,7266960,0211020036,15.0,77.25
SIA,MG,202502,9228713,0206010052,3.0,260.25
SIA,MG,202502,9673717,0206020031,0.0,0.0
SIA,MG,202502,2756749,0206010052,2.0,173.5
SIA,MG,202502,2204649,0206030010,27.0,3743.01
SIA,MG,202502,6776434,0206030037,0.0,0.0
SIA,MG,202502,2119528,0206030029,2.0,173.5
SIA,MG,202502,2764776,0206010079,28.0,2728.32
SIA,MG,202502,2204762,0206010028,1.0,101.1
SIA,MG,202502,2756749,0206010010,8.0,694.08
SIA,MG,202502,2098407,0206010044,4.0,347.0
SIA,MG,202502,7609868,0208010033,3.0,1149.21
SIA,MG,202502,2204622,0206030037,52.0,7208.76
SIA,MG,202502,2209195,0206030029,2.0,173.5
SIA,MG,202502,7858094,0206010052,1.0,86.75
SIA,MG,202502,3713369,0211020060,55.0,6242.5
SIA,MG,202502,2105780,0206020015,2.0,173.5
SIA,MG,202502,2098938,0208010033,37.0,14173.59
SIA,MG,202502,7609868,0206010028,13.0,1314.3
SIA,MG,202502,2100681,0206010044,5.0,433.75
SIA,MG,202502,2168707,0206020031,14.0,1909.74
SIA,MG,202502,2171945,0206030029,9.0,780.75
SIA,MG,202502,2125978,0211020036,10.0,51.5
SIA,MG,202502,9681752,0206030037,9.0,1247.67
SIA,MG,202502,6959415,0206030029,0.0,0.0
SIA,MG,202502,2759403,0211020060,9.0,270.0
SIA,MG,202502,2183315,0211020036,5.0,25.75
SIA,MG,202502,7507631,0211020036,15.0,77.25
SIA,MG,202502,2136937,0206030037,14.0,1940.82
SIA,MG,202502,2135132,0206030010,8.0,1109.04
SIA,MG,202502,3960668,0206030037,28.0,3881.64
SIA,MG,202502,9681752,0206020031,4.0,545.64
SIA,MG,202502,9228713,0211020036,13.0,66.95
SIA,MG,202502,3960668,0205010016,3.0,495.0
SIA,MG,202502,2112140,0206010044,6.0,520.5
SIA,MG,202502,2208857,0206020031,27.0,3683.07
SIA,MG,202502,2126982,0211020036,80.0,412.0
SIA,MG,202502,2111640,0206010044,5.0,433.75
SIA,MG,202502,2099454,0206030010,39.0,5406.57
SIA,MG,202502,9344330,0206010036,2.0,173.52
SIA,MG,202502,6920977,0206010036,11.0,954.36
SIA,MG,202502,6776434,0208010033,0.0,0.0
SIA,MG,202502,2159252,0208010033,25.0,9576.75
SIA,MG,202502,2841622,0206010079,8.0,779.52
SIA,MG,202502,2206382,0206010036,10.0,867.6
SIA,MG,202502,2171988,0206010036,15.0,1301.4
SIA,MG,202502,2112140,0206010079,86.0,8379.84
SIA,MG,202502,2173166,0206030010,30.0,8317.8
SIA,MG,202502,9529209,0206010079,18.0,1753.92
SIA,MG,202502,2204762,0206020031,17.0,2318.97
SIA,MG,202502,2761106,0206020015,1.0,86.75
SIA,MG,202502,2168650,0206010044,3.0,260.25
SIA,MG,202502,2796619,0211020060,3.0,90.0
SIA,MG,202502,2139154,0211020036,166.0,854.9
SIA,MG,202502,2173565,0206010044,7.0,607.25
SIA,MG,202502,2144638,0206030037,5.0,693.15
SIA,MG,202502,6085121,0206030037,21.0,5822.46
SIA,MG,202502,2099152,0206020031,11.0,2850.87
SIA,MG,202502,2183455,0206020031,16.0,2182.56
SIA,MG,202502,2148293,0206010036,6.0,520.56
SIA,MG,202502,2117134,0206010036,1.0,86.76
SIA,MG,202502,6631487,0206010052,6.0,1200.0
SIA,MG,202502,2794225,0211020036,62.0,319.3
SIA,MG,202502,7519826,0206010079,1.0,97.44
SIA,MG,202502,6790151,0206030029,28.0,2429.0
SIA,MG,202502,2098539,0206010052,2.0,173.5
SIA,MG,202502,0133752,0206010079,1.0,97.44
SIA,MG,202502,2099152,0206020023,1.0,164.82
SIA,MG,202502,2697548,0211020036,22.0,113.3
SIA,MG,202502,9673717,0206030029,0.0,0.0
SIA,MG,202502,7101406,0206020031,4.0,545.64
SIA,MG,202502,3883582,0205010016,35.0,5775.0
SIA,MG,202502,2128047,0206030010,10.0,1386.3
SIA,MG,202502,2785684,0206030037,10.0,2772.6
SIA,MG,202502,2172259,0206010036,9.0,867.96
SIA,MG,202502,2761106,0206010028,4.0,404.4
SIA,MG,202502,9388354,0208010033,2.0,766.14
SIA,MG,202502,2129469,0211020036,13.0,66.95
SIA,MG,202502,2164299,0211020036,165.0,849.75
SIA,MG,202502,7934947,0206010044,2.0,173.5
SIA,MG,202502,2138875,0206010052,5.0,433.75
SIA,MG,202502,2764776,0206030037,23.0,3188.49
SIA,MG,202502,9319336,0206010079,1.0,97.44
SIA,MG,202502,2117525,0211020036,4.0,20.6
SIA,MG,202502,3498441,0211020060,8.0,240.0
SIA,MG,202502,2756749,0206020023,4.0,347.0
SIA,MG,202502,6959415,0206010079,0.0,0.0
SIA,MG,202502,2195453,0206010010,5.0,433.8
SIA,MG,202502,2161362,0211020036,19.0,97.85
SIA,MG,202502,2119528,0206010010,8.0,694.08
SIA,MG,202502,6892256,0206010010,1.0,86.76
SIA,MG,202502,2841622,0206010044,1.0,86.75
SIA,MG,202502,2205939,0206010044,13.0,1127.75
SIA,MG,202502,2760924,0206020031,8.0,1091.28
SIA,MG,202502,9368221,0206010060,0.0,0.0
SIA,MG,202502,0133752,0206010010,1.0,86.76
SIA,MG,202502,2128047,0206010028,7.0,707.7
SIA,MG,202502,2098938,0206020015,2.0,173.5
SIA,MG,202502,2194937,0206010079,7.0,682.08
SIA,MG,202502,2167727,0211020036,130.0,669.5
SIA,MG,202502,2142376,0206010052,1.0,86.75
SIA,MG,202502,2159368,0208010033,10.0,3830.7
SIA,MG,202502,2120194,0211020060,25.0,750.0
SIA,MG,202502,2160498,0211020036,148.0,762.2
SIA,MG,202502,2149214,0211020036,126.0,648.9
SIA,MG,202502,2117177,0211020036,82.0,422.3
SIA,MG,202502,2105780,0206020023,2.0,173.5
SIA,MG,202502,7934947,0206010036,3.0,260.28
SIA,MG,202502,2140217,0206010010,6.0,520.56
SIA,MG,202502,2169878,0211020036,70.0,360.5
SIA,MG,202502,2761203,0206030010,2.0,277.26
SIA,MG,202502,2194937,0211020036,49.0,252.35
SIA,MG,202502,0979538,0206020023,5.0,433.75
SIA,MG,202502,2143992,0206030029,18.0,1561.5
SIA,MG,202502,2164299,0206010044,5.0,433.75
SIA,MG,202502,2191164,0206010079,57.0,5554.08
SIA,MG,202502,2111640,0206010036,4.0,347.04
SIA,MG,202502,2129566,0211020036,15.0,77.25
SIA,MG,202502,7082886,0206030029,6.0,1687.8
SIA,MG,202502,2212536,0211020036,40.0,206.0
SIA,MG,202502,2171945,0206010028,9.0,909.9
SIA,MG,202502,2204622,0206010036,7.0,607.32
SIA,MG,202502,2142376,0206030037,1.0,138.63
SIA,MG,202502,3048675,0211020036,190.0,978.5
SIA,MG,202502,6311709,0206030029,0.0,0.0
SIA,MG,202502,2100754,0206010010,8.0,694.08
SIA,MG,202502,9673717,0206020015,0.0,0.0
SIA,MG,202502,7284233,0206020031,14.0,1909.74
SIA,MG,202502,9228713,0206010079,2.0,194.88
SIA,MG,202502,7082886,0206010044,4.0,1125.2
SIA,MG,202502,6959415,0211020060,0.0,0.0
SIA,MG,202502,2206447,0206020031,5.0,682.05
SIA,MG,202502,9419977,0206010079,56.0,5456.64
SIA,MG,202502,2761254,0211020036,112.0,576.8
SIA,MG,202502,2841622,0206020031,7.0,954.87
SIA,MG,202502,7114982,0206010036,0.0,0.0
SIA,MG,202502,7795203,0208010033,0.0,0.0
SIA,MG,202502,2144530,0206030029,5.0,433.75
SIA,MG,202502,9228713,0206020023,5.0,433.75
SIA,MG,202502,6629725,0206010044,8.0,1720.0
SIA,MG,202502,2204762,0206010036,1.0,86.76
SIA,MG,202502,2140217,0206010028,9.0,909.9
SIA,MG,202502,2785684,0206010052,1.0,173.5
SIA,MG,202502,2178656,0211020036,88.0,453.2
SIA,MG,202502,2136937,0206020031,4.0,545.64
SIA,MG,202502,0828114,0206010036,3.0,260.28
SIA,MG,202502,2185520,0211020036,76.0,391.4
SIA,MG,202502,7795203,0206030037,0.0,0.0
SIA,MG,202502,5338409,0206010052,0.0,0.0
SIA,MG,202502,5796601,0206030010,13.0,1802.19
SIA,MG,202502,6060862,0206020031,18.0,2455.38
SIA,MG,202502,2172259,0206010010,19.0,1648.44
SIA,MG,202502,2128047,0206010052,1.0,86.75
SIA,MG,202502,6629725,0206010010,4.0,960.0
SIA,MG,202502,2164299,0206010052,1.0,86.75
SIA,MG,202502,2208857,0208010033,5.0,1915.35
SIA,MG,202502,2173565,0206030037,13.0,1802.19
SIA,MG,202502,6471226,0206020031,1.0,136.41
SIA,MG,202502,2120410,0211020036,1.0,5.15
SIA,MG,202502,2173166,0206030037,16.0,4436.16
SIA,MG,202502,6487556,0206010010,0.0,0.0
SIA,MG,202502,2123673,0211020036,39.0,200.85
SIA,MG,202502,2184281,0211020036,18.0,92.7
SIA,MG,202502,0863254,0211020036,132.0,679.8
SIA,MG,202502,2144530,0206010028,3.0,303.3
SIA,MG,202502,2159252,0206030010,108.0,14972.04
SIA,MG,202502,6060862,0206020023,1.0,86.75
SIA,MG,202502,9344330,0206010052,2.0,173.5
SIA,MG,202502,9344330,0206030029,8.0,694.0
SIA,MG,202502,2100681,0206030029,3.0,260.25
SIA,MG,202502,2099454,0206010028,9.0,909.9
SIA,MG,202502,2117479,0211020036,128.0,659.2
SIA,MG,202502,6629725,0206010036,3.0,945.0
SIA,MG,202502,9228713,0206030037,3.0,415.89
SIA,MG,202502,2796449,0206010044,1.0,184.26
SIA,MG,202502,2146525,0211020036,21.0,108.15
SIA,MG,202502,2206447,0206020023,1.0,86.75
SIA,MG,202502,2195453,0206030029,4.0,347.0
SIA,MG,202502,7519826,0211020036,4.0,20.6
SIA,MG,202502,2156113,0211020036,17.0,87.55
SIA,MG,202502,2191164,0206020031,4.0,545.64
SIA,MG,202502,2121530,0211020036,34.0,175.1
SIA,MG,202502,2134276,0211020036,96.0,494.4
SIA,MG,202502,3145425,0206010028,2.0,202.2
SIA,MG,202502,2764830,0211020036,105.0,540.75
SIA,MG,202502,3498441,0206010010,7.0,607.32
SIA,MG,202502,2172836,0211020036,12.0,61.8
SIA,MG,202502,2099454,0206010052,2.0,173.5
SIA,MG,202502,6631487,0206020015,2.0,400.0
SIA,MG,202502,7082886,0206010079,84.0,23629.2
SIA,MG,202502,2098911,0206010036,3.0,260.28
SIA,MG,202502,2098911,0206010044,5.0,433.75
SIA,MG,202502,2841622,0206030010,6.0,831.78
SIA,MG,202502,2148293,0206010010,17.0,1474.92
SIA,MG,202502,2173565,0206010028,16.0,1617.6
SIA,MG,202502,2785684,0206020031,7.0,1925.28
SIA,MG,202502,2204622,0206020023,4.0,347.0
SIA,MG,202502,2796619,0206010010,2.0,173.52
SIA,MG,202502,2760681,0206010052,1.0,86.75
SIA,MG,202502,2117568,0206030037,1.0,138.63
SIA,MG,202502,2122650,0206010044,2.0,173.5
SIA,MG,202502,2168707,0206010010,4.0,347.04
SIA,MG,202502,2119420,0206010010,4.0,347.04
SIA,MG,202502,9228713,0206010044,2.0,173.5
SIA,MG,202502,0979538,0206030037,18.0,2495.34
SIA,MG,202502,3960668,0206010044,4.0,347.0
SIA,MG,202502,7114982,0206010010,0.0,0.0
SIA,MG,202502,6340059,0206010036,6.0,520.56
SIA,MG,202502,2142937,0211020036,43.0,221.45
SIA,MG,202502,2118246,0206010052,1.0,86.75
SIA,MG,202502,6790151,0208010033,1.0,383.07
SIA,MG,202502,2206447,0206010044,5.0,433.75
SIA,MG,202502,2110075,0208010025,15.0,6127.8
SIA,MG,202502,2098369,0206020031,14.0,1909.74
SIA,MG,202502,6340059,0206010052,3.0,260.25
SIA,MG,202502,0828114,0206010052,3.0,260.25
SIA,MG,202502,2127989,0206020023,5.0,433.75
SIA,MG,202502,7609868,0206030029,1.0,86.75
SIA,MG,202502,6471226,0206010079,6.0,584.64
SIA,MG,202502,5072913,0211020036,2004.0,10320.6
SIA,MG,202502,2114763,0206010044,2.0,173.5
SIA,MG,202502,2098539,0211020036,417.0,2147.55
SIA,MG,202502,6487556,0206010044,0.0,0.0
SIA,MG,202502,6959415,0206010044,0.0,0.0
SIA,MG,202502,6006361,0206030037,0.0,0.0
SIA,MG,202502,6790151,0206010028,6.0,606.6
SIA,MG,202502,2171945,0208010033,1.0,383.07
SIA,MG,202502,2206064,0206010036,2.0,173.52
SIA,MG,202502,3050378,0206010052,3.0,260.25
SIA,MG,202502,2144522,0211020036,24.0,123.6
SIA,MG,202502,2099497,0206010079,0.0,0.0
SIA,MG,202502,2760436,0206010028,1.0,101.1
SIA,MG,202502,2776855,0211020036,50.0,257.5
SIA,MG,202502,2102560,0211020036,4.0,20.6
SIA,MG,202502,2122650,0206010028,3.0,303.3
SIA,MG,202502,2146525,0206010010,3.0,260.28
SIA,MG,202502,2776286,0206010079,3.0,292.32
SIA,MG,202502,6340059,0206030037,3.0,415.89
SIA,MG,202502,2776286,0206030037,1.0,138.63
SIA,MG,202502,2201879,0206020015,2.0,460.0
SIA,MG,202502,2146525,0211020060,7.0,210.0
SIA,MG,202502,2160528,0211020036,45.0,231.75
SIA,MG,202502,2163829,0206030029,1.0,86.75
SIA,MG,202502,2098407,0206010028,1.0,101.1
SIA,MG,202502,2126117,0211020036,12.0,61.8
SIA,MG,202502,2192128,0206010044,5.0,433.75
SIA,MG,202502,9993908,0211020036,236.0,1215.4
SIA,MG,202502,2173166,0206020031,4.0,1100.16
SIA,MG,202502,0979538,0206010010,2.0,173.52
SIA,MG,202502,2140217,0206030029,7.0,607.25
SIA,MG,202502,3960668,0206020015,2.0,173.5
SIA,MG,202502,2179628,0211020036,134.0,690.1
SIA,MG,202502,2760843,0206010044,2.0,173.5
SIA,MG,202502,7795203,0206010044,0.0,0.0
SIA,MG,202502,3960668,0211020036,1.0,5.15
SIA,MG,202502,2117134,0206030037,1.0,138.63
SIA,MG,202502,2760436,0206010044,1.0,86.75
SIA,MG,202502,6776434,0206020023,0.0,0.0
SIA,MG,202502,2169355,0211020036,625.0,3218.75
SIA,MG,202502,2135108,0211020036,24.0,123.6
SIA,MG,202502,2761203,0206030029,5.0,433.75
SIA,MG,202502,3873781,0211020036,168.0,865.2
SIA,MG,202502,2114275,0211020036,126.0,648.9
SIA,MG,202502,7101406,0206010044,2.0,173.5
SIA,MG,202502,7609868,0206010036,5.0,433.8
SIA,MG,202502,2100754,0206030029,1.0,86.75
SIA,MG,202502,7284233,0206030010,5.0,693.15
SIA,MG,202502,2098938,0206010060,1.0,97.44
SIA,MG,202502,2168707,0206010036,3.0,260.28
SIA,MG,202502,2100754,0211020036,94.0,484.1
SIA,MG,202502,2098911,0206030029,12.0,1041.0
SIA,MG,202502,2098369,0206020023,2.0,173.5
SIA,MG,202502,2168707,0206030029,3.0,260.25
SIA,MG,202502,2128047,0206020023,1.0,86.75
SIA,MG,202502,2796562,0206020015,1.0,86.75
SIA,MG,202502,2172887,0206010028,2.0,202.2
SIA,MG,202502,2785684,0206030029,1.0,173.5
SIA,MG,202502,2796619,0206010044,6.0,520.5
SIA,MG,202502,2098938,0206010010,5.0,433.8
SIA,MG,202502,7934947,0206020031,5.0,682.05
SIA,MG,202502,2102765,0206010052,1.0,86.75
SIA,MG,202502,2208822,0206030037,1.0,138.63
SIA,MG,202502,2183455,0206020023,1.0,86.75
SIA,MG,202502,9319336,0206030029,1.0,86.75
SIA,MG,202502,3938654,0206010044,1.0,131.0
SIA,MG,202502,2171988,0206030029,3.0,260.25
SIA,MG,202502,2144255,0211020036,118.0,607.7
SIA,MG,202502,2168553,0206030010,65.0,9010.95
SIA,MG,202502,2763559,0211020036,48.0,247.2
SIA,MG,202502,2201879,0206010010,3.0,720.0
SIA,MG,202502,2099438,0206010052,1.0,86.75
SIA,MG,202502,2185563,0211020036,23.0,118.45
SIA,MG,202502,9013245,0211020036,178.0,916.7
SIA,MG,202502,9319336,0206020023,1.0,86.75
SIA,MG,202502,3938654,0206010052,1.0,131.0
SIA,MG,202502,6085121,0206020031,6.0,1650.24
SIA,MG,202502,2193000,0211020036,42.0,216.3
SIA,MG,202502,2142376,0211020036,2.0,10.3
SIA,MG,202502,6311709,0206010052,0.0,0.0
SIA,MG,202502,3050378,0206010036,1.0,86.76
SIA,MG,202502,2168650,0211020036,322.0,1658.3
SIA,MG,202502,9333754,0211020036,1.0,5.15
SIA,MG,202502,2192632,0211020036,149.0,767.35
SIA,MG,202502,2201542,0211020036,211.0,1086.65
SIA,MG,202502,2167522,0211020036,13.0,66.95
SIA,MG,202502,2209691,0211020036,183.0,942.45
SIA,MG,202502,2194937,0206010010,1.0,86.76
SIA,MG,202502,2202883,0211020036,5.0,25.75
SIA,MG,202502,7284233,0206010044,4.0,347.0
SIA,MG,202502,7101406,0206010028,3.0,303.3
SIA,MG,202502,2160315,0211020036,112.0,576.8
SIA,MG,202502,2191164,0211020036,73.0,375.95
SIA,MG,202502,2144557,0211020036,7.0,36.05
SIA,MG,202502,4040910,0211020036,67.0,345.05
SIA,MG,202502,2206064,0211020036,26.0,133.9
SIA,MG,202502,7934947,0206030029,2.0,173.5
SIA,MG,202502,6776434,0206030029,0.0,0.0
SIA,MG,202502,3145425,0206010079,3.0,292.32
SIA,MG,202502,7795203,0206020015,0.0,0.0
SIA,MG,202502,2205734,0206010044,2.0,173.5
SIA,MG,202502,2132877,0206030010,5.0,1850.0
SIA,MG,202502,2139944,0211020036,81.0,417.15
SIA,MG,202502,7934947,0206010028,6.0,606.6
SIA,MG,202502,2200473,0211020036,46.0,236.9
SIA,MG,202502,6920977,0211020036,249.0,1282.35
SIA,MG,202502,5516641,0211020036,1.0,5.15
SIA,MG,202502,2761106,0206030029,2.0,173.5
SIA,MG,202502,2148293,0206020023,1.0,86.75
SIA,MG,202502,2168553,0206010044,5.0,433.75
SIA,MG,202502,2110075,0206030010,1.0,138.63
SIA,MG,202502,2183455,0206010044,1.0,86.75
SIA,MG,202502,4041283,0211020036,104.0,535.6
SIA,MG,202502,2148293,0206020015,5.0,433.75
SIA,MG,202502,3498441,0206010060,1.0,97.44
SIA,MG,202502,2208822,0206010044,7.0,607.25
SIA,MG,202502,2201879,0206010028,4.0,1140.0
SIA,MG,202502,2759381,0211020036,194.0,999.1
SIA,MG,202502,7795203,0206030029,0.0,0.0
SIA,MG,202502,2760908,0211020036,9.0,46.35
SIA,MG,202502,2201542,0206010044,6.0,520.5
SIA,MG,202502,2760916,0211020036,187.0,963.05
SIA,MG,202502,2761106,0206010010,1.0,86.76
SIA,MG,202502,2146525,0206020031,21.0,2864.61
SIA,MG,202502,2194937,0206030010,15.0,2079.45
SIA,MG,202502,2105780,0206010044,17.0,1474.75
SIA,MG,202502,2709848,0211020036,282.0,1452.3
SIA,MG,202502,2126494,0206010079,353.0,34396.32
SIA,MG,202502,6272150,0211020036,240.0,1236.0
SIA,MG,202502,2126974,0211020060,13.0,390.0
SIA,MG,202502,2189860,0211020036,235.0,1210.25
SIA,MG,202502,2179237,0211020036,10.0,51.5
SIA,MG,202502,2098539,0206010079,137.0,13349.28
SIA,MG,202502,7082886,0206030010,108.0,30380.4
SIA,MG,202502,2098539,0206010028,19.0,1920.9
SIA,MG,202502,2204649,0206010010,4.0,347.04
SIA,MG,202502,2098938,0206020031,142.0,19370.22
SIA,MG,202502,7818858,0211020036,530.0,2729.5
SIA,MG,202502,2119323,0211020036,88.0,453.2
SIA,MG,202502,7609868,0206020031,12.0,1636.92
SIA,MG,202502,2200473,0206030037,108.0,14972.04
SIA,MG,202502,2111640,0206030037,208.0,28835.04
SIA,MG,202502,2206382,0206020015,4.0,347.0
SIA,MG,202502,2144174,0211020036,93.0,478.95
SIA,MG,202502,2200473,0206010036,21.0,1821.96
SIA,MG,202502,2204622,0206010028,55.0,5560.5
SIA,MG,202502,2189879,0211020036,475.0,2446.25
SIA,MG,202502,2129566,0211020060,6.0,180.0
SIA,MG,202502,2129469,0206010052,23.0,1995.25
SIA,MG,202502,2129566,0206010044,7.0,607.25
SIA,MG,202502,7802951,0211020036,31.0,159.65
SIA,MG,202502,3698548,0206020031,48.0,6547.68
SIA,MG,202502,2201542,0206030010,37.0,5129.31
SIA,MG,202502,2110075,0206010052,4.0,347.0
SIA,MG,202502,2204622,0206020031,22.0,3001.02
SIA,MG,202502,9046658,0211020036,459.0,2363.85
SIA,MG,202502,2118246,0206010028,2.0,202.2
SIA,MG,202502,2102765,0206020031,22.0,3001.02
SIA,MG,202502,2161354,0206020031,79.0,10776.39
SIA,MG,202502,2101777,0206030037,50.0,6931.5
SIA,MG,202502,9344330,0206030037,140.0,19408.2
SIA,MG,202502,2124300,0206020031,49.0,6684.09
SIA,MG,202502,2759403,0211020036,574.0,2956.1
SIA,MG,202502,9325107,0211020036,263.0,1354.45
SIA,MG,202502,6340059,0206010010,8.0,694.08
SIA,MG,202502,2171945,0206030010,293.0,40618.59
SIA,MG,202502,2144026,0206030037,35.0,4852.05
SIA,MG,202502,2114763,0206010079,55.0,5359.2
SIA,MG,202502,7624123,0211020060,29.0,870.0
SIA,MG,202502,2776286,0206030010,1.0,138.63
SIA,MG,202502,2776286,0206010028,2.0,202.2
SIA,MG,202502,6776434,0206010028,0.0,0.0
SIA,MG,202502,2155583,0211020036,30.0,154.5
SIA,MG,202502,6085121,0206020023,5.0,867.5
SIA,MG,202502,2760436,0206020015,3.0,260.25
SIA,MG,202502,2112140,0211020036,690.0,3553.5
SIA,MG,202502,9419977,0206030037,50.0,6931.5
SIA,MG,202502,5338409,0206030010,0.0,0.0
SIA,MG,202502,2099438,0206010079,29.0,2825.76
SIA,MG,202502,2140098,0206020031,5.0,682.05
SIA,MG,202502,2171988,0206030010,157.0,21764.91
SIA,MG,202502,2102765,0206010079,65.0,6333.6
SIA,MG,202502,2127989,0206030010,458.0,63492.54
SIA,MG,202502,2098938,0206010028,5.0,505.5
SIA,MG,202502,2796341,0211020036,98.0,504.7
SIA,MG,202502,2171627,0211020036,316.0,1627.4
SIA,MG,202502,2127989,0208010033,45.0,17238.15
SIA,MG,202502,2098911,0206010079,83.0,8087.52
SIA,MG,202502,2127989,0206030037,485.0,67235.55
SIA,MG,202502,2101289,0211020036,87.0,448.05
SIA,MG,202502,9383921,0211020036,20.0,103.0
SIA,MG,202502,3754731,0211020036,241.0,1241.15
SIA,MG,202502,2167360,0211020036,70.0,360.5
SIA,MG,202502,3376478,0206010028,15.0,1516.5
SIA,MG,202502,2127725,0211020036,327.0,1684.05
SIA,MG,202502,2129469,0206010044,13.0,1127.75
SIA,MG,202502,2208857,0206030010,23.0,3188.49
SIA,MG,202502,2129566,0206010079,38.0,3702.72
SIA,MG,202502,6920977,0206030010,295.0,40895.85
SIA,MG,202502,2205939,0206030010,51.0,7070.13
SIA,MG,202502,7933401,0211020036,120.0,618.0
SIA,MG,202502,6006361,0206020023,0.0,0.0
SIA,MG,202502,6085121,0206010010,3.0,520.56
SIA,MG,202502,6640486,0211020036,24.0,123.6
SIA,MG,202502,2171945,0206010052,58.0,5031.5
SIA,MG,202502,7858094,0206030037,16.0,2218.08
SIA,MG,202502,2191164,0206030037,6.0,831.78
SIA,MG,202502,6959415,0206010028,0.0,0.0
SIA,MG,202502,2138875,0206020031,8.0,1091.28
SIA,MG,202502,3698548,0206010036,5.0,433.8
SIA,MG,202502,2209195,0206030037,58.0,8040.54
SIA,MG,202502,2172259,0206010052,1.0,96.43
SIA,MG,202502,3960668,0206020031,52.0,7093.32
SIA,MG,202502,2204762,0206030037,77.0,10674.51
SIA,MG,202502,2168707,0206030037,56.0,7763.28
SIA,MG,202502,5338409,0208010033,0.0,0.0
SIA,MG,202502,2796562,0206030010,1.0,138.63
SIA,MG,202502,2208822,0211020036,131.0,674.65
SIA,MG,202502,6776434,0206030010,0.0,0.0
SIA,MG,202502,2119528,0206010079,74.0,7210.56
SIA,MG,202502,9673717,0206030010,0.0,0.0
SIA,MG,202502,2209195,0206020031,59.0,8048.19
SIA,MG,202502,2173166,0206010010,10.0,1735.2
SIA,MG,202502,2208067,0211020036,9.0,46.35
SIA,MG,202502,2205939,0206020023,7.0,607.25
SIA,MG,202502,3698548,0206010079,208.0,20267.52
SIA,MG,202502,2129469,0206030037,194.0,26894.22
SIA,MG,202502,9673717,0206010079,0.0,0.0
SIA,MG,202502,2142171,0211020036,43.0,221.45
SIA,MG,202502,6959415,0208010025,0.0,0.0
SIA,MG,202502,2796449,0206030010,4.0,740.88
SIA,MG,202502,2206064,0206030037,61.0,8456.43
SIA,MG,202502,2163829,0206020031,12.0,1636.92
SIA,MG,202502,3698548,0206010028,14.0,1415.4
SIA,MG,202502,2126346,0206010079,3.0,292.32
SIA,MG,202502,6631487,0206010079,31.0,6200.0
SIA,MG,202502,2156830,0211020036,214.0,1102.1
SIA,MG,202502,7114982,0206010079,0.0,0.0
SIA,MG,202502,7391242,0211020036,223.0,1148.45
SIA,MG,202502,2126494,0206010028,42.0,4246.2
SIA,MG,202502,2126494,0206020015,37.0,3209.75
SIA,MG,202502,7114982,0206030037,0.0,0.0
SIA,MG,202502,2119528,0206030037,36.0,4990.68
SIA,MG,202502,6618774,0206010010,25.0,2169.0
SIA,MG,202502,2168650,0206020023,3.0,260.25
SIA,MG,202502,0979538,0206010036,5.0,433.8
SIA,MG,202502,5796601,0206010044,1.0,86.75
SIA,MG,202502,2210398,0211020036,105.0,540.75
SIA,MG,202502,2139200,0206020031,30.0,4826.4
SIA,MG,202502,3498441,0206030010,58.0,8040.54
SIA,MG,202502,2171945,0211020036,185.0,952.75
SIA,MG,202502,2098911,0206020015,7.0,607.25
SIA,MG,202502,2135132,0206020015,1.0,86.75
SIA,MG,202502,2109034,0206010079,6.0,1084.86
SIA,MG,202502,2760436,0206030037,1.0,138.63
SIA,MG,202502,2111640,0206010052,15.0,1301.25
SIA,MG,202502,2761092,0206030037,343.0,47550.09
SIA,MG,202502,6892256,0206020031,42.0,5729.22
SIA,MG,202502,2190125,0211020036,353.0,1817.95
SIA,MG,202502,2763524,0211020036,32.0,164.8
SIA,MG,202502,2117134,0206030029,2.0,173.5
SIA,MG,202502,2099454,0206010079,94.0,9159.36
SIA,MG,202502,2124300,0206010079,97.0,9451.68
SIA,MG,202502,2128020,0211020036,72.0,370.8
SIA,MG,202502,3883582,0206010010,7.0,607.32
SIA,MG,202502,2209195,0206010079,106.0,10328.64
SIA,MG,202502,3960668,0206010036,14.0,1214.64
SIA,MG,202502,2122189,0211020036,29.0,149.35
SIA,MG,202502,2143992,0206030037,26.0,3604.38
SIA,MG,202502,2099438,0206030037,31.0,4297.53
SIA,MG,202502,2162776,0211020036,125.0,643.75
SIA,MG,202502,2785684,0206010044,5.0,867.5
SIA,MG,202502,2111640,0206010010,1.0,86.76
SIA,MG,202502,2126494,0206010044,43.0,3730.25
SIA,MG,202502,2119420,0206010044,3.0,260.25
SIA,MG,202502,2206382,0206010052,3.0,260.25
SIA,MG,202502,2099152,0206010079,12.0,2169.72
SIA,MG,202502,2709848,0206030010,171.0,23705.73
SIA,MG,202502,2144530,0206020031,5.0,682.05
SIA,MG,202502,2759306,0211020036,9.0,46.35
SIA,MG,202502,2206064,0206020023,2.0,173.5
SIA,MG,202502,6272150,0211020060,10.0,300.0
SIA,MG,202502,2797364,0211020036,113.0,581.95
SIA,MG,202502,2117843,0211020036,182.0,937.3
SIA,MG,202502,6006361,0211020036,0.0,0.0
SIA,MG,202502,6959415,0206030037,0.0,0.0
SIA,MG,202502,2776022,0211020036,2.0,10.3
SIA,MG,202502,2168553,0206020031,5.0,682.05
SIA,MG,202502,2102765,0206010010,22.0,1908.72
SIA,MG,202502,0979538,0206030010,17.0,2356.71
SIA,MG,202502,2796619,0206020023,1.0,86.75
SIA,MG,202502,0828114,0206010010,3.0,260.28
SIA,MG,202502,2761041,0206030037,2.0,277.26
SIA,MG,202502,2102765,0211020036,55.0,283.25
SIA,MG,202502,2183803,0211020036,2.0,10.3
SIA,MG,202502,6959415,0208010033,0.0,0.0
SIA,MG,202502,2181797,0211020036,85.0,437.75
SIA,MG,202502,2760924,0206010028,2.0,202.2
SIA,MG,202502,2160226,0211020036,33.0,169.95
SIA,MG,202502,2183439,0211020036,37.0,190.55
SIA,MG,202502,2144042,0211020036,44.0,226.6
SIA,MG,202502,2173565,0211020036,10.0,51.5
SIA,MG,202502,2764814,0206020031,23.0,3137.43
SIA,MG,202502,2144638,0206010079,16.0,1559.04
SIA,MG,202502,2148293,0206010044,17.0,1474.75
SIA,MG,202502,2132877,0206030037,8.0,2464.0
SIA,MG,202502,2761106,0206020031,7.0,954.87
SIA,MG,202502,6892256,0206010036,2.0,173.52
SIA,MG,202502,4317041,0211020036,40.0,206.0
SIA,MG,202502,5147166,0211020036,243.0,1251.45
SIA,MG,202502,2123541,0211020036,92.0,473.8
SIA,MG,202502,2101777,0206030029,1.0,86.75
SIA,MG,202502,2163829,0206010028,3.0,303.3
SIA,MG,202502,2119420,0206010028,17.0,1718.7
SIA,MG,202502,2796112,0211020036,140.0,721.0
SIA,MG,202502,2161354,0211020036,46.0,236.9
SIA,MG,202502,0922366,0211020036,54.0,278.1
SIA,MG,202502,2204762,0206010044,4.0,347.0
SIA,MG,202502,0491632,0211020036,103.0,530.45
SIA,MG,202502,2098407,0206010079,28.0,2728.32
SIA,MG,202502,2212110,0211020036,50.0,257.5
SIA,MG,202502,2143895,0211020036,102.0,525.3
SIA,MG,202502,3299074,0211020036,188.0,968.2
SIA,MG,202502,2760991,0211020036,79.0,406.85
SIA,MG,202502,2105330,0211020036,10.0,51.5
SIA,MG,202502,2098539,0206030029,8.0,694.0
SIA,MG,202502,2796619,0206010052,2.0,173.5
SIA,MG,202502,2208822,0206020031,5.0,682.05
SIA,MG,202502,2142627,0211020036,75.0,386.25
SIA,MG,202502,2201542,0206010079,30.0,2923.2
SIA,MG,202502,2144204,0211020036,126.0,648.9
SIA,MG,202502,2760436,0206020031,3.0,409.23
SIA,MG,202502,2140330,0211020036,1.0,5.15
SIA,MG,202502,2191164,0206010036,1.0,86.76
SIA,MG,202502,2160560,0211020036,42.0,216.3
SIA,MG,202502,6892256,0206010052,2.0,173.5
SIA,MG,202502,2756749,0211020036,112.0,576.8
SIA,MG,202502,2115077,0211020036,29.0,149.35
SIA,MG,202502,2105780,0206010079,170.0,16564.8
SIA,MG,202502,2758520,0211020036,31.0,159.65
SIA,MG,202502,2761114,0211020036,87.0,448.05
SIA,MG,202502,2142406,0211020036,95.0,489.25
SIA,MG,202502,2173166,0206020023,1.0,173.5
SIA,MG,202502,2172887,0206020031,5.0,682.05
SIA,MG,202502,2206420,0206010028,1.0,101.1
SIA,MG,202502,2213168,0211020036,15.0,77.25
SIA,MG,202502,2206064,0206010010,14.0,1214.64
SIA,MG,202502,2099721,0211020036,48.0,247.2
SIA,MG,202502,3871797,0206030029,0.0,0.0
SIA,MG,202502,2114135,0211020036,180.0,927.0
SIA,MG,202502,2120623,0211020036,17.0,87.55
SIA,MG,202502,2760843,0206020031,16.0,2182.56
SIA,MG,202502,9155112,0211020036,46.0,236.9
SIA,MG,202502,2206382,0208010025,18.0,7353.36
SIA,MG,202502,7101406,0206020015,3.0,260.25
SIA,MG,202502,2761106,0206010060,1.0,97.44
SIA,MG,202502,2111640,0206020023,1.0,86.75
SIA,MG,202502,2117134,0206030010,12.0,1663.56
SIA,MG,202502,2142511,0211020036,8.0,41.2
SIA,MG,202502,2128047,0206030037,7.0,970.41
SIA,MG,202502,2184311,0211020036,81.0,417.15
SIA,MG,202502,2117134,0206010044,2.0,173.5
SIA,MG,202502,2709848,0206020023,4.0,347.0
SIA,MG,202502,0133752,0206030010,1.0,138.63
SIA,MG,202502,2124300,0206010010,5.0,433.8
SIA,MG,202502,2100681,0206020023,4.0,347.0
SIA,MG,202502,2206269,0211020036,6.0,30.9
SIA,MG,202502,2206420,0211020036,225.0,1158.75
SIA,MG,202502,2206447,0206010028,3.0,303.3
SIA,MG,202502,2202352,0211020036,60.0,309.0
SIA,MG,202502,2140217,0206010060,1.0,97.44
SIA,MG,202502,6214371,0206020031,0.0,0.0
SIA,MG,202502,2114763,0206030010,20.0,2772.6
SIA,MG,202502,2171945,0206020015,4.0,347.0
SIA,MG,202502,2206420,0206020031,1.0,136.41
SIA,MG,202502,9319336,0206030010,1.0,138.63
SIA,MG,202502,2100681,0206010010,4.0,347.04
SIA,MG,202502,6323405,0211020060,9.0,270.0
SIA,MG,202502,2205734,0206010079,5.0,487.2
SIA,MG,202502,2099454,0206030037,42.0,5822.46
SIA,MG,202502,2098369,0206010052,1.0,86.75
SIA,MG,202502,9529209,0211020036,187.0,963.05
SIA,MG,202502,2209195,0211020036,84.0,432.6
SIA,MG,202502,2795299,0211020036,30.0,154.5
SIA,MG,202502,9344330,0206020023,1.0,86.75
SIA,MG,202502,3050378,0206030037,1.0,138.63
SIA,MG,202502,3050378,0206010010,1.0,86.76
SIA,MG,202502,3050378,0206020015,1.0,86.75
SIA,MG,202502,2212269,0211020036,210.0,1081.5
SIA,MG,202502,2159252,0206030029,2.0,173.5
SIA,MG,202502,2143992,0206010044,7.0,607.25
SIA,MG,202502,2160080,0211020036,35.0,180.25
SIA,MG,202502,7284233,0206010036,2.0,173.52
SIA,MG,202502,2102765,0206010036,6.0,520.56
SIA,MG,202502,2105780,0206010052,4.0,347.0
SIA,MG,202502,2103311,0211020036,25.0,128.75
SIA,MG,202502,2205904,0211020036,60.0,309.0
SIA,MG,202502,7114982,0206020015,0.0,0.0
SIA,MG,202502,2796449,0206010028,2.0,368.54
SIA,MG,202502,2100754,0206010044,4.0,347.0
SIA,MG,202502,2140136,0211020036,50.0,257.5
SIA,MG,202502,2204606,0211020036,110.0,566.5
SIA,MG,202502,7609868,0208010025,3.0,1225.56
SIA,MG,202502,2109700,0211020036,50.0,257.5
SIA,MG,202502,2099152,0206010010,7.0,1158.57
SIA,MG,202502,2171988,0211020036,489.0,2518.35
SIA,MG,202502,2119528,0206010036,3.0,260.28
SIA,MG,202502,2760843,0211020036,41.0,211.15
SIA,MG,202502,5815991,0211020036,14.0,72.1
SIA,MG,202502,2117096,0211020036,2.0,10.3
SIA,MG,202502,2172712,0211020036,72.0,370.8
SIA,MG,202502,2163934,0211020036,114.0,587.1
SIA,MG,202502,2120577,0211020036,45.0,231.75
SIA,MG,202502,2100304,0211020036,200.0,1030.0
SIA,MG,202502,3238342,0211020036,3.0,15.45
SIA,MG,202502,2101262,0211020036,349.0,1797.35
SIA,MG,202502,2179016,0211020036,95.0,489.25
SIA,MG,202502,2140411,0211020036,181.0,932.15
SIA,MG,202502,9529209,0206020031,3.0,409.23
SIA,MG,202502,5350697,0211020036,128.0,3584.0
SIA,MG,202502,2098938,0206010036,2.0,173.52
SIA,MG,202502,2841622,0206030029,1.0,86.75
SIA,MG,202502,7061838,0211020036,208.0,1071.2
SIA,MG,202502,2160137,0211020036,381.0,1962.15
SIA,MG,202502,7387377,0206030010,3.0,843.9
SIA,MG,202502,2159147,0211020036,80.0,412.0
SIA,MG,202502,9344330,0206010079,115.0,11205.6
SIA,MG,202502,2143992,0206010010,4.0,347.04
SIA,MG,202502,2100347,0211020036,17.0,87.55
SIA,MG,202502,6060862,0206010052,2.0,173.5
SIA,MG,202502,7934947,0211020036,1.0,5.15
SIA,MG,202502,2171988,0206010060,1.0,97.44
SIA,MG,202502,2099586,0211020036,84.0,432.6
SIA,MG,202502,3145425,0206020015,1.0,86.75
SIA,MG,202502,6697054,0211020036,6.0,30.9
SIA,MG,202502,9388354,0206010052,1.0,86.75
SIA,MG,202502,2764776,0206020023,3.0,260.25
SIA,MG,202502,7275668,0211020036,40.0,206.0
SIA,MG,202502,2760924,0206010010,2.0,173.52
SIA,MG,202502,2171961,0211020036,135.0,695.25
SIA,MG,202502,2102021,0211020036,56.0,288.4
SIA,MG,202502,2101777,0211020036,2.0,10.3
SIA,MG,202502,2135132,0206010028,3.0,303.3
SIA,MG,202502,2760681,0206010028,3.0,303.3
SIA,MG,202502,2205734,0206030010,3.0,415.89
SIA,MG,202502,2205939,0211020036,39.0,200.85
SIA,MG,202502,6060862,0206010028,2.0,202.2
SIA,MG,202502,2140411,0206030037,3.0,440.43
SIA,MG,202502,9591931,0206030010,3.0,415.89
SIA,MG,202502,7858094,0206030029,3.0,260.25
SIA,MG,202502,6618774,0206010052,2.0,173.5
SIA,MG,202502,6632858,0211020036,774.0,3986.1
SIA,MG,202502,7920768,0211020036,104.0,535.6
SIA,MG,202502,2209195,0206020015,1.0,86.75
SIA,MG,202502,2147106,0211020036,85.0,437.75
SIA,MG,202502,6365612,0211020036,102.0,525.3
SIA,MG,202502,2156512,0211020036,25.0,128.75
SIA,MG,202502,2141922,0211020036,155.0,798.25
SIA,MG,202502,2203332,0211020036,27.0,139.05
SIA,MG,202502,2141213,0211020036,10.0,51.5
SIA,MG,202502,2179628,0211020060,14.0,420.0
SIA,MG,202502,6006361,0206030029,0.0,0.0
SIA,MG,202502,9319336,0206020015,1.0,86.75
SIA,MG,202502,2099454,0206020015,5.0,433.75
SIA,MG,202502,2204630,0211020036,247.0,1272.05
SIA,MG,202502,2764776,0206010044,3.0,260.25
SIA,MG,202502,2100681,0206010036,3.0,260.28
SIA,MG,202502,2135884,0211020036,82.0,422.3
SIA,MG,202502,2194791,0211020036,585.0,3012.75
SIA,MG,202502,2146592,0211020036,30.0,154.5
SIA,MG,202502,9419977,0206020023,1.0,86.75
SIA,MG,202502,2099209,0211020036,51.0,262.65
SIA,MG,202502,7951604,0206010052,1.0,96.43
SIA,MG,202502,9571019,0211020036,15.0,77.25
SIA,MG,202502,2168650,0206030010,1.0,138.63
SIA,MG,202502,2200945,0211020036,21.0,108.15
SIA,MG,202502,4377370,0211020036,1981.0,10202.15
SIA,MG,202502,2205106,0211020036,30.0,154.5
SIA,MG,202502,3871797,0206010028,0.0,0.0
SIA,MG,202502,2134535,0211020036,10.0,51.5
SIA,MG,202502,2139073,0211020036,59.0,303.85
SIA,MG,202502,9228713,0206010028,5.0,505.5
SIA,MG,202502,2146444,0211020036,121.0,623.15
SIA,MG,202502,3498441,0206020023,1.0,86.75
SIA,MG,202502,2166364,0211020036,61.0,314.15
SIA,MG,202502,2122936,0211020036,62.0,319.3
SIA,MG,202502,2209195,0211020060,3.0,90.0
SIA,MG,202502,2114259,0211020036,173.0,890.95
SIA,MG,202502,2761165,0211020036,38.0,195.7
SIA,MG,202502,7395361,0211020036,87.0,2436.0
SIA,MG,202502,9681752,0206030010,9.0,1247.67
SIA,MG,202502,2159252,0206010036,1.0,86.76
SIA,MG,202502,2183803,0206030010,1.0,138.63
SIA,MG,202502,2160072,0211020036,35.0,180.25
SIA,MG,202502,6920977,0206010079,318.0,30985.92
SIA,MG,202502,2205939,0206010079,115.0,11205.6
SIA,MG,202502,2132877,0206010044,6.0,520.5
SIA,MG,202502,2172887,0206030029,1.0,86.75
SIA,MG,202502,2160242,0211020036,17.0,87.55
SIA,MG,202502,2200961,0211020036,68.0,350.2
SIA,MG,202502,9980547,0211020060,10.0,300.0
SIA,MG,202502,6487556,0206010079,0.0,0.0
SIA,MG,202502,2146487,0211020036,86.0,442.9
SIA,MG,202502,2112140,0206030029,3.0,260.25
SIA,MG,202502,2140098,0206010028,3.0,303.3
SIA,MG,202502,7413572,0211020036,413.0,2126.95
SIA,MG,202502,2142600,0211020036,15.0,77.25
SIA,MG,202502,2161354,0206010036,22.0,1908.72
SIA,MG,202502,2118092,0211020036,131.0,674.65
SIA,MG,202502,2117207,0211020036,80.0,412.0
SIA,MG,202502,2204649,0206030037,28.0,3881.64
SIA,MG,202502,2115786,0211020036,264.0,1359.6
SIA,MG,202502,2136031,0211020036,18.0,92.7
SIA,MG,202502,9344330,0206010044,12.0,1041.0
SIA,MG,202502,3437396,0211020036,98.0,504.7
SIA,MG,202502,2200902,0211020036,4.0,20.6
SIA,MG,202502,2128047,0211020060,252.0,7560.0
SIA,MG,202502,6892256,0206010079,89.0,8672.16
SIA,MG,202502,7076711,0211020036,56.0,288.4
SIA,MG,202502,2204649,0206010044,13.0,1127.75
SIA,MG,202502,2143992,0206030010,25.0,3465.75
SIA,MG,202502,7082886,0206020031,25.0,7032.5
SIA,MG,202502,3996360,0211020036,52.0,267.8
SIA,MG,202502,7858094,0206030010,15.0,2079.45
SIA,MG,202502,6827772,0211020036,168.0,865.2
SIA,MG,202502,9046658,0211020060,35.0,1050.0
SIA,MG,202502,7076711,0211020060,7.0,210.0
SIA,MG,202502,5914469,0211020060,30.0,900.0
SIA,MG,202502,2761041,0208010025,43.0,17566.36
SIA,MG,202502,2761092,0206030010,327.0,45332.01
SIA,MG,202502,2117134,0902010050,8.0,6720.0
SIA,MG,202502,2164299,0206010079,45.0,4384.8
SIA,MG,202502,2775956,0211020036,144.0,741.6
SIA,MG,202502,7082886,0206010028,6.0,1687.8
SIA,MG,202502,6892256,0211020036,48.0,247.2
SIA,MG,202502,7387377,0206010079,16.0,4500.8
SIA,MG,202502,7387377,0206020031,8.0,2250.4
SIA,MG,202502,5338409,0206010095,0.0,0.0
SIA,MG,202502,2132877,0206020031,2.0,670.0
SIA,MG,202502,4043219,0211020036,105.0,540.75
SIA,MG,202502,0828114,0206020015,4.0,347.0
SIA,MG,202502,2168553,0206010028,7.0,707.7
SIA,MG,202502,2111640,0211020060,28.0,840.0
SIA,MG,202502,2135914,0211020036,25.0,128.75
SIA,MG,202502,2120399,0211020036,50.0,257.5
SIA,MG,202502,2761092,0206010044,19.0,1648.25
SIA,MG,202502,2099454,0211020036,128.0,659.2
SIA,MG,202502,2208822,0206010079,9.0,876.96
SIA,MG,202502,2173565,0206010036,5.0,433.8
SIA,MG,202502,2760843,0206010079,107.0,10426.08
SIA,MG,202502,2209195,0206010052,2.0,173.5
SIA,MG,202502,6006361,0211020060,0.0,0.0
SIA,MG,202502,2146525,0206030037,46.0,6376.98
SIA,MG,202502,2148293,0206030037,111.0,15387.93
SIA,MG,202502,9529209,0206030037,8.0,1109.04
SIA,MG,202502,3938654,0206020031,9.0,2610.0
SIA,MG,202502,7076886,0211020036,363.0,1869.45
SIA,MG,202502,2195453,0206010052,77.0,6679.75
SIA,MG,202502,4042085,0206010079,25.0,2436.0
SIA,MG,202502,2098938,0206010079,32.0,3118.08
SIA,MG,202502,0979538,0206010028,12.0,1213.2
SIA,MG,202502,2105365,0211020036,389.0,2003.35
SIA,MG,202502,2173166,0206010044,6.0,1041.0
SIA,MG,202502,2206064,0206010044,14.0,1214.5
SIA,MG,202502,2761041,0206010044,1.0,86.75
SIA,MG,202502,6631487,0205010016,61.0,45750.0
SIA,MG,202502,6920977,0206010010,38.0,3296.88
SIA,MG,202502,9319336,0206010044,2.0,173.5
SIA,MG,202502,2110075,0206030037,22.0,3049.86
SIA,MG,202502,3960668,0206010052,9.0,780.75
SIA,MG,202502,7258992,0211020060,60.0,1800.0
SIA,MG,202502,2168707,0206010079,72.0,7015.68
SIA,MG,202502,2144638,0206020031,9.0,1227.69
SIA,MG,202502,9474439,0211020036,146.0,751.9
SIA,MG,202502,2192128,0206010079,25.0,2436.0
SIA,MG,202502,2192128,0211020036,117.0,602.55
SIA,MG,202502,2204649,0211020036,73.0,375.95
SIA,MG,202502,6311709,0206010044,0.0,0.0
SIA,MG,202502,2204649,0206010028,11.0,1112.1
SIA,MG,202502,2195453,0208010025,21.0,8578.92
SIA,MG,202502,2178559,0206030037,2.0,277.26
SIA,MG,202502,2206382,0211020060,16.0,480.0
SIA,MG,202502,2167638,0211020036,28.0,144.2
SIA,MG,202502,7858094,0206010044,5.0,433.75
SIA,MG,202502,2138875,0206010079,52.0,5066.88
SIA,MG,202502,2206382,0206030037,123.0,17051.49
SIA,MG,202502,6631487,0206020031,33.0,6600.0
SIA,MG,202502,2099152,0206010052,3.0,494.46
SIA,MG,202502,5944619,0211020036,117.0,602.55
SIA,MG,202502,2194937,0206030037,18.0,2495.34
SIA,MG,202502,7624123,0211020036,93.0,478.95
SIA,MG,202502,2204649,0206020031,25.0,3410.25
SIA,MG,202502,2129469,0206010010,10.0,867.6
SIA,MG,202502,7795203,0206030010,0.0,0.0
SIA,MG,202502,2129469,0206020031,201.0,27418.41
SIA,MG,202502,2135132,0206010044,7.0,607.25
SIA,MG,202502,3871797,0211020060,0.0,0.0
SIA,MG,202502,2110075,0206020031,15.0,2046.15
SIA,MG,202502,2102765,0206010044,10.0,867.5
SIA,MG,202502,6631487,0211020060,37.0,5180.0
SIA,MG,202502,2117134,0206010028,4.0,404.4
SIA,MG,202502,2215268,0211020036,193.0,993.95
SIA,MG,202502,2173166,0206010079,91.0,17734.08
SIA,MG,202502,2183455,0206010079,17.0,1656.48
SIA,MG,202502,6311709,0206030037,0.0,0.0
SIA,MG,202502,3960668,0206010028,44.0,4448.4
SIA,MG,202502,7469144,0211020036,826.0,4253.9
SIA,MG,202502,2122650,0206020031,25.0,3410.25
SIA,MG,202502,2201879,0206030037,29.0,7540.0
SIA,MG,202502,6085121,0206010079,27.0,5261.76
SIA,MG,202502,2756749,0206030010,80.0,11090.4
SIA,MG,202502,7934947,0206030037,6.0,831.78
SIA,MG,202502,2143992,0206010079,73.0,7113.12
SIA,MG,202502,2796619,0206030037,61.0,8456.43
SIA,MG,202502,2133954,0211020036,82.0,422.3
SIA,MG,202502,2099497,0211020060,0.0,0.0
SIA,MG,202502,6790151,0206010052,7.0,607.25
SIA,MG,202502,2111640,0206010028,4.0,404.4
SIA,MG,202502,2098938,0208010025,37.0,15115.24
SIA,MG,202502,2173166,0206010028,2.0,404.4
SIA,MG,202502,2127989,0206020031,460.0,62748.6
SIA,MG,202502,2204762,0206030010,77.0,10674.51
SIA,MG,202502,3871797,0206010044,0.0,0.0
SIA,MG,202502,2159252,0206030037,123.0,17051.49
SIA,MG,202502,2101777,0206010079,64.0,6236.16
SIA,MG,202502,2172860,0211020036,110.0,566.5
SIA,MG,202502,6340059,0206030010,51.0,7070.13
SIA,MG,202502,6631487,0206010010,78.0,15600.0
SIA,MG,202502,2764776,0206030010,23.0,3188.49
SIA,MG,202502,6790151,0206030010,116.0,16081.08
SIA,MG,202502,6618774,0206020023,9.0,780.75
SIA,MG,202502,2098911,0206030010,37.0,5129.31
SIA,MG,202502,2201879,0206020031,11.0,2860.0
SIA,MG,202502,2170086,0211020036,95.0,489.25
SIA,MG,202502,3376478,0206010044,4.0,347.0
SIA,MG,202502,2105780,0206030037,183.0,25369.29
SIA,MG,202502,2148293,0206030010,109.0,15110.67
SIA,MG,202502,2135124,0211020036,55.0,283.25
SIA,MG,202502,3498441,0206010079,100.0,9744.0
SIA,MG,202502,2760738,0211020036,17.0,87.55
SIA,MG,202502,9344330,0206010010,6.0,520.56
SIA,MG,202502,0828114,0206030010,27.0,3743.01
SIA,MG,202502,7595247,0206020031,0.0,0.0
SIA,MG,202502,6963188,0211020036,302.0,1555.3
SIA,MG,202502,2139200,0206010079,85.0,9824.3
SIA,MG,202502,2760657,0206030010,48.0,6654.24
SIA,MG,202502,6920977,0206010028,85.0,8593.5
SIA,MG,202502,2139200,0206030010,28.0,4576.6
SIA,MG,202502,2143127,0211020036,80.0,412.0
SIA,MG,202502,2182793,0211020036,106.0,545.9
SIA,MG,202502,6340059,0206010028,6.0,606.6
SIA,MG,202502,2206382,0206010028,19.0,1920.9
SIA,MG,202502,2172887,0206010079,15.0,1461.6
SIA,MG,202502,6920977,0206020023,8.0,694.0
SIA,MG,202502,2121514,0211020036,54.0,278.1
SIA,MG,202502,2205939,0206010028,104.0,10514.4
SIA,MG,202502,6060862,0206010010,4.0,347.04
SIA,MG,202502,2151553,0211020036,96.0,494.4
SIA,MG,202502,6920977,0206020015,4.0,347.0
SIA,MG,202502,2205939,0206020015,4.0,347.0
SIA,MG,202502,3698548,0206010044,21.0,1821.75
SIA,MG,202502,9483144,0211020036,97.0,499.55
SIA,MG,202502,2796619,0206020031,35.0,4774.35
SIA,MG,202502,2183455,0211020036,89.0,458.35
SIA,MG,202502,2761106,0206030037,4.0,554.52
SIA,MG,202502,3960668,0211020060,30.0,900.0
SIA,MG,202502,7609868,0206010044,6.0,520.5
SIA,MG,202502,2172259,0206030037,69.0,10632.9
SIA,MG,202502,5338409,0206030037,0.0,0.0
SIA,MG,202502,2796562,0206010044,3.0,260.25
SIA,MG,202502,2796562,0206010036,1.0,86.76
SIA,MG,202502,2172259,0206030029,7.0,675.01
SIA,MG,202502,2761092,0206010028,15.0,1516.5
SIA,MG,202502,7795203,0206010079,0.0,0.0
SIA,MG,202502,2129469,0206010079,72.0,7015.68
SIA,MG,202502,3464806,0206010044,22.0,1908.5
SIA,MG,202502,2156172,0211020036,99.0,509.85
SIA,MG,202502,2206382,0208010033,18.0,6895.26
SIA,MG,202502,7934947,0211020060,12.0,360.0
SIA,MG,202502,6629725,0206020031,24.0,6240.0
SIA,MG,202502,6629725,0206030037,32.0,8320.0
SIA,MG,202502,2198037,0211020036,67.0,345.05
SIA,MG,202502,9368221,0206010028,0.0,0.0
SIA,MG,202502,7951604,0206030037,49.0,7550.9
SIA,MG,202502,9368221,0211020036,0.0,0.0
SIA,MG,202502,3145425,0206030037,35.0,4852.05
SIA,MG,202502,2200473,0206010010,39.0,3383.64
SIA,MG,202502,2194937,0206010028,1.0,101.1
SIA,MG,202502,2098938,0206010044,22.0,1908.5
SIA,MG,202502,2796376,0211020036,255.0,1313.25
SIA,MG,202502,2098407,0206010010,4.0,347.04
SIA,MG,202502,3960668,0206030029,13.0,1127.75
SIA,MG,202502,6214371,0206030010,0.0,0.0
SIA,MG,202502,2105780,0206010028,10.0,1011.0
SIA,MG,202502,2111640,0206030010,204.0,28280.52
SIA,MG,202502,5796601,0206010079,7.0,682.08
SIA,MG,202502,7258992,0211020036,100.0,515.0
SIA,MG,202502,2114763,0206030037,20.0,2772.6
SIA,MG,202502,2138875,0206010044,12.0,1041.0
SIA,MG,202502,2156458,0211020036,112.0,576.8
SIA,MG,202502,2206382,0206030010,120.0,16635.6
SIA,MG,202502,2143992,0206020031,23.0,3137.43
SIA,MG,202502,2099152,0206030010,13.0,3416.79
SIA,MG,202502,2136139,0211020036,58.0,298.7
SIA,MG,202502,2098369,0206010028,10.0,1011.0
SIA,MG,202502,2117568,0206010079,5.0,487.2
SIA,MG,202502,2841622,0206030037,6.0,831.78
SIA,MG,202502,2124300,0206010028,14.0,1415.4
SIA,MG,202502,2139960,0211020036,16.0,82.4
SIA,MG,202502,2100754,0206030037,2.0,277.26
SIA,MG,202502,2140098,0206010079,11.0,1071.84
SIA,MG,202502,2200473,0206010052,3.0,260.25
SIA,MG,202502,2761041,0208010033,43.0,16472.01
SIA,MG,202502,2112140,0206030010,81.0,11229.03
SIA,MG,202502,2144638,0206030010,20.0,2772.6
SIA,MG,202502,2756749,0206020031,21.0,2864.61
SIA,MG,202502,3698548,0206030029,6.0,520.5
SIA,MG,202502,2117134,0208010025,8.0,0.0
SIA,MG,202502,2117134,0208010033,8.0,0.0
SIA,MG,202502,2140411,0211020060,11.0,1048.41
SIA,MG,202502,2129566,0206030037,7.0,970.41
SIA,MG,202502,2134306,0211020036,35.0,180.25
SIA,MG,202502,9591931,0206030037,4.0,554.52
SIA,MG,202502,2205882,0211020036,248.0,1277.2
SIA,MG,202502,7637985,0211020036,10.0,51.5
SIA,MG,202502,6618774,0206010036,10.0,867.6
SIA,MG,202502,2183803,0206020015,1.0,86.75
SIA,MG,202502,2144530,0206030037,9.0,1247.67
SIA,MG,202502,2159252,0206010052,26.0,2255.5
SIA,MG,202502,2760924,0206030037,11.0,1524.93
SIA,MG,202502,7595247,0206010052,0.0,0.0
SIA,MG,202502,2144026,0206010044,2.0,173.5
SIA,MG,202502,2129566,0206020031,5.0,682.05
SIA,MG,202502,2144026,0206010079,30.0,2923.2
SIA,MG,202502,2144026,0206020031,6.0,818.46
SIA,MG,202502,2143852,0211020036,0.0,0.0
SIA,MG,202502,2099152,0206030029,3.0,494.49
SIA,MG,202502,5922313,0211020036,118.0,607.7
SIA,MG,202502,7595247,0206010036,0.0,0.0
SIA,MG,202502,2164299,0206010028,11.0,1112.1
SIA,MG,202502,9419977,0206010028,5.0,505.5
SIA,MG,202502,2159252,0211020036,33.0,169.95
SIA,MG,202502,2128047,0206010044,5.0,433.75
SIA,MG,202502,9591931,0206020031,2.0,272.82
SIA,MG,202502,6085121,0206010044,6.0,1041.0
SIA,MG,202502,2173166,0206010036,2.0,347.04
SIA,MG,202502,6959415,0206030010,0.0,0.0
SIA,MG,202502,6214371,0206030029,0.0,0.0
SIA,MG,202502,2785684,0206010079,18.0,3507.84
SIA,MG,202502,2200473,0206010028,37.0,3740.7
SIA,MG,202502,2796562,0206010079,3.0,292.32
SIA,MG,202502,2126494,0206030037,246.0,34102.98
SIA,MG,202502,2205939,0206010052,4.0,347.0
SIA,MG,202502,6487556,0211020060,0.0,0.0
SIA,MG,202502,2201488,0211020036,41.0,211.15
SIA,MG,202502,7595247,0211020060,0.0,0.0
SIA,MG,202502,2099454,0206010044,14.0,1214.5
SIA,MG,202502,2163829,0206030010,19.0,2633.97
SIA,MG,202502,2127989,0206010036,60.0,5205.6
SIA,MG,202502,2127989,0206030029,49.0,4250.75
SIA,MG,202502,2139200,0206020023,2.0,206.3
SIA,MG,202502,2113813,0211020036,1.0,5.15
SIA,MG,202502,2128047,0206020031,12.0,1636.92
SIA,MG,202502,2761092,0206010010,13.0,1127.88
SIA,MG,202502,6060862,0206010079,70.0,6820.8
SIA,MG,202502,5796601,0206020031,7.0,954.87
SIA,MG,202502,2135132,0206010010,14.0,1214.64
SIA,MG,202502,2124300,0211020060,47.0,1410.0
SIA,MG,202502,2124300,0211020036,354.0,1823.1
SIA,MG,202502,2168707,0206010028,3.0,303.3
SIA,MG,202502,2163829,0206010010,11.0,954.36
SIA,MG,202502,2099454,0206020031,28.0,3819.48
SIA,MG,202502,2120313,0211020036,58.0,298.7
SIA,MG,202502,2761106,0206010044,5.0,433.75
SIA,MG,202502,3649156,0211020036,28.0,144.2
SIA,MG,202502,2793784,0211020036,45.0,231.75
SIA,MG,202502,7934947,0205010016,24.0,3960.0
SIA,MG,202502,6892256,0206030010,22.0,3049.86
SIA,MG,202502,2146525,0206010028,11.0,1112.1
SIA,MG,202502,2105780,0206010036,1.0,86.76
SIA,MG,202502,2148293,0206030029,13.0,1127.75
SIA,MG,202502,7101406,0206030037,10.0,1386.3
SIA,MG,202502,2100282,0211020036,112.0,576.8
SIA,MG,202502,2126494,0206030029,67.0,5812.25
SIA,MG,202502,2143801,0206030037,26.0,3604.38
SIA,MG,202502,2168553,0206020015,10.0,867.5
SIA,MG,202502,7114982,0206020031,0.0,0.0
SIA,MG,202502,2109034,0206030010,3.0,788.49
SIA,MG,202502,2171988,0206010052,6.0,520.5
SIA,MG,202502,6060862,0206010044,11.0,954.25
SIA,MG,202502,2184249,0211020036,30.0,154.5
SIA,MG,202502,2146525,0206020023,3.0,260.25
SIA,MG,202502,2760657,0206010079,21.0,2046.24
SIA,MG,202502,6862098,0211020060,9.0,270.0
SIA,MG,202502,2195453,0206010079,56.0,5456.64
SIA,MG,202502,2173565,0206020031,6.0,818.46
SIA,MG,202502,2163829,0206030037,19.0,2633.97
SIA,MG,202502,2762676,0211020036,23.0,118.45
SIA,MG,202502,2205734,0206020031,2.0,272.82
SIA,MG,202502,2756749,0206010044,10.0,867.5
SIA,MG,202502,2709848,0206010079,121.0,11790.24
SIA,MG,202502,6340059,0206030029,6.0,520.5
SIA,MG,202502,2709848,0206010044,10.0,867.5
SIA,MG,202502,2100681,0206030037,49.0,6792.87
SIA,MG,202502,2212056,0211020036,30.0,154.5
SIA,MG,202502,0039047,0211020036,154.0,793.1
SIA,MG,202502,7934947,0206010010,3.0,260.28
SIA,MG,202502,2171945,0206020023,1.0,86.75
SIA,MG,202502,2125943,0211020060,62.0,1860.0
SIA,MG,202502,2120496,0211020036,172.0,885.8
SIA,MG,202502,2161354,0206010052,9.0,780.75
SIA,MG,202502,2171988,0206020023,2.0,173.5
SIA,MG,202502,2102749,0211020036,46.0,236.9
SIA,MG,202502,2179571,0211020036,49.0,252.35
SIA,MG,202502,2192128,0206030010,24.0,3327.12
SIA,MG,202502,2168553,0206020023,2.0,173.5
SIA,MG,202502,6766358,0206020031,7.0,954.87
SIA,MG,202502,6618774,0206010044,28.0,2429.0
SIA,MG,202502,2126885,0211020036,70.0,360.5
SIA,MG,202502,2100363,0211020036,6.0,30.9
SIA,MG,202502,2140411,0206030010,3.0,440.43
SIA,MG,202502,2140217,0206010044,11.0,954.25
SIA,MG,202502,9368221,0211020060,0.0,0.0
SIA,MG,202502,2208857,0208010025,5.0,2042.6
SIA,MG,202502,7082886,0206010036,4.0,1125.2
SIA,MG,202502,2111659,0211020036,6.0,30.9
SIA,MG,202502,7609868,0206030037,16.0,2218.08
SIA,MG,202502,7114982,0206010028,0.0,0.0
SIA,MG,202502,2126494,0206010010,101.0,8762.76
SIA,MG,202502,2118246,0206010010,1.0,86.76
SIA,MG,202502,2151758,0211020036,276.0,1421.4
SIA,MG,202502,2126346,0206030037,1.0,138.63
SIA,MG,202502,6448526,0208010025,12.0,4902.24
SIA,MG,202502,2205327,0211020036,28.0,144.2
SIA,MG,202502,2208849,0211020036,42.0,216.3
SIA,MG,202502,2119528,0211020036,171.0,880.65
SIA,MG,202502,2764814,0206020023,5.0,433.75
SIA,MG,202502,2102765,0206030037,11.0,1524.93
SIA,MG,202502,6618774,0206030010,101.0,14001.63
SIA,MG,202502,2143992,0206010036,3.0,260.28
SIA,MG,202502,2127768,0211020036,13.0,66.95
SIA,MG,202502,2140179,0211020036,97.0,499.55
SIA,MG,202502,9388354,0206030029,3.0,260.25
SIA,MG,202502,2146525,0206010044,21.0,1821.75
SIA,MG,202502,2128047,0206010079,17.0,1656.48
SIA,MG,202502,2159252,0205010016,1.0,165.0
SIA,MG,202502,2098539,0206030010,80.0,11090.4
SIA,MG,202502,2102056,0211020036,66.0,339.9
SIA,MG,202502,9591931,0206010028,2.0,202.2
SIA,MG,202502,6618774,0206020015,2.0,173.5
SIA,MG,202502,2099497,0206030010,0.0,0.0
SIA,MG,202502,2140063,0211020036,21.0,108.15
SIA,MG,202502,2099926,0211020036,135.0,695.25
SIA,MG,202502,2195453,0208010033,20.0,7661.4
SIA,MG,202502,2144549,0211020036,35.0,180.25
SIA,MG,202502,3498441,0206010044,14.0,1214.5
SIA,MG,202502,2166461,0211020036,40.0,206.0
SIA,MG,202502,2168707,0206020015,3.0,260.25
SIA,MG,202502,2100142,0211020036,90.0,463.5
SIA,MG,202502,2764814,0206030037,27.0,3743.01
SIA,MG,202502,6290841,0211020036,5.0,25.75
SIA,MG,202502,2205939,0206010010,26.0,2255.76
SIA,MG,202502,9529209,0206010028,5.0,505.5
SIA,MG,202502,2172887,0206010010,1.0,86.76
SIA,MG,202502,2211343,0211020036,2.0,30.9
SIA,MG,202502,7595247,0206020015,0.0,0.0
SIA,MG,202502,2147572,0211020036,7.0,36.05
SIA,MG,202502,2192128,0206030037,25.0,3465.75
SIA,MG,202502,2761041,0211020010,60.0,43802.4
SIA,MG,202502,2170132,0211020036,7.0,36.05
SIA,MG,202502,2105446,0211020036,18.0,92.7
SIA,MG,202502,3012840,0211020036,134.0,690.1
SIA,MG,202502,2103303,0211020036,26.0,133.9
SIA,MG,202502,2144298,0211020036,147.0,757.05
SIA,MG,202502,6487556,0208010033,0.0,0.0
SIA,MG,202502,3376478,0206010010,2.0,173.52
SIA,MG,202502,0828114,0206010028,2.0,202.2
SIA,MG,202502,2119757,0211020036,7.0,36.05
SIA,MG,202502,7892861,0211020060,9.0,900.0
SIA,MG,202502,5338409,0206020031,0.0,0.0
SIA,MG,202502,3938654,0206030037,4.0,792.0
SIA,MG,202502,6487556,0205010016,0.0,0.0
SIA,MG,202502,2120488,0211020036,200.0,1030.0
SIA,MG,202502,2201542,0206030029,1.0,86.75
SIA,MG,202502,7609868,0206010052,2.0,173.5
SIA,MG,202502,2209195,0206010028,8.0,808.8
SIA,MG,202502,2129469,0206010036,9.0,780.84
SIA,MG,202502,2760657,0211020036,126.0,648.9
SIA,MG,202502,2173565,0206010052,1.0,86.75
SIA,MG,202502,2099454,0206010010,17.0,1474.92
SIA,MG,202502,6448526,0208010033,12.0,4596.84
SIA,MG,202502,6776434,0208010025,0.0,0.0
SIA,MG,202502,6631487,0206010036,1.0,200.0
SIA,MG,202502,2108992,0211020036,23.0,118.45
SIA,MG,202502,2171961,0211020060,55.0,1650.0
SIA,MG,202502,2121727,0211020036,132.0,679.8
SIA,MG,202502,2213192,0211020036,85.0,437.75
SIA,MG,202502,2128012,0211020036,150.0,772.5
SIA,MG,202502,2163829,0206010079,41.0,3995.04
SIA,MG,202502,2100681,0206020031,11.0,1500.51
SIA,MG,202502,3145425,0206030029,1.0,86.75
SIA,MG,202502,3145425,0206020031,11.0,1500.51
SIA,MG,202502,2197715,0211020036,131.0,674.65
SIA,MG,202502,6511805,0206020031,5.0,921.35
SIA,MG,202502,2099438,0211020036,109.0,561.35
SIA,MG,202502,2206552,0211020036,39.0,200.85
SIA,MG,202502,2099454,0206010036,6.0,520.56
SIA,MG,202502,2136007,0211020036,175.0,901.25
SIA,MG,202502,2178559,0206030010,2.0,277.26
SIA,MG,202502,2124300,0206010036,5.0,433.8
SIA,MG,202502,6006361,0206020031,0.0,0.0
SIA,MG,202502,2168650,0206020031,20.0,2728.2
SIA,MG,202502,2135132,0211020036,0.0,0.0
SIA,MG,202502,2761203,0206010044,3.0,260.25
SIA,MG,202502,2157942,0211020036,95.0,489.25
SIA,MG,202502,2127121,0211020036,98.0,504.7
SIA,MG,202502,2098539,0206030037,74.0,10258.62
SIA,MG,202502,2764776,0206020031,8.0,1091.28
SIA,MG,202502,9547479,0211020060,29.0,870.0
SIA,MG,202502,6862098,0211020036,47.0,242.05
SIA,MG,202502,2184680,0211020036,39.0,200.85
SIA,MG,202502,2123568,0211020036,52.0,267.8
SIA,MG,202502,2146509,0211020036,44.0,226.6
SIA,MG,202502,2183455,0206030037,10.0,1386.3
SIA,MG,202502,3238431,0211020036,84.0,432.6
SIA,MG,202502,2168707,0211020036,197.0,1014.55
SIA,MG,202502,2201410,0211020036,67.0,345.05
SIA,MG,202502,2119811,0211020036,32.0,164.8
SIA,MG,202502,6311709,0211020060,0.0,0.0
SIA,MG,202502,2119528,0206020031,13.0,1773.33
SIA,MG,202502,2709848,0206020031,23.0,3137.43
SIA,MG,202502,2140217,0206020015,5.0,433.75
SIA,MG,202502,2761203,0211020036,22.0,113.3
SIA,MG,202502,2122650,0206030037,9.0,1247.67
SIA,MG,202502,3498441,0206020031,44.0,6002.04
SIA,MG,202502,2764776,0206010052,2.0,173.5
SIA,MG,202502,6214371,0206030037,0.0,0.0
SIA,MG,202502,2119528,0206010044,10.0,867.5
SIA,MG,202502,2161974,0211020036,30.0,154.5
SIA,MG,202502,2098407,0206030037,12.0,1663.56
SIA,MG,202502,2203162,0211020036,30.0,154.5
SIA,MG,202502,2796449,0206030037,3.0,552.81
SIA,MG,202502,2168650,0206030029,1.0,86.75
SIA,MG,202502,2102765,0206020015,5.0,433.75
SIA,MG,202502,2098407,0206010036,1.0,86.76
SIA,MG,202502,2760436,0206010079,7.0,682.08
SIA,MG,202502,3871797,0206010010,0.0,0.0
SIA,MG,202502,7609868,0206010010,3.0,260.28
SIA,MG,202502,2121638,0211020036,123.0,633.45
SIA,MG,202502,6766358,0206010079,5.0,487.2
SIA,MG,202502,4042085,0211020060,12.0,360.0
SIA,MG,202502,4042107,0211020060,14.0,420.0
SIA,MG,202502,6487556,0208010025,0.0,0.0
SIA,MG,202502,2099152,0206010044,3.0,494.46
SIA,MG,202502,2136937,0206030010,13.0,1802.19
SIA,MG,202502,2144530,0211020036,90.0,463.5
SIA,MG,202502,2168553,0206010010,3.0,260.28
SIA,MG,202502,2119420,0211020036,345.0,1776.75
SIA,MG,202502,2172887,0206010044,1.0,86.75
SIA,MG,202502,3376478,0206010052,1.0,86.75
SIA,MG,202502,2111659,0206010028,4.0,404.4
SIA,MG,202502,6955452,0211020036,290.0,1493.5
SIA,MG,202502,3871797,0206010052,0.0,0.0
SIA,MG,202502,2201542,0206010052,1.0,86.75
SIA,MG,202502,2119528,0206010028,2.0,202.2
SIA,MG,202502,2209195,0206010036,3.0,260.28
SIA,MG,202502,7595247,0208010025,0.0,0.0
SIA,MG,202502,2195453,0206010028,19.0,1920.9
SIA,MG,202502,5224497,0211020036,345.0,1776.75
SIA,MG,202502,2796562,0206020031,1.0,136.41
SIA,MG,202502,2760436,0211020036,1.0,5.15
SIA,MG,202502,6618774,0206030029,2.0,173.5
SIA,MG,202502,9388354,0206010044,12.0,1041.0
SIA,MG,202502,2195453,0211020036,23.0,118.45
SIA,MG,202502,2183455,0206010052,1.0,86.75
SIA,MG,202502,2124300,0206010052,1.0,86.75
SIA,MG,202502,6006361,0206010052,0.0,0.0
SIA,MG,202502,2206420,0206010036,2.0,173.52
SIA,MG,202502,2141817,0211020036,47.0,242.05
SIA,MG,202502,2098539,0206020023,1.0,86.75
SIA,MG,202502,2760436,0206030010,1.0,138.63
SIA,MG,202502,0246417,0211020036,175.0,901.25
SIA,MG,202502,2163071,0211020036,83.0,427.45
SIA,MG,202502,2134292,0211020036,20.0,103.0
SIA,MG,202502,6487556,0206010052,0.0,0.0
SIA,MG,202502,7609868,0206030010,3.0,415.89
SIA,MG,202502,9368221,0206020015,0.0,0.0
SIA,MG,202502,2099896,0211020036,60.0,309.0
SIA,MG,202502,2161710,0211020036,121.0,623.15
SIA,MG,202502,2146770,0211020036,110.0,566.5
SIA,MG,202502,2102722,0211020036,64.0,329.6
SIA,MG,202502,2213400,0211020036,79.0,406.85
SIA,MG,202502,2764776,0206010028,3.0,303.3
SIA,MG,202502,2760827,0211020036,35.0,180.25
SIA,MG,202502,2143801,0206010044,2.0,173.5
SIA,MG,202502,2108828,0211020036,132.0,679.8
SIA,MG,202502,6709052,0211020036,58.0,298.7
SIA,MG,202502,2136104,0211020036,7.0,36.05
SIA,MG,202502,2195224,0211020036,19.0,97.85
SIA,MG,202502,2143801,0206020015,4.0,347.0
SIA,MG,202502,4116879,0211020036,123.0,633.45
SIA,MG,202502,2163438,0211020060,3.0,90.0
SIA,MG,202502,2155648,0211020036,97.0,499.55
SIA,MG,202502,6511805,0206030029,3.0,552.78
SIA,MG,202502,2179172,0211020036,113.0,581.95
SIA,MG,202502,9061681,0211020036,461.0,2374.15
SIA,MG,202502,2206382,0206030029,5.0,433.75
SIA,MG,202502,2127938,0211020036,31.0,159.65
SIA,MG,202502,2133261,0211020036,103.0,530.45
SIA,MG,202502,2794640,0211020036,34.0,175.1
SIA,MG,202502,2140411,0206010079,2.0,206.38
SIA,MG,202502,9319336,0206010036,2.0,173.52
SIA,MG,202502,0192465,0211020036,40.0,206.0
SIA,MG,202502,2144166,0211020036,38.0,195.7
SIA,MG,202502,3996360,0211020060,2.0,60.0
SIA,MG,202502,2140098,0206030029,1.0,86.75
SIA,MG,202502,2168936,0211020036,121.0,623.15
SIA,MG,202502,7934947,0206020015,1.0,86.75
SIA,MG,202502,2143992,0211020036,5.0,25.75
SIA,MG,202502,6487556,0206010028,0.0,0.0
SIA,MG,202502,2112140,0206010028,8.0,808.8
SIA,MG,202502,7284233,0206030037,5.0,693.15
SIA,MG,202502,2099438,0206020031,6.0,818.46
SIA,MG,202502,2146525,0206010079,72.0,7015.68
SIA,MG,202502,2194937,0206010044,2.0,173.5
SIA,MG,202502,9388354,0206030010,4.0,554.52
SIA,MG,202502,2163829,0206020015,2.0,173.5
SIA,MG,202502,2099438,0206010010,1.0,86.76
SIA,MG,202502,2204649,0206010052,1.0,86.75
SIA,MG,202502,2119250,0211020036,1.0,5.15
SIA,MG,202502,6631487,0206010044,7.0,1400.0
SIA,MG,202502,2161354,0208010025,5.0,2042.6
SIA,MG,202502,2143801,0206010028,1.0,101.1
SIA,MG,202502,2761041,0206010010,1.0,86.76
SIA,MG,202502,2136937,0206010044,4.0,347.0
SIA,MG,202502,9529209,0206010010,1.0,86.76
SIA,MG,202502,0879592,0211020036,111.0,571.65
SIA,MG,202502,7284233,0206010052,1.0,86.75
SIA,MG,202502,2165848,0211020036,53.0,272.95
SIA,MG,202502,2159252,0206010028,6.0,606.6
SIA,MG,202502,4042085,0206020023,1.0,86.75
SIA,MG,202502,2100754,0206010052,1.0,86.75
SIA,MG,202502,2171945,0208010025,1.0,408.52
SIA,MG,202502,7609868,0211020036,3.0,15.45
SIA,MG,202502,2117134,0206010010,1.0,86.76
SIA,MG,202502,2192128,0206010010,2.0,173.52
SIA,MG,202502,9419977,0206010052,2.0,173.5
SIA,MG,202502,2164299,0206010010,3.0,260.28
SIA,MG,202502,6085121,0206010028,3.0,606.6
SIA,MG,202502,9228713,0206020015,2.0,173.5
SIA,MG,202502,2785684,0206010028,3.0,606.6
SIA,MG,202502,2191164,0206010028,1.0,101.1
SIA,MG,202502,5796601,0206010010,1.0,86.76
SIA,MG,202502,7284233,0206010028,1.0,101.1
SIA,MG,202502,2098407,0206010052,1.0,86.75
SIA,MG,202502,2167670,0211020036,20.0,103.0
SIA,MG,202502,2144026,0206010036,1.0,86.76
SIA,MG,202502,3498441,0206010036,3.0,260.28
SIA,MG,202502,7082886,0206020015,3.0,843.9
SIA,MG,202502,2127695,0211020036,196.0,1009.4
SIA,MG,202502,2709848,0206030037,172.0,23844.36
SIA,MG,202502,9344330,0206030010,142.0,19685.46
SIA,MG,202502,2171945,0206010079,180.0,17539.2
SIA,MG,202502,2709848,0206010052,3.0,260.25
SIA,MG,202502,2171988,0206010079,220.0,21436.8
SIA,MG,202502,2796449,0206010079,26.0,4791.02
SIA,MG,202502,3871797,0206020031,0.0,0.0
SIA,MG,202502,9368221,0206010052,0.0,0.0
SIA,MG,202502,6618774,0206010028,17.0,1718.7
SIA,MG,202502,7858094,0206010079,12.0,1169.28
SIA,MG,202502,2117401,0211020036,34.0,175.1
SIA,MG,202502,2098938,0211020036,342.0,1761.3
SIA,MG,202502,2761092,0206020031,315.0,42969.15
SIA,MG,202502,7101406,0206010010,1.0,86.76
SIA,MG,202502,2178559,0206010079,14.0,1364.16
SIA,MG,202502,2111659,0206010079,32.0,3118.08
SIA,MG,202502,7691904,0211020036,280.0,1442.0
SIA,MG,202502,2098474,0211020036,438.0,2255.7
SIA,MG,202502,2208857,0211020036,150.0,772.5
SIA,MG,202502,6631487,0211020036,2.0,10.3
SIA,MG,202502,2761092,0206010036,6.0,520.56
SIA,MG,202502,2148293,0206010079,87.0,8477.28
SIA,MG,202502,2195453,0206030037,484.0,67096.92
SIA,MG,202502,2132877,0206010052,1.0,86.75
SIA,MG,202502,2101777,0206010028,2.0,202.2
SIA,MG,202502,3698548,0211020036,141.0,726.15
SIA,MG,202502,2195453,0206030010,524.0,72642.12
SIA,MG,202502,9274200,0208010033,24.0,9193.68
SIA,MG,202502,2209195,0206030010,57.0,7901.91
SIA,MG,202502,2195453,0206020031,635.0,86620.35
SIA,MG,202502,3871797,0206010036,0.0,0.0
SIA,MG,202502,2159252,0208010025,25.0,10213.0
SIA,MG,202502,2796562,0206010010,2.0,173.52
SIA,MG,202502,3498441,0206010052,2.0,173.5
SIA,MG,202502,3376478,0206020031,8.0,1091.28
SIA,MG,202502,2118246,0206030037,27.0,3743.01
SIA,MG,202502,2124300,0206030010,59.0,8179.17
SIA,MG,202502,9344330,0206020031,79.0,10776.39
SIA,MG,202502,2204649,0206010079,100.0,9744.0
SIA,MG,202502,2140217,0206030037,24.0,3327.12
SIA,MG,202502,2117134,0206020031,23.0,3137.43
SIA,MG,202502,2756749,0206030037,76.0,10535.88
SIA,MG,202502,2105578,0211020036,159.0,818.85
SIA,MG,202502,2761092,0206010079,145.0,14128.8
SIA,MG,202502,2129469,0206010028,20.0,2022.0
SIA,MG,202502,6966640,0208010033,15.0,5746.05
SIA,MG,202502,9591931,0206010079,6.0,584.64
SIA,MG,202502,2204762,0206010079,81.0,7892.64
SIA,MG,202502,7951604,0206030010,53.0,8167.3
SIA,MG,202502,2208822,0206010052,2.0,173.5
SIA,MG,202502,0828114,0206010044,8.0,694.0
SIA,MG,202502,2172259,0206030010,66.0,10170.6
SIA,MG,202502,2168553,0206030029,10.0,867.5
SIA,MG,202502,6629725,0206010052,1.0,230.0
SIA,MG,202502,2794632,0211020036,29.0,149.35
SIA,MG,202502,6487556,0206020031,0.0,0.0
SIA,MG,202502,2764776,0206010010,1.0,86.76
SIA,MG,202502,2139073,0206010079,2.0,194.88
SIA,MG,202502,7595247,0206030029,0.0,0.0
SIA,MG,202502,2206420,0206010079,23.0,2241.12
SIA,MG,202502,9368221,0206030010,0.0,0.0
SIA,MG,202502,6790151,0206010044,11.0,954.25
SIA,MG,202502,2172259,0206020023,5.0,482.15
SIA,MG,202502,6892256,0206010044,12.0,1041.0
SIA,MG,202502,2098369,0206030037,20.0,2772.6
SIA,MG,202502,6060862,0206030037,1.0,138.63
SIA,MG,202502,2204649,0206010036,2.0,173.52
SIA,MG,202502,2171988,0206010010,22.0,1908.72
SIA,MG,202502,2796619,0206010036,3.0,260.28
SIA,MG,202502,2209195,0206010010,7.0,607.32
SIA,MG,202502,2143801,0206030010,25.0,3465.75
SIA,MG,202502,7858094,0206010010,1.0,86.76
SIA,MG,202502,2098369,0206010044,7.0,607.25
SIA,MG,202502,0873217,0211020060,13.0,390.0
SIA,MG,202502,2206064,0206010028,10.0,1011.0
SIA,MG,202502,6214371,0211020060,0.0,0.0
SIA,MG,202502,2122650,0206030010,35.0,4852.05
SIA,MG,202502,2775956,0206030010,1.0,138.63
SIA,MG,202502,6487556,0206030037,0.0,0.0
SIA,MG,202502,6776434,0206010010,0.0,0.0
SIA,MG,202502,4042085,0206030010,28.0,3881.64
SIA,MG,202502,2201542,0206020031,13.0,1773.33
SIA,MG,202502,6790151,0206030037,9.0,1247.67
SIA,MG,202502,2098407,0206020031,8.0,1091.28
SIA,MG,202502,2100754,0206020031,5.0,682.05
SIA,MG,202502,9673717,0211020036,0.0,0.0
SIA,MG,202502,2098938,0206030029,2.0,173.5
SIA,MG,202502,6311709,0206010028,0.0,0.0
SIA,MG,202502,6511805,0206010079,1.0,184.27
SIA,MG,202502,2126494,0206010036,23.0,1995.48
SIA,MG,202502,2110075,0208010033,15.0,5746.05
SIA,MG,202502,2144638,0206010010,2.0,173.52
SIA,MG,202502,2206447,0206010079,8.0,779.52
SIA,MG,202502,2135132,0206020031,4.0,545.64
SIA,MG,202502,0979538,0208010025,22.0,8987.44
SIA,MG,202502,3938654,0206010079,9.0,1257.3
SIA,MG,202502,2195453,0206010036,8.0,694.08
SIA,MG,202502,2102765,0206030029,9.0,780.75
SIA,MG,202502,9681752,0206010044,5.0,433.75
SIA,MG,202502,2159368,0208010025,12.0,4902.24
SIA,MG,202502,9344330,0206010028,10.0,1011.0
SIA,MG,202502,0979538,0206020015,11.0,954.25
SIA,MG,202502,2172259,0206020015,4.0,385.72
SIA,MG,202502,9368221,0206010036,0.0,0.0
SIA,MG,202502,9368221,0206010079,0.0,0.0
SIA,MG,202502,6776434,0206010044,0.0,0.0
SIA,MG,202502,2138875,0211020036,11.0,56.65
SIA,MG,202502,2129469,0206030029,3.0,260.25
SIA,MG,202502,2144638,0206010044,4.0,347.0
SIA,MG,202502,2122650,0206010010,1.0,86.76
SIA,MG,202502,2124300,0206030029,6.0,520.5
SIA,MG,202502,2111659,0206030010,30.0,4158.9
SIA,MG,202502,7595247,0208010033,0.0,0.0
SIA,MG,202502,2144530,0206020015,2.0,173.5
SIA,MG,202502,7284233,0206010010,2.0,173.52
SIA,MG,202502,2761041,0206010079,22.0,2143.68
SIA,MG,202502,2172259,0206010028,14.0,1415.4
SIA,MG,202502,7858094,0206020031,9.0,1227.69
SIA,MG,202502,2119498,0211020036,61.0,314.15
SIA,MG,202502,2761041,0206020031,3.0,409.23
SIA,MG,202502,2098911,0206010028,20.0,2022.0
SIA,MG,202502,4042085,0206020031,9.0,1227.69
SIA,MG,202502,3938654,0206030010,4.0,792.0
SIA,MG,202502,2143801,0206010010,7.0,607.32
SIA,MG,202502,6340059,0206010044,2.0,173.5
SIA,MG,202502,0979538,0206010052,5.0,433.75
SIA,MG,202502,4042085,0206030037,21.0,2911.23
SIA,MG,202502,7741464,0211020060,15.0,450.0
SIA,MG,202502,2760924,0206030010,12.0,1663.56
SIA,MG,202502,2764814,0206010044,1.0,86.75
SIA,MG,202502,2126346,0206010052,5.0,433.75
SIA,MG,202502,2760843,0206010036,2.0,173.52
SIA,MG,202502,2761203,0206020031,2.0,272.82
SIA,MG,202502,2760681,0206030010,13.0,1802.19
SIA,MG,202502,2760843,0206010010,6.0,520.56
SIA,MG,202502,2760924,0206010036,1.0,86.76
SIA,MG,202502,5724538,0211020036,4.0,20.6
SIA,MG,202502,2192128,0206010028,2.0,202.2
SIA,MG,202502,2098539,0206010036,11.0,954.36
SIA,MG,202502,2100754,0206010028,2.0,202.2
SIA,MG,202502,9388354,0206010028,2.0,202.2
SIA,MG,202502,2112140,0206010036,1.0,86.76
SIA,MG,202502,6487556,0206030010,0.0,0.0
SIA,MG,202502,9319336,0206020031,1.0,136.41
SIA,MG,202502,2709848,0206010010,1.0,86.76
SIA,MG,202502,7101406,0206030010,8.0,1109.04
SIA,MG,202502,2159252,0206010010,6.0,520.56
SIA,MG,202502,2171945,0206010010,4.0,347.04
SIA,MG,202502,3498441,0206030037,4.0,554.52
SIA,MG,202502,6959415,0206010010,0.0,0.0
SIA,MG,202502,2101777,0206010044,5.0,433.75
SIA,MG,202502,2173166,0206020015,1.0,173.5
SIA,MG,202502,9673717,0206010010,0.0,0.0
SIA,MG,202502,2161354,0208010033,5.0,1915.35
SIA,MG,202502,2756749,0206010036,1.0,86.76
SIA,MG,202502,2126494,0206010052,5.0,433.75
SIA,MG,202502,2775956,0206020031,1.0,136.41
SIA,MG,202502,2099454,0206030029,2.0,173.5
SIA,MG,202502,9881425,0211020036,182.0,937.3
SIA,MG,202502,2796392,0206010079,1.0,97.44
SIA,MG,202502,2099152,0206010036,1.0,164.83
SIA,MG,202502,2183501,0211020036,2.0,10.3
SIA,MG,202502,2132877,0206010036,1.0,288.0
SIA,MG,202502,2760657,0206010010,1.0,86.76
SIA,MG,202502,2119447,0211020036,58.0,298.7
SIA,MG,202502,2186357,0205010016,5.0,825.0
SIA,MG,202502,2099616,0211020036,51.0,262.65
SIA,MG,202502,2163829,0206020023,1.0,86.75
SIA,MG,202502,2205734,0206030037,4.0,554.52
SIA,MG,202502,8000956,0211020036,353.0,1817.95
SIA,MG,202502,2135124,0206010079,1.0,97.44
SIA,MG,202502,2194260,0211020036,38.0,195.7
SIA,MG,202502,2162792,0211020036,43.0,221.45
SIA,MG,202502,2173565,0206020023,2.0,173.5
SIA,MG,202502,2124300,0206020023,3.0,260.25
SIA,MG,202502,2204649,0206020015,1.0,86.75
SIA,MG,202502,9673717,0206010044,0.0,0.0
SIA,MG,202502,2146479,0211020036,0.0,0.0
SIA,MG,202502,2208857,0206010079,2.0,194.88
SIA,MG,202502,6340059,0206020015,4.0,347.0
SIA,MG,202502,2097923,0211020036,86.0,442.9
SIA,MG,202502,2117312,0211020036,127.0,654.05
SIA,MG,202502,2163438,0211020036,291.0,1447.15
SIA,MG,202502,2140411,0206010044,2.0,183.74
SIA,MG,202502,2098326,0211020036,24.0,123.6
SIA,MG,202502,3938654,0206010028,2.0,280.0
SIA,MG,202502,4042085,0206010044,1.0,86.75
SIA,MG,202502,3871797,0206030037,0.0,0.0
SIA,MG,202502,9005552,0211020036,157.0,808.55
SIA,MG,202502,2149788,0211020036,1.0,5.15
SIA,MG,202502,2136937,0211020036,2.0,10.3
SIA,MG,202502,2168650,0206010028,3.0,303.3
SIA,MG,202502,2149664,0211020036,52.0,267.8
SIA,MG,202502,2172887,0206030037,1.0,138.63
SIA,MG,202502,2144638,0206020023,1.0,86.75
SIA,MG,202502,2146525,0206010052,2.0,173.5
SIA,MG,202502,9319336,0206010060,1.0,97.44
SIA,MG,202502,2194937,0206030029,3.0,260.25
SIA,MG,202502,2132877,0206020023,1.0,277.0
SIA,MG,202502,2761041,0206030010,2.0,277.26
SIA,MG,202502,7284233,0206020023,1.0,86.75
SIA,MG,202502,2204622,0206020015,4.0,347.0
SIA,MG,202502,2122650,0206020015,2.0,173.5
SIA,MG,202502,2140217,0206010036,1.0,86.76
SIA,MG,202502,2148293,0211020036,18.0,92.7
SIA,MG,202502,2144530,0206010036,1.0,86.76
SIA,MG,202502,2135132,0206030037,1.0,138.63
SIA,MG,202502,2163829,0211020036,20.0,103.0
SIA,MG,202502,2129566,0206010028,3.0,303.3
SIA,MG,202502,2110075,0206010028,2.0,202.2
SIA,MG,202502,7519826,0206030037,1.0,138.63
SIA,MG,202502,2135930,0211020036,145.0,746.75
SIA,MG,202502,2796449,0206010010,2.0,368.54
SIA,MG,202502,2145588,0211020036,101.0,520.15
SIA,MG,202502,3050378,0206010044,2.0,173.5
SIA,MG,202502,2796589,0211020036,75.0,386.25
SIA,MG,202502,2102765,0206010060,1.0,97.44
SIA,MG,202502,2098369,0206010010,2.0,173.52
SIA,MG,202502,2180839,0211020036,76.0,391.4
SIA,MG,202502,2204762,0211020036,377.0,1941.55
SIA,MG,202502,2139200,0206010052,2.0,206.3
SIA,MG,202502,2139200,0206030029,1.0,103.15
SIA,MG,202502,3145425,0206020023,1.0,86.75
SIA,MG,202502,2208857,0211020010,17.0,12410.68
SIA,MG,202502,2129566,0211020010,58.0,42342.32
SIA,MG,202502,2110075,0206010095,1.0,2107.22
SIA,MG,202502,2144638,0206010052,1.0,86.75
SIA,MG,202502,7114982,0206010052,0.0,0.0
SIA,MG,202502,9368221,0206010044,0.0,0.0
SIA,MG,202502,2213605,0211020036,42.0,216.3
SIA,MG,202502,2127911,0211020036,62.0,319.3
SIA,MG,202502,2796562,0206030037,1.0,138.63
SIA,MG,202502,7362870,0211020036,56.0,288.4
SIA,MG,202502,2139103,0211020036,18.0,92.7
SIA,MG,202502,5661757,0211020036,40.0,206.0
SIA,MG,202502,9529209,0206010052,2.0,173.5
SIA,MG,202502,2140217,0206020023,2.0,173.5
SIA,MG,202502,2114763,0211020036,124.0,638.6
SIA,MG,202502,2159252,0211020010,46.0,33581.84
SIA,MG,202502,2119528,0206010052,1.0,86.75
SIA,MG,202502,9944338,0211020036,80.0,412.0
SIA,MG,202502,6240844,0211020036,43.0,221.45
SIA,MG,202502,9673717,0211020060,0.0,0.0
SIA,MG,202502,3717135,0211020036,1.0,5.15
SIA,MG,202502,2127989,0211020010,23.0,16790.92
SIA,MG,202502,2098369,0206020015,1.0,86.75
SIA,MG,202502,6060862,0206030010,1.0,138.63
SIA,MG,202502,2208857,0206010095,4.0,8428.88
SIA,MG,202502,4042085,0206020015,3.0,260.25
SIA,MG,202502,2173166,0206010052,1.0,173.5
SIA,MG,202502,9388354,0208010025,2.0,817.04
SIA,MG,202502,2105780,0211020036,424.0,2183.6
SIA,MG,202502,2098938,0211020010,50.0,36502.0
SIA,MG,202502,7201109,0211020036,13.0,66.95
SIA,MG,202502,2098849,0211020036,1.0,5.15
SIA,MG,202502,2145537,0211020036,25.0,128.75
SIA,MG,202502,2099233,0211020036,188.0,968.2
SIA,MG,202502,2195321,0211020036,40.0,206.0
SIA,MG,202502,2764547,0211020036,21.0,108.15
SIA,MG,202502,2141523,0211020036,25.0,128.75
SIA,MG,202502,2794608,0211020036,80.0,412.0
SIA,MG,202502,2156709,0211020036,31.0,159.65
SIA,MG,202502,4042085,0211020036,195.0,1004.25
SIA,MG,202502,2145774,0211020036,100.0,515.0
SIA,MG,202502,9368221,0206010010,0.0,0.0
SIA,MG,202502,6487556,0211020036,0.0,0.0
SIA,MG,202502,4042107,0211020036,364.0,1874.6
SIA,MG,202502,2169657,0211020036,180.0,927.0
SIA,MG,202502,2146789,0211020036,273.0,1405.95
SIA,MG,202502,2194317,0211020036,84.0,432.6
SIA,MG,202502,2161729,0211020036,68.0,350.2
SIA,MG,202502,6959415,0206010052,0.0,0.0
SIA,MG,202502,6511805,0206020023,1.0,184.26
SIA,MG,202502,2209195,0206010044,2.0,173.5
SIA,MG,202502,2099853,0211020036,60.0,309.0
SIA,MG,202502,6790151,0206020015,1.0,86.75
SIA,MG,202502,9319336,0206010052,1.0,86.75
SIA,MG,202502,6631487,0208010033,2.0,1088.0
SIA,MG,202502,2132877,0206010010,1.0,288.0
SIA,MG,202502,2768372,0211020036,200.0,1030.0
SIA,MG,202502,5796601,0206020023,1.0,86.75
SIA,MG,202502,4378520,0211020036,5.0,25.75
SIA,MG,202502,7845383,0211020036,10.0,51.5
SIA,MG,202502,2173166,0211020036,159.0,818.85
SIA,MG,202502,7858094,0206010028,1.0,101.1
SIA,MG,202502,7951604,0206030029,2.0,192.86
SIA,MG,202502,2219719,0211020036,220.0,1133.0
SIA,MG,202502,2206420,0206030029,1.0,86.75
SIA,MG,202502,2144530,0206020023,1.0,86.75
SIA,MG,202502,2139030,0211020036,20.0,103.0
SIA,MG,202502,2142376,0206020031,1.0,136.41
SIA,MG,202502,2210339,0211020036,60.0,309.0
SIA,MG,202502,2191164,0206010052,1.0,86.75
SIA,MG,202502,2136236,0211020036,57.0,293.55
SIA,MG,202502,2159252,0206020023,1.0,86.75
SIA,MG,202502,5677416,0211020036,30.0,154.5
SIA,MG,202502,2169967,0211020036,58.0,298.7
SIA,MG,202502,9419977,0206020015,1.0,86.75
SIA,MG,202502,2102900,0211020036,150.0,772.5
SIA,MG,202502,2133814,0211020036,15.0,77.25
SIA,MG,202502,6790151,0208010025,1.0,408.52
SIA,MG,202502,2134446,0211020036,67.0,345.05
SIA,MG,202502,2140381,0211020036,41.0,211.15
SIA,MG,202502,2148870,0211020036,65.0,334.75
SIA,MG,202502,2142589,0211020036,137.0,705.55
SIA,MG,202502,2120127,0211020036,15.0,77.25
SIA,MG,202502,7858094,0206020023,1.0,86.75
SIA,MG,202502,2146517,0211020036,74.0,381.1
SIA,MG,202502,2168731,0211020036,67.0,345.05
SIA,MG,202502,2123436,0211020036,67.0,345.05
SIA,MG,202502,4667131,0211020036,15.0,77.25
SIA,MG,202502,2149141,0211020036,95.0,489.25
SIA,MG,202502,2760851,0211020036,27.0,139.05
SIA,MG,202502,2162938,0211020036,50.0,257.5
SIA,MG,202502,6319769,0211020036,16.0,82.4
SIA,MG,202502,2126540,0211020036,311.0,1601.65
SIA,MG,202502,7408331,0211020036,55.0,283.25
SIA,MG,202502,2122650,0206010036,1.0,86.76
SIA,MG,202502,2207664,0211020036,372.0,1915.8
SIA,MG,202502,2129469,0206020023,1.0,86.75
SIA,MG,202502,2116081,0211020036,2.0,10.3
SIA,MG,202502,2184389,0211020036,25.0,128.75
SIA,MG,202502,2144573,0211020036,234.0,1205.1
SIA,MG,202502,9876332,0211020036,34.0,175.1
SIA,MG,202502,2135310,0211020036,25.0,128.75
SIA,MG,202502,2118319,0211020036,196.0,1009.4
SIA,MG,202502,2120097,0211020036,26.0,133.9
SIA,MG,202502,2142295,0211020036,62.0,319.3
SIA,MG,202502,2102587,0211020036,75.0,386.25
SIA,MG,202502,2212447,0211020036,42.0,216.3
SIA,MG,202502,2120089,0211020036,10.0,51.5
SIA,MG,202502,2205971,0211020036,146.0,751.9
SIA,MG,202502,2120194,0211020036,140.0,721.0
SIA,MG,202502,2204622,0211020036,19.0,97.85
SIA,MG,202502,2117568,0206030010,1.0,138.63
SIA,MG,202502,2144638,0211020036,89.0,458.35
SIA,MG,202502,2213176,0211020036,50.0,257.5
SIA,MG,202502,2159252,0206020015,1.0,86.75
SIA,MG,202502,2115107,0211020036,79.0,406.85
SIA,MG,202502,2203448,0211020036,92.0,473.8
SIA,MG,202502,2182548,0211020036,103.0,530.45
SIA,MG,202502,9389539,0211020036,21.0,108.15
SIA,MG,202502,2114763,0206010036,1.0,86.76
SIA,MG,202502,2120100,0211020036,52.0,267.8
SIA,MG,202502,2120119,0211020036,11.0,56.65
SIA,MG,202502,2761262,0211020036,58.0,298.7
SIA,MG,202502,2139227,0211020036,40.0,206.0
SIA,MG,202502,7284233,0206020015,1.0,86.75
SIA,MG,202502,2155745,0211020036,121.0,623.15
SIA,MG,202502,2194635,0211020036,0.0,0.0
SIA,MG,202502,6085121,0206010052,1.0,173.5
SIA,MG,202502,2192128,0206020015,1.0,86.75
SIA,MG,202502,3938654,0206010036,1.0,140.0
SIA,MG,202502,2207931,0211020036,5.0,25.75
SIA,MG,202502,2155591,0211020036,14.0,72.1
SIA,MG,202502,3883582,0206030037,1.0,138.63
SIA,MG,202502,2126826,0211020036,76.0,391.4
SIA,MG,202502,2118513,0211020036,2.0,10.3
SIA,MG,202502,2172887,0206030010,1.0,138.63
SIA,MG,202502,2153912,0211020036,88.0,453.2
SIA,MG,202502,6006361,0206010044,0.0,0.0
SIA,MG,202502,2099713,0211020036,33.0,169.95
SIA,MG,202502,2192128,0206030029,1.0,86.75
SIA,MG,202502,2760819,0211020036,33.0,169.95
SIA,MG,202502,2144182,0211020036,29.0,149.35
SIA,MG,202502,2167654,0211020036,108.0,556.2
SIA,MG,202502,2143801,0206030029,1.0,86.75
SIA,MG,202502,2204762,0206010052,1.0,86.75
SIA,MG,202502,2206420,0206010010,2.0,173.52
SIA,MG,202502,2204762,0206010010,1.0,86.76
SIA,MG,202502,4041437,0211020036,150.0,772.5
SIA,MG,202502,2168650,0206010036,1.0,86.76
SIA,MG,202502,2216272,0211020036,30.0,154.5
SIA,MG,202502,2149311,0211020036,88.0,453.2
SIA,MG,202502,2761092,0206020015,2.0,173.5
SIA,MG,202502,6487556,0206010036,0.0,0.0
SIA,MG,202502,2144026,0206020023,1.0,86.75
SIA,MG,202502,2186314,0211020036,101.0,520.15
SIA,MG,202502,2756749,0206010028,4.0,404.4
SIA,MG,202502,2156792,0211020036,114.0,587.1
SIA,MG,202502,2142376,0206030010,1.0,138.63
SIA,MG,202502,2761092,0206030029,3.0,260.25
SIA,MG,202502,2120070,0211020036,50.0,257.5
SIA,MG,202502,9388354,0206010010,1.0,86.76
SIA,MG,202502,2138875,0206010028,1.0,101.1
SIA,MG,202502,2785684,0206010010,2.0,347.04
SIA,MG,202502,2204622,0206030029,1.0,86.75
SIA,MG,202502,2201879,0206010036,1.0,315.0
SIA,MG,202502,7609868,0211020060,1.0,30.0
SIA,MG,202502,6631487,0208010025,2.0,1152.0
SIA,MG,202502,7795203,0206010028,0.0,0.0
SIA,MG,202502,9518371,0211020036,110.0,566.5
SIA,MG,202502,2114763,0206010010,1.0,86.76
SIA,MG,202502,2194937,0206020023,1.0,86.75
SIA,MG,202502,7082886,0206010052,2.0,562.6
SIA,MG,202502,5473586,0206020031,0.0,0.0
SIA,MG,202502,2220377,0211020036,223.0,1148.45
SIA,MG,202502,2172887,0206020015,1.0,86.75
SIA,MG,202502,2117037,0211020036,156.0,803.4
SIA,MG,202502,2776014,0211020036,5.0,25.75
SIA,MG,202502,2128047,0206010036,3.0,260.28
SIA,MG,202502,6049265,0211020036,75.0,386.25
SIA,MG,202502,9419977,0206030029,1.0,86.75
SIA,MG,202502,6766358,0206010010,1.0,86.76
SIA,MG,202502,2194791,0211020060,13.0,390.0
SIA,MG,202502,6511805,0206030010,1.0,185.22
SIA,MG,202502,2211262,0211020036,40.0,206.0
SIA,MG,202502,2103710,0211020036,23.0,118.45
SIA,MG,202502,2148471,0211020036,62.0,319.3
SIA,MG,202502,2119439,0211020036,37.0,190.55
SIA,MG,202502,2855682,0211020036,114.0,587.1
SIA,MG,202502,2098911,0206010052,3.0,260.25
SIA,MG,202502,2168448,0211020036,125.0,643.75
SIA,MG,202502,2144026,0206010010,2.0,173.52
SIA,MG,202502,2111640,0206020015,1.0,86.75
SIA,MG,202502,6471226,0206030010,2.0,277.26
SIA,MG,202502,2139626,0211020036,32.0,164.8
SIA,MG,202502,2101874,0211020036,78.0,401.7
SIA,MG,202502,7595247,0211020036,0.0,0.0
SIA,MG,202502,2122677,0211020036,122.0,628.3
SIA,MG,202502,9419977,0206010036,1.0,86.76
SIA,MG,202502,2764776,0206030029,1.0,86.75
SIA,MG,202502,2165635,0211020036,78.0,401.7
SIA,MG,202502,2157357,0211020036,28.0,144.2
SIA,MG,202502,2200481,0211020036,120.0,618.0
SIA,MG,202502,2109034,0206010044,1.0,164.82
SIA,MG,202502,7795203,0206010010,0.0,0.0
SIA,MG,202502,2122901,0211020036,115.0,592.25
SIA,MG,202502,2163829,0206010036,4.0,347.04
SIA,MG,202502,2122650,0206010052,1.0,86.75
SIA,MG,202502,2103257,0211020036,32.0,164.8
SIA,MG,202502,2776286,0206010044,2.0,173.5
SIA,MG,202502,2101777,0206010010,1.0,86.76
SIA,MG,202502,2165643,0211020036,259.0,1333.85
SIA,MG,202502,7106548,0211020036,352.0,1812.8
SIA,MG,202502,2144611,0211020036,51.0,262.65
SIA,MG,202502,2194651,0211020036,66.0,339.9
SIA,MG,202502,2181509,0211020036,72.0,370.8
SIA,MG,202502,2764245,0211020036,144.0,741.6
SIA,MG,202502,2776006,0211020036,99.0,509.85
SIA,MG,202502,2760843,0206030029,1.0,86.75
SIA,MG,202502,2123223,0211020036,61.0,314.15
SIA,MG,202502,2173565,0206030029,2.0,173.5
SIA,MG,202502,2102404,0211020036,104.0,535.6
SIA,MG,202502,2213389,0211020036,58.0,298.7
SIA,MG,202502,2127687,0211020036,3.0,15.45
SIA,MG,202502,2102684,0211020036,30.0,154.5
SIA,MG,202502,2144530,0206010010,3.0,260.28
SIA,MG,202502,2162903,0211020036,3.0,15.45
SIA,MG,202502,2761041,0211020036,65.0,334.75
SIA,MG,202502,2112140,0206020015,2.0,173.5
SIA,MG,202502,2206382,0211020010,32.0,23361.28
SIA,MG,202502,4041690,0211020036,44.0,226.6
SIA,MG,202502,2776006,0206010079,1.0,97.44
SIA,MG,202502,2211912,0211020036,65.0,334.75
SIA,MG,202502,7387377,0206010028,1.0,281.3
SIA,MG,202502,6471226,0206020023,1.0,86.75
SIA,MG,202502,2178559,0211020036,7.0,36.05
SIA,MG,202502,2764814,0211020036,194.0,999.1
SIA,MG,202502,4042298,0211020036,88.0,453.2
SIA,MG,202502,2139057,0211020036,80.0,412.0
SIA,MG,202502,2115468,0211020036,200.0,1030.0
SIA,MG,202502,2135132,0211020010,11.0,8030.44
SIA,MG,202502,7858094,0206010036,1.0,86.76
SIA,MG,202502,2761106,0211020036,57.0,293.55
SIA,MG,202502,2209195,0211020010,32.0,23361.28
SIA,MG,202502,2167751,0211020036,63.0,324.45
SIA,MG,202502,2173565,0206020015,1.0,86.75
SIA,MG,202502,3224945,0211020060,28.0,840.0
SIA,MG,202502,2794381,0211020036,97.0,499.55
SIA,MG,202502,4042085,0211020010,15.0,10950.6
SIA,MG,202502,4042107,0211020010,3.0,2190.12
SIA,MG,202502,2760967,0211020036,67.0,345.05
SIA,MG,202502,2164299,0206020015,1.0,86.75
SIA,MG,202502,2761181,0211020036,58.0,298.7
SIA,MG,202502,2195453,0206010095,20.0,42144.4
SIA,MG,202502,2142244,0211020036,78.0,401.7
SIA,MG,202502,2114577,0211020036,84.0,432.6
SIA,MG,202502,2760681,0206010036,1.0,86.76
SIA,MG,202502,2100754,0206010036,2.0,173.52
SIA,MG,202502,2163438,0902010018,10.0,1300.0
SIA,MG,202502,2117134,0206010052,1.0,86.75
SIA,MG,202502,2785684,0206020015,1.0,173.5
SIA,MG,202502,2146525,0211020010,13.0,9490.52
SIA,MG,202502,6892256,0206020015,1.0,86.75
SIA,MG,202502,6356877,0211020036,49.0,252.35
SIA,MG,202502,2776030,0211020036,178.0,916.7
SIA,MG,202502,2142376,0211020010,11.0,8030.44
SIA,MG,202502,2764350,0211020036,106.0,545.9
SIA,MG,202502,2199793,0211020036,80.0,412.0
SIA,MG,202502,2144654,0211020036,19.0,97.85
SIA,MG,202502,7082886,0206020023,2.0,562.6
SIA,MG,202502,2208075,0211020036,36.0,185.4
SIA,MG,202502,2108933,0211020036,35.0,180.25
SIA,MG,202502,2099675,0211020036,80.0,412.0
SIA,MG,202502,2110075,0206010079,2.0,194.88
SIA,MG,202502,6631487,0206010028,2.0,400.0
SIA,MG,202502,2144026,0211020036,6.0,30.9
SIA,MG,202502,2133822,0211020036,230.0,1184.5
SIA,MG,202502,2761106,0206010052,1.0,86.75
SIA,MG,202502,7959079,0211020036,213.0,1096.95
SIA,MG,202502,7082886,0211020036,413.0,2126.95
SIA,MG,202502,2191164,0206010010,2.0,173.52
SIA,MG,202502,2156504,0211020036,121.0,623.15
SIA,MG,202502,2149419,0211020036,98.0,504.7
SIA,MG,202502,2114143,0211020036,100.0,515.0
SIA,MG,202502,2142104,0211020036,63.0,324.45
SIA,MG,202502,2796619,0211020036,156.0,803.4
SIA,MG,202502,2169509,0211020036,24.0,123.6
SIA,MG,202502,2183846,0211020036,176.0,906.4
SIA,MG,202502,9382453,0211020036,40.0,206.0
SIA,MG,202502,2140942,0211020036,516.0,2657.4
SIA,MG,202502,2205866,0211020036,66.0,339.9
SIA,MG,202502,3009718,0211020036,43.0,221.45
SIA,MG,202502,2132877,0211020036,2.0,10.3
SIA,MG,202502,5796601,0206030037,2.0,277.26
SIA,MG,202502,2221985,0211020036,60.0,309.0
SIA,MG,202502,2761092,0211020036,95.0,489.25
SIA,MG,202502,2161354,0206020015,1.0,86.75
SIA,MG,202502,2162601,0211020036,29.0,149.35
SIA,MG,202502,2764814,0206030029,1.0,86.75
SIA,MG,202502,2172682,0211020036,110.0,566.5
SIA,MG,202502,2172941,0211020036,39.0,200.85
SIA,MG,202502,2119463,0211020036,20.0,103.0
SIA,MG,202502,7061773,0211020036,573.0,2950.95
SIA,MG,202502,3224945,0211020036,50.0,257.5
SIA,MG,202502,2168707,0206010052,1.0,86.75
SIA,MG,202502,2202891,0211020036,108.0,556.2
SIA,MG,202502,6920977,0206010052,1.0,86.75
SIA,MG,202502,2764776,0211020036,143.0,736.45
SIA,MG,202502,2100215,0211020036,76.0,391.4
SIA,MG,202502,6410200,0211020036,76.0,391.4
SIA,MG,202502,2145758,0211020036,16.0,82.4
SIA,MG,202502,2103532,0211020036,38.0,195.7
SIA,MG,202502,2193469,0211020036,115.0,592.25
SIA,MG,202502,3313484,0211020036,26.0,133.9
SIA,MG,202502,2148005,0211020036,165.0,849.75
SIA,MG,202502,2868385,0211020036,21.0,108.15
SIA,MG,202502,2135116,0211020036,27.0,139.05
SIA,MG,202502,4503333,0211020036,170.0,875.5
SIA,MG,202502,2146398,0211020036,15.0,77.25
SIA,MG,202502,6569803,0211020036,123.0,633.45
SIA,MG,202502,2100525,0211020036,115.0,592.25
SIA,MG,202502,2126990,0211020036,90.0,463.5
SIA,MG,202502,2117568,0211020036,87.0,448.05
SIA,MG,202502,2764148,0211020036,70.0,360.5
SIA,MG,202502,2129469,0206020015,1.0,86.75
SIA,MG,202502,0133876,0211020036,320.0,1648.0
SIA,MG,202502,2211521,0211020036,6.0,30.9
SIA,MG,202502,7548311,0211020036,361.0,1859.15
SIA,MG,202502,2102447,0211020036,15.0,77.25
SIA,MG,202502,2154021,0211020036,400.0,2060.0
SIA,MG,202502,7533934,0211020036,247.0,1272.05
SIA,MG,202502,2115506,0211020036,85.0,437.75
SIA,MG,202502,2140411,0206020031,1.0,144.46
SIA,MG,202502,2214733,0211020036,610.0,3141.5
SIA,MG,202502,2169479,0211020036,71.0,365.65
SIA,MG,202502,7387377,0206010010,1.0,281.3
SIA,MG,202502,2144638,0206010028,1.0,101.1
SIA,MG,202502,5046688,0211020036,71.0,365.65
SIA,MG,202502,2098369,0206010036,1.0,86.76
SIA,MG,202502,7795203,0206010060,0.0,0.0
SIA,MG,202502,2142139,0211020036,42.0,216.3
SIA,MG,202502,2109034,0211020036,128.0,659.2
SIA,MG,202502,2776847,0211020036,46.0,236.9
SIA,MG,202502,7518196,0211020036,142.0,731.3
SIA,MG,202502,2102099,0211020036,8.0,41.2
SIA,MG,202502,2112140,0206020023,1.0,86.75
SIA,MG,202502,2098911,0211020036,354.0,1823.1
SIA,MG,202502,2140098,0211020036,209.0,1076.35
SIA,MG,202502,9127666,0211020036,327.0,1684.05
SIA,MG,202502,2194953,0211020036,19.0,97.85
SIA,MG,202502,2213958,0211020036,0.0,0.0
SIA,MG,202502,2099152,0211020060,30.0,900.0
SIA,MG,202502,2184338,0211020036,0.0,0.0
SIA,MG,202502,2143801,0206010036,1.0,86.76
SIA,MG,202502,2099152,0211020036,201.0,1035.15
SIA,MG,202502,2214067,0211020036,30.0,154.5
SIA,MG,202502,2212633,0211020036,28.0,144.2
SIA,MG,202502,6655203,0211020036,30.0,154.5
SIA,MG,202502,6856209,0211020036,145.0,746.75
SIA,MG,202502,2794268,0211020036,29.0,149.35
SIA,MG,202502,2126559,0211020036,138.0,710.7
SIA,MG,202502,2119501,0211020036,128.0,659.2
SIA,MG,202502,7857950,0211020036,500.0,2575.0
SIA,MG,202502,2102544,0211020036,20.0,103.0
SIA,MG,202502,2760843,0206030010,2.0,277.26
SIA,MG,202502,2101025,0211020036,19.0,97.85
SIA,MG,202502,2162504,0211020036,100.0,515.0
SIA,MG,202502,7031882,0211020036,475.0,2446.25
SIA,MG,202502,2218410,0211020036,57.0,293.55
SIA,MG,202502,2099438,0206010028,1.0,101.1
SIA,MG,202503,2118661,0211020036,159.0,818.85
SIA,MG,202503,0027863,0206010079,405.0,39463.2
SIA,MG,202503,0027863,0206030037,103.0,14278.89
SIA,MG,202503,0027863,0206020031,65.0,8866.65
SIA,MG,202503,2208172,0206010079,111.0,10815.84
SIA,MG,202503,2208172,0206020031,31.0,4228.71
SIA,MG,202503,2208172,0206010044,12.0,1041.0
SIA,MG,202503,2208172,0206010028,28.0,2830.8
SIA,MG,202503,2208172,0206030029,11.0,954.25
SIA,MG,202503,2208172,0206030010,36.0,4990.68
SIA,MG,202503,2218798,0206030010,50.0,6931.5
SIA,MG,202503,2205440,0206010052,90.0,7807.5
SIA,MG,202503,2205440,0206010044,11.0,954.25
SIA,MG,202503,2205440,0206030037,347.0,48104.61
SIA,MG,202503,2118661,0206020031,149.0,20325.09
SIA,MG,202503,2118661,0206030037,98.0,13585.74
SIA,MG,202503,2118661,0206030010,137.0,18992.31
SIA,MG,202503,2205440,0206020031,504.0,68750.64
SIA,MG,202503,2153106,0206030037,68.0,9426.84
SIA,MG,202503,2218798,0206020031,82.0,11185.62
SIA,MG,202503,2118661,0206010052,33.0,2862.75
SIA,MG,202503,2118661,0211020060,9.0,270.0
SIA,MG,202503,2153106,0206010079,16.0,1559.04
SIA,MG,202503,2118661,0206010079,53.0,5164.32
SIA,MG,202503,0027863,0206010010,92.0,7981.92
SIA,MG,202503,0027863,0206010044,78.0,6766.5
SIA,MG,202503,2200457,0206030037,718.0,99536.34
SIA,MG,202503,2200457,0206010079,181.0,17636.64
SIA,MG,202503,0026840,0206030010,135.0,18715.05
SIA,MG,202503,7339879,0206010079,0.0,0.0
SIA,MG,202503,2206528,0206020031,151.0,30200.0
SIA,MG,202503,2206528,0211020036,229.0,1179.35
SIA,MG,202503,2206528,0206030010,159.0,31800.0
SIA,MG,202503,2206528,0206030037,153.0,30600.0
SIA,MG,202503,2208172,0211020036,30.0,154.5
SIA,MG,202503,2208172,0206030037,34.0,4713.42
SIA,MG,202503,2200457,0206010036,34.0,2949.84
SIA,MG,202503,2200457,0211020036,429.0,2209.35
SIA,MG,202503,2200457,0206010052,104.0,9022.0
SIA,MG,202503,2200457,0206020031,769.0,104899.29
SIA,MG,202503,0026840,0206010052,55.0,4771.25
SIA,MG,202503,0027863,0211020036,189.0,973.35
SIA,MG,202503,0026840,0208010033,246.0,94235.22
SIA,MG,202503,0026840,0206030037,178.0,24676.14
SIA,MG,202503,2200457,0206030010,708.0,98150.04
SIA,MG,202503,4034236,0206020031,174.0,23735.34
SIA,MG,202503,4034236,0206030010,154.0,21349.02
SIA,MG,202503,4034236,0211020036,787.0,4053.05
SIA,MG,202503,6102174,0211020060,0.0,0.0
SIA,MG,202503,6102174,0206020031,0.0,0.0
SIA,MG,202503,2218798,0206030037,46.0,6376.98
SIA,MG,202503,2695324,0206010028,9.0,909.9
SIA,MG,202503,2153114,0206030037,59.0,8179.17
SIA,MG,202503,2695324,0206020031,351.0,47879.91
SIA,MG,202503,2695324,0208010033,13.0,4979.91
SIA,MG,202503,2695324,0211020036,405.0,2085.75
SIA,MG,202503,2205440,0206010079,147.0,14323.68
SIA,MG,202503,2205440,0206030010,382.0,52956.66
SIA,MG,202503,2141213,0211020036,5.0,25.75
SIA,MG,202503,2152037,0206020031,21.0,2864.61
SIA,MG,202503,6102174,0206030037,0.0,0.0
SIA,MG,202503,2695324,0206030037,297.0,41173.11
SIA,MG,202503,2118661,0205010016,1.0,165.0
SIA,MG,202503,7455038,0211020036,607.0,3126.05
SIA,MG,202503,0026840,0206020031,208.0,28373.28
SIA,MG,202503,0026840,0208010025,246.0,100495.92
SIA,MG,202503,2695324,0206030010,297.0,41173.11
SIA,MG,202503,0026840,0211020036,343.0,1766.45
SIA,MG,202503,9141839,0206030037,147.0,20378.61
SIA,MG,202503,6102174,0206030010,0.0,0.0
SIA,MG,202503,9141839,0211020036,131.0,674.65
SIA,MG,202503,9141839,0206010079,211.0,20559.84
SIA,MG,202503,2695324,0206030029,7.0,607.25
SIA,MG,202503,2164817,0211020036,295.0,1519.25
SIA,MG,202503,2205440,0211020036,239.0,1230.85
SIA,MG,202503,9141839,0206020015,15.0,1301.25
SIA,MG,202503,2205440,0206010010,21.0,1821.96
SIA,MG,202503,2205440,0206010028,15.0,1516.5
SIA,MG,202503,4034236,0206010036,14.0,1214.64
SIA,MG,202503,2127679,0211020036,115.0,592.25
SIA,MG,202503,4034236,0206010079,90.0,8769.6
SIA,MG,202503,6102174,0206030029,0.0,0.0
SIA,MG,202503,6102174,0206010010,0.0,0.0
SIA,MG,202503,2152045,0206020031,24.0,3273.84
SIA,MG,202503,2695324,0206010052,74.0,6419.5
SIA,MG,202503,2153106,0206020031,62.0,8457.42
SIA,MG,202503,2153106,0206030010,48.0,6654.24
SIA,MG,202503,4034236,0206030037,139.0,19269.57
SIA,MG,202503,2695324,0206010079,67.0,6528.48
SIA,MG,202503,4034236,0206020015,4.0,347.0
SIA,MG,202503,2153114,0206020031,82.0,11185.62
SIA,MG,202503,7903782,0211020036,75.0,386.25
SIA,MG,202503,2206528,0206010079,11.0,2200.0
SIA,MG,202503,2760703,0211020036,72.0,370.8
SIA,MG,202503,6060862,0206010028,4.0,404.4
SIA,MG,202503,6060862,0206010079,44.0,4287.36
SIA,MG,202503,6356354,0211020036,13.0,66.95
SIA,MG,202503,0026840,0206010044,43.0,3730.25
SIA,MG,202503,4034236,0211020060,104.0,3120.0
SIA,MG,202503,2152045,0206030037,28.0,3881.64
SIA,MG,202503,7581645,0208010033,16.0,6129.12
SIA,MG,202503,2200457,0206010010,24.0,2082.24
SIA,MG,202503,4034236,0206010044,72.0,6246.0
SIA,MG,202503,2205440,0206020023,14.0,1214.5
SIA,MG,202503,2205440,0208010025,27.0,11030.04
SIA,MG,202503,9141839,0206010044,28.0,2429.0
SIA,MG,202503,9141839,0206020031,61.0,8321.01
SIA,MG,202503,9141839,0206030010,146.0,20239.98
SIA,MG,202503,6102174,0206010079,0.0,0.0
SIA,MG,202503,9141839,0206010028,53.0,5358.3
SIA,MG,202503,5617286,0211020036,352.0,1812.8
SIA,MG,202503,2695324,0206010044,28.0,2429.0
SIA,MG,202503,4034236,0206010052,18.0,1561.5
SIA,MG,202503,4034236,0206010028,17.0,1718.7
SIA,MG,202503,6060862,0206020031,10.0,1364.1
SIA,MG,202503,2200457,0206030029,6.0,520.5
SIA,MG,202503,2206528,0211020060,3.0,404.94
SIA,MG,202503,3137112,0208010033,13.0,4979.91
SIA,MG,202503,2152037,0206010079,20.0,1948.8
SIA,MG,202503,2148692,0211020036,110.0,566.5
SIA,MG,202503,2218798,0206010079,22.0,2143.68
SIA,MG,202503,2218798,0211020036,437.0,2250.55
SIA,MG,202503,7339879,0206010044,0.0,0.0
SIA,MG,202503,7339879,0206020031,0.0,0.0
SIA,MG,202503,2153106,0206010036,5.0,433.8
SIA,MG,202503,2153106,0206010028,5.0,505.5
SIA,MG,202503,2153106,0206010010,2.0,173.52
SIA,MG,202503,2153106,0206010052,21.0,1821.75
SIA,MG,202503,6875343,0211020036,668.0,3440.2
SIA,MG,202503,6102174,0206010036,0.0,0.0
SIA,MG,202503,2153114,0206010052,8.0,694.0
SIA,MG,202503,2153114,0206030010,63.0,8733.69
SIA,MG,202503,2195437,0211020036,262.0,1349.3
SIA,MG,202503,2206528,0206010036,1.0,200.0
SIA,MG,202503,2195585,0211020036,500.0,2575.0
SIA,MG,202503,0027863,0206010028,47.0,4751.7
SIA,MG,202503,0027863,0206030010,105.0,14556.15
SIA,MG,202503,0026840,0206010079,35.0,3410.4
SIA,MG,202503,2200457,0206010028,52.0,5257.2
SIA,MG,202503,2200457,0206010044,43.0,3730.25
SIA,MG,202503,2695677,0211020036,14.0,72.1
SIA,MG,202503,2146355,0206020031,316.0,43105.56
SIA,MG,202503,2146355,0206010079,181.0,17636.64
SIA,MG,202503,0027863,0206030029,7.0,607.25
SIA,MG,202503,2218798,0206010044,18.0,1561.5
SIA,MG,202503,2205440,0206030029,11.0,954.25
SIA,MG,202503,6102174,0206010028,0.0,0.0
SIA,MG,202503,0026964,0206020023,10.0,867.5
SIA,MG,202503,2222043,0206030037,164.0,22735.32
SIA,MG,202503,6102174,0206010052,0.0,0.0
SIA,MG,202503,3183882,0211020036,5113.0,26331.95
SIA,MG,202503,2222043,0206010079,333.0,32447.52
SIA,MG,202503,2195437,0206030037,141.0,19546.83
SIA,MG,202503,2195437,0206010079,309.0,30108.96
SIA,MG,202503,2195437,0206020031,158.0,21552.78
SIA,MG,202503,2146355,0206030037,301.0,41727.63
SIA,MG,202503,0026964,0206020031,491.0,66977.31
SIA,MG,202503,7525427,0211020036,385.0,1982.75
SIA,MG,202503,2195437,0206010010,31.0,2689.56
SIA,MG,202503,0027863,0206010036,30.0,2602.8
SIA,MG,202503,7954212,0211020036,2725.0,14033.75
SIA,MG,202503,2219638,0206010028,65.0,6571.5
SIA,MG,202503,2219638,0206010079,122.0,11887.68
SIA,MG,202503,2219638,0206020031,48.0,6547.68
SIA,MG,202503,2219638,0206030010,107.0,14833.41
SIA,MG,202503,2219638,0206010044,11.0,954.25
SIA,MG,202503,2219638,0206030037,101.0,14001.63
SIA,MG,202503,0480738,0211020060,24.0,720.0
SIA,MG,202503,9141839,0206030029,6.0,520.5
SIA,MG,202503,9141839,0206010010,32.0,2776.32
SIA,MG,202503,0026840,0206020023,1.0,86.75
SIA,MG,202503,2149990,0206030037,452.0,62660.76
SIA,MG,202503,2149990,0211020036,359.0,1848.85
SIA,MG,202503,2149990,0206010010,60.0,5205.6
SIA,MG,202503,2146355,0211020036,324.0,1668.6
SIA,MG,202503,0026964,0206030037,352.0,48797.76
SIA,MG,202503,0026964,0206030010,379.0,52540.77
SIA,MG,202503,2149990,0206010079,436.0,42483.84
SIA,MG,202503,2149990,0206020023,12.0,1041.0
SIA,MG,202503,2149990,0206030010,492.0,68205.96
SIA,MG,202503,2149990,0206010052,38.0,3296.5
SIA,MG,202503,2152037,0206030010,23.0,3188.49
SIA,MG,202503,2218798,0206020023,1.0,86.75
SIA,MG,202503,2195437,0206030010,133.0,18437.79
SIA,MG,202503,2205440,0206020015,6.0,520.5
SIA,MG,202503,2205440,0208010033,27.0,10342.89
SIA,MG,202503,6274773,0206010079,18.0,1753.92
SIA,MG,202503,3183882,0211020060,194.0,5820.0
SIA,MG,202503,2695634,0211020036,24.0,123.6
SIA,MG,202503,2222043,0211020036,695.0,3579.25
SIA,MG,202503,2222043,0206010044,43.0,3730.25
SIA,MG,202503,2222043,0206020023,43.0,3730.25
SIA,MG,202503,3004791,0206020023,30.0,2602.5
SIA,MG,202503,2152045,0206030010,30.0,4158.9
SIA,MG,202503,7417659,0211020036,599.0,3084.85
SIA,MG,202503,2200457,0208010033,7.0,2681.49
SIA,MG,202503,9141839,0206020023,16.0,1388.0
SIA,MG,202503,2149990,0206010044,74.0,6419.5
SIA,MG,202503,0480738,0211020036,91.0,468.65
SIA,MG,202503,2149990,0206020031,449.0,61248.09
SIA,MG,202503,0026964,0206010052,118.0,10236.5
SIA,MG,202503,2149990,0206010028,27.0,2729.7
SIA,MG,202503,9141839,0206010036,2.0,173.52
SIA,MG,202503,0022683,0211020036,580.0,2987.0
SIA,MG,202503,2222043,0206030010,195.0,27032.85
SIA,MG,202503,2218798,0206010028,8.0,808.8
SIA,MG,202503,2218798,0206010010,3.0,260.28
SIA,MG,202503,2153025,0206020031,45.0,6138.45
SIA,MG,202503,2153025,0206030010,46.0,6376.98
SIA,MG,202503,2222043,0206010028,18.0,1819.8
SIA,MG,202503,2146355,0206030010,296.0,41034.48
SIA,MG,202503,6060862,0206010036,2.0,173.52
SIA,MG,202503,6102174,0206010044,0.0,0.0
SIA,MG,202503,6060862,0206010044,1.0,86.75
SIA,MG,202503,7581645,0208010025,16.0,6536.32
SIA,MG,202503,3004791,0206020015,17.0,1474.75
SIA,MG,202503,0026972,0211020036,5.0,25.75
SIA,MG,202503,2219638,0206010010,13.0,1127.88
SIA,MG,202503,0026840,0206010010,2.0,173.52
SIA,MG,202503,0026840,0211020060,30.0,900.0
SIA,MG,202503,2222043,0206020031,127.0,17324.07
SIA,MG,202503,2146355,0206020023,2.0,173.5
SIA,MG,202503,2146355,0206010052,48.0,4164.0
SIA,MG,202503,2195437,0206010028,24.0,2426.4
SIA,MG,202503,2195437,0206010044,40.0,3470.0
SIA,MG,202503,2208172,0206020023,3.0,260.25
SIA,MG,202503,2208172,0206010052,3.0,260.25
SIA,MG,202503,2153114,0206010044,6.0,520.5
SIA,MG,202503,7954212,0206010079,34.0,3312.96
SIA,MG,202503,2219638,0211020036,193.0,993.95
SIA,MG,202503,2695324,0206020023,5.0,433.75
SIA,MG,202503,2118661,0206010044,5.0,433.75
SIA,MG,202503,2222043,0206010036,8.0,694.08
SIA,MG,202503,2146355,0211020060,6.0,180.0
SIA,MG,202503,2118904,0208010025,30.0,12255.6
SIA,MG,202503,2146355,0206010036,10.0,867.6
SIA,MG,202503,2146355,0206010028,19.0,1920.9
SIA,MG,202503,2146355,0206010044,55.0,4771.25
SIA,MG,202503,2222043,0206010010,42.0,3643.92
SIA,MG,202503,7339879,0211020060,0.0,0.0
SIA,MG,202503,2152045,0206010079,23.0,2241.12
SIA,MG,202503,5013739,0205010016,4.0,660.0
SIA,MG,202503,6274773,0206030037,17.0,2356.71
SIA,MG,202503,3004791,0206010079,32.0,3118.08
SIA,MG,202503,2218941,0211020036,231.0,1189.65
SIA,MG,202503,2152037,0206010052,4.0,347.0
SIA,MG,202503,2118904,0208010033,30.0,11492.1
SIA,MG,202503,4034236,0206030029,4.0,347.0
SIA,MG,202503,2153025,0206010028,1.0,101.1
SIA,MG,202503,2153882,0206010079,1.0,97.44
SIA,MG,202503,2200457,0206020023,4.0,347.0
SIA,MG,202503,3137112,0208010025,13.0,5310.76
SIA,MG,202503,2195437,0206010036,8.0,694.08
SIA,MG,202503,2205440,0206010036,15.0,1301.4
SIA,MG,202503,2195437,0206030029,9.0,780.75
SIA,MG,202503,2118661,0206010010,3.0,260.28
SIA,MG,202503,2146355,0206010010,15.0,1301.4
SIA,MG,202503,2195585,0206010079,34.0,3312.96
SIA,MG,202503,9068279,0211020036,914.0,4707.1
SIA,MG,202503,2695324,0208010025,4.0,1634.08
SIA,MG,202503,6102174,0205010016,0.0,0.0
SIA,MG,202503,2152037,0206030037,22.0,3049.86
SIA,MG,202503,2153114,0206010028,5.0,505.5
SIA,MG,202503,2200457,0208010025,6.0,2451.12
SIA,MG,202503,2218798,0206010052,1.0,86.75
SIA,MG,202503,2153025,0206010052,7.0,607.25
SIA,MG,202503,2208172,0206010010,5.0,433.8
SIA,MG,202503,6274773,0206030010,18.0,2495.34
SIA,MG,202503,2153025,0206030037,52.0,7208.76
SIA,MG,202503,9141839,0206010052,5.0,433.75
SIA,MG,202503,2195585,0206010044,17.0,1474.75
SIA,MG,202503,2153025,0206010036,1.0,86.76
SIA,MG,202503,2222043,0206030029,9.0,780.75
SIA,MG,202503,0026964,0206010010,4.0,347.04
SIA,MG,202503,6060862,0206030037,1.0,138.63
SIA,MG,202503,2208172,0206020015,2.0,173.5
SIA,MG,202503,6378552,0211020036,3.0,15.45
SIA,MG,202503,0265373,0208010033,17.0,6512.19
SIA,MG,202503,3004791,0206010052,3.0,260.25
SIA,MG,202503,0026840,0206010036,7.0,607.32
SIA,MG,202503,4034236,0206010010,11.0,954.36
SIA,MG,202503,2118661,0206010028,4.0,404.4
SIA,MG,202503,6274773,0206010044,4.0,347.0
SIA,MG,202503,2695324,0206020015,4.0,347.0
SIA,MG,202503,2152045,0206010010,2.0,173.52
SIA,MG,202503,2195585,0206030010,15.0,2079.45
SIA,MG,202503,7339879,0206030010,0.0,0.0
SIA,MG,202503,0265373,0208010025,17.0,6944.84
SIA,MG,202503,0026840,0206010028,9.0,909.9
SIA,MG,202503,2695324,0206010036,7.0,607.32
SIA,MG,202503,6102174,0206010060,0.0,0.0
SIA,MG,202503,2219638,0206020015,2.0,173.5
SIA,MG,202503,2153106,0206030029,3.0,260.25
SIA,MG,202503,2695324,0206010010,3.0,260.28
SIA,MG,202503,2149990,0211020060,8.0,240.0
SIA,MG,202503,2152037,0206010044,7.0,607.25
SIA,MG,202503,2148692,0211020060,4.0,120.0
SIA,MG,202503,0026964,0206010028,15.0,1516.5
SIA,MG,202503,2222043,0206020015,10.0,867.5
SIA,MG,202503,2153106,0206010044,11.0,954.25
SIA,MG,202503,3004791,0206030037,16.0,2218.08
SIA,MG,202503,0027863,0206010052,3.0,260.25
SIA,MG,202503,2195585,0206010028,5.0,505.5
SIA,MG,202503,4034236,0206010060,5.0,487.2
SIA,MG,202503,0026964,0206010044,21.0,1821.75
SIA,MG,202503,2206528,0206010028,2.0,400.0
SIA,MG,202503,2195585,0206030037,14.0,1940.82
SIA,MG,202503,2219638,0206020023,1.0,86.75
SIA,MG,202503,2153114,0206020023,2.0,173.5
SIA,MG,202503,2153114,0206010036,1.0,86.76
SIA,MG,202503,2146355,0205010016,6.0,990.0
SIA,MG,202503,2149990,0206010036,7.0,607.32
SIA,MG,202503,2218798,0206010036,3.0,260.28
SIA,MG,202503,0026964,0206010079,14.0,1364.16
SIA,MG,202503,2181770,0211020036,1.0,5.15
SIA,MG,202503,2118661,0206030029,1.0,86.75
SIA,MG,202503,3004791,0206030029,16.0,1388.0
SIA,MG,202503,2152045,0206010052,2.0,173.5
SIA,MG,202503,3183882,0205010016,5.0,825.0
SIA,MG,202503,6060862,0206010010,2.0,173.52
SIA,MG,202503,3004791,0206010044,1.0,86.75
SIA,MG,202503,2118661,0206010036,1.0,86.76
SIA,MG,202503,2146355,0206030029,7.0,607.25
SIA,MG,202503,2206528,0206010010,1.0,86.76
SIA,MG,202503,2153114,0206010079,10.0,974.4
SIA,MG,202503,2153297,0211020036,109.0,561.35
SIA,MG,202503,2195585,0211020060,3.0,90.0
SIA,MG,202503,2206528,0206010044,1.0,200.0
SIA,MG,202503,4042751,0211020036,544.0,2801.6
SIA,MG,202503,7366108,0211020036,0.0,0.0
SIA,MG,202503,2184834,0206030010,97.0,13447.11
SIA,MG,202503,6601804,0206010079,312.0,30401.28
SIA,MG,202503,6601804,0206020031,252.0,34375.32
SIA,MG,202503,6601804,0206030010,265.0,36736.95
SIA,MG,202503,3065936,0206020031,121.0,16505.61
SIA,MG,202503,3065936,0206010079,153.0,14908.32
SIA,MG,202503,3065936,0206010044,145.0,12578.75
SIA,MG,202503,7866801,0206030037,128.0,17744.64
SIA,MG,202503,0027014,0206010079,85.0,8282.4
SIA,MG,202503,0027014,0206030010,353.0,48936.39
SIA,MG,202503,2195437,0206020023,5.0,433.75
SIA,MG,202503,9889167,0208010033,26.0,9959.82
SIA,MG,202503,0026859,0206030037,43.0,5961.09
SIA,MG,202503,3065936,0206030010,114.0,15803.82
SIA,MG,202503,0027049,0211020060,95.0,2850.0
SIA,MG,202503,0027014,0206030037,354.0,49075.02
SIA,MG,202503,0027014,0208010025,22.0,8987.44
SIA,MG,202503,2184834,0211020036,102.0,525.3
SIA,MG,202503,7866801,0206030010,124.0,17190.12
SIA,MG,202503,0027014,0211020036,490.0,2523.5
SIA,MG,202503,2184834,0206020031,102.0,13913.82
SIA,MG,202503,7728786,0206030010,34.0,4713.42
SIA,MG,202503,2695626,0206030010,80.0,11090.4
SIA,MG,202503,0027014,0211020060,245.0,7350.0
SIA,MG,202503,0027014,0206020031,481.0,65613.21
SIA,MG,202503,0026859,0211020036,94.0,484.1
SIA,MG,202503,0027049,0206010079,204.0,19877.76
SIA,MG,202503,7866801,0211020036,161.0,829.15
SIA,MG,202503,6601804,0206030037,181.0,25092.03
SIA,MG,202503,2153025,0206010044,2.0,173.5
SIA,MG,202503,0027049,0206030010,243.0,33687.09
SIA,MG,202503,0027049,0206030037,226.0,31330.38
SIA,MG,202503,2184834,0206030037,61.0,8456.43
SIA,MG,202503,0027049,0206020031,231.0,31510.71
SIA,MG,202503,2695626,0206030037,69.0,9565.47
SIA,MG,202503,3464334,0206010028,0.0,0.0
SIA,MG,202503,3004791,0206020031,3.0,409.23
SIA,MG,202503,2695626,0206020031,114.0,15550.74
SIA,MG,202503,2192896,0206010010,175.0,15183.0
SIA,MG,202503,2192896,0206010079,807.0,78634.08
SIA,MG,202503,0026859,0206030010,47.0,6515.61
SIA,MG,202503,2192896,0206030010,280.0,38816.4
SIA,MG,202503,0026808,0206010044,23.0,1995.25
SIA,MG,202503,0026808,0211020036,1389.0,7153.35
SIA,MG,202503,6601804,0206010028,14.0,1415.4
SIA,MG,202503,2192896,0206010028,220.0,22242.0
SIA,MG,202503,2192896,0206030037,284.0,39370.92
SIA,MG,202503,2146355,0206020015,2.0,173.5
SIA,MG,202503,0026808,0206010079,31.0,3020.64
SIA,MG,202503,6210902,0211020036,730.0,3759.5
SIA,MG,202503,0026859,0206020031,59.0,8048.19
SIA,MG,202503,3464334,0206010010,0.0,0.0
SIA,MG,202503,0027049,0208010025,104.0,42486.08
SIA,MG,202503,2194791,0211020036,535.0,2755.25
SIA,MG,202503,2695626,0206010028,8.0,808.8
SIA,MG,202503,9980865,0211020060,34.0,1020.0
SIA,MG,202503,5338905,0206030010,28.0,3881.64
SIA,MG,202503,2775999,0206030010,291.0,40341.33
SIA,MG,202503,6442560,0206020031,12.0,1636.92
SIA,MG,202503,2759292,0211020036,254.0,1308.1
SIA,MG,202503,2206595,0206010079,104.0,10133.76
SIA,MG,202503,2206595,0211020060,54.0,1620.0
SIA,MG,202503,0026808,0206030037,38.0,5267.94
SIA,MG,202503,0026808,0211020060,99.0,2970.0
SIA,MG,202503,2219654,0206030010,148.0,20517.24
SIA,MG,202503,2775999,0206030037,309.0,42836.67
SIA,MG,202503,2775999,0206020031,307.0,41877.87
SIA,MG,202503,2184834,0206010036,3.0,260.28
SIA,MG,202503,2193310,0206030037,171.0,23705.73
SIA,MG,202503,2193183,0211020036,107.0,551.05
SIA,MG,202503,9980865,0211020036,164.0,844.6
SIA,MG,202503,2193310,0206030010,173.0,23982.99
SIA,MG,202503,2193310,0206030029,12.0,1041.0
SIA,MG,202503,2206595,0206010044,16.0,1388.0
SIA,MG,202503,2206595,0211020036,495.0,2549.25
SIA,MG,202503,2206595,0206010036,16.0,1388.16
SIA,MG,202503,2206595,0206020031,90.0,12276.9
SIA,MG,202503,3464334,0211020060,0.0,0.0
SIA,MG,202503,6601804,0206020015,38.0,3296.5
SIA,MG,202503,6601804,0206030029,63.0,5465.25
SIA,MG,202503,7728786,0206020031,38.0,5183.58
SIA,MG,202503,0027049,0206010028,12.0,1213.2
SIA,MG,202503,2206595,0206030010,84.0,11644.92
SIA,MG,202503,2193310,0206010079,247.0,24067.68
SIA,MG,202503,2219654,0206030037,159.0,22042.17
SIA,MG,202503,3065936,0206030029,9.0,780.75
SIA,MG,202503,2109867,0206010079,393.0,78600.0
SIA,MG,202503,2127601,0205010016,0.0,0.0
SIA,MG,202503,9650105,0206030029,53.0,4597.75
SIA,MG,202503,9650105,0206020031,342.0,46652.22
SIA,MG,202503,2109867,0206030037,100.0,20000.0
SIA,MG,202503,2109867,0206030029,19.0,1648.25
SIA,MG,202503,2109867,0206030010,104.0,20800.0
SIA,MG,202503,9650105,0206030037,490.0,67928.7
SIA,MG,202503,2209179,0206010044,91.0,7894.25
SIA,MG,202503,2109867,0206010044,45.0,9000.0
SIA,MG,202503,2109867,0206010010,60.0,5205.6
SIA,MG,202503,2127601,0206010079,0.0,0.0
SIA,MG,202503,0026808,0206020015,2.0,173.5
SIA,MG,202503,9650105,0206010079,380.0,37027.2
SIA,MG,202503,5338905,0206020031,20.0,2728.2
SIA,MG,202503,6601804,0206010044,27.0,2342.25
SIA,MG,202503,2219646,0206020031,231.0,31510.71
SIA,MG,202503,2219646,0206030010,168.0,23289.84
SIA,MG,202503,2192896,0206010036,71.0,6159.96
SIA,MG,202503,2219646,0206030037,131.0,18160.53
SIA,MG,202503,9650105,0211020036,119.0,612.85
SIA,MG,202503,7728786,0206010079,25.0,2436.0
SIA,MG,202503,2219646,0206010079,35.0,3410.4
SIA,MG,202503,2200422,0208010033,159.0,60908.13
SIA,MG,202503,0026921,0206010079,577.0,56222.88
SIA,MG,202503,3918416,0211020060,79.0,2370.0
SIA,MG,202503,2219654,0206010052,5.0,433.75
SIA,MG,202503,6926223,0206010079,125.0,12180.0
SIA,MG,202503,0027049,0206010010,5.0,433.8
SIA,MG,202503,0026921,0206010010,184.0,15963.84
SIA,MG,202503,2165058,0206020031,133.0,18142.53
SIA,MG,202503,2210924,0206020031,12.0,1636.92
SIA,MG,202503,0027049,0208010033,104.0,39839.28
SIA,MG,202503,0027014,0206010052,78.0,6766.5
SIA,MG,202503,2775999,0206010079,99.0,9646.56
SIA,MG,202503,2219654,0206010028,35.0,3538.5
SIA,MG,202503,3462994,0208010033,30.0,11492.1
SIA,MG,202503,7093284,0211020036,439.0,2260.85
SIA,MG,202503,0027014,0206010044,19.0,1648.25
SIA,MG,202503,2109867,0206020015,14.0,1214.5
SIA,MG,202503,2127601,0206020031,0.0,0.0
SIA,MG,202503,2165058,0206030037,133.0,18437.79
SIA,MG,202503,2165058,0206010079,75.0,7308.0
SIA,MG,202503,2200422,0208010025,142.0,58009.84
SIA,MG,202503,0027022,0206030010,42.0,5822.46
SIA,MG,202503,0027022,0206010044,3.0,260.25
SIA,MG,202503,2206595,0206010052,14.0,1214.5
SIA,MG,202503,2219654,0206010079,65.0,6333.6
SIA,MG,202503,2726726,0206010079,52.0,5066.88
SIA,MG,202503,3065936,0206030037,96.0,13308.48
SIA,MG,202503,2219646,0206020015,1.0,86.75
SIA,MG,202503,9650105,0206030010,483.0,66958.29
SIA,MG,202503,9650105,0206010044,64.0,5552.0
SIA,MG,202503,0026921,0206030037,64.0,8872.32
SIA,MG,202503,0027022,0206010079,32.0,3118.08
SIA,MG,202503,6442560,0206010028,2.0,202.2
SIA,MG,202503,2165058,0208010033,67.0,25665.69
SIA,MG,202503,0027022,0206030037,42.0,5822.46
SIA,MG,202503,0026921,0206010044,77.0,6679.75
SIA,MG,202503,0026921,0206010028,58.0,5863.8
SIA,MG,202503,0957100,0211020036,40.0,206.0
SIA,MG,202503,0027022,0206020031,34.0,4637.94
SIA,MG,202503,0026808,0206010052,12.0,1041.0
SIA,MG,202503,2109867,0206020031,59.0,11800.0
SIA,MG,202503,9650105,0206010010,30.0,2602.8
SIA,MG,202503,2695626,0206010079,81.0,7892.64
SIA,MG,202503,2219646,0211020036,18.0,92.7
SIA,MG,202503,3462994,0208010025,29.0,11847.08
SIA,MG,202503,2726726,0206010052,5.0,433.75
SIA,MG,202503,2165058,0206020023,5.0,433.75
SIA,MG,202503,9650105,0206010028,90.0,9099.0
SIA,MG,202503,7728786,0206030037,34.0,4713.42
SIA,MG,202503,3464334,0206010079,0.0,0.0
SIA,MG,202503,2206595,0206030037,80.0,11090.4
SIA,MG,202503,2695626,0206020015,5.0,433.75
SIA,MG,202503,3065936,0206010028,15.0,1516.5
SIA,MG,202503,2165058,0206010044,6.0,520.5
SIA,MG,202503,0026921,0206030029,16.0,1388.0
SIA,MG,202503,2200422,0206030037,21.0,2911.23
SIA,MG,202503,0026921,0206010036,46.0,3990.96
SIA,MG,202503,0633186,0206030037,10.0,1386.3
SIA,MG,202503,2219646,0206010010,2.0,173.52
SIA,MG,202503,9650105,0206020015,22.0,1908.5
SIA,MG,202503,7856733,0211020036,176.0,906.4
SIA,MG,202503,9650105,0208010033,7.0,2681.49
SIA,MG,202503,2775999,0206010010,16.0,1388.16
SIA,MG,202503,2726726,0206030037,20.0,2772.6
SIA,MG,202503,2726726,0206010036,8.0,694.08
SIA,MG,202503,2200422,0206010028,5.0,505.5
SIA,MG,202503,2200422,0206010044,25.0,2168.75
SIA,MG,202503,0026921,0206020031,35.0,4774.35
SIA,MG,202503,6442560,0206030037,17.0,2356.71
SIA,MG,202503,6766471,0211020060,23.0,690.0
SIA,MG,202503,2109867,0211020036,35.0,180.25
SIA,MG,202503,5338905,0206030037,25.0,3465.75
SIA,MG,202503,2219654,0206010010,11.0,954.36
SIA,MG,202503,3464334,0206030010,0.0,0.0
SIA,MG,202503,9650105,0208010025,7.0,2859.64
SIA,MG,202503,2219646,0206010052,59.0,5118.25
SIA,MG,202503,2210924,0206010079,58.0,5651.52
SIA,MG,202503,2219654,0206020031,54.0,7366.14
SIA,MG,202503,2193310,0206010044,18.0,1561.5
SIA,MG,202503,2219654,0206020015,16.0,1388.0
SIA,MG,202503,2195437,0206010052,5.0,433.75
SIA,MG,202503,2165058,0211020036,44.0,226.6
SIA,MG,202503,2165058,0206010028,15.0,1516.5
SIA,MG,202503,2200422,0206020031,21.0,2864.61
SIA,MG,202503,0027049,0211020036,320.0,1648.0
SIA,MG,202503,7866801,0206010036,2.0,173.52
SIA,MG,202503,5866391,0211020036,50.0,257.5
SIA,MG,202503,9650105,0206010036,11.0,954.36
SIA,MG,202503,2206595,0206010028,22.0,2224.2
SIA,MG,202503,2726726,0206010044,21.0,1821.75
SIA,MG,202503,2726726,0206010028,10.0,1011.0
SIA,MG,202503,2726726,0206020031,16.0,2182.56
SIA,MG,202503,0026921,0206030010,58.0,8040.54
SIA,MG,202503,2200422,0211020060,59.0,1770.0
SIA,MG,202503,2210924,0206020015,11.0,954.25
SIA,MG,202503,2165058,0206030010,129.0,17883.27
SIA,MG,202503,2206595,0206010010,23.0,1995.48
SIA,MG,202503,2165058,0208010025,67.0,27370.84
SIA,MG,202503,2127601,0206030010,0.0,0.0
SIA,MG,202503,9650105,0206020023,9.0,780.75
SIA,MG,202503,7728786,0206010044,7.0,607.25
SIA,MG,202503,2775999,0206010036,11.0,954.36
SIA,MG,202503,0633186,0206020031,11.0,1500.51
SIA,MG,202503,3464334,0205010016,0.0,0.0
SIA,MG,202503,2192896,0206020031,57.0,7775.37
SIA,MG,202503,2192896,0206010044,81.0,7026.75
SIA,MG,202503,2200422,0206030010,21.0,2911.23
SIA,MG,202503,0026808,0206010010,11.0,954.36
SIA,MG,202503,7866801,0206010079,75.0,7308.0
SIA,MG,202503,0026808,0206030010,44.0,6099.72
SIA,MG,202503,2127601,0206030037,0.0,0.0
SIA,MG,202503,6274773,0206020031,12.0,1636.92
SIA,MG,202503,0026859,0211020060,5.0,150.0
SIA,MG,202503,2165058,0206010036,7.0,607.32
SIA,MG,202503,2109867,0206010028,57.0,11400.0
SIA,MG,202503,2109867,0206010036,20.0,4000.0
SIA,MG,202503,2210924,0206010052,1.0,86.75
SIA,MG,202503,0026921,0206020015,11.0,954.25
SIA,MG,202503,2219654,0206010044,10.0,867.5
SIA,MG,202503,2206595,0206020023,6.0,520.5
SIA,MG,202503,3464334,0206020031,0.0,0.0
SIA,MG,202503,0633186,0206010079,17.0,1656.48
SIA,MG,202503,3065936,0206010036,4.0,347.04
SIA,MG,202503,2775999,0206010044,17.0,1474.75
SIA,MG,202503,7866801,0206020031,52.0,7093.32
SIA,MG,202503,2206595,0205010016,10.0,1650.0
SIA,MG,202503,2193310,0206020031,96.0,13095.36
SIA,MG,202503,2210924,0206030010,10.0,1386.3
SIA,MG,202503,0053430,0211020036,8.0,41.2
SIA,MG,202503,2109867,0206010052,8.0,694.0
SIA,MG,202503,2127601,0206010036,0.0,0.0
SIA,MG,202503,0026808,0208010025,2.0,817.04
SIA,MG,202503,2219646,0206010044,3.0,260.25
SIA,MG,202503,0026808,0206020031,49.0,6684.09
SIA,MG,202503,2200422,0206030029,4.0,347.0
SIA,MG,202503,2726726,0206020015,10.0,867.5
SIA,MG,202503,2726726,0206030010,20.0,2772.6
SIA,MG,202503,9889167,0208010025,25.0,10213.0
SIA,MG,202503,0027022,0206010028,1.0,101.1
SIA,MG,202503,6457177,0211020036,51.0,262.65
SIA,MG,202503,5338905,0206010079,12.0,1169.28
SIA,MG,202503,7866801,0206010052,5.0,433.75
SIA,MG,202503,0633186,0206030010,9.0,1247.67
SIA,MG,202503,2184834,0206010052,6.0,520.5
SIA,MG,202503,2127601,0211020060,0.0,0.0
SIA,MG,202503,7866801,0206010028,7.0,707.7
SIA,MG,202503,2165058,0206010052,17.0,1474.75
SIA,MG,202503,2184834,0206010028,1.0,101.1
SIA,MG,202503,6601804,0206010052,18.0,1561.5
SIA,MG,202503,9650105,0211020060,42.0,1260.0
SIA,MG,202503,2127601,0206010010,0.0,0.0
SIA,MG,202503,2193310,0206010010,9.0,780.84
SIA,MG,202503,2208156,0211020036,30.0,154.5
SIA,MG,202503,3918416,0211020036,22.0,113.3
SIA,MG,202503,2695626,0206010036,6.0,520.56
SIA,MG,202503,7866801,0206020023,3.0,260.25
SIA,MG,202503,0027014,0206010010,3.0,260.28
SIA,MG,202503,0027049,0206010052,21.0,1821.75
SIA,MG,202503,0027049,0205010016,9.0,1485.0
SIA,MG,202503,2195437,0206020015,5.0,433.75
SIA,MG,202503,2219646,0206020023,2.0,173.5
SIA,MG,202503,2127601,0206010044,0.0,0.0
SIA,MG,202503,2775999,0208010025,14.0,5719.28
SIA,MG,202503,3065936,0206010010,5.0,433.8
SIA,MG,202503,0026921,0206020023,12.0,1041.0
SIA,MG,202503,7866801,0206020015,7.0,607.25
SIA,MG,202503,2210924,0206010036,1.0,86.76
SIA,MG,202503,0026859,0206010079,9.0,876.96
SIA,MG,202503,2192896,0206010052,7.0,607.25
SIA,MG,202503,2192896,0206030029,24.0,2082.0
SIA,MG,202503,2193310,0206010036,4.0,347.04
SIA,MG,202503,2193310,0211020036,29.0,149.35
SIA,MG,202503,6442560,0206010036,1.0,86.76
SIA,MG,202503,2726726,0206020023,4.0,347.0
SIA,MG,202503,0026921,0206010052,13.0,1127.75
SIA,MG,202503,0027014,0206020023,4.0,347.0
SIA,MG,202503,2210924,0206030029,11.0,954.25
SIA,MG,202503,2193310,0206010028,22.0,2224.2
SIA,MG,202503,0023051,0211020036,669.0,3445.35
SIA,MG,202503,2775999,0206010052,55.0,4771.25
SIA,MG,202503,2118882,0211020036,273.0,1405.95
SIA,MG,202503,2219638,0206010036,6.0,520.56
SIA,MG,202503,2153084,0206020015,2.0,173.5
SIA,MG,202503,6601804,0206010036,7.0,607.32
SIA,MG,202503,2153084,0206030010,8.0,1109.04
SIA,MG,202503,0027014,0205010016,1.0,165.0
SIA,MG,202503,2726726,0206010010,20.0,1735.2
SIA,MG,202503,3464334,0208010033,0.0,0.0
SIA,MG,202503,0633186,0206010028,3.0,303.3
SIA,MG,202503,2192896,0206020015,28.0,2429.0
SIA,MG,202503,2153084,0206030037,6.0,831.78
SIA,MG,202503,2219646,0206010028,5.0,505.5
SIA,MG,202503,2153084,0206010079,5.0,487.2
SIA,MG,202503,0027022,0211020036,277.0,1426.55
SIA,MG,202503,2219646,0206010036,3.0,260.28
SIA,MG,202503,6442560,0206010079,1.0,97.44
SIA,MG,202503,2153351,0211020036,9.0,46.35
SIA,MG,202503,2775999,0208010033,14.0,5362.98
SIA,MG,202503,6571573,0211020036,220.0,1133.0
SIA,MG,202503,2153084,0206010052,1.0,86.75
SIA,MG,202503,6601804,0211020036,20.0,103.0
SIA,MG,202503,2153084,0206030029,2.0,173.5
SIA,MG,202503,2153084,0206020031,4.0,545.64
SIA,MG,202503,2192896,0206020023,35.0,3036.25
SIA,MG,202503,7104804,0211020036,370.0,1905.5
SIA,MG,202503,7866801,0206030029,6.0,520.5
SIA,MG,202503,0027049,0206010044,12.0,1041.0
SIA,MG,202503,0027014,0208010033,22.0,8427.54
SIA,MG,202503,3065936,0206020015,6.0,520.5
SIA,MG,202503,2695626,0206030029,6.0,520.5
SIA,MG,202503,6601804,0206010010,9.0,780.84
SIA,MG,202503,0026964,0206030029,1.0,86.75
SIA,MG,202503,2775999,0206010028,17.0,1718.7
SIA,MG,202503,3464334,0206010052,0.0,0.0
SIA,MG,202503,0023582,0211020036,361.0,1859.15
SIA,MG,202503,2695626,0206010052,12.0,1041.0
SIA,MG,202503,7339879,0206020023,0.0,0.0
SIA,MG,202503,2775999,0206030029,5.0,433.75
SIA,MG,202503,0027014,0206010028,4.0,404.4
SIA,MG,202503,2205440,0211020060,3.0,90.0
SIA,MG,202503,2208172,0206010036,3.0,260.28
SIA,MG,202503,7866801,0206010044,6.0,520.5
SIA,MG,202503,2118661,0206020023,1.0,86.75
SIA,MG,202503,2219654,0206010036,2.0,173.52
SIA,MG,202503,2200457,0206020015,3.0,260.25
SIA,MG,202503,0026859,0206010052,4.0,347.0
SIA,MG,202503,2222043,0206010052,1.0,86.75
SIA,MG,202503,0027049,0206020015,2.0,173.5
SIA,MG,202503,2149990,0206020015,6.0,520.5
SIA,MG,202503,2153882,0211020036,49.0,252.35
SIA,MG,202503,2153114,0211020036,25.0,128.75
SIA,MG,202503,2153882,0211020060,25.0,750.0
SIA,MG,202503,3004791,0206030010,5.0,693.15
SIA,MG,202503,2149990,0206030029,9.0,780.75
SIA,MG,202503,2759292,0206010079,8.0,779.52
SIA,MG,202503,2219654,0206020023,6.0,520.5
SIA,MG,202503,0023272,0211020036,656.0,3378.4
SIA,MG,202503,2153238,0211020036,60.0,309.0
SIA,MG,202503,6102174,0206020015,0.0,0.0
SIA,MG,202503,7728786,0206010052,4.0,347.0
SIA,MG,202503,2184834,0206010079,4.0,389.76
SIA,MG,202503,3464334,0211020036,0.0,0.0
SIA,MG,202503,2153114,0211020060,6.0,180.0
SIA,MG,202503,2219654,0206030029,9.0,780.75
SIA,MG,202503,0026808,0208010033,2.0,766.14
SIA,MG,202503,2153025,0206030029,1.0,86.75
SIA,MG,202503,2153025,0211020036,20.0,103.0
SIA,MG,202503,2193310,0206020015,3.0,260.25
SIA,MG,202503,2153114,0206020015,1.0,86.75
SIA,MG,202503,3004791,0206010028,16.0,1617.6
SIA,MG,202503,2152037,0206010028,1.0,101.1
SIA,MG,202503,2153009,0211020036,248.0,1277.2
SIA,MG,202503,2153882,0211020010,25.0,18251.0
SIA,MG,202503,2153084,0211020010,20.0,14600.8
SIA,MG,202503,2206595,0211020010,27.0,19711.08
SIA,MG,202503,2118661,0211020010,9.0,6570.36
SIA,MG,202503,2152959,0211020036,125.0,643.75
SIA,MG,202503,2127601,0206010028,0.0,0.0
SIA,MG,202503,6601804,0206010060,1.0,97.44
SIA,MG,202503,2210924,0206010010,3.0,260.28
SIA,MG,202503,2118912,0211020036,5.0,25.75
SIA,MG,202503,2153114,0205010016,3.0,495.0
SIA,MG,202503,2118858,0211020010,10.0,7300.4
SIA,MG,202503,2208172,0211020010,34.0,24821.36
SIA,MG,202503,2200422,0211020036,12.0,61.8
SIA,MG,202503,3464334,0208010025,0.0,0.0
SIA,MG,202503,0027022,0206010052,1.0,86.75
SIA,MG,202503,0027049,0206010036,4.0,347.04
SIA,MG,202503,9650105,0206010052,10.0,867.5
SIA,MG,202503,2146355,0211020010,69.0,50372.76
SIA,MG,202503,0026859,0206010044,1.0,86.75
SIA,MG,202503,2153114,0211020010,6.0,4380.24
SIA,MG,202503,6463487,0211020036,279.0,1436.85
SIA,MG,202503,0633186,0206010052,1.0,86.75
SIA,MG,202503,2210924,0206010028,3.0,303.3
SIA,MG,202503,2210924,0206030037,8.0,1109.04
SIA,MG,202503,2165074,0211020036,1.0,5.15
SIA,MG,202503,7728786,0206010010,2.0,173.52
SIA,MG,202503,2200422,0206010079,4.0,389.76
SIA,MG,202503,0027014,0206010036,2.0,173.52
SIA,MG,202503,2726726,0206030029,3.0,260.25
SIA,MG,202503,2127601,0206030029,0.0,0.0
SIA,MG,202503,2165058,0206030029,4.0,347.0
SIA,MG,202503,2759292,0206030037,1.0,138.63
SIA,MG,202503,2759292,0206020031,2.0,272.82
SIA,MG,202503,2210924,0206020023,4.0,347.0
SIA,MG,202503,0027618,0211020036,459.0,2363.85
SIA,MG,202503,2181770,0206030010,1.0,138.63
SIA,MG,202503,2200422,0206020015,2.0,173.5
SIA,MG,202503,2219646,0206010060,8.0,779.52
SIA,MG,202503,2153084,0211020060,20.0,600.0
SIA,MG,202503,7728786,0206010028,3.0,303.3
SIA,MG,202503,2759292,0206030010,2.0,277.26
SIA,MG,202503,2192896,0211020036,171.0,880.65
SIA,MG,202503,0027022,0206010010,1.0,86.76
SIA,MG,202503,2219654,0211020036,240.0,1236.0
SIA,MG,202503,6926223,0211020036,131.0,674.65
SIA,MG,202503,2153084,0206010044,1.0,86.75
SIA,MG,202503,4684281,0211020060,108.0,3240.0
SIA,MG,202503,2219638,0206030029,3.0,260.25
SIA,MG,202503,2775999,0206020015,1.0,86.75
SIA,MG,202503,2153084,0206010060,1.0,97.44
SIA,MG,202503,2695626,0206010010,2.0,173.52
SIA,MG,202503,2181770,0206030029,1.0,86.75
SIA,MG,202503,3032191,0211020036,6.0,30.9
SIA,MG,202503,0026921,0211020036,861.0,4434.15
SIA,MG,202503,2200422,0206010036,2.0,173.52
SIA,MG,202503,2775999,0211020060,14.0,1708.0
SIA,MG,202503,0633186,0206010044,4.0,347.0
SIA,MG,202503,3170527,0211020036,92.0,473.8
SIA,MG,202503,2759292,0206010028,1.0,101.1
SIA,MG,202503,2153084,0206020023,1.0,86.75
SIA,MG,202503,7866801,0206010010,1.0,86.76
SIA,MG,202503,2181770,0206020031,1.0,136.41
SIA,MG,202503,2759292,0211020060,68.0,8296.0
SIA,MG,202503,2181770,0206030037,1.0,138.63
SIA,MG,202503,2695626,0206020023,2.0,173.5
SIA,MG,202503,2695626,0206010044,2.0,173.5
SIA,MG,202503,6601804,0211020010,52.0,37962.08
SIA,MG,202503,2221772,0211020036,64.0,329.6
SIA,MG,202503,7976550,0206010095,20.0,42144.4
SIA,MG,202503,0026808,0211020010,38.0,27741.52
SIA,MG,202503,3004791,0206010010,7.0,607.32
SIA,MG,202503,2200422,0211020010,75.0,54753.0
SIA,MG,202503,0026964,0206010036,6.0,520.56
SIA,MG,202503,2191512,0211020036,1093.0,3975.8
SIA,MG,202503,2191512,0902010018,321.0,41730.0
SIA,MG,202503,2205440,0206010095,14.0,29501.08
SIA,MG,202503,2205440,0211020010,64.0,46722.56
SIA,MG,202503,0027014,0211020010,52.0,37962.08
SIA,MG,202503,2219646,0211020010,16.0,11680.64
SIA,MG,202503,3464334,0206030037,0.0,0.0
SIA,MG,202503,0027049,0206030029,1.0,86.75
SIA,MG,202503,4034236,0211020010,121.0,88334.84
SIA,MG,202503,2149990,0211020010,7.0,5110.28
SIA,MG,202503,2219638,0211020010,28.0,20441.12
SIA,MG,202503,2200902,0211020036,1.0,5.15
SIA,MG,202503,0027391,0206010095,93.0,195971.46
SIA,MG,202503,2775999,0211020010,15.0,10950.6
SIA,MG,202503,2152045,0206010044,3.0,260.25
SIA,MG,202503,0027014,0206030029,1.0,86.75
SIA,MG,202503,0027049,0211020010,7.0,5110.28
SIA,MG,202503,0026859,0206020015,1.0,86.75
SIA,MG,202503,0026840,0211020010,32.0,23361.28
SIA,MG,202503,2153025,0206010079,1.0,97.44
SIA,MG,202503,3462994,0206010095,6.0,12643.32
SIA,MG,202503,0026964,0211020036,217.0,1117.55
SIA,MG,202503,6102174,0206020023,0.0,0.0
SIA,MG,202503,2206528,0211020010,18.0,13140.72
SIA,MG,202503,7866801,0205010016,1.0,165.0
SIA,MG,202503,3004791,0206010036,1.0,86.76
SIA,MG,202503,2695626,0206010060,1.0,97.44
SIA,MG,202503,0026948,0211020036,47.0,242.05
SIA,MG,202503,0026964,0206020015,2.0,173.5
SIA,MG,202503,3004791,0211020036,289.0,1488.35
SIA,MG,202503,3464334,0206010036,0.0,0.0
SIA,MG,202503,9650105,0211020010,39.0,28471.56
SIA,MG,202503,2200457,0206010095,14.0,29501.08
SIA,MG,202503,2195585,0206020031,2.0,272.82
SIA,MG,202503,6274773,0206010028,1.0,101.1
SIA,MG,202503,0026859,0211020010,1.0,730.04
SIA,MG,202503,2152940,0211020036,475.0,2446.25
SIA,MG,202503,2695111,0211020036,401.0,2065.15
SIA,MG,202503,3494179,0211020036,273.0,1405.95
SIA,MG,202503,0026808,0206030029,2.0,173.5
SIA,MG,202503,0026808,0206020023,2.0,173.5
SIA,MG,202503,3464334,0206020015,0.0,0.0
SIA,MG,202503,2165058,0206010010,1.0,86.76
SIA,MG,202503,0199419,0211020036,232.0,1194.8
SIA,MG,202503,2109867,0206020023,2.0,173.5
SIA,MG,202503,0023310,0211020036,402.0,2070.3
SIA,MG,202503,2221616,0211020036,425.0,2188.75
SIA,MG,202503,2210924,0206010044,2.0,173.5
SIA,MG,202503,0633186,0206010036,1.0,86.76
SIA,MG,202503,2184834,0206030029,2.0,173.5
SIA,MG,202503,2206595,0206030029,3.0,260.25
SIA,MG,202503,2164795,0211020036,12.0,61.8
SIA,MG,202503,6274773,0206010036,1.0,86.76
SIA,MG,202503,2200422,0206020023,1.0,86.75
SIA,MG,202503,2219646,0206030029,2.0,173.5
SIA,MG,202503,2775999,0211020036,302.0,1555.3
SIA,MG,202503,2193310,0206010052,4.0,347.0
SIA,MG,202503,2775999,0206020023,1.0,86.75
SIA,MG,202503,2195585,0206010052,2.0,173.5
SIA,MG,202503,6442560,0206030010,1.0,138.63
SIA,MG,202503,2152967,0211020036,21.0,108.15
SIA,MG,202503,5338905,0206010052,1.0,86.75
SIA,MG,202503,5338905,0206010044,1.0,86.75
SIA,MG,202503,3960668,0206030010,25.0,3465.75
SIA,MG,202503,2198061,0211020036,198.0,1019.7
SIA,MG,202503,9274200,0208010033,24.0,9193.68
SIA,MG,202503,7934947,0206030010,11.0,1524.93
SIA,MG,202503,7934947,0205010016,79.0,13035.0
SIA,MG,202503,7934947,0211020060,17.0,510.0
SIA,MG,202503,2112140,0211020036,585.0,3012.75
SIA,MG,202503,2111659,0206010028,13.0,1314.3
SIA,MG,202503,2111659,0206030010,27.0,3743.01
SIA,MG,202503,2134160,0211020036,219.0,1127.85
SIA,MG,202503,2172860,0211020036,73.0,375.95
SIA,MG,202503,2184680,0211020036,46.0,236.9
SIA,MG,202503,5128218,0211020036,13.0,66.95
SIA,MG,202503,9274200,0208010025,24.0,9804.48
SIA,MG,202503,2117568,0206010079,8.0,779.52
SIA,MG,202503,2117568,0206030037,6.0,831.78
SIA,MG,202503,7082886,0211020036,325.0,1673.75
SIA,MG,202503,2144255,0211020036,171.0,880.65
SIA,MG,202503,2098539,0206030037,81.0,11229.03
SIA,MG,202503,2098539,0206030010,86.0,11922.18
SIA,MG,202503,2098539,0206030029,14.0,1214.5
SIA,MG,202503,2098539,0206020031,91.0,12413.31
SIA,MG,202503,2144522,0211020036,26.0,133.9
SIA,MG,202503,3871797,0206010079,0.0,0.0
SIA,MG,202503,3871797,0206030010,0.0,0.0
SIA,MG,202503,3871797,0206010028,0.0,0.0
SIA,MG,202503,3871797,0211020060,0.0,0.0
SIA,MG,202503,3960668,0206010079,23.0,2241.12
SIA,MG,202503,5473586,0206020031,0.0,0.0
SIA,MG,202503,5473586,0206010079,0.0,0.0
SIA,MG,202503,5473586,0206030010,0.0,0.0
SIA,MG,202503,2201410,0211020036,60.0,309.0
SIA,MG,202503,2132877,0206010010,4.0,1152.0
SIA,MG,202503,3960668,0211020060,7.0,210.0
SIA,MG,202503,4043219,0211020036,93.0,478.95
SIA,MG,202503,7934947,0206010079,33.0,3215.52
SIA,MG,202503,7934947,0206010044,2.0,173.5
SIA,MG,202503,3960668,0206010028,10.0,1011.0
SIA,MG,202503,3960668,0206020031,26.0,3546.66
SIA,MG,202503,7934947,0206020031,12.0,1636.92
SIA,MG,202503,7934947,0206010028,5.0,505.5
SIA,MG,202503,2126974,0211020060,5.0,150.0
SIA,MG,202503,2098539,0206010028,25.0,2527.5
SIA,MG,202503,2098539,0206010079,167.0,16272.48
SIA,MG,202503,7082886,0206030010,85.0,23910.5
SIA,MG,202503,4317041,0211020036,38.0,195.7
SIA,MG,202503,3048675,0211020036,186.0,957.9
SIA,MG,202503,5649862,0211020036,200.0,1030.0
SIA,MG,202503,2142139,0211020036,20.0,103.0
SIA,MG,202503,2112140,0206030010,61.0,8456.43
SIA,MG,202503,2112140,0206010079,96.0,9354.24
SIA,MG,202503,9005552,0211020036,188.0,968.2
SIA,MG,202503,2112140,0206010028,8.0,808.8
SIA,MG,202503,2144611,0211020036,60.0,309.0
SIA,MG,202503,2111659,0206030037,26.0,3604.38
SIA,MG,202503,2117568,0206030010,6.0,831.78
SIA,MG,202503,7082886,0206010079,96.0,27004.8
SIA,MG,202503,7082886,0206030037,90.0,25317.0
SIA,MG,202503,7082886,0206010044,4.0,1125.2
SIA,MG,202503,7082886,0206010010,9.0,2531.7
SIA,MG,202503,7082886,0206020031,25.0,7032.5
SIA,MG,202503,7082886,0206010028,7.0,1969.1
SIA,MG,202503,2112140,0206020031,42.0,5729.22
SIA,MG,202503,2172941,0211020036,42.0,216.3
SIA,MG,202503,4116879,0211020036,46.0,236.9
SIA,MG,202503,2184311,0211020036,104.0,535.6
SIA,MG,202503,2098539,0206010010,14.0,1214.64
SIA,MG,202503,2098539,0206010052,5.0,433.75
SIA,MG,202503,5649862,0211020060,19.0,570.0
SIA,MG,202503,2182793,0211020036,106.0,545.9
SIA,MG,202503,2098539,0206020023,5.0,433.75
SIA,MG,202503,7934947,0206020015,2.0,173.5
SIA,MG,202503,2114763,0206010079,25.0,2436.0
SIA,MG,202503,7082886,0206020015,5.0,1406.5
SIA,MG,202503,7082886,0206010036,5.0,1406.5
SIA,MG,202503,2114763,0211020036,142.0,731.3
SIA,MG,202503,2179172,0211020036,96.0,494.4
SIA,MG,202503,2163071,0211020036,85.0,437.75
SIA,MG,202503,2111659,0206010079,42.0,4092.48
SIA,MG,202503,7082886,0206030029,10.0,2813.0
SIA,MG,202503,3960668,0206030037,12.0,1663.56
SIA,MG,202503,3960668,0206010052,3.0,260.25
SIA,MG,202503,3960668,0211020036,7.0,36.05
SIA,MG,202503,3960668,0208010025,3.0,1225.56
SIA,MG,202503,3871797,0206010044,0.0,0.0
SIA,MG,202503,6562833,0211020036,3.0,15.45
SIA,MG,202503,3960668,0206020015,2.0,173.5
SIA,MG,202503,2205327,0211020036,27.0,139.05
SIA,MG,202503,7258992,0211020036,100.0,515.0
SIA,MG,202503,2099721,0211020036,55.0,283.25
SIA,MG,202503,5473586,0206030029,0.0,0.0
SIA,MG,202503,2151553,0211020036,150.0,772.5
SIA,MG,202503,2112140,0206030037,29.0,4020.27
SIA,MG,202503,3871797,0206010010,0.0,0.0
SIA,MG,202503,8000956,0211020036,506.0,2605.9
SIA,MG,202503,2098539,0206010044,19.0,1648.25
SIA,MG,202503,2098539,0206010036,12.0,1041.12
SIA,MG,202503,2117568,0211020036,98.0,504.7
SIA,MG,202503,2139960,0211020036,28.0,144.2
SIA,MG,202503,2210398,0211020036,96.0,494.4
SIA,MG,202503,6827772,0211020036,101.0,520.15
SIA,MG,202503,2111659,0206020031,19.0,2591.79
SIA,MG,202503,2112140,0206010010,12.0,1041.12
SIA,MG,202503,2167670,0211020036,29.0,149.35
SIA,MG,202503,2762633,0211020036,79.0,406.85
SIA,MG,202503,2112140,0206020015,1.0,86.75
SIA,MG,202503,2166461,0211020036,26.0,133.9
SIA,MG,202503,3464806,0206010044,16.0,1388.0
SIA,MG,202503,3871797,0206030037,0.0,0.0
SIA,MG,202503,2114763,0206030037,6.0,831.78
SIA,MG,202503,3960668,0206010044,2.0,173.5
SIA,MG,202503,2135124,0211020036,58.0,298.7
SIA,MG,202503,2112140,0206010044,8.0,694.0
SIA,MG,202503,9296379,0211020036,31.0,159.65
SIA,MG,202503,2136031,0211020036,86.0,442.9
SIA,MG,202503,2135884,0211020036,72.0,370.8
SIA,MG,202503,2160560,0211020036,31.0,159.65
SIA,MG,202503,2139944,0211020036,159.0,818.85
SIA,MG,202503,2759381,0211020036,165.0,849.75
SIA,MG,202503,2100363,0211020036,8.0,41.2
SIA,MG,202503,2181029,0211020036,97.0,499.55
SIA,MG,202503,2127989,0206030037,409.0,56699.67
SIA,MG,202503,9325107,0211020036,256.0,1318.4
SIA,MG,202503,2206382,0206010079,241.0,23483.04
SIA,MG,202503,2127989,0206010079,513.0,49986.72
SIA,MG,202503,2127989,0206030029,38.0,3296.5
SIA,MG,202503,2206382,0211020036,286.0,1472.9
SIA,MG,202503,6959415,0206030010,0.0,0.0
SIA,MG,202503,2206064,0206020015,7.0,607.25
SIA,MG,202503,2759403,0211020036,536.0,2760.4
SIA,MG,202503,2206064,0206030010,88.0,12199.44
SIA,MG,202503,2206064,0206030037,90.0,12476.7
SIA,MG,202503,0039047,0211020036,158.0,813.7
SIA,MG,202503,2127989,0206010010,101.0,8762.76
SIA,MG,202503,2127989,0206010028,80.0,8088.0
SIA,MG,202503,2127989,0211020036,694.0,3574.1
SIA,MG,202503,2764776,0206030037,20.0,2772.6
SIA,MG,202503,2135132,0206010079,109.0,10620.96
SIA,MG,202503,2127989,0206030010,397.0,55036.11
SIA,MG,202503,2127989,0208010025,66.0,26962.32
SIA,MG,202503,6959415,0206030037,0.0,0.0
SIA,MG,202503,2206382,0206020015,1.0,86.75
SIA,MG,202503,2119528,0206030010,35.0,4852.05
SIA,MG,202503,2172887,0206020031,10.0,1364.1
SIA,MG,202503,2120089,0211020036,19.0,97.85
SIA,MG,202503,6959415,0206010044,0.0,0.0
SIA,MG,202503,2200473,0206010079,394.0,38391.36
SIA,MG,202503,6629725,0206010079,30.0,6450.0
SIA,MG,202503,7624123,0211020036,94.0,484.1
SIA,MG,202503,3698548,0206010079,236.0,22995.84
SIA,MG,202503,7951604,0206030037,54.0,8321.4
SIA,MG,202503,2171988,0206010079,220.0,21436.8
SIA,MG,202503,2171988,0206030010,157.0,21764.91
SIA,MG,202503,3698548,0206030037,28.0,3881.64
SIA,MG,202503,3698548,0206020031,51.0,6956.91
SIA,MG,202503,2206382,0206030037,110.0,15249.3
SIA,MG,202503,2127989,0206010052,51.0,4424.25
SIA,MG,202503,2206382,0206010044,35.0,3036.25
SIA,MG,202503,2206382,0206030010,111.0,15387.93
SIA,MG,202503,6629725,0206020031,22.0,5720.0
SIA,MG,202503,2159279,0211020036,256.0,1318.4
SIA,MG,202503,2764776,0206010079,36.0,3507.84
SIA,MG,202503,3698548,0211020036,121.0,623.15
SIA,MG,202503,2123541,0211020036,104.0,535.6
SIA,MG,202503,2120542,0206030029,3.0,260.25
SIA,MG,202503,2127989,0206010036,66.0,5726.16
SIA,MG,202503,2127989,0208010033,66.0,25282.62
SIA,MG,202503,2200473,0206010028,41.0,4145.1
SIA,MG,202503,2128047,0206010079,20.0,1948.8
SIA,MG,202503,2172887,0211020060,13.0,390.0
SIA,MG,202503,2117401,0211020036,16.0,82.4
SIA,MG,202503,2120542,0206030010,67.0,9288.21
SIA,MG,202503,2206064,0206010079,129.0,12569.76
SIA,MG,202503,2120542,0206010079,86.0,8379.84
SIA,MG,202503,2123061,0211020036,52.0,267.8
SIA,MG,202503,2200473,0206030010,144.0,19962.72
SIA,MG,202503,2200473,0206030029,35.0,3036.25
SIA,MG,202503,3698548,0206030010,118.0,16358.34
SIA,MG,202503,2171988,0206020031,38.0,5183.58
SIA,MG,202503,2172364,0211020036,31.0,159.65
SIA,MG,202503,2172887,0211020036,42.0,216.3
SIA,MG,202503,2200473,0206020031,77.0,10503.57
SIA,MG,202503,5473586,0206010010,0.0,0.0
SIA,MG,202503,2171988,0206030037,159.0,22042.17
SIA,MG,202503,2127989,0206010044,70.0,6072.5
SIA,MG,202503,7114982,0206020031,0.0,0.0
SIA,MG,202503,2697548,0211020036,23.0,118.45
SIA,MG,202503,2127121,0211020036,35.0,180.25
SIA,MG,202503,7951604,0211020036,2063.0,10624.45
SIA,MG,202503,2135132,0206030010,13.0,1802.19
SIA,MG,202503,2206382,0206010010,31.0,2689.56
SIA,MG,202503,2127989,0206020031,373.0,50880.93
SIA,MG,202503,2206382,0211020060,15.0,450.0
SIA,MG,202503,2206382,0206010036,10.0,867.6
SIA,MG,202503,7114982,0206030037,0.0,0.0
SIA,MG,202503,2119528,0206010079,80.0,7795.2
SIA,MG,202503,2759403,0211020060,14.0,420.0
SIA,MG,202503,2200473,0206030037,101.0,14001.63
SIA,MG,202503,7624123,0211020060,28.0,840.0
SIA,MG,202503,3698548,0206010028,24.0,2426.4
SIA,MG,202503,2206382,0206010028,18.0,1819.8
SIA,MG,202503,3938654,0206010079,13.0,1816.1
SIA,MG,202503,2135132,0206030037,2.0,277.26
SIA,MG,202503,2120542,0206010044,11.0,954.25
SIA,MG,202503,2117568,0206020015,1.0,86.75
SIA,MG,202503,2206382,0208010033,29.0,11109.03
SIA,MG,202503,2157942,0211020036,87.0,448.05
SIA,MG,202503,7951604,0206030010,54.0,8321.4
SIA,MG,202503,2120542,0206030037,65.0,9010.95
SIA,MG,202503,2775956,0211020036,129.0,664.35
SIA,MG,202503,3698548,0206020023,2.0,173.5
SIA,MG,202503,2172887,0206010028,22.0,2224.2
SIA,MG,202503,2206064,0206010044,34.0,2949.5
SIA,MG,202503,2206064,0206010010,20.0,1735.2
SIA,MG,202503,2206064,0206030029,8.0,694.0
SIA,MG,202503,2109034,0211020036,40.0,206.0
SIA,MG,202503,2119528,0206030037,35.0,4852.05
SIA,MG,202503,2127989,0206020023,6.0,520.5
SIA,MG,202503,3698548,0206010010,28.0,2429.28
SIA,MG,202503,6966640,0208010025,18.0,7353.36
SIA,MG,202503,2109034,0206010044,1.0,164.82
SIA,MG,202503,2109034,0206030037,4.0,1051.32
SIA,MG,202503,2764776,0206010044,7.0,607.25
SIA,MG,202503,2168340,0211020060,58.0,1740.0
SIA,MG,202503,2098539,0206020015,8.0,694.0
SIA,MG,202503,4503333,0211020036,44.0,226.6
SIA,MG,202503,2120194,0211020060,7.0,210.0
SIA,MG,202503,7609868,0206030037,11.0,1524.93
SIA,MG,202503,3871797,0206020031,0.0,0.0
SIA,MG,202503,2200473,0206010044,27.0,2342.25
SIA,MG,202503,2101866,0211020036,55.0,283.25
SIA,MG,202503,7114982,0206010079,0.0,0.0
SIA,MG,202503,2128047,0206030010,15.0,2079.45
SIA,MG,202503,2128047,0211020060,168.0,5040.0
SIA,MG,202503,7114982,0206010028,0.0,0.0
SIA,MG,202503,2120542,0206020031,32.0,4365.12
SIA,MG,202503,2171988,0206020023,5.0,433.75
SIA,MG,202503,2102765,0206010028,22.0,2224.2
SIA,MG,202503,2139227,0211020036,43.0,221.45
SIA,MG,202503,2128047,0206010028,7.0,707.7
SIA,MG,202503,3224945,0211020036,70.0,360.5
SIA,MG,202503,6959415,0211020060,0.0,0.0
SIA,MG,202503,2206382,0208010025,29.0,11847.08
SIA,MG,202503,2206382,0206020031,49.0,6684.09
SIA,MG,202503,2200473,0206010036,22.0,1908.72
SIA,MG,202503,3698548,0206010036,13.0,1127.88
SIA,MG,202503,7395361,0211020036,88.0,2464.0
SIA,MG,202503,2171988,0206010044,43.0,3730.25
SIA,MG,202503,2776006,0206010010,6.0,520.56
SIA,MG,202503,2102765,0206030010,4.0,554.52
SIA,MG,202503,2171988,0206010028,24.0,2426.4
SIA,MG,202503,2135132,0206010010,9.0,780.84
SIA,MG,202503,2206420,0206030010,7.0,970.41
SIA,MG,202503,6629725,0206030037,44.0,11440.0
SIA,MG,202503,2178559,0206020031,11.0,1500.51
SIA,MG,202503,2119528,0206020031,19.0,2591.79
SIA,MG,202503,2171988,0206010010,36.0,3123.36
SIA,MG,202503,2206420,0206010079,10.0,974.4
SIA,MG,202503,2776006,0206010079,4.0,389.76
SIA,MG,202503,7609868,0206010079,33.0,3215.52
SIA,MG,202503,7858094,0206030037,3.0,415.89
SIA,MG,202503,6966640,0208010033,18.0,6895.26
SIA,MG,202503,2206064,0206020031,28.0,3819.48
SIA,MG,202503,2200473,0206010010,50.0,4338.0
SIA,MG,202503,2135132,0206010044,11.0,954.25
SIA,MG,202503,6629725,0206030010,41.0,10660.0
SIA,MG,202503,6240844,0211020036,21.0,108.15
SIA,MG,202503,2776006,0206030010,4.0,554.52
SIA,MG,202503,2171988,0206010036,20.0,1735.2
SIA,MG,202503,2098539,0211020036,356.0,1833.4
SIA,MG,202503,6959415,0206010028,0.0,0.0
SIA,MG,202503,2206064,0206020023,12.0,1041.0
SIA,MG,202503,2200473,0206010052,8.0,694.0
SIA,MG,202503,6629725,0206010044,5.0,1075.0
SIA,MG,202503,2200473,0206020015,22.0,1908.5
SIA,MG,202503,2128047,0206030037,5.0,693.15
SIA,MG,202503,2178559,0206030037,5.0,693.15
SIA,MG,202503,2119528,0206010028,4.0,404.4
SIA,MG,202503,2119501,0211020036,128.0,659.2
SIA,MG,202503,2172887,0206010079,13.0,1266.72
SIA,MG,202503,7951604,0206010028,2.0,202.2
SIA,MG,202503,2764776,0206030010,19.0,2633.97
SIA,MG,202503,2135132,0206010028,7.0,707.7
SIA,MG,202503,2128047,0206010010,1.0,86.76
SIA,MG,202503,2115107,0211020036,22.0,113.3
SIA,MG,202503,2102765,0206030037,5.0,693.15
SIA,MG,202503,7951604,0206010079,6.0,649.86
SIA,MG,202503,2128047,0206020023,2.0,173.5
SIA,MG,202503,7858094,0206030010,2.0,277.26
SIA,MG,202503,2114763,0206030010,7.0,970.41
SIA,MG,202503,2763559,0211020036,78.0,401.7
SIA,MG,202503,2120100,0211020036,21.0,108.15
SIA,MG,202503,7609868,0208010033,4.0,1532.28
SIA,MG,202503,2120542,0206010010,7.0,607.32
SIA,MG,202503,6959415,0208010025,0.0,0.0
SIA,MG,202503,6959415,0206010079,0.0,0.0
SIA,MG,202503,2111659,0211020036,11.0,56.65
SIA,MG,202503,2178559,0206010079,12.0,1169.28
SIA,MG,202503,2120542,0206020023,2.0,173.5
SIA,MG,202503,2206064,0206010028,15.0,1516.5
SIA,MG,202503,2135124,0206010036,1.0,86.76
SIA,MG,202503,3938654,0206010010,1.0,100.0
SIA,MG,202503,2168340,0211020036,6.0,30.9
SIA,MG,202503,7951604,0206020031,18.0,2729.34
SIA,MG,202503,3698548,0206010044,32.0,2776.0
SIA,MG,202503,3224945,0211020060,69.0,2070.0
SIA,MG,202503,2112140,0206010036,4.0,347.04
SIA,MG,202503,2172887,0206010052,1.0,86.75
SIA,MG,202503,2760827,0211020036,55.0,283.25
SIA,MG,202503,2102765,0206020031,7.0,954.87
SIA,MG,202503,7609868,0206020031,12.0,1636.92
SIA,MG,202503,2171988,0206020015,10.0,867.5
SIA,MG,202503,2133261,0211020036,123.0,633.45
SIA,MG,202503,3698548,0206010052,6.0,520.5
SIA,MG,202503,2142511,0211020036,8.0,41.2
SIA,MG,202503,7858094,0206020031,3.0,409.23
SIA,MG,202503,2119528,0206010010,8.0,694.08
SIA,MG,202503,6275621,0211020060,6.0,180.0
SIA,MG,202503,2206064,0206010036,4.0,347.04
SIA,MG,202503,2186357,0205010016,5.0,825.0
SIA,MG,202503,2100282,0211020036,42.0,216.3
SIA,MG,202503,2117568,0206010044,1.0,86.75
SIA,MG,202503,2128047,0206030029,2.0,173.5
SIA,MG,202503,7114982,0206030010,0.0,0.0
SIA,MG,202503,2102021,0211020036,68.0,350.2
SIA,MG,202503,7609868,0206020015,1.0,86.75
SIA,MG,202503,6959415,0208010033,0.0,0.0
SIA,MG,202503,2102765,0206010010,9.0,780.84
SIA,MG,202503,3698548,0206030029,10.0,867.5
SIA,MG,202503,3649156,0211020036,31.0,159.65
SIA,MG,202503,2120097,0211020036,35.0,180.25
SIA,MG,202503,6629725,0206010010,1.0,240.0
SIA,MG,202503,5473586,0206020015,0.0,0.0
SIA,MG,202503,5473586,0206030037,0.0,0.0
SIA,MG,202503,9993908,0211020036,236.0,1215.4
SIA,MG,202503,2128047,0206020031,17.0,2318.97
SIA,MG,202503,7114982,0206010052,0.0,0.0
SIA,MG,202503,2123436,0211020036,33.0,169.95
SIA,MG,202503,7076711,0211020036,58.0,298.7
SIA,MG,202503,7413572,0211020036,219.0,1127.85
SIA,MG,202503,2118246,0206030037,40.0,5545.2
SIA,MG,202503,5338409,0206010044,0.0,0.0
SIA,MG,202503,5338409,0206020031,0.0,0.0
SIA,MG,202503,5338409,0206030010,0.0,0.0
SIA,MG,202503,2127938,0211020036,19.0,97.85
SIA,MG,202503,2100681,0206030037,48.0,6654.24
SIA,MG,202503,2100681,0206030010,49.0,6792.87
SIA,MG,202503,2146479,0211020036,0.0,0.0
SIA,MG,202503,2796449,0211020036,282.0,1452.3
SIA,MG,202503,6085121,0206010044,14.0,2429.0
SIA,MG,202503,2132877,0206030010,12.0,4440.0
SIA,MG,202503,6776434,0206010079,0.0,0.0
SIA,MG,202503,2100681,0206020031,16.0,2182.56
SIA,MG,202503,2100681,0206010052,8.0,694.0
SIA,MG,202503,2139871,0211020036,111.0,571.65
SIA,MG,202503,7258992,0211020060,60.0,1800.0
SIA,MG,202503,2132877,0206010079,17.0,4250.0
SIA,MG,202503,2132877,0206030037,11.0,3388.0
SIA,MG,202503,7201109,0211020036,1.0,5.15
SIA,MG,202503,3938654,0206030010,7.0,1386.0
SIA,MG,202503,7543913,0211020036,587.0,3023.05
SIA,MG,202503,5824591,0206010079,14.0,1364.16
SIA,MG,202503,5824591,0206010044,1.0,86.75
SIA,MG,202503,3938654,0206030037,7.0,1386.0
SIA,MG,202503,3960668,0206030029,1.0,86.75
SIA,MG,202503,2775956,0206010079,1.0,97.44
SIA,MG,202503,7892861,0211020060,17.0,1700.0
SIA,MG,202503,2145588,0206010079,36.0,3507.84
SIA,MG,202503,2145588,0206030010,62.0,8595.06
SIA,MG,202503,2171945,0206020031,377.0,51426.57
SIA,MG,202503,2171945,0206030010,308.0,42698.04
SIA,MG,202503,2171945,0206030037,328.0,45470.64
SIA,MG,202503,2171945,0206010079,197.0,19195.68
SIA,MG,202503,2205939,0206030010,22.0,3049.86
SIA,MG,202503,2205939,0206010079,72.0,7015.68
SIA,MG,202503,4040910,0211020036,100.0,515.0
SIA,MG,202503,2102765,0206010079,19.0,1851.36
SIA,MG,202503,2205939,0206030037,28.0,3881.64
SIA,MG,202503,2205939,0206010028,53.0,5358.3
SIA,MG,202503,2205939,0206010010,12.0,1041.12
SIA,MG,202503,2205939,0206010060,1.0,97.44
SIA,MG,202503,6776434,0206030010,0.0,0.0
SIA,MG,202503,6776434,0206030037,0.0,0.0
SIA,MG,202503,6776434,0208010033,0.0,0.0
SIA,MG,202503,2099454,0206010079,92.0,8964.48
SIA,MG,202503,2099454,0206020031,15.0,2046.15
SIA,MG,202503,2112140,0206030029,5.0,433.75
SIA,MG,202503,6323405,0211020036,143.0,736.45
SIA,MG,202503,2128047,0206010036,5.0,433.8
SIA,MG,202503,2168537,0211020036,60.0,309.0
SIA,MG,202503,2100681,0206020023,8.0,694.0
SIA,MG,202503,2100681,0206010044,2.0,173.5
SIA,MG,202503,2100681,0206010079,47.0,4579.68
SIA,MG,202503,2098911,0206010010,13.0,1127.88
SIA,MG,202503,2098911,0206010079,103.0,10036.32
SIA,MG,202503,2099438,0206010079,25.0,2436.0
SIA,MG,202503,2205734,0206010028,1.0,101.1
SIA,MG,202503,5338409,0206030037,0.0,0.0
SIA,MG,202503,6085121,0206030010,18.0,4990.68
SIA,MG,202503,6776434,0206010028,0.0,0.0
SIA,MG,202503,6776434,0206020031,0.0,0.0
SIA,MG,202503,6959415,0206020031,0.0,0.0
SIA,MG,202503,2140217,0206010044,6.0,520.5
SIA,MG,202503,2140217,0206030010,35.0,4852.05
SIA,MG,202503,2140217,0206030037,24.0,3327.12
SIA,MG,202503,2140217,0206010079,59.0,5748.96
SIA,MG,202503,2140217,0206020031,26.0,3546.66
SIA,MG,202503,2140217,0211020036,35.0,180.25
SIA,MG,202503,7413572,0211020060,48.0,1440.0
SIA,MG,202503,7934947,0206010036,2.0,173.52
SIA,MG,202503,2796562,0206010079,3.0,292.32
SIA,MG,202503,2796562,0206030010,1.0,138.63
SIA,MG,202503,5338409,0211020060,0.0,0.0
SIA,MG,202503,7934947,0206010010,3.0,260.28
SIA,MG,202503,7507631,0211020036,7.0,36.05
SIA,MG,202503,2103311,0211020036,59.0,303.85
SIA,MG,202503,2111640,0206030037,161.0,22319.43
SIA,MG,202503,6959415,0206020015,0.0,0.0
SIA,MG,202503,2121638,0211020036,132.0,679.8
SIA,MG,202503,2796562,0206010010,2.0,173.52
SIA,MG,202503,2796562,0206020031,1.0,136.41
SIA,MG,202503,2796562,0206030029,1.0,86.75
SIA,MG,202503,2796562,0206030037,1.0,138.63
SIA,MG,202503,7858094,0206010079,5.0,487.2
SIA,MG,202503,7609868,0211020060,3.0,90.0
SIA,MG,202503,2215268,0211020036,212.0,1091.8
SIA,MG,202503,2136937,0206030037,16.0,2218.08
SIA,MG,202503,7114982,0211020060,0.0,0.0
SIA,MG,202503,2205939,0206020031,23.0,3137.43
SIA,MG,202503,6631487,0206030037,17.0,3400.0
SIA,MG,202503,6631487,0206010010,75.0,15000.0
SIA,MG,202503,6631487,0205010016,194.0,145500.0
SIA,MG,202503,6085121,0206010079,15.0,2923.2
SIA,MG,202503,5824591,0206010028,4.0,404.4
SIA,MG,202503,2117096,0211020036,2.0,10.3
SIA,MG,202503,2191164,0206010079,54.0,5261.76
SIA,MG,202503,2118246,0206010079,30.0,2923.2
SIA,MG,202503,2118246,0206010044,2.0,173.5
SIA,MG,202503,2118246,0206020031,19.0,2591.79
SIA,MG,202503,2118246,0206020023,1.0,86.75
SIA,MG,202503,2118246,0206020015,2.0,173.5
SIA,MG,202503,2118246,0206010010,3.0,260.28
SIA,MG,202503,2118246,0206030010,40.0,5545.2
SIA,MG,202503,2796562,0206010044,3.0,260.25
SIA,MG,202503,2796562,0206020015,1.0,86.75
SIA,MG,202503,2099152,0206030010,30.0,7884.9
SIA,MG,202503,2099152,0206030037,28.0,7359.24
SIA,MG,202503,3883582,0205010016,20.0,3300.0
SIA,MG,202503,2796449,0206010079,14.0,2579.78
SIA,MG,202503,2764776,0206020031,4.0,545.64
SIA,MG,202503,6629725,0206010028,3.0,855.0
SIA,MG,202503,3410587,0211020036,163.0,839.45
SIA,MG,202503,2171945,0206010052,55.0,4771.25
SIA,MG,202503,2099152,0206010079,28.0,5062.68
SIA,MG,202503,6776434,0206020015,0.0,0.0
SIA,MG,202503,2111640,0211020036,175.0,901.25
SIA,MG,202503,2111640,0206010079,84.0,8184.96
SIA,MG,202503,2111640,0206020031,188.0,25645.08
SIA,MG,202503,2111640,0206030010,172.0,23844.36
SIA,MG,202503,2111640,0211020060,47.0,1410.0
SIA,MG,202503,2117134,0206010044,3.0,260.25
SIA,MG,202503,9980547,0211020060,10.0,300.0
SIA,MG,202503,2144638,0206010079,15.0,1461.6
SIA,MG,202503,2205939,0206010044,13.0,1127.75
SIA,MG,202503,2100681,0206010010,5.0,433.8
SIA,MG,202503,2120410,0211020036,2.0,10.3
SIA,MG,202503,2171945,0211020036,258.0,1328.7
SIA,MG,202503,2205939,0206020023,6.0,520.5
SIA,MG,202503,6776434,0208010025,0.0,0.0
SIA,MG,202503,2117134,0206010079,35.0,3410.4
SIA,MG,202503,2117134,0206030010,10.0,1386.3
SIA,MG,202503,2117134,0206020031,14.0,1909.74
SIA,MG,202503,2117134,0206020023,1.0,86.75
SIA,MG,202503,6862098,0211020036,28.0,144.2
SIA,MG,202503,2099438,0206030010,24.0,3327.12
SIA,MG,202503,2109034,0206010079,9.0,1627.29
SIA,MG,202503,2868385,0211020036,11.0,56.65
SIA,MG,202503,2206420,0206030037,6.0,831.78
SIA,MG,202503,2099454,0206030037,50.0,6931.5
SIA,MG,202503,2099454,0206030010,49.0,6792.87
SIA,MG,202503,2099438,0206030037,24.0,3327.12
SIA,MG,202503,2178559,0206030010,5.0,693.15
SIA,MG,202503,2796449,0206020031,4.0,737.08
SIA,MG,202503,2179016,0211020036,77.0,396.55
SIA,MG,202503,6085121,0206030037,19.0,5267.94
SIA,MG,202503,2111640,0206010052,23.0,1995.25
SIA,MG,202503,2132877,0206030029,1.0,86.75
SIA,MG,202503,6776434,0206010044,0.0,0.0
SIA,MG,202503,3883582,0206010010,1.0,86.76
SIA,MG,202503,2108828,0211020036,215.0,1107.25
SIA,MG,202503,2796449,0206030010,7.0,1296.54
SIA,MG,202503,2171945,0206030029,4.0,347.0
SIA,MG,202503,2171945,0206010036,7.0,607.32
SIA,MG,202503,2171945,0206010028,8.0,808.8
SIA,MG,202503,2205939,0206030029,8.0,694.0
SIA,MG,202503,2171988,0206010052,4.0,347.0
SIA,MG,202503,6631487,0206030010,68.0,13600.0
SIA,MG,202503,2156792,0211020036,106.0,545.9
SIA,MG,202503,2142384,0211020036,316.0,1627.4
SIA,MG,202503,2195321,0211020036,35.0,180.25
SIA,MG,202503,2145588,0206020031,7.0,954.87
SIA,MG,202503,2145588,0206030037,24.0,3327.12
SIA,MG,202503,2145588,0206010028,16.0,1617.6
SIA,MG,202503,2185520,0211020060,2.0,60.0
SIA,MG,202503,2119528,0206030029,2.0,173.5
SIA,MG,202503,2127989,0211020060,7.0,210.0
SIA,MG,202503,2112140,0206020023,1.0,86.75
SIA,MG,202503,2139103,0211020036,32.0,164.8
SIA,MG,202503,2191164,0211020036,113.0,581.95
SIA,MG,202503,2120542,0206010052,2.0,173.5
SIA,MG,202503,2191164,0206030010,9.0,1247.67
SIA,MG,202503,2191164,0206030037,4.0,554.52
SIA,MG,202503,6640486,0211020036,27.0,139.05
SIA,MG,202503,2171945,0206010010,6.0,520.56
SIA,MG,202503,2144638,0206030010,20.0,2772.6
SIA,MG,202503,2099152,0206020031,10.0,2591.7
SIA,MG,202503,2099454,0206010010,16.0,1388.16
SIA,MG,202503,7934947,0206030037,6.0,831.78
SIA,MG,202503,5338409,0206010052,0.0,0.0
SIA,MG,202503,5338409,0211020036,0.0,0.0
SIA,MG,202503,6776434,0206010010,0.0,0.0
SIA,MG,202503,2173166,0206010079,131.0,25529.28
SIA,MG,202503,6631487,0206010079,45.0,9000.0
SIA,MG,202503,2119471,0211020036,278.0,1431.7
SIA,MG,202503,2126494,0206010028,44.0,4448.4
SIA,MG,202503,2126494,0206030037,308.0,42698.04
SIA,MG,202503,2796449,0206030037,6.0,1105.62
SIA,MG,202503,6085121,0206020031,10.0,2750.4
SIA,MG,202503,7609868,0206010010,5.0,433.8
SIA,MG,202503,2098911,0206010028,23.0,2325.3
SIA,MG,202503,2208849,0211020036,45.0,231.75
SIA,MG,202503,7101406,0206030029,1.0,86.75
SIA,MG,202503,7101406,0206030010,6.0,831.78
SIA,MG,202503,7101406,0206030037,6.0,831.78
SIA,MG,202503,2180839,0211020036,83.0,427.45
SIA,MG,202503,2764776,0206010010,2.0,173.52
SIA,MG,202503,2122650,0211020036,235.0,1210.25
SIA,MG,202503,2114577,0211020036,99.0,509.85
SIA,MG,202503,2172887,0206030010,3.0,415.89
SIA,MG,202503,2099454,0211020036,96.0,494.4
SIA,MG,202503,2184281,0211020036,20.0,103.0
SIA,MG,202503,2099152,0211020036,255.0,1313.25
SIA,MG,202503,2776006,0206020031,2.0,272.82
SIA,MG,202503,2191164,0206010036,1.0,86.76
SIA,MG,202503,2144638,0206030037,3.0,415.89
SIA,MG,202503,2144638,0211020036,129.0,664.35
SIA,MG,202503,2140217,0206010028,9.0,909.9
SIA,MG,202503,2128047,0206010044,10.0,867.5
SIA,MG,202503,3871797,0206020015,0.0,0.0
SIA,MG,202503,6323405,0211020060,7.0,210.0
SIA,MG,202503,2120542,0206010036,1.0,86.76
SIA,MG,202503,2205939,0211020036,57.0,293.55
SIA,MG,202503,2185520,0211020036,147.0,757.05
SIA,MG,202503,2762676,0211020036,22.0,113.3
SIA,MG,202503,2126494,0206030010,244.0,33825.72
SIA,MG,202503,2126494,0206010079,457.0,44530.08
SIA,MG,202503,2776006,0206020023,2.0,173.5
SIA,MG,202503,2119528,0206010044,3.0,260.25
SIA,MG,202503,2164620,0211020036,2.0,10.3
SIA,MG,202503,2194317,0211020036,75.0,386.25
SIA,MG,202503,6776434,0206010052,0.0,0.0
SIA,MG,202503,2117134,0206010028,4.0,404.4
SIA,MG,202503,2135124,0206010028,1.0,101.1
SIA,MG,202503,2119528,0206020015,4.0,347.0
SIA,MG,202503,6631487,0211020036,1.0,5.15
SIA,MG,202503,3960668,0208010033,3.0,1149.21
SIA,MG,202503,2115654,0211020036,97.0,499.55
SIA,MG,202503,7076711,0211020060,2.0,60.0
SIA,MG,202503,6085121,0206010010,2.0,347.04
SIA,MG,202503,2136937,0206010010,2.0,173.52
SIA,MG,202503,2099454,0206010028,2.0,202.2
SIA,MG,202503,2099454,0206010044,9.0,780.75
SIA,MG,202503,2099454,0206010060,1.0,97.44
SIA,MG,202503,6862098,0211020060,16.0,480.0
SIA,MG,202503,2115506,0211020036,92.0,473.8
SIA,MG,202503,2099454,0206030029,1.0,86.75
SIA,MG,202503,2102765,0206020015,1.0,86.75
SIA,MG,202503,7101406,0206010079,14.0,1364.16
SIA,MG,202503,2135132,0206010087,2.0,277.26
SIA,MG,202503,2776006,0206030037,4.0,554.52
SIA,MG,202503,3960668,0206010036,3.0,260.28
SIA,MG,202503,6856209,0211020036,109.0,561.35
SIA,MG,202503,2120542,0206010028,3.0,303.3
SIA,MG,202503,2126494,0206020015,38.0,3296.5
SIA,MG,202503,2122650,0206030010,38.0,5267.94
SIA,MG,202503,2205734,0211020060,1.0,30.0
SIA,MG,202503,2145588,0211020036,150.0,772.5
SIA,MG,202503,2145588,0206010010,8.0,694.08
SIA,MG,202503,2099438,0206010044,4.0,347.0
SIA,MG,202503,0491632,0211020036,104.0,535.6
SIA,MG,202503,7101406,0206010028,4.0,404.4
SIA,MG,202503,7101406,0206010044,1.0,86.75
SIA,MG,202503,7101406,0206020031,7.0,954.87
SIA,MG,202503,2126494,0206020031,178.0,24280.98
SIA,MG,202503,6631487,0206010044,7.0,1400.0
SIA,MG,202503,2098911,0206030010,55.0,7624.65
SIA,MG,202503,2126494,0206020023,8.0,694.0
SIA,MG,202503,2114763,0206010044,1.0,86.75
SIA,MG,202503,9681752,0206030010,3.0,415.89
SIA,MG,202503,9681752,0206030037,3.0,415.89
SIA,MG,202503,7082886,0206010052,2.0,562.6
SIA,MG,202503,9419977,0206010052,3.0,260.25
SIA,MG,202503,9419977,0206030010,40.0,5545.2
SIA,MG,202503,2148293,0206030010,83.0,11506.29
SIA,MG,202503,6006361,0206010010,0.0,0.0
SIA,MG,202503,9344330,0206010079,79.0,7697.76
SIA,MG,202503,2775115,0211020036,190.0,978.5
SIA,MG,202503,3050378,0206010079,7.0,682.08
SIA,MG,202503,6272150,0211020036,321.0,1653.15
SIA,MG,202503,2148293,0206010079,88.0,8574.72
SIA,MG,202503,2148293,0206030029,22.0,1908.5
SIA,MG,202503,6920977,0206030037,353.0,48936.39
SIA,MG,202503,6920977,0206010028,103.0,10413.3
SIA,MG,202503,2111640,0206010036,1.0,86.76
SIA,MG,202503,6920977,0206010079,312.0,30401.28
SIA,MG,202503,2099438,0206020031,8.0,1091.28
SIA,MG,202503,2709848,0206030010,197.0,27310.11
SIA,MG,202503,2709848,0206030037,198.0,27448.74
SIA,MG,202503,6920977,0206030010,359.0,49768.17
SIA,MG,202503,6920977,0206020031,257.0,35057.37
SIA,MG,202503,0196347,0206030010,26.0,7313.8
SIA,MG,202503,2148293,0206020031,90.0,12276.9
SIA,MG,202503,2132877,0206010028,5.0,505.5
SIA,MG,202503,2709848,0211020036,276.0,1421.4
SIA,MG,202503,2184249,0211020036,39.0,200.85
SIA,MG,202503,2761041,0208010025,24.0,9804.48
SIA,MG,202503,2148293,0206010036,9.0,780.84
SIA,MG,202503,0196347,0206030037,24.0,6751.2
SIA,MG,202503,2191164,0206010044,2.0,173.5
SIA,MG,202503,2115433,0211020036,36.0,185.4
SIA,MG,202503,2120313,0211020036,155.0,798.25
SIA,MG,202503,2127695,0211020036,215.0,1107.25
SIA,MG,202503,6311709,0211020060,0.0,0.0
SIA,MG,202503,6311709,0206030010,0.0,0.0
SIA,MG,202503,2205939,0206010036,7.0,607.32
SIA,MG,202503,2099438,0206010010,3.0,260.28
SIA,MG,202503,2099438,0206010028,1.0,101.1
SIA,MG,202503,2099438,0211020036,51.0,262.65
SIA,MG,202503,2761041,0208010033,24.0,9193.68
SIA,MG,202503,3376478,0206010079,58.0,5651.52
SIA,MG,202503,2126494,0206010044,41.0,3556.75
SIA,MG,202503,2101777,0206030010,105.0,14556.15
SIA,MG,202503,6272150,0211020060,11.0,330.0
SIA,MG,202503,2098911,0206030037,57.0,7901.91
SIA,MG,202503,7933401,0211020036,161.0,829.15
SIA,MG,202503,2143992,0206010028,26.0,2628.6
SIA,MG,202503,2143992,0206020031,10.0,1364.1
SIA,MG,202503,2143992,0206030010,24.0,3327.12
SIA,MG,202503,2796619,0206030010,98.0,13585.74
SIA,MG,202503,3145425,0206010052,10.0,867.5
SIA,MG,202503,9681752,0206010044,2.0,173.5
SIA,MG,202503,2143992,0206030037,26.0,3604.38
SIA,MG,202503,4144597,0211020060,15.0,450.0
SIA,MG,202503,9419977,0206030037,37.0,5129.31
SIA,MG,202503,6006361,0206030010,0.0,0.0
SIA,MG,202503,6006361,0206010079,0.0,0.0
SIA,MG,202503,2761165,0211020036,28.0,144.2
SIA,MG,202503,2796619,0206010079,68.0,6625.92
SIA,MG,202503,7609868,0208010025,4.0,1634.08
SIA,MG,202503,3050378,0206020031,7.0,954.87
SIA,MG,202503,6631487,0206020031,30.0,6000.0
SIA,MG,202503,5724538,0211020036,2.0,10.3
SIA,MG,202503,2109034,0206030010,1.0,262.83
SIA,MG,202503,2126494,0206010010,120.0,10411.2
SIA,MG,202503,2148293,0206010044,19.0,1648.25
SIA,MG,202503,3376478,0206010028,17.0,1718.7
SIA,MG,202503,6006361,0206010044,0.0,0.0
SIA,MG,202503,0196347,0206010079,36.0,10126.8
SIA,MG,202503,2148293,0206010010,19.0,1648.44
SIA,MG,202503,2148293,0206030037,81.0,11229.03
SIA,MG,202503,9344330,0206030010,86.0,11922.18
SIA,MG,202503,9419977,0206010079,48.0,4677.12
SIA,MG,202503,2171945,0206010044,3.0,260.25
SIA,MG,202503,3498441,0206010010,5.0,433.8
SIA,MG,202503,2709848,0206020031,22.0,3001.02
SIA,MG,202503,2101777,0206010079,118.0,11497.92
SIA,MG,202503,2101777,0206030037,107.0,14833.41
SIA,MG,202503,3498441,0206010079,87.0,8477.28
SIA,MG,202503,2101777,0206020031,50.0,6820.5
SIA,MG,202503,3960668,0206010010,1.0,86.76
SIA,MG,202503,2760681,0211020036,27.0,139.05
SIA,MG,202503,2122650,0206020031,27.0,3683.07
SIA,MG,202503,2796619,0206030037,104.0,14417.52
SIA,MG,202503,2098369,0206010028,12.0,1213.2
SIA,MG,202503,2796619,0206010052,3.0,260.25
SIA,MG,202503,9344330,0206020031,55.0,7502.55
SIA,MG,202503,3238431,0211020036,95.0,489.25
SIA,MG,202503,6311709,0206020031,0.0,0.0
SIA,MG,202503,6311709,0206030037,0.0,0.0
SIA,MG,202503,3498441,0206030010,55.0,7624.65
SIA,MG,202503,2101777,0206010028,31.0,3134.1
SIA,MG,202503,2098369,0206010079,68.0,6625.92
SIA,MG,202503,6311709,0206010079,0.0,0.0
SIA,MG,202503,2098911,0206020031,42.0,5729.22
SIA,MG,202503,7114982,0206030029,0.0,0.0
SIA,MG,202503,9344330,0206030037,84.0,11644.92
SIA,MG,202503,3376478,0206020031,15.0,2046.15
SIA,MG,202503,9419977,0206020031,58.0,7911.78
SIA,MG,202503,3498441,0206020031,24.0,3273.84
SIA,MG,202503,6920977,0206010044,34.0,2949.5
SIA,MG,202503,2135124,0206010079,2.0,194.88
SIA,MG,202503,3498441,0206010028,15.0,1516.5
SIA,MG,202503,3498441,0211020060,14.0,420.0
SIA,MG,202503,3498441,0208010025,13.0,5310.76
SIA,MG,202503,2117134,0206010036,1.0,86.76
SIA,MG,202503,6631487,0206020023,1.0,200.0
SIA,MG,202503,6631487,0211020060,50.0,7000.0
SIA,MG,202503,3050378,0206030010,2.0,277.26
SIA,MG,202503,0873217,0211020036,43.0,221.45
SIA,MG,202503,2709848,0206020023,4.0,347.0
SIA,MG,202503,2101777,0206010044,13.0,1127.75
SIA,MG,202503,2143992,0206010036,4.0,347.04
SIA,MG,202503,6311709,0206010044,0.0,0.0
SIA,MG,202503,2148293,0206010028,19.0,1920.9
SIA,MG,202503,2171988,0206010060,1.0,97.44
SIA,MG,202503,2709848,0206010079,108.0,10523.52
SIA,MG,202503,2143992,0206010079,27.0,2630.88
SIA,MG,202503,6920977,0206020015,4.0,347.0
SIA,MG,202503,2796619,0206020031,61.0,8321.01
SIA,MG,202503,2760681,0206010079,10.0,974.4
SIA,MG,202503,7519826,0206020031,14.0,1909.74
SIA,MG,202503,2098369,0206030010,13.0,1802.19
SIA,MG,202503,3498441,0208010033,13.0,4979.91
SIA,MG,202503,3938654,0206020031,7.0,2030.0
SIA,MG,202503,3938654,0206020015,1.0,125.0
SIA,MG,202503,6920977,0206010010,38.0,3296.88
SIA,MG,202503,2099152,0206010028,20.0,3843.6
SIA,MG,202503,2760681,0206030010,13.0,1802.19
SIA,MG,202503,9344330,0206010010,4.0,347.04
SIA,MG,202503,2140217,0206030029,2.0,173.5
SIA,MG,202503,2126494,0206030029,53.0,4597.75
SIA,MG,202503,2122650,0206010028,3.0,303.3
SIA,MG,202503,2099152,0206020023,3.0,494.46
SIA,MG,202503,2143992,0206010010,9.0,780.84
SIA,MG,202503,2764776,0206010028,1.0,101.1
SIA,MG,202503,3145425,0206030037,24.0,3327.12
SIA,MG,202503,3376478,0206010044,6.0,520.5
SIA,MG,202503,6920977,0206020023,12.0,1041.0
SIA,MG,202503,2101777,0206010010,18.0,1561.68
SIA,MG,202503,2796619,0206010044,2.0,173.5
SIA,MG,202503,2099152,0206030029,4.0,659.32
SIA,MG,202503,0196347,0206020031,12.0,3375.6
SIA,MG,202503,2111640,0206010028,2.0,202.2
SIA,MG,202503,6006361,0206020031,0.0,0.0
SIA,MG,202503,2760681,0206010010,2.0,173.52
SIA,MG,202503,3871797,0206010036,0.0,0.0
SIA,MG,202503,2206269,0211020036,6.0,30.9
SIA,MG,202503,2143992,0206020015,1.0,86.75
SIA,MG,202503,2118246,0206010028,7.0,707.7
SIA,MG,202503,3050378,0206010028,3.0,303.3
SIA,MG,202503,2761041,0206010079,12.0,1169.28
SIA,MG,202503,2105330,0211020036,10.0,51.5
SIA,MG,202503,2144026,0206010044,2.0,173.5
SIA,MG,202503,2148293,0206020015,13.0,1127.75
SIA,MG,202503,2195453,0206020031,597.0,81436.77
SIA,MG,202503,2195453,0206030010,492.0,68205.96
SIA,MG,202503,7691904,0211020036,198.0,1019.7
SIA,MG,202503,3145425,0206010079,4.0,389.76
SIA,MG,202503,7038216,0211020036,460.0,2369.0
SIA,MG,202503,7038216,0206020031,30.0,4092.3
SIA,MG,202503,2208822,0211020036,96.0,494.4
SIA,MG,202503,2208822,0206010079,9.0,876.96
SIA,MG,202503,2099497,0206010079,0.0,0.0
SIA,MG,202503,9681752,0206020031,1.0,136.41
SIA,MG,202503,2195453,0206030037,462.0,64047.06
SIA,MG,202503,7038216,0206010079,126.0,12277.44
SIA,MG,202503,2198037,0211020036,46.0,236.9
SIA,MG,202503,2173166,0206030010,39.0,10813.14
SIA,MG,202503,2195453,0206010028,11.0,1112.1
SIA,MG,202503,2105780,0206010079,184.0,17928.96
SIA,MG,202503,2132877,0206020031,4.0,1340.0
SIA,MG,202503,0979538,0211020060,85.0,2550.0
SIA,MG,202503,4042085,0206020031,11.0,1500.51
SIA,MG,202503,2105780,0206030010,232.0,32162.16
SIA,MG,202503,2205998,0211020036,37.0,190.55
SIA,MG,202503,2099497,0206020031,0.0,0.0
SIA,MG,202503,2105780,0206030037,232.0,32162.16
SIA,MG,202503,2100754,0206010079,50.0,4872.0
SIA,MG,202503,2105780,0206020031,104.0,14186.64
SIA,MG,202503,2195453,0206010079,36.0,3507.84
SIA,MG,202503,2126494,0206010036,39.0,3383.64
SIA,MG,202503,5824591,0206030010,8.0,1109.04
SIA,MG,202503,9673717,0206010079,0.0,0.0
SIA,MG,202503,2760681,0206010044,2.0,173.5
SIA,MG,202503,9419977,0206010044,4.0,347.0
SIA,MG,202503,2760436,0206010079,27.0,2630.88
SIA,MG,202503,2142376,0206030037,6.0,831.78
SIA,MG,202503,2173166,0206010010,12.0,2082.24
SIA,MG,202503,6631487,0208010025,2.0,1152.0
SIA,MG,202503,2760681,0206010052,1.0,86.75
SIA,MG,202503,2172259,0206030010,91.0,14023.1
SIA,MG,202503,9388354,0208010033,14.0,5362.98
SIA,MG,202503,2119420,0206010028,13.0,1314.3
SIA,MG,202503,2159252,0206020031,280.0,38194.8
SIA,MG,202503,9388354,0206010079,47.0,4579.68
SIA,MG,202503,2136937,0206010028,1.0,101.1
SIA,MG,202503,6006361,0206020023,0.0,0.0
SIA,MG,202503,2098911,0206010044,13.0,1127.75
SIA,MG,202503,2143992,0206030029,4.0,347.0
SIA,MG,202503,2159252,0208010033,19.0,7278.33
SIA,MG,202503,2172259,0211020036,119.0,612.85
SIA,MG,202503,2159252,0206010044,41.0,3556.75
SIA,MG,202503,7519826,0206030037,14.0,1940.82
SIA,MG,202503,2211521,0206030010,0.0,0.0
SIA,MG,202503,9388354,0206020031,16.0,2182.56
SIA,MG,202503,2204762,0206030010,65.0,9010.95
SIA,MG,202503,7038216,0206030029,11.0,954.25
SIA,MG,202503,6631487,0206020015,6.0,1200.0
SIA,MG,202503,2173166,0206030037,11.0,3049.86
SIA,MG,202503,7038216,0206030010,53.0,7347.39
SIA,MG,202503,2159252,0206030010,185.0,25646.55
SIA,MG,202503,7038216,0206030037,58.0,8040.54
SIA,MG,202503,4042085,0206030037,21.0,2911.23
SIA,MG,202503,2172259,0206010010,22.0,1908.72
SIA,MG,202503,2172259,0206010079,155.0,16788.05
SIA,MG,202503,7076886,0211020036,459.0,2363.85
SIA,MG,202503,5338409,0208010033,0.0,0.0
SIA,MG,202503,2100754,0206020031,5.0,682.05
SIA,MG,202503,2140217,0206010010,4.0,347.04
SIA,MG,202503,2172259,0206030037,91.0,14023.1
SIA,MG,202503,2119420,0206010079,98.0,9549.12
SIA,MG,202503,6776434,0206010036,0.0,0.0
SIA,MG,202503,2204762,0206010079,96.0,9354.24
SIA,MG,202503,2168731,0211020036,70.0,360.5
SIA,MG,202503,6920977,0206030029,11.0,954.25
SIA,MG,202503,2142376,0206030010,6.0,831.78
SIA,MG,202503,9673717,0211020036,0.0,0.0
SIA,MG,202503,2100754,0206030037,2.0,277.26
SIA,MG,202503,9673717,0206010028,0.0,0.0
SIA,MG,202503,6311709,0206010028,0.0,0.0
SIA,MG,202503,2796392,0206030010,6.0,831.78
SIA,MG,202503,2101025,0211020036,41.0,211.15
SIA,MG,202503,0979538,0206020031,14.0,1909.74
SIA,MG,202503,9013245,0211020036,166.0,854.9
SIA,MG,202503,2109034,0206020031,1.0,259.17
SIA,MG,202503,3050378,0206010010,2.0,173.52
SIA,MG,202503,2172259,0206010036,11.0,1060.84
SIA,MG,202503,2159252,0206030037,198.0,27448.74
SIA,MG,202503,2760436,0206020031,9.0,1227.69
SIA,MG,202503,6006361,0211020036,0.0,0.0
SIA,MG,202503,2136937,0206010079,30.0,2923.2
SIA,MG,202503,2709848,0206010028,7.0,707.7
SIA,MG,202503,2100754,0206010052,1.0,86.75
SIA,MG,202503,2796392,0206010010,4.0,347.04
SIA,MG,202503,2119420,0206020015,31.0,2689.25
SIA,MG,202503,2159252,0211020036,66.0,339.9
SIA,MG,202503,0196347,0206010028,1.0,281.3
SIA,MG,202503,0979538,0208010033,35.0,13407.45
SIA,MG,202503,0979538,0206010028,3.0,303.3
SIA,MG,202503,2159252,0206020015,2.0,173.5
SIA,MG,202503,2796392,0206020031,4.0,545.64
SIA,MG,202503,4042085,0206030010,23.0,3188.49
SIA,MG,202503,2159252,0206010079,43.0,4189.92
SIA,MG,202503,2159252,0206010052,44.0,3817.0
SIA,MG,202503,2796392,0206010079,31.0,3020.64
SIA,MG,202503,2100754,0206030010,26.0,3604.38
SIA,MG,202503,2101777,0206020015,4.0,347.0
SIA,MG,202503,0979538,0206010079,17.0,1656.48
SIA,MG,202503,7519826,0206010079,13.0,1266.72
SIA,MG,202503,2172259,0206020015,4.0,385.72
SIA,MG,202503,7038216,0206020015,9.0,780.75
SIA,MG,202503,7519826,0206030010,14.0,1940.82
SIA,MG,202503,7038216,0206010010,10.0,867.6
SIA,MG,202503,2159368,0208010033,3.0,1149.21
SIA,MG,202503,2159252,0208010025,19.0,7761.88
SIA,MG,202503,9388354,0208010025,13.0,5310.76
SIA,MG,202503,9344330,0206010044,5.0,433.75
SIA,MG,202503,2140098,0206010079,17.0,1656.48
SIA,MG,202503,4042085,0206010044,2.0,173.5
SIA,MG,202503,2208822,0206030010,15.0,2079.45
SIA,MG,202503,2098369,0206010010,1.0,86.76
SIA,MG,202503,0979538,0206010036,1.0,86.76
SIA,MG,202503,2194937,0206020031,9.0,1227.69
SIA,MG,202503,2099497,0206030010,0.0,0.0
SIA,MG,202503,2140098,0206010028,5.0,505.5
SIA,MG,202503,2195453,0208010033,19.0,7278.33
SIA,MG,202503,2100754,0206010028,2.0,202.2
SIA,MG,202503,9388354,0206030037,39.0,5406.57
SIA,MG,202503,2098369,0206020031,23.0,3137.43
SIA,MG,202503,2098369,0206010044,2.0,173.5
SIA,MG,202503,7038216,0206010044,8.0,694.0
SIA,MG,202503,0979538,0206030037,4.0,554.52
SIA,MG,202503,2102560,0211020036,12.0,61.8
SIA,MG,202503,2796619,0206010028,10.0,1011.0
SIA,MG,202503,2204762,0206030037,66.0,9149.58
SIA,MG,202503,2172259,0206010044,18.0,1735.74
SIA,MG,202503,2136937,0206030010,16.0,2218.08
SIA,MG,202503,4042085,0206010079,23.0,2241.12
SIA,MG,202503,2168707,0206030037,58.0,8040.54
SIA,MG,202503,2168707,0206010079,65.0,6333.6
SIA,MG,202503,2160498,0211020036,132.0,679.8
SIA,MG,202503,2194937,0206030037,8.0,1109.04
SIA,MG,202503,2194937,0206010079,4.0,389.76
SIA,MG,202503,2099152,0211020060,22.0,660.0
SIA,MG,202503,2148293,0206010052,4.0,347.0
SIA,MG,202503,5338409,0208010025,0.0,0.0
SIA,MG,202503,2172259,0206020031,45.0,6823.35
SIA,MG,202503,9079882,0211020036,14.0,72.1
SIA,MG,202503,2195453,0206010052,85.0,7373.75
SIA,MG,202503,6093361,0206030037,3.0,415.89
SIA,MG,202503,2098369,0206030037,12.0,1663.56
SIA,MG,202503,6963188,0211020036,275.0,1416.25
SIA,MG,202503,6214371,0206020031,0.0,0.0
SIA,MG,202503,5796601,0206010079,15.0,1461.6
SIA,MG,202503,7595247,0206010028,0.0,0.0
SIA,MG,202503,7595247,0206010079,0.0,0.0
SIA,MG,202503,2161354,0206010079,180.0,17539.2
SIA,MG,202503,2161354,0206030010,129.0,17883.27
SIA,MG,202503,2161354,0206010010,33.0,2863.08
SIA,MG,202503,2161354,0206010044,33.0,2862.75
SIA,MG,202503,7595247,0206030010,0.0,0.0
SIA,MG,202503,7595247,0206030037,0.0,0.0
SIA,MG,202503,7595247,0206010010,0.0,0.0
SIA,MG,202503,7595247,0206010036,0.0,0.0
SIA,MG,202503,7595247,0211020060,0.0,0.0
SIA,MG,202503,2161354,0206030037,139.0,19269.57
SIA,MG,202503,2172259,0206030029,8.0,771.44
SIA,MG,202503,3713369,0211020060,58.0,6583.0
SIA,MG,202503,3376478,0206010010,5.0,433.8
SIA,MG,202503,7387377,0206020031,19.0,5344.7
SIA,MG,202503,9388354,0206010044,13.0,1127.75
SIA,MG,202503,6214371,0211020060,0.0,0.0
SIA,MG,202503,2201879,0206030037,31.0,8060.0
SIA,MG,202503,0979538,0208010025,35.0,14298.2
SIA,MG,202503,0046701,0211020036,172.0,885.8
SIA,MG,202503,2168553,0206030010,54.0,7486.02
SIA,MG,202503,3996360,0211020036,52.0,267.8
SIA,MG,202503,2105780,0206010010,15.0,1301.4
SIA,MG,202503,2099152,0206010036,2.0,329.66
SIA,MG,202503,2099152,0206010010,2.0,331.02
SIA,MG,202503,2121530,0211020036,25.0,128.75
SIA,MG,202503,2218410,0211020036,50.0,257.5
SIA,MG,202503,0979538,0206010044,4.0,347.0
SIA,MG,202503,2111640,0206010044,3.0,260.25
SIA,MG,202503,5796601,0206030010,18.0,2495.34
SIA,MG,202503,2168553,0206020031,14.0,1909.74
SIA,MG,202503,6766358,0206030037,12.0,1663.56
SIA,MG,202503,2139057,0211020036,80.0,412.0
SIA,MG,202503,9388354,0206030010,5.0,693.15
SIA,MG,202503,2796562,0206010052,2.0,173.5
SIA,MG,202503,2168650,0206020031,2.0,272.82
SIA,MG,202503,2168650,0211020036,255.0,1313.25
SIA,MG,202503,2760436,0206020015,2.0,173.5
SIA,MG,202503,7387377,0206030037,5.0,1406.5
SIA,MG,202503,5796601,0206010010,8.0,694.08
SIA,MG,202503,2761149,0211020036,11.0,56.65
SIA,MG,202503,2168553,0211020036,39.0,200.85
SIA,MG,202503,2168553,0206030037,59.0,8179.17
SIA,MG,202503,6766358,0206020031,10.0,1364.1
SIA,MG,202503,2795299,0211020036,30.0,154.5
SIA,MG,202503,2105780,0206010028,7.0,707.7
SIA,MG,202503,2201879,0206030010,31.0,8060.0
SIA,MG,202503,2201879,0211020060,7.0,385.0
SIA,MG,202503,2201879,0206020031,21.0,5460.0
SIA,MG,202503,2168707,0206030010,69.0,9565.47
SIA,MG,202503,2208822,0206010044,7.0,607.25
SIA,MG,202503,7595247,0208010033,0.0,0.0
SIA,MG,202503,2161354,0206010036,15.0,1301.4
SIA,MG,202503,6766358,0206010079,7.0,682.08
SIA,MG,202503,6766358,0206010060,1.0,97.44
SIA,MG,202503,2117525,0211020036,6.0,30.9
SIA,MG,202503,2160528,0211020036,14.0,72.1
SIA,MG,202503,2168553,0206010079,50.0,4872.0
SIA,MG,202503,2159252,0206010060,1.0,97.44
SIA,MG,202503,2168707,0206010044,9.0,780.75
SIA,MG,202503,2204762,0206010010,1.0,86.76
SIA,MG,202503,2201879,0206010079,40.0,8600.0
SIA,MG,202503,2120070,0211020036,50.0,257.5
SIA,MG,202503,2142376,0206020031,4.0,545.64
SIA,MG,202503,2122901,0211020060,4.0,120.0
SIA,MG,202503,0133876,0211020036,287.0,1478.05
SIA,MG,202503,2195453,0206010044,6.0,520.5
SIA,MG,202503,2142376,0206010079,8.0,779.52
SIA,MG,202503,9547479,0211020060,8.0,240.0
SIA,MG,202503,5796601,0208010025,1.0,408.52
SIA,MG,202503,2194937,0206030010,9.0,1247.67
SIA,MG,202503,2129566,0206010079,53.0,5164.32
SIA,MG,202503,9673717,0206030029,0.0,0.0
SIA,MG,202503,7038216,0206010028,11.0,1112.1
SIA,MG,202503,2105780,0206020015,6.0,520.5
SIA,MG,202503,2119420,0206010044,4.0,347.0
SIA,MG,202503,2760436,0206030010,5.0,693.15
SIA,MG,202503,6214371,0206030037,0.0,0.0
SIA,MG,202503,5796601,0206020031,15.0,2046.15
SIA,MG,202503,2168650,0206010079,13.0,1266.72
SIA,MG,202503,2161354,0206010052,6.0,520.5
SIA,MG,202503,7387377,0206010044,2.0,562.6
SIA,MG,202503,7387377,0206010079,21.0,5907.3
SIA,MG,202503,7387377,0206030010,4.0,1125.2
SIA,MG,202503,2129566,0206020031,5.0,682.05
SIA,MG,202503,7802951,0211020036,47.0,242.05
SIA,MG,202503,2119420,0206030010,8.0,1109.04
SIA,MG,202503,7595247,0208010025,0.0,0.0
SIA,MG,202503,2129566,0206030010,1.0,138.63
SIA,MG,202503,2161354,0206020031,71.0,9685.11
SIA,MG,202503,2140098,0206020023,2.0,173.5
SIA,MG,202503,2105780,0206010044,15.0,1301.25
SIA,MG,202503,0979538,0206010010,4.0,347.04
SIA,MG,202503,6093361,0206030010,3.0,415.89
SIA,MG,202503,2208822,0206010052,2.0,173.5
SIA,MG,202503,2168707,0206010028,5.0,505.5
SIA,MG,202503,7595247,0206010044,0.0,0.0
SIA,MG,202503,7595247,0206020031,0.0,0.0
SIA,MG,202503,2161354,0206020023,1.0,86.75
SIA,MG,202503,2115360,0211020036,85.0,437.75
SIA,MG,202503,2760436,0206010028,5.0,505.5
SIA,MG,202503,2172259,0206010028,11.0,1112.1
SIA,MG,202503,2194260,0211020036,115.0,592.25
SIA,MG,202503,2796392,0206030037,5.0,693.15
SIA,MG,202503,2160315,0211020036,124.0,638.6
SIA,MG,202503,2171678,0206010044,19.0,1648.25
SIA,MG,202503,2120496,0211020036,206.0,1060.9
SIA,MG,202503,2168650,0206030037,19.0,2633.97
SIA,MG,202503,2195453,0208010025,19.0,7761.88
SIA,MG,202503,2168707,0206020015,3.0,260.25
SIA,MG,202503,2168707,0206020031,13.0,1773.33
SIA,MG,202503,0846589,0211020036,150.0,772.5
SIA,MG,202503,2776847,0211020036,47.0,242.05
SIA,MG,202503,5516641,0211020036,4.0,20.6
SIA,MG,202503,9368221,0206030010,0.0,0.0
SIA,MG,202503,2172259,0206020023,2.0,192.86
SIA,MG,202503,2168553,0206010052,1.0,86.75
SIA,MG,202503,2129566,0206010044,6.0,520.5
SIA,MG,202503,9673717,0211020060,0.0,0.0
SIA,MG,202503,3050378,0206010036,2.0,173.52
SIA,MG,202503,2142376,0206010028,2.0,202.2
SIA,MG,202503,2105780,0206030029,6.0,520.5
SIA,MG,202503,2178656,0211020036,78.0,401.7
SIA,MG,202503,2100754,0206010044,8.0,694.0
SIA,MG,202503,2159252,0206010028,4.0,404.4
SIA,MG,202503,2201879,0206010010,5.0,1200.0
SIA,MG,202503,0979538,0206010052,1.0,86.75
SIA,MG,202503,6093361,0206020031,4.0,545.64
SIA,MG,202503,9673717,0206010044,0.0,0.0
SIA,MG,202503,9419977,0206010036,1.0,86.76
SIA,MG,202503,7038216,0206010036,4.0,347.04
SIA,MG,202503,2172682,0211020036,60.0,309.0
SIA,MG,202503,2168707,0206030029,4.0,347.0
SIA,MG,202503,9061681,0211020036,610.0,3141.5
SIA,MG,202503,2169479,0211020036,38.0,195.7
SIA,MG,202503,2161354,0208010033,5.0,1915.35
SIA,MG,202503,6214371,0206030029,0.0,0.0
SIA,MG,202503,2105780,0206020023,3.0,260.25
SIA,MG,202503,2099896,0211020036,57.0,293.55
SIA,MG,202503,2099586,0211020036,36.0,185.4
SIA,MG,202503,2195453,0206020023,1.0,86.75
SIA,MG,202503,0979538,0206020023,2.0,173.5
SIA,MG,202503,2103710,0211020036,50.0,257.5
SIA,MG,202503,2099497,0206010010,0.0,0.0
SIA,MG,202503,2119498,0211020036,53.0,272.95
SIA,MG,202503,3012840,0211020036,151.0,777.65
SIA,MG,202503,2099497,0206020015,0.0,0.0
SIA,MG,202503,3996360,0211020060,4.0,120.0
SIA,MG,202503,2760436,0206010010,2.0,173.52
SIA,MG,202503,5350697,0211020036,159.0,4452.0
SIA,MG,202503,2201879,0206010044,8.0,1720.0
SIA,MG,202503,2101777,0206010052,4.0,347.0
SIA,MG,202503,2168707,0206010010,3.0,260.28
SIA,MG,202503,2763591,0211020036,32.0,164.8
SIA,MG,202503,2193000,0211020036,32.0,164.8
SIA,MG,202503,2099497,0206010044,0.0,0.0
SIA,MG,202503,9673717,0206020031,0.0,0.0
SIA,MG,202503,4085205,0211020036,144.0,741.6
SIA,MG,202503,2841622,0206030037,14.0,1940.82
SIA,MG,202503,2171627,0211020036,290.0,1493.5
SIA,MG,202503,2138875,0206020031,4.0,545.64
SIA,MG,202503,6618774,0206030037,86.0,11922.18
SIA,MG,202503,2218690,0211020036,619.0,3187.85
SIA,MG,202503,2218690,0206010028,42.0,4246.2
SIA,MG,202503,2138875,0206030037,31.0,4297.53
SIA,MG,202503,7962088,0206030010,77.0,10674.51
SIA,MG,202503,2098938,0206030037,135.0,18715.05
SIA,MG,202503,2098938,0206020031,153.0,20870.73
SIA,MG,202503,2183455,0206030010,14.0,1940.82
SIA,MG,202503,2785684,0206010028,4.0,808.8
SIA,MG,202503,6618774,0206010079,116.0,11303.04
SIA,MG,202503,2119420,0206030029,3.0,260.25
SIA,MG,202503,6340059,0206010079,64.0,6236.16
SIA,MG,202503,2098938,0211020036,403.0,2075.45
SIA,MG,202503,6340059,0206030010,41.0,5683.83
SIA,MG,202503,2183455,0211020060,32.0,960.0
SIA,MG,202503,2215586,0211020060,37.0,1110.0
SIA,MG,202503,2215586,0206030037,57.0,7901.91
SIA,MG,202503,9228713,0206030029,1.0,86.75
SIA,MG,202503,9046658,0211020036,458.0,2358.7
SIA,MG,202503,2218690,0206010079,78.0,7600.32
SIA,MG,202503,9046658,0211020060,33.0,990.0
SIA,MG,202503,6340059,0206010052,1.0,86.75
SIA,MG,202503,2129469,0206030037,214.0,29666.82
SIA,MG,202503,2129469,0206030010,218.0,30221.34
SIA,MG,202503,2129469,0206020031,197.0,26872.77
SIA,MG,202503,2215586,0206030010,61.0,8456.43
SIA,MG,202503,5944619,0211020036,77.0,396.55
SIA,MG,202503,2215586,0206020031,66.0,9003.06
SIA,MG,202503,9529209,0206010079,16.0,1559.04
SIA,MG,202503,7962088,0206030037,76.0,10535.88
SIA,MG,202503,2183455,0211020036,147.0,757.05
SIA,MG,202503,2099497,0206030037,0.0,0.0
SIA,MG,202503,2218690,0211020060,33.0,990.0
SIA,MG,202503,2204649,0206020031,9.0,1227.69
SIA,MG,202503,2841622,0206020031,8.0,1091.28
SIA,MG,202503,7284233,0206010079,10.0,974.4
SIA,MG,202503,2129469,0206010079,60.0,5846.4
SIA,MG,202503,6618774,0206010044,27.0,2342.25
SIA,MG,202503,9388354,0206010028,2.0,202.2
SIA,MG,202503,9529209,0206030010,8.0,1109.04
SIA,MG,202503,2098407,0206030010,39.0,5406.57
SIA,MG,202503,2215586,0208010033,6.0,2298.42
SIA,MG,202503,2215586,0208010025,6.0,2451.12
SIA,MG,202503,2218690,0206030037,31.0,4297.53
SIA,MG,202503,2098938,0206030010,165.0,22873.95
SIA,MG,202503,6618774,0206010028,7.0,707.7
SIA,MG,202503,9388354,0206010010,1.0,86.76
SIA,MG,202503,2144530,0206030037,15.0,2079.45
SIA,MG,202503,2164299,0206010079,45.0,4384.8
SIA,MG,202503,2218690,0206010044,19.0,1648.25
SIA,MG,202503,2098407,0206010079,13.0,1266.72
SIA,MG,202503,2138875,0206010079,44.0,4287.36
SIA,MG,202503,6340059,0206020031,15.0,2046.15
SIA,MG,202503,6618774,0206030010,83.0,11506.29
SIA,MG,202503,2183455,0206010079,9.0,876.96
SIA,MG,202503,6618774,0206010010,12.0,1041.12
SIA,MG,202503,2785684,0206020031,5.0,1375.2
SIA,MG,202503,2761203,0211020036,17.0,87.55
SIA,MG,202503,2761203,0206030029,4.0,347.0
SIA,MG,202503,2776286,0206010044,6.0,520.5
SIA,MG,202503,7266960,0211020036,14.0,72.1
SIA,MG,202503,2098407,0211020036,321.0,1653.15
SIA,MG,202503,4042085,0206020015,1.0,86.75
SIA,MG,202503,7284233,0206020031,2.0,272.82
SIA,MG,202503,2761203,0206030010,2.0,277.26
SIA,MG,202503,7962088,0206010079,10.0,974.4
SIA,MG,202503,2138875,0206030010,30.0,4158.9
SIA,MG,202503,9228713,0206010079,9.0,876.96
SIA,MG,202503,2129469,0206010044,7.0,607.25
SIA,MG,202503,2204762,0206020031,8.0,1091.28
SIA,MG,202503,2105578,0211020036,119.0,612.85
SIA,MG,202503,2215586,0211020036,84.0,432.6
SIA,MG,202503,7962088,0206020015,2.0,173.5
SIA,MG,202503,7962088,0206020031,94.0,12822.54
SIA,MG,202503,9529209,0206010044,6.0,520.5
SIA,MG,202503,2098938,0206010052,16.0,1388.0
SIA,MG,202503,2129469,0211020036,42.0,216.3
SIA,MG,202503,2125943,0211020036,227.0,1169.05
SIA,MG,202503,2146525,0206030037,52.0,7208.76
SIA,MG,202503,2098474,0211020036,394.0,2029.1
SIA,MG,202503,2201542,0211020036,159.0,818.85
SIA,MG,202503,2124300,0211020036,392.0,2018.8
SIA,MG,202503,2124300,0206020031,74.0,10094.34
SIA,MG,202503,6340059,0206010044,7.0,607.25
SIA,MG,202503,2192128,0206010079,25.0,2436.0
SIA,MG,202503,2764814,0206030037,34.0,4713.42
SIA,MG,202503,7795203,0206030037,0.0,0.0
SIA,MG,202503,2138875,0211020036,3.0,15.45
SIA,MG,202503,2760738,0211020036,36.0,185.4
SIA,MG,202503,6340059,0206020015,5.0,433.75
SIA,MG,202503,6790151,0206030010,105.0,14556.15
SIA,MG,202503,2124300,0206030037,93.0,12892.59
SIA,MG,202503,6790151,0206010079,206.0,20072.64
SIA,MG,202503,2140098,0206020031,5.0,682.05
SIA,MG,202503,2208857,0206030037,7.0,970.41
SIA,MG,202503,2110075,0208010025,53.0,21651.56
SIA,MG,202503,2764814,0206010079,102.0,9938.88
SIA,MG,202503,2764814,0206030029,11.0,954.25
SIA,MG,202503,0632821,0206030037,1.0,138.63
SIA,MG,202503,2124300,0206010079,120.0,11692.8
SIA,MG,202503,2098938,0208010025,47.0,19200.44
SIA,MG,202503,2138875,0206010044,8.0,694.0
SIA,MG,202503,9529209,0206010028,7.0,707.7
SIA,MG,202503,2125943,0211020060,61.0,1830.0
SIA,MG,202503,2143801,0206030037,45.0,6238.35
SIA,MG,202503,2143801,0206010079,37.0,3605.28
SIA,MG,202503,2209195,0206030010,59.0,8179.17
SIA,MG,202503,2760843,0206010079,112.0,10913.28
SIA,MG,202503,2785684,0206010079,26.0,5066.88
SIA,MG,202503,6790151,0206030029,40.0,3470.0
SIA,MG,202503,2218690,0206030010,40.0,5545.2
SIA,MG,202503,5914469,0211020036,170.0,875.5
SIA,MG,202503,2173565,0206020031,11.0,1500.51
SIA,MG,202503,2208857,0211020036,100.0,515.0
SIA,MG,202503,2204622,0206030037,63.0,8733.69
SIA,MG,202503,0041548,0206010028,4.0,404.4
SIA,MG,202503,2142376,0211020036,6.0,30.9
SIA,MG,202503,2204622,0206010079,117.0,11400.48
SIA,MG,202503,6705375,0211020036,42.0,216.3
SIA,MG,202503,2098938,0208010033,47.0,18004.29
SIA,MG,202503,2218690,0206020031,76.0,10367.16
SIA,MG,202503,2146525,0206030010,54.0,7486.02
SIA,MG,202503,6790151,0211020036,86.0,442.9
SIA,MG,202503,2204622,0206010028,63.0,6369.3
SIA,MG,202503,2144174,0211020036,87.0,448.05
SIA,MG,202503,2841622,0206010079,19.0,1851.36
SIA,MG,202503,2098407,0206030037,39.0,5406.57
SIA,MG,202503,2764814,0206030010,88.0,12199.44
SIA,MG,202503,6790151,0206030037,12.0,1663.56
SIA,MG,202503,2124300,0206030010,89.0,12338.07
SIA,MG,202503,2204622,0206020031,31.0,4228.71
SIA,MG,202503,0828114,0206020023,3.0,260.25
SIA,MG,202503,0828114,0206020031,37.0,5047.17
SIA,MG,202503,6214371,0206030010,0.0,0.0
SIA,MG,202503,2764814,0206010028,16.0,1617.6
SIA,MG,202503,2776286,0206020031,9.0,1227.69
SIA,MG,202503,6790151,0206020031,67.0,9139.47
SIA,MG,202503,7637985,0211020036,16.0,82.4
SIA,MG,202503,0981400,0206030037,20.0,2772.6
SIA,MG,202503,2140411,0211020036,200.0,1030.0
SIA,MG,202503,5914469,0211020060,29.0,870.0
SIA,MG,202503,2760436,0206030029,1.0,86.75
SIA,MG,202503,2760657,0206030037,32.0,4436.16
SIA,MG,202503,6705375,0206010028,22.0,2224.2
SIA,MG,202503,2208857,0208010033,11.0,4213.77
SIA,MG,202503,2208857,0206020031,11.0,1500.51
SIA,MG,202503,2204622,0206010010,9.0,780.84
SIA,MG,202503,2146525,0206010079,95.0,9256.8
SIA,MG,202503,2841622,0206020023,1.0,86.75
SIA,MG,202503,2208857,0206030010,8.0,1109.04
SIA,MG,202503,2759306,0211020060,13.0,390.0
SIA,MG,202503,2761106,0206030037,5.0,693.15
SIA,MG,202503,2204649,0206010028,4.0,404.4
SIA,MG,202503,2785684,0206010044,5.0,867.5
SIA,MG,202503,0979538,0206030010,5.0,693.15
SIA,MG,202503,2143801,0206030010,44.0,6099.72
SIA,MG,202503,2764814,0206020031,30.0,4092.3
SIA,MG,202503,7795203,0206010028,0.0,0.0
SIA,MG,202503,2201542,0206030010,51.0,7070.13
SIA,MG,202503,2209195,0206010079,107.0,10426.08
SIA,MG,202503,2209195,0206030037,55.0,7624.65
SIA,MG,202503,2098407,0206020031,16.0,2182.56
SIA,MG,202503,0828114,0206010079,73.0,7113.12
SIA,MG,202503,0828114,0206010044,22.0,1908.5
SIA,MG,202503,2138875,0206010028,4.0,404.4
SIA,MG,202503,2206447,0206010044,3.0,260.25
SIA,MG,202503,2195453,0206010036,4.0,347.04
SIA,MG,202503,0828114,0206010036,2.0,173.52
SIA,MG,202503,2201542,0206010079,56.0,5456.64
SIA,MG,202503,2776286,0206010079,19.0,1851.36
SIA,MG,202503,2140098,0206030010,6.0,831.78
SIA,MG,202503,7795203,0206030010,0.0,0.0
SIA,MG,202503,6340059,0206010028,7.0,707.7
SIA,MG,202503,2173565,0206030037,8.0,1109.04
SIA,MG,202503,6790151,0206010028,7.0,707.7
SIA,MG,202503,2183455,0206020031,10.0,1364.1
SIA,MG,202503,2098938,0206030029,7.0,607.25
SIA,MG,202503,6618774,0206010036,6.0,520.56
SIA,MG,202503,0041548,0206020031,5.0,682.05
SIA,MG,202503,2785684,0206030010,13.0,3604.38
SIA,MG,202503,2144530,0206010079,64.0,6236.16
SIA,MG,202503,2139200,0206010079,64.0,7397.12
SIA,MG,202503,2204622,0206020023,10.0,867.5
SIA,MG,202503,6618774,0206030029,2.0,173.5
SIA,MG,202503,2201542,0206030037,51.0,7070.13
SIA,MG,202503,9228713,0206010044,9.0,780.75
SIA,MG,202503,2209195,0206010044,6.0,520.5
SIA,MG,202503,2098938,0206010044,12.0,1041.0
SIA,MG,202503,2163829,0206020031,11.0,1500.51
SIA,MG,202503,2139200,0206030010,22.0,3595.9
SIA,MG,202503,2129469,0206010052,33.0,2862.75
SIA,MG,202503,2760657,0206030010,32.0,4436.16
SIA,MG,202503,2129469,0208010025,3.0,1225.56
SIA,MG,202503,2157357,0211020036,45.0,231.75
SIA,MG,202503,2760657,0206010079,28.0,2728.32
SIA,MG,202503,2124300,0206010036,5.0,433.8
SIA,MG,202503,6093361,0206010079,5.0,487.2
SIA,MG,202503,2204622,0206010044,19.0,1648.25
SIA,MG,202503,2204622,0206030010,44.0,6099.72
SIA,MG,202503,2192128,0206030010,14.0,1940.82
SIA,MG,202503,2164299,0206020031,11.0,1500.51
SIA,MG,202503,0981400,0206020031,19.0,2591.79
SIA,MG,202503,2764814,0206010010,13.0,1127.88
SIA,MG,202503,2163829,0206030010,23.0,3188.49
SIA,MG,202503,2144530,0206010044,1.0,86.75
SIA,MG,202503,2146525,0206020031,34.0,4637.94
SIA,MG,202503,2127091,0211020036,43.0,221.45
SIA,MG,202503,2124300,0206030029,5.0,433.75
SIA,MG,202503,2110075,0206030037,24.0,3327.12
SIA,MG,202503,2110075,0208010033,53.0,20302.71
SIA,MG,202503,2760843,0206030037,84.0,11644.92
SIA,MG,202503,0828114,0206030010,32.0,4436.16
SIA,MG,202503,6487556,0211020060,0.0,0.0
SIA,MG,202503,2143801,0206020031,7.0,954.87
SIA,MG,202503,2209195,0206020031,46.0,6274.86
SIA,MG,202503,0981400,0206010079,34.0,3312.96
SIA,MG,202503,2163829,0206010079,38.0,3702.72
SIA,MG,202503,2129469,0206010028,6.0,606.6
SIA,MG,202503,9368221,0206010079,0.0,0.0
SIA,MG,202503,9368221,0206010044,0.0,0.0
SIA,MG,202503,6892256,0206010079,122.0,11887.68
SIA,MG,202503,6892256,0206020031,51.0,6956.91
SIA,MG,202503,2841622,0206030029,2.0,173.5
SIA,MG,202503,2213958,0211020036,0.0,0.0
SIA,MG,202503,6892256,0206030010,27.0,3743.01
SIA,MG,202503,2218690,0206030029,5.0,433.75
SIA,MG,202503,6790151,0208010033,1.0,383.07
SIA,MG,202503,2138875,0206010010,5.0,433.8
SIA,MG,202503,9368221,0206020031,0.0,0.0
SIA,MG,202503,2841622,0206030010,12.0,1663.56
SIA,MG,202503,2114143,0211020036,165.0,849.75
SIA,MG,202503,6487556,0208010033,0.0,0.0
SIA,MG,202503,2143801,0206030029,1.0,86.75
SIA,MG,202503,6487556,0206030010,0.0,0.0
SIA,MG,202503,2139200,0206010036,3.0,309.45
SIA,MG,202503,6487556,0206030037,0.0,0.0
SIA,MG,202503,0981400,0206030010,7.0,970.41
SIA,MG,202503,2143801,0206010010,5.0,433.8
SIA,MG,202503,9388354,0206020015,2.0,173.5
SIA,MG,202503,2776286,0206010010,3.0,260.28
SIA,MG,202503,2201542,0206020031,16.0,2182.56
SIA,MG,202503,2169509,0211020036,28.0,144.2
SIA,MG,202503,9368221,0206010052,0.0,0.0
SIA,MG,202503,2204622,0206030029,2.0,173.5
SIA,MG,202503,2215586,0205010016,14.0,2310.0
SIA,MG,202503,2143801,0206010044,5.0,433.75
SIA,MG,202503,2139200,0206010052,1.0,103.15
SIA,MG,202503,7795203,0206020031,0.0,0.0
SIA,MG,202503,0828114,0206010028,4.0,404.4
SIA,MG,202503,0041548,0206010079,14.0,1364.16
SIA,MG,202503,6790151,0206010044,20.0,1735.0
SIA,MG,202503,2105780,0206010052,7.0,607.25
SIA,MG,202503,2761092,0206030037,304.0,42143.52
SIA,MG,202503,6790151,0206010010,4.0,347.04
SIA,MG,202503,2129469,0208010033,3.0,1149.21
SIA,MG,202503,2776286,0206030037,6.0,831.78
SIA,MG,202503,0041548,0206030010,3.0,415.89
SIA,MG,202503,2129566,0211020036,6.0,30.9
SIA,MG,202503,7533934,0211020036,247.0,1272.05
SIA,MG,202503,2163829,0206010028,1.0,101.1
SIA,MG,202503,2139200,0206020031,9.0,1447.92
SIA,MG,202503,7795203,0208010033,0.0,0.0
SIA,MG,202503,2144530,0206010010,7.0,607.32
SIA,MG,202503,5661757,0211020036,31.0,159.65
SIA,MG,202503,2127768,0211020036,13.0,66.95
SIA,MG,202503,6618774,0206010052,3.0,260.25
SIA,MG,202503,2761092,0206030029,3.0,260.25
SIA,MG,202503,2761092,0206030010,284.0,39370.92
SIA,MG,202503,2761092,0206010052,39.0,3383.25
SIA,MG,202503,2761092,0206020031,326.0,44469.66
SIA,MG,202503,2761092,0206010079,105.0,10231.2
SIA,MG,202503,2761092,0206020023,5.0,433.75
SIA,MG,202503,2761092,0206010010,12.0,1041.12
SIA,MG,202503,7795203,0206010079,0.0,0.0
SIA,MG,202503,0246417,0211020036,168.0,865.2
SIA,MG,202503,2124300,0206010044,16.0,1388.0
SIA,MG,202503,6618774,0206020031,32.0,4365.12
SIA,MG,202503,5796601,0206030037,8.0,1109.04
SIA,MG,202503,2146525,0206010028,15.0,1516.5
SIA,MG,202503,2192128,0206010028,6.0,606.6
SIA,MG,202503,2201542,0206010028,2.0,202.2
SIA,MG,202503,6049265,0211020036,196.0,1009.4
SIA,MG,202503,2761106,0206030010,5.0,693.15
SIA,MG,202503,2760924,0211020036,39.0,200.85
SIA,MG,202503,2760924,0206020015,1.0,86.75
SIA,MG,202503,2172259,0206010052,4.0,385.72
SIA,MG,202503,2761203,0206010079,10.0,974.4
SIA,MG,202503,2208822,0206020031,5.0,682.05
SIA,MG,202503,2129469,0206010036,2.0,173.52
SIA,MG,202503,2164299,0211020036,27.0,139.05
SIA,MG,202503,6487556,0206020031,0.0,0.0
SIA,MG,202503,2206552,0211020036,18.0,92.7
SIA,MG,202503,2841622,0206010044,8.0,694.0
SIA,MG,202503,6892256,0206010028,16.0,1617.6
SIA,MG,202503,6892256,0206030037,30.0,4158.9
SIA,MG,202503,2110075,0206030010,3.0,415.89
SIA,MG,202503,2204649,0206010079,18.0,1753.92
SIA,MG,202503,2173565,0206010028,18.0,1819.8
SIA,MG,202503,2168553,0206030029,9.0,780.75
SIA,MG,202503,2760657,0206020031,10.0,1364.1
SIA,MG,202503,7284233,0206010028,1.0,101.1
SIA,MG,202503,3754731,0211020036,264.0,1359.6
SIA,MG,202503,2764814,0206020015,4.0,347.0
SIA,MG,202503,2192128,0206020023,8.0,694.0
SIA,MG,202503,2204649,0206030010,6.0,831.78
SIA,MG,202503,2760843,0206020031,24.0,3273.84
SIA,MG,202503,9319336,0206020031,5.0,682.05
SIA,MG,202503,2098938,0206020015,1.0,86.75
SIA,MG,202503,6340059,0206010010,5.0,433.8
SIA,MG,202503,2129469,0206010010,15.0,1301.4
SIA,MG,202503,2164299,0206030037,15.0,2079.45
SIA,MG,202503,5922313,0211020036,134.0,690.1
SIA,MG,202503,2785684,0206030037,12.0,3327.12
SIA,MG,202503,7962088,0206010028,1.0,101.1
SIA,MG,202503,7595247,0205010016,0.0,0.0
SIA,MG,202503,2120577,0211020036,39.0,200.85
SIA,MG,202503,2098938,0206010079,30.0,2923.2
SIA,MG,202503,2139200,0206030037,19.0,3105.55
SIA,MG,202503,9368221,0211020036,0.0,0.0
SIA,MG,202503,0041548,0206030037,3.0,415.89
SIA,MG,202503,2215586,0206010079,9.0,876.96
SIA,MG,202503,6892256,0206010044,13.0,1127.75
SIA,MG,202503,6028454,0208010025,1.0,408.52
SIA,MG,202503,2760924,0206030037,1.0,138.63
SIA,MG,202503,2761092,0206010028,13.0,1314.3
SIA,MG,202503,2138875,0206030029,2.0,173.5
SIA,MG,202503,2161710,0211020036,164.0,844.6
SIA,MG,202503,2118319,0211020036,196.0,1009.4
SIA,MG,202503,2139200,0206010010,5.0,516.1
SIA,MG,202503,2139200,0206010028,10.0,1198.3
SIA,MG,202503,2209195,0206010010,12.0,1041.12
SIA,MG,202503,2209195,0206010028,9.0,909.9
SIA,MG,202503,2163829,0206030029,4.0,347.0
SIA,MG,202503,2155745,0211020036,157.0,808.55
SIA,MG,202503,9319336,0206030010,5.0,693.15
SIA,MG,202503,2178494,0211020036,294.0,1514.1
SIA,MG,202503,2761092,0206010044,23.0,1995.25
SIA,MG,202503,2144530,0206030029,2.0,173.5
SIA,MG,202503,2764814,0206010036,8.0,694.08
SIA,MG,202503,2204649,0206030037,4.0,554.52
SIA,MG,202503,2206447,0206010010,1.0,86.76
SIA,MG,202503,2761106,0206010079,11.0,1071.84
SIA,MG,202503,2761106,0206010028,3.0,303.3
SIA,MG,202503,2761106,0206020031,7.0,954.87
SIA,MG,202503,2168553,0206020023,2.0,173.5
SIA,MG,202503,2168553,0206010044,5.0,433.75
SIA,MG,202503,9228713,0211020036,3.0,15.45
SIA,MG,202503,2163829,0206030037,22.0,3049.86
SIA,MG,202503,9319336,0211020060,6.0,180.0
SIA,MG,202503,2761092,0211020036,117.0,602.55
SIA,MG,202503,6618774,0206020023,8.0,694.0
SIA,MG,202503,2183455,0206030037,14.0,1940.82
SIA,MG,202503,9228713,0206010010,7.0,607.32
SIA,MG,202503,2164299,0206030010,14.0,1940.82
SIA,MG,202503,2117312,0211020036,164.0,844.6
SIA,MG,202503,0828114,0206030037,27.0,3743.01
SIA,MG,202503,7795203,0206010044,0.0,0.0
SIA,MG,202503,2777347,0211020036,4.0,20.6
SIA,MG,202503,9319336,0206020023,5.0,433.75
SIA,MG,202503,2163829,0206010010,8.0,694.08
SIA,MG,202503,2205106,0211020036,45.0,231.75
SIA,MG,202503,9529209,0206030037,7.0,970.41
SIA,MG,202503,2168553,0206010010,4.0,347.04
SIA,MG,202503,2161354,0206010028,9.0,909.9
SIA,MG,202503,2173565,0206030010,8.0,1109.04
SIA,MG,202503,2192128,0206030037,16.0,2218.08
SIA,MG,202503,7595247,0206020015,0.0,0.0
SIA,MG,202503,2162792,0211020036,45.0,231.75
SIA,MG,202503,2161354,0211020036,55.0,283.25
SIA,MG,202503,2098938,0206010028,10.0,1011.0
SIA,MG,202503,2164299,0206020015,1.0,86.75
SIA,MG,202503,2124300,0206010028,7.0,707.7
SIA,MG,202503,2163829,0206020023,5.0,433.75
SIA,MG,202503,2760924,0206010010,2.0,173.52
SIA,MG,202503,2100932,0211020036,4.0,20.6
SIA,MG,202503,2208067,0211020036,7.0,36.05
SIA,MG,202503,2183846,0211020036,200.0,1030.0
SIA,MG,202503,2102056,0211020036,79.0,406.85
SIA,MG,202503,2126982,0211020036,80.0,412.0
SIA,MG,202503,2143801,0206020015,8.0,694.0
SIA,MG,202503,2129566,0206030037,3.0,415.89
SIA,MG,202503,6892256,0206020023,5.0,433.75
SIA,MG,202503,6471226,0206010079,6.0,584.64
SIA,MG,202503,2204649,0206010052,1.0,86.75
SIA,MG,202503,2204649,0206010010,1.0,86.76
SIA,MG,202503,2173565,0206010010,10.0,867.6
SIA,MG,202503,6705375,0206020031,10.0,1364.1
SIA,MG,202503,0981400,0206020015,3.0,260.25
SIA,MG,202503,3871797,0206010052,0.0,0.0
SIA,MG,202503,2161354,0208010025,5.0,2042.6
SIA,MG,202503,9319336,0206030037,12.0,1663.56
SIA,MG,202503,9319336,0206030029,5.0,433.75
SIA,MG,202503,6487556,0206010036,0.0,0.0
SIA,MG,202503,2111659,0206010036,1.0,86.76
SIA,MG,202503,2110075,0206030029,2.0,173.5
SIA,MG,202503,2201542,0206010052,3.0,260.25
SIA,MG,202503,2144530,0206010036,1.0,86.76
SIA,MG,202503,7741464,0211020060,17.0,510.0
SIA,MG,202503,2156504,0211020036,28.0,144.2
SIA,MG,202503,6340059,0206030029,11.0,954.25
SIA,MG,202503,2132877,0211020036,32.0,164.8
SIA,MG,202503,7082886,0206020023,2.0,562.6
SIA,MG,202503,6432654,0206020031,1.0,136.41
SIA,MG,202503,2129469,0206030029,2.0,173.5
SIA,MG,202503,2132877,0206010036,2.0,576.0
SIA,MG,202503,2132877,0206010044,4.0,347.0
SIA,MG,202503,2135124,0206010010,1.0,86.76
SIA,MG,202503,2127911,0211020036,80.0,412.0
SIA,MG,202503,2118092,0211020036,142.0,731.3
SIA,MG,202503,7332300,0211020036,17.0,87.55
SIA,MG,202503,2160137,0211020036,410.0,2111.5
SIA,MG,202503,2136139,0211020036,35.0,180.25
SIA,MG,202503,7391242,0211020036,184.0,947.6
SIA,MG,202503,2135132,0211020036,0.0,0.0
SIA,MG,202503,2178648,0211020036,71.0,365.65
SIA,MG,202503,2163829,0206010044,5.0,433.75
SIA,MG,202503,2142406,0211020036,133.0,684.95
SIA,MG,202503,2173565,0206010079,12.0,1169.28
SIA,MG,202503,9804145,0211020036,826.0,4253.9
SIA,MG,202503,2117037,0211020036,115.0,592.25
SIA,MG,202503,2129566,0206010028,1.0,101.1
SIA,MG,202503,0828114,0206020015,8.0,694.0
SIA,MG,202503,7795203,0206030029,0.0,0.0
SIA,MG,202503,7795203,0208010025,0.0,0.0
SIA,MG,202503,6705375,0206010079,13.0,1266.72
SIA,MG,202503,2110075,0206020031,12.0,1636.92
SIA,MG,202503,2200473,0211020036,70.0,360.5
SIA,MG,202503,2796368,0211020036,68.0,350.2
SIA,MG,202503,5796601,0206010044,1.0,86.75
SIA,MG,202503,0828114,0206010010,2.0,173.52
SIA,MG,202503,6448526,0208010025,6.0,2451.12
SIA,MG,202503,9228713,0206030037,2.0,277.26
SIA,MG,202503,6311709,0206010036,0.0,0.0
SIA,MG,202503,2219719,0211020036,27.0,139.05
SIA,MG,202503,6085121,0206010028,4.0,808.8
SIA,MG,202503,2760924,0206030010,2.0,277.26
SIA,MG,202503,2206447,0206030010,1.0,138.63
SIA,MG,202503,2213176,0211020036,50.0,257.5
SIA,MG,202503,2110075,0206010079,4.0,389.76
SIA,MG,202503,9319336,0206010079,5.0,487.2
SIA,MG,202503,2761092,0206010036,6.0,520.56
SIA,MG,202503,2143852,0211020036,0.0,0.0
SIA,MG,202503,2776022,0211020036,1.0,5.15
SIA,MG,202503,6448526,0208010033,6.0,2298.42
SIA,MG,202503,2160226,0211020036,33.0,169.95
SIA,MG,202503,2103303,0211020036,28.0,144.2
SIA,MG,202503,2102749,0211020036,37.0,190.55
SIA,MG,202503,2142295,0211020036,85.0,437.75
SIA,MG,202503,2218690,0206010036,2.0,173.52
SIA,MG,202503,6471226,0206020031,4.0,545.64
SIA,MG,202503,2153912,0211020036,78.0,401.7
SIA,MG,202503,6892256,0211020036,73.0,375.95
SIA,MG,202503,2185563,0211020036,19.0,97.85
SIA,MG,202503,0863254,0211020036,116.0,597.4
SIA,MG,202503,2115026,0211020036,74.0,381.1
SIA,MG,202503,9319336,0206020015,5.0,433.75
SIA,MG,202503,2194953,0211020036,59.0,303.85
SIA,MG,202503,7934947,0211020036,1.0,5.15
SIA,MG,202503,2140942,0211020036,444.0,2286.6
SIA,MG,202503,2126133,0211020036,281.0,1447.15
SIA,MG,202503,2211262,0211020036,40.0,206.0
SIA,MG,202503,2163721,0211020036,54.0,278.1
SIA,MG,202503,2139073,0206010079,5.0,487.2
SIA,MG,202503,2114763,0206020031,2.0,272.82
SIA,MG,202503,2760924,0206010079,12.0,1169.28
SIA,MG,202503,2135116,0211020036,37.0,190.55
SIA,MG,202503,9319336,0206010036,5.0,433.8
SIA,MG,202503,6892256,0206010010,3.0,260.28
SIA,MG,202503,2119528,0211020036,180.0,927.0
SIA,MG,202503,2162504,0211020036,38.0,195.7
SIA,MG,202503,2139154,0211020036,126.0,648.9
SIA,MG,202503,6340059,0206010036,2.0,173.52
SIA,MG,202503,2151758,0211020036,259.0,1333.85
SIA,MG,202503,6340059,0206020023,4.0,347.0
SIA,MG,202503,2168553,0206010036,1.0,86.76
SIA,MG,202503,2206064,0211020036,8.0,41.2
SIA,MG,202503,3009718,0211020036,21.0,108.15
SIA,MG,202503,2129566,0206010010,1.0,86.76
SIA,MG,202503,2183501,0211020036,4.0,20.6
SIA,MG,202503,2764776,0211020036,120.0,618.0
SIA,MG,202503,7114982,0206010010,0.0,0.0
SIA,MG,202503,2202441,0211020036,702.0,3615.3
SIA,MG,202503,9382453,0211020036,39.0,200.85
SIA,MG,202503,2763524,0211020036,45.0,231.75
SIA,MG,202503,2178850,0211020036,40.0,206.0
SIA,MG,202503,2119528,0206020023,2.0,173.5
SIA,MG,202503,2135132,0206020031,3.0,409.23
SIA,MG,202503,2135132,0206010036,2.0,173.52
SIA,MG,202503,2206382,0206030029,7.0,607.25
SIA,MG,202503,6959415,0206030029,0.0,0.0
SIA,MG,202503,2168626,0211020036,74.0,381.1
SIA,MG,202503,2195224,0211020036,16.0,82.4
SIA,MG,202503,9319336,0206010044,5.0,433.75
SIA,MG,202503,2168707,0206010036,2.0,173.52
SIA,MG,202503,2764814,0206010044,8.0,694.0
SIA,MG,202503,2201542,0206010044,3.0,260.25
SIA,MG,202503,2124300,0206010010,10.0,867.6
SIA,MG,202503,2099926,0211020036,108.0,556.2
SIA,MG,202503,2143801,0206020023,1.0,86.75
SIA,MG,202503,2211343,0211020036,2.0,30.9
SIA,MG,202503,2149788,0211020036,1.0,5.15
SIA,MG,202503,2775956,0206010010,1.0,86.76
SIA,MG,202503,2102722,0211020036,75.0,386.25
SIA,MG,202503,2761106,0206010044,3.0,260.25
SIA,MG,202503,2761106,0206030029,1.0,86.75
SIA,MG,202503,2139626,0211020036,25.0,128.75
SIA,MG,202503,2208857,0208010025,11.0,4493.72
SIA,MG,202503,7934947,0206010052,1.0,86.75
SIA,MG,202503,2139146,0211020036,2.0,10.3
SIA,MG,202503,3960668,0205010016,1.0,165.0
SIA,MG,202503,3050378,0206010044,3.0,260.25
SIA,MG,202503,3145425,0206020031,13.0,1773.33
SIA,MG,202503,2146398,0211020036,16.0,82.4
SIA,MG,202503,2133814,0211020036,28.0,144.2
SIA,MG,202503,6920977,0211020036,295.0,1519.25
SIA,MG,202503,2761041,0206020031,3.0,409.23
SIA,MG,202503,2761041,0211020036,51.0,262.65
SIA,MG,202503,2205904,0211020036,76.0,391.4
SIA,MG,202503,7061838,0211020036,248.0,1277.2
SIA,MG,202503,3498441,0206030037,1.0,138.63
SIA,MG,202503,2709848,0206010036,3.0,260.28
SIA,MG,202503,3498441,0206020023,1.0,86.75
SIA,MG,202503,2144557,0211020036,5.0,25.75
SIA,MG,202503,2761041,0206030010,1.0,138.63
SIA,MG,202503,2709848,0206010044,9.0,780.75
SIA,MG,202503,2179237,0211020036,8.0,41.2
SIA,MG,202503,2205904,0211020060,13.0,390.0
SIA,MG,202503,2163934,0211020036,72.0,370.8
SIA,MG,202503,2205904,0206010079,1.0,97.44
SIA,MG,202503,7951604,0206020023,1.0,96.43
SIA,MG,202503,2165643,0211020036,211.0,1086.65
SIA,MG,202503,2119528,0206010052,1.0,86.75
SIA,MG,202503,2796619,0206030029,5.0,433.75
SIA,MG,202503,2202891,0211020036,95.0,489.25
SIA,MG,202503,2167727,0211020036,132.0,679.8
SIA,MG,202503,2764776,0206010052,1.0,86.75
SIA,MG,202503,5815991,0211020036,2.0,10.3
SIA,MG,202503,2210339,0211020036,81.0,417.15
SIA,MG,202503,2120542,0211020036,240.0,1236.0
SIA,MG,202503,6920977,0206010036,12.0,1041.12
SIA,MG,202503,2213400,0211020036,85.0,437.75
SIA,MG,202503,2144026,0206020031,1.0,136.41
SIA,MG,202503,2144026,0206030037,7.0,970.41
SIA,MG,202503,7609868,0206010036,1.0,86.76
SIA,MG,202503,2794659,0211020036,3.0,15.45
SIA,MG,202503,3938654,0206010044,2.0,262.0
SIA,MG,202503,0922366,0211020036,41.0,211.15
SIA,MG,202503,2101777,0206020023,1.0,86.75
SIA,MG,202503,2147106,0211020036,37.0,190.55
SIA,MG,202503,0879592,0211020036,109.0,561.35
SIA,MG,202503,2141817,0211020036,49.0,252.35
SIA,MG,202503,2118076,0211020036,62.0,319.3
SIA,MG,202503,2760851,0211020036,30.0,154.5
SIA,MG,202503,2171988,0211020036,355.0,1828.25
SIA,MG,202503,2709635,0211020036,7.0,36.05
SIA,MG,202503,2143992,0206010052,3.0,260.25
SIA,MG,202503,9518371,0211020036,163.0,839.45
SIA,MG,202503,2100347,0211020036,15.0,77.25
SIA,MG,202503,2764784,0211020036,62.0,319.3
SIA,MG,202503,2761041,0206030037,1.0,138.63
SIA,MG,202503,9483144,0211020036,120.0,618.0
SIA,MG,202503,2760991,0211020036,55.0,283.25
SIA,MG,202503,2108992,0211020036,8.0,41.2
SIA,MG,202503,2796619,0211020060,4.0,120.0
SIA,MG,202503,2796619,0206020023,2.0,173.5
SIA,MG,202503,2165848,0211020036,58.0,298.7
SIA,MG,202503,2102447,0211020036,50.0,257.5
SIA,MG,202503,6920977,0206010052,1.0,86.75
SIA,MG,202503,2122677,0211020036,131.0,674.65
SIA,MG,202503,7519826,0206010052,2.0,173.5
SIA,MG,202503,2219735,0211020036,30.0,154.5
SIA,MG,202503,2120399,0211020036,55.0,283.25
SIA,MG,202503,2147572,0211020036,20.0,103.0
SIA,MG,202503,2120542,0206020015,1.0,86.75
SIA,MG,202503,2102765,0211020036,135.0,695.25
SIA,MG,202503,2794667,0211020036,23.0,118.45
SIA,MG,202503,2102765,0206030029,3.0,260.25
SIA,MG,202503,2761262,0211020036,34.0,175.1
SIA,MG,202503,2102765,0206010036,1.0,86.76
SIA,MG,202503,2197715,0211020036,62.0,319.3
SIA,MG,202503,2156156,0211020036,23.0,118.45
SIA,MG,202503,2103397,0211020036,33.0,169.95
SIA,MG,202503,2135914,0211020036,21.0,108.15
SIA,MG,202503,2709848,0206010052,3.0,260.25
SIA,MG,202503,2194651,0211020036,75.0,386.25
SIA,MG,202503,2127687,0211020036,5.0,25.75
SIA,MG,202503,2186489,0211020036,10.0,51.5
SIA,MG,202503,6006361,0206030037,0.0,0.0
SIA,MG,202503,7061773,0211020036,635.0,3270.25
SIA,MG,202503,6955452,0211020036,2989.0,15393.35
SIA,MG,202503,2135108,0211020036,20.0,103.0
SIA,MG,202503,6959415,0206010036,0.0,0.0
SIA,MG,202503,2146509,0211020036,46.0,236.9
SIA,MG,202503,2169657,0211020036,260.0,1339.0
SIA,MG,202503,9389539,0211020036,32.0,164.8
SIA,MG,202503,2167654,0211020036,95.0,489.25
SIA,MG,202503,9344330,0206020015,2.0,173.5
SIA,MG,202503,3498441,0206010044,9.0,780.75
SIA,MG,202503,2141523,0211020036,25.0,128.75
SIA,MG,202503,7845383,0211020036,13.0,66.95
SIA,MG,202503,6006361,0211020060,0.0,0.0
SIA,MG,202503,2206382,0206010052,1.0,86.75
SIA,MG,202503,9388354,0206010052,1.0,86.75
SIA,MG,202503,2119528,0206010036,1.0,86.76
SIA,MG,202503,2760967,0211020036,52.0,267.8
SIA,MG,202503,2796112,0211020036,207.0,1066.05
SIA,MG,202503,2207931,0211020036,1.0,5.15
SIA,MG,202503,0632821,0206010079,2.0,194.88
SIA,MG,202503,3050378,0206030037,1.0,138.63
SIA,MG,202503,2776006,0211020036,130.0,669.5
SIA,MG,202503,2776006,0206010044,1.0,86.75
SIA,MG,202503,2100754,0206010036,1.0,86.76
SIA,MG,202503,2761041,0206020023,2.0,173.5
SIA,MG,202503,6093361,0206010044,1.0,86.75
SIA,MG,202503,2101777,0206030029,4.0,347.0
SIA,MG,202503,2172887,0206030037,1.0,138.63
SIA,MG,202503,2142376,0206010036,1.0,86.76
SIA,MG,202503,2144026,0206010079,7.0,682.08
SIA,MG,202503,2760681,0206020031,3.0,409.23
SIA,MG,202503,2099675,0211020036,80.0,412.0
SIA,MG,202503,9344330,0206030029,2.0,173.5
SIA,MG,202503,9333754,0211020036,2.0,10.3
SIA,MG,202503,2221985,0211020036,102.0,525.3
SIA,MG,202503,2103532,0211020036,78.0,401.7
SIA,MG,202503,2204762,0206010036,1.0,86.76
SIA,MG,202503,2119463,0211020036,20.0,103.0
SIA,MG,202503,2143992,0206010044,8.0,694.0
SIA,MG,202503,7275668,0211020036,55.0,283.25
SIA,MG,202503,2796392,0206010028,2.0,202.2
SIA,MG,202503,2171988,0211020060,2.0,60.0
SIA,MG,202503,9591931,0206030037,1.0,138.63
SIA,MG,202503,2142627,0211020036,44.0,226.6
SIA,MG,202503,2101777,0211020036,16.0,82.4
SIA,MG,202503,2204762,0206010044,3.0,260.25
SIA,MG,202503,2168936,0211020036,140.0,721.0
SIA,MG,202503,2159252,0206010010,3.0,260.28
SIA,MG,202503,6629725,0206010052,1.0,230.0
SIA,MG,202503,3698548,0206020015,4.0,347.0
SIA,MG,202503,7609868,0206010044,2.0,173.5
SIA,MG,202503,7038216,0206010052,1.0,86.75
SIA,MG,202503,2172887,0206010044,1.0,86.75
SIA,MG,202503,3938654,0206030029,1.0,125.0
SIA,MG,202503,2120127,0211020036,11.0,56.65
SIA,MG,202503,2171988,0206030029,1.0,86.75
SIA,MG,202503,2126826,0211020036,70.0,360.5
SIA,MG,202503,2208822,0206030037,1.0,138.63
SIA,MG,202503,2114135,0211020036,150.0,772.5
SIA,MG,202503,2204622,0206010036,5.0,433.8
SIA,MG,202503,2760436,0206010044,1.0,86.75
SIA,MG,202503,2195453,0206010010,4.0,347.04
SIA,MG,202503,2192128,0206020031,16.0,2182.56
SIA,MG,202503,2146525,0206010044,15.0,1301.25
SIA,MG,202503,2204762,0206010028,2.0,202.2
SIA,MG,202503,6487556,0206010079,0.0,0.0
SIA,MG,202503,2139200,0206020023,2.0,206.3
SIA,MG,202503,2208857,0206010095,3.0,6321.66
SIA,MG,202503,2105780,0211020036,467.0,2405.05
SIA,MG,202503,6629725,0206020015,1.0,230.0
SIA,MG,202503,7609868,0206030010,3.0,415.89
SIA,MG,202503,2797364,0211020036,46.0,236.9
SIA,MG,202503,3717135,0211020036,77.0,396.55
SIA,MG,202503,0632821,0206030010,1.0,138.63
SIA,MG,202503,2760843,0206010010,4.0,347.04
SIA,MG,202503,6487556,0206030029,0.0,0.0
SIA,MG,202503,6705375,0206030010,3.0,415.89
SIA,MG,202503,9673717,0206030010,0.0,0.0
SIA,MG,202503,2146525,0206020023,4.0,347.0
SIA,MG,202503,2146126,0211020036,522.0,2688.3
SIA,MG,202503,2146525,0206010010,9.0,780.84
SIA,MG,202503,2208857,0211020010,13.0,9490.52
SIA,MG,202503,2163829,0206020015,1.0,86.75
SIA,MG,202503,2110075,0206010052,3.0,260.25
SIA,MG,202503,2760843,0206010044,2.0,173.5
SIA,MG,202503,6487556,0205010016,0.0,0.0
SIA,MG,202503,2764814,0206010052,2.0,173.5
SIA,MG,202503,2145537,0211020036,0.0,0.0
SIA,MG,202503,2122901,0211020036,114.0,587.1
SIA,MG,202503,0981400,0206010028,3.0,303.3
SIA,MG,202503,0981400,0206020023,3.0,260.25
SIA,MG,202503,2192128,0206030029,3.0,260.25
SIA,MG,202503,7795203,0206020015,0.0,0.0
SIA,MG,202503,2124300,0206010052,3.0,260.25
SIA,MG,202503,2143895,0211020036,72.0,370.8
SIA,MG,202503,2173565,0206010052,1.0,86.75
SIA,MG,202503,2760843,0206030010,7.0,970.41
SIA,MG,202503,6487556,0206010028,0.0,0.0
SIA,MG,202503,2192128,0206010010,2.0,173.52
SIA,MG,202503,6487556,0208010025,0.0,0.0
SIA,MG,202503,7595247,0206030029,0.0,0.0
SIA,MG,202503,2192128,0206010044,5.0,433.75
SIA,MG,202503,6705375,0206030029,1.0,86.75
SIA,MG,202503,2146525,0206030029,1.0,86.75
SIA,MG,202503,6487556,0206010044,0.0,0.0
SIA,MG,202503,6487556,0211020036,0.0,0.0
SIA,MG,202503,6705375,0206010052,1.0,86.75
SIA,MG,202503,2796589,0211020036,77.0,396.55
SIA,MG,202503,2163829,0206010052,1.0,86.75
SIA,MG,202503,2209195,0206020023,1.0,86.75
SIA,MG,202503,0981400,0205010016,3.0,495.0
SIA,MG,202503,2201542,0206030029,1.0,86.75
SIA,MG,202503,2764814,0206020023,2.0,173.5
SIA,MG,202503,7804121,0211020036,187.0,963.05
SIA,MG,202503,9319336,0206010052,5.0,433.75
SIA,MG,202503,7106548,0211020036,422.0,2173.3
SIA,MG,202503,2168650,0206010010,2.0,173.52
SIA,MG,202503,2204622,0206020015,2.0,173.5
SIA,MG,202503,2168707,0206020023,3.0,260.25
SIA,MG,202503,2166062,0211020036,65.0,334.75
SIA,MG,202503,6487556,0206010010,0.0,0.0
SIA,MG,202503,2192128,0206010036,2.0,173.52
SIA,MG,202503,2161729,0211020036,59.0,303.85
SIA,MG,202503,2761092,0206020015,1.0,86.75
SIA,MG,202503,9529209,0211020036,87.0,448.05
SIA,MG,202503,2183455,0206010044,1.0,86.75
SIA,MG,202503,2146789,0211020036,252.0,1297.8
SIA,MG,202503,2129566,0206030029,1.0,86.75
SIA,MG,202503,2201879,0206010028,6.0,1710.0
SIA,MG,202503,2126052,0211020036,1048.0,5397.2
SIA,MG,202503,7962088,0206010044,1.0,86.75
SIA,MG,202503,2183803,0206030010,2.0,277.26
SIA,MG,202503,2761106,0206020023,2.0,173.5
SIA,MG,202503,2785684,0206030029,1.0,173.5
SIA,MG,202503,4042107,0211020060,17.0,510.0
SIA,MG,202503,6311709,0206020023,0.0,0.0
SIA,MG,202503,2110075,0206020015,1.0,86.75
SIA,MG,202503,5796601,0211020036,1.0,5.15
SIA,MG,202503,6766358,0206010028,3.0,303.3
SIA,MG,202503,2209195,0206010036,5.0,433.8
SIA,MG,202503,2173565,0206010036,1.0,86.76
SIA,MG,202503,2760843,0206010028,1.0,101.1
SIA,MG,202503,7959079,0211020036,256.0,1318.4
SIA,MG,202503,2142244,0211020036,189.0,973.35
SIA,MG,202503,6705375,0206030037,1.0,138.63
SIA,MG,202503,6766358,0206030010,2.0,277.26
SIA,MG,202503,2139200,0206010060,1.0,115.58
SIA,MG,202503,2785684,0206010010,2.0,347.04
SIA,MG,202503,2183803,0211020036,1.0,5.15
SIA,MG,202503,2144298,0211020036,104.0,535.6
SIA,MG,202503,0981400,0206010044,4.0,347.0
SIA,MG,202503,9155112,0211020036,50.0,257.5
SIA,MG,202503,2785684,0206020015,2.0,347.0
SIA,MG,202503,2794268,0211020036,8.0,41.2
SIA,MG,202503,2141922,0211020036,128.0,659.2
SIA,MG,202503,4042107,0211020036,501.0,2580.15
SIA,MG,202503,7962088,0206010052,2.0,173.5
SIA,MG,202503,2146517,0211020036,58.0,298.7
SIA,MG,202503,2160080,0211020036,29.0,149.35
SIA,MG,202503,2183455,0206010052,2.0,173.5
SIA,MG,202503,2205971,0211020036,152.0,782.8
SIA,MG,202503,2146770,0211020036,96.0,494.4
SIA,MG,202503,2793784,0211020036,63.0,324.45
SIA,MG,202503,9529209,0206010010,2.0,173.52
SIA,MG,202503,9319336,0206010060,5.0,487.2
SIA,MG,202503,2168553,0206010028,5.0,505.5
SIA,MG,202503,6311709,0206010010,0.0,0.0
SIA,MG,202503,7977719,0205010016,1.0,165.0
SIA,MG,202503,9529209,0206020031,2.0,272.82
SIA,MG,202503,2155583,0211020036,30.0,154.5
SIA,MG,202503,5046688,0211020036,97.0,499.55
SIA,MG,202503,2764148,0211020036,81.0,417.15
SIA,MG,202503,2189860,0211020036,317.0,1632.55
SIA,MG,202503,2136104,0211020036,13.0,66.95
SIA,MG,202503,2117185,0211020036,5.0,25.75
SIA,MG,202503,2168650,0206020023,1.0,86.75
SIA,MG,202503,7595247,0211020036,0.0,0.0
SIA,MG,202503,2761203,0206010010,1.0,86.76
SIA,MG,202503,2161974,0211020036,32.0,164.8
SIA,MG,202503,4667131,0211020036,16.0,82.4
SIA,MG,202503,2114259,0211020036,135.0,695.25
SIA,MG,202503,6766358,0206010044,1.0,86.75
SIA,MG,202503,2168707,0211020036,260.0,1339.0
SIA,MG,202503,2162776,0211020036,125.0,643.75
SIA,MG,202503,2195453,0211020036,33.0,169.95
SIA,MG,202503,9673717,0206010010,0.0,0.0
SIA,MG,202503,5147166,0211020036,245.0,1261.75
SIA,MG,202503,2139073,0206030037,1.0,138.63
SIA,MG,202503,2201879,0206020015,3.0,690.0
SIA,MG,202503,4042085,0206030029,1.0,86.75
SIA,MG,202503,2134268,0211020036,40.0,206.0
SIA,MG,202503,2147823,0211020036,56.0,288.4
SIA,MG,202503,2100754,0206020015,4.0,347.0
SIA,MG,202503,6865399,0211020036,89.0,458.35
SIA,MG,202503,4042085,0211020036,145.0,746.75
SIA,MG,202503,2760924,0206020031,2.0,272.82
SIA,MG,202503,6776434,0206030029,0.0,0.0
SIA,MG,202503,2100754,0206030029,2.0,173.5
SIA,MG,202503,2100754,0211020036,94.0,484.1
SIA,MG,202503,2122650,0206010079,56.0,5456.64
SIA,MG,202503,2122650,0206010010,6.0,520.56
SIA,MG,202503,7101406,0206020015,1.0,86.75
SIA,MG,202503,9876332,0211020036,64.0,329.6
SIA,MG,202503,9673717,0206020015,0.0,0.0
SIA,MG,202503,9368221,0206010028,0.0,0.0
SIA,MG,202503,2098911,0206020015,5.0,433.75
SIA,MG,202503,2102900,0211020036,40.0,206.0
SIA,MG,202503,2207664,0211020036,539.0,2775.85
SIA,MG,202503,2133989,0211020036,308.0,1586.2
SIA,MG,202503,5796601,0206010052,1.0,86.75
SIA,MG,202503,2146592,0211020036,34.0,175.1
SIA,MG,202503,2142171,0211020036,29.0,149.35
SIA,MG,202503,2205939,0206020015,1.0,86.75
SIA,MG,202503,2213168,0211020036,36.0,185.4
SIA,MG,202503,2122650,0206020023,2.0,173.5
SIA,MG,202503,2127725,0211020036,541.0,2786.15
SIA,MG,202503,2122650,0206030037,13.0,1802.19
SIA,MG,202503,4042085,0211020060,26.0,780.0
SIA,MG,202503,2797496,0211020036,11.0,56.65
SIA,MG,202503,9388354,0206010060,1.0,97.44
SIA,MG,202503,4041690,0211020036,78.0,401.7
SIA,MG,202503,2099209,0211020036,43.0,221.45
SIA,MG,202503,2168553,0206020015,1.0,86.75
SIA,MG,202503,2099152,0206010044,5.0,824.1
SIA,MG,202503,2144182,0211020036,33.0,169.95
SIA,MG,202503,2100754,0206010010,1.0,86.76
SIA,MG,202503,9881425,0211020036,162.0,834.3
SIA,MG,202503,2105780,0206010036,2.0,173.52
SIA,MG,202503,7519826,0206020023,2.0,173.5
SIA,MG,202503,2099713,0211020036,45.0,231.75
SIA,MG,202503,2212447,0211020036,37.0,190.55
SIA,MG,202503,9419977,0206010028,2.0,202.2
SIA,MG,202503,5224497,0211020036,324.0,1668.6
SIA,MG,202503,2173166,0206010052,1.0,173.5
SIA,MG,202503,2194937,0211020036,101.0,520.15
SIA,MG,202503,2098911,0206030029,8.0,694.0
SIA,MG,202503,2168650,0206030029,1.0,86.75
SIA,MG,202503,2123223,0211020036,67.0,345.05
SIA,MG,202503,2796392,0206010036,1.0,86.76
SIA,MG,202503,2760681,0206010028,2.0,202.2
SIA,MG,202503,2195453,0206020015,1.0,86.75
SIA,MG,202503,2195453,0206030029,1.0,86.75
SIA,MG,202503,2796619,0206010010,1.0,86.76
SIA,MG,202503,2173166,0206010044,8.0,1388.0
SIA,MG,202503,2170132,0211020036,11.0,56.65
SIA,MG,202503,2163829,0211020036,15.0,77.25
SIA,MG,202503,2146525,0206010060,1.0,97.44
SIA,MG,202503,2117282,0211020036,21.0,108.15
SIA,MG,202503,2149141,0211020036,79.0,406.85
SIA,MG,202503,2203332,0211020036,44.0,226.6
SIA,MG,202503,2119420,0206010010,4.0,347.04
SIA,MG,202503,2190125,0211020036,448.0,2307.2
SIA,MG,202503,2160072,0211020036,35.0,180.25
SIA,MG,202503,3376478,0206010052,1.0,86.75
SIA,MG,202503,2126494,0206010052,4.0,347.0
SIA,MG,202503,2163438,0211020060,53.0,1590.0
SIA,MG,202503,2111640,0206010010,2.0,173.52
SIA,MG,202503,2098369,0206030029,2.0,173.5
SIA,MG,202503,2140063,0211020036,17.0,87.55
SIA,MG,202503,2760924,0206010036,1.0,86.76
SIA,MG,202503,2099454,0206010036,1.0,86.76
SIA,MG,202503,2119323,0211020036,40.0,206.0
SIA,MG,202503,2102684,0211020036,30.0,154.5
SIA,MG,202503,2184338,0211020036,19.0,97.85
SIA,MG,202503,3498441,0206030029,2.0,173.5
SIA,MG,202503,2105446,0211020036,25.0,128.75
SIA,MG,202503,2129566,0206010052,1.0,86.75
SIA,MG,202503,3376478,0206030029,1.0,86.75
SIA,MG,202503,2122650,0206010036,1.0,86.76
SIA,MG,202503,2205882,0211020036,193.0,993.95
SIA,MG,202503,2205904,0205010016,1.0,165.0
SIA,MG,202503,2173166,0206020015,1.0,173.5
SIA,MG,202503,2108933,0211020036,35.0,180.25
SIA,MG,202503,3376478,0206030037,2.0,277.26
SIA,MG,202503,2120623,0211020036,1.0,5.15
SIA,MG,202503,3050378,0206010052,2.0,173.5
SIA,MG,202503,2212617,0211020036,18.0,92.7
SIA,MG,202503,2098326,0206020023,1.0,86.75
SIA,MG,202503,2098326,0206010079,1.0,97.44
SIA,MG,202503,2146525,0211020060,15.0,450.0
SIA,MG,202503,7857950,0211020036,781.0,4022.15
SIA,MG,202503,2202883,0211020036,5.0,25.75
SIA,MG,202503,2768372,0211020036,200.0,1030.0
SIA,MG,202503,2212269,0211020036,210.0,1081.5
SIA,MG,202503,5796601,0208010033,1.0,383.07
SIA,MG,202503,3498441,0206010036,1.0,86.76
SIA,MG,202503,7469144,0211020036,624.0,3213.6
SIA,MG,202503,2194937,0206010028,1.0,101.1
SIA,MG,202503,2194937,0206010044,1.0,86.75
SIA,MG,202503,2161354,0206020015,1.0,86.75
SIA,MG,202503,2179628,0211020060,11.0,330.0
SIA,MG,202503,2709848,0206030029,1.0,86.75
SIA,MG,202503,2133954,0211020036,95.0,489.25
SIA,MG,202503,2143801,0211020036,2.0,10.3
SIA,MG,202503,2098326,0206030029,2.0,173.5
SIA,MG,202503,2760436,0206030037,2.0,277.26
SIA,MG,202503,2144638,0206010044,2.0,173.5
SIA,MG,202503,2122936,0211020036,62.0,319.3
SIA,MG,202503,2168650,0206010044,1.0,86.75
SIA,MG,202503,2125978,0211020036,19.0,97.85
SIA,MG,202503,9344330,0206010028,1.0,101.1
SIA,MG,202503,2146525,0211020036,67.0,345.05
SIA,MG,202503,9591931,0206010060,1.0,97.44
SIA,MG,202503,2156113,0211020036,6.0,30.9
SIA,MG,202503,2140098,0211020036,305.0,1570.75
SIA,MG,202503,2098369,0206010052,1.0,86.75
SIA,MG,202503,2796619,0206020015,1.0,86.75
SIA,MG,202503,2760908,0211020036,19.0,97.85
SIA,MG,202503,2213389,0211020036,27.0,139.05
SIA,MG,202503,2764512,0211020036,71.0,365.65
SIA,MG,202503,2776030,0211020036,208.0,1071.2
SIA,MG,202503,2117479,0211020036,75.0,386.25
SIA,MG,202503,2208075,0211020036,51.0,262.65
SIA,MG,202503,2140217,0206020015,3.0,260.25
SIA,MG,202503,2105365,0211020036,420.0,2163.0
SIA,MG,202503,0196347,0206010010,1.0,281.3
SIA,MG,202503,6892256,0206010036,1.0,86.76
SIA,MG,202503,2211521,0206010079,0.0,0.0
SIA,MG,202503,2209691,0211020036,128.0,659.2
SIA,MG,202503,6290841,0211020036,25.0,128.75
SIA,MG,202503,2128012,0211020036,191.0,983.65
SIA,MG,202503,2166127,0211020036,70.0,360.5
SIA,MG,202503,2142937,0211020036,75.0,386.25
SIA,MG,202503,0979538,0206020015,1.0,86.75
SIA,MG,202503,2160390,0211020036,35.0,180.25
SIA,MG,202503,2179628,0211020036,138.0,710.7
SIA,MG,202503,2134446,0211020036,97.0,499.55
SIA,MG,202503,2214067,0211020036,30.0,154.5
SIA,MG,202503,2794608,0211020036,80.0,412.0
SIA,MG,202503,0632821,0206020031,1.0,136.41
SIA,MG,202503,2776014,0211020036,11.0,56.65
SIA,MG,202503,2122219,0211020036,30.0,154.5
SIA,MG,202503,2134071,0211020036,62.0,319.3
SIA,MG,202503,6790151,0206010052,4.0,347.0
SIA,MG,202503,2169355,0211020036,568.0,2925.2
SIA,MG,202503,2117177,0211020036,79.0,406.85
SIA,MG,202503,2119811,0211020036,34.0,175.1
SIA,MG,202503,3498441,0206010052,2.0,173.5
SIA,MG,202503,2142600,0211020036,42.0,216.3
SIA,MG,202503,2204762,0206010052,1.0,86.75
SIA,MG,202503,6365612,0211020036,130.0,669.5
SIA,MG,202503,2163438,0211020036,117.0,576.8
SIA,MG,202503,2155591,0211020036,12.0,61.8
SIA,MG,202503,2205157,0211020036,280.0,1442.0
SIA,MG,202503,2173166,0206010028,2.0,404.4
SIA,MG,202503,2760436,0211020036,1.0,5.15
SIA,MG,202503,2126559,0211020036,104.0,535.6
SIA,MG,202503,2097923,0211020036,80.0,412.0
SIA,MG,202503,2119420,0211020036,327.0,1684.05
SIA,MG,202503,6006361,0206010052,0.0,0.0
SIA,MG,202503,2117134,0206030037,2.0,277.26
SIA,MG,202503,2143674,0211020036,54.0,278.1
SIA,MG,202503,2184389,0211020036,25.0,128.75
SIA,MG,202503,2162601,0211020036,53.0,272.95
SIA,MG,202503,2216272,0211020036,25.0,128.75
SIA,MG,202503,2144654,0211020036,38.0,195.7
SIA,MG,202503,2760681,0206030037,2.0,277.26
SIA,MG,202503,0979538,0206010060,1.0,97.44
SIA,MG,202503,2192128,0211020036,108.0,556.2
SIA,MG,202503,2200945,0211020036,13.0,66.95
SIA,MG,202503,0196347,0206010044,1.0,281.3
SIA,MG,202503,2128020,0211020036,72.0,370.8
SIA,MG,202503,2120488,0211020036,220.0,1133.0
SIA,MG,202503,2204762,0211020036,453.0,2332.95
SIA,MG,202503,2173166,0211020036,186.0,957.9
SIA,MG,202503,9388354,0206030029,2.0,173.5
SIA,MG,202503,2172836,0211020036,62.0,319.3
SIA,MG,202503,2123568,0211020036,85.0,437.75
SIA,MG,202503,3299074,0211020036,196.0,1009.4
SIA,MG,202503,2200961,0211020036,120.0,618.0
SIA,MG,202503,2100142,0211020036,92.0,473.8
SIA,MG,202503,2099497,0206010052,0.0,0.0
SIA,MG,202503,2170299,0211020036,120.0,618.0
SIA,MG,202503,2143127,0211020036,94.0,484.1
SIA,MG,202503,2760436,0206010036,1.0,86.76
SIA,MG,202503,2761041,0211020010,43.0,31391.72
SIA,MG,202503,7038216,0206020023,1.0,86.75
SIA,MG,202503,2140098,0206010010,1.0,86.76
SIA,MG,202503,4042107,0211020010,3.0,2190.12
SIA,MG,202503,2126494,0211020036,677.0,3486.55
SIA,MG,202503,2098938,0211020010,45.0,32851.8
SIA,MG,202503,2140098,0206010036,1.0,86.76
SIA,MG,202503,2102587,0211020036,70.0,360.5
SIA,MG,202503,2144573,0211020036,85.0,437.75
SIA,MG,202503,2133563,0211020036,11.0,56.65
SIA,MG,202503,2122650,0206010052,1.0,86.75
SIA,MG,202503,6655203,0211020036,30.0,154.5
SIA,MG,202503,2796341,0211020036,102.0,525.3
SIA,MG,202503,2173166,0206020023,3.0,520.5
SIA,MG,202503,0266965,0211020060,7.0,1365.0
SIA,MG,202503,2144204,0211020036,25.0,128.75
SIA,MG,202503,2169967,0211020036,43.0,221.45
SIA,MG,202503,2115077,0211020036,0.0,0.0
SIA,MG,202503,2195453,0206010095,6.0,12643.32
SIA,MG,202503,2199793,0211020036,100.0,515.0
SIA,MG,202503,2173166,0206020031,6.0,1650.24
SIA,MG,202503,2140136,0211020036,50.0,257.5
SIA,MG,202503,2139030,0211020036,36.0,185.4
SIA,MG,202503,2181509,0211020036,66.0,339.9
SIA,MG,202503,5072913,0211020036,1436.0,7395.4
SIA,MG,202503,2206382,0211020010,52.0,37962.08
SIA,MG,202503,2776286,0206010036,1.0,86.76
SIA,MG,202503,2136937,0206010036,1.0,86.76
SIA,MG,202503,2136937,0206020031,1.0,136.41
SIA,MG,202503,2144530,0206010028,6.0,606.6
SIA,MG,202503,2776286,0206030010,6.0,831.78
SIA,MG,202503,4042085,0211020010,9.0,6570.36
SIA,MG,202503,2109700,0211020036,77.0,396.55
SIA,MG,202503,4042298,0211020036,91.0,468.65
SIA,MG,202503,2855682,0211020036,88.0,453.2
SIA,MG,202503,2170086,0211020036,91.0,468.65
SIA,MG,202503,2134292,0211020036,23.0,118.45
SIA,MG,202503,2144530,0206020031,5.0,682.05
SIA,MG,202503,9228713,0206010028,10.0,1011.0
SIA,MG,202503,0041548,0206010044,3.0,260.25
SIA,MG,202503,2163438,0902010018,5.0,650.0
SIA,MG,202503,2204649,0211020036,57.0,293.55
SIA,MG,202503,6631487,0208010033,2.0,1088.0
SIA,MG,202503,2144042,0211020036,30.0,154.5
SIA,MG,202503,4042085,0206010010,1.0,86.76
SIA,MG,202503,2776286,0206010028,3.0,303.3
SIA,MG,202503,2134535,0211020036,3.0,15.45
SIA,MG,202503,2204649,0206010044,1.0,86.75
SIA,MG,202503,2101874,0211020036,110.0,566.5
SIA,MG,202503,9383921,0211020036,121.0,623.15
SIA,MG,202503,6709052,0211020036,57.0,293.55
SIA,MG,202503,2098911,0206010036,1.0,86.76
SIA,MG,202503,2135930,0211020036,197.0,1014.55
SIA,MG,202503,2159155,0211020036,281.0,1447.15
SIA,MG,202503,9474439,0211020036,105.0,540.75
SIA,MG,202503,2167522,0211020036,18.0,92.7
SIA,MG,202503,2191164,0206030029,2.0,173.5
SIA,MG,202503,2136007,0211020036,147.0,757.05
SIA,MG,202503,2164299,0206010028,1.0,101.1
SIA,MG,202503,5896002,0211020036,3.0,15.45
SIA,MG,202503,2133822,0211020036,132.0,679.8
SIA,MG,202503,2098911,0211020036,436.0,2245.4
SIA,MG,202503,2761203,0206020015,1.0,86.75
SIA,MG,202503,2148870,0211020036,50.0,257.5
SIA,MG,202503,2098911,0206010052,2.0,173.5
SIA,MG,202503,2160471,0211020036,51.0,262.65
SIA,MG,202503,2142376,0211020010,9.0,6570.36
SIA,MG,202503,2117134,0206020015,1.0,86.75
SIA,MG,202503,2172712,0211020036,91.0,468.65
SIA,MG,202503,2179571,0211020036,115.0,592.25
SIA,MG,202503,2129469,0206020015,3.0,260.25
SIA,MG,202503,2144530,0211020036,136.0,700.4
SIA,MG,202503,2144166,0211020036,64.0,329.6
SIA,MG,202503,2133644,0211020036,107.0,551.05
SIA,MG,202503,2213192,0211020036,58.0,298.7
SIA,MG,202503,2111640,0206030029,2.0,173.5
SIA,MG,202503,2134314,0211020036,139.0,715.85
SIA,MG,202503,2194635,0211020036,0.0,0.0
SIA,MG,202503,2101289,0211020036,96.0,494.4
SIA,MG,202503,4378520,0211020036,5.0,25.75
SIA,MG,202503,2115468,0211020036,200.0,1030.0
SIA,MG,202503,9228713,0206010036,3.0,260.28
SIA,MG,202503,2135132,0211020010,17.0,12410.68
SIA,MG,202503,6632858,0211020036,743.0,3826.45
SIA,MG,202503,2102544,0211020036,60.0,309.0
SIA,MG,202503,2761254,0211020036,108.0,556.2
SIA,MG,202503,2099233,0211020036,192.0,988.8
SIA,MG,202503,2776855,0211020036,50.0,257.5
SIA,MG,202503,2127989,0211020010,23.0,16790.92
SIA,MG,202503,2126540,0211020036,269.0,1385.35
SIA,MG,202503,2153947,0211020036,188.0,968.2
SIA,MG,202503,2159252,0211020010,40.0,29201.6
SIA,MG,202503,7920768,0211020036,98.0,504.7
SIA,MG,202503,2098407,0206010028,1.0,101.1
SIA,MG,202503,2201488,0211020036,32.0,164.8
SIA,MG,202503,2144638,0206020031,1.0,136.41
SIA,MG,202503,2205866,0211020036,63.0,324.45
SIA,MG,202503,2104032,0211020036,86.0,442.9
SIA,MG,202503,2100525,0211020036,119.0,612.85
SIA,MG,202503,6569803,0211020036,87.0,448.05
SIA,MG,202503,2209195,0211020010,31.0,22631.24
SIA,MG,202503,2146525,0211020010,13.0,9490.52
SIA,MG,202503,6471226,0206030029,1.0,86.75
SIA,MG,202503,9228713,0206020015,2.0,173.5
SIA,MG,202503,2760657,0206010010,1.0,86.76
SIA,MG,202503,2794381,0211020036,83.0,427.45
SIA,MG,202503,2129566,0211020010,34.0,24821.36
SIA,MG,202503,2155648,0211020036,102.0,525.3
SIA,MG,202503,2113996,0211020036,105.0,540.75
SIA,MG,202503,4041283,0211020036,141.0,726.15
SIA,MG,202503,2218690,0206010010,3.0,260.28
SIA,MG,202503,2204622,0211020036,83.0,427.45
SIA,MG,202503,7031882,0211020036,502.0,2585.3
SIA,MG,202503,2114275,0211020036,144.0,741.6
SIA,MG,202503,2794640,0211020036,14.0,72.1
SIA,MG,202503,2149214,0211020036,81.0,417.15
SIA,MG,202503,2173565,0206010044,2.0,173.5
SIA,MG,202503,2173565,0206030029,2.0,173.5
SIA,MG,202503,2101262,0211020036,292.0,1503.8
SIA,MG,202503,6618774,0206020015,2.0,173.5
SIA,MG,202503,6826911,0206010095,44.0,92717.68
SIA,MG,202503,2134276,0211020036,124.0,638.6
SIA,MG,202503,2173565,0206020023,1.0,86.75
SIA,MG,202503,2098938,0206010036,3.0,260.28
SIA,MG,202503,2760657,0211020036,174.0,896.1
SIA,MG,202503,2124300,0206020015,3.0,260.25
SIA,MG,202503,2110075,0206010095,4.0,8428.88
SIA,MG,202503,2118041,0211020036,11.0,56.65
SIA,MG,202503,2102404,0211020036,87.0,448.05
SIA,MG,202503,6471226,0206010044,1.0,86.75
SIA,MG,202503,2145758,0211020036,18.0,92.7
SIA,MG,202503,2154021,0211020036,150.0,772.5
SIA,MG,202503,2202352,0211020036,80.0,412.0
SIA,MG,202503,2117207,0211020036,70.0,360.5
SIA,MG,202503,2101432,0211020036,74.0,381.1
SIA,MG,202503,6356877,0211020036,36.0,185.4
SIA,MG,202503,6790151,0206010060,1.0,97.44
SIA,MG,202503,7609868,0211020036,1.0,5.15
SIA,MG,202503,2148471,0211020036,65.0,334.75
SIA,MG,202503,2102765,0206020023,1.0,86.75
SIA,MG,202503,2209195,0206030029,2.0,173.5
SIA,MG,202503,7609868,0206010060,1.0,97.44
SIA,MG,202503,6319769,0211020036,26.0,133.9
SIA,MG,202503,6410200,0211020036,101.0,520.15
SIA,MG,202503,2118513,0211020036,9.0,46.35
SIA,MG,202503,2206447,0206010079,3.0,292.32
SIA,MG,202503,6028454,0208010033,1.0,383.07
SIA,MG,202503,2172887,0206030029,1.0,86.75
SIA,MG,202503,2206447,0206020031,2.0,272.82
SIA,MG,202503,2206447,0206030037,1.0,138.63
SIA,MG,202503,9127666,0211020036,410.0,2111.5
SIA,MG,202503,2764245,0211020036,181.0,932.15
SIA,MG,202503,6959415,0206010010,0.0,0.0
SIA,MG,202503,2142589,0211020036,135.0,695.25
SIA,MG,202503,2102099,0211020036,11.0,56.65
SIA,MG,202503,2121727,0211020036,106.0,545.9
SIA,MG,202503,2761106,0211020036,58.0,298.7
SIA,MG,202503,2146525,0206010036,1.0,86.76
SIA,MG,202503,5677416,0211020036,32.0,164.8
SIA,MG,202503,2160242,0211020036,14.0,72.1
SIA,MG,202503,2115786,0211020036,306.0,1575.9
SIA,MG,202503,2144549,0211020036,49.0,252.35
SIA,MG,202503,2211912,0211020036,38.0,195.7
SIA,MG,202503,2796376,0211020036,308.0,1586.2
SIA,MG,202503,2162938,0211020036,31.0,159.65
SIA,MG,202503,2764792,0211020036,87.0,448.05
SIA,MG,202503,7609868,0206010028,2.0,202.2
SIA,MG,202503,2140179,0211020036,90.0,463.5
SIA,MG,202503,7114982,0206010044,0.0,0.0
SIA,MG,202503,3938654,0206010028,1.0,140.0
SIA,MG,202503,2167751,0211020036,51.0,262.65
SIA,MG,202503,2156830,0211020036,96.0,494.4
SIA,MG,202503,2126990,0211020036,90.0,463.5
SIA,MG,202503,0196347,0206010052,1.0,281.3
SIA,MG,202503,2139200,0206010044,3.0,309.45
SIA,MG,202503,2183803,0206010079,1.0,97.44
SIA,MG,202503,2764814,0211020036,179.0,921.85
SIA,MG,202503,6790151,0208010025,1.0,408.52
SIA,MG,202503,2201542,0206010010,1.0,86.76
SIA,MG,202503,2100215,0211020036,150.0,772.5
SIA,MG,202503,9419977,0206010010,2.0,173.52
SIA,MG,202503,2189879,0211020036,500.0,2575.0
SIA,MG,202503,2760916,0211020036,234.0,1205.1
SIA,MG,202503,2167360,0211020036,72.0,370.8
SIA,MG,202503,2760843,0211020036,14.0,72.1
SIA,MG,202503,0828114,0206030029,3.0,260.25
SIA,MG,202503,2212536,0211020036,21.0,108.15
SIA,MG,202503,2122189,0211020036,24.0,123.6
SIA,MG,202503,2212854,0211020036,86.0,442.9
SIA,MG,202503,2156709,0211020036,22.0,113.3
SIA,MG,202503,4041437,0211020036,165.0,849.75
SIA,MG,202503,0981400,0206010060,1.0,97.44
SIA,MG,202503,2146487,0211020036,167.0,860.05
SIA,MG,202503,3313484,0211020036,22.0,113.3
SIA,MG,202503,2761106,0206020015,1.0,86.75
SIA,MG,202503,2193469,0211020036,137.0,705.55
SIA,MG,202503,9944338,0211020036,43.0,221.45
SIA,MG,202503,2150158,0211020036,167.0,860.05
SIA,MG,202503,2794225,0211020036,47.0,242.05
SIA,MG,202503,2136236,0211020036,54.0,278.1
SIA,MG,202503,0981400,0206010010,1.0,86.76
SIA,MG,202503,2785684,0206010052,1.0,173.5
SIA,MG,202503,2098407,0206010044,4.0,347.0
SIA,MG,202503,2200481,0211020036,155.0,798.25
SIA,MG,202503,0828114,0206010052,1.0,86.75
SIA,MG,202503,2760843,0206030029,1.0,86.75
SIA,MG,202503,7548311,0211020036,325.0,1673.75
SIA,MG,202503,7519826,0206020015,1.0,86.75
SIA,MG,202503,2761181,0211020036,103.0,530.45
SIA,MG,202503,2167379,0211020036,53.0,272.95
SIA,MG,202503,2163292,0211020036,1.0,5.15
SIA,MG,202503,2128047,0206010052,1.0,86.75
SIA,MG,202503,2796619,0211020036,175.0,901.25
SIA,MG,202503,2125935,0211020036,1.0,5.15
SIA,MG,202503,0196347,0211020036,297.0,1529.55
SIA,MG,202503,2215586,0206010052,2.0,173.5
SIA,MG,202503,2759306,0211020036,10.0,51.5
SIA,MG,202503,7795203,0206010010,0.0,0.0
SIA,MG,202503,2135310,0211020036,44.0,226.6
SIA,MG,202503,0041548,0206010010,1.0,86.76
SIA,MG,202503,2191164,0206020031,1.0,136.41
SIA,MG,202503,2103257,0211020036,44.0,226.6
SIA,MG,202503,2212110,0211020036,50.0,257.5
SIA,MG,202503,2099616,0211020036,26.0,133.9
SIA,MG,202503,2117843,0211020036,180.0,927.0
SIA,MG,202503,2100304,0211020036,120.0,618.0
SIA,MG,202503,2119757,0211020036,6.0,30.9
SIA,MG,202503,2118246,0206030029,1.0,86.75
SIA,MG,202503,3873781,0211020036,168.0,865.2
SIA,MG,202503,2121514,0211020036,54.0,278.1
SIA,MG,202503,2206447,0206010036,1.0,86.76
SIA,MG,202503,2203162,0211020036,23.0,118.45
SIA,MG,202503,2776286,0206020023,1.0,86.75
SIA,MG,202503,9591931,0206030010,1.0,138.63
SIA,MG,202503,2136937,0206010044,1.0,86.75
SIA,MG,202503,7408331,0211020036,120.0,618.0
SIA,MG,202503,9419977,0206010060,1.0,97.44
SIA,MG,202503,7518196,0211020036,147.0,757.05
SIA,MG,202503,2098326,0211020036,15.0,77.25
SIA,MG,202503,6790151,0206020015,1.0,86.75
SIA,MG,202503,6340059,0206030037,1.0,138.63
SIA,MG,202503,2098938,0206010010,1.0,86.76
SIA,MG,202503,2159147,0211020036,75.0,386.25
SIA,MG,202503,2209195,0211020036,86.0,442.9
SIA,MG,202503,3376478,0206010036,1.0,86.76
SIA,MG,202503,0192465,0211020036,45.0,231.75
SIA,MG,202503,2841622,0206010028,1.0,101.1
SIA,MG,202503,2168448,0211020036,95.0,489.25
SIA,MG,202503,2156458,0211020036,107.0,551.05
SIA,MG,202503,2123673,0211020036,70.0,360.5
SIA,MG,202503,2143992,0211020036,12.0,61.8
SIA,MG,202503,2183439,0211020036,34.0,175.1
SIA,MG,202503,2159368,0208010025,3.0,1225.56
SIA,MG,202503,2144026,0211020036,7.0,36.05
SIA,MG,202503,2192632,0211020036,161.0,829.15
SIA,MG,202503,2164299,0206010044,1.0,86.75
SIA,MG,202503,2099853,0211020036,87.0,448.05
SIA,MG,202503,2098326,0206010010,1.0,86.76
SIA,MG,202503,2148293,0211020036,25.0,128.75
SIA,MG,202503,3437396,0211020036,132.0,679.8
SIA,MG,202503,2119447,0211020036,44.0,226.6
SIA,MG,202503,2110075,0206010036,1.0,86.76
SIA,MG,202503,2204630,0211020036,131.0,674.65
SIA,MG,202503,2126419,0211020036,135.0,695.25
SIA,MG,202503,2126885,0211020036,70.0,360.5
SIA,MG,202503,2209195,0211020060,3.0,90.0
SIA,MG,202503,2756749,0211020036,428.0,2204.2
SIA,MG,202503,2173565,0211020036,14.0,72.1
SIA,MG,202503,2181797,0211020036,135.0,695.25
SIA,MG,202503,2191164,0206010028,2.0,202.2
SIA,MG,202503,6705375,0206010044,1.0,86.75
SIA,MG,202503,3050378,0206020015,1.0,86.75
SIA,MG,202503,3145425,0206010028,1.0,101.1
SIA,MG,202503,2173166,0206030029,2.0,347.0
SIA,MG,202503,2120119,0211020036,24.0,123.6
SIA,MG,202503,2169878,0211020036,2.0,10.3
SIA,MG,202503,2099454,0206020015,1.0,86.75
SIA,MG,202503,2156172,0211020036,44.0,226.6
SIA,MG,202503,7818858,0211020036,734.0,3780.1
SIA,MG,202503,2129469,0206010060,1.0,97.44
SIA,MG,202503,2148005,0211020036,135.0,695.25
SIA,MG,202503,2206420,0211020036,238.0,1225.7
SIA,MG,202503,7362870,0211020036,45.0,231.75
SIA,MG,202503,2764830,0211020036,92.0,473.8
SIA,MG,202503,2776286,0206020015,1.0,86.75
SIA,MG,202503,2138875,0206010052,1.0,86.75
SIA,MG,202503,7284233,0206010052,1.0,86.75
SIA,MG,202503,2206447,0206020023,1.0,86.75
SIA,MG,202503,2118246,0206010036,1.0,86.76
SIA,MG,202503,2173166,0206010036,1.0,173.52
SIA,MG,202503,2218690,0206020023,1.0,86.75
SIA,MG,202503,2138875,0206020023,1.0,86.75
SIA,MG,202503,2140217,0206010060,1.0,97.44
SIA,MG,202503,2144530,0206020015,1.0,86.75
SIA,MG,202503,2206447,0206010028,1.0,101.1
SIA,MG,202503,2117134,0206010052,1.0,86.75
SIA,MG,202503,6631487,0206010028,2.0,400.0
SIA,MG,202503,2144638,0206020015,1.0,86.75
SIA,MG,202503,2171945,0206020023,1.0,86.75
SIA,MG,202503,2761114,0211020036,96.0,494.4
SIA,MG,202504,2200422,0206030037,20.0,2772.6
SIA,MG,202504,2200422,0206010010,6.0,520.56
SIA,MG,202504,2200457,0206030037,664.0,92050.32
SIA,MG,202504,2200457,0206010010,33.0,2863.08
SIA,MG,202504,2192896,0206030037,261.0,36182.43
SIA,MG,202504,2192896,0206010010,142.0,12319.92
SIA,MG,202504,2200422,0208010033,116.0,44436.12
SIA,MG,202504,9650105,0206010079,351.0,34201.44
SIA,MG,202504,0027014,0211020060,316.0,9480.0
SIA,MG,202504,2218798,0205010016,35.0,5775.0
SIA,MG,202504,2195437,0206030037,151.0,20933.13
SIA,MG,202504,0027049,0206030037,247.0,34241.61
SIA,MG,202504,2695324,0206030037,410.0,56838.3
SIA,MG,202504,4034236,0211020060,119.0,3570.0
SIA,MG,202504,0027049,0211020060,91.0,2730.0
SIA,MG,202504,2222043,0206010044,28.0,2429.0
SIA,MG,202504,2109867,0206010010,36.0,3123.36
SIA,MG,202504,2206528,0206010010,4.0,347.04
SIA,MG,202504,2222043,0206010010,26.0,2255.76
SIA,MG,202504,2149990,0206020031,487.0,66431.67
SIA,MG,202504,2127601,0206010010,0.0,0.0
SIA,MG,202504,2118661,0206010052,83.0,7200.25
SIA,MG,202504,0026921,0206010028,84.0,8492.4
SIA,MG,202504,2695324,0206030010,390.0,54065.7
SIA,MG,202504,2165058,0208010033,129.0,49416.03
SIA,MG,202504,2200422,0211020060,65.0,1950.0
SIA,MG,202504,0027391,0206010095,88.0,185435.36
SIA,MG,202504,4034236,0211020010,102.0,74464.08
SIA,MG,202504,2200457,0206010095,9.0,18964.98
SIA,MG,202504,2200422,0211020010,73.0,53292.92
SIA,MG,202504,6102174,0206010079,0.0,0.0
SIA,MG,202504,2222043,0206010079,158.0,15395.52
SIA,MG,202504,2695324,0206020031,510.0,69569.1
SIA,MG,202504,4034236,0206030037,172.0,23844.36
SIA,MG,202504,2206595,0206010028,19.0,1920.9
SIA,MG,202504,0027049,0206010010,7.0,607.32
SIA,MG,202504,9980865,0211020060,28.0,840.0
SIA,MG,202504,6102174,0206010010,0.0,0.0
SIA,MG,202504,6102174,0211020060,0.0,0.0
SIA,MG,202504,2205440,0206020031,380.0,51835.8
SIA,MG,202504,0026808,0206030037,26.0,3604.38
SIA,MG,202504,2152037,0206010010,3.0,260.28
SIA,MG,202504,2146355,0206010079,222.0,21631.68
SIA,MG,202504,2695626,0206030037,72.0,9981.36
SIA,MG,202504,0026859,0206030037,73.0,10119.99
SIA,MG,202504,0026840,0208010033,218.0,83509.26
SIA,MG,202504,3065936,0206030037,99.0,13724.37
SIA,MG,202504,0026840,0206030037,135.0,18715.05
SIA,MG,202504,0026840,0206020023,2.0,173.5
SIA,MG,202504,2149990,0206010079,568.0,55345.92
SIA,MG,202504,0026964,0206030037,157.0,21764.91
SIA,MG,202504,0026921,0206010010,194.0,16831.44
SIA,MG,202504,0026921,0206030037,87.0,12060.81
SIA,MG,202504,2165058,0206010028,26.0,2628.6
SIA,MG,202504,9141839,0206020023,15.0,1301.25
SIA,MG,202504,2118661,0206010044,18.0,1561.5
SIA,MG,202504,2193310,0206020031,103.0,14050.23
SIA,MG,202504,3918416,0211020060,99.0,2970.0
SIA,MG,202504,0027049,0208010033,147.0,56311.29
SIA,MG,202504,2118661,0206010079,61.0,5943.84
SIA,MG,202504,3004791,0206030037,13.0,1802.19
SIA,MG,202504,2208172,0206010052,3.0,260.25
SIA,MG,202504,0480738,0211020060,27.0,810.0
SIA,MG,202504,2109867,0206010028,52.0,10400.0
SIA,MG,202504,0027014,0206030037,457.0,63353.91
SIA,MG,202504,0026840,0211020060,86.0,2580.0
SIA,MG,202504,2165058,0206020023,35.0,3036.25
SIA,MG,202504,7866801,0206030037,110.0,15249.3
SIA,MG,202504,2726726,0206010079,81.0,7892.64
SIA,MG,202504,2206595,0206020023,40.0,3470.0
SIA,MG,202504,3183882,0211020060,234.0,7020.0
SIA,MG,202504,0027863,0206010028,46.0,4650.6
SIA,MG,202504,2200457,0206010028,52.0,5257.2
SIA,MG,202504,2192896,0206010028,182.0,18400.2
SIA,MG,202504,2127601,0211020060,0.0,0.0
SIA,MG,202504,2193310,0206030029,11.0,954.25
SIA,MG,202504,2218798,0206020023,3.0,260.25
SIA,MG,202504,2192896,0206020015,23.0,1995.25
SIA,MG,202504,6601804,0206010079,131.0,12764.64
SIA,MG,202504,0027014,0208010033,24.0,9193.68
SIA,MG,202504,2222043,0206030029,11.0,954.25
SIA,MG,202504,0027863,0206030037,142.0,19685.46
SIA,MG,202504,2146355,0206010010,22.0,1908.72
SIA,MG,202504,0480738,0211020036,135.0,695.25
SIA,MG,202504,2153114,0206010044,2.0,173.5
SIA,MG,202504,2146355,0211020036,594.0,3059.1
SIA,MG,202504,2165058,0208010025,129.0,52699.08
SIA,MG,202504,2165058,0206010079,147.0,14323.68
SIA,MG,202504,2195437,0206010079,322.0,31375.68
SIA,MG,202504,7954212,0211020036,1467.0,7555.05
SIA,MG,202504,2206528,0206030010,138.0,27600.0
SIA,MG,202504,0027863,0206010010,88.0,7634.88
SIA,MG,202504,2193310,0206010079,306.0,29816.64
SIA,MG,202504,0027049,0206020031,244.0,33284.04
SIA,MG,202504,2200457,0206020031,698.0,95214.18
SIA,MG,202504,3065936,0206020031,172.0,23462.52
SIA,MG,202504,3004791,0206020023,37.0,3209.75
SIA,MG,202504,9141839,0206010079,211.0,20559.84
SIA,MG,202504,2195585,0206010079,72.0,7015.68
SIA,MG,202504,2205440,0211020036,241.0,1241.15
SIA,MG,202504,0026808,0211020060,135.0,4050.0
SIA,MG,202504,2219646,0206030010,249.0,34518.87
SIA,MG,202504,2206528,0206010028,5.0,1000.0
SIA,MG,202504,2195437,0206010010,29.0,2516.04
SIA,MG,202504,2219638,0206010010,16.0,1388.16
SIA,MG,202504,2222043,0206020015,6.0,520.5
SIA,MG,202504,7417659,0211020036,655.0,3373.25
SIA,MG,202504,2193310,0211020036,34.0,175.1
SIA,MG,202504,2205440,0206010052,62.0,5378.5
SIA,MG,202504,2193183,0211020036,296.0,1524.4
SIA,MG,202504,2206595,0206010079,129.0,12569.76
SIA,MG,202504,3183882,0211020036,5056.0,26038.4
SIA,MG,202504,7866801,0206010028,11.0,1112.1
SIA,MG,202504,0027049,0211020010,8.0,5840.32
SIA,MG,202504,4034236,0206010028,26.0,2628.6
SIA,MG,202504,2200457,0206020015,7.0,607.25
SIA,MG,202504,2109867,0206010036,21.0,4200.0
SIA,MG,202504,2109867,0206010079,339.0,67800.0
SIA,MG,202504,2109867,0206030010,85.0,17000.0
SIA,MG,202504,2127601,0206010079,4.0,800.0
SIA,MG,202504,6601804,0206010010,6.0,520.56
SIA,MG,202504,2726726,0206010036,5.0,433.8
SIA,MG,202504,2210924,0206030037,21.0,2911.23
SIA,MG,202504,5338905,0206010079,18.0,1753.92
SIA,MG,202504,2149990,0206010010,92.0,7981.92
SIA,MG,202504,2149990,0206010052,52.0,4511.0
SIA,MG,202504,7728786,0206010079,41.0,3995.04
SIA,MG,202504,2118904,0208010033,20.0,7661.4
SIA,MG,202504,2118661,0206010028,12.0,1213.2
SIA,MG,202504,6274773,0206010079,24.0,2338.56
SIA,MG,202504,2219654,0206020023,9.0,780.75
SIA,MG,202504,0027049,0206010028,9.0,909.9
SIA,MG,202504,2152045,0206010079,32.0,3118.08
SIA,MG,202504,9141839,0206010028,29.0,2931.9
SIA,MG,202504,0026808,0206020031,46.0,6274.86
SIA,MG,202504,0027014,0206020031,566.0,77208.06
SIA,MG,202504,2205440,0206030037,252.0,34934.76
SIA,MG,202504,2205440,0208010033,16.0,6129.12
SIA,MG,202504,9650105,0206010036,14.0,1214.64
SIA,MG,202504,2109867,0206020015,11.0,954.25
SIA,MG,202504,2695626,0206020031,129.0,17596.89
SIA,MG,202504,2192896,0206020023,24.0,2082.0
SIA,MG,202504,2205440,0206030029,10.0,867.5
SIA,MG,202504,2193310,0206030010,177.0,24537.51
SIA,MG,202504,0026921,0206020023,19.0,1648.25
SIA,MG,202504,2165058,0206030037,263.0,36459.69
SIA,MG,202504,2210924,0206020023,7.0,607.25
SIA,MG,202504,9141839,0206030037,158.0,21903.54
SIA,MG,202504,2208172,0206030037,59.0,8179.17
SIA,MG,202504,2184834,0206030037,78.0,10813.14
SIA,MG,202504,9650105,0206010028,56.0,5661.6
SIA,MG,202504,4034236,0206010010,14.0,1214.64
SIA,MG,202504,3065936,0206010010,9.0,780.84
SIA,MG,202504,2149990,0206010044,108.0,9369.0
SIA,MG,202504,2205440,0206030010,295.0,40895.85
SIA,MG,202504,0026859,0206020031,74.0,10094.34
SIA,MG,202504,0026964,0206010028,2.0,202.2
SIA,MG,202504,6463487,0211020036,331.0,1704.65
SIA,MG,202504,6571573,0211020036,75.0,386.25
SIA,MG,202504,2205440,0206010028,16.0,1617.6
SIA,MG,202504,2152037,0206010079,22.0,2143.68
SIA,MG,202504,2219638,0206010044,23.0,1995.25
SIA,MG,202504,0027863,0206020031,76.0,10367.16
SIA,MG,202504,2192896,0206020031,56.0,7638.96
SIA,MG,202504,2210924,0206010044,2.0,173.5
SIA,MG,202504,2109867,0206020031,51.0,10200.0
SIA,MG,202504,2695626,0206010010,6.0,520.56
SIA,MG,202504,2206528,0206020031,140.0,28000.0
SIA,MG,202504,3065936,0206010028,32.0,3235.2
SIA,MG,202504,2193310,0206030037,185.0,25646.55
SIA,MG,202504,2218798,0206010044,27.0,2342.25
SIA,MG,202504,2181770,0206030037,1.0,138.63
SIA,MG,202504,2219654,0206010044,14.0,1214.5
SIA,MG,202504,7866801,0206020031,85.0,11594.85
SIA,MG,202504,4034236,0206020031,211.0,28782.51
SIA,MG,202504,0026964,0206020031,214.0,29191.74
SIA,MG,202504,2219654,0206010010,13.0,1127.88
SIA,MG,202504,2153238,0211020036,56.0,288.4
SIA,MG,202504,6601804,0206020015,20.0,1735.0
SIA,MG,202504,2200457,0208010033,7.0,2681.49
SIA,MG,202504,2726726,0206020015,14.0,1214.5
SIA,MG,202504,2695324,0206010028,10.0,1011.0
SIA,MG,202504,7866801,0205010016,3.0,495.0
SIA,MG,202504,6442560,0206010036,1.0,86.76
SIA,MG,202504,2206528,0206010079,10.0,2000.0
SIA,MG,202504,2221772,0211020036,105.0,540.75
SIA,MG,202504,2219646,0206010060,44.0,4287.36
SIA,MG,202504,9650105,0206020015,23.0,1995.25
SIA,MG,202504,2200457,0206020023,6.0,520.5
SIA,MG,202504,2218798,0206010036,10.0,867.6
SIA,MG,202504,9650105,0211020060,6.0,150.0
SIA,MG,202504,2146355,0211020060,26.0,780.0
SIA,MG,202504,2193310,0206010028,23.0,2325.3
SIA,MG,202504,9980865,0211020036,30.0,154.5
SIA,MG,202504,0026921,0206020031,30.0,4092.3
SIA,MG,202504,0027014,0205010016,4.0,660.0
SIA,MG,202504,3004791,0206020015,10.0,867.5
SIA,MG,202504,2165058,0206010052,48.0,4164.0
SIA,MG,202504,2222043,0206010028,12.0,1213.2
SIA,MG,202504,2149990,0206020023,16.0,1388.0
SIA,MG,202504,2695626,0206010028,19.0,1920.9
SIA,MG,202504,2195585,0206030037,20.0,2772.6
SIA,MG,202504,9141839,0206010052,12.0,1041.0
SIA,MG,202504,0027014,0206020023,5.0,433.75
SIA,MG,202504,2149990,0206020015,14.0,1214.5
SIA,MG,202504,2111624,0206010044,3.0,260.25
SIA,MG,202504,2200422,0206010028,10.0,1011.0
SIA,MG,202504,2200422,0206020015,4.0,347.0
SIA,MG,202504,7104804,0211020036,363.0,1869.45
SIA,MG,202504,2726726,0206010028,3.0,303.3
SIA,MG,202504,3004791,0206010028,28.0,2830.8
SIA,MG,202504,2206595,0206010052,18.0,1561.5
SIA,MG,202504,0026840,0206010028,7.0,707.7
SIA,MG,202504,3004791,0206020031,5.0,682.05
SIA,MG,202504,2695626,0206020023,6.0,520.5
SIA,MG,202504,2206595,0206030037,55.0,7624.65
SIA,MG,202504,3032191,0211020036,5.0,25.75
SIA,MG,202504,6442560,0206010028,2.0,202.2
SIA,MG,202504,0026840,0206010044,33.0,2862.75
SIA,MG,202504,2127601,0206030010,0.0,0.0
SIA,MG,202504,2153882,0211020036,56.0,288.4
SIA,MG,202504,2208156,0211020036,34.0,175.1
SIA,MG,202504,2127601,0206020031,3.0,600.0
SIA,MG,202504,2695324,0206020023,8.0,694.0
SIA,MG,202504,6102174,0206020023,0.0,0.0
SIA,MG,202504,2184834,0206010052,5.0,433.75
SIA,MG,202504,0026808,0206010010,7.0,607.32
SIA,MG,202504,2152045,0206010010,2.0,173.52
SIA,MG,202504,6102174,0206020015,0.0,0.0
SIA,MG,202504,2695324,0206010044,18.0,1561.5
SIA,MG,202504,2153106,0206010044,8.0,694.0
SIA,MG,202504,2165058,0206030029,1.0,86.75
SIA,MG,202504,2219646,0206010036,3.0,260.28
SIA,MG,202504,2208172,0206010044,12.0,1041.0
SIA,MG,202504,2146355,0206010036,14.0,1214.64
SIA,MG,202504,2146355,0206020023,4.0,347.0
SIA,MG,202504,6601804,0211020036,13.0,66.95
SIA,MG,202504,5617286,0211020036,226.0,1163.9
SIA,MG,202504,9141839,0206020015,17.0,1474.75
SIA,MG,202504,3170527,0211020036,108.0,556.2
SIA,MG,202504,4684281,0211020060,167.0,5010.0
SIA,MG,202504,2219646,0206010010,23.0,1995.48
SIA,MG,202504,9141839,0206030029,12.0,1041.0
SIA,MG,202504,2195585,0206020023,2.0,173.5
SIA,MG,202504,0026808,0206020023,1.0,86.75
SIA,MG,202504,2181770,0206010010,1.0,86.76
SIA,MG,202504,3004791,0206010010,7.0,607.32
SIA,MG,202504,2153025,0211020036,33.0,169.95
SIA,MG,202504,6102174,0206010036,0.0,0.0
SIA,MG,202504,2200422,0206020031,19.0,2591.79
SIA,MG,202504,0027014,0206010010,5.0,433.8
SIA,MG,202504,2218798,0211020036,527.0,2714.05
SIA,MG,202504,0026840,0206020031,154.0,21007.14
SIA,MG,202504,3464334,0206010052,0.0,0.0
SIA,MG,202504,2221616,0211020036,300.0,1545.0
SIA,MG,202504,2181770,0206020031,2.0,272.82
SIA,MG,202504,2193310,0206010052,4.0,347.0
SIA,MG,202504,2195437,0206020023,5.0,433.75
SIA,MG,202504,3065936,0206020015,5.0,433.75
SIA,MG,202504,7866801,0206010010,4.0,347.04
SIA,MG,202504,2153114,0211020036,34.0,175.1
SIA,MG,202504,2195437,0206030029,3.0,260.25
SIA,MG,202504,2222043,0206020031,43.0,5865.63
SIA,MG,202504,2153106,0206010036,2.0,173.52
SIA,MG,202504,2195437,0206010052,2.0,173.5
SIA,MG,202504,2127601,0206010028,1.0,200.0
SIA,MG,202504,2152959,0211020036,150.0,772.5
SIA,MG,202504,4034236,0206020015,9.0,780.75
SIA,MG,202504,0027049,0205010016,3.0,495.0
SIA,MG,202504,2695324,0206030029,19.0,1648.25
SIA,MG,202504,2695324,0206010010,6.0,520.56
SIA,MG,202504,2219654,0206010052,6.0,520.5
SIA,MG,202504,2208172,0206020023,4.0,347.0
SIA,MG,202504,0026840,0206010052,39.0,3383.25
SIA,MG,202504,2219646,0206030037,217.0,30082.71
SIA,MG,202504,9650105,0206010010,44.0,3817.44
SIA,MG,202504,9650105,0206010044,64.0,5552.0
SIA,MG,202504,2219638,0206020031,54.0,7366.14
SIA,MG,202504,2153025,0206030037,62.0,8595.06
SIA,MG,202504,2149990,0206030037,532.0,73751.16
SIA,MG,202504,2221756,0211020036,280.0,1442.0
SIA,MG,202504,0026840,0211020036,420.0,2163.0
SIA,MG,202504,4034236,0206020023,1.0,86.75
SIA,MG,202504,2726726,0206010044,21.0,1821.75
SIA,MG,202504,2219646,0206010052,78.0,6766.5
SIA,MG,202504,2219654,0206020031,64.0,8730.24
SIA,MG,202504,0026964,0206010052,58.0,5031.5
SIA,MG,202504,3464334,0206030037,0.0,0.0
SIA,MG,202504,2726726,0206030029,5.0,433.75
SIA,MG,202504,2206595,0206020015,2.0,173.5
SIA,MG,202504,2218798,0206030037,56.0,7763.28
SIA,MG,202504,2152967,0211020036,18.0,92.7
SIA,MG,202504,2153009,0211020036,238.0,1225.7
SIA,MG,202504,2153106,0206030037,66.0,9149.58
SIA,MG,202504,2152940,0211020036,563.0,2899.45
SIA,MG,202504,0026859,0206020015,1.0,86.75
SIA,MG,202504,2726726,0206010010,27.0,2342.52
SIA,MG,202504,9650105,0206030029,54.0,4684.5
SIA,MG,202504,2111624,0206030037,29.0,4020.27
SIA,MG,202504,0027014,0206010028,8.0,808.8
SIA,MG,202504,2153114,0206030037,61.0,8456.43
SIA,MG,202504,0026808,0211020036,886.0,4562.9
SIA,MG,202504,0027863,0206020015,3.0,260.25
SIA,MG,202504,2118661,0211020010,29.0,21171.16
SIA,MG,202504,0026840,0211020010,21.0,15330.84
SIA,MG,202504,0026808,0211020010,11.0,8030.44
SIA,MG,202504,7976550,0206010095,30.0,63216.6
SIA,MG,202504,7866801,0206020015,4.0,347.0
SIA,MG,202504,6601804,0211020010,11.0,8030.44
SIA,MG,202504,2218798,0206010028,4.0,404.4
SIA,MG,202504,2219646,0206010044,3.0,260.25
SIA,MG,202504,2726726,0206010052,8.0,694.0
SIA,MG,202504,0026840,0206010079,34.0,3312.96
SIA,MG,202504,2206528,0211020010,17.0,12410.68
SIA,MG,202504,6102174,0206010028,0.0,0.0
SIA,MG,202504,2219654,0206010079,81.0,7892.64
SIA,MG,202504,2194791,0211020036,1089.0,5608.35
SIA,MG,202504,2118661,0206030037,175.0,24260.25
SIA,MG,202504,2195437,0206030010,152.0,21071.76
SIA,MG,202504,5338905,0206020031,45.0,6138.45
SIA,MG,202504,6102174,0206030010,0.0,0.0
SIA,MG,202504,6926223,0206010079,110.0,10718.4
SIA,MG,202504,2205440,0211020010,32.0,23361.28
SIA,MG,202504,6601804,0206020031,96.0,13095.36
SIA,MG,202504,0026921,0206010079,590.0,57489.6
SIA,MG,202504,0026921,0206010036,64.0,5552.64
SIA,MG,202504,2127601,0205010016,0.0,0.0
SIA,MG,202504,2205440,0206010079,123.0,11985.12
SIA,MG,202504,2146355,0206030010,369.0,51154.47
SIA,MG,202504,2146355,0206020031,406.0,55382.46
SIA,MG,202504,2184834,0206020031,101.0,13777.41
SIA,MG,202504,2193310,0206010044,28.0,2429.0
SIA,MG,202504,2195585,0211020036,191.0,983.65
SIA,MG,202504,2165058,0211020036,60.0,309.0
SIA,MG,202504,4034236,0206010036,15.0,1301.4
SIA,MG,202504,9141839,0211020036,123.0,633.45
SIA,MG,202504,7093284,0211020036,389.0,2003.35
SIA,MG,202504,2219638,0206010079,106.0,10328.64
SIA,MG,202504,0026840,0208010025,218.0,89057.36
SIA,MG,202504,6875343,0211020036,600.0,3090.0
SIA,MG,202504,2184834,0211020036,93.0,478.95
SIA,MG,202504,2164817,0211020036,293.0,1508.95
SIA,MG,202504,6102174,0206020031,0.0,0.0
SIA,MG,202504,2205440,0208010025,16.0,6536.32
SIA,MG,202504,9650105,0206010052,11.0,954.25
SIA,MG,202504,2192896,0206010036,74.0,6420.24
SIA,MG,202504,2206595,0211020036,499.0,2569.85
SIA,MG,202504,2208172,0206020031,66.0,9003.06
SIA,MG,202504,2141213,0211020036,4.0,20.6
SIA,MG,202504,2219646,0206010079,21.0,2046.24
SIA,MG,202504,0027014,0208010025,22.0,8987.44
SIA,MG,202504,7866801,0206010036,1.0,86.76
SIA,MG,202504,2206595,0211020060,50.0,1500.0
SIA,MG,202504,7728786,0206030010,31.0,4297.53
SIA,MG,202504,2118661,0206030029,3.0,260.25
SIA,MG,202504,6601804,0206030010,108.0,14972.04
SIA,MG,202504,2153084,0206030037,4.0,554.52
SIA,MG,202504,2146355,0206030029,8.0,694.0
SIA,MG,202504,2152037,0206030010,17.0,2356.71
SIA,MG,202504,2208172,0211020036,46.0,236.9
SIA,MG,202504,3183882,0205010016,14.0,2310.0
SIA,MG,202504,2205440,0206010095,16.0,33715.52
SIA,MG,202504,2200457,0206010036,38.0,3296.88
SIA,MG,202504,2695324,0206010079,85.0,8282.4
SIA,MG,202504,0027049,0208010025,147.0,60052.44
SIA,MG,202504,2149990,0206030029,11.0,954.25
SIA,MG,202504,6274773,0206030010,27.0,3743.01
SIA,MG,202504,6274773,0206020031,18.0,2455.38
SIA,MG,202504,5338905,0206030010,37.0,5129.31
SIA,MG,202504,2118904,0208010025,20.0,8170.4
SIA,MG,202504,2152045,0206030010,39.0,5406.57
SIA,MG,202504,2146355,0206010028,24.0,2426.4
SIA,MG,202504,2695626,0206020015,3.0,260.25
SIA,MG,202504,0026859,0211020010,2.0,1460.08
SIA,MG,202504,2208172,0211020010,41.0,29931.64
SIA,MG,202504,2210924,0206020031,9.0,1227.69
SIA,MG,202504,2206595,0205010016,10.0,1650.0
SIA,MG,202504,0027014,0206010036,7.0,607.32
SIA,MG,202504,2206595,0206030029,3.0,260.25
SIA,MG,202504,2118912,0211020036,8.0,41.2
SIA,MG,202504,4034236,0206010079,95.0,9256.8
SIA,MG,202504,7728786,0206020031,35.0,4774.35
SIA,MG,202504,3464334,0211020036,0.0,0.0
SIA,MG,202504,2118858,0211020010,5.0,3650.2
SIA,MG,202504,2152045,0206020031,37.0,5047.17
SIA,MG,202504,3464334,0206020031,0.0,0.0
SIA,MG,202504,2153106,0206010010,2.0,173.52
SIA,MG,202504,2695626,0206010036,13.0,1127.88
SIA,MG,202504,2200902,0211020036,4.0,20.6
SIA,MG,202504,2219654,0206030029,14.0,1214.5
SIA,MG,202504,2152037,0206010036,1.0,86.76
SIA,MG,202504,2152037,0206020031,16.0,2182.56
SIA,MG,202504,2222043,0206010036,3.0,260.28
SIA,MG,202504,6601804,0206010036,5.0,433.8
SIA,MG,202504,0026859,0206010079,13.0,1266.72
SIA,MG,202504,2218798,0206010010,4.0,347.04
SIA,MG,202504,2195437,0206020015,4.0,347.0
SIA,MG,202504,3464334,0208010025,0.0,0.0
SIA,MG,202504,0026840,0206010010,1.0,86.76
SIA,MG,202504,2127601,0206020015,0.0,0.0
SIA,MG,202504,2206528,0206030029,2.0,173.5
SIA,MG,202504,2181770,0206010028,1.0,101.1
SIA,MG,202504,2695324,0206020015,4.0,347.0
SIA,MG,202504,6601804,0206030029,24.0,2082.0
SIA,MG,202504,6102174,0206030029,0.0,0.0
SIA,MG,202504,0027863,0206010036,22.0,1908.72
SIA,MG,202504,6601804,0206010028,11.0,1112.1
SIA,MG,202504,2219638,0206030029,3.0,260.25
SIA,MG,202504,2695324,0206010036,8.0,694.08
SIA,MG,202504,3065936,0206010036,8.0,694.08
SIA,MG,202504,0026964,0206010079,8.0,779.52
SIA,MG,202504,0026921,0206030029,10.0,867.5
SIA,MG,202504,6274773,0206010010,1.0,86.76
SIA,MG,202504,2146355,0206020015,2.0,173.5
SIA,MG,202504,2195585,0211020060,2.0,60.0
SIA,MG,202504,2153025,0206010044,3.0,260.25
SIA,MG,202504,0026964,0206010010,1.0,86.76
SIA,MG,202504,2219646,0206010028,2.0,202.2
SIA,MG,202504,2200422,0206010036,6.0,520.56
SIA,MG,202504,2109867,0206030029,14.0,1214.5
SIA,MG,202504,7866801,0206020023,2.0,173.5
SIA,MG,202504,2109867,0206010052,2.0,173.5
SIA,MG,202504,2149990,0206010036,7.0,607.32
SIA,MG,202504,2222043,0206030037,41.0,5683.83
SIA,MG,202504,7954212,0211020060,391.0,11730.0
SIA,MG,202504,2152045,0206010036,2.0,173.52
SIA,MG,202504,3464334,0206030010,0.0,0.0
SIA,MG,202504,2195437,0211020036,236.0,1215.4
SIA,MG,202504,2165058,0206030010,262.0,36321.06
SIA,MG,202504,2146355,0206010044,56.0,4858.0
SIA,MG,202504,2153025,0206030010,56.0,7763.28
SIA,MG,202504,2206595,0206020031,53.0,7229.73
SIA,MG,202504,2219638,0206030037,110.0,15249.3
SIA,MG,202504,7455038,0211020036,549.0,2827.35
SIA,MG,202504,7856733,0211020036,115.0,592.25
SIA,MG,202504,2118882,0211020036,379.0,1951.85
SIA,MG,202504,2153025,0206010028,1.0,101.1
SIA,MG,202504,2153106,0206030010,61.0,8456.43
SIA,MG,202504,2195585,0206030010,20.0,2772.6
SIA,MG,202504,2195585,0206020031,19.0,2591.79
SIA,MG,202504,0027049,0206010036,8.0,694.08
SIA,MG,202504,2118661,0211020036,164.0,844.6
SIA,MG,202504,2206528,0211020036,236.0,1215.4
SIA,MG,202504,2222043,0211020036,190.0,978.5
SIA,MG,202504,2219654,0206030037,223.0,30914.49
SIA,MG,202504,2210924,0206030010,22.0,3049.86
SIA,MG,202504,2208172,0206030010,68.0,9426.84
SIA,MG,202504,2208172,0206010028,52.0,5257.2
SIA,MG,202504,2208172,0206010010,14.0,1214.64
SIA,MG,202504,2127679,0211020036,149.0,767.35
SIA,MG,202504,2222043,0206030010,64.0,8872.32
SIA,MG,202504,2210924,0206010010,3.0,260.28
SIA,MG,202504,2760703,0211020036,111.0,571.65
SIA,MG,202504,2148692,0211020036,98.0,504.7
SIA,MG,202504,2184834,0206030010,103.0,14278.89
SIA,MG,202504,2218798,0206030010,59.0,8179.17
SIA,MG,202504,2109867,0211020036,43.0,221.45
SIA,MG,202504,2118661,0206010036,5.0,433.8
SIA,MG,202504,2165058,0206020031,284.0,38740.44
SIA,MG,202504,2152045,0206010028,3.0,303.3
SIA,MG,202504,2153114,0206010052,4.0,347.0
SIA,MG,202504,9141839,0206030010,148.0,20517.24
SIA,MG,202504,2153114,0206030010,49.0,6792.87
SIA,MG,202504,2195585,0206020015,1.0,86.75
SIA,MG,202504,2209179,0206010044,108.0,9369.0
SIA,MG,202504,2153106,0206010052,18.0,1561.5
SIA,MG,202504,2153025,0206010052,10.0,867.5
SIA,MG,202504,2219654,0206020015,15.0,1301.25
SIA,MG,202504,7728786,0206010044,7.0,607.25
SIA,MG,202504,2206595,0206030010,55.0,7624.65
SIA,MG,202504,9141839,0206020031,46.0,6274.86
SIA,MG,202504,2149990,0206030010,584.0,80959.92
SIA,MG,202504,7366108,0211020036,0.0,0.0
SIA,MG,202504,2219654,0206030010,212.0,29389.56
SIA,MG,202504,2149990,0211020036,348.0,1792.2
SIA,MG,202504,7954212,0206010079,71.0,6918.24
SIA,MG,202504,2218798,0206020031,82.0,11185.62
SIA,MG,202504,2218941,0211020036,235.0,1210.25
SIA,MG,202504,0027014,0206030010,484.0,67096.92
SIA,MG,202504,0026964,0206030010,163.0,22596.69
SIA,MG,202504,0026808,0206030010,33.0,4574.79
SIA,MG,202504,0026921,0206030010,87.0,12060.81
SIA,MG,202504,0026859,0211020036,75.0,386.25
SIA,MG,202504,9650105,0206020031,316.0,43105.56
SIA,MG,202504,2219638,0211020036,209.0,1076.35
SIA,MG,202504,0026859,0206030010,77.0,10674.51
SIA,MG,202504,2219638,0206030010,110.0,15249.3
SIA,MG,202504,0026840,0206030010,116.0,16081.08
SIA,MG,202504,2200457,0206030029,7.0,607.25
SIA,MG,202504,2200457,0206030010,651.0,90248.13
SIA,MG,202504,2192896,0206010079,814.0,79316.16
SIA,MG,202504,2200422,0208010025,144.0,58826.88
SIA,MG,202504,2192896,0206030010,256.0,35489.28
SIA,MG,202504,2200457,0211020036,373.0,1920.95
SIA,MG,202504,2695324,0211020036,316.0,1627.4
SIA,MG,202504,0027863,0206030010,144.0,19962.72
SIA,MG,202504,2695626,0206010079,102.0,9938.88
SIA,MG,202504,0027049,0206030010,267.0,37014.21
SIA,MG,202504,3918416,0211020036,23.0,118.45
SIA,MG,202504,2118661,0206020031,332.0,45288.12
SIA,MG,202504,2695626,0206030010,94.0,13031.22
SIA,MG,202504,2726726,0206020031,32.0,4365.12
SIA,MG,202504,0027014,0206010079,94.0,9159.36
SIA,MG,202504,2208172,0206010079,256.0,24944.64
SIA,MG,202504,7525427,0211020036,575.0,2961.25
SIA,MG,202504,2219646,0211020036,187.0,963.05
SIA,MG,202504,6766471,0211020060,19.0,570.0
SIA,MG,202504,0027049,0206010079,175.0,17052.0
SIA,MG,202504,5866391,0211020036,41.0,211.15
SIA,MG,202504,6210902,0211020036,689.0,3548.35
SIA,MG,202504,4034236,0206030010,178.0,24676.14
SIA,MG,202504,7866801,0206030010,104.0,14417.52
SIA,MG,202504,6457177,0211020036,128.0,659.2
SIA,MG,202504,9141839,0206010044,27.0,2342.25
SIA,MG,202504,7866801,0211020036,199.0,1024.85
SIA,MG,202504,4034236,0211020036,873.0,4495.95
SIA,MG,202504,7866801,0206010079,99.0,9646.56
SIA,MG,202504,0027014,0211020036,585.0,3012.75
SIA,MG,202504,0027863,0211020036,202.0,1040.3
SIA,MG,202504,3065936,0206010079,128.0,12472.32
SIA,MG,202504,3004791,0206010079,49.0,4774.56
SIA,MG,202504,0026808,0206010079,36.0,3507.84
SIA,MG,202504,2218798,0206010079,27.0,2630.88
SIA,MG,202504,2153106,0206020031,64.0,8730.24
SIA,MG,202504,2200457,0206010079,137.0,13349.28
SIA,MG,202504,0027863,0206010079,391.0,38099.04
SIA,MG,202504,2695324,0206010052,96.0,8328.0
SIA,MG,202504,2200422,0211020036,8.0,41.2
SIA,MG,202504,2208172,0206010036,3.0,260.28
SIA,MG,202504,2205440,0206010036,10.0,867.6
SIA,MG,202504,0026921,0206010044,110.0,9542.5
SIA,MG,202504,6442560,0206020031,18.0,2455.38
SIA,MG,202504,2153114,0206020031,76.0,10367.16
SIA,MG,202504,2219646,0206030029,2.0,173.5
SIA,MG,202504,3065936,0206030010,112.0,15526.56
SIA,MG,202504,2193310,0206010010,11.0,954.36
SIA,MG,202504,2153025,0206020031,45.0,6138.45
SIA,MG,202504,2219654,0211020036,248.0,1277.2
SIA,MG,202504,0957100,0211020036,24.0,123.6
SIA,MG,202504,3464334,0206010079,0.0,0.0
SIA,MG,202504,2111624,0206010079,16.0,1559.04
SIA,MG,202504,2206528,0206010052,1.0,86.75
SIA,MG,202504,3004791,0206030029,31.0,2689.25
SIA,MG,202504,3464334,0206010044,0.0,0.0
SIA,MG,202504,9650105,0211020036,94.0,406.85
SIA,MG,202504,2118661,0206020023,5.0,433.75
SIA,MG,202504,2111624,0206020031,19.0,2591.79
SIA,MG,202504,2195585,0206010044,19.0,1648.25
SIA,MG,202504,2200422,0206030010,20.0,2772.6
SIA,MG,202504,0026808,0206030029,6.0,520.5
SIA,MG,202504,6102174,0206010044,0.0,0.0
SIA,MG,202504,2206595,0206010044,11.0,954.25
SIA,MG,202504,4034236,0206010044,90.0,7807.5
SIA,MG,202504,2200422,0206010079,2.0,194.88
SIA,MG,202504,2195437,0206010044,40.0,3470.0
SIA,MG,202504,2192896,0206030029,19.0,1648.25
SIA,MG,202504,2695324,0208010025,4.0,1634.08
SIA,MG,202504,2181770,0206010079,4.0,389.76
SIA,MG,202504,2153084,0206010079,1.0,97.44
SIA,MG,202504,2218798,0206010052,6.0,520.5
SIA,MG,202504,2153025,0206010079,3.0,292.32
SIA,MG,202504,2205440,0206010010,14.0,1214.64
SIA,MG,202504,2153114,0206020023,1.0,86.75
SIA,MG,202504,7903782,0211020036,53.0,272.95
SIA,MG,202504,6926223,0211020036,172.0,885.8
SIA,MG,202504,0053430,0211020036,5.0,25.75
SIA,MG,202504,2195437,0206010028,20.0,2022.0
SIA,MG,202504,3464334,0211020060,0.0,0.0
SIA,MG,202504,2210924,0206010079,71.0,6918.24
SIA,MG,202504,7581645,0208010033,16.0,6129.12
SIA,MG,202504,7866801,0206030029,10.0,867.5
SIA,MG,202504,0027049,0206030029,1.0,86.75
SIA,MG,202504,2153114,0206010079,13.0,1266.72
SIA,MG,202504,2200457,0208010025,7.0,2859.64
SIA,MG,202504,0265373,0208010025,17.0,6944.84
SIA,MG,202504,2695626,0206030029,8.0,694.0
SIA,MG,202504,3065936,0206030029,13.0,1127.75
SIA,MG,202504,2205440,0206010044,26.0,2255.5
SIA,MG,202504,4034236,0206010052,32.0,2776.0
SIA,MG,202504,2118661,0206030010,244.0,33825.72
SIA,MG,202504,0026964,0206010044,7.0,607.25
SIA,MG,202504,2192896,0211020036,199.0,1024.85
SIA,MG,202504,4034236,0206030029,3.0,260.25
SIA,MG,202504,0265373,0208010033,17.0,6512.19
SIA,MG,202504,3137112,0208010033,8.0,3064.56
SIA,MG,202504,2210924,0206020015,2.0,173.5
SIA,MG,202504,3464334,0206010028,0.0,0.0
SIA,MG,202504,3464334,0206020015,0.0,0.0
SIA,MG,202504,2184834,0206010079,7.0,682.08
SIA,MG,202504,0027863,0206030029,7.0,607.25
SIA,MG,202504,2152045,0206010044,4.0,347.0
SIA,MG,202504,2111624,0206030010,19.0,2633.97
SIA,MG,202504,2165058,0206010044,34.0,2949.5
SIA,MG,202504,3494179,0211020036,457.0,2353.55
SIA,MG,202504,2205440,0206020015,9.0,780.75
SIA,MG,202504,2200422,0206030029,6.0,520.5
SIA,MG,202504,2146355,0208010033,8.0,3064.56
SIA,MG,202504,0022985,0211020036,1.0,5.15
SIA,MG,202504,2153106,0206010079,8.0,779.52
SIA,MG,202504,2695677,0211020036,15.0,77.25
SIA,MG,202504,6601804,0206010044,2.0,173.5
SIA,MG,202504,2184834,0206010028,3.0,303.3
SIA,MG,202504,2181770,0206030010,1.0,138.63
SIA,MG,202504,0199419,0211020036,181.0,932.15
SIA,MG,202504,6378552,0211020036,4.0,20.6
SIA,MG,202504,0026948,0211020036,83.0,427.45
SIA,MG,202504,3464334,0206010010,0.0,0.0
SIA,MG,202504,0026921,0206020015,8.0,694.0
SIA,MG,202504,0027863,0206020023,2.0,173.5
SIA,MG,202504,0026964,0206010036,1.0,86.76
SIA,MG,202504,0026972,0211020036,1.0,5.15
SIA,MG,202504,2208172,0206020015,2.0,173.5
SIA,MG,202504,9889167,0208010033,7.0,2681.49
SIA,MG,202504,0027014,0206010052,85.0,7373.75
SIA,MG,202504,0026964,0206020015,2.0,173.5
SIA,MG,202504,2195437,0206010036,10.0,867.6
SIA,MG,202504,2149990,0211020060,11.0,330.0
SIA,MG,202504,3004791,0206030010,4.0,554.52
SIA,MG,202504,2153084,0206030010,4.0,554.52
SIA,MG,202504,2153882,0206010079,1.0,97.44
SIA,MG,202504,2222043,0206020023,15.0,1301.25
SIA,MG,202504,2200422,0206010044,28.0,2429.0
SIA,MG,202504,2149990,0206010028,31.0,3134.1
SIA,MG,202504,2219646,0206020031,322.0,43924.02
SIA,MG,202504,9650105,0206030037,455.0,63076.65
SIA,MG,202504,2146355,0206030037,368.0,51015.84
SIA,MG,202504,0027049,0206010052,34.0,2949.5
SIA,MG,202504,2146355,0206010052,69.0,5985.75
SIA,MG,202504,2206528,0206030037,136.0,27200.0
SIA,MG,202504,0027014,0206010044,23.0,1995.25
SIA,MG,202504,9650105,0206030010,441.0,61135.83
SIA,MG,202504,7728786,0206030037,31.0,4297.53
SIA,MG,202504,2109867,0206010044,33.0,6600.0
SIA,MG,202504,6102174,0206030037,0.0,0.0
SIA,MG,202504,0026808,0206010044,29.0,2515.75
SIA,MG,202504,2726726,0206030037,38.0,5267.94
SIA,MG,202504,2219638,0206010028,63.0,6369.3
SIA,MG,202504,6601804,0206030037,93.0,12892.59
SIA,MG,202504,3065936,0206010044,155.0,13446.25
SIA,MG,202504,0027863,0206010044,73.0,6332.75
SIA,MG,202504,2152045,0206030037,31.0,4297.53
SIA,MG,202504,0026808,0206010052,10.0,867.5
SIA,MG,202504,6274773,0206010052,4.0,347.0
SIA,MG,202504,5013739,0205010016,27.0,4455.0
SIA,MG,202504,2208172,0206030029,17.0,1474.75
SIA,MG,202504,2109867,0206030037,86.0,17200.0
SIA,MG,202504,6102174,0205010016,0.0,0.0
SIA,MG,202504,2200457,0206010044,54.0,4684.5
SIA,MG,202504,2200457,0206010052,125.0,10843.75
SIA,MG,202504,2195437,0206020031,159.0,21689.19
SIA,MG,202504,2726726,0206030010,33.0,4574.79
SIA,MG,202504,6102174,0206010052,0.0,0.0
SIA,MG,202504,2219654,0206010028,20.0,2022.0
SIA,MG,202504,2111624,0206030029,2.0,173.5
SIA,MG,202504,7581645,0208010025,15.0,6127.8
SIA,MG,202504,2210924,0206030029,12.0,1041.0
SIA,MG,202504,2127601,0206030037,0.0,0.0
SIA,MG,202504,5338905,0206030037,35.0,4852.05
SIA,MG,202504,2152045,0206010052,2.0,173.5
SIA,MG,202504,2192896,0206010044,87.0,7547.25
SIA,MG,202504,3464334,0205010016,0.0,0.0
SIA,MG,202504,2210924,0206010028,2.0,202.2
SIA,MG,202504,2127601,0206010044,0.0,0.0
SIA,MG,202504,0026840,0206010036,3.0,260.28
SIA,MG,202504,4034236,0206010060,9.0,876.96
SIA,MG,202504,0027049,0206010044,14.0,1214.5
SIA,MG,202504,2153106,0206030029,3.0,260.25
SIA,MG,202504,7866801,0206010044,15.0,1301.25
SIA,MG,202504,2191512,0211020036,1152.0,4336.3
SIA,MG,202504,2152037,0206010044,2.0,173.5
SIA,MG,202504,2219654,0206010036,5.0,433.8
SIA,MG,202504,9141839,0206010010,24.0,2082.24
SIA,MG,202504,2206595,0206010010,16.0,1388.16
SIA,MG,202504,6274773,0206030037,19.0,2633.97
SIA,MG,202504,0026921,0206010052,11.0,954.25
SIA,MG,202504,2192896,0206010052,5.0,433.75
SIA,MG,202504,0027863,0206010052,9.0,780.75
SIA,MG,202504,2206595,0206010036,12.0,1041.12
SIA,MG,202504,2193310,0206020015,2.0,173.5
SIA,MG,202504,2152037,0206030037,19.0,2633.97
SIA,MG,202504,2165058,0206010036,10.0,867.6
SIA,MG,202504,2165058,0206010010,9.0,780.84
SIA,MG,202504,0026859,0206010044,4.0,347.0
SIA,MG,202504,2146355,0208010025,8.0,3268.16
SIA,MG,202504,6442560,0206030037,21.0,2911.23
SIA,MG,202504,2219646,0206010087,1.0,138.63
SIA,MG,202504,3464334,0206010036,0.0,0.0
SIA,MG,202504,2181770,0206010052,1.0,86.75
SIA,MG,202504,2695634,0211020036,8.0,41.2
SIA,MG,202504,2695626,0206010052,14.0,1214.5
SIA,MG,202504,2111624,0206010052,1.0,86.75
SIA,MG,202504,5338905,0206010028,2.0,202.2
SIA,MG,202504,5338905,0206010044,1.0,86.75
SIA,MG,202504,2118661,0211020060,12.0,360.0
SIA,MG,202504,3137112,0208010025,8.0,3268.16
SIA,MG,202504,2152037,0206010028,1.0,101.1
SIA,MG,202504,2193310,0206010036,1.0,86.76
SIA,MG,202504,2219638,0206020015,3.0,260.25
SIA,MG,202504,5338905,0206010052,6.0,520.5
SIA,MG,202504,2153025,0206010010,1.0,86.76
SIA,MG,202504,7728786,0206010052,2.0,173.5
SIA,MG,202504,2218798,0206020015,1.0,86.75
SIA,MG,202504,2219638,0206010036,3.0,260.28
SIA,MG,202504,6442560,0206030010,3.0,415.89
SIA,MG,202504,7866801,0206010052,8.0,694.0
SIA,MG,202504,2219646,0206020015,1.0,86.75
SIA,MG,202504,2153084,0211020060,23.0,690.0
SIA,MG,202504,2153882,0211020060,34.0,1020.0
SIA,MG,202504,2164795,0211020036,12.0,61.8
SIA,MG,202504,6274773,0206010028,2.0,202.2
SIA,MG,202504,3004791,0206010036,3.0,260.28
SIA,MG,202504,7728786,0206010028,1.0,101.1
SIA,MG,202504,2111624,0206010028,2.0,202.2
SIA,MG,202504,2153114,0211020060,14.0,420.0
SIA,MG,202504,2153106,0206010028,3.0,303.3
SIA,MG,202504,2111624,0206010010,0.0,0.0
SIA,MG,202504,2205440,0206010060,1.0,97.44
SIA,MG,202504,0026859,0206010036,1.0,86.76
SIA,MG,202504,0027049,0206020015,1.0,86.75
SIA,MG,202504,0026921,0211020036,756.0,3893.4
SIA,MG,202504,9068279,0211020036,946.0,4871.9
SIA,MG,202504,9650105,0206020023,9.0,780.75
SIA,MG,202504,2695111,0211020036,367.0,1890.05
SIA,MG,202504,2205440,0206020023,13.0,1127.75
SIA,MG,202504,0026859,0211020060,5.0,150.0
SIA,MG,202504,0026964,0211020036,223.0,1148.45
SIA,MG,202504,3464334,0208010033,0.0,0.0
SIA,MG,202504,2195585,0206010028,6.0,606.6
SIA,MG,202504,0023582,0211020036,358.0,1843.7
SIA,MG,202504,2181770,0211020036,4.0,20.6
SIA,MG,202504,2726726,0206020023,2.0,173.5
SIA,MG,202504,2118661,0205010016,2.0,330.0
SIA,MG,202504,0027618,0211020036,496.0,2554.4
SIA,MG,202504,2109867,0206020023,1.0,86.75
SIA,MG,202504,0023310,0211020036,405.0,2085.75
SIA,MG,202504,2222043,0206010052,1.0,86.75
SIA,MG,202504,0023051,0211020036,583.0,3002.45
SIA,MG,202504,0026840,0206020015,1.0,86.75
SIA,MG,202504,0022683,0211020036,667.0,3435.05
SIA,MG,202504,2111624,0206010036,1.0,86.76
SIA,MG,202504,2118661,0206010010,1.0,86.76
SIA,MG,202504,2153025,0206010036,1.0,86.76
SIA,MG,202504,0023272,0211020036,631.0,3249.65
SIA,MG,202504,6356354,0211020036,1.0,5.15
SIA,MG,202504,2726726,0211020036,58.0,298.7
SIA,MG,202504,2191512,0902010018,310.0,40300.0
SIA,MG,202504,2153114,0211020010,16.0,11680.64
SIA,MG,202504,0027022,0211020036,114.0,587.1
SIA,MG,202504,2153882,0211020010,20.0,14600.8
SIA,MG,202504,0027014,0211020010,49.0,35771.96
SIA,MG,202504,9650105,0211020010,38.0,27741.52
SIA,MG,202504,9650105,0902010026,14.0,2800.0
SIA,MG,202504,2146355,0211020010,43.0,31391.72
SIA,MG,202504,2149990,0211020010,24.0,17520.96
SIA,MG,202504,9650105,0902010050,1.0,840.0
SIA,MG,202504,2206595,0211020010,50.0,36502.0
SIA,MG,202504,2152037,0206010052,1.0,86.75
SIA,MG,202504,2219646,0211020010,20.0,14600.8
SIA,MG,202504,2184834,0206030029,1.0,86.75
SIA,MG,202504,0026859,0206010052,4.0,347.0
SIA,MG,202504,2153084,0211020010,16.0,11680.64
SIA,MG,202504,9650105,0208010025,1.0,0.0
SIA,MG,202504,3004791,0206010052,2.0,173.5
SIA,MG,202504,9889167,0208010025,7.0,2859.64
SIA,MG,202504,2165074,0211020036,3.0,15.45
SIA,MG,202504,2219638,0211020010,32.0,23361.28
SIA,MG,202504,6601804,0206010052,7.0,607.25
SIA,MG,202504,9650105,0208010033,1.0,0.0
SIA,MG,202504,9650105,0902010034,1.0,270.0
SIA,MG,202504,3462994,0206010095,6.0,12643.32
SIA,MG,202504,2146355,0205010016,3.0,495.0
SIA,MG,202504,3004791,0211020036,334.0,1720.1
SIA,MG,202504,2200422,0206010052,1.0,86.75
SIA,MG,202504,2205440,0211020060,1.0,30.0
SIA,MG,202504,2144174,0211020036,93.0,478.95
SIA,MG,202504,2127989,0206030029,35.0,3036.25
SIA,MG,202504,2126494,0206030010,192.0,26616.96
SIA,MG,202504,7933401,0211020036,117.0,602.55
SIA,MG,202504,2204649,0206010028,12.0,1213.2
SIA,MG,202504,3410587,0211020036,204.0,1050.6
SIA,MG,202504,2200473,0206010036,16.0,1388.16
SIA,MG,202504,2105780,0206030037,182.0,25230.66
SIA,MG,202504,2099152,0206020031,29.0,7515.93
SIA,MG,202504,7795203,0206030037,0.0,0.0
SIA,MG,202504,9046658,0211020036,338.0,1740.7
SIA,MG,202504,6959415,0208010025,0.0,0.0
SIA,MG,202504,2144298,0206020023,5.0,433.75
SIA,MG,202504,2111659,0206010079,42.0,4092.48
SIA,MG,202504,5649862,0211020060,13.0,390.0
SIA,MG,202504,2796392,0206010079,47.0,4579.68
SIA,MG,202504,5649862,0211020036,249.0,1282.35
SIA,MG,202504,2794667,0211020036,34.0,175.1
SIA,MG,202504,4144597,0211020060,110.0,3300.0
SIA,MG,202504,6776434,0206030037,0.0,0.0
SIA,MG,202504,2208822,0211020036,161.0,829.15
SIA,MG,202504,2215586,0206020031,99.0,13504.59
SIA,MG,202504,6618774,0206020031,35.0,4774.35
SIA,MG,202504,6618774,0206010079,128.0,12472.32
SIA,MG,202504,2126494,0206030037,247.0,34241.61
SIA,MG,202504,9388354,0206020031,22.0,3001.02
SIA,MG,202504,2205939,0206010036,12.0,1041.12
SIA,MG,202504,2201542,0206030037,43.0,5961.09
SIA,MG,202504,6790151,0206020031,50.0,6820.5
SIA,MG,202504,7962088,0206030010,146.0,20239.98
SIA,MG,202504,9368221,0206010079,0.0,0.0
SIA,MG,202504,6920977,0206020031,257.0,35057.37
SIA,MG,202504,0196347,0206010028,1.0,281.3
SIA,MG,202504,6705375,0211020060,18.0,540.0
SIA,MG,202504,2209195,0206010079,112.0,10913.28
SIA,MG,202504,2171988,0206010044,62.0,5378.5
SIA,MG,202504,7258992,0211020036,180.0,927.0
SIA,MG,202504,5338409,0211020060,0.0,0.0
SIA,MG,202504,6959415,0211020060,0.0,0.0
SIA,MG,202504,2100681,0206020023,4.0,347.0
SIA,MG,202504,4042085,0206010079,57.0,5554.08
SIA,MG,202504,9673717,0206020031,0.0,0.0
SIA,MG,202504,7962088,0206030037,131.0,18160.53
SIA,MG,202504,2205939,0206010028,60.0,6066.0
SIA,MG,202504,0981400,0206020031,17.0,2318.97
SIA,MG,202504,2195453,0206010079,66.0,6431.04
SIA,MG,202504,2128047,0206010028,15.0,1516.5
SIA,MG,202504,2796619,0206010044,8.0,694.0
SIA,MG,202504,2172887,0211020060,18.0,540.0
SIA,MG,202504,2148293,0206010044,24.0,2082.0
SIA,MG,202504,2100754,0206010044,14.0,1214.5
SIA,MG,202504,9681752,0206030037,4.0,554.52
SIA,MG,202504,2775115,0211020036,184.0,947.6
SIA,MG,202504,2200473,0206010028,28.0,2830.8
SIA,MG,202504,6618774,0206010028,12.0,1213.2
SIA,MG,202504,2204762,0206030010,86.0,11922.18
SIA,MG,202504,2209195,0206030037,86.0,11922.18
SIA,MG,202504,2171988,0206010010,28.0,2429.28
SIA,MG,202504,2127989,0206010044,52.0,4511.0
SIA,MG,202504,2126974,0211020060,0.0,0.0
SIA,MG,202504,7609868,0206030037,23.0,3188.49
SIA,MG,202504,0979538,0206010079,106.0,10328.64
SIA,MG,202504,2148293,0206030010,91.0,12615.33
SIA,MG,202504,2218690,0206020031,66.0,9003.06
SIA,MG,202504,2143801,0206030037,42.0,5822.46
SIA,MG,202504,2119528,0206010079,98.0,9549.12
SIA,MG,202504,6963188,0211020036,192.0,988.8
SIA,MG,202504,2112140,0206010079,97.0,9451.68
SIA,MG,202504,2208857,0206030037,18.0,2495.34
SIA,MG,202504,2796562,0206010010,2.0,173.52
SIA,MG,202504,2764814,0206030037,39.0,5406.57
SIA,MG,202504,2144530,0206030037,16.0,2218.08
SIA,MG,202504,5796601,0206010010,11.0,954.36
SIA,MG,202504,2143992,0206010036,3.0,260.28
SIA,MG,202504,2205939,0206020031,30.0,4092.3
SIA,MG,202504,2171678,0206010044,13.0,1127.75
SIA,MG,202504,2098369,0206030037,26.0,3604.38
SIA,MG,202504,2201879,0206010044,5.0,1075.0
SIA,MG,202504,2172682,0211020036,33.0,169.95
SIA,MG,202504,7624123,0211020036,94.0,484.1
SIA,MG,202504,9388354,0206010079,50.0,4872.0
SIA,MG,202504,6892256,0206030010,41.0,5683.83
SIA,MG,202504,2135132,0206010036,1.0,86.76
SIA,MG,202504,2159252,0208010025,21.0,8578.92
SIA,MG,202504,2205939,0206030029,16.0,1388.0
SIA,MG,202504,6892256,0206020031,32.0,4365.12
SIA,MG,202504,2146525,0206010010,15.0,1301.4
SIA,MG,202504,6487556,0206010079,0.0,0.0
SIA,MG,202504,2201542,0206020031,17.0,2318.97
SIA,MG,202504,2201542,0206030010,41.0,5683.83
SIA,MG,202504,2120194,0206030037,0.0,0.0
SIA,MG,202504,6006361,0206020031,0.0,0.0
SIA,MG,202504,6629725,0206010044,5.0,1075.0
SIA,MG,202504,2100754,0206010028,2.0,202.2
SIA,MG,202504,7082886,0206010028,10.0,2813.0
SIA,MG,202504,2761092,0206010052,60.0,5205.0
SIA,MG,202504,7595247,0211020036,0.0,0.0
SIA,MG,202504,2159368,0208010025,14.0,5719.28
SIA,MG,202504,2118246,0206010028,9.0,909.9
SIA,MG,202504,2764814,0206020023,3.0,260.25
SIA,MG,202504,2764814,0206020015,6.0,520.5
SIA,MG,202504,0979538,0206020023,6.0,520.5
SIA,MG,202504,2167638,0211020036,25.0,128.75
SIA,MG,202504,2796449,0206010079,37.0,6817.99
SIA,MG,202504,2796562,0206010044,3.0,260.25
SIA,MG,202504,2117134,0206020031,21.0,2864.61
SIA,MG,202504,2163829,0206010079,33.0,3215.52
SIA,MG,202504,2099438,0206010044,1.0,86.75
SIA,MG,202504,2120542,0206020023,5.0,433.75
SIA,MG,202504,3960668,0206020015,8.0,694.0
SIA,MG,202504,2760681,0206010079,18.0,1753.92
SIA,MG,202504,2760681,0206010028,2.0,202.2
SIA,MG,202504,2101777,0206020015,9.0,780.75
SIA,MG,202504,2171945,0206010044,10.0,867.5
SIA,MG,202504,7691807,0206020031,6.0,818.46
SIA,MG,202504,2204649,0206030037,19.0,2633.97
SIA,MG,202504,2098407,0206030010,25.0,3465.75
SIA,MG,202504,2205734,0206020031,6.0,818.46
SIA,MG,202504,0828114,0206030037,25.0,3465.75
SIA,MG,202504,7595247,0205010016,0.0,0.0
SIA,MG,202504,3960668,0206010036,6.0,520.56
SIA,MG,202504,7795203,0206010079,0.0,0.0
SIA,MG,202504,2125943,0211020060,90.0,2700.0
SIA,MG,202504,3960668,0211020036,8.0,41.2
SIA,MG,202504,2764776,0206020031,11.0,1500.51
SIA,MG,202504,2099497,0206030010,0.0,0.0
SIA,MG,202504,2206382,0206030010,137.0,18992.31
SIA,MG,202504,2111640,0206030010,209.0,28973.67
SIA,MG,202504,2760843,0206010036,1.0,86.76
SIA,MG,202504,2127989,0206020031,500.0,68205.0
SIA,MG,202504,2114763,0206020031,6.0,818.46
SIA,MG,202504,7038216,0206030029,6.0,520.5
SIA,MG,202504,9344330,0206010079,135.0,13154.4
SIA,MG,202504,9344330,0206020031,84.0,11458.44
SIA,MG,202504,2206382,0206010028,23.0,2325.3
SIA,MG,202504,2206382,0211020036,331.0,1704.65
SIA,MG,202504,2127989,0206010010,94.0,8155.44
SIA,MG,202504,5338409,0206020031,0.0,0.0
SIA,MG,202504,3698548,0206010010,39.0,3383.64
SIA,MG,202504,3698548,0206010079,269.0,26211.36
SIA,MG,202504,3145425,0206020031,24.0,3273.84
SIA,MG,202504,2142406,0211020036,117.0,602.55
SIA,MG,202504,6311709,0206030010,0.0,0.0
SIA,MG,202504,2756749,0206030010,183.0,25369.29
SIA,MG,202504,2098938,0206010079,30.0,2923.2
SIA,MG,202504,2098938,0206010044,13.0,1127.75
SIA,MG,202504,2764814,0206010036,5.0,433.8
SIA,MG,202504,2205998,0211020036,68.0,350.2
SIA,MG,202504,2205939,0206030037,38.0,5267.94
SIA,MG,202504,7934947,0205010016,48.0,7920.0
SIA,MG,202504,2120542,0206020031,30.0,4092.3
SIA,MG,202504,6920977,0206010028,78.0,7885.8
SIA,MG,202504,3698548,0206010044,39.0,3383.25
SIA,MG,202504,2111640,0211020036,133.0,684.95
SIA,MG,202504,6959415,0206030037,0.0,0.0
SIA,MG,202504,2796392,0206030037,21.0,2911.23
SIA,MG,202504,2138875,0206010079,46.0,4482.24
SIA,MG,202504,2146126,0211020036,628.0,3234.2
SIA,MG,202504,2098326,0206010079,1.0,97.44
SIA,MG,202504,2147106,0211020036,22.0,113.3
SIA,MG,202504,2204762,0206010044,2.0,173.5
SIA,MG,202504,2204622,0206030029,3.0,260.25
SIA,MG,202504,2101777,0206010044,21.0,1821.75
SIA,MG,202504,2195453,0206030029,4.0,347.0
SIA,MG,202504,6920977,0206030029,15.0,1301.25
SIA,MG,202504,2144298,0206030037,8.0,1109.04
SIA,MG,202504,2215586,0211020060,214.0,6420.0
SIA,MG,202504,6631487,0206010079,66.0,13200.0
SIA,MG,202504,2145588,0206030037,34.0,4713.42
SIA,MG,202504,7934947,0206030037,19.0,2633.97
SIA,MG,202504,6920977,0206030037,301.0,41727.63
SIA,MG,202504,9681752,0211020036,132.0,679.8
SIA,MG,202504,2139103,0211020036,37.0,190.55
SIA,MG,202504,2139626,0211020036,48.0,247.2
SIA,MG,202504,7258992,0211020060,80.0,2400.0
SIA,MG,202504,9368221,0211020060,0.0,0.0
SIA,MG,202504,2168553,0206010079,36.0,3507.84
SIA,MG,202504,2159279,0211020036,310.0,1596.5
SIA,MG,202504,2168553,0211020036,45.0,231.75
SIA,MG,202504,2213400,0211020036,90.0,463.5
SIA,MG,202504,0046701,0211020036,152.0,782.8
SIA,MG,202504,2759403,0211020036,481.0,2477.15
SIA,MG,202504,9325107,0211020036,225.0,1158.75
SIA,MG,202504,2139200,0206010060,1.0,115.58
SIA,MG,202504,6006361,0206030010,0.0,0.0
SIA,MG,202504,2764814,0206030010,90.0,12476.7
SIA,MG,202504,2135132,0206010079,99.0,9646.56
SIA,MG,202504,6618774,0206030010,96.0,13308.48
SIA,MG,202504,7082886,0206030037,122.0,34318.6
SIA,MG,202504,7082886,0206020031,29.0,8157.7
SIA,MG,202504,2167360,0211020036,70.0,360.5
SIA,MG,202504,2183455,0211020036,69.0,355.35
SIA,MG,202504,2206382,0206020015,3.0,260.25
SIA,MG,202504,2098938,0206010052,17.0,1474.75
SIA,MG,202504,3698548,0206010052,5.0,433.75
SIA,MG,202504,3698548,0206030029,6.0,520.5
SIA,MG,202504,2098369,0206020031,18.0,2455.38
SIA,MG,202504,3960668,0206010028,25.0,2527.5
SIA,MG,202504,2140098,0206010079,6.0,584.64
SIA,MG,202504,2146525,0211020036,38.0,195.7
SIA,MG,202504,2099454,0206030037,54.0,7486.02
SIA,MG,202504,2206064,0206030010,19.0,2633.97
SIA,MG,202504,2168553,0206020031,15.0,2046.15
SIA,MG,202504,2117568,0206020031,2.0,272.82
SIA,MG,202504,2218690,0206010079,47.0,4579.68
SIA,MG,202504,2206064,0206030029,6.0,520.5
SIA,MG,202504,2206382,0208010025,24.0,9804.48
SIA,MG,202504,7038216,0206010079,130.0,12667.2
SIA,MG,202504,0981400,0206010079,59.0,5748.96
SIA,MG,202504,2098911,0206010010,9.0,780.84
SIA,MG,202504,2776286,0206010028,6.0,606.6
SIA,MG,202504,6776434,0206010028,0.0,0.0
SIA,MG,202504,2128047,0206010044,11.0,954.25
SIA,MG,202504,2099438,0206030037,17.0,2356.71
SIA,MG,202504,2099454,0206010044,19.0,1648.25
SIA,MG,202504,2775999,0206010044,17.0,1474.75
SIA,MG,202504,2218690,0211020060,48.0,1440.0
SIA,MG,202504,2098539,0206010052,5.0,433.75
SIA,MG,202504,2204622,0206030010,44.0,6099.72
SIA,MG,202504,5731801,0211020036,49.0,252.35
SIA,MG,202504,2162938,0211020036,37.0,190.55
SIA,MG,202504,9228713,0206020023,5.0,433.75
SIA,MG,202504,2100681,0206030029,1.0,86.75
SIA,MG,202504,2761106,0206030037,4.0,554.52
SIA,MG,202504,3376478,0206010079,61.0,5943.84
SIA,MG,202504,3498441,0206010010,5.0,433.8
SIA,MG,202504,2128047,0206030037,2.0,277.26
SIA,MG,202504,7387377,0206030037,8.0,2250.4
SIA,MG,202504,3871797,0206010079,0.0,0.0
SIA,MG,202504,2118041,0211020036,12.0,61.8
SIA,MG,202504,2796392,0206030010,18.0,2495.34
SIA,MG,202504,2796392,0206020031,11.0,1500.51
SIA,MG,202504,7114982,0206010079,0.0,0.0
SIA,MG,202504,6959415,0208010033,0.0,0.0
SIA,MG,202504,2102765,0206010028,26.0,2628.6
SIA,MG,202504,3871797,0206020031,0.0,0.0
SIA,MG,202504,6093361,0206010044,2.0,173.5
SIA,MG,202504,2206447,0206030037,2.0,277.26
SIA,MG,202504,7101406,0206020015,2.0,173.5
SIA,MG,202504,2200473,0206020015,7.0,607.25
SIA,MG,202504,2168650,0206010079,29.0,2825.76
SIA,MG,202504,2179628,0211020060,15.0,450.0
SIA,MG,202504,6631487,0206030037,10.0,2000.0
SIA,MG,202504,2139960,0211020036,19.0,97.85
SIA,MG,202504,3871797,0206030010,0.0,0.0
SIA,MG,202504,2194937,0206010079,8.0,779.52
SIA,MG,202504,2192128,0206010044,9.0,780.75
SIA,MG,202504,2206269,0211020036,4.0,20.6
SIA,MG,202504,2709848,0206020023,6.0,520.5
SIA,MG,202504,2756749,0206010036,7.0,607.32
SIA,MG,202504,2099497,0206020015,0.0,0.0
SIA,MG,202504,2098407,0206010044,5.0,433.75
SIA,MG,202504,2098911,0206020015,7.0,607.25
SIA,MG,202504,7387377,0206020031,17.0,4782.1
SIA,MG,202504,2124300,0206010044,26.0,2255.5
SIA,MG,202504,4042085,0206030029,3.0,260.25
SIA,MG,202504,3871797,0206010044,0.0,0.0
SIA,MG,202504,3376478,0206020031,27.0,3683.07
SIA,MG,202504,2138875,0206010052,3.0,260.25
SIA,MG,202504,2215586,0206010079,6.0,584.64
SIA,MG,202504,2148293,0206010028,15.0,1516.5
SIA,MG,202504,6790151,0206010044,23.0,1995.25
SIA,MG,202504,6790151,0206030010,75.0,10397.25
SIA,MG,202504,2204622,0206020023,11.0,954.25
SIA,MG,202504,6618774,0206020023,9.0,780.75
SIA,MG,202504,9388354,0206020023,2.0,173.5
SIA,MG,202504,0981400,0211020060,24.0,720.0
SIA,MG,202504,2124300,0206020031,62.0,8457.42
SIA,MG,202504,2173565,0206010052,2.0,173.5
SIA,MG,202504,0196347,0206030037,8.0,2250.4
SIA,MG,202504,2157942,0211020036,110.0,566.5
SIA,MG,202504,2120070,0211020036,50.0,257.5
SIA,MG,202504,3050378,0206020031,5.0,682.05
SIA,MG,202504,2129469,0206010028,9.0,909.9
SIA,MG,202504,2180839,0211020036,136.0,700.4
SIA,MG,202504,2209195,0206010036,6.0,520.56
SIA,MG,202504,6340059,0206020023,1.0,86.75
SIA,MG,202504,6631487,0206020015,10.0,2000.0
SIA,MG,202504,2135132,0206030010,12.0,1663.56
SIA,MG,202504,2709848,0206010028,13.0,1314.3
SIA,MG,202504,2208857,0208010025,9.0,3676.68
SIA,MG,202504,9944338,0211020036,64.0,329.6
SIA,MG,202504,9529209,0206020031,1.0,136.41
SIA,MG,202504,2776286,0206030037,7.0,970.41
SIA,MG,202504,2163829,0206020023,1.0,86.75
SIA,MG,202504,9419977,0206010028,4.0,404.4
SIA,MG,202504,6776434,0208010025,0.0,0.0
SIA,MG,202504,6487556,0205010016,0.0,0.0
SIA,MG,202504,2195321,0211020036,32.0,164.8
SIA,MG,202504,2111640,0206020023,2.0,173.5
SIA,MG,202504,2761203,0206010079,13.0,1266.72
SIA,MG,202504,6006361,0211020060,0.0,0.0
SIA,MG,202504,2129469,0206020015,3.0,260.25
SIA,MG,202504,2142376,0206030010,8.0,1109.04
SIA,MG,202504,2135132,0206010044,5.0,433.75
SIA,MG,202504,2204622,0206010036,4.0,347.04
SIA,MG,202504,0196347,0206020031,6.0,1687.8
SIA,MG,202504,2098407,0206030037,26.0,3604.38
SIA,MG,202504,6631487,0211020036,5.0,25.75
SIA,MG,202504,2144298,0206010010,12.0,1041.12
SIA,MG,202504,3649156,0211020036,50.0,257.5
SIA,MG,202504,2099209,0211020036,45.0,231.75
SIA,MG,202504,2112140,0206020031,41.0,5592.81
SIA,MG,202504,6487556,0206030029,0.0,0.0
SIA,MG,202504,2206420,0206030037,6.0,831.78
SIA,MG,202504,2761149,0211020036,11.0,56.65
SIA,MG,202504,2140179,0211020036,106.0,545.9
SIA,MG,202504,2136937,0206030010,13.0,1802.19
SIA,MG,202504,2764776,0206030010,15.0,2079.45
SIA,MG,202504,2117134,0206010044,6.0,520.5
SIA,MG,202504,9419977,0206020015,1.0,86.75
SIA,MG,202504,2135132,0206020031,5.0,682.05
SIA,MG,202504,2111640,0206010028,7.0,707.7
SIA,MG,202504,2213605,0211020036,54.0,278.1
SIA,MG,202504,2102021,0211020036,46.0,236.9
SIA,MG,202504,2209195,0206010010,5.0,433.8
SIA,MG,202504,2144530,0206030010,1.0,138.63
SIA,MG,202504,2126982,0211020036,90.0,463.5
SIA,MG,202504,2098938,0206030029,5.0,433.75
SIA,MG,202504,2142376,0206010010,2.0,173.52
SIA,MG,202504,8000956,0211020036,531.0,2734.65
SIA,MG,202504,2142376,0206010079,8.0,779.52
SIA,MG,202504,2168650,0206030010,2.0,277.26
SIA,MG,202504,2140217,0211020036,7.0,36.05
SIA,MG,202504,0979538,0206010010,6.0,520.56
SIA,MG,202504,2098326,0211020036,12.0,61.8
SIA,MG,202504,2149214,0211020036,125.0,643.75
SIA,MG,202504,7082886,0206020015,1.0,281.3
SIA,MG,202504,2138875,0206010010,5.0,433.8
SIA,MG,202504,2138875,0206030029,2.0,173.5
SIA,MG,202504,2760916,0211020036,199.0,1024.85
SIA,MG,202504,2167727,0211020036,131.0,674.65
SIA,MG,202504,7038216,0206020031,21.0,2864.61
SIA,MG,202504,2149311,0211020036,81.0,417.15
SIA,MG,202504,2169479,0211020036,80.0,412.0
SIA,MG,202504,2100754,0206020015,2.0,173.5
SIA,MG,202504,2206064,0206010036,7.0,607.32
SIA,MG,202504,2208822,0206010044,4.0,347.0
SIA,MG,202504,9382453,0211020036,36.0,185.4
SIA,MG,202504,2098539,0211020036,273.0,1405.95
SIA,MG,202504,2102404,0211020036,83.0,427.45
SIA,MG,202504,6408354,0211020036,162.0,834.3
SIA,MG,202504,2206064,0211020036,27.0,139.05
SIA,MG,202504,2209195,0206010052,5.0,433.75
SIA,MG,202504,2762633,0211020036,64.0,329.6
SIA,MG,202504,2168626,0211020036,58.0,298.7
SIA,MG,202504,2101289,0211020036,89.0,458.35
SIA,MG,202504,2764776,0206010028,2.0,202.2
SIA,MG,202504,2761092,0206030037,390.0,54065.7
SIA,MG,202504,3050378,0206010010,2.0,173.52
SIA,MG,202504,5914469,0211020036,156.0,803.4
SIA,MG,202504,6432654,0206010036,1.0,86.76
SIA,MG,202504,7609868,0208010033,1.0,383.07
SIA,MG,202504,0196347,0211020036,155.0,798.25
SIA,MG,202504,7387377,0206010079,19.0,5344.7
SIA,MG,202504,6631487,0206010028,2.0,400.0
SIA,MG,202504,2195453,0206030037,528.0,73196.64
SIA,MG,202504,2756749,0206010044,27.0,2342.25
SIA,MG,202504,2756749,0206010079,213.0,20754.72
SIA,MG,202504,2129469,0206010079,40.0,3897.6
SIA,MG,202504,2775999,0206030010,282.0,39093.66
SIA,MG,202504,2114763,0206030010,27.0,3743.01
SIA,MG,202504,6629725,0206030037,37.0,9620.0
SIA,MG,202504,2098407,0211020036,341.0,1756.15
SIA,MG,202504,2855682,0211020036,139.0,715.85
SIA,MG,202504,2183455,0206030010,6.0,831.78
SIA,MG,202504,2100754,0206030037,2.0,277.26
SIA,MG,202504,2098911,0206030037,75.0,10397.25
SIA,MG,202504,2126494,0206020031,137.0,18688.17
SIA,MG,202504,2841622,0206030010,8.0,1109.04
SIA,MG,202504,2709848,0211020036,348.0,1792.2
SIA,MG,202504,6631487,0205010016,183.0,137250.0
SIA,MG,202504,6920977,0206030010,325.0,45054.75
SIA,MG,202504,2101777,0206010079,143.0,13933.92
SIA,MG,202504,2101777,0206030010,109.0,15110.67
SIA,MG,202504,2122650,0211020036,234.0,1205.1
SIA,MG,202504,2762676,0211020036,5.0,25.75
SIA,MG,202504,2205939,0206030010,36.0,4990.68
SIA,MG,202504,2181029,0211020036,389.0,2003.35
SIA,MG,202504,2206064,0206020015,6.0,520.5
SIA,MG,202504,3498441,0206010028,14.0,1415.4
SIA,MG,202504,2146525,0206030037,48.0,6654.24
SIA,MG,202504,2100754,0206010036,3.0,260.28
SIA,MG,202504,7962088,0206020031,154.0,21007.14
SIA,MG,202504,2761092,0206020031,453.0,61793.73
SIA,MG,202504,2117401,0211020036,33.0,169.95
SIA,MG,202504,2796449,0211020036,242.0,1246.3
SIA,MG,202504,2198061,0211020036,261.0,1344.15
SIA,MG,202504,2122650,0206030010,27.0,3743.01
SIA,MG,202504,6272150,0211020036,174.0,896.1
SIA,MG,202504,4042085,0206030037,25.0,3465.75
SIA,MG,202504,2119439,0211020036,65.0,334.75
SIA,MG,202504,2206064,0206020031,19.0,2591.79
SIA,MG,202504,2127989,0208010025,42.0,17157.84
SIA,MG,202504,2105780,0206020023,7.0,607.25
SIA,MG,202504,2161362,0211020036,50.0,257.5
SIA,MG,202504,2775999,0206030037,303.0,42004.89
SIA,MG,202504,6959415,0206020031,0.0,0.0
SIA,MG,202504,2129566,0206010079,42.0,4092.48
SIA,MG,202504,9079882,0211020036,247.0,1272.05
SIA,MG,202504,7858094,0206020031,13.0,1773.33
SIA,MG,202504,7038216,0206030037,58.0,8040.54
SIA,MG,202504,0981400,0206030037,25.0,3465.75
SIA,MG,202504,2100681,0206030037,14.0,1940.82
SIA,MG,202504,2200473,0206030037,49.0,6792.87
SIA,MG,202504,2159252,0206020031,238.0,32465.58
SIA,MG,202504,2200473,0206010079,185.0,18026.4
SIA,MG,202504,2841622,0206020031,19.0,2591.79
SIA,MG,202504,2144298,0206020015,1.0,86.75
SIA,MG,202504,2172887,0206010028,22.0,2224.2
SIA,MG,202504,6705375,0206010028,22.0,2224.2
SIA,MG,202504,2191164,0206020015,1.0,86.75
SIA,MG,202504,7795203,0206010028,0.0,0.0
SIA,MG,202504,2108828,0211020036,92.0,473.8
SIA,MG,202504,2206447,0206030010,2.0,277.26
SIA,MG,202504,2159252,0206030010,162.0,22458.06
SIA,MG,202504,2159252,0206030037,179.0,24814.77
SIA,MG,202504,2218690,0206010044,20.0,1735.0
SIA,MG,202504,2127989,0211020060,5.0,150.0
SIA,MG,202504,2205971,0211020036,162.0,834.3
SIA,MG,202504,2183803,0206010079,4.0,389.76
SIA,MG,202504,2761092,0206010044,22.0,1908.5
SIA,MG,202504,7962088,0206020023,2.0,173.5
SIA,MG,202504,2119471,0211020036,162.0,834.3
SIA,MG,202504,6006361,0206030037,0.0,0.0
SIA,MG,202504,2124300,0206030010,122.0,16912.86
SIA,MG,202504,7624123,0211020060,24.0,720.0
SIA,MG,202504,2218690,0206010028,26.0,2628.6
SIA,MG,202504,2192128,0206010079,20.0,1948.8
SIA,MG,202504,2128047,0206010036,7.0,607.32
SIA,MG,202504,2114763,0206030037,27.0,3743.01
SIA,MG,202504,9673717,0206010079,0.0,0.0
SIA,MG,202504,2129566,0206010028,5.0,505.5
SIA,MG,202504,6631487,0206020031,37.0,7400.0
SIA,MG,202504,6705375,0211020036,83.0,427.45
SIA,MG,202504,7082886,0206010079,138.0,38819.4
SIA,MG,202504,2162504,0211020036,46.0,236.9
SIA,MG,202504,2148293,0206030037,93.0,12892.59
SIA,MG,202504,2191164,0206010079,27.0,2630.88
SIA,MG,202504,9419977,0206010079,36.0,3507.84
SIA,MG,202504,9419977,0206030037,23.0,3188.49
SIA,MG,202504,2172259,0206010028,16.0,1617.6
SIA,MG,202504,2183501,0211020036,1.0,5.15
SIA,MG,202504,6340059,0206030029,5.0,433.75
SIA,MG,202504,6709052,0211020036,63.0,324.45
SIA,MG,202504,2161354,0206010052,5.0,433.75
SIA,MG,202504,2202352,0211020036,52.0,267.8
SIA,MG,202504,2204649,0206010079,59.0,5748.96
SIA,MG,202504,2760657,0206030037,32.0,4436.16
SIA,MG,202504,2139030,0211020036,14.0,72.1
SIA,MG,202504,2200473,0206030010,70.0,9704.1
SIA,MG,202504,2200473,0206010010,34.0,2949.84
SIA,MG,202504,2761106,0206010079,18.0,1753.92
SIA,MG,202504,2204762,0206020031,12.0,1636.92
SIA,MG,202504,2112140,0211020036,609.0,3136.35
SIA,MG,202504,6966640,0208010025,12.0,4902.24
SIA,MG,202504,2200481,0211020036,222.0,1143.3
SIA,MG,202504,2764814,0206020031,45.0,6138.45
SIA,MG,202504,2194937,0206030010,15.0,2079.45
SIA,MG,202504,2127938,0211020036,31.0,159.65
SIA,MG,202504,9274200,0208010025,24.0,9804.48
SIA,MG,202504,9274200,0208010033,24.0,9193.68
SIA,MG,202504,6432654,0206030037,12.0,1663.56
SIA,MG,202504,2098326,0206030010,1.0,138.63
SIA,MG,202504,5914469,0211020060,19.0,570.0
SIA,MG,202504,2143992,0206010028,27.0,2729.7
SIA,MG,202504,2120542,0206010044,9.0,780.75
SIA,MG,202504,3299074,0211020036,202.0,1040.3
SIA,MG,202504,2211262,0211020036,40.0,206.0
SIA,MG,202504,2156830,0211020036,116.0,597.4
SIA,MG,202504,7082886,0206030010,130.0,36569.0
SIA,MG,202504,2215586,0206030037,86.0,11922.18
SIA,MG,202504,0979538,0206020031,95.0,12958.95
SIA,MG,202504,2183315,0211020036,3.0,15.45
SIA,MG,202504,2206382,0206010010,43.0,3730.68
SIA,MG,202504,2119528,0206030037,36.0,4990.68
SIA,MG,202504,2127989,0206010036,66.0,5726.16
SIA,MG,202504,2102447,0211020036,50.0,257.5
SIA,MG,202504,3871797,0206010028,0.0,0.0
SIA,MG,202504,2216272,0211020036,12.0,61.8
SIA,MG,202504,6629725,0206030010,37.0,9620.0
SIA,MG,202504,6920977,0206010036,8.0,694.08
SIA,MG,202504,2796619,0206030010,83.0,11506.29
SIA,MG,202504,6618774,0206010044,33.0,2862.75
SIA,MG,202504,2201542,0206030029,1.0,86.75
SIA,MG,202504,3376478,0206010044,7.0,607.25
SIA,MG,202504,2218690,0206030037,42.0,5822.46
SIA,MG,202504,2204762,0206030037,87.0,12060.81
SIA,MG,202504,2201488,0211020036,20.0,103.0
SIA,MG,202504,6966640,0208010033,12.0,4596.84
SIA,MG,202504,2142627,0211020036,42.0,216.3
SIA,MG,202504,6356877,0211020036,106.0,545.9
SIA,MG,202504,5147166,0211020036,245.0,1261.75
SIA,MG,202504,2171988,0206030029,8.0,694.0
SIA,MG,202504,2172887,0206010079,18.0,1753.92
SIA,MG,202504,2172887,0211020036,83.0,427.45
SIA,MG,202504,2115026,0211020036,77.0,396.55
SIA,MG,202504,2101874,0211020036,117.0,602.55
SIA,MG,202504,2760924,0206010079,11.0,1071.84
SIA,MG,202504,6776434,0206010052,0.0,0.0
SIA,MG,202504,2168707,0211020036,241.0,1241.15
SIA,MG,202504,2160390,0211020036,35.0,180.25
SIA,MG,202504,3376478,0206010028,10.0,1011.0
SIA,MG,202504,7101406,0206010052,1.0,86.75
SIA,MG,202504,2139073,0206030037,1.0,138.63
SIA,MG,202504,2192128,0206010028,3.0,303.3
SIA,MG,202504,2139200,0206020031,17.0,2734.96
SIA,MG,202504,2760843,0206030029,1.0,86.75
SIA,MG,202504,2146525,0206010044,14.0,1214.5
SIA,MG,202504,2128047,0211020060,208.0,6240.0
SIA,MG,202504,6705375,0206010079,18.0,1753.92
SIA,MG,202504,2117568,0211020036,119.0,612.85
SIA,MG,202504,7201109,0211020036,6.0,30.9
SIA,MG,202504,2168707,0206030010,105.0,14556.15
SIA,MG,202504,2103303,0211020036,19.0,97.85
SIA,MG,202504,2134160,0211020036,240.0,1236.0
SIA,MG,202504,2163071,0211020036,102.0,525.3
SIA,MG,202504,6487556,0206030037,0.0,0.0
SIA,MG,202504,9013245,0211020036,172.0,885.8
SIA,MG,202504,2105780,0206010010,13.0,1127.88
SIA,MG,202504,2168553,0206010010,3.0,260.28
SIA,MG,202504,2098911,0206010028,18.0,1819.8
SIA,MG,202504,2163934,0211020036,59.0,303.85
SIA,MG,202504,2759292,0206030037,6.0,831.78
SIA,MG,202504,2143992,0206020031,13.0,1773.33
SIA,MG,202504,2143992,0206010044,2.0,173.5
SIA,MG,202504,2761041,0206020031,4.0,545.64
SIA,MG,202504,2796449,0206010036,2.0,368.54
SIA,MG,202504,2215586,0206010044,4.0,347.0
SIA,MG,202504,3050378,0206010036,3.0,260.28
SIA,MG,202504,7934947,0206030010,31.0,4297.53
SIA,MG,202504,2136937,0206010028,1.0,101.1
SIA,MG,202504,9673717,0211020036,0.0,0.0
SIA,MG,202504,2210398,0211020036,101.0,520.15
SIA,MG,202504,3009718,0211020036,6.0,30.9
SIA,MG,202504,3498441,0211020060,16.0,480.0
SIA,MG,202504,2200961,0211020036,140.0,721.0
SIA,MG,202504,2140217,0206030037,4.0,554.52
SIA,MG,202504,2120194,0206010028,0.0,0.0
SIA,MG,202504,7858094,0206030037,13.0,1802.19
SIA,MG,202504,6311709,0206020031,0.0,0.0
SIA,MG,202504,2194260,0211020036,47.0,242.05
SIA,MG,202504,2136104,0211020036,11.0,56.65
SIA,MG,202504,5473586,0206010079,0.0,0.0
SIA,MG,202504,7114982,0206030037,0.0,0.0
SIA,MG,202504,2206420,0206030010,6.0,831.78
SIA,MG,202504,2140136,0211020036,120.0,618.0
SIA,MG,202504,2172259,0206010052,2.0,192.86
SIA,MG,202504,2794608,0211020036,80.0,412.0
SIA,MG,202504,6006361,0206010010,0.0,0.0
SIA,MG,202504,2111640,0211020060,36.0,1080.0
SIA,MG,202504,2110075,0206010079,4.0,389.76
SIA,MG,202504,2118246,0206010010,2.0,173.52
SIA,MG,202504,2159252,0206010044,40.0,3470.0
SIA,MG,202504,3960668,0205010016,9.0,1485.0
SIA,MG,202504,2760657,0206010079,26.0,2533.44
SIA,MG,202504,2205866,0211020036,83.0,427.45
SIA,MG,202504,7609868,0206030010,2.0,277.26
SIA,MG,202504,2126494,0206020023,7.0,607.25
SIA,MG,202504,4042085,0206020015,1.0,86.75
SIA,MG,202504,2756749,0206020023,7.0,607.25
SIA,MG,202504,2796341,0211020036,120.0,618.0
SIA,MG,202504,2114259,0211020036,187.0,963.05
SIA,MG,202504,2764350,0211020036,155.0,798.25
SIA,MG,202504,2776006,0206010079,4.0,389.76
SIA,MG,202504,7609868,0206020031,22.0,3001.02
SIA,MG,202504,2760681,0206030037,3.0,415.89
SIA,MG,202504,2171945,0206010028,24.0,2426.4
SIA,MG,202504,2112140,0206010010,21.0,1821.96
SIA,MG,202504,2168707,0206030029,6.0,520.5
SIA,MG,202504,2143801,0206010079,29.0,2825.76
SIA,MG,202504,7892861,0211020060,21.0,2100.0
SIA,MG,202504,0192465,0211020036,43.0,221.45
SIA,MG,202504,2144530,0206010028,3.0,303.3
SIA,MG,202504,2105780,0206010044,11.0,954.25
SIA,MG,202504,7114982,0206010028,0.0,0.0
SIA,MG,202504,2761181,0211020036,95.0,489.25
SIA,MG,202504,3883582,0205010016,20.0,3300.0
SIA,MG,202504,2099497,0206010010,0.0,0.0
SIA,MG,202504,5796601,0206010079,8.0,779.52
SIA,MG,202504,2117568,0206030037,4.0,554.52
SIA,MG,202504,2099497,0211020060,0.0,0.0
SIA,MG,202504,2105330,0211020036,10.0,51.5
SIA,MG,202504,2763591,0211020036,68.0,350.2
SIA,MG,202504,2759306,0211020036,29.0,149.35
SIA,MG,202504,2139200,0206020023,4.0,412.6
SIA,MG,202504,2117568,0206010079,6.0,584.64
SIA,MG,202504,3698548,0206010028,17.0,1718.7
SIA,MG,202504,2119528,0206010028,7.0,707.7
SIA,MG,202504,2124300,0206010010,14.0,1214.64
SIA,MG,202504,2194937,0206010036,1.0,86.76
SIA,MG,202504,2122901,0211020060,10.0,300.0
SIA,MG,202504,7101406,0206010028,2.0,202.2
SIA,MG,202504,7101406,0206010079,16.0,1559.04
SIA,MG,202504,2171988,0206010028,30.0,3033.0
SIA,MG,202504,2144298,0206010028,9.0,909.9
SIA,MG,202504,6340059,0206010044,5.0,433.75
SIA,MG,202504,2206382,0211020060,17.0,510.0
SIA,MG,202504,2098911,0206030029,11.0,954.25
SIA,MG,202504,2209195,0211020036,69.0,355.35
SIA,MG,202504,4377370,0211020036,4472.0,23030.8
SIA,MG,202504,2098938,0208010025,52.0,21243.04
SIA,MG,202504,2098938,0206020015,1.0,86.75
SIA,MG,202504,2136031,0211020036,99.0,509.85
SIA,MG,202504,2797496,0211020036,11.0,56.65
SIA,MG,202504,5338409,0208010025,0.0,0.0
SIA,MG,202504,2100754,0206030029,8.0,694.0
SIA,MG,202504,2116057,0211020036,6.0,30.9
SIA,MG,202504,2134446,0211020036,62.0,319.3
SIA,MG,202504,2120623,0211020036,11.0,56.65
SIA,MG,202504,2205939,0206010060,2.0,194.88
SIA,MG,202504,7934947,0211020060,14.0,420.0
SIA,MG,202504,2120631,0211020036,2.0,10.3
SIA,MG,202504,0873217,0211020036,36.0,185.4
SIA,MG,202504,9419977,0206030010,24.0,3327.12
SIA,MG,202504,0196347,0206010079,23.0,6469.9
SIA,MG,202504,2194317,0211020036,83.0,427.45
SIA,MG,202504,2134276,0211020036,112.0,576.8
SIA,MG,202504,3464806,0206010044,24.0,2082.0
SIA,MG,202504,7609868,0206010028,9.0,909.9
SIA,MG,202504,9529209,0206030037,6.0,831.78
SIA,MG,202504,2143801,0206010036,2.0,173.52
SIA,MG,202504,2117843,0211020036,178.0,916.7
SIA,MG,202504,2191164,0206030010,7.0,970.41
SIA,MG,202504,2126494,0206030029,44.0,3817.0
SIA,MG,202504,4042298,0211020036,91.0,468.65
SIA,MG,202504,2119528,0206010010,4.0,347.04
SIA,MG,202504,2167379,0211020036,52.0,267.8
SIA,MG,202504,2206447,0206010044,6.0,520.5
SIA,MG,202504,2796562,0206030037,1.0,138.63
SIA,MG,202504,2763524,0211020036,65.0,334.75
SIA,MG,202504,2148293,0206020031,101.0,13777.41
SIA,MG,202504,7519826,0211020036,9.0,46.35
SIA,MG,202504,0828114,0206020031,42.0,5729.22
SIA,MG,202504,9529209,0206030010,5.0,693.15
SIA,MG,202504,7934947,0206020015,1.0,86.75
SIA,MG,202504,9389539,0211020036,43.0,221.45
SIA,MG,202504,2166364,0211020036,64.0,329.6
SIA,MG,202504,2775999,0206010010,7.0,607.32
SIA,MG,202504,7038216,0206010028,9.0,909.9
SIA,MG,202504,2201879,0206030010,29.0,7540.0
SIA,MG,202504,2212536,0211020036,48.0,247.2
SIA,MG,202504,2144638,0206020031,4.0,545.64
SIA,MG,202504,6471226,0206020023,1.0,86.75
SIA,MG,202504,2099152,0206010044,6.0,988.92
SIA,MG,202504,7038216,0206010010,11.0,954.36
SIA,MG,202504,7609868,0208010025,1.0,408.52
SIA,MG,202504,2100932,0211020036,4.0,20.6
SIA,MG,202504,2142589,0211020036,104.0,535.6
SIA,MG,202504,3498441,0211020036,9.0,46.35
SIA,MG,202504,2205734,0206020023,1.0,86.75
SIA,MG,202504,2145588,0206030029,3.0,260.25
SIA,MG,202504,2120577,0211020036,22.0,113.3
SIA,MG,202504,0874647,0211020036,2.0,10.3
SIA,MG,202504,0828114,0206010028,4.0,404.4
SIA,MG,202504,2121638,0211020036,6.0,30.9
SIA,MG,202504,2159368,0208010033,14.0,5362.98
SIA,MG,202504,2117134,0206030010,17.0,2356.71
SIA,MG,202504,2213192,0211020036,79.0,406.85
SIA,MG,202504,2775956,0211020036,116.0,597.4
SIA,MG,202504,9419977,0206010052,3.0,260.25
SIA,MG,202504,5724538,0211020036,7.0,36.05
SIA,MG,202504,2206447,0206020015,2.0,173.5
SIA,MG,202504,2764776,0206030037,16.0,2218.08
SIA,MG,202504,2116081,0211020036,2.0,10.3
SIA,MG,202504,7934947,0206010052,2.0,173.5
SIA,MG,202504,2764830,0211020036,85.0,437.75
SIA,MG,202504,2135132,0206010028,3.0,303.3
SIA,MG,202504,2760843,0206010044,2.0,173.5
SIA,MG,202504,2172259,0206010010,27.0,2342.52
SIA,MG,202504,2171988,0206020015,3.0,260.25
SIA,MG,202504,2099152,0206010079,20.0,3616.2
SIA,MG,202504,0828114,0206010044,10.0,867.5
SIA,MG,202504,2760738,0211020036,22.0,113.3
SIA,MG,202504,2114143,0211020036,120.0,618.0
SIA,MG,202504,7061838,0211020036,253.0,1302.95
SIA,MG,202504,4040910,0211020036,110.0,566.5
SIA,MG,202504,7038216,0206010044,6.0,520.5
SIA,MG,202504,2098407,0206010079,27.0,2630.88
SIA,MG,202504,0981400,0206010044,4.0,347.0
SIA,MG,202504,3938654,0206030037,7.0,1386.0
SIA,MG,202504,7691807,0206030010,8.0,1109.04
SIA,MG,202504,6340059,0206020031,21.0,2864.61
SIA,MG,202504,7101406,0206020031,9.0,1227.69
SIA,MG,202504,2144026,0206020031,5.0,682.05
SIA,MG,202504,2148293,0206010036,9.0,780.84
SIA,MG,202504,2164299,0206010028,1.0,101.1
SIA,MG,202504,4887174,0211020036,265.0,1364.75
SIA,MG,202504,2101777,0206010010,22.0,1908.72
SIA,MG,202504,2201879,0206030037,29.0,7540.0
SIA,MG,202504,2184281,0211020036,25.0,128.75
SIA,MG,202504,2117037,0211020036,113.0,581.95
SIA,MG,202504,2146398,0211020036,17.0,87.55
SIA,MG,202504,9673717,0206010010,0.0,0.0
SIA,MG,202504,2153947,0211020036,192.0,988.8
SIA,MG,202504,2213168,0211020036,22.0,113.3
SIA,MG,202504,2208822,0206030010,29.0,4020.27
SIA,MG,202504,2178559,0206020031,9.0,1227.69
SIA,MG,202504,2098938,0206010028,7.0,707.7
SIA,MG,202504,2110075,0206010028,3.0,303.3
SIA,MG,202504,2759292,0206030010,6.0,831.78
SIA,MG,202504,0041548,0206010028,8.0,808.8
SIA,MG,202504,2213958,0211020036,0.0,0.0
SIA,MG,202504,9518371,0211020036,58.0,298.7
SIA,MG,202504,9385665,0211020036,1.0,5.15
SIA,MG,202504,0981400,0206010010,2.0,173.52
SIA,MG,202504,2100304,0211020036,194.0,999.1
SIA,MG,202504,2760436,0206010044,4.0,347.0
SIA,MG,202504,2193000,0211020036,33.0,169.95
SIA,MG,202504,4503333,0211020036,25.0,128.75
SIA,MG,202504,2101777,0211020036,35.0,180.25
SIA,MG,202504,0979538,0206030010,19.0,2633.97
SIA,MG,202504,2139154,0211020036,199.0,1024.85
SIA,MG,202504,6865399,0211020036,73.0,375.95
SIA,MG,202504,2144530,0206020031,5.0,682.05
SIA,MG,202504,2185520,0211020036,156.0,803.4
SIA,MG,202504,2195453,0206020031,651.0,88802.91
SIA,MG,202504,2756749,0206030037,180.0,24953.4
SIA,MG,202504,7934947,0206010079,67.0,6528.48
SIA,MG,202504,2199793,0211020036,76.0,391.4
SIA,MG,202504,2117096,0211020036,6.0,30.9
SIA,MG,202504,2127989,0206030037,505.0,70008.15
SIA,MG,202504,2127695,0211020036,253.0,1302.95
SIA,MG,202504,6920977,0206010079,318.0,30985.92
SIA,MG,202504,2775999,0206020031,312.0,42559.92
SIA,MG,202504,2205939,0206010079,95.0,9256.8
SIA,MG,202504,2129469,0206020031,158.0,21552.78
SIA,MG,202504,2144026,0206010044,3.0,260.25
SIA,MG,202504,2167670,0211020036,36.0,185.4
SIA,MG,202504,2129469,0206030010,153.0,21210.39
SIA,MG,202504,2709848,0206010044,19.0,1648.25
SIA,MG,202504,2206382,0206010079,257.0,25042.08
SIA,MG,202504,2127989,0206030010,502.0,69592.26
SIA,MG,202504,5815991,0211020036,6.0,30.9
SIA,MG,202504,2099497,0206010079,0.0,0.0
SIA,MG,202504,2111640,0206010079,76.0,7405.44
SIA,MG,202504,2796368,0211020036,86.0,442.9
SIA,MG,202504,2127989,0206010028,90.0,9099.0
SIA,MG,202504,5338409,0206030010,0.0,0.0
SIA,MG,202504,5338409,0206030037,0.0,0.0
SIA,MG,202504,2796619,0211020060,2.0,60.0
SIA,MG,202504,2111659,0206010028,16.0,1617.6
SIA,MG,202504,2709848,0206030037,174.0,24121.62
SIA,MG,202504,2796562,0206010052,2.0,173.5
SIA,MG,202504,2761092,0206010036,6.0,520.56
SIA,MG,202504,6085121,0206030010,14.0,3881.64
SIA,MG,202504,2105780,0206010079,161.0,15687.84
SIA,MG,202504,2105780,0206020031,74.0,10094.34
SIA,MG,202504,2112140,0206010028,3.0,303.3
SIA,MG,202504,2100754,0206010010,8.0,694.08
SIA,MG,202504,9993908,0211020036,236.0,1215.4
SIA,MG,202504,2105578,0211020036,63.0,324.45
SIA,MG,202504,2173166,0206030010,29.0,8040.54
SIA,MG,202504,9368221,0206010028,0.0,0.0
SIA,MG,202504,4042751,0211020036,455.0,2343.25
SIA,MG,202504,2099152,0206010028,14.0,2690.52
SIA,MG,202504,2101777,0206030037,117.0,16219.71
SIA,MG,202504,6471226,0206020031,3.0,409.23
SIA,MG,202504,6006361,0206020023,0.0,0.0
SIA,MG,202504,6631487,0206030010,92.0,18400.0
SIA,MG,202504,2785684,0206030010,11.0,3049.86
SIA,MG,202504,2122650,0206010079,54.0,5261.76
SIA,MG,202504,6340059,0206010028,5.0,505.5
SIA,MG,202504,2759292,0211020036,256.0,1318.4
SIA,MG,202504,2144298,0206030010,19.0,2633.97
SIA,MG,202504,2760657,0206030029,1.0,86.75
SIA,MG,202504,6959415,0206030010,0.0,0.0
SIA,MG,202504,0979538,0206010060,2.0,194.88
SIA,MG,202504,2115433,0211020036,42.0,216.3
SIA,MG,202504,2709848,0206010036,2.0,173.52
SIA,MG,202504,2796562,0206020015,1.0,86.75
SIA,MG,202504,2124300,0206010036,4.0,347.04
SIA,MG,202504,2119463,0211020036,99.0,509.85
SIA,MG,202504,2205939,0206020023,3.0,260.25
SIA,MG,202504,3145425,0206030037,22.0,3049.86
SIA,MG,202504,7114982,0206030010,0.0,0.0
SIA,MG,202504,9681752,0206020031,4.0,545.64
SIA,MG,202504,2142600,0211020036,45.0,231.75
SIA,MG,202504,2126826,0211020036,90.0,463.5
SIA,MG,202504,2211521,0206030010,0.0,0.0
SIA,MG,202504,2209195,0206020031,68.0,9275.88
SIA,MG,202504,3050378,0206010028,7.0,707.7
SIA,MG,202504,2117312,0211020036,104.0,535.6
SIA,MG,202504,7609868,0206030029,3.0,260.25
SIA,MG,202504,2195453,0206010028,24.0,2426.4
SIA,MG,202504,2796562,0206020023,1.0,86.75
SIA,MG,202504,9155112,0211020036,37.0,190.55
SIA,MG,202504,2775999,0208010033,7.0,2681.49
SIA,MG,202504,7266960,0211020036,4.0,20.6
SIA,MG,202504,2149141,0211020036,67.0,345.05
SIA,MG,202504,2118246,0206010036,2.0,173.52
SIA,MG,202504,7387377,0206030010,14.0,3938.2
SIA,MG,202504,2129566,0206020031,8.0,1091.28
SIA,MG,202504,2139073,0206010079,2.0,194.88
SIA,MG,202504,2122901,0211020036,71.0,365.65
SIA,MG,202504,3698548,0206020015,5.0,433.75
SIA,MG,202504,2122677,0211020036,177.0,911.55
SIA,MG,202504,2117479,0211020036,81.0,417.15
SIA,MG,202504,2215586,0206010028,8.0,808.8
SIA,MG,202504,2760843,0211020036,45.0,231.75
SIA,MG,202504,5796601,0206030010,33.0,4574.79
SIA,MG,202504,2202883,0211020036,5.0,25.75
SIA,MG,202504,2841622,0206010044,7.0,607.25
SIA,MG,202504,2120194,0206030029,0.0,0.0
SIA,MG,202504,2146525,0206010028,19.0,1920.9
SIA,MG,202504,9673717,0206030010,0.0,0.0
SIA,MG,202504,2841622,0206030037,4.0,554.52
SIA,MG,202504,2761041,0206010036,1.0,86.76
SIA,MG,202504,2129566,0206030010,9.0,1247.67
SIA,MG,202504,2159252,0208010033,21.0,8044.47
SIA,MG,202504,6487556,0206020031,0.0,0.0
SIA,MG,202504,2206064,0206010010,10.0,867.6
SIA,MG,202504,6631487,0206010036,1.0,200.0
SIA,MG,202504,9591931,0206010079,7.0,682.08
SIA,MG,202504,2099152,0206020015,1.0,164.83
SIA,MG,202504,3498441,0206010044,14.0,1214.5
SIA,MG,202504,2114763,0206010036,2.0,173.52
SIA,MG,202504,4042085,0206020031,17.0,2318.97
SIA,MG,202504,2168707,0206010010,2.0,173.52
SIA,MG,202504,2143674,0211020036,59.0,303.85
SIA,MG,202504,3050378,0206030037,2.0,277.26
SIA,MG,202504,5796601,0206020031,7.0,954.87
SIA,MG,202504,2110075,0206020031,12.0,1636.92
SIA,MG,202504,2140098,0206010044,2.0,173.5
SIA,MG,202504,2099454,0206010036,2.0,173.52
SIA,MG,202504,2171945,0206030029,2.0,173.5
SIA,MG,202504,2775999,0206010028,10.0,1011.0
SIA,MG,202504,2140098,0206020023,2.0,173.5
SIA,MG,202504,6959415,0206010010,0.0,0.0
SIA,MG,202504,2218690,0206010010,2.0,173.52
SIA,MG,202504,2173166,0206020031,2.0,550.08
SIA,MG,202504,2760657,0206020031,15.0,2046.15
SIA,MG,202504,2119528,0206030010,34.0,4713.42
SIA,MG,202504,2144549,0211020036,37.0,190.55
SIA,MG,202504,6487556,0206010028,0.0,0.0
SIA,MG,202504,2204649,0206010052,1.0,86.75
SIA,MG,202504,5473586,0206020031,0.0,0.0
SIA,MG,202504,9368221,0206010052,0.0,0.0
SIA,MG,202504,2215586,0206010010,2.0,173.52
SIA,MG,202504,4042085,0206010028,4.0,404.4
SIA,MG,202504,2144298,0206010044,4.0,347.0
SIA,MG,202504,7595247,0206030029,0.0,0.0
SIA,MG,202504,9563105,0206010044,5.0,433.75
SIA,MG,202504,6959415,0206010036,0.0,0.0
SIA,MG,202504,2102765,0206030037,2.0,277.26
SIA,MG,202504,2775999,0208010025,7.0,2859.64
SIA,MG,202504,6618774,0206010010,20.0,1735.2
SIA,MG,202504,6085121,0206020031,8.0,2200.32
SIA,MG,202504,2163829,0206020031,9.0,1227.69
SIA,MG,202504,2201542,0206010028,5.0,505.5
SIA,MG,202504,2117428,0211020036,2.0,10.3
SIA,MG,202504,6471226,0206010028,1.0,101.1
SIA,MG,202504,2109034,0206010079,2.0,361.62
SIA,MG,202504,9529209,0206010044,3.0,260.25
SIA,MG,202504,0041548,0206010036,1.0,86.76
SIA,MG,202504,2761041,0211020010,48.0,35041.92
SIA,MG,202504,6432654,0206010028,1.0,101.1
SIA,MG,202504,7691807,0206010044,2.0,173.5
SIA,MG,202504,2141922,0211020036,151.0,777.65
SIA,MG,202504,0981400,0206010028,15.0,1516.5
SIA,MG,202504,9876332,0211020036,53.0,272.95
SIA,MG,202504,6311709,0206010052,0.0,0.0
SIA,MG,202504,2146525,0211020010,15.0,10950.6
SIA,MG,202504,0196347,0206030010,7.0,1969.1
SIA,MG,202504,7609868,0206020015,3.0,260.25
SIA,MG,202504,2139200,0206010010,3.0,309.66
SIA,MG,202504,2140217,0206010044,1.0,86.75
SIA,MG,202504,2159252,0211020036,71.0,365.65
SIA,MG,202504,2142376,0211020010,18.0,13140.72
SIA,MG,202504,2129469,0206010036,5.0,433.8
SIA,MG,202504,6240844,0211020036,23.0,118.45
SIA,MG,202504,2117134,0902010018,192.0,24960.0
SIA,MG,202504,2117134,0211020036,192.0,0.0
SIA,MG,202504,2142171,0211020036,46.0,236.9
SIA,MG,202504,2785684,0206020031,5.0,1375.2
SIA,MG,202504,2135132,0211020010,13.0,9490.52
SIA,MG,202504,9383921,0211020036,176.0,906.4
SIA,MG,202504,2173565,0206030029,1.0,86.75
SIA,MG,202504,2200473,0206010052,2.0,173.5
SIA,MG,202504,2159252,0211020010,36.0,26281.44
SIA,MG,202504,0828114,0206020023,3.0,260.25
SIA,MG,202504,2208857,0211020010,10.0,7300.4
SIA,MG,202504,2756749,0206010010,7.0,607.32
SIA,MG,202504,2764814,0211020036,159.0,818.85
SIA,MG,202504,2186489,0211020036,10.0,51.5
SIA,MG,202504,3145425,0206030010,1.0,138.63
SIA,MG,202504,7082886,0206030029,6.0,1687.8
SIA,MG,202504,7266960,0211020060,1.0,30.0
SIA,MG,202504,2183803,0206020031,1.0,136.41
SIA,MG,202504,2204649,0211020036,63.0,319.3
SIA,MG,202504,2136937,0206010010,1.0,86.76
SIA,MG,202504,2126052,0211020036,779.0,4011.85
SIA,MG,202504,7101406,0206010036,1.0,86.76
SIA,MG,202504,0283118,0211020036,97.0,499.55
SIA,MG,202504,2776006,0211020036,130.0,669.5
SIA,MG,202504,7275668,0211020036,28.0,144.2
SIA,MG,202504,2208857,0206010095,5.0,10536.1
SIA,MG,202504,0246417,0211020036,221.0,1138.15
SIA,MG,202504,0133752,0206010079,3.0,292.32
SIA,MG,202504,2121530,0211020036,20.0,103.0
SIA,MG,202504,2204649,0902010018,1.0,130.0
SIA,MG,202504,3960668,0206010060,1.0,97.44
SIA,MG,202504,2098938,0208010033,52.0,19919.64
SIA,MG,202504,2195453,0206030010,559.0,77494.17
SIA,MG,202504,2120194,0206010079,0.0,0.0
SIA,MG,202504,9673717,0206010028,0.0,0.0
SIA,MG,202504,2201542,0206010044,4.0,347.0
SIA,MG,202504,2796562,0206010079,3.0,292.32
SIA,MG,202504,2144298,0206010079,4.0,389.76
SIA,MG,202504,2129566,0211020036,32.0,164.8
SIA,MG,202504,2129469,0206010052,17.0,1474.75
SIA,MG,202504,5142997,0211020036,103.0,530.45
SIA,MG,202504,2206382,0206030029,5.0,433.75
SIA,MG,202504,2775999,0206010079,104.0,10133.76
SIA,MG,202504,2785684,0206030037,12.0,3327.12
SIA,MG,202504,2118092,0211020036,228.0,1174.2
SIA,MG,202504,2126494,0206010052,10.0,867.5
SIA,MG,202504,9563105,0206010079,22.0,5500.0
SIA,MG,202504,2709848,0206030010,171.0,23705.73
SIA,MG,202504,3498441,0206030010,71.0,9842.73
SIA,MG,202504,6323405,0211020036,287.0,1478.05
SIA,MG,202504,2171945,0206030037,356.0,49352.28
SIA,MG,202504,2171988,0206030037,158.0,21903.54
SIA,MG,202504,2206447,0206010028,4.0,404.4
SIA,MG,202504,2796562,0206030010,1.0,138.63
SIA,MG,202504,4042085,0206030010,23.0,3188.49
SIA,MG,202504,2159155,0211020036,311.0,1601.65
SIA,MG,202504,2143992,0206030010,21.0,2911.23
SIA,MG,202504,2142511,0211020036,8.0,41.2
SIA,MG,202504,2796392,0206010044,7.0,607.25
SIA,MG,202504,2122650,0206010010,4.0,347.04
SIA,MG,202504,6892256,0211020036,174.0,896.1
SIA,MG,202504,6006361,0206010079,0.0,0.0
SIA,MG,202504,9368221,0206020031,0.0,0.0
SIA,MG,202504,2146592,0211020036,21.0,108.15
SIA,MG,202504,3012840,0211020036,151.0,777.65
SIA,MG,202504,3871797,0206030029,0.0,0.0
SIA,MG,202504,9483144,0211020036,26.0,133.9
SIA,MG,202504,2205904,0211020060,11.0,330.0
SIA,MG,202504,2195453,0208010033,12.0,4596.84
SIA,MG,202504,2173565,0206010079,16.0,1559.04
SIA,MG,202504,2161354,0206010079,182.0,17734.08
SIA,MG,202504,2139200,0206030010,42.0,6864.9
SIA,MG,202504,2144166,0211020036,58.0,298.7
SIA,MG,202504,2191164,0206030037,4.0,554.52
SIA,MG,202504,2201879,0206010052,1.0,230.0
SIA,MG,202504,2120542,0206010052,3.0,260.25
SIA,MG,202504,2173166,0206030037,21.0,5822.46
SIA,MG,202504,2761106,0206020031,5.0,682.05
SIA,MG,202504,2108992,0211020036,19.0,97.85
SIA,MG,202504,2129469,0211020036,27.0,139.05
SIA,MG,202504,2161354,0206010044,34.0,2949.5
SIA,MG,202504,2204622,0206010010,15.0,1301.4
SIA,MG,202504,2127989,0208010033,42.0,16088.94
SIA,MG,202504,6920977,0206020015,7.0,607.25
SIA,MG,202504,2207664,0211020036,734.0,3780.1
SIA,MG,202504,4042107,0211020060,14.0,420.0
SIA,MG,202504,2098539,0206020031,89.0,12140.49
SIA,MG,202504,2200473,0206010044,14.0,1214.5
SIA,MG,202504,6487556,0206030010,0.0,0.0
SIA,MG,202504,2204762,0206010079,106.0,10328.64
SIA,MG,202504,2112140,0206030037,18.0,2495.34
SIA,MG,202504,2208857,0211020036,143.0,736.45
SIA,MG,202504,2200473,0206030029,9.0,780.75
SIA,MG,202504,6790151,0206010079,149.0,14518.56
SIA,MG,202504,2173565,0206030010,19.0,2633.97
SIA,MG,202504,7413572,0211020060,33.0,990.0
SIA,MG,202504,7518196,0211020036,147.0,757.05
SIA,MG,202504,2143801,0211020036,16.0,82.4
SIA,MG,202504,2160242,0211020036,23.0,118.45
SIA,MG,202504,2195453,0206010044,4.0,347.0
SIA,MG,202504,6487556,0211020060,0.0,0.0
SIA,MG,202504,2103532,0211020036,67.0,345.05
SIA,MG,202504,3873781,0211020036,168.0,865.2
SIA,MG,202504,2111659,0206020031,18.0,2455.38
SIA,MG,202504,2173166,0211020036,195.0,1004.25
SIA,MG,202504,3698548,0206010036,12.0,1041.12
SIA,MG,202504,2115786,0211020036,257.0,1323.55
SIA,MG,202504,2197715,0211020036,12.0,61.8
SIA,MG,202504,2166461,0211020036,30.0,154.5
SIA,MG,202504,6311709,0206010044,0.0,0.0
SIA,MG,202504,2178559,0206010079,18.0,1753.92
SIA,MG,202504,0266965,0211020060,11.0,2145.0
SIA,MG,202504,2796376,0211020036,294.0,1514.1
SIA,MG,202504,2204630,0211020036,172.0,885.8
SIA,MG,202504,2142937,0211020036,65.0,334.75
SIA,MG,202504,2101025,0211020036,48.0,247.2
SIA,MG,202504,5796601,0206010052,3.0,260.25
SIA,MG,202504,6311709,0206010028,0.0,0.0
SIA,MG,202504,2118319,0211020036,196.0,1009.4
SIA,MG,202504,4042085,0206010044,5.0,433.75
SIA,MG,202504,2206064,0206010044,3.0,260.25
SIA,MG,202504,2760908,0211020036,40.0,206.0
SIA,MG,202504,6085121,0206030037,13.0,3604.38
SIA,MG,202504,2760681,0206020031,3.0,409.23
SIA,MG,202504,2098911,0206010036,1.0,86.76
SIA,MG,202504,2135124,0211020036,68.0,350.2
SIA,MG,202504,2148293,0206010079,75.0,7308.0
SIA,MG,202504,3960668,0206010079,96.0,9354.24
SIA,MG,202504,6006361,0206010044,0.0,0.0
SIA,MG,202504,2172259,0206020031,43.0,6520.09
SIA,MG,202504,2148293,0206010052,10.0,867.5
SIA,MG,202504,2204762,0206010052,5.0,433.75
SIA,MG,202504,2148293,0206020015,9.0,780.75
SIA,MG,202504,2143992,0206010052,0.0,0.0
SIA,MG,202504,2796619,0206020031,48.0,6547.68
SIA,MG,202504,4667131,0211020036,20.0,103.0
SIA,MG,202504,2168707,0206020031,9.0,1227.69
SIA,MG,202504,2143895,0211020036,78.0,401.7
SIA,MG,202504,2759381,0211020036,166.0,854.9
SIA,MG,202504,6311709,0211020060,0.0,0.0
SIA,MG,202504,2120100,0211020036,23.0,118.45
SIA,MG,202504,2098539,0206010079,194.0,18903.36
SIA,MG,202504,9228713,0206010036,1.0,86.76
SIA,MG,202504,2194937,0211020036,136.0,700.4
SIA,MG,202504,2100754,0206010079,50.0,4872.0
SIA,MG,202504,2139944,0211020036,162.0,834.3
SIA,MG,202504,2163829,0206030010,23.0,3188.49
SIA,MG,202504,2156172,0211020036,57.0,293.55
SIA,MG,202504,6892256,0206030037,40.0,5545.2
SIA,MG,202504,4042085,0211020060,26.0,780.0
SIA,MG,202504,2133822,0211020036,131.0,674.65
SIA,MG,202504,2135116,0211020036,42.0,216.3
SIA,MG,202504,6827772,0211020036,69.0,355.35
SIA,MG,202504,6487556,0206010044,0.0,0.0
SIA,MG,202504,9228713,0206010010,7.0,607.32
SIA,MG,202504,9344330,0206010036,4.0,347.04
SIA,MG,202504,2145588,0206010010,9.0,780.84
SIA,MG,202504,2145588,0206020031,20.0,2728.2
SIA,MG,202504,2206064,0206010028,8.0,808.8
SIA,MG,202504,2764814,0206010044,7.0,607.25
SIA,MG,202504,2202891,0211020036,114.0,587.1
SIA,MG,202504,2169967,0211020036,49.0,252.35
SIA,MG,202504,2136139,0211020036,28.0,144.2
SIA,MG,202504,2796562,0206030029,1.0,86.75
SIA,MG,202504,2112140,0206020023,3.0,260.25
SIA,MG,202504,2206420,0206010028,1.0,101.1
SIA,MG,202504,9563105,0206010028,10.0,1011.0
SIA,MG,202504,2101777,0206010028,43.0,4347.3
SIA,MG,202504,7101406,0206030037,5.0,693.15
SIA,MG,202504,7101406,0206010044,1.0,86.75
SIA,MG,202504,2170132,0211020036,18.0,92.7
SIA,MG,202504,2126540,0211020036,216.0,1112.4
SIA,MG,202504,2101777,0206030029,12.0,1041.0
SIA,MG,202504,2760681,0211020036,28.0,144.2
SIA,MG,202504,2120313,0211020036,251.0,1292.65
SIA,MG,202504,6432654,0206010079,17.0,1656.48
SIA,MG,202504,2098911,0206010079,134.0,13056.96
SIA,MG,202504,2161354,0206030010,167.0,23151.21
SIA,MG,202504,2112140,0206010044,5.0,433.75
SIA,MG,202504,5338409,0208010033,0.0,0.0
SIA,MG,202504,2098369,0206010079,40.0,3897.6
SIA,MG,202504,2760436,0206010079,24.0,2338.56
SIA,MG,202504,3376478,0206030029,2.0,173.5
SIA,MG,202504,2168650,0206020023,2.0,173.5
SIA,MG,202504,6776434,0206020031,0.0,0.0
SIA,MG,202504,2760843,0206030037,59.0,8179.17
SIA,MG,202504,2161354,0206010036,33.0,2863.08
SIA,MG,202504,2159252,0206010052,35.0,3036.25
SIA,MG,202504,2098911,0206030010,74.0,10258.62
SIA,MG,202504,0041548,0206030037,2.0,277.26
SIA,MG,202504,9388354,0206030010,2.0,277.26
SIA,MG,202504,9388354,0208010025,1.0,408.52
SIA,MG,202504,2179628,0211020036,104.0,535.6
SIA,MG,202504,2142139,0211020036,29.0,149.35
SIA,MG,202504,6640486,0211020036,50.0,257.5
SIA,MG,202504,2173565,0206020031,14.0,1909.74
SIA,MG,202504,2208822,0206010079,9.0,876.96
SIA,MG,202504,2117134,0206010079,36.0,3507.84
SIA,MG,202504,2126494,0206010010,93.0,8068.68
SIA,MG,202504,6790151,0206030029,25.0,2168.75
SIA,MG,202504,2775999,0211020060,7.0,854.0
SIA,MG,202504,0873217,0211020060,10.0,300.0
SIA,MG,202504,2145588,0211020036,150.0,772.5
SIA,MG,202504,2127121,0211020036,108.0,556.2
SIA,MG,202504,2161354,0206020031,88.0,12004.08
SIA,MG,202504,9388354,0206010044,5.0,433.75
SIA,MG,202504,6432654,0206020015,1.0,86.75
SIA,MG,202504,2138875,0206010044,1.0,86.75
SIA,MG,202504,2124300,0206030029,3.0,260.25
SIA,MG,202504,2205939,0206020015,5.0,433.75
SIA,MG,202504,7795203,0206020031,0.0,0.0
SIA,MG,202504,2120127,0211020036,16.0,82.4
SIA,MG,202504,2120097,0211020036,29.0,149.35
SIA,MG,202504,0828114,0206010052,3.0,260.25
SIA,MG,202504,2098539,0206030010,101.0,14001.63
SIA,MG,202504,2194937,0206010010,1.0,86.76
SIA,MG,202504,7595247,0211020060,0.0,0.0
SIA,MG,202504,7934947,0206020031,11.0,1500.51
SIA,MG,202504,2201879,0206020031,16.0,4160.0
SIA,MG,202504,2144530,0206020023,1.0,86.75
SIA,MG,202504,2764776,0206010044,6.0,520.5
SIA,MG,202504,2201410,0211020036,60.0,309.0
SIA,MG,202504,2129469,0206020023,1.0,86.75
SIA,MG,202504,9344330,0206030037,155.0,21487.65
SIA,MG,202504,2183455,0206010079,16.0,1559.04
SIA,MG,202504,2171945,0206020031,382.0,52108.62
SIA,MG,202504,2171945,0206010079,261.0,25431.84
SIA,MG,202504,3871797,0206010010,0.0,0.0
SIA,MG,202504,2164299,0206030037,20.0,2772.6
SIA,MG,202504,2098539,0206030029,11.0,954.25
SIA,MG,202504,2143801,0206010010,7.0,607.32
SIA,MG,202504,3871797,0211020060,0.0,0.0
SIA,MG,202504,6471226,0206030029,1.0,86.75
SIA,MG,202504,2218690,0206030010,47.0,6515.61
SIA,MG,202504,2171988,0206010079,248.0,24165.12
SIA,MG,202504,2127989,0211020036,495.0,2549.25
SIA,MG,202504,6959415,0206010044,0.0,0.0
SIA,MG,202504,2120194,0206010010,0.0,0.0
SIA,MG,202504,7038216,0206030010,54.0,7486.02
SIA,MG,202504,2099454,0206010079,111.0,10815.84
SIA,MG,202504,7543913,0211020036,674.0,3471.1
SIA,MG,202504,0981400,0206020023,2.0,173.5
SIA,MG,202504,9681752,0206010044,1.0,86.75
SIA,MG,202504,6776434,0206010079,0.0,0.0
SIA,MG,202504,2168707,0206010079,81.0,7892.64
SIA,MG,202504,2209195,0206030010,90.0,12476.7
SIA,MG,202504,2796449,0206030037,12.0,2211.24
SIA,MG,202504,6776434,0208010033,0.0,0.0
SIA,MG,202504,2172259,0211020036,90.0,463.5
SIA,MG,202504,2168553,0206030010,33.0,4574.79
SIA,MG,202504,7951604,0211020036,269.0,1385.35
SIA,MG,202504,3960668,0206020031,64.0,8730.24
SIA,MG,202504,2796619,0206010079,55.0,5359.2
SIA,MG,202504,2120542,0206010079,113.0,11010.72
SIA,MG,202504,6790151,0211020036,64.0,329.6
SIA,MG,202504,2760843,0206010079,101.0,9841.44
SIA,MG,202504,2161354,0208010025,14.0,5719.28
SIA,MG,202504,6631487,0206010010,126.0,25200.0
SIA,MG,202504,2112140,0206030010,66.0,9149.58
SIA,MG,202504,2206064,0206030037,22.0,3049.86
SIA,MG,202504,2215586,0206030010,93.0,12892.59
SIA,MG,202504,2215586,0205010016,17.0,2805.0
SIA,MG,202504,2144530,0206010044,4.0,347.0
SIA,MG,202504,2099438,0206010079,41.0,3995.04
SIA,MG,202504,2133261,0211020036,92.0,473.8
SIA,MG,202504,2168537,0211020036,35.0,180.25
SIA,MG,202504,2098539,0206010028,30.0,3033.0
SIA,MG,202504,2760924,0211020036,65.0,334.75
SIA,MG,202504,2127989,0206010079,483.0,47063.52
SIA,MG,202504,9388354,0206030037,29.0,4020.27
SIA,MG,202504,2208857,0206020031,20.0,2728.2
SIA,MG,202504,3960668,0206030010,92.0,12753.96
SIA,MG,202504,7595247,0206020015,0.0,0.0
SIA,MG,202504,2760843,0206020031,38.0,5183.58
SIA,MG,202504,2761041,0206010079,14.0,1364.16
SIA,MG,202504,4085205,0211020036,96.0,494.4
SIA,MG,202504,2761092,0206010079,136.0,13251.84
SIA,MG,202504,2144026,0206030037,29.0,4020.27
SIA,MG,202504,2796449,0206030010,13.0,2407.86
SIA,MG,202504,2105780,0206010028,6.0,606.6
SIA,MG,202504,6629725,0206010010,1.0,240.0
SIA,MG,202504,2139200,0206010079,69.0,7975.02
SIA,MG,202504,7595247,0206010079,0.0,0.0
SIA,MG,202504,9368221,0206030010,0.0,0.0
SIA,MG,202504,2120410,0211020036,3.0,15.45
SIA,MG,202504,2120194,0206020031,0.0,0.0
SIA,MG,202504,2760436,0206030010,6.0,831.78
SIA,MG,202504,2105780,0206030010,178.0,24676.14
SIA,MG,202504,2206382,0206010044,36.0,3123.0
SIA,MG,202504,2126494,0206010044,44.0,3817.0
SIA,MG,202504,2135132,0206010010,16.0,1388.16
SIA,MG,202504,9344330,0206010028,8.0,808.8
SIA,MG,202504,2171945,0206010052,51.0,4424.25
SIA,MG,202504,2102560,0211020036,28.0,144.2
SIA,MG,202504,2761041,0208010025,29.0,11847.08
SIA,MG,202504,2102765,0206010079,26.0,2533.44
SIA,MG,202504,2201542,0206010079,48.0,4677.12
SIA,MG,202504,6006361,0211020036,0.0,0.0
SIA,MG,202504,2104032,0211020036,18.0,92.7
SIA,MG,202504,2124300,0206020023,3.0,260.25
SIA,MG,202504,2111640,0206010036,2.0,173.52
SIA,MG,202504,6311709,0206010036,0.0,0.0
SIA,MG,202504,7595247,0206010036,0.0,0.0
SIA,MG,202504,6629725,0206020031,14.0,3640.0
SIA,MG,202504,6432654,0206030010,12.0,1663.56
SIA,MG,202504,7595247,0206020031,0.0,0.0
SIA,MG,202504,2764776,0206010079,53.0,5164.32
SIA,MG,202504,2143992,0206020015,1.0,86.75
SIA,MG,202504,2156113,0211020036,22.0,113.3
SIA,MG,202504,6448526,0208010025,19.0,7761.88
SIA,MG,202504,0979538,0206010028,13.0,1314.3
SIA,MG,202504,2099152,0206030037,22.0,5782.26
SIA,MG,202504,2204649,0206020031,18.0,2455.38
SIA,MG,202504,2173565,0206010044,3.0,260.25
SIA,MG,202504,2204622,0206010028,51.0,5156.1
SIA,MG,202504,2184338,0211020036,49.0,252.35
SIA,MG,202504,6892256,0206010079,127.0,12374.88
SIA,MG,202504,0041548,0206010010,3.0,260.28
SIA,MG,202504,2793784,0211020036,51.0,262.65
SIA,MG,202504,2118246,0206010079,25.0,2436.0
SIA,MG,202504,2794225,0211020036,58.0,298.7
SIA,MG,202504,2099152,0206030010,17.0,4468.11
SIA,MG,202504,2191164,0206010044,4.0,347.0
SIA,MG,202504,2153912,0211020036,97.0,499.55
SIA,MG,202504,2183455,0206010044,1.0,86.75
SIA,MG,202504,2776286,0206020031,13.0,1773.33
SIA,MG,202504,6311709,0206030037,0.0,0.0
SIA,MG,202504,7595247,0206030010,0.0,0.0
SIA,MG,202504,2764814,0206030029,6.0,520.5
SIA,MG,202504,2204649,0206030010,20.0,2772.6
SIA,MG,202504,2168340,0211020060,41.0,1230.0
SIA,MG,202504,2143992,0206030037,21.0,2911.23
SIA,MG,202504,9344330,0206030029,10.0,867.5
SIA,MG,202504,2124300,0206010028,13.0,1314.3
SIA,MG,202504,2171988,0206020031,66.0,9003.06
SIA,MG,202504,0041548,0206010079,16.0,1559.04
SIA,MG,202504,7795203,0206030010,0.0,0.0
SIA,MG,202504,2775999,0206010052,51.0,4424.25
SIA,MG,202504,7548311,0211020036,583.0,3002.45
SIA,MG,202504,2796449,0206010028,3.0,552.81
SIA,MG,202504,2776286,0206010079,21.0,2046.24
SIA,MG,202504,7595247,0208010025,0.0,0.0
SIA,MG,202504,2099497,0206010044,0.0,0.0
SIA,MG,202504,2119528,0206020015,3.0,260.25
SIA,MG,202504,2168707,0206010028,6.0,606.6
SIA,MG,202504,2164299,0206010079,31.0,3020.64
SIA,MG,202504,2760436,0206030037,8.0,1109.04
SIA,MG,202504,2164299,0206030010,21.0,2911.23
SIA,MG,202504,2192128,0206020031,23.0,3137.43
SIA,MG,202504,9228713,0211020036,5.0,25.75
SIA,MG,202504,2098539,0206020015,4.0,347.0
SIA,MG,202504,2172259,0206010044,17.0,1639.31
SIA,MG,202504,7609868,0206010036,2.0,173.52
SIA,MG,202504,2183455,0206010028,2.0,202.2
SIA,MG,202504,6618774,0206030037,98.0,13585.74
SIA,MG,202504,2120194,0211020036,165.0,849.75
SIA,MG,202504,7114982,0206020031,0.0,0.0
SIA,MG,202504,2761106,0206030029,2.0,173.5
SIA,MG,202504,2098938,0206010010,2.0,173.52
SIA,MG,202504,2128047,0206010079,30.0,2923.2
SIA,MG,202504,2183455,0206020031,10.0,1364.1
SIA,MG,202504,2122650,0206020031,29.0,3955.89
SIA,MG,202504,2111640,0206010044,4.0,347.0
SIA,MG,202504,2171988,0206010036,17.0,1474.92
SIA,MG,202504,5338409,0211020036,0.0,0.0
SIA,MG,202504,2119420,0206010060,6.0,584.64
SIA,MG,202504,2172364,0211020036,26.0,133.9
SIA,MG,202504,3050378,0206010079,10.0,974.4
SIA,MG,202504,2111659,0206030010,14.0,1940.82
SIA,MG,202504,2145588,0206030010,29.0,4020.27
SIA,MG,202504,2194937,0206030037,14.0,1940.82
SIA,MG,202504,2218690,0206010052,2.0,173.5
SIA,MG,202504,2208644,0211020036,14.0,72.1
SIA,MG,202504,2162776,0211020036,125.0,643.75
SIA,MG,202504,7858094,0206010079,22.0,2143.68
SIA,MG,202504,2163829,0206010036,2.0,173.52
SIA,MG,202504,2139200,0206010052,4.0,412.6
SIA,MG,202504,2119528,0206020031,15.0,2046.15
SIA,MG,202504,2168553,0206010044,5.0,1500.0
SIA,MG,202504,3938654,0206030010,6.0,1188.0
SIA,MG,202504,2760657,0206030010,30.0,4158.9
SIA,MG,202504,7595247,0206010044,0.0,0.0
SIA,MG,202504,2209195,0206010044,7.0,607.25
SIA,MG,202504,2140098,0206010010,1.0,86.76
SIA,MG,202504,0979538,0208010025,44.0,17974.88
SIA,MG,202504,2209195,0206020023,2.0,173.5
SIA,MG,202504,2204649,0206020023,2.0,173.5
SIA,MG,202504,7038216,0206010052,3.0,260.25
SIA,MG,202504,2204649,0206010036,2.0,173.52
SIA,MG,202504,2796449,0206010044,1.0,184.26
SIA,MG,202504,2206382,0206010036,17.0,1474.92
SIA,MG,202504,3498441,0208010025,9.0,3676.68
SIA,MG,202504,2761106,0206010028,2.0,202.2
SIA,MG,202504,2172887,0206030037,2.0,277.26
SIA,MG,202504,2114763,0206010010,1.0,86.76
SIA,MG,202504,0196347,0206010052,1.0,281.3
SIA,MG,202504,2776855,0211020036,50.0,257.5
SIA,MG,202504,2100681,0206010079,16.0,1559.04
SIA,MG,202504,6340059,0206010052,4.0,347.0
SIA,MG,202504,5516641,0211020036,1.0,5.15
SIA,MG,202504,2756749,0206010028,11.0,1112.1
SIA,MG,202504,9333754,0211020036,7.0,36.05
SIA,MG,202504,2161354,0208010033,14.0,5362.98
SIA,MG,202504,2099454,0206010028,5.0,505.5
SIA,MG,202504,2195224,0211020036,10.0,51.5
SIA,MG,202504,2117134,0206010028,6.0,606.6
SIA,MG,202504,6790151,0206030037,9.0,1247.67
SIA,MG,202504,2144638,0206010079,13.0,1266.72
SIA,MG,202504,2102765,0206030010,10.0,1386.3
SIA,MG,202504,2195453,0208010025,12.0,4902.24
SIA,MG,202504,9547479,0211020060,10.0,300.0
SIA,MG,202504,2761092,0206020015,5.0,433.75
SIA,MG,202504,2120542,0206030029,3.0,260.25
SIA,MG,202504,2118246,0206010044,4.0,347.0
SIA,MG,202504,2140217,0206010079,15.0,1461.6
SIA,MG,202504,2098369,0206010044,5.0,433.75
SIA,MG,202504,2144638,0206010044,3.0,260.25
SIA,MG,202504,7038216,0206020023,3.0,260.25
SIA,MG,202504,6790151,0206010028,16.0,1617.6
SIA,MG,202504,2140217,0206020015,1.0,86.75
SIA,MG,202504,3960668,0206010010,10.0,867.6
SIA,MG,202504,2136937,0206030037,13.0,1802.19
SIA,MG,202504,9228713,0206010028,13.0,1314.3
SIA,MG,202504,2206447,0206020023,1.0,86.75
SIA,MG,202504,2146525,0206020015,3.0,260.25
SIA,MG,202504,7595247,0208010033,0.0,0.0
SIA,MG,202504,2215268,0211020036,240.0,1236.0
SIA,MG,202504,7691807,0206010010,5.0,433.8
SIA,MG,202504,2101777,0206020031,53.0,7229.73
SIA,MG,202504,2776286,0206010044,7.0,607.25
SIA,MG,202504,6705375,0206020031,4.0,545.64
SIA,MG,202504,2144026,0206020023,2.0,173.5
SIA,MG,202504,2172887,0206020031,4.0,545.64
SIA,MG,202504,6618774,0206030029,4.0,347.0
SIA,MG,202504,0981400,0206030010,4.0,554.52
SIA,MG,202504,2140217,0206030010,4.0,554.52
SIA,MG,202504,2098539,0206010044,11.0,954.25
SIA,MG,202504,2124300,0206010052,5.0,433.75
SIA,MG,202504,0981400,0205010016,2.0,330.0
SIA,MG,202504,2760436,0206020031,5.0,682.05
SIA,MG,202504,3938654,0206020031,7.0,2030.0
SIA,MG,202504,2761262,0211020036,75.0,386.25
SIA,MG,202504,2120089,0211020036,20.0,103.0
SIA,MG,202504,2120119,0211020036,14.0,72.1
SIA,MG,202504,2098369,0206030010,24.0,3327.12
SIA,MG,202504,9388354,0206030029,6.0,520.5
SIA,MG,202504,9228713,0206020015,3.0,260.25
SIA,MG,202504,6629725,0206010028,5.0,1425.0
SIA,MG,202504,2209691,0211020036,29.0,149.35
SIA,MG,202504,7795203,0206010044,0.0,0.0
SIA,MG,202504,7082886,0206010052,1.0,281.3
SIA,MG,202504,7962088,0206010052,9.0,780.75
SIA,MG,202504,9344330,0206010044,11.0,954.25
SIA,MG,202504,2208857,0208010033,9.0,3447.63
SIA,MG,202504,2120542,0206020015,1.0,86.75
SIA,MG,202504,2112140,0206030029,7.0,607.25
SIA,MG,202504,2134071,0211020036,56.0,288.4
SIA,MG,202504,5072913,0211020036,1217.0,6267.55
SIA,MG,202504,3996360,0211020060,3.0,90.0
SIA,MG,202504,2140217,0206010028,1.0,101.1
SIA,MG,202504,6085121,0206020023,3.0,520.5
SIA,MG,202504,6705375,0206030037,2.0,277.26
SIA,MG,202504,2099853,0211020036,92.0,473.8
SIA,MG,202504,2761203,0211020036,22.0,113.3
SIA,MG,202504,2205904,0211020036,95.0,489.25
SIA,MG,202504,6093361,0206030037,1.0,138.63
SIA,MG,202504,7038216,0206010036,5.0,433.8
SIA,MG,202504,3145425,0206010079,9.0,876.96
SIA,MG,202504,2215586,0206010036,5.0,433.8
SIA,MG,202504,2098539,0206030037,102.0,14140.26
SIA,MG,202504,2126494,0206010079,372.0,36247.68
SIA,MG,202504,2218690,0211020036,622.0,3203.3
SIA,MG,202504,2764814,0206010079,84.0,8184.96
SIA,MG,202504,7076886,0211020036,452.0,2327.8
SIA,MG,202504,4043219,0211020036,115.0,592.25
SIA,MG,202504,2144638,0206030010,31.0,4297.53
SIA,MG,202504,7076711,0211020060,1.0,30.0
SIA,MG,202504,2098938,0206030010,171.0,23705.73
SIA,MG,202504,2171945,0206030010,332.0,46025.16
SIA,MG,202504,3698548,0211020036,136.0,700.4
SIA,MG,202504,2171988,0206030010,157.0,21764.91
SIA,MG,202504,2098938,0206020031,167.0,22780.47
SIA,MG,202504,2123061,0211020036,109.0,561.35
SIA,MG,202504,2098474,0211020036,480.0,2472.0
SIA,MG,202504,2098938,0211020036,318.0,1637.7
SIA,MG,202504,0828114,0206010079,90.0,8769.6
SIA,MG,202504,2184133,0211020036,25.0,128.75
SIA,MG,202504,2206420,0206010079,16.0,1559.04
SIA,MG,202504,0828114,0206020015,3.0,260.25
SIA,MG,202504,3698548,0206030010,121.0,16774.23
SIA,MG,202504,2220377,0211020036,141.0,726.15
SIA,MG,202504,9563105,0206030037,11.0,3388.0
SIA,MG,202504,2111640,0206030037,200.0,27726.0
SIA,MG,202504,6487556,0208010033,0.0,0.0
SIA,MG,202504,9344330,0206030010,157.0,21764.91
SIA,MG,202504,2761092,0206030010,363.0,50322.69
SIA,MG,202504,5944619,0211020036,69.0,355.35
SIA,MG,202504,3376478,0206010010,3.0,260.28
SIA,MG,202504,2160137,0211020036,366.0,1884.9
SIA,MG,202504,3960668,0206010052,7.0,607.25
SIA,MG,202504,2100754,0206030010,40.0,5545.2
SIA,MG,202504,7413572,0211020036,155.0,798.25
SIA,MG,202504,2192128,0206030037,19.0,2633.97
SIA,MG,202504,2144530,0206010079,60.0,5846.4
SIA,MG,202504,2124300,0211020036,306.0,1575.9
SIA,MG,202504,2123436,0211020036,61.0,314.15
SIA,MG,202504,2161354,0206030037,172.0,23844.36
SIA,MG,202504,2142384,0211020036,205.0,1055.75
SIA,MG,202504,0979538,0208010033,43.0,16472.01
SIA,MG,202504,2172259,0206010079,147.0,15921.57
SIA,MG,202504,3713369,0211020060,114.0,12939.0
SIA,MG,202504,3996360,0211020036,50.0,257.5
SIA,MG,202504,2148471,0211020036,54.0,278.1
SIA,MG,202504,2100754,0206020031,5.0,682.05
SIA,MG,202504,2763958,0211020036,1.0,5.15
SIA,MG,202504,2201879,0206010079,30.0,6450.0
SIA,MG,202504,2204622,0206030037,53.0,7347.39
SIA,MG,202504,2204622,0206020031,27.0,3683.07
SIA,MG,202504,2173565,0206010036,3.0,260.28
SIA,MG,202504,7038216,0211020036,436.0,2245.4
SIA,MG,202504,2796449,0206010010,4.0,737.08
SIA,MG,202504,2143801,0206030010,40.0,5545.2
SIA,MG,202504,6920977,0206010044,44.0,3817.0
SIA,MG,202504,2108933,0211020036,35.0,180.25
SIA,MG,202504,6340059,0206010079,67.0,6528.48
SIA,MG,202504,2760657,0206010028,1.0,101.1
SIA,MG,202504,7076711,0211020036,62.0,319.3
SIA,MG,202504,2136937,0206010079,30.0,2923.2
SIA,MG,202504,6311709,0206010079,0.0,0.0
SIA,MG,202504,2206064,0206010079,34.0,3312.96
SIA,MG,202504,2168553,0206030037,29.0,4020.27
SIA,MG,202504,2206382,0206030037,129.0,17883.27
SIA,MG,202504,2099152,0206030029,1.0,164.83
SIA,MG,202504,2168650,0206020031,8.0,1091.28
SIA,MG,202504,0039047,0211020036,146.0,751.9
SIA,MG,202504,2127091,0211020036,37.0,190.55
SIA,MG,202504,6629725,0206010079,50.0,10750.0
SIA,MG,202504,2127989,0206010052,68.0,5899.0
SIA,MG,202504,2163829,0206030037,20.0,2772.6
SIA,MG,202504,5973163,0211020036,70.0,360.5
SIA,MG,202504,2118246,0206030010,36.0,4990.68
SIA,MG,202504,2139200,0206010044,6.0,618.9
SIA,MG,202504,2140098,0211020036,403.0,2075.45
SIA,MG,202504,9529209,0206010079,8.0,779.52
SIA,MG,202504,2204622,0206010044,11.0,954.25
SIA,MG,202504,2098911,0206020031,50.0,6820.5
SIA,MG,202504,3145425,0206010052,10.0,867.5
SIA,MG,202504,2204622,0206020015,2.0,173.5
SIA,MG,202504,9344330,0206020015,6.0,520.5
SIA,MG,202504,2119420,0206010079,27.0,2630.88
SIA,MG,202504,2796619,0206010028,3.0,303.3
SIA,MG,202504,2144026,0206020015,1.0,86.75
SIA,MG,202504,2215586,0211020036,66.0,339.9
SIA,MG,202504,7595247,0206030037,0.0,0.0
SIA,MG,202504,7795203,0208010025,0.0,0.0
SIA,MG,202504,2144654,0211020036,56.0,288.4
SIA,MG,202504,2169509,0211020036,32.0,164.8
SIA,MG,202504,2120542,0206030010,52.0,7208.76
SIA,MG,202504,2120542,0206030037,56.0,7763.28
SIA,MG,202504,6340059,0206030010,54.0,7486.02
SIA,MG,202504,6959415,0206010079,0.0,0.0
SIA,MG,202504,2143801,0206020031,13.0,1773.33
SIA,MG,202504,2172860,0211020036,106.0,545.9
SIA,MG,202504,6959415,0206010028,0.0,0.0
SIA,MG,202504,6093361,0206010079,11.0,1071.84
SIA,MG,202504,2841622,0206010079,25.0,2436.0
SIA,MG,202504,2144026,0206010079,15.0,1461.6
SIA,MG,202504,7507631,0211020036,11.0,56.65
SIA,MG,202504,3050378,0206010052,1.0,86.75
SIA,MG,202504,7609868,0206010079,41.0,3995.04
SIA,MG,202504,7795203,0206030029,0.0,0.0
SIA,MG,202504,2144298,0206010036,24.0,2082.24
SIA,MG,202504,2119420,0206020031,2.0,272.82
SIA,MG,202504,2146525,0206030010,51.0,7070.13
SIA,MG,202504,2099152,0206010010,6.0,993.06
SIA,MG,202504,2159252,0206010079,32.0,3118.08
SIA,MG,202504,2171945,0206020023,6.0,520.5
SIA,MG,202504,6776434,0206030010,0.0,0.0
SIA,MG,202504,2761165,0211020036,32.0,164.8
SIA,MG,202504,2146525,0206020031,43.0,5865.63
SIA,MG,202504,6618774,0206010052,1.0,86.75
SIA,MG,202504,2129469,0206010044,4.0,347.0
SIA,MG,202504,2139200,0206030037,46.0,7518.7
SIA,MG,202504,7691807,0206010052,2.0,173.5
SIA,MG,202504,0922366,0211020036,120.0,618.0
SIA,MG,202504,7609868,0206010044,7.0,607.25
SIA,MG,202504,2173565,0206030037,13.0,1802.19
SIA,MG,202504,7858094,0206010036,1.0,86.76
SIA,MG,202504,0828114,0206030010,31.0,4297.53
SIA,MG,202504,3698548,0206020031,59.0,8048.19
SIA,MG,202504,2168553,0206010028,6.0,606.6
SIA,MG,202504,9228713,0206030037,3.0,415.89
SIA,MG,202504,2122650,0206030029,1.0,86.75
SIA,MG,202504,9563105,0206030010,8.0,2960.0
SIA,MG,202504,6263755,0211020036,28.0,144.2
SIA,MG,202504,9368221,0211020036,0.0,0.0
SIA,MG,202504,5824591,0206010079,4.0,389.76
SIA,MG,202504,2709635,0211020036,7.0,36.05
SIA,MG,202504,6432654,0206020031,11.0,1500.51
SIA,MG,202504,2759403,0211020060,16.0,480.0
SIA,MG,202504,2172941,0211020036,43.0,221.45
SIA,MG,202504,9344330,0206010010,11.0,954.36
SIA,MG,202504,6618774,0206010036,6.0,520.56
SIA,MG,202504,2135124,0206010079,1.0,97.44
SIA,MG,202504,3960668,0206030037,43.0,5961.09
SIA,MG,202504,2111659,0206030037,13.0,1802.19
SIA,MG,202504,2111640,0206010010,3.0,260.28
SIA,MG,202504,2761041,0208010033,30.0,11492.1
SIA,MG,202504,2143992,0206010079,33.0,3215.52
SIA,MG,202504,2198037,0211020036,69.0,355.35
SIA,MG,202504,2201879,0206010028,2.0,570.0
SIA,MG,202504,6631487,0206010044,9.0,1800.0
SIA,MG,202504,2098539,0206010010,12.0,1041.12
SIA,MG,202504,6448526,0208010033,19.0,7278.33
SIA,MG,202504,2144026,0206010028,1.0,101.1
SIA,MG,202504,2146525,0206030029,6.0,520.5
SIA,MG,202504,5338409,0206010052,0.0,0.0
SIA,MG,202504,2796619,0206030029,1.0,86.75
SIA,MG,202504,2138875,0206030010,22.0,3049.86
SIA,MG,202504,6471226,0206030010,4.0,554.52
SIA,MG,202504,2110075,0208010025,54.0,22060.08
SIA,MG,202504,3960668,0206030029,14.0,1214.5
SIA,MG,202504,2135132,0206020023,1.0,86.75
SIA,MG,202504,2775999,0206030029,4.0,347.0
SIA,MG,202504,6959415,0206010052,0.0,0.0
SIA,MG,202504,2136236,0211020036,110.0,566.5
SIA,MG,202504,2135132,0211020036,0.0,0.0
SIA,MG,202504,2098539,0206010036,11.0,954.36
SIA,MG,202504,2194937,0206020031,8.0,1091.28
SIA,MG,202504,0981400,0206020015,3.0,260.25
SIA,MG,202504,2149710,0211020036,86.0,442.9
SIA,MG,202504,7114982,0206010010,0.0,0.0
SIA,MG,202504,2140411,0211020036,179.0,921.85
SIA,MG,202504,2098369,0206010028,4.0,404.4
SIA,MG,202504,2119420,0211020036,57.0,293.55
SIA,MG,202504,6631487,0206020023,2.0,400.0
SIA,MG,202504,7691807,0206010079,21.0,2046.24
SIA,MG,202504,2140098,0206020031,5.0,682.05
SIA,MG,202504,2201542,0206010010,5.0,433.8
SIA,MG,202504,7858094,0206010044,2.0,173.5
SIA,MG,202504,2206447,0206020031,4.0,545.64
SIA,MG,202504,2760657,0211020036,163.0,839.45
SIA,MG,202504,2127725,0211020036,517.0,2662.55
SIA,MG,202504,2760843,0206010028,3.0,303.3
SIA,MG,202504,2144530,0206020015,1.0,86.75
SIA,MG,202504,6471226,0206010079,8.0,779.52
SIA,MG,202504,2143992,0206030029,3.0,260.25
SIA,MG,202504,2171945,0211020036,225.0,1158.75
SIA,MG,202504,2142376,0206030029,1.0,86.75
SIA,MG,202504,7609868,0206010010,4.0,347.04
SIA,MG,202504,2171988,0206020023,6.0,520.5
SIA,MG,202504,2172259,0206010036,11.0,1060.84
SIA,MG,202504,2161354,0211020036,50.0,257.5
SIA,MG,202504,2168553,0206020023,2.0,173.5
SIA,MG,202504,2159252,0206010036,2.0,173.52
SIA,MG,202504,2201879,0211020060,12.0,660.0
SIA,MG,202504,2776286,0206030010,7.0,970.41
SIA,MG,202504,2208857,0206030010,19.0,2633.97
SIA,MG,202504,3871797,0206010052,0.0,0.0
SIA,MG,202504,2105780,0206030029,7.0,607.25
SIA,MG,202504,2143801,0206010028,5.0,505.5
SIA,MG,202504,2127989,0206020023,7.0,607.25
SIA,MG,202504,7387377,0206010044,5.0,1406.5
SIA,MG,202504,2796392,0206010036,1.0,86.76
SIA,MG,202504,6631487,0206010052,7.0,1400.0
SIA,MG,202504,7082886,0206010036,2.0,562.6
SIA,MG,202504,2201542,0206010036,4.0,347.04
SIA,MG,202504,2098407,0206010010,2.0,173.52
SIA,MG,202504,0979538,0206010052,5.0,433.75
SIA,MG,202504,2760843,0206010010,5.0,433.8
SIA,MG,202504,3145425,0206020023,5.0,433.75
SIA,MG,202504,2178559,0206030037,1.0,138.63
SIA,MG,202504,2204649,0206010044,9.0,780.75
SIA,MG,202504,7858094,0206030010,8.0,1109.04
SIA,MG,202504,2764814,0206010010,12.0,1041.12
SIA,MG,202504,6432654,0206010052,1.0,86.75
SIA,MG,202504,2128047,0206030029,2.0,173.5
SIA,MG,202504,2099152,0206010036,1.0,164.83
SIA,MG,202504,2138875,0211020036,11.0,56.65
SIA,MG,202504,6920977,0206010052,1.0,86.75
SIA,MG,202504,2709848,0206030029,2.0,173.5
SIA,MG,202504,2138875,0206020031,4.0,545.64
SIA,MG,202504,2775999,0206010036,6.0,520.56
SIA,MG,202504,2118246,0206020015,1.0,86.75
SIA,MG,202504,7962088,0206010079,10.0,974.4
SIA,MG,202504,9681752,0206030010,4.0,554.52
SIA,MG,202504,2098911,0206010052,3.0,260.25
SIA,MG,202504,2756749,0206010052,2.0,173.5
SIA,MG,202504,2760436,0206020023,1.0,86.75
SIA,MG,202504,6766358,0206010079,1.0,97.44
SIA,MG,202504,7977719,0205010016,2.0,330.0
SIA,MG,202504,2159252,0206010010,1.0,86.76
SIA,MG,202504,6790151,0206010060,1.0,97.44
SIA,MG,202504,2144530,0206010010,4.0,347.04
SIA,MG,202504,2139073,0211020036,92.0,473.8
SIA,MG,202504,7038216,0206020015,5.0,433.75
SIA,MG,202504,2205939,0206010044,11.0,954.25
SIA,MG,202504,2206447,0206010079,11.0,1071.84
SIA,MG,202504,2209195,0206010028,10.0,1011.0
SIA,MG,202504,3938654,0206010052,1.0,131.0
SIA,MG,202504,2761041,0206030037,2.0,277.26
SIA,MG,202504,2195453,0206010036,5.0,433.8
SIA,MG,202504,2159252,0206020015,1.0,86.75
SIA,MG,202504,7609868,0211020060,5.0,150.0
SIA,MG,202504,2099454,0206030029,1.0,86.75
SIA,MG,202504,2120542,0206010010,4.0,347.04
SIA,MG,202504,2098369,0206020015,2.0,173.5
SIA,MG,202504,2164299,0206010036,1.0,86.76
SIA,MG,202504,9681752,0206010079,1.0,97.44
SIA,MG,202504,6790151,0206010010,4.0,347.04
SIA,MG,202504,0828114,0206030029,2.0,173.5
SIA,MG,202504,2136937,0206010044,1.0,86.75
SIA,MG,202504,2168553,0206020015,1.0,86.75
SIA,MG,202504,2122650,0206010044,2.0,173.5
SIA,MG,202504,2133563,0211020036,35.0,180.25
SIA,MG,202504,2156709,0211020036,54.0,278.1
SIA,MG,202504,5796601,0206010044,3.0,260.25
SIA,MG,202504,3498441,0206030029,3.0,260.25
SIA,MG,202504,2173166,0206020023,5.0,867.5
SIA,MG,202504,2144530,0206030029,1.0,86.75
SIA,MG,202504,2218690,0206020015,1.0,86.75
SIA,MG,202504,2205734,0206030010,2.0,277.26
SIA,MG,202504,2101777,0206020023,1.0,86.75
SIA,MG,202504,6340059,0206010010,6.0,520.56
SIA,MG,202504,2171945,0206010036,5.0,433.8
SIA,MG,202504,2139227,0211020036,19.0,97.85
SIA,MG,202504,6955452,0211020036,540.0,2781.0
SIA,MG,202504,2124300,0206020015,2.0,173.5
SIA,MG,202504,9591931,0206010052,1.0,86.75
SIA,MG,202504,7795203,0208010033,0.0,0.0
SIA,MG,202504,2164299,0206020023,1.0,86.75
SIA,MG,202504,2120194,0206030010,0.0,0.0
SIA,MG,202504,2841622,0206010010,1.0,86.76
SIA,MG,202504,2148870,0211020036,65.0,334.75
SIA,MG,202504,2163829,0206030029,2.0,173.5
SIA,MG,202504,2142376,0206020031,5.0,682.05
SIA,MG,202504,2171988,0206010052,3.0,260.25
SIA,MG,202504,6766358,0206020031,6.0,818.46
SIA,MG,202504,6340059,0206020015,5.0,433.75
SIA,MG,202504,2140217,0206010036,1.0,86.76
SIA,MG,202504,9563105,0206010010,4.0,1152.0
SIA,MG,202504,2189860,0211020036,221.0,1138.15
SIA,MG,202504,2760681,0206010010,1.0,86.76
SIA,MG,202504,2140217,0206020023,2.0,173.5
SIA,MG,202504,2208822,0206020031,4.0,545.64
SIA,MG,202504,0828114,0206010010,1.0,86.76
SIA,MG,202504,2168650,0206030029,2.0,173.5
SIA,MG,202504,9673717,0206020023,0.0,0.0
SIA,MG,202504,2204649,0206030029,1.0,86.75
SIA,MG,202504,2146444,0211020036,266.0,1369.9
SIA,MG,202504,2218690,0206020023,3.0,260.25
SIA,MG,202504,7795203,0206020015,0.0,0.0
SIA,MG,202504,3871797,0206020023,0.0,0.0
SIA,MG,202504,7082886,0206010044,3.0,843.9
SIA,MG,202504,7962088,0206010044,1.0,86.75
SIA,MG,202504,0979538,0206010036,3.0,260.28
SIA,MG,202504,2206064,0206020023,2.0,173.5
SIA,MG,202504,2201879,0206010010,1.0,240.0
SIA,MG,202504,2208822,0206010052,2.0,173.5
SIA,MG,202504,7082886,0206010010,1.0,281.3
SIA,MG,202504,2192128,0206020015,1.0,86.75
SIA,MG,202504,9228713,0206010044,3.0,260.25
SIA,MG,202504,2760657,0206020015,1.0,86.75
SIA,MG,202504,2135132,0206010052,1.0,86.75
SIA,MG,202504,2117568,0206030010,4.0,554.52
SIA,MG,202504,6892256,0206010028,10.0,1011.0
SIA,MG,202504,2709848,0206010079,140.0,13641.6
SIA,MG,202504,3498441,0206010079,111.0,10815.84
SIA,MG,202504,2195453,0206010052,91.0,7894.25
SIA,MG,202504,2129469,0206030037,139.0,19269.57
SIA,MG,202504,2111640,0206020031,234.0,31919.94
SIA,MG,202504,5796601,0206030037,11.0,1524.93
SIA,MG,202504,2155745,0211020036,148.0,762.2
SIA,MG,202504,9228713,0206010079,13.0,1266.72
SIA,MG,202504,2204622,0206010079,128.0,12472.32
SIA,MG,202504,2201542,0211020036,221.0,1138.15
SIA,MG,202504,6920977,0206010010,35.0,3036.6
SIA,MG,202504,2145588,0206010079,24.0,2338.56
SIA,MG,202504,2173166,0206010079,107.0,20852.16
SIA,MG,202504,2206382,0206020031,65.0,8866.65
SIA,MG,202504,2138875,0206030037,22.0,3049.86
SIA,MG,202504,2206382,0208010033,24.0,9193.68
SIA,MG,202504,2148293,0206010010,15.0,1301.4
SIA,MG,202504,2796562,0206020031,1.0,136.41
SIA,MG,202504,9673717,0206010036,0.0,0.0
SIA,MG,202504,2146525,0206010079,86.0,8379.84
SIA,MG,202504,2168707,0206030037,81.0,11229.03
SIA,MG,202504,6085121,0206010079,23.0,4482.24
SIA,MG,202504,2709848,0206020031,15.0,2046.15
SIA,MG,202504,3498441,0208010033,9.0,3447.63
SIA,MG,202504,2764512,0211020036,57.0,293.55
SIA,MG,202504,2796392,0206010028,7.0,707.7
SIA,MG,202504,2144298,0206020031,69.0,9412.29
SIA,MG,202504,9673717,0211020060,0.0,0.0
SIA,MG,202504,2125943,0211020036,163.0,839.45
SIA,MG,202504,2126494,0206010036,41.0,3557.16
SIA,MG,202504,7858094,0206010028,3.0,303.3
SIA,MG,202504,2126494,0206020015,30.0,2602.5
SIA,MG,202504,2159252,0206010028,3.0,303.3
SIA,MG,202504,2172259,0206030010,98.0,15101.8
SIA,MG,202504,3498441,0206020031,54.0,7366.14
SIA,MG,202504,2143801,0206010044,5.0,433.75
SIA,MG,202504,6631487,0211020060,28.0,3920.0
SIA,MG,202504,4042085,0206010010,3.0,260.28
SIA,MG,202504,7387377,0206010052,2.0,562.6
SIA,MG,202504,2109034,0206030037,1.0,262.83
SIA,MG,202504,2105780,0206020015,7.0,607.25
SIA,MG,202504,7795203,0206010010,0.0,0.0
SIA,MG,202504,2785684,0206010028,1.0,202.2
SIA,MG,202504,2785684,0206010079,23.0,4482.24
SIA,MG,202504,3376478,0206020023,1.0,86.75
SIA,MG,202504,2759306,0211020060,24.0,720.0
SIA,MG,202504,2110075,0206030037,20.0,2772.6
SIA,MG,202504,2221985,0211020036,75.0,386.25
SIA,MG,202504,5824591,0206030010,10.0,1386.3
SIA,MG,202504,2163829,0206010028,3.0,303.3
SIA,MG,202504,2164299,0206010010,2.0,173.52
SIA,MG,202504,2099454,0206020015,1.0,86.75
SIA,MG,202504,2192128,0206030010,18.0,2495.34
SIA,MG,202504,4042085,0206010036,2.0,173.52
SIA,MG,202504,2168707,0206010044,2.0,173.5
SIA,MG,202504,2118246,0206030037,37.0,5129.31
SIA,MG,202504,2120194,0211020060,16.0,480.0
SIA,MG,202504,2099438,0206030010,22.0,3049.86
SIA,MG,202504,6323405,0211020060,10.0,300.0
SIA,MG,202504,6705375,0206010044,8.0,694.0
SIA,MG,202504,2172259,0206020015,1.0,96.43
SIA,MG,202504,2168650,0206030037,24.0,3327.12
SIA,MG,202504,7114982,0206010044,0.0,0.0
SIA,MG,202504,2764814,0206010028,9.0,909.9
SIA,MG,202504,2115654,0211020036,99.0,509.85
SIA,MG,202504,2115077,0211020036,0.0,0.0
SIA,MG,202504,2114763,0206010079,58.0,5651.52
SIA,MG,202504,2110075,0208010033,54.0,20685.78
SIA,MG,202504,2143801,0206020023,8.0,694.0
SIA,MG,202504,2129566,0206030037,6.0,831.78
SIA,MG,202504,2215586,0206020023,2.0,173.5
SIA,MG,202504,2205939,0206010010,15.0,1301.4
SIA,MG,202504,2098938,0206030037,139.0,19269.57
SIA,MG,202504,2099454,0206020031,18.0,2455.38
SIA,MG,202504,2119498,0211020036,64.0,329.6
SIA,MG,202504,2129469,0208010025,1.0,408.52
SIA,MG,202504,6892256,0206010010,4.0,347.04
SIA,MG,202504,2111659,0211020036,11.0,56.65
SIA,MG,202504,2756749,0206020031,42.0,5729.22
SIA,MG,202504,2111640,0206010052,23.0,1995.25
SIA,MG,202504,2124300,0206010079,130.0,12667.2
SIA,MG,202504,0979538,0206010044,19.0,1648.25
SIA,MG,202504,6275621,0211020060,27.0,810.0
SIA,MG,202504,2099497,0206020031,0.0,0.0
SIA,MG,202504,9419977,0206020031,24.0,3273.84
SIA,MG,202504,2172259,0206030037,104.0,16026.4
SIA,MG,202504,0981400,0211020036,2.0,10.3
SIA,MG,202504,2140098,0206030010,7.0,970.41
SIA,MG,202504,4041437,0211020036,204.0,1050.6
SIA,MG,202504,7114982,0206010052,0.0,0.0
SIA,MG,202504,7114982,0211020060,0.0,0.0
SIA,MG,202504,2101866,0211020036,100.0,515.0
SIA,MG,202504,2776030,0211020036,193.0,993.95
SIA,MG,202504,2122650,0206030037,5.0,693.15
SIA,MG,202504,2099454,0206030010,52.0,7208.76
SIA,MG,202504,2761092,0206010028,17.0,1718.7
SIA,MG,202504,2144298,0206010052,4.0,347.0
SIA,MG,202504,2208857,0206010079,2.0,194.88
SIA,MG,202504,6487556,0206010010,0.0,0.0
SIA,MG,202504,6085121,0206010028,4.0,808.8
SIA,MG,202504,2195453,0206010010,6.0,520.56
SIA,MG,202504,2161354,0206010010,55.0,4771.8
SIA,MG,202504,6892256,0206010044,11.0,954.25
SIA,MG,202504,2195453,0211020036,29.0,149.35
SIA,MG,202504,6214371,0211020060,0.0,0.0
SIA,MG,202504,2126494,0206010028,45.0,4549.5
SIA,MG,202504,2173565,0206010028,26.0,2628.6
SIA,MG,202504,6776434,0206010036,0.0,0.0
SIA,MG,202504,6340059,0206010036,4.0,347.04
SIA,MG,202504,2163829,0206020015,1.0,86.75
SIA,MG,202504,2099713,0211020036,45.0,231.75
SIA,MG,202504,7101406,0206030010,7.0,970.41
SIA,MG,202504,9046658,0211020060,42.0,1260.0
SIA,MG,202504,6959415,0206020015,0.0,0.0
SIA,MG,202504,2124300,0206030037,124.0,17190.12
SIA,MG,202504,2163829,0206010010,17.0,1474.92
SIA,MG,202504,3960668,0211020060,38.0,1140.0
SIA,MG,202504,2119528,0206010044,2.0,173.5
SIA,MG,202504,6892256,0206010060,1.0,97.44
SIA,MG,202504,2113996,0211020036,119.0,612.85
SIA,MG,202504,6487556,0206010036,0.0,0.0
SIA,MG,202504,2102765,0206020031,5.0,682.05
SIA,MG,202504,2796619,0206030037,88.0,12199.44
SIA,MG,202504,2098407,0206020031,18.0,2455.38
SIA,MG,202504,7595247,0206010028,0.0,0.0
SIA,MG,202504,6432654,0211020036,10.0,51.5
SIA,MG,202504,2173565,0206010010,11.0,954.36
SIA,MG,202504,0979538,0211020060,99.0,2970.0
SIA,MG,202504,2173166,0206010028,6.0,1213.2
SIA,MG,202504,2173166,0206010010,5.0,867.6
SIA,MG,202504,2144298,0206030029,4.0,347.0
SIA,MG,202504,3698548,0206030037,22.0,3049.86
SIA,MG,202504,2796562,0206010028,1.0,101.1
SIA,MG,202504,2120542,0206010028,7.0,707.7
SIA,MG,202504,2139200,0206010028,8.0,958.64
SIA,MG,202504,2200473,0206020031,43.0,5865.63
SIA,MG,202504,2168650,0206010028,3.0,303.3
SIA,MG,202504,7962088,0206010028,2.0,202.2
SIA,MG,202504,2212447,0211020036,34.0,175.1
SIA,MG,202504,9673717,0206010044,0.0,0.0
SIA,MG,202504,2128047,0206030010,13.0,1802.19
SIA,MG,202504,2128047,0206020031,15.0,2046.15
SIA,MG,202504,3376478,0206030037,8.0,1109.04
SIA,MG,202504,2161354,0206010028,18.0,1819.8
SIA,MG,202504,2099454,0206010010,10.0,867.6
SIA,MG,202504,2761092,0206010010,14.0,1214.64
SIA,MG,202504,2760681,0206030010,12.0,1663.56
SIA,MG,202504,0979538,0206030037,17.0,2356.71
SIA,MG,202504,2119528,0206010036,5.0,433.8
SIA,MG,202504,2164299,0206020031,6.0,818.46
SIA,MG,202504,2218690,0206010060,1.0,97.44
SIA,MG,202504,2118246,0206020031,17.0,2318.97
SIA,MG,202504,2098407,0206030029,3.0,260.25
SIA,MG,202504,6776434,0206010010,0.0,0.0
SIA,MG,202504,2148293,0206030029,12.0,1041.0
SIA,MG,202504,2173166,0206020015,1.0,173.5
SIA,MG,202504,9419977,0206010044,6.0,520.5
SIA,MG,202504,3938654,0206010079,7.0,977.9
SIA,MG,202504,3960668,0206010044,14.0,1214.5
SIA,MG,202504,2100681,0206030010,14.0,1940.82
SIA,MG,202504,2142376,0206010044,1.0,86.75
SIA,MG,202504,7595247,0206010010,0.0,0.0
SIA,MG,202504,2162601,0211020036,50.0,257.5
SIA,MG,202504,6892256,0206030029,4.0,347.0
SIA,MG,202504,2209195,0206030029,1.0,86.75
SIA,MG,202504,2796449,0206020031,5.0,921.35
SIA,MG,202504,7114982,0206010036,0.0,0.0
SIA,MG,202504,9127666,0211020036,280.0,1442.0
SIA,MG,202504,5796601,0206020023,1.0,86.75
SIA,MG,202504,2109034,0206030010,1.0,262.83
SIA,MG,202504,2142376,0206030037,8.0,1109.04
SIA,MG,202504,2172887,0206010044,8.0,694.0
SIA,MG,202504,2119420,0206030010,11.0,1524.93
SIA,MG,202504,2101777,0206010052,3.0,260.25
SIA,MG,202504,2099438,0206010010,1.0,86.76
SIA,MG,202504,6892256,0206010052,2.0,173.5
SIA,MG,202504,9344330,0206010052,3.0,260.25
SIA,MG,202504,2159252,0206020023,1.0,86.75
SIA,MG,202504,2776286,0206010036,1.0,86.76
SIA,MG,202504,0041548,0206010044,4.0,347.0
SIA,MG,202504,9368221,0206010044,0.0,0.0
SIA,MG,202504,2201542,0206020023,1.0,86.75
SIA,MG,202504,4041283,0211020036,121.0,623.15
SIA,MG,202504,2099438,0211020036,77.0,396.55
SIA,MG,202504,7962088,0206020015,5.0,433.75
SIA,MG,202504,2182793,0211020036,114.0,587.1
SIA,MG,202504,6006361,0206010052,0.0,0.0
SIA,MG,202504,7858094,0206030029,2.0,173.5
SIA,MG,202504,2761092,0206030029,5.0,433.75
SIA,MG,202504,2126494,0211020036,814.0,4192.1
SIA,MG,202504,2100681,0206010036,3.0,260.28
SIA,MG,202504,2112140,0206020015,1.0,86.75
SIA,MG,202504,2100681,0206010010,3.0,260.28
SIA,MG,202504,2103397,0211020036,75.0,386.25
SIA,MG,202504,2761092,0206020023,1.0,86.75
SIA,MG,202504,2168707,0206020023,2.0,173.5
SIA,MG,202504,2140098,0206010028,4.0,404.4
SIA,MG,202504,7031882,0211020036,383.0,1972.45
SIA,MG,202504,6856209,0211020036,136.0,700.4
SIA,MG,202504,2760924,0206030010,2.0,277.26
SIA,MG,202504,7795203,0206020023,0.0,0.0
SIA,MG,202504,9228713,0206010060,2.0,194.88
SIA,MG,202504,2760436,0206010028,5.0,505.5
SIA,MG,202504,2146487,0211020036,120.0,618.0
SIA,MG,202504,2208822,0206030037,8.0,1109.04
SIA,MG,202504,2796619,0206020023,1.0,86.75
SIA,MG,202504,2794381,0211020036,66.0,339.9
SIA,MG,202504,2776286,0206010010,2.0,173.52
SIA,MG,202504,2796619,0206010052,3.0,260.25
SIA,MG,202504,6705375,0206030010,2.0,277.26
SIA,MG,202504,2098911,0206010044,8.0,694.0
SIA,MG,202504,2139049,0211020036,4.0,20.6
SIA,MG,202504,2114763,0206010044,1.0,86.75
SIA,MG,202504,2794268,0211020036,8.0,41.2
SIA,MG,202504,7391242,0211020036,165.0,849.75
SIA,MG,202504,3754731,0211020036,176.0,906.4
SIA,MG,202504,0846589,0211020036,142.0,731.3
SIA,MG,202504,5350697,0211020036,133.0,3724.0
SIA,MG,202504,5661757,0211020036,17.0,87.55
SIA,MG,202504,2170299,0211020036,133.0,684.95
SIA,MG,202504,2143801,0206030029,3.0,260.25
SIA,MG,202504,7469144,0211020036,690.0,3553.5
SIA,MG,202504,2142376,0206010028,1.0,101.1
SIA,MG,202504,2797364,0211020036,134.0,690.1
SIA,MG,202504,2144522,0211020036,32.0,164.8
SIA,MG,202504,2212269,0211020036,210.0,1081.5
SIA,MG,202504,2212617,0211020036,38.0,195.7
SIA,MG,202504,2183455,0206020023,1.0,86.75
SIA,MG,202504,2760436,0211020060,25.0,750.0
SIA,MG,202504,2192128,0211020036,126.0,648.9
SIA,MG,202504,2099454,0211020036,80.0,412.0
SIA,MG,202504,2128047,0206010052,1.0,86.75
SIA,MG,202504,9591931,0206020031,1.0,136.41
SIA,MG,202504,2796619,0206020015,1.0,86.75
SIA,MG,202504,2098407,0206010028,6.0,606.6
SIA,MG,202504,2203448,0211020036,100.0,515.0
SIA,MG,202504,3871797,0206020015,0.0,0.0
SIA,MG,202504,7106548,0211020036,403.0,2075.45
SIA,MG,202504,2144255,0211020036,165.0,849.75
SIA,MG,202504,2761254,0211020036,89.0,458.35
SIA,MG,202504,0041548,0206020031,5.0,682.05
SIA,MG,202504,2099152,0211020060,31.0,930.0
SIA,MG,202504,2121727,0211020036,139.0,715.85
SIA,MG,202504,2760657,0206010010,2.0,173.52
SIA,MG,202504,2841622,0206030029,2.0,173.5
SIA,MG,202504,2099721,0211020036,54.0,278.1
SIA,MG,202504,2760827,0211020036,47.0,242.05
SIA,MG,202504,2764814,0206010052,1.0,86.75
SIA,MG,202504,2109034,0211020036,112.0,576.8
SIA,MG,202504,9474439,0211020036,140.0,721.0
SIA,MG,202504,2194937,0206010028,2.0,202.2
SIA,MG,202504,7962088,0206010036,2.0,173.52
SIA,MG,202504,2129469,0208010033,1.0,383.07
SIA,MG,202504,2099438,0206020031,6.0,818.46
SIA,MG,202504,2103311,0211020036,75.0,386.25
SIA,MG,202504,2121514,0211020036,48.0,247.2
SIA,MG,202504,2110075,0206010052,2.0,173.5
SIA,MG,202504,2135132,0206010087,1.0,138.63
SIA,MG,202504,2098938,0206010036,2.0,173.52
SIA,MG,202504,2841622,0206020023,1.0,86.75
SIA,MG,202504,2100681,0206020031,4.0,545.64
SIA,MG,202504,2159651,0211020036,1.0,5.15
SIA,MG,202504,2128020,0211020036,59.0,303.85
SIA,MG,202504,2127687,0211020036,7.0,36.05
SIA,MG,202504,2760924,0206020031,2.0,272.82
SIA,MG,202504,2168448,0211020036,100.0,515.0
SIA,MG,202504,2099926,0211020036,141.0,726.15
SIA,MG,202504,3960668,0206020023,1.0,86.75
SIA,MG,202504,2099152,0211020036,235.0,1210.25
SIA,MG,202504,3883582,0206030010,1.0,138.63
SIA,MG,202504,2102684,0211020036,30.0,154.5
SIA,MG,202504,9681752,0206010052,1.0,86.75
SIA,MG,202504,2105446,0211020036,25.0,128.75
SIA,MG,202504,2168707,0206010036,1.0,86.76
SIA,MG,202504,2117282,0211020036,37.0,190.55
SIA,MG,202504,2206552,0211020036,24.0,123.6
SIA,MG,202504,2796619,0211020036,166.0,854.9
SIA,MG,202504,2146789,0211020036,224.0,1153.6
SIA,MG,202504,2146770,0211020036,91.0,468.65
SIA,MG,202504,6697054,0211020036,8.0,41.2
SIA,MG,202504,2120399,0211020036,49.0,252.35
SIA,MG,202504,2144530,0211020036,162.0,834.3
SIA,MG,202504,2101262,0211020036,343.0,1766.45
SIA,MG,202504,2172712,0211020036,88.0,453.2
SIA,MG,202504,2144638,0206030037,4.0,554.52
SIA,MG,202504,7061773,0211020036,679.0,3496.85
SIA,MG,202504,6569803,0211020036,154.0,793.1
SIA,MG,202504,2171961,0211020036,89.0,458.35
SIA,MG,202504,2764792,0211020036,75.0,386.25
SIA,MG,202504,2761041,0211020036,112.0,576.8
SIA,MG,202504,2160471,0211020036,38.0,195.7
SIA,MG,202504,9571019,0211020036,24.0,123.6
SIA,MG,202504,2761092,0211020036,92.0,473.8
SIA,MG,202504,3224945,0211020036,80.0,412.0
SIA,MG,202504,2141817,0211020036,45.0,231.75
SIA,MG,202504,2167522,0211020036,4.0,20.6
SIA,MG,202504,2215586,0206010052,1.0,86.75
SIA,MG,202504,9980547,0211020060,10.0,300.0
SIA,MG,202504,2120496,0211020036,196.0,1009.4
SIA,MG,202504,3238342,0211020036,3.0,15.45
SIA,MG,202504,2114135,0211020036,165.0,849.75
SIA,MG,202504,2184311,0211020036,122.0,628.3
SIA,MG,202504,2144573,0211020036,93.0,478.95
SIA,MG,202504,2117177,0211020036,71.0,365.65
SIA,MG,202504,2192128,0206020023,1.0,86.75
SIA,MG,202504,6618774,0206020015,2.0,173.5
SIA,MG,202504,2144611,0211020036,48.0,247.2
SIA,MG,202504,2120488,0211020036,250.0,1287.5
SIA,MG,202504,2115360,0211020036,80.0,412.0
SIA,MG,202504,2170086,0211020036,63.0,324.45
SIA,MG,202504,6319769,0211020036,7.0,36.05
SIA,MG,202504,2204762,0211020036,511.0,2631.65
SIA,MG,202504,2168707,0206020015,2.0,173.5
SIA,MG,202504,2105365,0211020036,456.0,2348.4
SIA,MG,202504,2126559,0211020036,125.0,643.75
SIA,MG,202504,2100754,0206010052,2.0,173.5
SIA,MG,202504,2098539,0206020023,2.0,173.5
SIA,MG,202504,2213478,0211020036,67.0,345.05
SIA,MG,202504,2145537,0211020036,0.0,0.0
SIA,MG,202504,6766358,0206030010,1.0,138.63
SIA,MG,202504,2140217,0206020031,2.0,272.82
SIA,MG,202504,2100347,0211020036,15.0,77.25
SIA,MG,202504,2179172,0211020036,89.0,458.35
SIA,MG,202504,2169657,0211020036,193.0,993.95
SIA,MG,202504,2171988,0211020036,493.0,2538.95
SIA,MG,202504,2760436,0211020036,1.0,5.15
SIA,MG,202504,2776847,0211020036,53.0,272.95
SIA,MG,202504,2165635,0211020036,147.0,757.05
SIA,MG,202504,2119501,0211020036,128.0,659.2
SIA,MG,202504,2179237,0211020036,15.0,77.25
SIA,MG,202504,2098407,0206020023,1.0,86.75
SIA,MG,202504,2099586,0211020036,50.0,257.5
SIA,MG,202504,2134314,0211020036,174.0,896.1
SIA,MG,202504,2160315,0211020036,205.0,1055.75
SIA,MG,202504,2102765,0206030029,2.0,173.5
SIA,MG,202504,3048675,0211020036,198.0,1019.7
SIA,MG,202504,2115506,0211020036,137.0,705.55
SIA,MG,202504,6892256,0206010036,1.0,86.76
SIA,MG,202504,2165643,0211020036,189.0,973.35
SIA,MG,202504,2148293,0211020036,21.0,108.15
SIA,MG,202504,2163829,0211020036,17.0,87.55
SIA,MG,202504,2172836,0211020036,38.0,195.7
SIA,MG,202504,2775999,0206020015,2.0,173.5
SIA,MG,202504,2178494,0211020036,440.0,2266.0
SIA,MG,202504,7959079,0211020036,260.0,1339.0
SIA,MG,202504,2132877,0211020036,3.0,15.45
SIA,MG,202504,2214067,0211020036,30.0,154.5
SIA,MG,202504,5473586,0206030010,0.0,0.0
SIA,MG,202504,2198797,0211020036,4.0,20.6
SIA,MG,202504,2142244,0211020036,130.0,669.5
SIA,MG,202504,2102056,0211020036,60.0,309.0
SIA,MG,202504,0133876,0211020036,282.0,1452.3
SIA,MG,202504,2149788,0211020036,1.0,5.15
SIA,MG,202504,2148005,0211020036,168.0,865.2
SIA,MG,202504,2203332,0211020036,56.0,288.4
SIA,MG,202504,2163438,0211020036,31.0,103.0
SIA,MG,202504,3238431,0211020036,84.0,432.6
SIA,MG,202504,6655203,0211020036,30.0,154.5
SIA,MG,202504,2099233,0211020036,201.0,1035.15
SIA,MG,202504,6892256,0206020015,1.0,86.75
SIA,MG,202504,2761106,0211020036,67.0,345.05
SIA,MG,202504,2144298,0211020036,245.0,1261.75
SIA,MG,202504,2760991,0211020036,77.0,396.55
SIA,MG,202504,2764245,0211020036,160.0,824.0
SIA,MG,202504,2102749,0211020036,18.0,92.7
SIA,MG,202504,2209195,0211020060,3.0,90.0
SIA,MG,202504,2167751,0211020036,63.0,324.45
SIA,MG,202504,6487556,0208010025,0.0,0.0
SIA,MG,202504,2115492,0211020036,113.0,581.95
SIA,MG,202504,2126990,0211020036,101.0,520.15
SIA,MG,202504,2155648,0211020036,101.0,520.15
SIA,MG,202504,9563105,0211020036,285.0,1467.75
SIA,MG,202504,2147823,0211020036,56.0,288.4
SIA,MG,202504,4378520,0211020036,19.0,97.85
SIA,MG,202504,2768372,0211020036,200.0,1030.0
SIA,MG,202504,2796775,0211020036,15.0,77.25
SIA,MG,202504,2202441,0211020036,239.0,1230.85
SIA,MG,202504,2166127,0211020036,39.0,200.85
SIA,MG,202504,2145758,0211020036,38.0,195.7
SIA,MG,202504,2157357,0211020036,45.0,231.75
SIA,MG,202504,2117207,0211020036,33.0,169.95
SIA,MG,202504,2764776,0211020036,159.0,818.85
SIA,MG,202504,2098326,0206030037,1.0,138.63
SIA,MG,202504,2156458,0211020036,150.0,772.5
SIA,MG,202504,2105780,0211020036,428.0,2204.2
SIA,MG,202504,2118513,0211020036,8.0,41.2
SIA,MG,202504,3498441,0206030037,2.0,277.26
SIA,MG,202504,2134268,0211020036,45.0,231.75
SIA,MG,202504,6632858,0211020036,920.0,4738.0
SIA,MG,202504,2756749,0211020036,283.0,1457.45
SIA,MG,202504,2144182,0211020036,45.0,231.75
SIA,MG,202504,2775999,0211020036,317.0,1632.55
SIA,MG,202504,2181797,0211020036,109.0,561.35
SIA,MG,202504,9881425,0211020036,176.0,906.4
SIA,MG,202504,2205157,0211020036,240.0,1236.0
SIA,MG,202504,2122650,0206010028,1.0,101.1
SIA,MG,202504,2099195,0211020036,13.0,66.95
SIA,MG,202504,2796619,0208010033,1.0,383.07
SIA,MG,202504,2204622,0211020036,64.0,329.6
SIA,MG,202504,2105780,0206010036,1.0,86.76
SIA,MG,202504,9228713,0206010052,1.0,86.75
SIA,MG,202504,6311709,0206010010,0.0,0.0
SIA,MG,202504,2709848,0206020015,1.0,86.75
SIA,MG,202504,2122936,0211020036,62.0,319.3
SIA,MG,202504,2163438,0211020060,25.0,750.0
SIA,MG,202504,2213176,0211020036,50.0,257.5
SIA,MG,202504,2205106,0211020036,40.0,206.0
SIA,MG,202504,2181509,0211020036,28.0,144.2
SIA,MG,202504,2109700,0211020036,81.0,417.15
SIA,MG,202504,2168731,0211020036,66.0,339.9
SIA,MG,202504,2795299,0211020036,30.0,154.5
SIA,MG,202504,7114982,0206030029,0.0,0.0
SIA,MG,202504,2154021,0211020036,100.0,515.0
SIA,MG,202504,4041690,0211020036,3.0,15.45
SIA,MG,202504,2102099,0211020036,16.0,82.4
SIA,MG,202504,4116879,0211020036,120.0,618.0
SIA,MG,202504,3938654,0206010010,1.0,100.0
SIA,MG,202504,2128012,0211020036,166.0,854.9
SIA,MG,202504,2208512,0211020036,68.0,350.2
SIA,MG,202504,2761041,0206030010,2.0,277.26
SIA,MG,202504,7818858,0211020036,334.0,1720.1
SIA,MG,202504,2102765,0206010036,2.0,173.52
SIA,MG,202504,2210339,0211020036,67.0,345.05
SIA,MG,202504,2208075,0211020036,53.0,272.95
SIA,MG,202504,7082886,0211020036,281.0,1447.15
SIA,MG,202504,9681752,0206010028,1.0,101.1
SIA,MG,202504,7802951,0211020036,81.0,417.15
SIA,MG,202504,2124300,0211020060,34.0,1020.0
SIA,MG,202504,9061681,0211020036,505.0,2600.75
SIA,MG,202504,2133954,0211020036,104.0,535.6
SIA,MG,202504,3050378,0206030010,1.0,138.63
SIA,MG,202504,2119447,0211020036,249.0,1282.35
SIA,MG,202504,2103710,0211020036,35.0,180.25
SIA,MG,202504,2144042,0211020036,24.0,123.6
SIA,MG,202504,2146525,0211020060,4.0,120.0
SIA,MG,202504,2759292,0206020031,1.0,136.41
SIA,MG,202504,2205734,0206010079,1.0,97.44
SIA,MG,202504,2102587,0211020036,65.0,334.75
SIA,MG,202504,0196347,0206010044,1.0,281.3
SIA,MG,202504,2205327,0211020036,23.0,118.45
SIA,MG,202504,6290841,0211020036,43.0,221.45
SIA,MG,202504,2133814,0211020036,29.0,149.35
SIA,MG,202504,2100363,0211020036,2.0,10.3
SIA,MG,202504,2144638,0211020036,147.0,757.05
SIA,MG,202504,2189879,0211020036,452.0,2327.8
SIA,MG,202504,2163829,0206010044,1.0,86.75
SIA,MG,202504,2098369,0206010052,1.0,86.75
SIA,MG,202504,2200473,0211020036,70.0,360.5
SIA,MG,202504,2100142,0211020036,80.0,412.0
SIA,MG,202504,0879592,0211020036,115.0,592.25
SIA,MG,202504,2161710,0211020036,84.0,432.6
SIA,MG,202504,6920977,0206020023,3.0,260.25
SIA,MG,202504,2796112,0211020036,180.0,927.0
SIA,MG,202504,2172887,0206010052,1.0,86.75
SIA,MG,202504,2191164,0211020036,100.0,515.0
SIA,MG,202504,2140942,0211020036,331.0,1704.65
SIA,MG,202504,2156792,0211020036,202.0,1040.3
SIA,MG,202504,2123541,0211020036,89.0,458.35
SIA,MG,202504,3437396,0211020036,108.0,556.2
SIA,MG,202504,2161729,0211020036,76.0,391.4
SIA,MG,202504,2194937,0206010044,1.0,86.75
SIA,MG,202504,2102765,0211020036,183.0,942.45
SIA,MG,202504,3145425,0206010028,2.0,202.2
SIA,MG,202504,7082886,0206020023,1.0,281.3
SIA,MG,202504,2165848,0211020036,43.0,221.45
SIA,MG,202504,2142376,0211020036,9.0,46.35
SIA,MG,202504,2135108,0211020036,34.0,175.1
SIA,MG,202504,2160226,0211020036,45.0,231.75
SIA,MG,202504,2212854,0211020036,131.0,674.65
SIA,MG,202504,7691807,0206030037,1.0,138.63
SIA,MG,202504,2135884,0211020036,61.0,314.15
SIA,MG,202504,2205882,0211020036,191.0,983.65
SIA,MG,202504,2119757,0211020036,5.0,25.75
SIA,MG,202504,4317041,0211020036,6.0,30.9
SIA,MG,202504,2122189,0211020036,22.0,113.3
SIA,MG,202504,2129566,0206010036,2.0,173.52
SIA,MG,202504,6705375,0206010052,1.0,86.75
SIA,MG,202504,2160072,0211020036,26.0,133.9
SIA,MG,202504,7845383,0211020036,18.0,92.7
SIA,MG,202504,2218410,0211020036,80.0,412.0
SIA,MG,202504,2102900,0211020036,60.0,309.0
SIA,MG,202504,2103257,0211020036,46.0,236.9
SIA,MG,202504,2155583,0211020036,30.0,154.5
SIA,MG,202504,2192128,0206010010,1.0,86.76
SIA,MG,202504,2136007,0211020036,128.0,659.2
SIA,MG,202504,2156512,0211020036,42.0,216.3
SIA,MG,202504,9681752,0206020015,1.0,86.75
SIA,MG,202504,2143127,0211020036,112.0,576.8
SIA,MG,202504,6959415,0206030029,0.0,0.0
SIA,MG,202504,2194953,0211020036,33.0,169.95
SIA,MG,202504,2099675,0211020036,80.0,412.0
SIA,MG,202504,2123568,0211020036,28.0,144.2
SIA,MG,202504,2115107,0211020036,44.0,226.6
SIA,MG,202504,2193469,0211020036,140.0,721.0
SIA,MG,202504,2150158,0211020036,88.0,453.2
SIA,MG,202504,2129469,0206010010,12.0,1041.12
SIA,MG,202504,2120194,0206010036,0.0,0.0
SIA,MG,202504,2168650,0211020036,319.0,1642.85
SIA,MG,202504,2761106,0206030010,4.0,554.52
SIA,MG,202504,2171961,0211020060,40.0,1200.0
SIA,MG,202504,2146509,0211020036,27.0,139.05
SIA,MG,202504,2178648,0211020036,97.0,499.55
SIA,MG,202504,2160080,0211020036,40.0,206.0
SIA,MG,202504,2183439,0211020036,48.0,247.2
SIA,MG,202504,2135914,0211020036,25.0,128.75
SIA,MG,202504,2143992,0206010010,3.0,260.28
SIA,MG,202504,2211912,0211020036,38.0,195.7
SIA,MG,202504,2206420,0211020036,237.0,1220.55
SIA,MG,202504,9005552,0211020036,198.0,1019.7
SIA,MG,202504,4085205,0211020060,2.0,60.0
SIA,MG,202504,5922313,0211020036,148.0,762.2
SIA,MG,202504,7741464,0211020060,14.0,420.0
SIA,MG,202504,2190125,0211020036,320.0,1648.0
SIA,MG,202504,2794640,0211020036,30.0,154.5
SIA,MG,202504,2102722,0211020036,116.0,597.4
SIA,MG,202504,2166062,0211020036,71.0,365.65
SIA,MG,202504,7920768,0211020036,100.0,515.0
SIA,MG,202504,9228713,0206030029,3.0,260.25
SIA,MG,202504,6959415,0206020023,0.0,0.0
SIA,MG,202504,2098369,0206030029,2.0,173.5
SIA,MG,202504,2140063,0211020036,22.0,113.3
SIA,MG,202504,6085121,0206010044,12.0,2082.0
SIA,MG,202504,2761106,0206010044,2.0,173.5
SIA,MG,202504,2203162,0211020036,47.0,242.05
SIA,MG,202504,9673717,0206020015,0.0,0.0
SIA,MG,202504,2115468,0211020036,200.0,1030.0
SIA,MG,202504,2173565,0211020036,6.0,30.9
SIA,MG,202504,2127911,0211020036,65.0,334.75
SIA,MG,202504,2194635,0211020036,0.0,0.0
SIA,MG,202504,2141523,0211020036,25.0,128.75
SIA,MG,202504,2167654,0211020036,119.0,612.85
SIA,MG,202504,0491632,0211020036,83.0,427.45
SIA,MG,202504,5046688,0211020036,99.0,509.85
SIA,MG,202504,2143852,0211020036,0.0,0.0
SIA,MG,202504,2110075,0206010010,1.0,86.76
SIA,MG,202504,2184249,0211020036,40.0,206.0
SIA,MG,202504,2179571,0211020036,22.0,113.3
SIA,MG,202504,5677416,0211020036,32.0,164.8
SIA,MG,202504,6487556,0211020036,0.0,0.0
SIA,MG,202504,2102765,0206010010,5.0,433.8
SIA,MG,202504,2147572,0211020036,78.0,401.7
SIA,MG,202504,9296379,0211020036,26.0,133.9
SIA,MG,202504,6776434,0206020015,0.0,0.0
SIA,MG,202504,2134535,0211020036,10.0,51.5
SIA,MG,202504,2129566,0206010044,1.0,86.75
SIA,MG,202504,2761114,0211020036,119.0,612.85
SIA,MG,202504,4042085,0211020010,22.0,16060.88
SIA,MG,202504,2110075,0206010095,6.0,12643.32
SIA,MG,202504,7362870,0211020036,54.0,278.1
SIA,MG,202504,2785684,0206010044,4.0,694.0
SIA,MG,202504,2098938,0211020010,53.0,38692.12
SIA,MG,202504,2760819,0211020036,43.0,221.45
SIA,MG,202504,2178559,0211020036,3.0,15.45
SIA,MG,202504,9563105,0206010036,1.0,288.0
SIA,MG,202504,2206382,0211020010,69.0,50372.76
SIA,MG,202504,2184389,0211020036,25.0,128.75
SIA,MG,202504,4042107,0211020010,5.0,3650.2
SIA,MG,202504,2163438,0902010018,11.0,1430.0
SIA,MG,202504,9388354,0206010028,1.0,101.1
SIA,MG,202504,2195453,0206010095,14.0,29501.08
SIA,MG,202504,2159279,0211020060,0.0,0.0
SIA,MG,202504,2143801,0206020015,2.0,173.5
SIA,MG,202504,2129566,0211020010,21.0,15330.84
SIA,MG,202504,2764784,0211020036,62.0,319.3
SIA,MG,202504,2178850,0211020036,15.0,77.25
SIA,MG,202504,2127989,0211020010,24.0,17520.96
SIA,MG,202504,4042107,0211020036,490.0,2523.5
SIA,MG,202504,7410344,0211020036,307.0,1581.05
SIA,MG,202504,2123673,0211020036,93.0,478.95
SIA,MG,202504,2775999,0211020010,18.0,13140.72
SIA,MG,202504,2183846,0211020036,335.0,1725.25
SIA,MG,202504,4042085,0211020036,151.0,777.65
SIA,MG,202504,2213389,0211020036,33.0,169.95
SIA,MG,202504,2159279,0902010018,12.0,1560.0
SIA,MG,202504,2185563,0211020036,23.0,118.45
SIA,MG,202504,7934947,0206010028,7.0,707.7
SIA,MG,202504,2114275,0211020036,119.0,612.85
SIA,MG,202504,2209195,0211020010,25.0,18251.0
SIA,MG,202504,5224497,0211020036,351.0,1807.65
SIA,MG,202504,2161974,0211020036,34.0,175.1
SIA,MG,202504,2110075,0206030029,3.0,260.25
SIA,MG,202504,9268278,0211020036,79.0,406.85
SIA,MG,202504,7609868,0206010052,2.0,173.5
SIA,MG,202504,5338409,0206010095,0.0,0.0
SIA,MG,202504,2143992,0211020036,17.0,87.55
SIA,MG,202504,2159279,0902010026,1.0,200.0
SIA,MG,202504,2159279,0902010034,1.0,270.0
SIA,MG,202504,2200945,0211020036,10.0,51.5
SIA,MG,202504,2134292,0211020036,23.0,118.45
SIA,MG,202504,2135930,0211020036,1.0,5.15
SIA,MG,202504,2105780,0206010052,5.0,433.75
SIA,MG,202504,6826911,0206010095,17.0,35822.74
SIA,MG,202504,9529209,0211020036,114.0,587.1
SIA,MG,202504,2764148,0211020036,64.0,329.6
SIA,MG,202504,2776014,0211020036,14.0,72.1
SIA,MG,202504,6920977,0211020036,337.0,1735.55
SIA,MG,202504,2135310,0211020036,30.0,154.5
SIA,MG,202504,2173166,0206010044,8.0,1388.0
SIA,MG,202504,2183455,0211020060,14.0,420.0
SIA,MG,202504,2183455,0206030037,2.0,277.26
SIA,MG,202504,2168553,0206030029,2.0,173.5
SIA,MG,202504,2171945,0208010025,1.0,408.52
SIA,MG,202504,2776286,0206020015,2.0,173.5
SIA,MG,202504,6410200,0211020036,85.0,437.75
SIA,MG,202504,2218690,0206030029,12.0,1041.0
SIA,MG,202504,7951604,0206030010,1.0,154.1
SIA,MG,202504,3717135,0211020036,67.0,345.05
SIA,MG,202504,2128047,0206020023,2.0,173.5
SIA,MG,202504,2761106,0206020015,1.0,86.75
SIA,MG,202504,2128047,0206010010,2.0,173.52
SIA,MG,202504,2119528,0211020036,242.0,1246.3
SIA,MG,202504,2100215,0211020036,61.0,314.15
SIA,MG,202504,5338409,0206010044,0.0,0.0
SIA,MG,202504,2172887,0206030010,2.0,277.26
SIA,MG,202504,2119323,0211020036,34.0,175.1
SIA,MG,202504,2212056,0211020036,30.0,154.5
SIA,MG,202504,2208849,0211020036,38.0,195.7
SIA,MG,202504,2191164,0206020031,1.0,136.41
SIA,MG,202504,2205734,0206030037,3.0,415.89
SIA,MG,202504,5473586,0206030037,0.0,0.0
SIA,MG,202504,2099152,0206010052,2.0,329.64
SIA,MG,202504,2212501,0211020036,45.0,231.75
SIA,MG,202504,2126885,0211020036,40.0,206.0
SIA,MG,202504,2140217,0206010010,2.0,173.52
SIA,MG,202504,2129566,0206010010,3.0,260.28
SIA,MG,202504,2160498,0211020036,118.0,607.7
SIA,MG,202504,2119528,0206020023,2.0,173.5
SIA,MG,202504,3498441,0206010052,5.0,433.75
SIA,MG,202504,2206382,0206010052,3.0,260.25
SIA,MG,202504,2761041,0206030029,1.0,86.75
SIA,MG,202504,2156504,0211020036,24.0,123.6
SIA,MG,202504,2125978,0211020036,8.0,41.2
SIA,MG,202504,2100681,0206010044,2.0,173.5
SIA,MG,202504,2764776,0206010052,2.0,173.5
SIA,MG,202504,2129469,0206030029,1.0,86.75
SIA,MG,202504,2099454,0206020023,2.0,173.5
SIA,MG,202504,2126419,0211020036,187.0,963.05
SIA,MG,202504,2140098,0206010052,1.0,86.75
SIA,MG,202504,2122219,0211020036,3.0,15.45
SIA,MG,202504,2146525,0206010052,2.0,173.5
SIA,MG,202504,2761203,0206020015,2.0,173.5
SIA,MG,202504,2117185,0211020036,38.0,195.7
SIA,MG,202504,2112140,0206010036,1.0,86.76
SIA,MG,202504,7924097,0211020036,2.0,10.3
SIA,MG,202504,7114982,0206020023,0.0,0.0
SIA,MG,202504,9804145,0211020036,892.0,4593.8
SIA,MG,202504,2194651,0211020036,83.0,427.45
SIA,MG,202504,3871797,0206010036,0.0,0.0
SIA,MG,202504,6935699,0211020036,3.0,15.45
SIA,MG,202504,2138875,0206020023,1.0,86.75
SIA,MG,202504,2760851,0211020036,30.0,154.5
SIA,MG,202504,6093361,0206020031,2.0,272.82
SIA,MG,202504,2126133,0211020036,3245.0,16711.75
SIA,MG,202504,2168936,0211020036,132.0,679.8
SIA,MG,202504,2173166,0206010036,1.0,173.52
SIA,MG,202504,2192632,0211020036,213.0,1096.95
SIA,MG,202504,2709848,0206010052,3.0,260.25
SIA,MG,202504,9388354,0208010033,1.0,383.07
SIA,MG,202504,7934947,0206010044,4.0,347.0
SIA,MG,202504,2785684,0206010052,1.0,173.5
SIA,MG,202504,2212110,0211020036,50.0,257.5
SIA,MG,202504,5128218,0211020036,2.0,10.3
SIA,MG,202504,2205939,0211020036,38.0,195.7
SIA,MG,202504,2185520,0211020060,13.0,390.0
SIA,MG,202504,2102544,0211020036,60.0,309.0
SIA,MG,202504,2155591,0211020036,42.0,216.3
SIA,MG,202504,2127768,0211020036,13.0,66.95
SIA,MG,202504,6629725,0206010036,2.0,630.0
SIA,MG,202504,2135132,0206030037,5.0,693.15
SIA,MG,202504,2146517,0211020036,80.0,412.0
SIA,MG,202504,2117134,0206010052,2.0,173.5
SIA,MG,202504,2697548,0211020036,17.0,87.55
SIA,MG,202504,2098911,0211020036,428.0,2204.2
SIA,MG,202504,2144026,0211020036,10.0,51.5
SIA,MG,202504,5896002,0211020036,36.0,185.4
SIA,MG,202504,7858094,0206010010,1.0,86.76
SIA,MG,202504,9388354,0206010052,1.0,86.75
SIA,MG,202504,2169355,0211020036,625.0,3218.75
SIA,MG,202504,2760843,0206030010,1.0,138.63
SIA,MG,202504,2098369,0206010010,4.0,347.04
SIA,MG,202504,2201879,0206020015,2.0,460.0
SIA,MG,202504,2119811,0211020036,34.0,175.1
SIA,MG,202504,7387377,0206010028,1.0,281.3
SIA,MG,202504,2145774,0211020036,90.0,463.5
SIA,MG,202504,2119420,0206030037,1.0,138.63
SIA,MG,202504,3871797,0206030037,0.0,0.0
SIA,MG,202504,6365612,0211020036,68.0,350.2
SIA,MG,202504,2776006,0206010010,3.0,260.28
SIA,MG,202504,2796589,0211020036,77.0,396.55
SIA,MG,202504,7857950,0211020036,879.0,4526.85
SIA,MG,202504,2139057,0211020036,80.0,412.0
SIA,MG,202504,2171945,0206010010,2.0,173.52
SIA,MG,202504,0041548,0206030010,1.0,138.63
SIA,MG,202504,2172259,0206030029,2.0,192.86
SIA,MG,202504,3938654,0206010044,1.0,131.0
SIA,MG,202504,2777347,0211020036,4.0,20.6
SIA,MG,202504,7533934,0211020036,209.0,1076.35
SIA,MG,202504,2775999,0206020023,3.0,260.25
SIA,MG,202504,9563105,0206020031,2.0,670.0
SIA,MG,202504,2168650,0206010044,1.0,86.75
SIA,MG,202504,2098326,0206010036,1.0,86.76
SIA,MG,202504,3224945,0211020060,68.0,2040.0
SIA,MG,202504,2117568,0206020015,1.0,86.75
SIA,MG,202504,2100525,0211020036,173.0,890.95
SIA,MG,202504,6776434,0206010044,0.0,0.0
SIA,MG,202504,2192128,0206030029,1.0,86.75
SIA,MG,202504,2169878,0211020036,4.0,20.6
SIA,MG,202504,2144638,0206010028,1.0,101.1
SIA,MG,202504,2171945,0208010033,1.0,383.07
SIA,MG,202504,2179016,0211020036,97.0,499.55
SIA,MG,202504,2760657,0206010036,1.0,86.76
SIA,MG,202504,2114577,0211020036,58.0,298.7
SIA,MG,202504,2140098,0206030037,1.0,138.63
SIA,MG,202504,2139871,0211020036,100.0,515.0
SIA,MG,202504,2146525,0206010036,3.0,260.28
SIA,MG,202504,2211343,0211020036,2.0,30.9
SIA,MG,202504,6340059,0206030037,2.0,277.26
SIA,MG,202504,2209195,0206020015,1.0,86.75
SIA,MG,202504,2118076,0211020036,81.0,417.15
SIA,MG,202504,2100754,0211020036,94.0,484.1
SIA,MG,202504,2097923,0211020036,83.0,427.45
SIA,MG,202504,0133752,0206020023,1.0,86.75
SIA,MG,202504,2145588,0206010044,2.0,173.5
SIA,MG,202504,2144557,0211020036,8.0,41.2
SIA,MG,202504,2133644,0211020036,56.0,288.4
SIA,MG,202504,2135132,0206020015,1.0,86.75
SIA,MG,202504,2159252,0206030029,1.0,86.75
SIA,MG,202504,2098369,0206020023,1.0,86.75
SIA,MG,202504,2114763,0211020036,107.0,551.05
SIA,MG,202504,2159147,0211020036,86.0,442.9
SIA,MG,202504,2204762,0206010010,2.0,173.52
SIA,MG,202504,2184680,0211020036,69.0,355.35
SIA,MG,202504,6085121,0206010052,2.0,347.0
SIA,MG,202504,2136937,0206010036,1.0,86.76
SIA,MG,202504,2098938,0206020023,1.0,86.75
SIA,MG,202504,2142295,0211020036,92.0,473.8
SIA,MG,202504,5824591,0206010044,1.0,86.75
SIA,MG,202504,3376478,0206010036,1.0,86.76
SIA,MG,202504,2760967,0211020036,67.0,345.05
SIA,MG,202504,6862098,0211020036,4.0,20.6
SIA,MG,202504,6790151,0206010052,1.0,86.75
SIA,MG,202504,3938654,0206010028,1.0,140.0
SIA,MG,202504,2178559,0206030010,1.0,138.63
SIA,MG,202504,6629725,0206020015,2.0,460.0
SIA,MG,202504,7408331,0211020036,1.0,5.15
SIA,MG,202504,2144638,0206010052,1.0,86.75
SIA,MG,202504,2709848,0206010010,1.0,86.76
SIA,MG,202504,3698548,0206020023,2.0,173.5
SIA,MG,202504,2098326,0206020031,1.0,136.41
SIA,MG,202504,2109034,0206020031,1.0,259.17
SIA,MG,202504,7858094,0206020015,1.0,86.75
SIA,MG,202504,6311709,0206030029,0.0,0.0
SIA,MG,202504,2205734,0206010052,1.0,86.75
SIA,MG,202505,0026808,0211020036,2045.0,10531.75
SIA,MG,202505,0026808,0211020010,15.0,10950.6
SIA,MG,202505,0026808,0206020023,4.0,260.25
SIA,MG,202505,2219646,0206020031,257.0,35057.37
SIA,MG,202505,2146355,0206020031,272.0,37103.52
SIA,MG,202505,9141839,0211020036,296.0,1524.4
SIA,MG,202505,4034236,0206020031,254.0,34648.14
SIA,MG,202505,2218798,0206030010,109.0,15110.67
SIA,MG,202505,3918416,0211020060,92.0,2760.0
SIA,MG,202505,0027049,0206030037,244.0,33825.72
SIA,MG,202505,2200457,0206030037,730.0,101199.9
SIA,MG,202505,2192896,0206030037,276.0,38261.88
SIA,MG,202505,0027014,0206030037,434.0,60165.42
SIA,MG,202505,4034236,0206010060,7.0,682.08
SIA,MG,202505,4034236,0206030037,185.0,25646.55
SIA,MG,202505,0026964,0206020031,266.0,36285.06
SIA,MG,202505,0026921,0206010028,88.0,8896.8
SIA,MG,202505,0026921,0206010079,642.0,62556.48
SIA,MG,202505,0027014,0211020060,273.0,8190.0
SIA,MG,202505,2206528,0211020036,212.0,1091.8
SIA,MG,202505,2205440,0206020023,17.0,1474.75
SIA,MG,202505,0026808,0211020060,116.0,3480.0
SIA,MG,202505,0027014,0208010033,20.0,7661.4
SIA,MG,202505,2206595,0211020036,565.0,2909.75
SIA,MG,202505,2165058,0208010033,73.0,27964.11
SIA,MG,202505,2153114,0206030010,51.0,7070.13
SIA,MG,202505,0026840,0206020031,317.0,43241.97
SIA,MG,202505,7093284,0211020036,404.0,2080.6
SIA,MG,202505,2206528,0206030037,142.0,28400.0
SIA,MG,202505,0027049,0208010033,192.0,73549.44
SIA,MG,202505,2149990,0206010044,127.0,11017.25
SIA,MG,202505,7866801,0206030037,113.0,15665.19
SIA,MG,202505,2695324,0206030037,441.0,61135.83
SIA,MG,202505,3065936,0206030037,114.0,15803.82
SIA,MG,202505,0026921,0206030037,83.0,11506.29
SIA,MG,202505,0027863,0206030037,127.0,17606.01
SIA,MG,202505,2127601,0205010016,0.0,0.0
SIA,MG,202505,2127679,0211020036,149.0,767.35
SIA,MG,202505,9650105,0206010052,13.0,1127.75
SIA,MG,202505,2118661,0206020031,301.0,41059.41
SIA,MG,202505,2149990,0206030037,531.0,73612.53
SIA,MG,202505,2205440,0206010079,154.0,15005.76
SIA,MG,202505,2184834,0206030037,70.0,9704.1
SIA,MG,202505,2695324,0211020036,513.0,2641.95
SIA,MG,202505,0026840,0206010044,62.0,5378.5
SIA,MG,202505,2149990,0206020031,483.0,65886.03
SIA,MG,202505,2165058,0206010044,22.0,1908.5
SIA,MG,202505,0027014,0206010052,61.0,5291.75
SIA,MG,202505,2760703,0211020036,101.0,520.15
SIA,MG,202505,2195437,0211020036,253.0,1302.95
SIA,MG,202505,9650105,0206030029,44.0,3817.0
SIA,MG,202505,7417659,0211020036,585.0,3012.75
SIA,MG,202505,2205440,0211020036,265.0,1364.75
SIA,MG,202505,6875343,0211020036,624.0,3213.6
SIA,MG,202505,2200457,0206010052,122.0,10583.5
SIA,MG,202505,0026921,0206010052,19.0,1648.25
SIA,MG,202505,2200422,0208010033,217.0,83126.19
SIA,MG,202505,2192896,0206010028,224.0,22646.4
SIA,MG,202505,2695324,0206010079,104.0,10133.76
SIA,MG,202505,2695324,0206020031,502.0,68477.82
SIA,MG,202505,2222043,0206020031,467.0,63703.47
SIA,MG,202505,2164817,0211020036,321.0,1653.15
SIA,MG,202505,2219638,0206030037,113.0,15665.19
SIA,MG,202505,2219646,0211020036,116.0,597.4
SIA,MG,202505,2109867,0206010010,76.0,6593.76
SIA,MG,202505,4034236,0206010052,31.0,2689.25
SIA,MG,202505,2695324,0206010052,111.0,9629.25
SIA,MG,202505,2726726,0206010052,4.0,347.0
SIA,MG,202505,2109867,0211020036,171.0,700.4
SIA,MG,202505,2146355,0206010036,16.0,1388.16
SIA,MG,202505,0026964,0206020015,1.0,86.75
SIA,MG,202505,0027014,0206020031,568.0,77480.88
SIA,MG,202505,4034236,0206010010,16.0,1388.16
SIA,MG,202505,2222043,0206010028,114.0,11525.4
SIA,MG,202505,6601804,0206010052,21.0,1821.75
SIA,MG,202505,2200457,0206020023,5.0,433.75
SIA,MG,202505,2109867,0206030037,161.0,32200.0
SIA,MG,202505,6274773,0206020031,14.0,1909.74
SIA,MG,202505,3004791,0206020023,44.0,3817.0
SIA,MG,202505,0027642,0206010044,44.0,3817.0
SIA,MG,202505,2118904,0208010033,7.0,2681.49
SIA,MG,202505,0026840,0208010033,359.0,137522.13
SIA,MG,202505,0026840,0211020060,27.0,810.0
SIA,MG,202505,0026964,0206010079,15.0,1461.6
SIA,MG,202505,0026921,0206010010,208.0,18046.08
SIA,MG,202505,2222043,0206020023,94.0,8154.5
SIA,MG,202505,9650105,0206020015,29.0,2515.75
SIA,MG,202505,0027014,0211020010,64.0,46722.56
SIA,MG,202505,6102174,0206020023,0.0,0.0
SIA,MG,202505,2195437,0206010010,38.0,3296.88
SIA,MG,202505,2148692,0211020036,296.0,1524.4
SIA,MG,202505,0026921,0206010044,98.0,8501.5
SIA,MG,202505,2193310,0206010079,169.0,16467.36
SIA,MG,202505,2208172,0211020010,38.0,27741.52
SIA,MG,202505,2219646,0206010052,71.0,6159.25
SIA,MG,202505,4034236,0211020060,92.0,2760.0
SIA,MG,202505,2210924,0206030037,15.0,2079.45
SIA,MG,202505,2146355,0206020023,10.0,867.5
SIA,MG,202505,0026859,0206020031,81.0,11049.21
SIA,MG,202505,0027014,0206010028,4.0,404.4
SIA,MG,202505,2208172,0211020036,38.0,195.7
SIA,MG,202505,2184834,0211020036,122.0,628.3
SIA,MG,202505,2206595,0206010044,11.0,954.25
SIA,MG,202505,7954212,0211020060,22.0,660.0
SIA,MG,202505,2208172,0206030037,55.0,7624.65
SIA,MG,202505,2695626,0206010052,8.0,694.0
SIA,MG,202505,0027049,0206010052,30.0,2602.5
SIA,MG,202505,6601804,0206010036,6.0,520.56
SIA,MG,202505,2726726,0206020015,6.0,520.5
SIA,MG,202505,0026840,0211020010,35.0,25551.4
SIA,MG,202505,0026840,0206010079,59.0,5748.96
SIA,MG,202505,0027049,0211020060,109.0,3270.0
SIA,MG,202505,2222043,0206010044,176.0,15268.0
SIA,MG,202505,2195585,0211020036,192.0,988.8
SIA,MG,202505,6601804,0206020031,264.0,36012.24
SIA,MG,202505,3464334,0206030029,0.0,0.0
SIA,MG,202505,2195585,0206010044,32.0,2776.0
SIA,MG,202505,2109867,0206010052,8.0,694.0
SIA,MG,202505,2219654,0206030037,212.0,29389.56
SIA,MG,202505,2118661,0206030037,172.0,23844.36
SIA,MG,202505,0027049,0206010028,11.0,1112.1
SIA,MG,202505,2192896,0206010052,5.0,433.75
SIA,MG,202505,3004791,0206010028,16.0,1617.6
SIA,MG,202505,2695324,0206010028,16.0,1617.6
SIA,MG,202505,2200422,0211020060,59.0,1770.0
SIA,MG,202505,2200457,0206010028,45.0,4549.5
SIA,MG,202505,9141839,0206010044,22.0,1908.5
SIA,MG,202505,6601804,0206010079,304.0,29621.76
SIA,MG,202505,0026859,0211020010,2.0,1460.08
SIA,MG,202505,2695324,0206010044,26.0,2255.5
SIA,MG,202505,2218798,0206010044,22.0,1908.5
SIA,MG,202505,2222043,0211020036,553.0,2847.95
SIA,MG,202505,0026840,0206030037,241.0,33409.83
SIA,MG,202505,0026964,0206010052,70.0,6072.5
SIA,MG,202505,0026840,0206010052,75.0,6506.25
SIA,MG,202505,2222043,0206030029,144.0,12492.0
SIA,MG,202505,6102174,0206020031,0.0,0.0
SIA,MG,202505,2219654,0206020023,12.0,1041.0
SIA,MG,202505,0027049,0211020010,9.0,6570.36
SIA,MG,202505,7366108,0206030037,54.0,7486.02
SIA,MG,202505,2219654,0206010036,6.0,520.56
SIA,MG,202505,4034236,0206010079,112.0,10913.28
SIA,MG,202505,2127601,0206010010,0.0,0.0
SIA,MG,202505,4034236,0206010028,23.0,2325.3
SIA,MG,202505,2149990,0206020023,6.0,520.5
SIA,MG,202505,0026859,0211020060,1.0,30.0
SIA,MG,202505,2192896,0206020023,27.0,2342.25
SIA,MG,202505,0027863,0206010052,4.0,347.0
SIA,MG,202505,0026859,0206010079,5.0,487.2
SIA,MG,202505,0026840,0206010028,21.0,2123.1
SIA,MG,202505,0027014,0206030010,446.0,61828.98
SIA,MG,202505,0026859,0206030037,58.0,8040.54
SIA,MG,202505,0026808,0206030029,6.0,433.75
SIA,MG,202505,0026808,0206010052,6.0,520.5
SIA,MG,202505,0027863,0206010028,75.0,7582.5
SIA,MG,202505,2118661,0206010036,4.0,347.04
SIA,MG,202505,2153106,0206030010,54.0,7486.02
SIA,MG,202505,7866801,0206010028,15.0,1516.5
SIA,MG,202505,2149990,0206010052,44.0,3817.0
SIA,MG,202505,2222043,0206020015,97.0,8414.75
SIA,MG,202505,2695626,0206030037,77.0,10674.51
SIA,MG,202505,0027022,0206030037,71.0,9842.73
SIA,MG,202505,3004791,0206030037,25.0,3465.75
SIA,MG,202505,0026921,0206020023,14.0,1214.5
SIA,MG,202505,9141839,0206030029,9.0,780.75
SIA,MG,202505,2127601,0206030037,1.0,200.0
SIA,MG,202505,0633186,0206020031,16.0,2182.56
SIA,MG,202505,2149990,0206030029,9.0,780.75
SIA,MG,202505,9650105,0206010010,33.0,2863.08
SIA,MG,202505,2200422,0206020023,2.0,173.5
SIA,MG,202505,2205440,0206010036,17.0,1474.92
SIA,MG,202505,2200422,0206030037,26.0,3604.38
SIA,MG,202505,2152037,0206020031,14.0,1909.74
SIA,MG,202505,3464334,0206030037,0.0,0.0
SIA,MG,202505,2165058,0211020036,68.0,350.2
SIA,MG,202505,2219646,0206010036,3.0,260.28
SIA,MG,202505,0026840,0206030010,207.0,28696.41
SIA,MG,202505,7728786,0206020031,42.0,5729.22
SIA,MG,202505,2193310,0211020036,24.0,123.6
SIA,MG,202505,2219654,0206030029,9.0,780.75
SIA,MG,202505,2149990,0206010036,8.0,694.08
SIA,MG,202505,7866801,0206010052,11.0,954.25
SIA,MG,202505,2118661,0206010052,59.0,5118.25
SIA,MG,202505,9141839,0206020015,24.0,2082.0
SIA,MG,202505,0026840,0206010010,3.0,260.28
SIA,MG,202505,5338905,0206020031,20.0,2728.2
SIA,MG,202505,2219646,0206010010,13.0,1127.88
SIA,MG,202505,2118661,0206010028,8.0,808.8
SIA,MG,202505,2152045,0206020031,24.0,3273.84
SIA,MG,202505,2208172,0206030029,12.0,1041.0
SIA,MG,202505,0026808,0206030037,39.0,5406.57
SIA,MG,202505,2726726,0206010010,15.0,1301.4
SIA,MG,202505,2206595,0206030029,3.0,260.25
SIA,MG,202505,0027022,0206010052,2.0,173.5
SIA,MG,202505,2146355,0206010052,46.0,3990.5
SIA,MG,202505,2153025,0206030010,51.0,7070.13
SIA,MG,202505,2205440,0206020015,5.0,433.75
SIA,MG,202505,2181770,0206030037,2.0,277.26
SIA,MG,202505,2695626,0206020023,4.0,347.0
SIA,MG,202505,0026964,0206030010,177.0,24537.51
SIA,MG,202505,0027014,0206010060,1.0,97.44
SIA,MG,202505,6601804,0206030029,65.0,5638.75
SIA,MG,202505,2206595,0206020015,1.0,86.75
SIA,MG,202505,0027863,0206020023,4.0,347.0
SIA,MG,202505,0026859,0206010010,2.0,173.52
SIA,MG,202505,0027014,0206020023,5.0,433.75
SIA,MG,202505,2118661,0206010044,17.0,1474.75
SIA,MG,202505,2200457,0208010033,11.0,4213.77
SIA,MG,202505,2149990,0211020036,319.0,1642.85
SIA,MG,202505,2695324,0206030010,427.0,59195.01
SIA,MG,202505,2219638,0206030029,11.0,954.25
SIA,MG,202505,7366108,0206020023,1.0,86.75
SIA,MG,202505,2222043,0206030037,694.0,96209.22
SIA,MG,202505,6601804,0206020015,59.0,5118.25
SIA,MG,202505,0026964,0206010028,8.0,808.8
SIA,MG,202505,2152045,0206010036,2.0,173.52
SIA,MG,202505,2208172,0206020023,4.0,347.0
SIA,MG,202505,2206528,0206010052,6.0,520.5
SIA,MG,202505,2695626,0206010028,9.0,909.9
SIA,MG,202505,2149990,0211020010,17.0,12410.68
SIA,MG,202505,3065936,0206010028,14.0,1415.4
SIA,MG,202505,2193310,0206020015,3.0,260.25
SIA,MG,202505,2152037,0206010052,1.0,86.75
SIA,MG,202505,2219638,0206010036,7.0,607.32
SIA,MG,202505,2153025,0206020015,1.0,86.75
SIA,MG,202505,2695324,0206020023,4.0,347.0
SIA,MG,202505,2726726,0206030029,4.0,347.0
SIA,MG,202505,0633186,0206010036,2.0,173.52
SIA,MG,202505,4034236,0206010044,87.0,7547.25
SIA,MG,202505,2222043,0206010052,11.0,954.25
SIA,MG,202505,0026859,0206010044,3.0,260.25
SIA,MG,202505,3183882,0211020036,5309.0,27341.35
SIA,MG,202505,9650105,0206030010,471.0,65294.73
SIA,MG,202505,2219638,0206020031,58.0,7911.78
SIA,MG,202505,2219654,0206020031,70.0,9548.7
SIA,MG,202505,2205440,0206030029,4.0,347.0
SIA,MG,202505,2205440,0206030010,461.0,63908.43
SIA,MG,202505,2152037,0206030037,15.0,2079.45
SIA,MG,202505,2152045,0206030037,15.0,2079.45
SIA,MG,202505,2165058,0206010052,30.0,2602.5
SIA,MG,202505,2165058,0206020031,270.0,36830.7
SIA,MG,202505,2219654,0206030010,199.0,27587.37
SIA,MG,202505,2184834,0206020031,109.0,14868.69
SIA,MG,202505,9141839,0206030010,130.0,18021.9
SIA,MG,202505,2146355,0211020060,39.0,1170.0
SIA,MG,202505,7866801,0206030029,15.0,1301.25
SIA,MG,202505,3004791,0206010010,5.0,433.8
SIA,MG,202505,6601804,0206030037,250.0,34657.5
SIA,MG,202505,0027863,0206010010,120.0,10411.2
SIA,MG,202505,2146355,0211020036,619.0,3187.85
SIA,MG,202505,0480738,0211020036,141.0,726.15
SIA,MG,202505,2109867,0206010079,565.0,113000.0
SIA,MG,202505,2165058,0206010010,7.0,607.32
SIA,MG,202505,2192896,0206010010,148.0,12840.48
SIA,MG,202505,3464334,0206010052,0.0,0.0
SIA,MG,202505,2208172,0206010028,54.0,5459.4
SIA,MG,202505,2118661,0206030010,235.0,32578.05
SIA,MG,202505,2222043,0206030010,235.0,32578.05
SIA,MG,202505,2222043,0206010079,1292.0,125892.48
SIA,MG,202505,3065936,0206010079,176.0,17149.44
SIA,MG,202505,2200457,0206010079,155.0,15103.2
SIA,MG,202505,2200457,0206030010,714.0,98981.82
SIA,MG,202505,2192896,0206010079,837.0,81557.28
SIA,MG,202505,2192896,0206030010,268.0,37152.84
SIA,MG,202505,2219646,0206030010,187.0,25923.81
SIA,MG,202505,7525427,0211020036,619.0,3187.85
SIA,MG,202505,2193310,0206010036,2.0,173.52
SIA,MG,202505,2218941,0211020036,236.0,1215.4
SIA,MG,202505,2219638,0206030010,111.0,15387.93
SIA,MG,202505,2195585,0206030029,1.0,86.75
SIA,MG,202505,0026964,0206030037,163.0,22596.69
SIA,MG,202505,6102174,0211020060,0.0,0.0
SIA,MG,202505,9980865,0211020036,232.0,1194.8
SIA,MG,202505,2695324,0206030029,21.0,1821.75
SIA,MG,202505,7366108,0211020036,0.0,0.0
SIA,MG,202505,2146355,0206030037,259.0,35905.17
SIA,MG,202505,2146355,0206010079,146.0,14226.24
SIA,MG,202505,6571573,0211020036,346.0,1781.9
SIA,MG,202505,2152037,0206010079,9.0,876.96
SIA,MG,202505,7954212,0211020036,1779.0,9161.85
SIA,MG,202505,2149990,0206010079,583.0,56807.52
SIA,MG,202505,7366108,0206020031,19.0,2591.79
SIA,MG,202505,0026808,0206030010,41.0,5683.83
SIA,MG,202505,0027014,0206010079,109.0,10620.96
SIA,MG,202505,2165058,0206030010,257.0,35627.91
SIA,MG,202505,0633186,0206010079,28.0,2728.32
SIA,MG,202505,0026808,0206010079,63.0,6138.72
SIA,MG,202505,3494179,0211020036,509.0,2621.35
SIA,MG,202505,4034236,0206030010,211.0,29250.93
SIA,MG,202505,2205440,0206020031,576.0,78572.16
SIA,MG,202505,2205440,0206030037,407.0,56422.41
SIA,MG,202505,2149990,0206030010,567.0,78603.21
SIA,MG,202505,2152045,0206010079,16.0,1559.04
SIA,MG,202505,7366108,0206030010,34.0,4713.42
SIA,MG,202505,2195585,0206030010,19.0,2633.97
SIA,MG,202505,2218798,0211020036,375.0,1931.25
SIA,MG,202505,0026859,0206030010,67.0,9288.21
SIA,MG,202505,0026921,0206030010,72.0,9981.36
SIA,MG,202505,2193310,0206030010,91.0,12615.33
SIA,MG,202505,2109867,0902010018,35.0,4550.0
SIA,MG,202505,2219638,0211020036,217.0,1117.55
SIA,MG,202505,2206595,0206030010,64.0,8872.32
SIA,MG,202505,2206595,0206020031,64.0,8730.24
SIA,MG,202505,2118912,0211020036,13.0,66.95
SIA,MG,202505,3004791,0206030029,36.0,3123.0
SIA,MG,202505,3065936,0206030029,11.0,954.25
SIA,MG,202505,6766471,0211020060,21.0,630.0
SIA,MG,202505,3464334,0206020031,0.0,0.0
SIA,MG,202505,9650105,0206010044,90.0,7807.5
SIA,MG,202505,0027049,0206010079,182.0,17734.08
SIA,MG,202505,9141839,0206010010,34.0,2949.84
SIA,MG,202505,4034236,0211020010,194.0,141627.76
SIA,MG,202505,2184834,0206030010,104.0,14417.52
SIA,MG,202505,3137112,0208010033,14.0,5362.98
SIA,MG,202505,2219646,0211020010,18.0,13140.72
SIA,MG,202505,2165074,0211020036,11.0,56.65
SIA,MG,202505,2118661,0206020023,5.0,433.75
SIA,MG,202505,0027863,0206030010,124.0,17190.12
SIA,MG,202505,0027863,0206010079,452.0,44042.88
SIA,MG,202505,2200422,0211020010,83.0,60593.32
SIA,MG,202505,2153882,0211020010,17.0,12410.68
SIA,MG,202505,0027391,0206010095,94.0,198078.68
SIA,MG,202505,6601804,0206010028,24.0,2426.4
SIA,MG,202505,2200422,0206030010,26.0,3604.38
SIA,MG,202505,6463487,0211020036,327.0,1684.05
SIA,MG,202505,2206595,0211020010,45.0,32851.8
SIA,MG,202505,2206528,0211020010,17.0,12410.68
SIA,MG,202505,0027049,0208010025,191.0,78027.32
SIA,MG,202505,2127601,0206010079,4.0,800.0
SIA,MG,202505,2206595,0206010036,15.0,1301.4
SIA,MG,202505,2222043,0206010010,148.0,12840.48
SIA,MG,202505,9650105,0211020036,153.0,437.75
SIA,MG,202505,3183882,0211020060,55.0,1650.0
SIA,MG,202505,0026964,0206010044,13.0,1127.75
SIA,MG,202505,2118661,0211020010,17.0,12410.68
SIA,MG,202505,2205440,0206010044,19.0,1648.25
SIA,MG,202505,2205440,0206010052,83.0,7200.25
SIA,MG,202505,2118661,0206010079,63.0,6138.72
SIA,MG,202505,2191512,0902010018,281.0,36530.0
SIA,MG,202505,2191512,0211020036,1088.0,4156.05
SIA,MG,202505,3464334,0206030010,0.0,0.0
SIA,MG,202505,2208172,0206020031,60.0,8184.6
SIA,MG,202505,2210924,0206020031,9.0,1227.69
SIA,MG,202505,2200422,0206030029,2.0,173.5
SIA,MG,202505,2109867,0206010044,55.0,11000.0
SIA,MG,202505,9141839,0206020031,57.0,7775.37
SIA,MG,202505,2109867,0206020023,1.0,86.75
SIA,MG,202505,7728786,0206030037,30.0,4158.9
SIA,MG,202505,6102174,0206010079,0.0,0.0
SIA,MG,202505,6102174,0206030037,0.0,0.0
SIA,MG,202505,7728786,0206010079,38.0,3702.72
SIA,MG,202505,0027049,0206030010,259.0,35905.17
SIA,MG,202505,2193310,0206010044,17.0,1474.75
SIA,MG,202505,2193310,0206020031,40.0,5456.4
SIA,MG,202505,2195585,0206020031,12.0,1636.92
SIA,MG,202505,2193310,0206030037,91.0,12615.33
SIA,MG,202505,2146355,0208010033,5.0,1915.35
SIA,MG,202505,2219638,0211020010,31.0,22631.24
SIA,MG,202505,2146355,0211020010,32.0,23361.28
SIA,MG,202505,7866801,0206010079,103.0,10036.32
SIA,MG,202505,7866801,0206030010,109.0,15110.67
SIA,MG,202505,0027022,0206010079,63.0,6138.72
SIA,MG,202505,0027022,0206030010,76.0,10535.88
SIA,MG,202505,2208172,0206030010,47.0,6515.61
SIA,MG,202505,2206595,0206010010,20.0,1735.2
SIA,MG,202505,3464334,0206010028,0.0,0.0
SIA,MG,202505,2695626,0206010079,96.0,9354.24
SIA,MG,202505,2695626,0206030010,95.0,13169.85
SIA,MG,202505,2181770,0206010079,3.0,292.32
SIA,MG,202505,3065936,0206030010,135.0,18715.05
SIA,MG,202505,2200457,0206010010,14.0,1214.64
SIA,MG,202505,2726726,0206010044,14.0,1214.5
SIA,MG,202505,2149990,0206010010,86.0,7461.36
SIA,MG,202505,7903782,0211020036,79.0,406.85
SIA,MG,202505,2153238,0211020036,77.0,396.55
SIA,MG,202505,9650105,0211020060,10.0,0.0
SIA,MG,202505,2118661,0205010016,2.0,330.0
SIA,MG,202505,2200422,0206010010,2.0,173.52
SIA,MG,202505,0027863,0206030029,7.0,607.25
SIA,MG,202505,3004791,0206010079,45.0,4384.8
SIA,MG,202505,2109867,0206030029,25.0,2168.75
SIA,MG,202505,0026808,0206010044,36.0,3123.0
SIA,MG,202505,2200457,0206010095,7.0,14750.54
SIA,MG,202505,2219646,0206030037,182.0,25230.66
SIA,MG,202505,2219646,0206010060,35.0,3410.4
SIA,MG,202505,2219638,0206010079,230.0,22411.2
SIA,MG,202505,7366108,0206010079,22.0,2143.68
SIA,MG,202505,3464334,0211020060,0.0,0.0
SIA,MG,202505,2219646,0206030029,1.0,86.75
SIA,MG,202505,2153114,0206010079,4.0,389.76
SIA,MG,202505,2153106,0206010079,8.0,779.52
SIA,MG,202505,0027863,0206010044,85.0,7373.75
SIA,MG,202505,0199419,0211020036,121.0,623.15
SIA,MG,202505,7866801,0206010036,8.0,694.08
SIA,MG,202505,7866801,0206010044,11.0,954.25
SIA,MG,202505,2192896,0206010036,70.0,6073.2
SIA,MG,202505,2149990,0206010028,43.0,4347.3
SIA,MG,202505,6926223,0211020036,186.0,957.9
SIA,MG,202505,2153084,0211020010,21.0,15330.84
SIA,MG,202505,2195437,0206020031,219.0,29873.79
SIA,MG,202505,2200457,0206010044,65.0,5638.75
SIA,MG,202505,9650105,0211020010,41.0,29931.64
SIA,MG,202505,9650105,0208010033,3.0,0.0
SIA,MG,202505,0026808,0206010010,14.0,1214.64
SIA,MG,202505,7581645,0208010033,16.0,6129.12
SIA,MG,202505,0027049,0206010044,21.0,1821.75
SIA,MG,202505,2208172,0206010044,19.0,1648.25
SIA,MG,202505,3464334,0206010044,0.0,0.0
SIA,MG,202505,2118858,0211020060,28.0,840.0
SIA,MG,202505,0026859,0206010036,3.0,260.28
SIA,MG,202505,2219654,0206010079,92.0,8964.48
SIA,MG,202505,2219654,0206010028,30.0,3033.0
SIA,MG,202505,2219638,0206010028,116.0,11727.6
SIA,MG,202505,2208156,0211020036,35.0,180.25
SIA,MG,202505,0026921,0206020015,17.0,1474.75
SIA,MG,202505,2153114,0205010016,5.0,825.0
SIA,MG,202505,0026921,0206030029,12.0,1041.0
SIA,MG,202505,0026921,0206010036,62.0,5379.12
SIA,MG,202505,0026840,0206020015,2.0,173.5
SIA,MG,202505,2109867,0206020015,9.0,780.75
SIA,MG,202505,7976550,0206010095,17.0,35822.74
SIA,MG,202505,2210924,0206010044,1.0,86.75
SIA,MG,202505,3065936,0206010044,214.0,18564.5
SIA,MG,202505,0027014,0206010044,29.0,2515.75
SIA,MG,202505,3004791,0206020015,17.0,1474.75
SIA,MG,202505,2205440,0206010095,11.0,23179.42
SIA,MG,202505,2205440,0211020010,36.0,26281.44
SIA,MG,202505,0265373,0208010025,13.0,5310.76
SIA,MG,202505,2192896,0206010044,111.0,9629.25
SIA,MG,202505,0027014,0206010036,4.0,347.04
SIA,MG,202505,2118858,0211020010,4.0,2920.16
SIA,MG,202505,0026964,0206010010,3.0,260.28
SIA,MG,202505,0027863,0206020015,5.0,433.75
SIA,MG,202505,0027049,0206030029,1.0,86.75
SIA,MG,202505,2218798,0206010079,17.0,1656.48
SIA,MG,202505,2193310,0206030029,3.0,260.25
SIA,MG,202505,9650105,0902010026,57.0,11400.0
SIA,MG,202505,9650105,0902010018,1.0,130.0
SIA,MG,202505,2153114,0211020036,18.0,92.7
SIA,MG,202505,2206595,0205010016,10.0,1650.0
SIA,MG,202505,2127601,0206010044,0.0,0.0
SIA,MG,202505,2192896,0206020015,26.0,2255.5
SIA,MG,202505,2200457,0206010036,23.0,1995.48
SIA,MG,202505,4034236,0206010036,13.0,1127.88
SIA,MG,202505,2695324,0206010036,14.0,1214.64
SIA,MG,202505,2695324,0206020015,1.0,86.75
SIA,MG,202505,3004791,0206010036,4.0,347.04
SIA,MG,202505,2210924,0206030010,10.0,1386.3
SIA,MG,202505,0633186,0206030037,20.0,2772.6
SIA,MG,202505,2153114,0211020010,12.0,8760.48
SIA,MG,202505,2191512,0206030029,1.0,0.0
SIA,MG,202505,2191512,0206010028,7.0,0.0
SIA,MG,202505,2200422,0206010036,3.0,260.28
SIA,MG,202505,9889167,0208010033,17.0,6512.19
SIA,MG,202505,2218798,0205010016,18.0,2970.0
SIA,MG,202505,6926223,0206010079,66.0,6431.04
SIA,MG,202505,0027863,0206010036,44.0,3817.44
SIA,MG,202505,6274773,0206030037,15.0,2079.45
SIA,MG,202505,9650105,0902010050,3.0,2520.0
SIA,MG,202505,9650105,0902010034,10.0,2700.0
SIA,MG,202505,2205440,0208010033,13.0,4979.91
SIA,MG,202505,6601804,0206010044,22.0,1908.5
SIA,MG,202505,2695626,0206010036,3.0,260.28
SIA,MG,202505,6102174,0206020015,0.0,0.0
SIA,MG,202505,2118904,0208010025,7.0,2859.64
SIA,MG,202505,3065936,0206020015,3.0,260.25
SIA,MG,202505,2200457,0206020015,8.0,694.0
SIA,MG,202505,3065936,0206010010,5.0,433.8
SIA,MG,202505,6601804,0211020036,10.0,51.5
SIA,MG,202505,2153106,0206010052,17.0,1474.75
SIA,MG,202505,2153114,0206010052,11.0,954.25
SIA,MG,202505,2221772,0211020036,69.0,355.35
SIA,MG,202505,2153025,0206010052,6.0,520.5
SIA,MG,202505,2165058,0206010036,14.0,1214.64
SIA,MG,202505,7866801,0206020015,4.0,347.0
SIA,MG,202505,0026859,0206010052,4.0,347.0
SIA,MG,202505,2118661,0211020060,2.0,60.0
SIA,MG,202505,0026840,0206010036,10.0,867.6
SIA,MG,202505,2695626,0206010010,4.0,347.04
SIA,MG,202505,9650105,0208010025,3.0,0.0
SIA,MG,202505,0027014,0208010025,17.0,6944.84
SIA,MG,202505,3462994,0206010095,14.0,29501.08
SIA,MG,202505,2146355,0206030029,5.0,433.75
SIA,MG,202505,2153882,0211020036,42.0,216.3
SIA,MG,202505,6102174,0206030029,0.0,0.0
SIA,MG,202505,2208172,0206010036,8.0,694.08
SIA,MG,202505,0026964,0206010036,7.0,607.32
SIA,MG,202505,7866801,0206010010,4.0,347.04
SIA,MG,202505,5013739,0205010016,16.0,2640.0
SIA,MG,202505,2200422,0206010044,26.0,2255.5
SIA,MG,202505,2726726,0206030010,16.0,2218.08
SIA,MG,202505,9141839,0206010052,6.0,520.5
SIA,MG,202505,2195437,0206010044,56.0,4858.0
SIA,MG,202505,0027049,0206010010,5.0,433.8
SIA,MG,202505,2153106,0206010044,6.0,520.5
SIA,MG,202505,2222043,0206010036,15.0,1301.4
SIA,MG,202505,0027022,0206010044,8.0,694.0
SIA,MG,202505,5338905,0206030037,18.0,2495.34
SIA,MG,202505,7728786,0206010044,2.0,173.5
SIA,MG,202505,2206528,0206010079,10.0,2000.0
SIA,MG,202505,2181770,0206030010,2.0,277.26
SIA,MG,202505,3004791,0206030010,8.0,1109.04
SIA,MG,202505,2695324,0206010010,4.0,347.04
SIA,MG,202505,2192896,0206030029,18.0,1561.5
SIA,MG,202505,2153025,0211020036,35.0,180.25
SIA,MG,202505,6102174,0206010052,0.0,0.0
SIA,MG,202505,2153297,0211020036,161.0,829.15
SIA,MG,202505,2221616,0211020036,337.0,1735.55
SIA,MG,202505,2219654,0211020036,209.0,1076.35
SIA,MG,202505,6274773,0206010079,3.0,292.32
SIA,MG,202505,2152037,0206030010,15.0,2079.45
SIA,MG,202505,9650105,0206020031,356.0,48561.96
SIA,MG,202505,2152045,0206030010,14.0,1940.82
SIA,MG,202505,2208172,0206010079,160.0,15590.4
SIA,MG,202505,9650105,0206010079,446.0,43458.24
SIA,MG,202505,7455038,0211020036,547.0,2817.05
SIA,MG,202505,2118882,0211020036,322.0,1658.3
SIA,MG,202505,0265373,0208010033,13.0,4979.91
SIA,MG,202505,0027022,0206010028,3.0,303.3
SIA,MG,202505,3004791,0206010044,2.0,173.5
SIA,MG,202505,2109867,0206010060,2.0,194.88
SIA,MG,202505,3183882,0205010016,15.0,2475.0
SIA,MG,202505,2209179,0206010044,84.0,7287.0
SIA,MG,202505,2146355,0206010028,22.0,2224.2
SIA,MG,202505,7856733,0211020036,139.0,715.85
SIA,MG,202505,2146355,0206030010,254.0,35212.02
SIA,MG,202505,2726726,0206020031,22.0,3001.02
SIA,MG,202505,2206595,0211020060,65.0,1950.0
SIA,MG,202505,2153025,0206010079,3.0,292.32
SIA,MG,202505,2149990,0206020015,4.0,347.0
SIA,MG,202505,2219654,0206020015,14.0,1214.5
SIA,MG,202505,2118661,0211020036,189.0,973.35
SIA,MG,202505,2726726,0206010079,50.0,4872.0
SIA,MG,202505,2195437,0206010052,5.0,433.75
SIA,MG,202505,6102174,0206010028,0.0,0.0
SIA,MG,202505,2109867,0206010036,31.0,6200.0
SIA,MG,202505,6601804,0206030010,296.0,41034.48
SIA,MG,202505,4034236,0206030029,5.0,433.75
SIA,MG,202505,0053430,0211020036,11.0,56.65
SIA,MG,202505,2195585,0211020060,3.0,90.0
SIA,MG,202505,6102174,0205010016,0.0,0.0
SIA,MG,202505,2146355,0205010016,18.0,2970.0
SIA,MG,202505,5338905,0206030010,19.0,2633.97
SIA,MG,202505,6102174,0206030010,0.0,0.0
SIA,MG,202505,2109867,0206010028,66.0,13200.0
SIA,MG,202505,2146355,0206010044,47.0,4077.25
SIA,MG,202505,2184834,0206010079,9.0,876.96
SIA,MG,202505,2165058,0208010025,73.0,29821.96
SIA,MG,202505,6274773,0206010028,3.0,303.3
SIA,MG,202505,6601804,0206010010,18.0,1561.68
SIA,MG,202505,6102174,0206010044,0.0,0.0
SIA,MG,202505,5338905,0206010052,3.0,260.25
SIA,MG,202505,2153106,0206010036,2.0,173.52
SIA,MG,202505,0633186,0206030010,18.0,2495.34
SIA,MG,202505,9980865,0211020060,3.0,90.0
SIA,MG,202505,7728786,0206030010,34.0,4713.42
SIA,MG,202505,2152045,0206010028,7.0,707.7
SIA,MG,202505,2195437,0206020015,15.0,1301.25
SIA,MG,202505,0027049,0206020015,1.0,86.75
SIA,MG,202505,2695626,0206030029,2.0,173.5
SIA,MG,202505,5338905,0206010044,2.0,173.5
SIA,MG,202505,2200422,0206020015,3.0,260.25
SIA,MG,202505,0027022,0206010010,4.0,347.04
SIA,MG,202505,5338905,0206010028,2.0,202.2
SIA,MG,202505,2208172,0205010016,1.0,165.0
SIA,MG,202505,3464334,0205010016,0.0,0.0
SIA,MG,202505,2195437,0206030029,3.0,260.25
SIA,MG,202505,3464334,0206010079,0.0,0.0
SIA,MG,202505,0026859,0206010028,5.0,505.5
SIA,MG,202505,2146355,0206020015,3.0,260.25
SIA,MG,202505,2210924,0206010079,13.0,1266.72
SIA,MG,202505,0026808,0208010033,3.0,1149.21
SIA,MG,202505,2152045,0206010044,1.0,86.75
SIA,MG,202505,2192896,0211020060,1.0,30.0
SIA,MG,202505,2153114,0206010044,5.0,433.75
SIA,MG,202505,2153882,0206030010,1.0,138.63
SIA,MG,202505,2195437,0206020023,8.0,694.0
SIA,MG,202505,4034236,0211020036,902.0,4645.3
SIA,MG,202505,4034236,0206020015,4.0,347.0
SIA,MG,202505,2184834,0206010044,1.0,86.75
SIA,MG,202505,9650105,0206020023,11.0,954.25
SIA,MG,202505,2218798,0206010028,4.0,404.4
SIA,MG,202505,0027049,0206010036,3.0,260.28
SIA,MG,202505,0026840,0208010025,360.0,147067.2
SIA,MG,202505,2195437,0206010036,11.0,954.36
SIA,MG,202505,2184834,0206010028,1.0,101.1
SIA,MG,202505,2208172,0206010052,6.0,520.5
SIA,MG,202505,2200457,0206030029,5.0,433.75
SIA,MG,202505,2153084,0206030010,3.0,415.89
SIA,MG,202505,7728786,0206010028,7.0,707.7
SIA,MG,202505,2218798,0206010052,9.0,780.75
SIA,MG,202505,2153084,0206010079,1.0,97.44
SIA,MG,202505,7728786,0206010010,5.0,433.8
SIA,MG,202505,2153025,0206010044,3.0,260.25
SIA,MG,202505,2127601,0206010052,0.0,0.0
SIA,MG,202505,6274773,0206030010,11.0,1524.93
SIA,MG,202505,0026859,0208010033,1.0,383.07
SIA,MG,202505,2219638,0206020015,3.0,260.25
SIA,MG,202505,2200422,0206010028,2.0,202.2
SIA,MG,202505,2153106,0206010028,6.0,606.6
SIA,MG,202505,3065936,0206010036,1.0,86.76
SIA,MG,202505,6274773,0206010052,1.0,86.75
SIA,MG,202505,0026921,0206020031,47.0,6411.27
SIA,MG,202505,2726726,0206020023,2.0,173.5
SIA,MG,202505,2219638,0206010052,2.0,173.5
SIA,MG,202505,0633186,0206010044,4.0,347.0
SIA,MG,202505,2219654,0206010052,1.0,86.75
SIA,MG,202505,2184834,0206010052,4.0,347.0
SIA,MG,202505,2200422,0206010079,9.0,876.96
SIA,MG,202505,2195437,0211020060,1.0,129.0
SIA,MG,202505,2193310,0206010052,6.0,520.5
SIA,MG,202505,2149990,0211020060,3.0,90.0
SIA,MG,202505,2127601,0206030029,0.0,0.0
SIA,MG,202505,0026964,0206020023,1.0,86.75
SIA,MG,202505,2152940,0211020036,439.0,2260.85
SIA,MG,202505,2218798,0206010036,3.0,260.28
SIA,MG,202505,3137112,0208010025,14.0,5719.28
SIA,MG,202505,2118661,0206010010,4.0,347.04
SIA,MG,202505,2208172,0206020015,3.0,260.25
SIA,MG,202505,3464334,0206020015,0.0,0.0
SIA,MG,202505,9141839,0206010060,3.0,292.32
SIA,MG,202505,2219646,0206010044,5.0,433.75
SIA,MG,202505,0027014,0206010010,3.0,260.28
SIA,MG,202505,2149990,0206010060,1.0,97.44
SIA,MG,202505,5617286,0211020036,193.0,993.95
SIA,MG,202505,2695324,0208010033,2.0,766.14
SIA,MG,202505,2200457,0206020031,814.0,111037.74
SIA,MG,202505,2200457,0211020036,537.0,2765.55
SIA,MG,202505,2200422,0208010025,180.0,73533.6
SIA,MG,202505,2195437,0206010079,378.0,36832.32
SIA,MG,202505,2153114,0206020031,82.0,11185.62
SIA,MG,202505,0026808,0206020031,45.0,6138.45
SIA,MG,202505,2205440,0206010010,29.0,2516.04
SIA,MG,202505,2195437,0206010028,22.0,2224.2
SIA,MG,202505,0026840,0211020036,383.0,1972.45
SIA,MG,202505,2109867,0206030010,160.0,32000.0
SIA,MG,202505,2206595,0206010079,120.0,11692.8
SIA,MG,202505,2206595,0206010028,18.0,1819.8
SIA,MG,202505,6210902,0211020036,651.0,3352.65
SIA,MG,202505,3918416,0211020036,32.0,164.8
SIA,MG,202505,2153025,0206020031,46.0,6274.86
SIA,MG,202505,2218798,0206030037,93.0,12892.59
SIA,MG,202505,2153025,0206030037,52.0,7208.76
SIA,MG,202505,0027014,0211020036,594.0,3059.1
SIA,MG,202505,2219646,0206010079,20.0,1948.8
SIA,MG,202505,9141839,0206010079,225.0,21924.0
SIA,MG,202505,2206528,0206030010,149.0,29800.0
SIA,MG,202505,2195437,0206030037,144.0,19962.72
SIA,MG,202505,2195437,0206030010,162.0,22458.06
SIA,MG,202505,2153106,0206020031,66.0,9003.06
SIA,MG,202505,2205440,0206010028,36.0,3639.6
SIA,MG,202505,2206595,0206010052,5.0,433.75
SIA,MG,202505,9141839,0206020023,14.0,1214.5
SIA,MG,202505,9650105,0206030037,474.0,65710.62
SIA,MG,202505,9141839,0206030037,139.0,19269.57
SIA,MG,202505,0027863,0211020036,168.0,865.2
SIA,MG,202505,5338905,0206010079,10.0,974.4
SIA,MG,202505,0026859,0211020036,89.0,458.35
SIA,MG,202505,2218798,0206020031,106.0,14459.46
SIA,MG,202505,2200422,0206020031,28.0,3819.48
SIA,MG,202505,2153114,0206030037,78.0,10813.14
SIA,MG,202505,0027022,0206020031,56.0,7638.96
SIA,MG,202505,0027049,0206020031,266.0,36285.06
SIA,MG,202505,2195585,0206010079,70.0,6820.8
SIA,MG,202505,2165058,0206010079,140.0,13641.6
SIA,MG,202505,2206528,0206020031,150.0,30000.0
SIA,MG,202505,7866801,0211020036,201.0,1035.15
SIA,MG,202505,5866391,0211020036,30.0,154.5
SIA,MG,202505,2219646,0206020015,3.0,260.25
SIA,MG,202505,3464334,0206010010,0.0,0.0
SIA,MG,202505,2109867,0206020031,91.0,18200.0
SIA,MG,202505,2165058,0206030037,260.0,36043.8
SIA,MG,202505,9650105,0206010028,91.0,9200.1
SIA,MG,202505,2146355,0206010010,15.0,1301.4
SIA,MG,202505,2127601,0206020031,3.0,600.0
SIA,MG,202505,2206595,0206020023,7.0,607.25
SIA,MG,202505,9141839,0206010028,40.0,4044.0
SIA,MG,202505,7866801,0206020031,69.0,9412.29
SIA,MG,202505,2200457,0208010025,10.0,4085.2
SIA,MG,202505,3065936,0206020031,170.0,23189.7
SIA,MG,202505,2192896,0206020031,64.0,8730.24
SIA,MG,202505,7581645,0208010025,16.0,6536.32
SIA,MG,202505,0026972,0211020036,106.0,545.9
SIA,MG,202505,2726726,0206030037,20.0,2772.6
SIA,MG,202505,2146355,0208010025,3.0,1225.56
SIA,MG,202505,2152045,0206010010,5.0,433.8
SIA,MG,202505,2127601,0211020060,24.0,3239.52
SIA,MG,202505,0027863,0206020031,72.0,9821.52
SIA,MG,202505,2206595,0206030037,66.0,9149.58
SIA,MG,202505,2219638,0206010044,39.0,3383.25
SIA,MG,202505,6457177,0211020036,110.0,566.5
SIA,MG,202505,2165058,0206010028,30.0,3033.0
SIA,MG,202505,2695626,0206020031,103.0,14050.23
SIA,MG,202505,2219654,0206010044,11.0,954.25
SIA,MG,202505,2184834,0206010036,1.0,86.76
SIA,MG,202505,7366108,0206010028,1.0,101.1
SIA,MG,202505,2165058,0206020023,27.0,2342.25
SIA,MG,202505,2195585,0206030037,17.0,2356.71
SIA,MG,202505,2208172,0206010010,17.0,1474.92
SIA,MG,202505,2219638,0206010010,25.0,2169.0
SIA,MG,202505,2153106,0206030037,70.0,9704.1
SIA,MG,202505,2181770,0206020031,3.0,409.23
SIA,MG,202505,0027049,0205010016,16.0,2640.0
SIA,MG,202505,2153114,0211020060,12.0,360.0
SIA,MG,202505,2695677,0211020036,14.0,72.1
SIA,MG,202505,2193310,0206010028,8.0,808.8
SIA,MG,202505,2695634,0211020036,11.0,56.65
SIA,MG,202505,2127601,0206030010,0.0,0.0
SIA,MG,202505,3889033,0211020036,2.0,10.3
SIA,MG,202505,2219654,0206010010,13.0,1127.88
SIA,MG,202505,2208172,0206010060,1.0,97.44
SIA,MG,202505,9650105,0206010036,9.0,780.84
SIA,MG,202505,7366108,0206010044,6.0,520.5
SIA,MG,202505,0480738,0211020060,1.0,30.0
SIA,MG,202505,0026840,0206020023,4.0,347.0
SIA,MG,202505,0026808,0208010025,3.0,1225.56
SIA,MG,202505,6102174,0206010010,0.0,0.0
SIA,MG,202505,3462994,0208010025,16.0,6536.32
SIA,MG,202505,2200422,0211020036,13.0,66.95
SIA,MG,202505,2165058,0206030029,3.0,260.25
SIA,MG,202505,0027014,0205010016,5.0,825.0
SIA,MG,202505,0026972,0206020031,1.0,136.41
SIA,MG,202505,3065936,0206020023,1.0,86.75
SIA,MG,202505,2153009,0211020036,295.0,1519.25
SIA,MG,202505,2152959,0211020036,174.0,896.1
SIA,MG,202505,2205440,0208010025,13.0,5310.76
SIA,MG,202505,6102174,0206010060,0.0,0.0
SIA,MG,202505,7366108,0206030029,1.0,86.75
SIA,MG,202505,2210924,0206010052,1.0,86.75
SIA,MG,202505,0633186,0206010060,1.0,97.44
SIA,MG,202505,2153106,0206030029,3.0,260.25
SIA,MG,202505,7866801,0206020023,2.0,173.5
SIA,MG,202505,2153084,0206020031,2.0,272.82
SIA,MG,202505,0026859,0208010025,1.0,408.52
SIA,MG,202505,2206528,0206020023,1.0,86.75
SIA,MG,202505,2726726,0206010028,7.0,707.7
SIA,MG,202505,0957100,0211020036,25.0,128.75
SIA,MG,202505,2127601,0206010028,1.0,200.0
SIA,MG,202505,2152967,0211020036,23.0,118.45
SIA,MG,202505,3462994,0208010033,16.0,6129.12
SIA,MG,202505,2205440,0211020060,4.0,120.0
SIA,MG,202505,5338905,0206010010,2.0,173.52
SIA,MG,202505,2153882,0211020060,28.0,840.0
SIA,MG,202505,2206528,0211020060,4.0,539.92
SIA,MG,202505,6274773,0206010010,1.0,86.76
SIA,MG,202505,3004791,0206020031,3.0,409.23
SIA,MG,202505,2726726,0206010036,4.0,347.04
SIA,MG,202505,2219646,0206020023,2.0,173.5
SIA,MG,202505,2153025,0206030029,1.0,86.75
SIA,MG,202505,2192896,0211020036,254.0,1308.1
SIA,MG,202505,0026921,0211020036,588.0,3028.2
SIA,MG,202505,2153025,0206010028,1.0,101.1
SIA,MG,202505,2218798,0206020023,3.0,260.25
SIA,MG,202505,0023310,0211020036,360.0,1854.0
SIA,MG,202505,2184834,0206010010,1.0,86.76
SIA,MG,202505,9068279,0211020036,930.0,4789.5
SIA,MG,202505,0027049,0211020036,225.0,1158.75
SIA,MG,202505,2695111,0211020036,398.0,2049.7
SIA,MG,202505,0023582,0211020036,316.0,1627.4
SIA,MG,202505,2193310,0206010010,3.0,260.28
SIA,MG,202505,9889167,0208010025,17.0,6944.84
SIA,MG,202505,0022683,0211020036,600.0,3090.0
SIA,MG,202505,2218798,0206010010,1.0,86.76
SIA,MG,202505,2206528,0206010036,1.0,200.0
SIA,MG,202505,2153882,0206030037,1.0,138.63
SIA,MG,202505,0023051,0211020036,512.0,2636.8
SIA,MG,202505,0023272,0211020036,653.0,3362.95
SIA,MG,202505,0027618,0211020036,514.0,2647.1
SIA,MG,202505,2218798,0206030029,1.0,86.75
SIA,MG,202505,0026964,0211020036,248.0,1277.2
SIA,MG,202505,2127601,0206010036,0.0,0.0
SIA,MG,202505,3004791,0206010052,2.0,173.5
SIA,MG,202505,2200422,0206010052,1.0,86.75
SIA,MG,202505,7366108,0206010052,1.0,86.75
SIA,MG,202505,2219646,0206010028,3.0,303.3
SIA,MG,202505,2153106,0206020023,1.0,86.75
SIA,MG,202505,6378552,0211020036,2.0,10.3
SIA,MG,202505,0633186,0206010010,3.0,260.28
SIA,MG,202505,2218798,0206020015,1.0,86.75
SIA,MG,202505,2219638,0206020023,1.0,86.75
SIA,MG,202505,2181770,0211020036,9.0,46.35
SIA,MG,202505,3004791,0211020036,335.0,1725.25
SIA,MG,202505,6102174,0206010036,0.0,0.0
SIA,MG,202505,3065936,0206010052,1.0,86.75
SIA,MG,202505,2695324,0208010025,2.0,817.04
SIA,MG,202505,2152037,0206010028,1.0,101.1
SIA,MG,202505,2152037,0206010044,1.0,86.75
SIA,MG,202505,2206528,0206010010,2.0,173.52
SIA,MG,202505,0027022,0211020036,245.0,1261.75
SIA,MG,202505,7498233,0206020031,1.0,200.0
SIA,MG,202505,0026948,0211020036,62.0,319.3
SIA,MG,202505,2153084,0211020060,42.0,1260.0
SIA,MG,202505,0633186,0206010028,2.0,202.2
SIA,MG,202505,2195585,0206010052,2.0,173.5
SIA,MG,202505,2210924,0206020015,2.0,173.5
SIA,MG,202505,2118661,0206030029,1.0,86.75
SIA,MG,202505,3032191,0211020036,9.0,46.35
SIA,MG,202505,3170527,0211020036,89.0,458.35
SIA,MG,202505,4684281,0211020060,192.0,5760.0
SIA,MG,202505,2221756,0211020036,347.0,1787.05
SIA,MG,202505,2152037,0206010036,1.0,86.76
SIA,MG,202505,7728786,0206010052,2.0,173.5
SIA,MG,202505,3464334,0206020023,0.0,0.0
SIA,MG,202505,2164795,0211020036,18.0,92.7
SIA,MG,202505,7104804,0211020036,385.0,1982.75
SIA,MG,202505,2210924,0206030029,1.0,86.75
SIA,MG,202505,2184834,0206020015,2.0,173.5
SIA,MG,202505,7728786,0206010036,1.0,86.76
SIA,MG,202505,2210924,0206010028,1.0,101.1
SIA,MG,202505,7866801,0205010016,1.0,165.0
SIA,MG,202505,2210924,0206010010,1.0,86.76
SIA,MG,202505,0026840,0206030029,3.0,260.25
SIA,MG,202505,2726726,0211020036,163.0,839.45
SIA,MG,202505,2777312,0211020036,1.0,5.15
SIA,MG,202505,7366108,0206010010,1.0,86.76
SIA,MG,202505,2153106,0206010010,2.0,173.52
SIA,MG,202505,9650105,0206010060,1.0,97.44
SIA,MG,202505,2195585,0206010028,1.0,101.1
SIA,MG,202505,2153084,0206030037,1.0,138.63
SIA,MG,202505,2163438,0902010018,27.0,3510.0
SIA,MG,202505,2163438,0211020036,412.0,1982.75
SIA,MG,202505,2195453,0206010095,12.0,25286.64
SIA,MG,202505,4042085,0211020010,19.0,13870.76
SIA,MG,202505,4042107,0211020010,4.0,2920.16
SIA,MG,202505,2775999,0211020010,23.0,16790.92
SIA,MG,202505,2159279,0902010026,4.0,800.0
SIA,MG,202505,2159279,0902010034,2.0,540.0
SIA,MG,202505,2159279,0902010018,2.0,260.0
SIA,MG,202505,2159279,0902010069,3.0,1050.0
SIA,MG,202505,2159279,0211020036,305.0,1570.75
SIA,MG,202505,2159279,0211020060,0.0,0.0
SIA,MG,202505,2098938,0211020010,31.0,22631.24
SIA,MG,202505,9681752,0211020010,33.0,24091.32
SIA,MG,202505,2218690,0206010028,33.0,3336.3
SIA,MG,202505,2101777,0206030037,126.0,17467.38
SIA,MG,202505,5649862,0211020036,255.0,1313.25
SIA,MG,202505,2204622,0206030037,96.0,13308.48
SIA,MG,202505,2205939,0206030010,52.0,7208.76
SIA,MG,202505,6920977,0206030010,314.0,43529.82
SIA,MG,202505,3498441,0206030010,84.0,11644.92
SIA,MG,202505,7933401,0211020036,135.0,695.25
SIA,MG,202505,6892256,0211020036,181.0,932.15
SIA,MG,202505,0981400,0206010028,8.0,808.8
SIA,MG,202505,2205998,0211020036,145.0,746.75
SIA,MG,202505,3498441,0206010028,6.0,606.6
SIA,MG,202505,2098938,0208010025,54.0,22060.08
SIA,MG,202505,2124300,0206020031,65.0,8866.65
SIA,MG,202505,2112140,0206020031,51.0,6956.91
SIA,MG,202505,2105578,0211020036,76.0,391.4
SIA,MG,202505,7609868,0206010010,6.0,520.56
SIA,MG,202505,2168553,0211020036,40.0,206.0
SIA,MG,202505,2171945,0206030037,377.0,52263.51
SIA,MG,202505,6618774,0206010079,164.0,15980.16
SIA,MG,202505,6618774,0206030010,100.0,13863.0
SIA,MG,202505,2148293,0206030010,86.0,11922.18
SIA,MG,202505,2098911,0206010079,113.0,11010.72
SIA,MG,202505,2204762,0206030010,100.0,13863.0
SIA,MG,202505,2168553,0206030037,47.0,6515.61
SIA,MG,202505,2111640,0206030010,213.0,29528.19
SIA,MG,202505,2775999,0206030037,309.0,42836.67
SIA,MG,202505,3960668,0206020031,63.0,8593.83
SIA,MG,202505,2122650,0211020036,246.0,1266.9
SIA,MG,202505,2204762,0206010079,130.0,12667.2
SIA,MG,202505,2215586,0206020031,105.0,14323.05
SIA,MG,202505,6705375,0211020060,25.0,750.0
SIA,MG,202505,6340059,0206030010,55.0,7624.65
SIA,MG,202505,2163829,0206010079,53.0,5164.32
SIA,MG,202505,2144298,0206030010,90.0,12476.7
SIA,MG,202505,6631487,0206030010,73.0,14600.0
SIA,MG,202505,6629725,0206030010,28.0,7280.0
SIA,MG,202505,6790151,0206020015,2.0,173.5
SIA,MG,202505,6323405,0211020060,8.0,240.0
SIA,MG,202505,7595247,0208010025,0.0,0.0
SIA,MG,202505,6311709,0206030010,0.0,0.0
SIA,MG,202505,2136937,0206010079,21.0,2046.24
SIA,MG,202505,7082886,0206030010,107.0,30099.1
SIA,MG,202505,0196347,0206030010,30.0,8439.0
SIA,MG,202505,2167379,0211020036,65.0,334.75
SIA,MG,202505,2796392,0206020031,73.0,9957.93
SIA,MG,202505,9228713,0206030037,5.0,693.15
SIA,MG,202505,9228713,0206010036,4.0,347.04
SIA,MG,202505,2120542,0206010010,4.0,347.04
SIA,MG,202505,7038216,0206010010,14.0,1214.64
SIA,MG,202505,2148293,0206010079,117.0,11400.48
SIA,MG,202505,2761041,0208010025,35.0,14298.2
SIA,MG,202505,9046658,0211020036,392.0,2018.8
SIA,MG,202505,2163829,0211020036,23.0,118.45
SIA,MG,202505,2709848,0206030010,148.0,20517.24
SIA,MG,202505,2215586,0206010028,7.0,707.7
SIA,MG,202505,2215586,0206010010,3.0,260.28
SIA,MG,202505,2161354,0208010025,9.0,3676.68
SIA,MG,202505,2171988,0206030037,157.0,21764.91
SIA,MG,202505,2117134,0206030010,26.0,3604.38
SIA,MG,202505,2164299,0206030037,31.0,4297.53
SIA,MG,202505,2206382,0206030010,112.0,15526.56
SIA,MG,202505,9344330,0206030010,117.0,16219.71
SIA,MG,202505,6705375,0206020023,2.0,173.5
SIA,MG,202505,2111659,0206030037,34.0,4713.42
SIA,MG,202505,6959415,0206010079,0.0,0.0
SIA,MG,202505,2099497,0206030010,0.0,0.0
SIA,MG,202505,2775999,0206010044,11.0,954.25
SIA,MG,202505,6311709,0206010044,0.0,0.0
SIA,MG,202505,2195453,0208010033,12.0,4596.84
SIA,MG,202505,2099152,0206030037,29.0,7622.07
SIA,MG,202505,2162601,0211020036,41.0,211.15
SIA,MG,202505,2201879,0211020060,14.0,770.0
SIA,MG,202505,2760657,0206010079,27.0,2630.88
SIA,MG,202505,2796562,0206020015,1.0,86.75
SIA,MG,202505,2796562,0206010079,3.0,292.32
SIA,MG,202505,2117843,0211020036,95.0,489.25
SIA,MG,202505,6776434,0206010028,0.0,0.0
SIA,MG,202505,2205939,0206010036,10.0,867.6
SIA,MG,202505,2796392,0206030010,78.0,10813.14
SIA,MG,202505,2796392,0206010044,23.0,1995.25
SIA,MG,202505,6487556,0208010033,0.0,0.0
SIA,MG,202505,2206382,0206010010,28.0,2429.28
SIA,MG,202505,2197715,0211020036,22.0,113.3
SIA,MG,202505,2105780,0206010010,15.0,1301.4
SIA,MG,202505,2796619,0206030029,14.0,1214.5
SIA,MG,202505,7266960,0211020036,9.0,46.35
SIA,MG,202505,7038216,0206010028,8.0,808.8
SIA,MG,202505,6920977,0206010036,20.0,1735.2
SIA,MG,202505,2709848,0206010028,19.0,1920.9
SIA,MG,202505,2211262,0211020036,40.0,206.0
SIA,MG,202505,2206382,0206030029,9.0,780.75
SIA,MG,202505,2206382,0206030037,113.0,15665.19
SIA,MG,202505,7038216,0206020031,23.0,3137.43
SIA,MG,202505,0981400,0206020031,14.0,1909.74
SIA,MG,202505,2098938,0206030010,161.0,22319.43
SIA,MG,202505,2206064,0206030010,21.0,2911.23
SIA,MG,202505,6432654,0211020036,2.0,10.3
SIA,MG,202505,2144530,0206010010,8.0,694.08
SIA,MG,202505,2100754,0206030037,2.0,277.26
SIA,MG,202505,9388354,0206030029,10.0,867.5
SIA,MG,202505,7804121,0211020036,26.0,133.9
SIA,MG,202505,7519826,0211020036,2.0,10.3
SIA,MG,202505,2194791,0211020060,35.0,1050.0
SIA,MG,202505,2208075,0211020036,87.0,448.05
SIA,MG,202505,6311709,0206010028,0.0,0.0
SIA,MG,202505,2111640,0211020060,36.0,1080.0
SIA,MG,202505,2111640,0206030037,213.0,29528.19
SIA,MG,202505,2760657,0206030010,46.0,6376.98
SIA,MG,202505,2098911,0206030010,42.0,5822.46
SIA,MG,202505,2143801,0206010044,8.0,694.0
SIA,MG,202505,2218690,0206020031,45.0,6138.45
SIA,MG,202505,2208857,0208010033,11.0,4213.77
SIA,MG,202505,2101777,0206010044,14.0,1214.5
SIA,MG,202505,2118246,0206030037,41.0,5683.83
SIA,MG,202505,2098911,0206010044,18.0,1561.5
SIA,MG,202505,3883582,0205010016,49.0,8085.0
SIA,MG,202505,2218690,0206010010,5.0,433.8
SIA,MG,202505,2206064,0206010044,9.0,780.75
SIA,MG,202505,6618774,0206030029,5.0,433.75
SIA,MG,202505,0979538,0211020060,97.0,2910.0
SIA,MG,202505,2159252,0206030029,4.0,347.0
SIA,MG,202505,2178559,0206010079,17.0,1656.48
SIA,MG,202505,2115786,0211020036,273.0,1405.95
SIA,MG,202505,2168707,0206010010,10.0,867.6
SIA,MG,202505,2164299,0206030010,31.0,4297.53
SIA,MG,202505,0981400,0206010010,5.0,433.8
SIA,MG,202505,6959415,0206030010,0.0,0.0
SIA,MG,202505,3698548,0206030010,141.0,19546.83
SIA,MG,202505,3698548,0206010052,4.0,347.0
SIA,MG,202505,2796562,0206020031,1.0,136.41
SIA,MG,202505,3498441,0208010025,10.0,4085.2
SIA,MG,202505,2796562,0206010010,2.0,173.52
SIA,MG,202505,2108992,0211020036,28.0,144.2
SIA,MG,202505,2760681,0206010010,4.0,347.04
SIA,MG,202505,5338409,0211020036,0.0,0.0
SIA,MG,202505,2171945,0206010052,60.0,5205.0
SIA,MG,202505,2099152,0206030010,34.0,8936.22
SIA,MG,202505,0828114,0206010079,49.0,4774.56
SIA,MG,202505,2168553,0206010044,8.0,2400.0
SIA,MG,202505,2142589,0211020036,172.0,885.8
SIA,MG,202505,6340059,0206010079,47.0,4579.68
SIA,MG,202505,2098938,0206010052,18.0,1561.5
SIA,MG,202505,0133876,0211020036,299.0,1539.85
SIA,MG,202505,6311709,0206020023,0.0,0.0
SIA,MG,202505,2127989,0211020036,627.0,3229.05
SIA,MG,202505,2165635,0211020036,73.0,375.95
SIA,MG,202505,2214067,0211020036,30.0,154.5
SIA,MG,202505,2211343,0211020036,3.0,15.45
SIA,MG,202505,2121638,0211020036,1.0,5.15
SIA,MG,202505,6655203,0211020036,30.0,154.5
SIA,MG,202505,6705375,0206010028,33.0,3336.3
SIA,MG,202505,2172887,0206010028,28.0,2830.8
SIA,MG,202505,2172887,0206030037,2.0,277.26
SIA,MG,202505,0981400,0208010025,5.0,2042.6
SIA,MG,202505,6487556,0205010016,0.0,0.0
SIA,MG,202505,7595247,0206010010,0.0,0.0
SIA,MG,202505,2172887,0206010036,2.0,173.52
SIA,MG,202505,2164280,0206030010,12.0,1663.56
SIA,MG,202505,2126826,0211020036,116.0,597.4
SIA,MG,202505,2138875,0206030010,28.0,3881.64
SIA,MG,202505,2147572,0211020036,9.0,46.35
SIA,MG,202505,2165643,0211020036,187.0,963.05
SIA,MG,202505,2110075,0208010025,27.0,11030.04
SIA,MG,202505,4085205,0211020036,28.0,144.2
SIA,MG,202505,5824591,0206010079,12.0,1169.28
SIA,MG,202505,2148471,0211020036,70.0,360.5
SIA,MG,202505,2200945,0211020036,15.0,77.25
SIA,MG,202505,6311709,0206010052,0.0,0.0
SIA,MG,202505,6705375,0206030037,6.0,831.78
SIA,MG,202505,9389539,0211020036,45.0,231.75
SIA,MG,202505,6705375,0206010036,2.0,173.52
SIA,MG,202505,2140063,0211020036,15.0,77.25
SIA,MG,202505,3410587,0211020036,191.0,983.65
SIA,MG,202505,2173565,0206010010,8.0,694.08
SIA,MG,202505,2206382,0206010028,13.0,1314.3
SIA,MG,202505,2202352,0211020036,74.0,381.1
SIA,MG,202505,9591931,0206030010,2.0,277.26
SIA,MG,202505,2119463,0211020036,20.0,103.0
SIA,MG,202505,2192128,0206030010,10.0,1386.3
SIA,MG,202505,2168707,0206020031,42.0,5729.22
SIA,MG,202505,2796619,0211020036,173.0,890.95
SIA,MG,202505,2146525,0211020036,53.0,272.95
SIA,MG,202505,2198797,0211020036,7.0,36.05
SIA,MG,202505,2208822,0206010044,3.0,260.25
SIA,MG,202505,5796601,0208010025,1.0,408.52
SIA,MG,202505,2184249,0211020036,30.0,154.5
SIA,MG,202505,2168707,0206010044,9.0,780.75
SIA,MG,202505,2168553,0206030029,7.0,607.25
SIA,MG,202505,2142384,0211020036,289.0,1488.35
SIA,MG,202505,2764814,0206020031,51.0,6956.91
SIA,MG,202505,2102765,0206010028,15.0,1516.5
SIA,MG,202505,2119528,0206010010,7.0,607.32
SIA,MG,202505,2161354,0206010010,48.0,4164.48
SIA,MG,202505,5914469,0211020060,13.0,390.0
SIA,MG,202505,2144638,0206020031,4.0,545.64
SIA,MG,202505,2760916,0211020036,163.0,839.45
SIA,MG,202505,2144530,0206010079,73.0,7113.12
SIA,MG,202505,9368221,0206010052,0.0,0.0
SIA,MG,202505,2171988,0206030029,7.0,607.25
SIA,MG,202505,2208857,0206030010,12.0,1663.56
SIA,MG,202505,6776434,0206030010,0.0,0.0
SIA,MG,202505,6631487,0205010016,116.0,87000.0
SIA,MG,202505,2118246,0206020015,2.0,173.5
SIA,MG,202505,2143992,0206030010,12.0,1663.56
SIA,MG,202505,7114982,0211020060,0.0,0.0
SIA,MG,202505,6471226,0206010079,9.0,876.96
SIA,MG,202505,6631487,0206030037,17.0,3400.0
SIA,MG,202505,2139200,0206020031,28.0,4504.64
SIA,MG,202505,2122650,0206010079,68.0,6625.92
SIA,MG,202505,2098407,0206030037,15.0,2079.45
SIA,MG,202505,2205939,0206010079,110.0,10718.4
SIA,MG,202505,2127989,0208010025,45.0,18383.4
SIA,MG,202505,2761041,0211020036,50.0,257.5
SIA,MG,202505,2173166,0206030010,24.0,6654.24
SIA,MG,202505,2184338,0211020036,62.0,319.3
SIA,MG,202505,2201879,0206030010,35.0,9100.0
SIA,MG,202505,2201542,0206030010,47.0,6515.61
SIA,MG,202505,9388354,0206010044,18.0,1561.5
SIA,MG,202505,6920977,0206010079,416.0,40535.04
SIA,MG,202505,6920977,0206020031,350.0,47743.5
SIA,MG,202505,6511805,0206030037,31.0,5712.37
SIA,MG,202505,2098369,0206010010,2.0,173.52
SIA,MG,202505,2194791,0211020036,434.0,2235.1
SIA,MG,202505,3145425,0206020023,2.0,173.5
SIA,MG,202505,2098369,0206030037,22.0,3049.86
SIA,MG,202505,2098539,0206010052,2.0,173.5
SIA,MG,202505,2127989,0206010044,76.0,6593.0
SIA,MG,202505,2109034,0206030010,2.0,525.66
SIA,MG,202505,7609868,0206010079,35.0,3410.4
SIA,MG,202505,5338409,0208010025,0.0,0.0
SIA,MG,202505,2159252,0206020031,337.0,45970.17
SIA,MG,202505,2101874,0211020036,115.0,592.25
SIA,MG,202505,2164280,0206030037,12.0,1663.56
SIA,MG,202505,3883582,0206010010,1.0,86.76
SIA,MG,202505,2841622,0206020031,15.0,2046.15
SIA,MG,202505,9013245,0211020036,151.0,777.65
SIA,MG,202505,7934947,0211020060,34.0,1020.0
SIA,MG,202505,3871797,0206020031,0.0,0.0
SIA,MG,202505,3871797,0206010079,0.0,0.0
SIA,MG,202505,2135132,0206010079,69.0,6723.36
SIA,MG,202505,2172887,0211020060,20.0,600.0
SIA,MG,202505,3376478,0206010079,54.0,5261.76
SIA,MG,202505,2796449,0206030037,18.0,3316.86
SIA,MG,202505,5473586,0206030010,0.0,0.0
SIA,MG,202505,2178559,0206030010,1.0,138.63
SIA,MG,202505,6618774,0206010044,31.0,2689.25
SIA,MG,202505,7741464,0206030010,8.0,1109.04
SIA,MG,202505,2144298,0206010010,19.0,1648.44
SIA,MG,202505,2172682,0211020036,30.0,154.5
SIA,MG,202505,6631487,0206010044,7.0,1400.0
SIA,MG,202505,3224945,0211020036,52.0,267.8
SIA,MG,202505,6631487,0211020036,6.0,30.9
SIA,MG,202505,7795203,0206010079,0.0,0.0
SIA,MG,202505,2205939,0206020031,37.0,5047.17
SIA,MG,202505,2112140,0206030037,31.0,4297.53
SIA,MG,202505,2101777,0206010028,38.0,3841.8
SIA,MG,202505,2112140,0206030010,66.0,9149.58
SIA,MG,202505,2204622,0206010036,11.0,954.36
SIA,MG,202505,2776006,0206030037,3.0,415.89
SIA,MG,202505,0041548,0206020031,6.0,818.46
SIA,MG,202505,6892256,0206010044,11.0,954.25
SIA,MG,202505,0041548,0206010079,18.0,1753.92
SIA,MG,202505,2775999,0206010010,8.0,694.08
SIA,MG,202505,0979538,0206030037,16.0,2218.08
SIA,MG,202505,2168650,0211020036,343.0,1766.45
SIA,MG,202505,2709848,0206020023,10.0,867.5
SIA,MG,202505,2098539,0206010028,27.0,2729.7
SIA,MG,202505,2186357,0205010016,12.0,1980.0
SIA,MG,202505,9319336,0206010044,2.0,173.5
SIA,MG,202505,2156792,0211020036,87.0,448.05
SIA,MG,202505,9388354,0206010079,40.0,3897.6
SIA,MG,202505,2136937,0206030010,22.0,3049.86
SIA,MG,202505,6776434,0208010033,0.0,0.0
SIA,MG,202505,6920977,0206020023,20.0,1735.0
SIA,MG,202505,6920977,0206020015,6.0,520.5
SIA,MG,202505,7741464,0206020031,6.0,818.46
SIA,MG,202505,9681752,0206030010,12.0,1663.56
SIA,MG,202505,3938654,0206020031,10.0,2900.0
SIA,MG,202505,6629725,0206010028,2.0,570.0
SIA,MG,202505,6920977,0206010044,41.0,3556.75
SIA,MG,202505,2120488,0211020036,220.0,1133.0
SIA,MG,202505,2098539,0206010079,174.0,16954.56
SIA,MG,202505,2127989,0206030010,442.0,61274.46
SIA,MG,202505,2201542,0206020031,30.0,4092.3
SIA,MG,202505,6920977,0206030037,306.0,42420.78
SIA,MG,202505,2105780,0206030037,223.0,30914.49
SIA,MG,202505,2105780,0206030010,222.0,30775.86
SIA,MG,202505,2775999,0206030010,282.0,39093.66
SIA,MG,202505,2099497,0206010010,0.0,0.0
SIA,MG,202505,2164299,0206010036,1.0,86.76
SIA,MG,202505,2146525,0206010052,1.0,86.75
SIA,MG,202505,9079882,0211020036,112.0,576.8
SIA,MG,202505,2761092,0206030037,338.0,46856.94
SIA,MG,202505,2761092,0206010079,151.0,14713.44
SIA,MG,202505,2205939,0206030037,64.0,8872.32
SIA,MG,202505,2206382,0211020060,10.0,300.0
SIA,MG,202505,2111640,0206030029,2.0,173.5
SIA,MG,202505,2168707,0206030010,111.0,15387.93
SIA,MG,202505,3376478,0206020031,13.0,1773.33
SIA,MG,202505,2159252,0211020036,69.0,355.35
SIA,MG,202505,3698548,0206010010,40.0,3470.4
SIA,MG,202505,2709848,0211020036,321.0,1653.15
SIA,MG,202505,0828114,0206030010,29.0,4020.27
SIA,MG,202505,3498441,0211020060,18.0,540.0
SIA,MG,202505,2129469,0206030010,207.0,28696.41
SIA,MG,202505,2206382,0211020036,356.0,1833.4
SIA,MG,202505,4043219,0211020036,100.0,515.0
SIA,MG,202505,2124300,0206010079,144.0,14031.36
SIA,MG,202505,2144026,0206010044,4.0,347.0
SIA,MG,202505,9591931,0206010079,4.0,389.76
SIA,MG,202505,2172259,0206020031,53.0,8036.39
SIA,MG,202505,2761106,0206030010,8.0,1109.04
SIA,MG,202505,2760657,0206020031,20.0,2728.2
SIA,MG,202505,2168553,0206030010,47.0,6515.61
SIA,MG,202505,2123061,0211020036,18.0,92.7
SIA,MG,202505,0981400,0206030037,32.0,4436.16
SIA,MG,202505,2775115,0211020036,62.0,319.3
SIA,MG,202505,6629725,0206010079,43.0,9245.0
SIA,MG,202505,6776434,0206010036,0.0,0.0
SIA,MG,202505,6311709,0211020060,0.0,0.0
SIA,MG,202505,2164280,0206010036,1.0,86.76
SIA,MG,202505,7595247,0206010079,0.0,0.0
SIA,MG,202505,2211521,0206030010,0.0,0.0
SIA,MG,202505,2100754,0206020031,5.0,682.05
SIA,MG,202505,3698548,0206010044,33.0,2862.75
SIA,MG,202505,2111640,0211020036,157.0,808.55
SIA,MG,202505,2142600,0211020036,41.0,211.15
SIA,MG,202505,6790151,0206030010,74.0,10258.62
SIA,MG,202505,6963188,0211020036,214.0,1102.1
SIA,MG,202505,9344330,0206030037,112.0,15526.56
SIA,MG,202505,9563105,0206030037,10.0,3080.0
SIA,MG,202505,2143801,0206010079,25.0,2436.0
SIA,MG,202505,2120194,0206030010,17.0,2356.71
SIA,MG,202505,2164299,0206010010,2.0,173.52
SIA,MG,202505,7114982,0206010044,0.0,0.0
SIA,MG,202505,2215586,0206030037,114.0,15803.82
SIA,MG,202505,7951604,0206020031,36.0,5458.68
SIA,MG,202505,0979538,0208010033,54.0,20685.78
SIA,MG,202505,2161354,0206010079,195.0,19000.8
SIA,MG,202505,2760681,0206020015,1.0,86.75
SIA,MG,202505,2760924,0206030037,4.0,554.52
SIA,MG,202505,2135132,0206020031,14.0,1909.74
SIA,MG,202505,7061773,0211020036,3.0,15.45
SIA,MG,202505,2764776,0206030037,28.0,3881.64
SIA,MG,202505,2117134,0206010079,26.0,2533.44
SIA,MG,202505,7951604,0206030010,94.0,14485.4
SIA,MG,202505,7101406,0206010079,10.0,974.4
SIA,MG,202505,6629725,0206010044,13.0,2795.0
SIA,MG,202505,2101777,0206020031,59.0,8048.19
SIA,MG,202505,2776286,0206010079,22.0,2143.68
SIA,MG,202505,2101777,0206030010,109.0,15110.67
SIA,MG,202505,9673717,0211020036,0.0,0.0
SIA,MG,202505,2122650,0206020031,25.0,3410.25
SIA,MG,202505,2776286,0206030010,7.0,970.41
SIA,MG,202505,7387377,0206010010,1.0,281.3
SIA,MG,202505,6631487,0206010052,4.0,800.0
SIA,MG,202505,6240844,0211020036,20.0,103.0
SIA,MG,202505,2172259,0206030010,83.0,12790.3
SIA,MG,202505,2206420,0206030037,11.0,1524.93
SIA,MG,202505,2118246,0206010052,2.0,173.5
SIA,MG,202505,2218690,0206030037,24.0,3327.12
SIA,MG,202505,2117134,0206010028,5.0,505.5
SIA,MG,202505,6006361,0206010052,0.0,0.0
SIA,MG,202505,2761203,0206010079,16.0,1559.04
SIA,MG,202505,2760843,0206020031,52.0,7093.32
SIA,MG,202505,2760681,0211020036,10.0,51.5
SIA,MG,202505,2761092,0211020036,77.0,396.55
SIA,MG,202505,9685227,0211020036,59.0,303.85
SIA,MG,202505,6448526,0208010025,9.0,3676.68
SIA,MG,202505,2146525,0206010079,95.0,9256.8
SIA,MG,202505,2105780,0206010028,6.0,606.6
SIA,MG,202505,2183803,0206010079,2.0,194.88
SIA,MG,202505,2185520,0211020036,127.0,654.05
SIA,MG,202505,2099454,0206030037,52.0,7208.76
SIA,MG,202505,2796562,0206030010,1.0,138.63
SIA,MG,202505,9046658,0211020060,49.0,1470.0
SIA,MG,202505,2138875,0206010044,10.0,867.5
SIA,MG,202505,2206420,0206010028,1.0,101.1
SIA,MG,202505,2100681,0206010036,10.0,867.6
SIA,MG,202505,7038216,0206030037,47.0,6515.61
SIA,MG,202505,2148293,0206010028,21.0,2123.1
SIA,MG,202505,2200473,0206010010,60.0,5205.6
SIA,MG,202505,2171988,0206010028,26.0,2628.6
SIA,MG,202505,2205939,0206020023,7.0,607.25
SIA,MG,202505,2764776,0206030010,27.0,3743.01
SIA,MG,202505,2102765,0206010010,7.0,607.32
SIA,MG,202505,2128047,0206030029,1.0,86.75
SIA,MG,202505,6618774,0206020023,8.0,694.0
SIA,MG,202505,6776434,0206010079,0.0,0.0
SIA,MG,202505,2143801,0206010052,1.0,86.75
SIA,MG,202505,2171945,0206030029,7.0,607.25
SIA,MG,202505,7082886,0206010052,3.0,843.9
SIA,MG,202505,2205939,0206020015,5.0,433.75
SIA,MG,202505,2148293,0206030029,20.0,1735.0
SIA,MG,202505,2205904,0205010016,19.0,3135.0
SIA,MG,202505,6006361,0206030010,0.0,0.0
SIA,MG,202505,2159252,0208010033,26.0,9959.82
SIA,MG,202505,9388354,0206030037,33.0,4574.79
SIA,MG,202505,9228713,0206020015,4.0,347.0
SIA,MG,202505,2118246,0206010036,3.0,260.28
SIA,MG,202505,2144298,0206020031,71.0,9685.11
SIA,MG,202505,2201879,0206010079,47.0,10105.0
SIA,MG,202505,7114982,0206010028,0.0,0.0
SIA,MG,202505,3698548,0206010028,23.0,2325.3
SIA,MG,202505,2762676,0211020036,4.0,20.6
SIA,MG,202505,2112140,0211020036,643.0,3311.45
SIA,MG,202505,2144530,0206010044,9.0,780.75
SIA,MG,202505,2200473,0206010052,7.0,607.25
SIA,MG,202505,2761041,0206010079,11.0,1071.84
SIA,MG,202505,2099438,0206030037,34.0,4713.42
SIA,MG,202505,2143992,0206010044,4.0,347.0
SIA,MG,202505,2144638,0206030037,1.0,138.63
SIA,MG,202505,6618774,0206030037,102.0,14140.26
SIA,MG,202505,2120194,0206010010,3.0,260.28
SIA,MG,202505,9673717,0206020031,0.0,0.0
SIA,MG,202505,2796562,0206010044,3.0,260.25
SIA,MG,202505,2136937,0206030037,22.0,3049.86
SIA,MG,202505,2119528,0206010044,9.0,780.75
SIA,MG,202505,2204622,0206010044,31.0,2689.25
SIA,MG,202505,2112140,0206020015,1.0,86.75
SIA,MG,202505,6892256,0206020015,1.0,86.75
SIA,MG,202505,2173166,0206010036,2.0,347.04
SIA,MG,202505,2796449,0206010010,2.0,368.54
SIA,MG,202505,3871797,0206010028,0.0,0.0
SIA,MG,202505,7691807,0206020031,4.0,545.64
SIA,MG,202505,7114982,0206010052,0.0,0.0
SIA,MG,202505,2206382,0206010044,40.0,3470.0
SIA,MG,202505,2100681,0206020031,30.0,4092.3
SIA,MG,202505,2208822,0206010079,9.0,876.96
SIA,MG,202505,2118246,0206010010,2.0,173.52
SIA,MG,202505,7609868,0206010044,9.0,780.75
SIA,MG,202505,2764814,0206010010,13.0,1127.88
SIA,MG,202505,6959415,0206010028,0.0,0.0
SIA,MG,202505,7038216,0206010036,6.0,520.56
SIA,MG,202505,2775999,0206010028,9.0,909.9
SIA,MG,202505,2204622,0206020015,4.0,347.0
SIA,MG,202505,2208857,0206010079,3.0,292.32
SIA,MG,202505,2128047,0206030037,7.0,970.41
SIA,MG,202505,2201879,0206010044,7.0,1505.0
SIA,MG,202505,2119528,0206010052,3.0,260.25
SIA,MG,202505,2109034,0206010036,1.0,164.83
SIA,MG,202505,2173565,0206010079,13.0,1266.72
SIA,MG,202505,2796619,0206010028,6.0,606.6
SIA,MG,202505,2143801,0206020031,5.0,682.05
SIA,MG,202505,2159252,0206010010,2.0,173.52
SIA,MG,202505,6697054,0206030010,4.0,554.52
SIA,MG,202505,2129566,0206030010,11.0,1524.93
SIA,MG,202505,3698548,0206010036,10.0,867.6
SIA,MG,202505,2205904,0206030010,13.0,1802.19
SIA,MG,202505,2183455,0211020060,24.0,720.0
SIA,MG,202505,2764814,0206010052,2.0,173.5
SIA,MG,202505,9388354,0206030010,2.0,277.26
SIA,MG,202505,2168553,0206020031,13.0,1773.33
SIA,MG,202505,2136937,0206010044,5.0,433.75
SIA,MG,202505,2120194,0211020060,20.0,600.0
SIA,MG,202505,7595247,0206020015,0.0,0.0
SIA,MG,202505,6292976,0206020031,10.0,1364.1
SIA,MG,202505,2160528,0211020036,9.0,46.35
SIA,MG,202505,2098407,0206020031,9.0,1227.69
SIA,MG,202505,2208822,0206030037,8.0,1109.04
SIA,MG,202505,7934947,0206010044,2.0,173.5
SIA,MG,202505,2159368,0208010033,15.0,5746.05
SIA,MG,202505,7387377,0206030010,9.0,2531.7
SIA,MG,202505,2761106,0206010028,2.0,202.2
SIA,MG,202505,6920977,0206010028,127.0,12839.7
SIA,MG,202505,2761092,0206030010,332.0,46025.16
SIA,MG,202505,2159252,0206030010,231.0,32023.53
SIA,MG,202505,2201542,0211020036,127.0,654.05
SIA,MG,202505,9344330,0206010079,173.0,16857.12
SIA,MG,202505,2098539,0206030010,107.0,14833.41
SIA,MG,202505,7082886,0206030037,102.0,28692.6
SIA,MG,202505,3698548,0206010079,288.0,28062.72
SIA,MG,202505,2215586,0205010016,2.0,330.0
SIA,MG,202505,0979538,0206010010,15.0,1301.4
SIA,MG,202505,5338409,0206030010,0.0,0.0
SIA,MG,202505,3376478,0206010028,12.0,1213.2
SIA,MG,202505,2138875,0206010079,58.0,5651.52
SIA,MG,202505,2111659,0206010079,31.0,3020.64
SIA,MG,202505,2208822,0206020031,4.0,545.64
SIA,MG,202505,7595247,0206030037,0.0,0.0
SIA,MG,202505,2171988,0206010044,46.0,3990.5
SIA,MG,202505,2208857,0211020036,127.0,654.05
SIA,MG,202505,2098938,0206010079,46.0,4482.24
SIA,MG,202505,2171945,0206010028,18.0,1819.8
SIA,MG,202505,2127989,0206010010,84.0,7287.84
SIA,MG,202505,2126494,0206010028,28.0,2830.8
SIA,MG,202505,3713369,0211020060,125.0,14187.5
SIA,MG,202505,2144638,0206010079,7.0,682.08
SIA,MG,202505,6959415,0208010025,0.0,0.0
SIA,MG,202505,2098407,0211020036,217.0,1117.55
SIA,MG,202505,2119420,0206010079,6.0,584.64
SIA,MG,202505,2195453,0206020031,669.0,91258.29
SIA,MG,202505,2142376,0206030010,5.0,693.15
SIA,MG,202505,6272150,0211020036,194.0,999.1
SIA,MG,202505,2138875,0206010010,8.0,694.08
SIA,MG,202505,6006361,0206020031,0.0,0.0
SIA,MG,202505,9274200,0208010033,18.0,6895.26
SIA,MG,202505,6959415,0206030037,0.0,0.0
SIA,MG,202505,2148293,0206030037,85.0,11783.55
SIA,MG,202505,7413572,0211020036,166.0,854.9
SIA,MG,202505,2760657,0206030037,40.0,5545.2
SIA,MG,202505,3996360,0211020036,46.0,236.9
SIA,MG,202505,2200473,0206030010,141.0,19546.83
SIA,MG,202505,6790151,0206010044,29.0,2515.75
SIA,MG,202505,2205939,0206010028,89.0,8997.9
SIA,MG,202505,2144174,0211020036,107.0,551.05
SIA,MG,202505,2181029,0211020036,258.0,1328.7
SIA,MG,202505,6892256,0206020031,44.0,6002.04
SIA,MG,202505,7038216,0206030010,42.0,5822.46
SIA,MG,202505,0981400,0211020060,9.0,270.0
SIA,MG,202505,2129469,0206030037,193.0,26755.59
SIA,MG,202505,7114982,0206020031,0.0,0.0
SIA,MG,202505,2102765,0206010079,14.0,1364.16
SIA,MG,202505,7038216,0206010044,12.0,1041.0
SIA,MG,202505,7082886,0206010079,104.0,29255.2
SIA,MG,202505,7962088,0206020015,14.0,1214.5
SIA,MG,202505,6631487,0206010079,62.0,12400.0
SIA,MG,202505,2204622,0206020031,43.0,5865.63
SIA,MG,202505,3498441,0206020031,56.0,7638.96
SIA,MG,202505,2143801,0206010010,4.0,347.04
SIA,MG,202505,2208857,0206020031,13.0,1773.33
SIA,MG,202505,6776434,0208010025,0.0,0.0
SIA,MG,202505,2120542,0206010079,113.0,11010.72
SIA,MG,202505,2135132,0206030037,25.0,3465.75
SIA,MG,202505,2215586,0211020060,142.0,4260.0
SIA,MG,202505,2215586,0206030010,115.0,15942.45
SIA,MG,202505,2146525,0206020031,53.0,7229.73
SIA,MG,202505,6323405,0211020036,302.0,1555.3
SIA,MG,202505,2161354,0206030037,192.0,26616.96
SIA,MG,202505,2204762,0206030037,101.0,14001.63
SIA,MG,202505,7076711,0211020036,50.0,257.5
SIA,MG,202505,6311709,0206030037,0.0,0.0
SIA,MG,202505,3883582,0206030037,1.0,138.63
SIA,MG,202505,2110075,0206030037,17.0,2356.71
SIA,MG,202505,6006361,0206030037,0.0,0.0
SIA,MG,202505,2208067,0211020036,10.0,51.5
SIA,MG,202505,2140217,0206010028,3.0,303.3
SIA,MG,202505,2146126,0211020036,546.0,2811.9
SIA,MG,202505,6920977,0206030029,31.0,2689.25
SIA,MG,202505,0196347,0206010079,35.0,9845.5
SIA,MG,202505,0979538,0206010044,26.0,2255.5
SIA,MG,202505,7934947,0206010079,32.0,3118.08
SIA,MG,202505,6766358,0206010079,11.0,1071.84
SIA,MG,202505,6959415,0206030029,0.0,0.0
SIA,MG,202505,2215586,0206010036,4.0,347.04
SIA,MG,202505,6776434,0206020031,0.0,0.0
SIA,MG,202505,2161354,0206010052,4.0,347.0
SIA,MG,202505,9529209,0206020031,6.0,818.46
SIA,MG,202505,2205939,0206030029,29.0,2515.75
SIA,MG,202505,2098539,0206030037,107.0,14833.41
SIA,MG,202505,2126494,0206020015,12.0,1041.0
SIA,MG,202505,2218690,0206030010,29.0,4020.27
SIA,MG,202505,6892256,0206010079,120.0,11692.8
SIA,MG,202505,2112140,0206010079,162.0,15785.28
SIA,MG,202505,2120542,0206030029,8.0,694.0
SIA,MG,202505,2146525,0206030010,61.0,8456.43
SIA,MG,202505,9368221,0206010079,0.0,0.0
SIA,MG,202505,7795203,0206030010,0.0,0.0
SIA,MG,202505,5944619,0211020036,67.0,345.05
SIA,MG,202505,2796619,0206030010,86.0,11922.18
SIA,MG,202505,7741464,0206030037,4.0,554.52
SIA,MG,202505,6892256,0206010052,5.0,433.75
SIA,MG,202505,2775999,0208010033,10.0,3830.7
SIA,MG,202505,2098369,0206010079,55.0,5359.2
SIA,MG,202505,9419977,0206030010,19.0,2633.97
SIA,MG,202505,2100754,0206030010,40.0,5545.2
SIA,MG,202505,2124300,0206020015,2.0,173.5
SIA,MG,202505,6618774,0206020015,7.0,607.25
SIA,MG,202505,5796601,0206030010,20.0,2772.6
SIA,MG,202505,2796619,0206020031,79.0,10776.39
SIA,MG,202505,6487556,0206020031,0.0,0.0
SIA,MG,202505,2764814,0206030037,38.0,5267.94
SIA,MG,202505,2209195,0211020010,36.0,26281.44
SIA,MG,202505,6826911,0206010095,24.0,50573.28
SIA,MG,202505,2143992,0211020036,16.0,82.4
SIA,MG,202505,6892256,0206030037,41.0,5683.83
SIA,MG,202505,2129566,0206030037,10.0,1386.3
SIA,MG,202505,2218690,0206010044,29.0,2515.75
SIA,MG,202505,2098326,0206020015,1.0,86.75
SIA,MG,202505,9319336,0206010036,2.0,173.52
SIA,MG,202505,4042085,0206020031,5.0,682.05
SIA,MG,202505,6292976,0206010079,22.0,2143.68
SIA,MG,202505,2099497,0206010044,0.0,0.0
SIA,MG,202505,0873217,0211020060,5.0,150.0
SIA,MG,202505,0196347,0206030037,29.0,8157.7
SIA,MG,202505,0979538,0206010028,20.0,2022.0
SIA,MG,202505,2208857,0208010025,11.0,4493.72
SIA,MG,202505,2206382,0211020010,49.0,35771.96
SIA,MG,202505,2105780,0206020015,12.0,1041.0
SIA,MG,202505,2183455,0206030010,3.0,415.89
SIA,MG,202505,2146525,0211020010,13.0,9490.52
SIA,MG,202505,6487556,0208010025,0.0,0.0
SIA,MG,202505,2120313,0211020036,153.0,787.95
SIA,MG,202505,2171678,0206010044,10.0,867.5
SIA,MG,202505,9419977,0206010052,1.0,86.75
SIA,MG,202505,2098938,0206030037,122.0,16912.86
SIA,MG,202505,2138875,0206030037,30.0,4158.9
SIA,MG,202505,2127989,0211020010,24.0,17520.96
SIA,MG,202505,2117134,0902010018,59.0,7670.0
SIA,MG,202505,2117134,0211020036,59.0,0.0
SIA,MG,202505,4164644,0211020036,316.0,1627.4
SIA,MG,202505,7082886,0206010044,7.0,1969.1
SIA,MG,202505,9368221,0206020031,0.0,0.0
SIA,MG,202505,0828114,0206030037,21.0,2911.23
SIA,MG,202505,9681752,0206030037,11.0,1524.93
SIA,MG,202505,2129566,0211020010,19.0,13870.76
SIA,MG,202505,2218690,0211020060,52.0,1560.0
SIA,MG,202505,2110075,0206010095,1.0,2107.22
SIA,MG,202505,2129469,0206020031,197.0,26872.77
SIA,MG,202505,2129566,0206010044,7.0,607.25
SIA,MG,202505,2129566,0206020031,13.0,1773.33
SIA,MG,202505,7609868,0208010025,1.0,408.52
SIA,MG,202505,5796601,0206020031,13.0,1773.33
SIA,MG,202505,2206269,0211020036,17.0,87.55
SIA,MG,202505,2775999,0208010025,10.0,4085.2
SIA,MG,202505,2760924,0206020031,4.0,545.64
SIA,MG,202505,2206064,0211020036,15.0,77.25
SIA,MG,202505,6028454,0208010025,5.0,2042.6
SIA,MG,202505,2122650,0206030037,10.0,1386.3
SIA,MG,202505,2776286,0206010028,7.0,707.7
SIA,MG,202505,2163829,0206030037,36.0,4990.68
SIA,MG,202505,2144298,0206010044,19.0,1648.25
SIA,MG,202505,2119528,0206020031,19.0,2591.79
SIA,MG,202505,9673717,0206010010,0.0,0.0
SIA,MG,202505,7595247,0205010016,0.0,0.0
SIA,MG,202505,7962088,0206010044,3.0,260.25
SIA,MG,202505,2796392,0206010010,6.0,520.56
SIA,MG,202505,6471226,0206030010,3.0,415.89
SIA,MG,202505,2775999,0206010079,80.0,7795.2
SIA,MG,202505,2796619,0206010052,7.0,607.25
SIA,MG,202505,2760436,0206020031,4.0,545.64
SIA,MG,202505,6618774,0206010010,22.0,1908.72
SIA,MG,202505,2173166,0206010079,146.0,28452.48
SIA,MG,202505,2764814,0206010044,7.0,607.25
SIA,MG,202505,2101777,0206010010,18.0,1561.68
SIA,MG,202505,2139073,0206010079,4.0,389.76
SIA,MG,202505,2204649,0211020036,36.0,154.5
SIA,MG,202505,2759306,0211020036,9.0,46.35
SIA,MG,202505,3871797,0206030037,0.0,0.0
SIA,MG,202505,9344330,0206030029,20.0,1735.0
SIA,MG,202505,2144182,0211020036,39.0,200.85
SIA,MG,202505,6272150,0211020060,11.0,330.0
SIA,MG,202505,2127989,0206010028,76.0,7683.6
SIA,MG,202505,2759403,0211020060,13.0,390.0
SIA,MG,202505,2796619,0206030037,87.0,12060.81
SIA,MG,202505,2204649,0902010018,6.0,780.0
SIA,MG,202505,7082886,0211020036,272.0,1400.8
SIA,MG,202505,6705375,0206030010,21.0,2911.23
SIA,MG,202505,2168553,0206010079,39.0,3800.16
SIA,MG,202505,2110075,0206020031,17.0,2318.97
SIA,MG,202505,7609868,0206030010,1.0,138.63
SIA,MG,202505,0981400,0206010044,2.0,173.5
SIA,MG,202505,2215586,0206010044,1.0,86.75
SIA,MG,202505,2173166,0206020031,13.0,3575.52
SIA,MG,202505,2775999,0206020015,1.0,86.75
SIA,MG,202505,7595247,0206010052,0.0,0.0
SIA,MG,202505,9388354,0206020023,1.0,86.75
SIA,MG,202505,2785684,0206010079,14.0,2728.32
SIA,MG,202505,3698548,0206030037,22.0,3049.86
SIA,MG,202505,6766358,0206010028,5.0,505.5
SIA,MG,202505,2191164,0206030010,12.0,1663.56
SIA,MG,202505,6311709,0206020015,0.0,0.0
SIA,MG,202505,3498441,0211020036,4.0,20.6
SIA,MG,202505,2171988,0206010036,18.0,1561.68
SIA,MG,202505,2100363,0211020036,4.0,20.6
SIA,MG,202505,6311709,0206030029,0.0,0.0
SIA,MG,202505,2764776,0206010028,7.0,707.7
SIA,MG,202505,3050378,0206010028,1.0,101.1
SIA,MG,202505,2205904,0206010010,10.0,867.6
SIA,MG,202505,2129469,0206020015,5.0,433.75
SIA,MG,202505,2172259,0206010044,17.0,1639.31
SIA,MG,202505,2761149,0211020036,3.0,15.45
SIA,MG,202505,2796392,0206010036,6.0,520.56
SIA,MG,202505,9673717,0206010052,0.0,0.0
SIA,MG,202505,2201879,0206010028,7.0,1995.0
SIA,MG,202505,2205904,0206030037,1.0,138.63
SIA,MG,202505,2164299,0206010079,91.0,8867.04
SIA,MG,202505,2164280,0206010079,31.0,3020.64
SIA,MG,202505,2208857,0211020010,10.0,7300.4
SIA,MG,202505,2122650,0206010028,7.0,707.7
SIA,MG,202505,7507631,0211020036,3.0,15.45
SIA,MG,202505,2764814,0206010036,8.0,694.08
SIA,MG,202505,2161354,0206010044,32.0,2776.0
SIA,MG,202505,2764814,0206020023,4.0,347.0
SIA,MG,202505,2167360,0211020036,66.0,339.9
SIA,MG,202505,2173565,0206010052,1.0,86.75
SIA,MG,202505,2127989,0206030029,44.0,3817.0
SIA,MG,202505,2111640,0206010052,21.0,1821.75
SIA,MG,202505,9344330,0206010052,2.0,173.5
SIA,MG,202505,2112140,0206010036,5.0,433.8
SIA,MG,202505,7951604,0206010044,2.0,192.86
SIA,MG,202505,3498441,0206010095,1.0,2107.22
SIA,MG,202505,3498441,0206010052,3.0,260.25
SIA,MG,202505,2171945,0206010036,5.0,433.8
SIA,MG,202505,2127989,0206010036,65.0,5639.4
SIA,MG,202505,2144298,0206010036,15.0,1301.4
SIA,MG,202505,2105780,0211020036,359.0,1848.85
SIA,MG,202505,2146525,0206010036,8.0,694.08
SIA,MG,202505,0196347,0211020036,190.0,978.5
SIA,MG,202505,2761041,0211020010,59.0,43072.36
SIA,MG,202505,2112140,0206030029,9.0,780.75
SIA,MG,202505,0981400,0205010016,1.0,165.0
SIA,MG,202505,2206064,0206010010,4.0,347.04
SIA,MG,202505,2142171,0211020036,46.0,236.9
SIA,MG,202505,6311709,0206010010,0.0,0.0
SIA,MG,202505,2126494,0206010044,31.0,2689.25
SIA,MG,202505,2208857,0206010095,3.0,6321.66
SIA,MG,202505,2760924,0206010079,13.0,1266.72
SIA,MG,202505,2760657,0206010010,4.0,347.04
SIA,MG,202505,2146525,0206030029,3.0,260.25
SIA,MG,202505,3009718,0211020036,22.0,113.3
SIA,MG,202505,5796601,0206010044,1.0,86.75
SIA,MG,202505,2117568,0206030010,4.0,554.52
SIA,MG,202505,7892861,0211020060,15.0,1500.0
SIA,MG,202505,7609868,0208010033,1.0,383.07
SIA,MG,202505,2796449,0206010028,1.0,184.27
SIA,MG,202505,2159252,0211020010,42.0,30661.68
SIA,MG,202505,2709848,0206020031,22.0,3001.02
SIA,MG,202505,0196347,0206010028,1.0,281.3
SIA,MG,202505,9563105,0206010036,1.0,288.0
SIA,MG,202505,2098938,0206010044,11.0,954.25
SIA,MG,202505,2796619,0206010010,4.0,347.04
SIA,MG,202505,6292976,0206010010,1.0,86.76
SIA,MG,202505,2195453,0206010010,8.0,694.08
SIA,MG,202505,6311709,0206010036,0.0,0.0
SIA,MG,202505,2796449,0206010044,2.0,368.52
SIA,MG,202505,7082886,0206020031,35.0,9845.5
SIA,MG,202505,2192128,0206020031,17.0,2318.97
SIA,MG,202505,2195224,0211020036,19.0,97.85
SIA,MG,202505,2173565,0206020015,1.0,86.75
SIA,MG,202505,2796341,0211020036,110.0,566.5
SIA,MG,202505,2168707,0206020023,1.0,86.75
SIA,MG,202505,2194937,0206030037,11.0,1524.93
SIA,MG,202505,2760681,0206030010,5.0,693.15
SIA,MG,202505,2205904,0206010079,7.0,682.08
SIA,MG,202505,9344330,0206020015,6.0,520.5
SIA,MG,202505,9382453,0211020036,45.0,231.75
SIA,MG,202505,5473586,0206030037,0.0,0.0
SIA,MG,202505,7387377,0206010079,18.0,5063.4
SIA,MG,202505,2098369,0206010052,1.0,86.75
SIA,MG,202505,2135132,0211020010,14.0,10220.56
SIA,MG,202505,9319336,0206010052,2.0,173.5
SIA,MG,202505,2098911,0206010010,7.0,607.32
SIA,MG,202505,2215586,0206020023,2.0,173.5
SIA,MG,202505,2142376,0211020010,19.0,13870.76
SIA,MG,202505,7114982,0206030029,0.0,0.0
SIA,MG,202505,2761041,0206030037,1.0,138.63
SIA,MG,202505,2098369,0206030010,25.0,3465.75
SIA,MG,202505,2764776,0206020031,12.0,1636.92
SIA,MG,202505,2785684,0206020031,5.0,1375.2
SIA,MG,202505,2172887,0206030010,5.0,693.15
SIA,MG,202505,2171945,0206020015,8.0,694.0
SIA,MG,202505,4042751,0211020036,501.0,2580.15
SIA,MG,202505,2759292,0211020036,277.0,1426.55
SIA,MG,202505,2198037,0211020036,71.0,365.65
SIA,MG,202505,0039047,0211020036,171.0,880.65
SIA,MG,202505,2143801,0206030010,34.0,4713.42
SIA,MG,202505,2146525,0206030037,60.0,8317.8
SIA,MG,202505,2171945,0206020031,435.0,59338.35
SIA,MG,202505,2171945,0206010079,231.0,22508.64
SIA,MG,202505,7548311,0211020036,608.0,3131.2
SIA,MG,202505,5796601,0211020036,15.0,77.25
SIA,MG,202505,2171988,0206020031,42.0,5729.22
SIA,MG,202505,2171988,0206010079,244.0,23775.36
SIA,MG,202505,2127695,0211020036,257.0,1323.55
SIA,MG,202505,7258992,0211020036,180.0,927.0
SIA,MG,202505,6959415,0211020060,0.0,0.0
SIA,MG,202505,2099152,0206020031,26.0,6738.42
SIA,MG,202505,7691807,0206010010,4.0,347.04
SIA,MG,202505,2111640,0206020031,216.0,29464.56
SIA,MG,202505,2100681,0206030037,62.0,8595.06
SIA,MG,202505,2098938,0206020031,154.0,21007.14
SIA,MG,202505,2195453,0206010079,67.0,6528.48
SIA,MG,202505,2098938,0206030029,3.0,260.25
SIA,MG,202505,2168707,0206010028,6.0,606.6
SIA,MG,202505,2759403,0211020036,599.0,3084.85
SIA,MG,202505,2109034,0206020031,1.0,259.17
SIA,MG,202505,9325107,0211020036,195.0,1004.25
SIA,MG,202505,0828114,0206010028,1.0,101.1
SIA,MG,202505,2134160,0211020036,364.0,1874.6
SIA,MG,202505,2129566,0211020060,7.0,210.0
SIA,MG,202505,7082886,0206020015,1.0,281.3
SIA,MG,202505,7387377,0206020031,10.0,2813.0
SIA,MG,202505,2129566,0206010079,42.0,4092.48
SIA,MG,202505,6705375,0211020036,96.0,494.4
SIA,MG,202505,2098938,0206010028,3.0,303.3
SIA,MG,202505,2172860,0211020036,138.0,710.7
SIA,MG,202505,2100681,0206030010,62.0,8595.06
SIA,MG,202505,2164299,0206020031,30.0,4092.3
SIA,MG,202505,2206382,0206020031,57.0,7775.37
SIA,MG,202505,2208644,0211020036,56.0,288.4
SIA,MG,202505,2129469,0206010079,73.0,7113.12
SIA,MG,202505,6790151,0206010079,150.0,14616.0
SIA,MG,202505,2172259,0206010079,162.0,17546.22
SIA,MG,202505,2129469,0211020036,20.0,103.0
SIA,MG,202505,6959415,0208010033,0.0,0.0
SIA,MG,202505,2194317,0211020036,69.0,355.35
SIA,MG,202505,6487556,0206010079,0.0,0.0
SIA,MG,202505,2172836,0211020036,50.0,257.5
SIA,MG,202505,2139200,0206020023,3.0,309.45
SIA,MG,202505,2117134,0206020031,14.0,1909.74
SIA,MG,202505,2142406,0211020036,97.0,499.55
SIA,MG,202505,2172887,0211020036,76.0,391.4
SIA,MG,202505,2776006,0211020036,135.0,695.25
SIA,MG,202505,2192128,0206030037,18.0,2495.34
SIA,MG,202505,3698548,0206020031,72.0,9821.52
SIA,MG,202505,2115433,0211020036,33.0,169.95
SIA,MG,202505,2760681,0206020031,3.0,409.23
SIA,MG,202505,0873217,0211020036,31.0,159.65
SIA,MG,202505,2168448,0211020036,105.0,540.75
SIA,MG,202505,2761106,0206010079,6.0,584.64
SIA,MG,202505,2697548,0211020036,23.0,118.45
SIA,MG,202505,2105780,0206010079,181.0,17636.64
SIA,MG,202505,2775999,0206020031,275.0,37512.75
SIA,MG,202505,2112140,0206010044,5.0,433.75
SIA,MG,202505,2144298,0206010028,10.0,1011.0
SIA,MG,202505,7114982,0206030010,0.0,0.0
SIA,MG,202505,2100754,0206010010,16.0,1388.16
SIA,MG,202505,2119528,0206030010,34.0,4713.42
SIA,MG,202505,2123541,0211020036,104.0,535.6
SIA,MG,202505,2145588,0206010079,63.0,6138.72
SIA,MG,202505,9155112,0211020036,50.0,257.5
SIA,MG,202505,2167727,0211020036,146.0,751.9
SIA,MG,202505,6959415,0206010010,0.0,0.0
SIA,MG,202505,2139200,0206010079,90.0,10402.2
SIA,MG,202505,6311709,0206020031,0.0,0.0
SIA,MG,202505,2117312,0211020036,273.0,1405.95
SIA,MG,202505,2161354,0206030010,177.0,24537.51
SIA,MG,202505,7595247,0206030010,0.0,0.0
SIA,MG,202505,7595247,0211020060,0.0,0.0
SIA,MG,202505,2155591,0211020036,14.0,72.1
SIA,MG,202505,5224497,0211020036,360.0,1854.0
SIA,MG,202505,9673717,0206010079,0.0,0.0
SIA,MG,202505,2764814,0206010079,104.0,10133.76
SIA,MG,202505,2099152,0206010036,1.0,164.83
SIA,MG,202505,2108828,0211020036,89.0,458.35
SIA,MG,202505,2098938,0208010033,54.0,20685.78
SIA,MG,202505,5824591,0206020031,2.0,272.82
SIA,MG,202505,2178850,0211020036,26.0,133.9
SIA,MG,202505,2099152,0206010028,10.0,1921.8
SIA,MG,202505,6263755,0211020036,56.0,288.4
SIA,MG,202505,2159252,0206010036,2.0,173.52
SIA,MG,202505,2134276,0211020036,99.0,509.85
SIA,MG,202505,2179628,0211020036,113.0,581.95
SIA,MG,202505,6827772,0211020036,88.0,453.2
SIA,MG,202505,2760843,0206010010,6.0,520.56
SIA,MG,202505,2163829,0206030029,4.0,347.0
SIA,MG,202505,0192465,0211020036,39.0,200.85
SIA,MG,202505,2147106,0211020036,67.0,345.05
SIA,MG,202505,2760991,0211020036,36.0,185.4
SIA,MG,202505,2146525,0206010044,14.0,1214.5
SIA,MG,202505,9228713,0206010044,1.0,86.75
SIA,MG,202505,9344330,0206010036,3.0,260.28
SIA,MG,202505,2140942,0211020036,32.0,164.8
SIA,MG,202505,2161729,0211020036,95.0,489.25
SIA,MG,202505,3498441,0206010044,12.0,1041.0
SIA,MG,202505,2139138,0211020036,1.0,5.15
SIA,MG,202505,2140411,0211020036,233.0,1199.95
SIA,MG,202505,2100142,0211020036,88.0,453.2
SIA,MG,202505,0196347,0206020031,12.0,3375.6
SIA,MG,202505,4042085,0211020036,172.0,885.8
SIA,MG,202505,0981400,0206020023,3.0,260.25
SIA,MG,202505,2204622,0206010079,193.0,18805.92
SIA,MG,202505,2142376,0206010036,1.0,86.76
SIA,MG,202505,9228713,0206010079,52.0,5066.88
SIA,MG,202505,2198061,0211020036,304.0,1565.6
SIA,MG,202505,2775999,0211020036,355.0,1828.25
SIA,MG,202505,6631487,0206020015,11.0,2200.0
SIA,MG,202505,0979538,0206020031,86.0,11731.26
SIA,MG,202505,2120194,0206030037,18.0,2495.34
SIA,MG,202505,5796601,0206010079,1.0,97.44
SIA,MG,202505,2164280,0206020031,21.0,2864.61
SIA,MG,202505,2206382,0206010036,7.0,607.32
SIA,MG,202505,7595247,0206030029,0.0,0.0
SIA,MG,202505,2764814,0206030010,97.0,13447.11
SIA,MG,202505,2161354,0206010036,25.0,2169.0
SIA,MG,202505,2761092,0206020031,400.0,54564.0
SIA,MG,202505,0246417,0211020036,182.0,937.3
SIA,MG,202505,2796449,0211020036,249.0,1282.35
SIA,MG,202505,2162903,0211020036,18.0,92.7
SIA,MG,202505,2135132,0206030010,26.0,3604.38
SIA,MG,202505,2206064,0206030029,2.0,173.5
SIA,MG,202505,2184281,0211020036,26.0,133.9
SIA,MG,202505,2206382,0206010052,2.0,173.5
SIA,MG,202505,2141922,0211020036,161.0,829.15
SIA,MG,202505,7609868,0206020031,6.0,818.46
SIA,MG,202505,2796449,0206030010,27.0,5000.94
SIA,MG,202505,2206064,0206020031,5.0,682.05
SIA,MG,202505,2098369,0206010028,12.0,1213.2
SIA,MG,202505,2100754,0206030029,8.0,694.0
SIA,MG,202505,2168553,0206020015,4.0,347.0
SIA,MG,202505,2764814,0206030029,9.0,780.75
SIA,MG,202505,2127989,0208010033,45.0,17238.15
SIA,MG,202505,2144638,0206010028,1.0,101.1
SIA,MG,202505,2219735,0211020036,159.0,818.85
SIA,MG,202505,7518196,0211020036,139.0,715.85
SIA,MG,202505,2125943,0211020060,64.0,1920.0
SIA,MG,202505,7284233,0206010044,2.0,173.5
SIA,MG,202505,6511805,0206030010,27.0,5000.94
SIA,MG,202505,2159252,0206010044,41.0,3556.75
SIA,MG,202505,2135132,0206030029,9.0,780.75
SIA,MG,202505,6920977,0206010010,48.0,4164.48
SIA,MG,202505,0979538,0206020023,8.0,694.0
SIA,MG,202505,0979538,0208010025,54.0,22060.08
SIA,MG,202505,0041548,0206010036,1.0,86.76
SIA,MG,202505,2173565,0206020023,1.0,86.75
SIA,MG,202505,2100754,0206010036,3.0,260.28
SIA,MG,202505,2201542,0206020023,4.0,347.0
SIA,MG,202505,3871797,0206010010,0.0,0.0
SIA,MG,202505,3871797,0206030010,0.0,0.0
SIA,MG,202505,2110075,0206010079,6.0,584.64
SIA,MG,202505,2120542,0206030037,62.0,8595.06
SIA,MG,202505,2115360,0211020036,90.0,463.5
SIA,MG,202505,2145588,0211020036,150.0,772.5
SIA,MG,202505,0041548,0206030010,4.0,554.52
SIA,MG,202505,5350697,0211020036,104.0,2912.0
SIA,MG,202505,2762633,0211020036,57.0,293.55
SIA,MG,202505,2159252,0206010052,48.0,4164.0
SIA,MG,202505,2761106,0206010010,1.0,86.76
SIA,MG,202505,7934947,0206030037,11.0,1524.93
SIA,MG,202505,7595247,0206010044,0.0,0.0
SIA,MG,202505,2145588,0206010028,4.0,404.4
SIA,MG,202505,2841622,0206010044,5.0,433.75
SIA,MG,202505,2761092,0206020015,6.0,520.5
SIA,MG,202505,2785684,0206030029,1.0,173.5
SIA,MG,202505,2099438,0211020036,89.0,458.35
SIA,MG,202505,6709052,0211020036,87.0,448.05
SIA,MG,202505,9529209,0206030010,8.0,1109.04
SIA,MG,202505,2776286,0206010044,4.0,347.0
SIA,MG,202505,6776434,0206010044,0.0,0.0
SIA,MG,202505,6776434,0206030037,0.0,0.0
SIA,MG,202505,7962088,0206030037,227.0,31469.01
SIA,MG,202505,6631487,0206020031,44.0,8800.0
SIA,MG,202505,2126494,0206030037,133.0,18437.79
SIA,MG,202505,2098369,0206010036,3.0,260.28
SIA,MG,202505,9563105,0206010028,5.0,505.5
SIA,MG,202505,2126982,0211020036,90.0,463.5
SIA,MG,202505,0979538,0206030010,20.0,2772.6
SIA,MG,202505,0283118,0211020036,82.0,422.3
SIA,MG,202505,2120194,0206010079,15.0,1461.6
SIA,MG,202505,6959415,0206010036,0.0,0.0
SIA,MG,202505,2796562,0206030037,1.0,138.63
SIA,MG,202505,2760924,0211020036,60.0,309.0
SIA,MG,202505,2761092,0206010052,60.0,5205.0
SIA,MG,202505,2099454,0211020036,118.0,607.7
SIA,MG,202505,2761203,0206030029,3.0,260.25
SIA,MG,202505,7691807,0206030010,15.0,2079.45
SIA,MG,202505,2099497,0206020031,0.0,0.0
SIA,MG,202505,7595247,0206010036,0.0,0.0
SIA,MG,202505,2185520,0211020060,14.0,420.0
SIA,MG,202505,7609868,0206010028,17.0,1718.7
SIA,MG,202505,2776286,0206030037,8.0,1109.04
SIA,MG,202505,2709848,0206010044,12.0,1041.0
SIA,MG,202505,2144530,0206020031,5.0,682.05
SIA,MG,202505,2129469,0206010044,7.0,607.25
SIA,MG,202505,2111659,0206020031,22.0,3001.02
SIA,MG,202505,2195453,0211020036,37.0,190.55
SIA,MG,202505,2099454,0206010010,9.0,780.84
SIA,MG,202505,2201542,0206030037,49.0,6792.87
SIA,MG,202505,2171945,0206010044,10.0,867.5
SIA,MG,202505,2760436,0211020036,2.0,10.3
SIA,MG,202505,2201879,0206030037,38.0,9880.0
SIA,MG,202505,6631487,0211020060,36.0,5040.0
SIA,MG,202505,6966640,0208010033,21.0,8044.47
SIA,MG,202505,2164299,0206010028,11.0,1112.1
SIA,MG,202505,2111659,0206010028,21.0,2123.1
SIA,MG,202505,2148293,0206010044,25.0,2168.75
SIA,MG,202505,2201879,0206020015,2.0,460.0
SIA,MG,202505,2118513,0206010079,0.0,0.0
SIA,MG,202505,7395361,0211020036,177.0,4956.0
SIA,MG,202505,4042107,0211020036,488.0,2513.2
SIA,MG,202505,2173166,0206010044,10.0,1735.0
SIA,MG,202505,6365612,0211020036,223.0,1148.45
SIA,MG,202505,7795203,0206010044,0.0,0.0
SIA,MG,202505,2796619,0206010036,7.0,607.32
SIA,MG,202505,6776434,0206010010,0.0,0.0
SIA,MG,202505,2101262,0211020036,375.0,1931.25
SIA,MG,202505,2146444,0211020036,121.0,623.15
SIA,MG,202505,9529209,0211020036,113.0,581.95
SIA,MG,202505,2138875,0206020031,9.0,1227.69
SIA,MG,202505,9388354,0208010033,25.0,9576.75
SIA,MG,202505,2759381,0211020036,177.0,911.55
SIA,MG,202505,2127121,0211020036,97.0,499.55
SIA,MG,202505,2192632,0211020036,86.0,442.9
SIA,MG,202505,2129566,0211020036,5.0,25.75
SIA,MG,202505,2205939,0206010010,27.0,2342.52
SIA,MG,202505,2135132,0206010010,18.0,1561.68
SIA,MG,202505,0828114,0206010052,4.0,347.0
SIA,MG,202505,7609868,0211020060,5.0,150.0
SIA,MG,202505,2144530,0206010028,5.0,505.5
SIA,MG,202505,2162792,0211020036,80.0,412.0
SIA,MG,202505,2776286,0206010010,1.0,86.76
SIA,MG,202505,2102056,0211020036,30.0,154.5
SIA,MG,202505,2173565,0206030010,10.0,1386.3
SIA,MG,202505,2214733,0211020036,493.0,2538.95
SIA,MG,202505,2761041,0208010033,35.0,13407.45
SIA,MG,202505,2128047,0206010036,10.0,867.6
SIA,MG,202505,7101406,0206030037,7.0,970.41
SIA,MG,202505,2201542,0206010036,1.0,86.76
SIA,MG,202505,2144573,0211020036,82.0,422.3
SIA,MG,202505,2144638,0206030010,13.0,1802.19
SIA,MG,202505,2761092,0206010028,16.0,1617.6
SIA,MG,202505,2146525,0211020060,13.0,390.0
SIA,MG,202505,5677416,0211020036,28.0,144.2
SIA,MG,202505,2153912,0211020036,97.0,499.55
SIA,MG,202505,2768372,0211020036,200.0,1030.0
SIA,MG,202505,2164299,0206010044,5.0,433.75
SIA,MG,202505,3498441,0208010033,10.0,3830.7
SIA,MG,202505,2212854,0211020036,262.0,1349.3
SIA,MG,202505,2796376,0211020036,150.0,772.5
SIA,MG,202505,2118513,0206030037,3.0,415.89
SIA,MG,202505,2098369,0206010044,4.0,347.0
SIA,MG,202505,2208857,0206030037,11.0,1524.93
SIA,MG,202505,2192128,0206020023,3.0,260.25
SIA,MG,202505,2117568,0206030037,4.0,554.52
SIA,MG,202505,2098539,0206020015,9.0,780.75
SIA,MG,202505,2139227,0211020036,11.0,56.65
SIA,MG,202505,2120542,0206010052,5.0,433.75
SIA,MG,202505,2120542,0206020031,29.0,3955.89
SIA,MG,202505,2160498,0211020036,156.0,803.4
SIA,MG,202505,2148293,0206020031,98.0,13368.18
SIA,MG,202505,2101777,0211020036,65.0,334.75
SIA,MG,202505,7934947,0206030010,12.0,1663.56
SIA,MG,202505,0979538,0206010052,3.0,260.25
SIA,MG,202505,2200473,0206020031,96.0,13095.36
SIA,MG,202505,3883582,0211020060,11.0,330.0
SIA,MG,202505,4378520,0211020036,3.0,15.45
SIA,MG,202505,6448526,0208010033,9.0,3447.63
SIA,MG,202505,2120542,0211020036,262.0,1349.3
SIA,MG,202505,9419977,0206010044,2.0,173.5
SIA,MG,202505,2098911,0206010028,27.0,2729.7
SIA,MG,202505,9419977,0206020031,22.0,3001.02
SIA,MG,202505,2178559,0206020031,9.0,1227.69
SIA,MG,202505,2168707,0206020015,6.0,520.5
SIA,MG,202505,7038216,0206030029,9.0,780.75
SIA,MG,202505,3960668,0211020060,59.0,1770.0
SIA,MG,202505,3960668,0206010044,9.0,780.75
SIA,MG,202505,2168707,0206030029,5.0,433.75
SIA,MG,202505,2218410,0211020036,52.0,267.8
SIA,MG,202505,6319769,0211020036,5.0,25.75
SIA,MG,202505,2200473,0206010036,29.0,2516.04
SIA,MG,202505,2200473,0206010044,49.0,4250.75
SIA,MG,202505,2136139,0211020036,64.0,329.6
SIA,MG,202505,7951604,0206010079,22.0,2382.82
SIA,MG,202505,2764776,0206010044,9.0,780.75
SIA,MG,202505,2793784,0211020036,72.0,370.8
SIA,MG,202505,7934947,0206020031,12.0,1636.92
SIA,MG,202505,2139073,0211020036,59.0,303.85
SIA,MG,202505,2201879,0206020031,30.0,7800.0
SIA,MG,202505,2205327,0211020036,32.0,164.8
SIA,MG,202505,2143992,0206010028,20.0,2022.0
SIA,MG,202505,9876332,0211020036,22.0,113.3
SIA,MG,202505,3938654,0206030037,8.0,1584.0
SIA,MG,202505,7038216,0211020036,573.0,2950.95
SIA,MG,202505,2218690,0211020036,625.0,3218.75
SIA,MG,202505,2215586,0211020036,75.0,386.25
SIA,MG,202505,7101406,0206020023,1.0,86.75
SIA,MG,202505,2200473,0206010079,443.0,43165.92
SIA,MG,202505,2195453,0206030010,571.0,79157.73
SIA,MG,202505,3145425,0206020031,19.0,2591.79
SIA,MG,202505,3871797,0211020060,0.0,0.0
SIA,MG,202505,2159252,0206030037,226.0,31330.38
SIA,MG,202505,2111659,0206030010,35.0,4852.05
SIA,MG,202505,2140217,0206020031,14.0,1909.74
SIA,MG,202505,2796619,0211020060,1.0,30.0
SIA,MG,202505,2105780,0206020031,139.0,18960.99
SIA,MG,202505,2195453,0206010052,92.0,7981.0
SIA,MG,202505,2841622,0206010079,24.0,2338.56
SIA,MG,202505,2127989,0206020031,458.0,62475.78
SIA,MG,202505,2129469,0206010036,9.0,780.84
SIA,MG,202505,2709848,0206030037,149.0,20655.87
SIA,MG,202505,6959415,0206010044,0.0,0.0
SIA,MG,202505,6292976,0206030010,19.0,2633.97
SIA,MG,202505,2204762,0206020031,10.0,1364.1
SIA,MG,202505,2125943,0211020036,490.0,2523.5
SIA,MG,202505,6790151,0211020036,92.0,473.8
SIA,MG,202505,5914469,0211020036,194.0,999.1
SIA,MG,202505,6629725,0206030037,29.0,7540.0
SIA,MG,202505,6892256,0206030029,11.0,954.25
SIA,MG,202505,2159252,0206020023,1.0,86.75
SIA,MG,202505,6790151,0206010028,21.0,2123.1
SIA,MG,202505,2776286,0206020031,10.0,1364.1
SIA,MG,202505,0979538,0206010079,97.0,9451.68
SIA,MG,202505,2098539,0206010044,16.0,1388.0
SIA,MG,202505,2785684,0206010044,5.0,867.5
SIA,MG,202505,2144026,0206030037,41.0,5683.83
SIA,MG,202505,2200473,0206020015,27.0,2342.25
SIA,MG,202505,2191164,0206010079,56.0,5456.64
SIA,MG,202505,2100754,0206010079,50.0,4872.0
SIA,MG,202505,0828114,0206020023,2.0,173.5
SIA,MG,202505,2161974,0211020036,28.0,144.2
SIA,MG,202505,2099438,0206010079,35.0,3410.4
SIA,MG,202505,2128047,0206010079,16.0,1559.04
SIA,MG,202505,2119528,0206010079,120.0,11692.8
SIA,MG,202505,2146525,0206010010,12.0,1041.12
SIA,MG,202505,2114763,0206030010,24.0,3327.12
SIA,MG,202505,2206064,0206010079,39.0,3800.16
SIA,MG,202505,2164280,0206010028,12.0,1213.2
SIA,MG,202505,9368221,0211020060,0.0,0.0
SIA,MG,202505,2145588,0206020031,46.0,6274.86
SIA,MG,202505,6966640,0208010025,21.0,8578.92
SIA,MG,202505,2206447,0206020031,2.0,272.82
SIA,MG,202505,2208822,0211020036,174.0,896.1
SIA,MG,202505,6006361,0211020036,0.0,0.0
SIA,MG,202505,9274200,0208010025,18.0,7353.36
SIA,MG,202505,2168707,0206010036,2.0,173.52
SIA,MG,202505,6311709,0206010079,0.0,0.0
SIA,MG,202505,2161354,0206020031,97.0,13231.77
SIA,MG,202505,7595247,0206010028,0.0,0.0
SIA,MG,202505,2183455,0211020036,87.0,448.05
SIA,MG,202505,2179237,0211020036,9.0,46.35
SIA,MG,202505,2102765,0206030010,7.0,970.41
SIA,MG,202505,2760843,0206010079,126.0,12277.44
SIA,MG,202505,2709651,0211020036,194.0,999.1
SIA,MG,202505,2775999,0206010052,50.0,4337.5
SIA,MG,202505,2099454,0206030010,54.0,7486.02
SIA,MG,202505,4042085,0206030010,16.0,2218.08
SIA,MG,202505,2142376,0206020031,3.0,409.23
SIA,MG,202505,2099438,0206030010,34.0,4713.42
SIA,MG,202505,2163829,0206020031,18.0,2455.38
SIA,MG,202505,5338409,0206020031,0.0,0.0
SIA,MG,202505,2115654,0211020036,95.0,489.25
SIA,MG,202505,2204622,0206030010,67.0,9288.21
SIA,MG,202505,2796392,0206030037,79.0,10951.77
SIA,MG,202505,2145588,0206030010,78.0,10813.14
SIA,MG,202505,2195453,0208010025,13.0,5310.76
SIA,MG,202505,2216272,0211020036,32.0,164.8
SIA,MG,202505,2173565,0206020031,10.0,1364.1
SIA,MG,202505,2173565,0206010028,17.0,1718.7
SIA,MG,202505,2098911,0206030037,44.0,6099.72
SIA,MG,202505,7595247,0206020031,0.0,0.0
SIA,MG,202505,5649862,0211020060,26.0,780.0
SIA,MG,202505,2128047,0211020060,257.0,7710.0
SIA,MG,202505,2121727,0211020036,100.0,515.0
SIA,MG,202505,7624123,0211020060,26.0,780.0
SIA,MG,202505,6790151,0206030029,39.0,3383.25
SIA,MG,202505,9419977,0206010079,32.0,3118.08
SIA,MG,202505,3498441,0206010010,2.0,173.52
SIA,MG,202505,2100681,0206010010,6.0,520.56
SIA,MG,202505,2139200,0206010052,9.0,928.35
SIA,MG,202505,6697054,0206010079,10.0,974.4
SIA,MG,202505,2796392,0206030029,4.0,347.0
SIA,MG,202505,6892256,0206030010,43.0,5961.09
SIA,MG,202505,2144298,0206020015,5.0,433.75
SIA,MG,202505,2116057,0211020036,7.0,36.05
SIA,MG,202505,2776006,0206010079,8.0,779.52
SIA,MG,202505,2148293,0206010036,10.0,867.6
SIA,MG,202505,6892256,0206010028,14.0,1415.4
SIA,MG,202505,2124300,0206030010,100.0,13863.0
SIA,MG,202505,2206420,0206030010,8.0,1109.04
SIA,MG,202505,6705375,0206010010,6.0,520.56
SIA,MG,202505,2144298,0206010079,147.0,14323.68
SIA,MG,202505,2145588,0206030037,7.0,970.41
SIA,MG,202505,2192128,0206010079,25.0,2436.0
SIA,MG,202505,2135132,0206020015,5.0,433.75
SIA,MG,202505,2163829,0206030010,34.0,4713.42
SIA,MG,202505,7845383,0211020036,14.0,72.1
SIA,MG,202505,2143992,0206030037,13.0,1802.19
SIA,MG,202505,2099454,0206010079,103.0,10036.32
SIA,MG,202505,2761041,0206030010,1.0,138.63
SIA,MG,202505,7691807,0206010044,2.0,173.5
SIA,MG,202505,2796392,0206010079,181.0,17636.64
SIA,MG,202505,2159252,0206010079,49.0,4774.56
SIA,MG,202505,6006361,0206010044,0.0,0.0
SIA,MG,202505,9368221,0206030010,0.0,0.0
SIA,MG,202505,6471226,0206010052,1.0,86.75
SIA,MG,202505,6487556,0206010028,0.0,0.0
SIA,MG,202505,2105780,0206030029,15.0,1301.25
SIA,MG,202505,2143801,0206020015,3.0,260.25
SIA,MG,202505,6766358,0206020031,10.0,1364.1
SIA,MG,202505,4042085,0206010079,31.0,3020.64
SIA,MG,202505,3498441,0206020015,2.0,173.5
SIA,MG,202505,5796601,0206030037,4.0,554.52
SIA,MG,202505,7387377,0206030037,9.0,2531.7
SIA,MG,202505,6511805,0206010052,4.0,737.04
SIA,MG,202505,2144026,0206020031,9.0,1227.69
SIA,MG,202505,2143992,0206020031,5.0,682.05
SIA,MG,202505,6093361,0206010079,16.0,1559.04
SIA,MG,202505,2099454,0206010044,21.0,1821.75
SIA,MG,202505,2126494,0206010052,6.0,520.5
SIA,MG,202505,6705375,0206010044,6.0,520.5
SIA,MG,202505,2122650,0206030010,26.0,3604.38
SIA,MG,202505,6705375,0206010079,25.0,2436.0
SIA,MG,202505,6629725,0206020031,14.0,3640.0
SIA,MG,202505,7637985,0211020036,16.0,82.4
SIA,MG,202505,2119420,0211020060,21.0,630.0
SIA,MG,202505,2761203,0211020036,10.0,51.5
SIA,MG,202505,2140217,0206010079,10.0,974.4
SIA,MG,202505,2119528,0206020023,3.0,260.25
SIA,MG,202505,2112140,0206010010,27.0,2342.52
SIA,MG,202505,2206064,0206030037,22.0,3049.86
SIA,MG,202505,2213478,0211020036,9.0,46.35
SIA,MG,202505,9563105,0206010079,30.0,7500.0
SIA,MG,202505,0046701,0211020036,206.0,1060.9
SIA,MG,202505,2117401,0211020036,67.0,345.05
SIA,MG,202505,0828114,0206010044,9.0,780.75
SIA,MG,202505,6292976,0205010016,49.0,8085.0
SIA,MG,202505,0041548,0206010044,3.0,260.25
SIA,MG,202505,6618774,0206020031,67.0,9139.47
SIA,MG,202505,9388354,0206020031,31.0,4228.71
SIA,MG,202505,2163829,0206010044,8.0,694.0
SIA,MG,202505,7543913,0211020036,568.0,2925.2
SIA,MG,202505,2126494,0206010079,277.0,26990.88
SIA,MG,202505,2194937,0206020031,16.0,2182.56
SIA,MG,202505,2098539,0206020023,3.0,260.25
SIA,MG,202505,7284233,0206010079,10.0,974.4
SIA,MG,202505,2101777,0206020015,5.0,433.75
SIA,MG,202505,2776286,0206020023,1.0,86.75
SIA,MG,202505,2776006,0206030010,3.0,415.89
SIA,MG,202505,7962088,0206010052,16.0,1388.0
SIA,MG,202505,2114763,0206020031,14.0,1909.74
SIA,MG,202505,6275621,0211020060,16.0,480.0
SIA,MG,202505,2213168,0211020036,30.0,154.5
SIA,MG,202505,9344330,0206010028,14.0,1415.4
SIA,MG,202505,2124300,0206010044,19.0,1648.25
SIA,MG,202505,7076886,0211020036,470.0,2420.5
SIA,MG,202505,2124300,0211020036,372.0,1915.8
SIA,MG,202505,2192128,0206010028,4.0,404.4
SIA,MG,202505,2172259,0211020036,93.0,478.95
SIA,MG,202505,2764776,0206010079,50.0,4872.0
SIA,MG,202505,9388354,0206010052,5.0,433.75
SIA,MG,202505,2124300,0206010010,10.0,867.6
SIA,MG,202505,2127768,0211020036,13.0,66.95
SIA,MG,202505,2172364,0211020036,58.0,298.7
SIA,MG,202505,7951604,0211020036,241.0,1241.15
SIA,MG,202505,2111640,0206010036,1.0,86.76
SIA,MG,202505,2172259,0206010028,15.0,1516.5
SIA,MG,202505,2172259,0206010036,14.0,1350.16
SIA,MG,202505,7741464,0206010044,1.0,86.75
SIA,MG,202505,9344330,0206010044,6.0,520.5
SIA,MG,202505,7284233,0206030037,4.0,554.52
SIA,MG,202505,2855682,0211020036,106.0,545.9
SIA,MG,202505,2169509,0211020036,32.0,164.8
SIA,MG,202505,2206420,0206010079,13.0,1266.72
SIA,MG,202505,7951604,0206010028,1.0,101.1
SIA,MG,202505,2179628,0211020060,12.0,360.0
SIA,MG,202505,2168537,0211020036,54.0,278.1
SIA,MG,202505,2124300,0206010028,13.0,1314.3
SIA,MG,202505,2129469,0206010052,19.0,1648.25
SIA,MG,202505,2117568,0211020036,119.0,612.85
SIA,MG,202505,2201542,0206010028,3.0,303.3
SIA,MG,202505,2172887,0206010079,13.0,1266.72
SIA,MG,202505,2142376,0206010044,2.0,173.5
SIA,MG,202505,2797364,0211020036,164.0,844.6
SIA,MG,202505,2796392,0206010028,9.0,909.9
SIA,MG,202505,7962088,0206010079,25.0,2436.0
SIA,MG,202505,3871797,0206010036,0.0,0.0
SIA,MG,202505,2140217,0206020015,1.0,86.75
SIA,MG,202505,5338409,0208010033,0.0,0.0
SIA,MG,202505,7284233,0206020031,3.0,409.23
SIA,MG,202505,3960668,0206010079,50.0,4872.0
SIA,MG,202505,2098326,0206020031,1.0,136.41
SIA,MG,202505,3698548,0206030029,5.0,433.75
SIA,MG,202505,6487556,0211020036,0.0,0.0
SIA,MG,202505,2206447,0206010079,2.0,194.88
SIA,MG,202505,6959415,0206020031,0.0,0.0
SIA,MG,202505,0922366,0211020036,125.0,643.75
SIA,MG,202505,2149710,0211020036,7.0,36.05
SIA,MG,202505,2129566,0206010028,8.0,808.8
SIA,MG,202505,2159252,0205010016,2.0,330.0
SIA,MG,202505,9368221,0206010010,0.0,0.0
SIA,MG,202505,2099454,0206010028,6.0,606.6
SIA,MG,202505,2139200,0206030037,44.0,7191.8
SIA,MG,202505,2194937,0206010079,7.0,682.08
SIA,MG,202505,2205939,0206010044,16.0,1388.0
SIA,MG,202505,2128047,0206010028,12.0,1213.2
SIA,MG,202505,2183455,0206010036,1.0,86.76
SIA,MG,202505,6790151,0206010052,5.0,433.75
SIA,MG,202505,4042085,0206010028,3.0,303.3
SIA,MG,202505,0981400,0211020036,7.0,36.05
SIA,MG,202505,6006361,0206010079,0.0,0.0
SIA,MG,202505,2134314,0211020036,162.0,834.3
SIA,MG,202505,2172887,0206010044,6.0,520.5
SIA,MG,202505,2760924,0206030010,5.0,693.15
SIA,MG,202505,7284233,0206030010,4.0,554.52
SIA,MG,202505,6292976,0211020060,10.0,300.0
SIA,MG,202505,2760843,0206030037,60.0,8317.8
SIA,MG,202505,2140098,0206030037,1.0,138.63
SIA,MG,202505,7101406,0206030010,7.0,970.41
SIA,MG,202505,2102765,0206030037,4.0,554.52
SIA,MG,202505,2118246,0206030010,39.0,5406.57
SIA,MG,202505,2168553,0206010028,4.0,404.4
SIA,MG,202505,6697054,0206030037,6.0,831.78
SIA,MG,202505,2210398,0211020036,92.0,473.8
SIA,MG,202505,2128012,0211020036,161.0,829.15
SIA,MG,202505,2785684,0206010028,1.0,202.2
SIA,MG,202505,2168553,0206010052,1.0,86.75
SIA,MG,202505,2144654,0211020036,84.0,432.6
SIA,MG,202505,2761092,0206010010,11.0,954.36
SIA,MG,202505,6862098,0211020036,45.0,231.75
SIA,MG,202505,2120542,0206010028,5.0,505.5
SIA,MG,202505,2208857,0211020060,2.0,60.0
SIA,MG,202505,2136937,0206020031,1.0,136.41
SIA,MG,202505,2173166,0206010010,9.0,1561.68
SIA,MG,202505,2195453,0206010028,10.0,1011.0
SIA,MG,202505,2126494,0206020023,10.0,867.5
SIA,MG,202505,6340059,0206010044,4.0,347.0
SIA,MG,202505,2142376,0211020036,5.0,25.75
SIA,MG,202505,3960668,0208010033,3.0,1149.21
SIA,MG,202505,2760924,0206010044,2.0,173.5
SIA,MG,202505,2139073,0206030029,1.0,86.75
SIA,MG,202505,6776434,0206010052,0.0,0.0
SIA,MG,202505,3938654,0206030010,8.0,1584.0
SIA,MG,202505,2204762,0206010010,3.0,260.28
SIA,MG,202505,2127091,0211020036,44.0,226.6
SIA,MG,202505,2135930,0211020036,216.0,1112.4
SIA,MG,202505,6697054,0206010044,3.0,260.25
SIA,MG,202505,2761254,0211020036,87.0,448.05
SIA,MG,202505,2126559,0211020036,125.0,643.75
SIA,MG,202505,3960668,0206010036,8.0,694.08
SIA,MG,202505,9529209,0206030029,1.0,86.75
SIA,MG,202505,2142627,0211020036,47.0,242.05
SIA,MG,202505,2121514,0211020036,43.0,221.45
SIA,MG,202505,2146789,0211020036,233.0,1199.95
SIA,MG,202505,2776286,0206030029,1.0,86.75
SIA,MG,202505,2099438,0206010052,3.0,260.25
SIA,MG,202505,7962088,0206020023,1.0,86.75
SIA,MG,202505,7408331,0211020036,115.0,592.25
SIA,MG,202505,2114763,0206010044,1.0,86.75
SIA,MG,202505,2200473,0206030029,36.0,3123.0
SIA,MG,202505,2841622,0206030010,8.0,1109.04
SIA,MG,202505,2173565,0206030037,3.0,415.89
SIA,MG,202505,2148293,0206010010,17.0,1474.92
SIA,MG,202505,2200481,0211020036,189.0,973.35
SIA,MG,202505,2101777,0206030029,9.0,780.75
SIA,MG,202505,2124300,0206010036,3.0,260.28
SIA,MG,202505,7387377,0206010044,5.0,1406.5
SIA,MG,202505,3960668,0206010010,5.0,433.8
SIA,MG,202505,2205971,0211020036,159.0,818.85
SIA,MG,202505,2156458,0211020036,146.0,751.9
SIA,MG,202505,2775999,0206030029,4.0,347.0
SIA,MG,202505,2764776,0206010036,2.0,173.52
SIA,MG,202505,5796601,0206010052,1.0,86.75
SIA,MG,202505,2119528,0206010036,4.0,347.04
SIA,MG,202505,4396995,0211020036,505.0,2600.75
SIA,MG,202505,2140217,0206010044,6.0,520.5
SIA,MG,202505,7114982,0206010036,0.0,0.0
SIA,MG,202505,2172887,0206010010,5.0,433.8
SIA,MG,202505,2128047,0206030010,11.0,1524.93
SIA,MG,202505,2143992,0206010010,6.0,520.56
SIA,MG,202505,7082886,0206020023,2.0,562.6
SIA,MG,202505,2155583,0211020036,98.0,504.7
SIA,MG,202505,7101406,0206020015,1.0,86.75
SIA,MG,202505,9483144,0211020036,22.0,113.3
SIA,MG,202505,2100282,0211020036,133.0,684.95
SIA,MG,202505,2129469,0206010028,13.0,1314.3
SIA,MG,202505,2144530,0206030029,2.0,173.5
SIA,MG,202505,5473586,0206020031,0.0,0.0
SIA,MG,202505,2156113,0211020036,18.0,92.7
SIA,MG,202505,2141213,0211020036,5.0,25.75
SIA,MG,202505,7284233,0206010036,1.0,86.76
SIA,MG,202505,2760436,0206030010,5.0,693.15
SIA,MG,202505,2099152,0206010052,5.0,824.1
SIA,MG,202505,6862098,0211020060,9.0,270.0
SIA,MG,202505,2101777,0206020023,1.0,86.75
SIA,MG,202505,7962088,0206010028,2.0,202.2
SIA,MG,202505,2102765,0206020031,9.0,1227.69
SIA,MG,202505,6892256,0206010060,6.0,584.64
SIA,MG,202505,2760843,0206010044,2.0,173.5
SIA,MG,202505,2194651,0211020036,81.0,417.15
SIA,MG,202505,2759306,0211020060,16.0,480.0
SIA,MG,202505,5473586,0206010044,0.0,0.0
SIA,MG,202505,6892256,0206010010,7.0,607.32
SIA,MG,202505,2164280,0206010044,3.0,260.25
SIA,MG,202505,2127725,0211020036,542.0,2791.3
SIA,MG,202505,2168553,0206010010,4.0,347.04
SIA,MG,202505,2097923,0211020036,62.0,319.3
SIA,MG,202505,7934947,0206010052,2.0,173.5
SIA,MG,202505,0041548,0206010028,6.0,606.6
SIA,MG,202505,9368221,0206010044,0.0,0.0
SIA,MG,202505,7795203,0206010028,0.0,0.0
SIA,MG,202505,6618774,0206010036,6.0,520.56
SIA,MG,202505,2119471,0211020036,240.0,1236.0
SIA,MG,202505,2759292,0206020023,3.0,260.25
SIA,MG,202505,2100681,0206020023,3.0,260.25
SIA,MG,202505,7114982,0206010079,0.0,0.0
SIA,MG,202505,6697054,0211020036,5.0,25.75
SIA,MG,202505,6790151,0206030037,5.0,693.15
SIA,MG,202505,2135124,0206010010,1.0,86.76
SIA,MG,202505,2122650,0206010010,4.0,347.04
SIA,MG,202505,2206420,0206010044,1.0,86.75
SIA,MG,202505,2122650,0206030029,2.0,173.5
SIA,MG,202505,4042085,0206020015,2.0,173.5
SIA,MG,202505,9529209,0206010044,6.0,520.5
SIA,MG,202505,2760436,0206030037,1.0,138.63
SIA,MG,202505,2161354,0206010028,20.0,2022.0
SIA,MG,202505,5724538,0211020036,6.0,30.9
SIA,MG,202505,9529209,0206030037,7.0,970.41
SIA,MG,202505,0981400,0206030010,3.0,415.89
SIA,MG,202505,2124300,0206010052,2.0,173.5
SIA,MG,202505,9368221,0211020036,0.0,0.0
SIA,MG,202505,2117568,0206010079,5.0,487.2
SIA,MG,202505,9673717,0206010028,0.0,0.0
SIA,MG,202505,7595247,0206020023,0.0,0.0
SIA,MG,202505,2123568,0211020036,46.0,236.9
SIA,MG,202505,0828114,0206030029,3.0,260.25
SIA,MG,202505,6697054,0206030029,1.0,86.75
SIA,MG,202505,2119420,0206030010,2.0,277.26
SIA,MG,202505,2102765,0211020036,168.0,865.2
SIA,MG,202505,2118246,0206010028,4.0,404.4
SIA,MG,202505,7387377,0206020023,2.0,562.6
SIA,MG,202505,2099586,0211020036,72.0,370.8
SIA,MG,202505,3050378,0206020031,2.0,272.82
SIA,MG,202505,9228713,0206030029,4.0,347.0
SIA,MG,202505,9673717,0206030029,0.0,0.0
SIA,MG,202505,2178648,0211020036,88.0,453.2
SIA,MG,202505,2098911,0206030029,4.0,347.0
SIA,MG,202505,9681752,0206010079,6.0,584.64
SIA,MG,202505,2110075,0206010052,4.0,347.0
SIA,MG,202505,3960668,0208010025,3.0,1225.56
SIA,MG,202505,2100681,0206010044,2.0,173.5
SIA,MG,202505,2183455,0206020031,2.0,272.82
SIA,MG,202505,9544674,0206030010,0.0,0.0
SIA,MG,202505,2112140,0206010028,10.0,1011.0
SIA,MG,202505,2841622,0206030037,6.0,831.78
SIA,MG,202505,2101777,0206010052,5.0,433.75
SIA,MG,202505,2119420,0206010060,2.0,194.88
SIA,MG,202505,3376478,0206010052,1.0,86.75
SIA,MG,202505,6340059,0206030029,8.0,694.0
SIA,MG,202505,2164299,0206030029,4.0,347.0
SIA,MG,202505,2144530,0206020015,3.0,260.25
SIA,MG,202505,2195453,0206010036,4.0,347.04
SIA,MG,202505,9228713,0211020036,2.0,10.3
SIA,MG,202505,2205904,0211020036,82.0,422.3
SIA,MG,202505,2194937,0206010028,4.0,404.4
SIA,MG,202505,7114982,0206010010,0.0,0.0
SIA,MG,202505,2100681,0206010052,1.0,86.75
SIA,MG,202505,2173565,0206010036,2.0,173.52
SIA,MG,202505,2709848,0206010036,2.0,173.52
SIA,MG,202505,2140098,0206010028,1.0,101.1
SIA,MG,202505,2760843,0206030010,2.0,277.26
SIA,MG,202505,2099152,0206030029,2.0,329.66
SIA,MG,202505,6340059,0206010052,1.0,86.75
SIA,MG,202505,2760681,0206030037,2.0,277.26
SIA,MG,202505,2760924,0206010010,2.0,173.52
SIA,MG,202505,2100754,0206010052,2.0,173.5
SIA,MG,202505,4042085,0206010036,3.0,260.28
SIA,MG,202505,9547479,0211020060,2.0,60.0
SIA,MG,202505,3960668,0205010016,2.0,330.0
SIA,MG,202505,2179016,0211020036,93.0,478.95
SIA,MG,202505,2171988,0206010052,3.0,260.25
SIA,MG,202505,6697054,0206010052,2.0,173.5
SIA,MG,202505,7691807,0206010036,2.0,173.52
SIA,MG,202505,2759292,0206020031,2.0,272.82
SIA,MG,202505,2761203,0206020031,2.0,272.82
SIA,MG,202505,2143801,0206010028,1.0,101.1
SIA,MG,202505,2760924,0206010036,1.0,86.76
SIA,MG,202505,9544674,0211020036,0.0,0.0
SIA,MG,202505,6959415,0211020036,0.0,0.0
SIA,MG,202505,2143801,0206030029,5.0,433.75
SIA,MG,202505,6776434,0206020023,0.0,0.0
SIA,MG,202505,2146770,0211020036,83.0,427.45
SIA,MG,202505,6790151,0206010060,1.0,97.44
SIA,MG,202505,2142376,0206030037,5.0,693.15
SIA,MG,202505,2191164,0206010044,2.0,173.5
SIA,MG,202505,2118246,0206010044,2.0,173.5
SIA,MG,202505,2199793,0211020036,3.0,15.45
SIA,MG,202505,0846589,0211020036,65.0,334.75
SIA,MG,202505,2115506,0211020036,85.0,437.75
SIA,MG,202505,3960668,0206020015,1.0,86.75
SIA,MG,202505,2146525,0206020015,1.0,86.75
SIA,MG,202505,9333754,0211020036,3.0,15.45
SIA,MG,202505,2709848,0206010010,2.0,173.52
SIA,MG,202505,2192128,0206030029,1.0,86.75
SIA,MG,202505,2192128,0211020036,103.0,530.45
SIA,MG,202505,2102722,0211020036,97.0,499.55
SIA,MG,202505,2205734,0206010060,1.0,97.44
SIA,MG,202505,2139049,0211020036,18.0,92.7
SIA,MG,202505,6790151,0206020031,59.0,8048.19
SIA,MG,202505,7962088,0206030010,243.0,33687.09
SIA,MG,202505,2126494,0206030010,116.0,16081.08
SIA,MG,202505,2098407,0206010079,28.0,2728.32
SIA,MG,202505,2764814,0206020015,2.0,173.5
SIA,MG,202505,2126494,0206030029,18.0,1561.5
SIA,MG,202505,7101406,0206010028,4.0,404.4
SIA,MG,202505,2794667,0211020036,99.0,509.85
SIA,MG,202505,6340059,0206030037,3.0,415.89
SIA,MG,202505,2099497,0206020015,0.0,0.0
SIA,MG,202505,2204622,0206030029,4.0,347.0
SIA,MG,202505,2192128,0206010036,2.0,173.52
SIA,MG,202505,2144557,0211020036,21.0,108.15
SIA,MG,202505,7609868,0206030029,1.0,86.75
SIA,MG,202505,3376478,0206030037,3.0,415.89
SIA,MG,202505,2143992,0206010036,6.0,520.56
SIA,MG,202505,2178559,0211020036,6.0,30.9
SIA,MG,202505,5661757,0211020036,14.0,72.1
SIA,MG,202505,2201542,0206010044,5.0,433.75
SIA,MG,202505,9388354,0208010025,24.0,9804.48
SIA,MG,202505,4144597,0211020036,31.0,0.0
SIA,MG,202505,2218690,0206020023,1.0,86.75
SIA,MG,202505,2118076,0211020036,79.0,406.85
SIA,MG,202505,2098407,0206010010,1.0,86.76
SIA,MG,202505,2794381,0211020036,114.0,587.1
SIA,MG,202505,7101406,0206020031,6.0,818.46
SIA,MG,202505,4144597,0902010018,31.0,4030.0
SIA,MG,202505,2098911,0206020031,31.0,4228.71
SIA,MG,202505,2117282,0211020036,45.0,231.75
SIA,MG,202505,2215586,0206030029,1.0,86.75
SIA,MG,202505,2161354,0206030029,1.0,86.75
SIA,MG,202505,2149311,0211020036,119.0,612.85
SIA,MG,202505,2168626,0211020036,61.0,314.15
SIA,MG,202505,3050378,0206010010,1.0,86.76
SIA,MG,202505,9296379,0211020036,33.0,169.95
SIA,MG,202505,2205734,0206010044,2.0,173.5
SIA,MG,202505,6487556,0206010010,0.0,0.0
SIA,MG,202505,0133752,0206020031,2.0,272.82
SIA,MG,202505,7741464,0211020060,13.0,390.0
SIA,MG,202505,6006361,0206010010,0.0,0.0
SIA,MG,202505,2099438,0206010028,1.0,101.1
SIA,MG,202505,2796562,0206020023,1.0,86.75
SIA,MG,202505,2204762,0211020036,475.0,2446.25
SIA,MG,202505,9344330,0206020023,1.0,86.75
SIA,MG,202505,2118513,0211020036,10.0,51.5
SIA,MG,202505,6766358,0206030010,1.0,138.63
SIA,MG,202505,2760657,0206010028,2.0,202.2
SIA,MG,202505,2206420,0211020036,262.0,1349.3
SIA,MG,202505,2178559,0206030037,1.0,138.63
SIA,MG,202505,2761041,0206010010,1.0,86.76
SIA,MG,202505,6959415,0206010052,0.0,0.0
SIA,MG,202505,2124300,0206030029,5.0,433.75
SIA,MG,202505,2117134,0206010052,1.0,86.75
SIA,MG,202505,2160137,0211020036,367.0,1890.05
SIA,MG,202505,2140098,0206020031,2.0,272.82
SIA,MG,202505,2126494,0206010036,17.0,1474.92
SIA,MG,202505,2139200,0206010028,14.0,1677.62
SIA,MG,202505,4144597,0206010028,1.0,0.0
SIA,MG,202505,6292976,0206010044,2.0,173.5
SIA,MG,202505,2169878,0211020036,4.0,20.6
SIA,MG,202505,2127687,0211020036,12.0,61.8
SIA,MG,202505,2120542,0206020023,1.0,86.75
SIA,MG,202505,2140217,0206030010,3.0,415.89
SIA,MG,202505,2111659,0211020036,21.0,108.15
SIA,MG,202505,6618774,0206010028,12.0,1213.2
SIA,MG,202505,2148293,0211020036,21.0,108.15
SIA,MG,202505,3871797,0206030029,0.0,0.0
SIA,MG,202505,2794268,0211020036,8.0,41.2
SIA,MG,202505,2760436,0206010079,8.0,779.52
SIA,MG,202505,2144549,0211020036,14.0,72.1
SIA,MG,202505,7691807,0206030037,1.0,138.63
SIA,MG,202505,3145425,0206010028,3.0,303.3
SIA,MG,202505,2144298,0211020036,248.0,1277.2
SIA,MG,202505,2205904,0206020031,9.0,1227.69
SIA,MG,202505,2194937,0206030010,7.0,970.41
SIA,MG,202505,2760657,0206010044,2.0,173.5
SIA,MG,202505,2210339,0211020036,122.0,628.3
SIA,MG,202505,6006361,0211020060,0.0,0.0
SIA,MG,202505,2775999,0206010036,5.0,433.8
SIA,MG,202505,2146592,0211020036,30.0,154.5
SIA,MG,202505,6629725,0206010010,2.0,480.0
SIA,MG,202505,2841622,0206020023,1.0,86.75
SIA,MG,202505,9993908,0211020036,236.0,1215.4
SIA,MG,202505,7101406,0206010010,2.0,173.52
SIA,MG,202505,5796601,0211020060,2.0,60.0
SIA,MG,202505,2100754,0206020015,8.0,694.0
SIA,MG,202505,6629725,0206030029,1.0,230.0
SIA,MG,202505,0879592,0211020036,88.0,453.2
SIA,MG,202505,2142244,0211020036,136.0,700.4
SIA,MG,202505,2099152,0206010044,1.0,164.82
SIA,MG,202505,2102099,0211020036,28.0,144.2
SIA,MG,202505,7387377,0206010052,1.0,281.3
SIA,MG,202505,2206382,0206020015,3.0,260.25
SIA,MG,202505,2115077,0211020036,1.0,5.15
SIA,MG,202505,2761041,0206020031,1.0,136.41
SIA,MG,202505,2171945,0211020036,257.0,1323.55
SIA,MG,202505,2118513,0206010044,1.0,86.75
SIA,MG,202505,2144638,0206010044,3.0,260.25
SIA,MG,202505,9571019,0211020036,21.0,108.15
SIA,MG,202505,2144298,0206020023,2.0,173.5
SIA,MG,202505,2796775,0211020036,16.0,82.4
SIA,MG,202505,3238431,0211020036,118.0,607.7
SIA,MG,202505,2139103,0211020036,50.0,257.5
SIA,MG,202505,2111640,0206010044,3.0,260.25
SIA,MG,202505,2192128,0206020015,3.0,260.25
SIA,MG,202505,2170132,0211020036,52.0,267.8
SIA,MG,202505,3871797,0206010052,0.0,0.0
SIA,MG,202505,0133752,0206010079,5.0,487.2
SIA,MG,202505,2135914,0211020036,25.0,128.75
SIA,MG,202505,9388354,0206010028,3.0,303.3
SIA,MG,202505,2764350,0211020036,220.0,1133.0
SIA,MG,202505,2760657,0206010036,2.0,173.52
SIA,MG,202505,2761114,0211020036,107.0,551.05
SIA,MG,202505,2139626,0211020036,31.0,159.65
SIA,MG,202505,7082886,0206010010,2.0,562.6
SIA,MG,202505,2796562,0206010052,2.0,173.5
SIA,MG,202505,2119528,0211020036,249.0,1282.35
SIA,MG,202505,2764245,0211020036,185.0,952.75
SIA,MG,202505,9419977,0206010060,1.0,97.44
SIA,MG,202505,2146479,0211020036,0.0,0.0
SIA,MG,202505,2118513,0206020031,2.0,272.82
SIA,MG,202505,2764776,0206010010,3.0,260.28
SIA,MG,202505,9673717,0206020023,0.0,0.0
SIA,MG,202505,7795203,0206010036,0.0,0.0
SIA,MG,202505,2171988,0211020036,445.0,2291.75
SIA,MG,202505,2171961,0211020036,82.0,422.3
SIA,MG,202505,6766358,0206030037,4.0,554.52
SIA,MG,202505,5105692,0211020036,0.0,0.0
SIA,MG,202505,0863254,0211020036,103.0,530.45
SIA,MG,202505,2761106,0211020036,61.0,314.15
SIA,MG,202505,7038216,0206020023,1.0,86.75
SIA,MG,202505,9319336,0206020015,1.0,86.75
SIA,MG,202505,2098938,0206010036,2.0,173.52
SIA,MG,202505,2759292,0206010036,1.0,86.76
SIA,MG,202505,2100347,0211020036,50.0,257.5
SIA,MG,202505,2117134,0206030037,1.0,138.63
SIA,MG,202505,2166364,0211020036,49.0,252.35
SIA,MG,202505,4042298,0211020036,98.0,504.7
SIA,MG,202505,6340059,0206010036,2.0,173.52
SIA,MG,202505,2167654,0211020036,85.0,437.75
SIA,MG,202505,9529209,0206010010,9.0,780.84
SIA,MG,202505,2204622,0206010028,73.0,7380.3
SIA,MG,202505,2204622,0206010010,14.0,1214.64
SIA,MG,202505,2144026,0206010079,40.0,3897.6
SIA,MG,202505,2195453,0206030037,523.0,72503.49
SIA,MG,202505,4377370,0211020036,2335.0,12025.25
SIA,MG,202505,2124300,0206030037,101.0,14001.63
SIA,MG,202505,2168707,0206010079,98.0,9549.12
SIA,MG,202505,2127989,0206010079,494.0,48135.36
SIA,MG,202505,2200473,0206030037,89.0,12338.07
SIA,MG,202505,2098407,0206030010,14.0,1940.82
SIA,MG,202505,2127989,0206030037,431.0,59749.53
SIA,MG,202505,3698548,0211020036,120.0,618.0
SIA,MG,202505,7962088,0206020031,267.0,36421.47
SIA,MG,202505,2114763,0206010079,79.0,7697.76
SIA,MG,202505,2126494,0206010010,90.0,7808.4
SIA,MG,202505,2171945,0206030010,363.0,50322.69
SIA,MG,202505,9344330,0206020031,191.0,26054.31
SIA,MG,202505,2110075,0208010033,27.0,10342.89
SIA,MG,202505,2172259,0206010010,33.0,2863.08
SIA,MG,202505,7691904,0211020036,442.0,2276.3
SIA,MG,202505,2204622,0206020023,17.0,1474.75
SIA,MG,202505,0981400,0206010079,64.0,6236.16
SIA,MG,202505,2796619,0206010079,84.0,8184.96
SIA,MG,202505,2098474,0211020036,450.0,2317.5
SIA,MG,202505,3960668,0206010028,17.0,1718.7
SIA,MG,202505,7624123,0211020036,80.0,412.0
SIA,MG,202505,3376478,0206010010,1.0,86.76
SIA,MG,202505,7413572,0211020060,32.0,960.0
SIA,MG,202505,7951604,0206030037,91.0,14023.1
SIA,MG,202505,2098539,0206030029,7.0,607.25
SIA,MG,202505,6340059,0206020031,29.0,3955.89
SIA,MG,202505,6292976,0206010028,8.0,808.8
SIA,MG,202505,7038216,0206010079,140.0,13641.6
SIA,MG,202505,2119528,0206030037,33.0,4574.79
SIA,MG,202505,2123436,0211020036,67.0,345.05
SIA,MG,202505,2126974,0211020060,0.0,0.0
SIA,MG,202505,2172259,0206030037,73.0,11249.3
SIA,MG,202505,2206382,0206010079,269.0,26211.36
SIA,MG,202505,2120542,0206010036,1.0,86.76
SIA,MG,202505,2709848,0206010079,130.0,12667.2
SIA,MG,202505,2159368,0208010025,14.0,5719.28
SIA,MG,202505,3960668,0206030010,64.0,8872.32
SIA,MG,202505,7691807,0206010079,29.0,2825.76
SIA,MG,202505,5338409,0211020060,0.0,0.0
SIA,MG,202505,2191164,0206030037,9.0,1247.67
SIA,MG,202505,2161354,0208010033,9.0,3447.63
SIA,MG,202505,2098938,0211020036,474.0,2441.1
SIA,MG,202505,6631487,0206010010,107.0,21400.0
SIA,MG,202505,2159252,0208010025,26.0,10621.52
SIA,MG,202505,3376478,0206010044,11.0,954.25
SIA,MG,202505,2098539,0206020031,87.0,11867.67
SIA,MG,202505,2101777,0206010079,144.0,14031.36
SIA,MG,202505,2120542,0206030010,58.0,8040.54
SIA,MG,202505,2169967,0211020036,51.0,262.65
SIA,MG,202505,2111640,0206010079,77.0,7502.88
SIA,MG,202505,2099497,0206010079,0.0,0.0
SIA,MG,202505,2100681,0206010079,75.0,7308.0
SIA,MG,202505,6471226,0206020031,9.0,1227.69
SIA,MG,202505,7258992,0211020060,50.0,1500.0
SIA,MG,202505,6487556,0211020060,0.0,0.0
SIA,MG,202505,2163829,0206010028,13.0,1314.3
SIA,MG,202505,2146525,0206010028,20.0,2022.0
SIA,MG,202505,2143992,0206010079,43.0,4189.92
SIA,MG,202505,2171988,0206030010,154.0,21349.02
SIA,MG,202505,2172259,0206010060,1.0,108.31
SIA,MG,202505,2127989,0206010052,77.0,6679.75
SIA,MG,202505,2760738,0211020036,26.0,133.9
SIA,MG,202505,6629725,0206020015,1.0,230.0
SIA,MG,202505,2168707,0206030037,110.0,15249.3
SIA,MG,202505,2163829,0206010010,33.0,2863.08
SIA,MG,202505,2144298,0206030037,16.0,2218.08
SIA,MG,202505,4042085,0206030037,19.0,2633.97
SIA,MG,202505,2098539,0206010036,7.0,607.32
SIA,MG,202505,2138875,0206020015,1.0,86.75
SIA,MG,202505,2218690,0206010079,71.0,6918.24
SIA,MG,202505,7595247,0208010033,0.0,0.0
SIA,MG,202505,2098369,0206020031,7.0,954.87
SIA,MG,202505,2171988,0206010010,34.0,2949.84
SIA,MG,202505,3145425,0206010052,13.0,1127.75
SIA,MG,202505,6471226,0206020015,3.0,260.25
SIA,MG,202505,2796449,0206010079,43.0,7923.61
SIA,MG,202505,9529209,0206010079,27.0,2630.88
SIA,MG,202505,2144530,0206030037,17.0,2356.71
SIA,MG,202505,2139200,0206030010,43.0,7028.35
SIA,MG,202505,2105780,0206010052,10.0,867.5
SIA,MG,202505,2200473,0206010028,41.0,4145.1
SIA,MG,202505,2760843,0211020036,17.0,87.55
SIA,MG,202505,2201542,0206010079,52.0,5066.88
SIA,MG,202505,9228713,0206010028,14.0,1415.4
SIA,MG,202505,9474439,0211020036,147.0,757.05
SIA,MG,202505,2099152,0206010079,21.0,3797.01
SIA,MG,202505,2126494,0206020031,96.0,13095.36
SIA,MG,202505,2761092,0206010044,21.0,1821.75
SIA,MG,202505,2098539,0206010010,20.0,1735.2
SIA,MG,202505,7795203,0206010052,0.0,0.0
SIA,MG,202505,2143801,0206030037,36.0,4990.68
SIA,MG,202505,2119447,0211020036,59.0,303.85
SIA,MG,202505,2143992,0206030029,1.0,86.75
SIA,MG,202505,3145425,0206030037,33.0,4574.79
SIA,MG,202505,0828114,0206020031,39.0,5319.99
SIA,MG,202505,3960668,0206030037,32.0,4436.16
SIA,MG,202505,2760681,0206010079,5.0,487.2
SIA,MG,202505,2120542,0206010044,15.0,1301.25
SIA,MG,202505,6705375,0206020031,7.0,954.87
SIA,MG,202505,0981400,0206020015,4.0,347.0
SIA,MG,202505,2118246,0206020031,24.0,3273.84
SIA,MG,202505,6697054,0206020031,7.0,954.87
SIA,MG,202505,6006361,0206020023,0.0,0.0
SIA,MG,202505,7114982,0206030037,0.0,0.0
SIA,MG,202505,2163829,0206020023,1.0,86.75
SIA,MG,202505,2105780,0206010044,16.0,1388.0
SIA,MG,202505,2163829,0206010036,13.0,1127.88
SIA,MG,202505,2144298,0206030029,12.0,1041.0
SIA,MG,202505,4042107,0211020060,14.0,420.0
SIA,MG,202505,7795203,0206020023,0.0,0.0
SIA,MG,202505,6093361,0206020031,4.0,545.64
SIA,MG,202505,2760436,0206010028,4.0,404.4
SIA,MG,202505,7038216,0206020015,4.0,347.0
SIA,MG,202505,3498441,0206010079,82.0,7990.08
SIA,MG,202505,2148293,0206020015,6.0,520.5
SIA,MG,202505,2761106,0206030037,7.0,970.41
SIA,MG,202505,2109034,0206010079,3.0,542.43
SIA,MG,202505,2099497,0206010052,0.0,0.0
SIA,MG,202505,2098407,0206010028,3.0,303.3
SIA,MG,202505,2183455,0206030037,5.0,693.15
SIA,MG,202505,5824591,0206030010,6.0,831.78
SIA,MG,202505,2163829,0206010052,3.0,260.25
SIA,MG,202505,2163934,0211020036,50.0,257.5
SIA,MG,202505,3464806,0206010044,12.0,1041.0
SIA,MG,202505,2128047,0206020031,15.0,2046.15
SIA,MG,202505,2215586,0206010052,4.0,347.0
SIA,MG,202505,6511805,0206020031,23.0,4238.21
SIA,MG,202505,2173166,0206030037,20.0,5545.2
SIA,MG,202505,7061838,0211020036,338.0,1740.7
SIA,MG,202505,2114763,0206030037,22.0,3049.86
SIA,MG,202505,9419977,0206030037,19.0,2633.97
SIA,MG,202505,4041690,0211020036,22.0,113.3
SIA,MG,202505,3376478,0206030029,2.0,173.5
SIA,MG,202505,2134071,0211020036,38.0,195.7
SIA,MG,202505,9228713,0206010010,7.0,607.32
SIA,MG,202505,2120127,0211020036,18.0,92.7
SIA,MG,202505,2135132,0206010044,9.0,780.75
SIA,MG,202505,2760436,0206010044,2.0,173.5
SIA,MG,202505,2120097,0211020036,39.0,200.85
SIA,MG,202505,2120100,0211020036,33.0,169.95
SIA,MG,202505,2129469,0206010010,17.0,1474.92
SIA,MG,202505,9673717,0206020015,0.0,0.0
SIA,MG,202505,2139200,0206010044,13.0,1340.95
SIA,MG,202505,2114763,0206010010,3.0,260.28
SIA,MG,202505,2109034,0206010028,1.0,192.18
SIA,MG,202505,6920977,0206010052,2.0,173.5
SIA,MG,202505,2144298,0206010052,2.0,173.5
SIA,MG,202505,6487556,0206030037,0.0,0.0
SIA,MG,202505,9881425,0211020036,185.0,952.75
SIA,MG,202505,2143674,0211020036,61.0,314.15
SIA,MG,202505,7609868,0206030037,11.0,1524.93
SIA,MG,202505,9673717,0206010044,0.0,0.0
SIA,MG,202505,2761106,0206010044,1.0,86.75
SIA,MG,202505,6511805,0206010079,24.0,4422.48
SIA,MG,202505,2205734,0206010079,3.0,292.32
SIA,MG,202505,2140217,0206030037,6.0,831.78
SIA,MG,202505,2761262,0211020036,75.0,386.25
SIA,MG,202505,2218690,0206010060,1.0,97.44
SIA,MG,202505,2118246,0206010079,36.0,3507.84
SIA,MG,202505,2194260,0211020036,54.0,278.1
SIA,MG,202505,2796619,0206010044,3.0,260.25
SIA,MG,202505,2138875,0206020023,2.0,173.5
SIA,MG,202505,5338409,0206030037,0.0,0.0
SIA,MG,202505,2761092,0206010036,9.0,780.84
SIA,MG,202505,2160471,0211020036,41.0,211.15
SIA,MG,202505,2761203,0206030037,1.0,138.63
SIA,MG,202505,2166062,0211020036,86.0,442.9
SIA,MG,202505,2760843,0206010028,4.0,404.4
SIA,MG,202505,2103532,0211020036,54.0,278.1
SIA,MG,202505,2775999,0211020060,10.0,1220.0
SIA,MG,202505,2120194,0206020031,4.0,545.64
SIA,MG,202505,9344330,0206010010,11.0,954.36
SIA,MG,202505,2100754,0206010028,2.0,202.2
SIA,MG,202505,9681752,0206020031,5.0,682.05
SIA,MG,202505,5796601,0208010033,1.0,383.07
SIA,MG,202505,4667131,0211020036,26.0,133.9
SIA,MG,202505,6705375,0206030029,1.0,86.75
SIA,MG,202505,2100215,0211020036,150.0,772.5
SIA,MG,202505,3996360,0211020060,1.0,30.0
SIA,MG,202505,3960668,0206030029,5.0,433.75
SIA,MG,202505,3871797,0206010044,0.0,0.0
SIA,MG,202505,2100754,0206010044,14.0,1214.5
SIA,MG,202505,0874647,0211020036,1.0,5.15
SIA,MG,202505,2114763,0211020036,122.0,628.3
SIA,MG,202505,2179172,0211020036,74.0,381.1
SIA,MG,202505,2099152,0211020036,194.0,999.1
SIA,MG,202505,2144026,0206010010,3.0,260.28
SIA,MG,202505,2144530,0206010036,1.0,86.76
SIA,MG,202505,2126494,0211020036,577.0,2971.55
SIA,MG,202505,9804145,0211020036,905.0,4660.75
SIA,MG,202505,2205734,0206020031,2.0,272.82
SIA,MG,202505,0041548,0206030029,1.0,86.75
SIA,MG,202505,5796601,0206010010,8.0,694.08
SIA,MG,202505,3498441,0206030037,3.0,415.89
SIA,MG,202505,2129566,0206010010,3.0,260.28
SIA,MG,202505,2796112,0211020036,191.0,983.65
SIA,MG,202505,3498441,0206030029,2.0,173.5
SIA,MG,202505,2118513,0206030029,1.0,86.75
SIA,MG,202505,2138875,0211020036,13.0,66.95
SIA,MG,202505,2785684,0206030010,2.0,554.52
SIA,MG,202505,3883582,0206030010,1.0,138.63
SIA,MG,202505,2206064,0206010028,1.0,101.1
SIA,MG,202505,2099454,0206020031,22.0,3001.02
SIA,MG,202505,2133644,0211020036,75.0,386.25
SIA,MG,202505,2776022,0211020036,1.0,5.15
SIA,MG,202505,0981400,0206010052,1.0,86.75
SIA,MG,202505,2126133,0211020036,304.0,1565.6
SIA,MG,202505,5338409,0206010052,0.0,0.0
SIA,MG,202505,2126052,0211020036,680.0,3502.0
SIA,MG,202505,7920768,0211020036,164.0,844.6
SIA,MG,202505,7101406,0206010044,2.0,173.5
SIA,MG,202505,2109034,0211020036,140.0,721.0
SIA,MG,202505,2796589,0211020036,102.0,525.3
SIA,MG,202505,2171945,0206010010,3.0,260.28
SIA,MG,202505,2171945,0206020023,6.0,520.5
SIA,MG,202505,2759292,0211020060,36.0,4392.0
SIA,MG,202505,7934947,0206010028,4.0,404.4
SIA,MG,202505,2195453,0206010044,6.0,520.5
SIA,MG,202505,2764792,0211020036,57.0,293.55
SIA,MG,202505,2184311,0211020036,154.0,793.1
SIA,MG,202505,2776006,0206010010,2.0,173.52
SIA,MG,202505,2761106,0206020031,8.0,1091.28
SIA,MG,202505,2144255,0211020036,179.0,921.85
SIA,MG,202505,2114577,0211020036,113.0,581.95
SIA,MG,202505,3698548,0206020015,5.0,433.75
SIA,MG,202505,3960668,0206010052,10.0,867.5
SIA,MG,202505,2103257,0211020036,44.0,226.6
SIA,MG,202505,2109034,0206030037,1.0,262.83
SIA,MG,202505,2204762,0206010052,2.0,173.5
SIA,MG,202505,3145425,0206010079,10.0,974.4
SIA,MG,202505,2102544,0211020036,60.0,309.0
SIA,MG,202505,2205939,0211020036,71.0,365.65
SIA,MG,202505,9228713,0206020023,2.0,173.5
SIA,MG,202505,9228713,0206010052,2.0,173.5
SIA,MG,202505,2135124,0211020036,55.0,283.25
SIA,MG,202505,2126990,0211020036,115.0,592.25
SIA,MG,202505,2172887,0206030029,1.0,86.75
SIA,MG,202505,6292976,0211020036,2.0,10.3
SIA,MG,202505,2172259,0206030029,10.0,964.3
SIA,MG,202505,2775999,0206020023,3.0,260.25
SIA,MG,202505,2218690,0206010052,2.0,173.5
SIA,MG,202505,2140381,0211020036,36.0,185.4
SIA,MG,202505,6487556,0206030010,0.0,0.0
SIA,MG,202505,2167670,0211020036,38.0,195.7
SIA,MG,202505,4042085,0206010044,2.0,173.5
SIA,MG,202505,3299074,0211020036,178.0,916.7
SIA,MG,202505,2140098,0206010079,5.0,487.2
SIA,MG,202505,2168731,0211020036,70.0,360.5
SIA,MG,202505,2120496,0211020036,145.0,746.75
SIA,MG,202505,2760851,0211020036,53.0,272.95
SIA,MG,202505,2172941,0211020036,43.0,221.45
SIA,MG,202505,2168707,0206010052,2.0,173.5
SIA,MG,202505,2101289,0211020036,93.0,478.95
SIA,MG,202505,2212269,0211020036,210.0,1081.5
SIA,MG,202505,6920977,0211020036,386.0,1987.9
SIA,MG,202505,5473586,0206010079,0.0,0.0
SIA,MG,202505,2764776,0211020036,111.0,571.65
SIA,MG,202505,0041548,0206010010,3.0,260.28
SIA,MG,202505,2776006,0206020031,2.0,272.82
SIA,MG,202505,2201879,0206010036,1.0,315.0
SIA,MG,202505,6028454,0208010033,5.0,1915.35
SIA,MG,202505,2104032,0211020036,20.0,103.0
SIA,MG,202505,2221985,0211020036,95.0,489.25
SIA,MG,202505,2157357,0211020036,25.0,128.75
SIA,MG,202505,2215586,0206010079,4.0,389.76
SIA,MG,202505,2120399,0211020036,60.0,309.0
SIA,MG,202505,2139871,0211020036,116.0,597.4
SIA,MG,202505,0133752,0206010036,1.0,86.76
SIA,MG,202505,2201542,0206010010,2.0,173.52
SIA,MG,202505,2796449,0206020031,7.0,1289.89
SIA,MG,202505,2143992,0206020015,1.0,86.75
SIA,MG,202505,2144026,0206020023,1.0,86.75
SIA,MG,202505,2183315,0211020036,7.0,36.05
SIA,MG,202505,2159155,0211020036,342.0,1761.3
SIA,MG,202505,2128047,0206020023,3.0,260.25
SIA,MG,202505,5072913,0211020036,1106.0,5695.9
SIA,MG,202505,2796619,0206020023,3.0,260.25
SIA,MG,202505,2841622,0206030029,1.0,86.75
SIA,MG,202505,2117134,0206010010,1.0,86.76
SIA,MG,202505,2204762,0206010044,1.0,86.75
SIA,MG,202505,6892256,0206010036,3.0,260.28
SIA,MG,202505,3938654,0206010079,1.0,139.7
SIA,MG,202505,2135132,0206020023,1.0,86.75
SIA,MG,202505,2206447,0206020023,1.0,86.75
SIA,MG,202505,2166127,0211020036,39.0,200.85
SIA,MG,202505,2128047,0206010044,2.0,173.5
SIA,MG,202505,2218690,0206020015,1.0,86.75
SIA,MG,202505,2181509,0211020036,28.0,144.2
SIA,MG,202505,6487556,0206010036,0.0,0.0
SIA,MG,202505,2111659,0206010010,1.0,86.76
SIA,MG,202505,7082886,0206030029,4.0,1125.2
SIA,MG,202505,6471226,0206010044,1.0,86.75
SIA,MG,202505,2173166,0206010028,2.0,404.4
SIA,MG,202505,2126540,0211020036,184.0,947.6
SIA,MG,202505,9681752,0206010044,1.0,86.75
SIA,MG,202505,2117096,0211020036,2.0,10.3
SIA,MG,202505,2099152,0206010010,1.0,165.51
SIA,MG,202505,2204606,0211020036,200.0,1030.0
SIA,MG,202505,2102587,0211020036,78.0,401.7
SIA,MG,202505,5896002,0211020036,27.0,139.05
SIA,MG,202505,2099853,0211020036,137.0,705.55
SIA,MG,202505,2118513,0206010028,1.0,101.1
SIA,MG,202505,4042085,0211020060,24.0,720.0
SIA,MG,202505,3883582,0206010044,1.0,86.75
SIA,MG,202505,2172887,0206020031,1.0,136.41
SIA,MG,202505,2164299,0211020036,73.0,375.95
SIA,MG,202505,2171988,0206020023,4.0,347.0
SIA,MG,202505,2120577,0211020036,17.0,87.55
SIA,MG,202505,2120623,0211020036,10.0,51.5
SIA,MG,202505,2142139,0211020036,80.0,412.0
SIA,MG,202505,3376478,0206020023,1.0,86.75
SIA,MG,202505,2183501,0211020036,1.0,5.15
SIA,MG,202505,2119323,0211020036,31.0,159.65
SIA,MG,202505,2171988,0206020015,3.0,260.25
SIA,MG,202505,2116049,0211020036,1.0,5.15
SIA,MG,202505,2173166,0211020036,150.0,772.5
SIA,MG,202505,2139200,0206030029,1.0,103.15
SIA,MG,202505,2120089,0211020036,18.0,92.7
SIA,MG,202505,2120119,0211020036,9.0,46.35
SIA,MG,202505,9681752,0206020015,1.0,86.75
SIA,MG,202505,2156504,0211020036,52.0,267.8
SIA,MG,202505,2183455,0206010079,2.0,194.88
SIA,MG,202505,2201879,0206010010,3.0,720.0
SIA,MG,202505,2795299,0211020036,30.0,154.5
SIA,MG,202505,7284233,0206010028,1.0,101.1
SIA,MG,202505,2139073,0206010036,1.0,86.76
SIA,MG,202505,2167751,0211020036,85.0,437.75
SIA,MG,202505,2148005,0211020036,156.0,803.4
SIA,MG,202505,2099233,0211020036,251.0,1292.65
SIA,MG,202505,6487556,0206030029,0.0,0.0
SIA,MG,202505,9673717,0211020060,0.0,0.0
SIA,MG,202505,2100681,0206030029,4.0,347.0
SIA,MG,202505,2099438,0206020031,6.0,818.46
SIA,MG,202505,3048675,0211020036,149.0,767.35
SIA,MG,202505,2155745,0211020036,144.0,741.6
SIA,MG,202505,2205882,0211020036,210.0,1081.5
SIA,MG,202505,2119811,0211020036,34.0,175.1
SIA,MG,202505,9319336,0206010060,2.0,194.88
SIA,MG,202505,2098911,0211020036,431.0,2219.65
SIA,MG,202505,2098539,0211020036,339.0,1745.85
SIA,MG,202505,2098326,0206010079,1.0,97.44
SIA,MG,202505,6410200,0211020036,79.0,406.85
SIA,MG,202505,2172259,0206010052,4.0,385.72
SIA,MG,202505,2709848,0206030029,1.0,86.75
SIA,MG,202505,2127938,0211020036,27.0,139.05
SIA,MG,202505,6865399,0211020036,93.0,478.95
SIA,MG,202505,2134535,0211020036,19.0,97.85
SIA,MG,202505,4085205,0211020060,1.0,30.0
SIA,MG,202505,7959079,0211020036,262.0,1349.3
SIA,MG,202505,2213958,0211020036,0.0,0.0
SIA,MG,202505,2118092,0211020036,144.0,741.6
SIA,MG,202505,2761092,0206030029,1.0,86.75
SIA,MG,202505,2144166,0211020036,70.0,360.5
SIA,MG,202505,2163438,0211020060,28.0,840.0
SIA,MG,202505,4042085,0206030029,1.0,86.75
SIA,MG,202505,9563105,0211020036,337.0,1735.55
SIA,MG,202505,2139944,0211020036,171.0,880.65
SIA,MG,202505,2122936,0211020036,62.0,319.3
SIA,MG,202505,2208849,0211020036,45.0,231.75
SIA,MG,202505,2178494,0211020036,370.0,1905.5
SIA,MG,202505,2134292,0211020036,27.0,139.05
SIA,MG,202505,2117037,0211020036,101.0,520.15
SIA,MG,202505,2145588,0211020060,65.0,1950.0
SIA,MG,202505,2764830,0211020036,83.0,427.45
SIA,MG,202505,4042085,0206010052,1.0,86.75
SIA,MG,202505,2760967,0211020036,88.0,453.2
SIA,MG,202505,2201879,0206010052,1.0,230.0
SIA,MG,202505,2133954,0211020036,137.0,705.55
SIA,MG,202505,2183846,0211020036,279.0,1436.85
SIA,MG,202505,2103303,0211020036,24.0,123.6
SIA,MG,202505,2115107,0211020036,49.0,252.35
SIA,MG,202505,2796562,0206030029,1.0,86.75
SIA,MG,202505,2776030,0211020036,227.0,1169.05
SIA,MG,202505,2764512,0211020036,70.0,360.5
SIA,MG,202505,2796392,0206020015,2.0,173.5
SIA,MG,202505,2120194,0206030029,1.0,86.75
SIA,MG,202505,0981400,0206010036,1.0,86.76
SIA,MG,202505,2099454,0206030029,1.0,86.75
SIA,MG,202505,2167638,0211020036,33.0,169.95
SIA,MG,202505,2192128,0206010010,1.0,86.76
SIA,MG,202505,2140136,0211020036,120.0,618.0
SIA,MG,202505,2105780,0206010036,2.0,173.52
SIA,MG,202505,2134268,0211020036,45.0,231.75
SIA,MG,202505,2760908,0211020036,56.0,288.4
SIA,MG,202505,2146517,0211020036,83.0,427.45
SIA,MG,202505,2764814,0206010028,10.0,1011.0
SIA,MG,202505,2775913,0211020036,413.0,2126.95
SIA,MG,202505,2122650,0206010044,1.0,86.75
SIA,MG,202505,2117185,0211020036,9.0,46.35
SIA,MG,202505,0266965,0211020060,20.0,3900.0
SIA,MG,202505,2143895,0211020036,101.0,520.15
SIA,MG,202505,6471226,0206030029,1.0,86.75
SIA,MG,202505,2100932,0211020036,4.0,20.6
SIA,MG,202505,2100304,0211020036,124.0,638.6
SIA,MG,202505,2099926,0211020036,103.0,530.45
SIA,MG,202505,2173565,0211020036,8.0,41.2
SIA,MG,202505,2189879,0211020036,545.0,2806.75
SIA,MG,202505,7076711,0211020060,4.0,120.0
SIA,MG,202505,2181797,0211020036,124.0,638.6
SIA,MG,202505,2194953,0211020036,117.0,602.55
SIA,MG,202505,2136031,0211020036,88.0,453.2
SIA,MG,202505,9228713,0211020060,5.0,150.0
SIA,MG,202505,2123673,0211020036,105.0,540.75
SIA,MG,202505,2139154,0211020036,168.0,865.2
SIA,MG,202505,7391242,0211020036,142.0,731.3
SIA,MG,202505,2202441,0211020036,295.0,1519.25
SIA,MG,202505,2776006,0206010044,1.0,86.75
SIA,MG,202505,2117207,0211020036,100.0,515.0
SIA,MG,202505,2169657,0211020036,287.0,1478.05
SIA,MG,202505,2149419,0211020036,191.0,983.65
SIA,MG,202505,2205904,0206010052,1.0,86.75
SIA,MG,202505,2797496,0211020036,12.0,61.8
SIA,MG,202505,2101432,0211020036,72.0,370.8
SIA,MG,202505,2170299,0211020036,120.0,618.0
SIA,MG,202505,0979538,0206010036,3.0,260.28
SIA,MG,202505,6632858,0211020036,1025.0,5278.75
SIA,MG,202505,2099896,0211020036,48.0,247.2
SIA,MG,202505,2156512,0211020036,26.0,133.9
SIA,MG,202505,2143127,0211020036,123.0,633.45
SIA,MG,202505,2102765,0206010044,3.0,260.25
SIA,MG,202505,9319336,0206010079,2.0,194.88
SIA,MG,202505,2144530,0211020036,167.0,860.05
SIA,MG,202505,2113996,0211020036,89.0,458.35
SIA,MG,202505,2207664,0211020036,391.0,2013.65
SIA,MG,202505,2764148,0211020036,62.0,319.3
SIA,MG,202505,3754731,0211020036,181.0,932.15
SIA,MG,202505,2111640,0206020023,1.0,86.75
SIA,MG,202505,2141817,0211020036,56.0,288.4
SIA,MG,202505,2140098,0206030010,1.0,138.63
SIA,MG,202505,6006361,0206030029,0.0,0.0
SIA,MG,202505,2191164,0211020036,23.0,118.45
SIA,MG,202505,2168936,0211020036,132.0,679.8
SIA,MG,202505,2760843,0206020023,1.0,86.75
SIA,MG,202505,3313484,0211020036,27.0,139.05
SIA,MG,202505,2841622,0206010028,1.0,101.1
SIA,MG,202505,4040910,0211020036,120.0,618.0
SIA,MG,202505,2205157,0211020036,250.0,1287.5
SIA,MG,202505,2135132,0206010028,2.0,202.2
SIA,MG,202505,2159252,0206020015,1.0,86.75
SIA,MG,202505,2201488,0211020036,44.0,226.6
SIA,MG,202505,9563105,0206010010,4.0,1152.0
SIA,MG,202505,2136937,0211020036,3.0,15.45
SIA,MG,202505,2166461,0211020036,27.0,139.05
SIA,MG,202505,2135116,0211020036,58.0,298.7
SIA,MG,202505,2155648,0211020036,93.0,478.95
SIA,MG,202505,2202883,0211020036,5.0,25.75
SIA,MG,202505,2135124,0206010079,3.0,292.32
SIA,MG,202505,2205106,0211020036,27.0,139.05
SIA,MG,202505,2123223,0211020036,90.0,463.5
SIA,MG,202505,2109700,0211020036,66.0,339.9
SIA,MG,202505,2119501,0211020036,142.0,731.3
SIA,MG,202505,2760924,0206020023,1.0,86.75
SIA,MG,202505,9518371,0211020036,107.0,551.05
SIA,MG,202505,3649156,0211020036,60.0,309.0
SIA,MG,202505,2100754,0211020036,94.0,484.1
SIA,MG,202505,2760843,0206020015,3.0,260.25
SIA,MG,202505,2146487,0211020036,119.0,612.85
SIA,MG,202505,3437396,0211020036,114.0,587.1
SIA,MG,202505,2110075,0206020015,1.0,86.75
SIA,MG,202505,6049265,0211020036,217.0,1117.55
SIA,MG,202505,4041283,0211020036,112.0,576.8
SIA,MG,202505,2114763,0206010036,1.0,86.76
SIA,MG,202505,2153947,0211020036,200.0,1030.0
SIA,MG,202505,2161354,0211020036,41.0,211.15
SIA,MG,202505,2215268,0211020036,266.0,1369.9
SIA,MG,202505,2102404,0211020036,94.0,484.1
SIA,MG,202505,6511805,0206010010,1.0,184.27
SIA,MG,202505,5922313,0211020036,155.0,798.25
SIA,MG,202505,2189860,0211020036,195.0,1004.25
SIA,MG,202505,2186489,0211020036,10.0,51.5
SIA,MG,202505,2133822,0211020036,126.0,648.9
SIA,MG,202505,2202891,0211020036,71.0,365.65
SIA,MG,202505,2200473,0211020036,46.0,236.9
SIA,MG,202505,2205866,0211020036,77.0,396.55
SIA,MG,202505,2200473,0206020023,1.0,86.75
SIA,MG,202505,2133814,0211020036,35.0,180.25
SIA,MG,202505,2122219,0211020036,30.0,154.5
SIA,MG,202505,2143852,0211020036,0.0,0.0
SIA,MG,202505,2101866,0211020036,60.0,309.0
SIA,MG,202505,4887174,0211020036,280.0,1442.0
SIA,MG,202505,7275668,0211020036,46.0,236.9
SIA,MG,202505,9383921,0211020036,34.0,175.1
SIA,MG,202505,2764814,0211020036,229.0,1179.35
SIA,MG,202505,2709848,0206010052,1.0,86.75
SIA,MG,202505,2165848,0211020036,77.0,396.55
SIA,MG,202505,2105365,0211020036,410.0,2111.5
SIA,MG,202505,4041437,0211020036,207.0,1066.05
SIA,MG,202505,2118513,0206030010,2.0,277.26
SIA,MG,202505,9563105,0206030010,2.0,740.0
SIA,MG,202505,6569803,0211020036,130.0,669.5
SIA,MG,202505,7934947,0206020015,1.0,86.75
SIA,MG,202505,2171627,0211020036,16.0,82.4
SIA,MG,202505,2120070,0211020036,50.0,257.5
SIA,MG,202505,2170086,0211020036,79.0,406.85
SIA,MG,202505,2102900,0211020036,153.0,787.95
SIA,MG,202505,5815991,0211020036,11.0,56.65
SIA,MG,202505,2169355,0211020036,622.0,3203.3
SIA,MG,202505,4317041,0211020036,4.0,20.6
SIA,MG,202505,7934947,0205010016,1.0,165.0
SIA,MG,202505,2132877,0211020036,1.0,5.15
SIA,MG,202505,5147166,0211020036,245.0,1261.75
SIA,MG,202505,2117134,0206010044,2.0,173.5
SIA,MG,202505,2194937,0211020036,58.0,298.7
SIA,MG,202505,2122901,0211020036,86.0,442.9
SIA,MG,202505,2098326,0206030010,1.0,138.63
SIA,MG,202505,2140098,0211020036,373.0,1920.95
SIA,MG,202505,2098407,0206010036,1.0,86.76
SIA,MG,202505,2142376,0206010079,4.0,389.76
SIA,MG,202505,2156830,0211020036,116.0,597.4
SIA,MG,202505,2135132,0206010036,1.0,86.76
SIA,MG,202505,2144638,0211020036,129.0,664.35
SIA,MG,202505,2121530,0211020036,36.0,185.4
SIA,MG,202505,2136104,0211020036,5.0,25.75
SIA,MG,202505,2099438,0206010044,2.0,173.5
SIA,MG,202505,2191164,0206010010,1.0,86.76
SIA,MG,202505,2103397,0211020036,58.0,298.7
SIA,MG,202505,2099152,0211020060,38.0,1140.0
SIA,MG,202505,8000956,0211020036,464.0,2389.6
SIA,MG,202505,2151758,0211020036,412.0,2121.8
SIA,MG,202505,2191164,0206010052,1.0,86.75
SIA,MG,202505,2098911,0206020015,1.0,86.75
SIA,MG,202505,7802951,0211020036,45.0,231.75
SIA,MG,202505,2122677,0211020036,178.0,916.7
SIA,MG,202505,2119420,0211020036,113.0,581.95
SIA,MG,202505,5142997,0211020036,117.0,602.55
SIA,MG,202505,5796601,0206020015,1.0,86.75
SIA,MG,202505,7533934,0211020036,250.0,1287.5
SIA,MG,202505,2144522,0211020036,29.0,149.35
SIA,MG,202505,9944338,0211020036,58.0,298.7
SIA,MG,202505,0828114,0206020015,3.0,260.25
SIA,MG,202505,2208857,0206010052,1.0,86.75
SIA,MG,202505,2157942,0211020036,120.0,618.0
SIA,MG,202505,2098326,0211020036,17.0,87.55
SIA,MG,202505,2098326,0206030037,1.0,138.63
SIA,MG,202505,2133261,0211020036,99.0,509.85
SIA,MG,202505,6356877,0211020036,76.0,391.4
SIA,MG,202505,2098326,0206030029,1.0,86.75
SIA,MG,202505,2100525,0211020036,256.0,1318.4
SIA,MG,202505,2184680,0211020036,42.0,216.3
SIA,MG,202505,2190125,0211020036,456.0,2348.4
SIA,MG,202505,2098911,0206010052,1.0,86.75
SIA,MG,202505,2135132,0211020036,0.0,0.0
SIA,MG,202505,2200961,0211020036,140.0,721.0
SIA,MG,202505,5046688,0211020036,92.0,473.8
SIA,MG,202505,6631487,0206010028,1.0,200.0
SIA,MG,202505,2201410,0211020036,64.0,329.6
SIA,MG,202505,2760827,0211020036,80.0,412.0
SIA,MG,202505,2118319,0211020036,196.0,1009.4
SIA,MG,202505,2117525,0211020036,1.0,5.15
SIA,MG,202505,6511805,0206010044,3.0,552.78
SIA,MG,202505,7741464,0206010079,2.0,194.88
SIA,MG,202505,5338409,0206010044,0.0,0.0
SIA,MG,202505,6697054,0206010010,1.0,86.76
SIA,MG,202505,2117134,0206030029,1.0,86.75
SIA,MG,202505,2149141,0211020036,115.0,592.25
SIA,MG,202505,3871797,0206020023,0.0,0.0
SIA,MG,202505,2761092,0206020023,1.0,86.75
SIA,MG,202505,2144204,0211020036,37.0,190.55
SIA,MG,202505,2761165,0211020036,28.0,144.2
SIA,MG,202505,2125978,0211020036,9.0,46.35
SIA,MG,202505,2145774,0211020036,88.0,453.2
SIA,MG,202505,6790151,0206010010,4.0,347.04
SIA,MG,202505,2168707,0211020036,192.0,988.8
SIA,MG,202505,2796368,0211020036,36.0,185.4
SIA,MG,202505,5128218,0211020036,2.0,10.3
SIA,MG,202505,6935699,0211020036,1.0,5.15
SIA,MG,202505,2794640,0211020036,19.0,97.85
SIA,MG,202505,2205904,0211020060,47.0,1410.0
SIA,MG,202505,2126419,0211020036,140.0,721.0
SIA,MG,202505,3883582,0206010079,1.0,97.44
SIA,MG,202505,5255880,0205010016,1.0,250.0
SIA,MG,202505,2760436,0211020060,32.0,960.0
SIA,MG,202505,3498441,0206020023,1.0,86.75
SIA,MG,202505,4116879,0211020036,97.0,499.55
SIA,MG,202505,7469144,0211020036,754.0,3883.1
SIA,MG,202505,2128020,0211020036,72.0,370.8
SIA,MG,202505,2760681,0206010028,1.0,101.1
SIA,MG,202505,2776286,0206020015,1.0,86.75
SIA,MG,202505,6790151,0208010033,1.0,383.07
SIA,MG,202505,3012840,0211020036,137.0,705.55
SIA,MG,202505,2206420,0206010036,1.0,86.76
SIA,MG,202505,2206420,0206020031,1.0,136.41
SIA,MG,202505,2136007,0211020036,177.0,911.55
SIA,MG,202505,2111640,0206010028,1.0,101.1
SIA,MG,202505,2764784,0211020036,63.0,324.45
SIA,MG,202505,2144026,0211020036,6.0,30.9
SIA,MG,202505,2206420,0206010010,1.0,86.76
SIA,MG,202505,9529209,0206010028,1.0,101.1
SIA,MG,202505,2761106,0206030029,2.0,173.5
SIA,MG,202505,2127989,0206020023,2.0,173.5
SIA,MG,202505,2098911,0206010036,2.0,173.52
SIA,MG,202505,2119528,0206010028,1.0,101.1
SIA,MG,202505,2172259,0206020015,3.0,289.29
SIA,MG,202505,2204762,0206010028,1.0,101.1
SIA,MG,202505,2796619,0206020015,1.0,86.75
SIA,MG,202505,9980547,0211020060,10.0,300.0
SIA,MG,202505,2203448,0211020036,83.0,427.45
SIA,MG,202505,2127733,0211020036,3.0,15.45
SIA,MG,202505,2193469,0211020036,153.0,787.95
SIA,MG,202505,3224945,0211020060,52.0,1560.0
SIA,MG,202505,2099713,0211020036,41.0,211.15
SIA,MG,202505,2764776,0206030029,1.0,86.75
SIA,MG,202505,3938654,0206010010,1.0,100.0
SIA,MG,202505,6856209,0211020036,139.0,715.85
SIA,MG,202505,2162776,0211020036,125.0,643.75
SIA,MG,202505,2135108,0211020036,22.0,113.3
SIA,MG,202505,2201542,0206030029,1.0,86.75
SIA,MG,202505,7977719,0205010016,1.0,165.0
SIA,MG,202505,9681752,0206010028,1.0,101.1
SIA,MG,202505,2776286,0206010036,1.0,86.76
SIA,MG,202505,2777347,0211020036,2.0,10.3
SIA,MG,202505,7387377,0206010028,1.0,281.3
SIA,MG,202505,2148293,0206010052,1.0,86.75
SIA,MG,202505,7031882,0211020036,361.0,1859.15
SIA,MG,202505,2136937,0206010052,1.0,86.75
SIA,MG,202505,9419977,0206010028,1.0,101.1
SIA,MG,202505,2759292,0206010044,1.0,86.75
SIA,MG,202505,0828114,0206010010,1.0,86.76
SIA,MG,202505,2761203,0206010044,2.0,173.5
SIA,MG,202505,2122901,0211020060,1.0,30.0
SIA,MG,202505,2118246,0206030029,1.0,86.75
SIA,MG,202505,6631487,0206020023,1.0,200.0
SIA,MG,202505,7795203,0211020060,0.0,0.0
SIA,MG,202505,2120410,0211020036,5.0,25.75
SIA,MG,202505,2761181,0211020036,96.0,494.4
SIA,MG,202505,6292976,0206010052,3.0,260.25
SIA,MG,202505,0041548,0206030037,1.0,138.63
SIA,MG,202505,2110075,0206030010,1.0,138.63
SIA,MG,202505,2139073,0206010044,1.0,86.75
SIA,MG,202505,2178656,0211020036,102.0,525.3
SIA,MG,202505,7201109,0211020036,230.0,1184.5
SIA,MG,202505,6790151,0208010025,1.0,408.52
SIA,MG,202505,2099454,0206010052,1.0,86.75
SIA,MG,202505,2127911,0211020036,64.0,329.6
SIA,MG,202505,2112140,0206020023,1.0,86.75
SIA,MG,202505,2154021,0211020036,180.0,927.0
SIA,MG,202505,2142295,0211020036,88.0,453.2
SIA,MG,202505,6629725,0206010036,1.0,315.0
SIA,MG,202505,2135884,0211020036,87.0,448.05
SIA,MG,202505,6918158,0211020036,2.0,10.3
SIA,MG,202505,2117479,0211020036,92.0,473.8
SIA,MG,202505,2785684,0206030037,2.0,554.52
SIA,MG,202505,6511805,0206020023,2.0,368.52
SIA,MG,202505,2204630,0211020036,160.0,824.0
SIA,MG,202505,6955452,0211020036,1072.0,5520.8
SIA,MG,202505,2143801,0211020036,6.0,30.9
SIA,MG,202505,2099209,0211020036,62.0,319.3
SIA,MG,202505,2173166,0206020023,1.0,173.5
SIA,MG,202505,2205939,0206010060,1.0,97.44
SIA,MG,202505,9388354,0206010036,1.0,86.76
SIA,MG,202505,2146509,0211020036,28.0,144.2
SIA,MG,202505,2163829,0206020015,1.0,86.75
SIA,MG,202505,2182793,0211020036,129.0,664.35
SIA,MG,202505,2796562,0206010028,2.0,202.2
SIA,MG,202505,2213192,0211020036,102.0,525.3
SIA,MG,202505,2796392,0206020023,1.0,86.75
SIA,MG,202505,2126885,0211020036,85.0,437.75
SIA,MG,202505,2139030,0211020036,25.0,128.75
SIA,MG,202505,2160242,0211020036,25.0,128.75
SIA,MG,202505,7410344,0211020036,207.0,1066.05
SIA,MG,202505,2775956,0211020036,99.0,509.85
SIA,MG,202505,2098407,0206010044,3.0,260.25
SIA,MG,202505,2173565,0206010044,2.0,173.5
SIA,MG,202505,2183455,0206010028,1.0,101.1
SIA,MG,202505,2794608,0211020036,80.0,412.0
SIA,MG,202505,2185563,0211020036,21.0,108.15
SIA,MG,202505,5473586,0211020060,0.0,0.0
SIA,MG,202505,6487556,0206010044,0.0,0.0
SIA,MG,202505,6640486,0211020036,35.0,180.25
SIA,MG,202505,2161710,0211020036,110.0,566.5
SIA,MG,202505,2124300,0211020060,24.0,720.0
SIA,MG,202505,2098369,0206020023,1.0,86.75
SIA,MG,202505,2138875,0206010052,1.0,86.75
SIA,MG,202505,2868385,0211020036,10.0,51.5
SIA,MG,202505,2139200,0206010010,3.0,309.66
SIA,MG,202505,6340059,0206020015,2.0,173.5
SIA,MG,202505,0828114,0206010036,1.0,86.76
SIA,MG,202505,7362870,0211020036,61.0,314.15
SIA,MG,202505,2099675,0211020036,80.0,412.0
SIA,MG,202505,2145758,0211020036,15.0,77.25
SIA,MG,202505,9673717,0206030010,0.0,0.0
SIA,MG,202505,2760436,0206010052,1.0,86.75
SIA,MG,202505,2212056,0211020036,30.0,154.5
SIA,MG,202505,3238342,0211020036,19.0,97.85
SIA,MG,202505,2139073,0206030010,1.0,138.63
SIA,MG,202505,9061681,0211020036,536.0,2760.4
SIA,MG,202505,6959415,0206020023,0.0,0.0
SIA,MG,202505,7595247,0211020036,0.0,0.0
SIA,MG,202505,7106548,0211020036,411.0,2116.65
SIA,MG,202505,2841622,0206010052,1.0,86.75
SIA,MG,202505,2760436,0206020015,1.0,86.75
SIA,MG,202505,2169479,0211020036,54.0,278.1
SIA,MG,202505,0491632,0211020036,68.0,350.2
SIA,MG,202505,3050378,0206010079,1.0,97.44
SIA,MG,202505,2183455,0206020023,1.0,86.75
SIA,MG,202505,7951604,0206010010,2.0,173.52
SIA,MG,202505,2146525,0206020023,1.0,86.75
SIA,MG,202505,2105780,0206020023,1.0,86.75
SIA,MG,202505,2099454,0206010036,1.0,86.76
SIA,MG,202505,2127989,0211020060,3.0,90.0
SIA,MG,202505,2159252,0206010028,3.0,303.3
SIA,MG,202505,2776847,0211020036,60.0,309.0
SIA,MG,202505,2114143,0211020036,107.0,551.05
SIA,MG,202505,2761203,0206030010,1.0,138.63
SIA,MG,202505,2206420,0206030029,1.0,86.75
SIA,MG,202505,5473586,0206010010,0.0,0.0
SIA,MG,202505,2142376,0206010010,1.0,86.76
SIA,MG,202505,2129469,0206030029,2.0,173.5
SIA,MG,202505,7962088,0206010036,1.0,86.76
SIA,MG,202505,2099454,0206020023,1.0,86.75
SIA,MG,202505,2112140,0206010052,1.0,86.75
SIA,MG,202505,4042085,0206010010,1.0,86.76
SIA,MG,202505,9591931,0206020031,1.0,136.41
SIA,MG,202505,5473586,0206030029,0.0,0.0
SIA,MG,202505,2760657,0211020036,129.0,664.35
SIA,MG,202505,2181401,0211020036,21.0,108.15
SIA,MG,202505,2212609,0211020036,100.0,515.0
SIA,MG,202505,2213400,0211020036,108.0,556.2
SIA,MG,202505,2122189,0211020036,34.0,175.1
SIA,MG,202505,2776014,0211020036,14.0,72.1
SIA,MG,202505,2172712,0211020036,57.0,293.55
SIA,MG,202505,2162938,0211020036,35.0,180.25
SIA,MG,202505,2119439,0211020036,49.0,252.35
SIA,MG,202505,2114275,0211020036,215.0,1107.25
SIA,MG,202505,2148870,0211020036,72.0,370.8
SIA,MG,202505,2139057,0211020036,81.0,417.15
SIA,MG,202505,2151553,0211020036,150.0,772.5
SIA,MG,202505,2099195,0211020036,13.0,66.95
SIA,MG,202505,2144611,0211020036,48.0,247.2
SIA,MG,202505,2160072,0211020036,34.0,175.1
SIA,MG,202505,2144042,0211020036,54.0,278.1
SIA,MG,202505,2184389,0211020036,25.0,128.75
SIA,MG,202505,2763524,0211020036,42.0,216.3
SIA,MG,202505,2139146,0211020036,3.0,15.45
SIA,MG,202505,2115026,0211020036,57.0,293.55
SIA,MG,202505,2141523,0211020036,25.0,128.75
SIA,MG,202505,2160080,0211020036,33.0,169.95
SIA,MG,202505,2213389,0211020036,56.0,288.4
SIA,MG,202505,2160226,0211020036,32.0,164.8
SIA,MG,202505,2149214,0211020036,124.0,638.6
SIA,MG,202505,2102447,0211020036,60.0,309.0
SIA,MG,202505,2209691,0211020036,131.0,674.65
SIA,MG,202505,2157071,0211020036,55.0,283.25
SIA,MG,202505,2183439,0211020036,41.0,211.15
SIA,MG,202505,2194635,0211020036,0.0,0.0
SIA,MG,202505,2134446,0211020036,78.0,401.7
SIA,MG,202505,2102749,0211020036,26.0,133.9
SIA,MG,202505,2101025,0211020036,40.0,206.0
SIA,MG,202505,2180839,0211020036,78.0,401.7
SIA,MG,202505,2135310,0211020036,40.0,206.0
SIA,MG,202505,2142937,0211020036,79.0,406.85
SIA,MG,202505,2139960,0211020036,34.0,175.1
SIA,MG,202505,2203294,0211020036,8.0,41.2
SIA,MG,202505,2105446,0211020036,50.0,257.5
SIA,MG,202505,2099616,0211020036,34.0,175.1
SIA,MG,202505,2142511,0211020036,8.0,41.2
SIA,MG,202505,2103710,0211020036,30.0,154.5
SIA,MG,202505,2102021,0211020036,44.0,226.6
SIA,MG,202505,2149788,0211020036,1.0,5.15
SIA,MG,202505,2145537,0211020036,0.0,0.0
SIA,MG,202505,2099721,0211020036,65.0,334.75
SIA,MG,202505,2203332,0211020036,55.0,283.25
SIA,MG,202505,2108933,0211020036,35.0,180.25
SIA,MG,202505,2105330,0211020036,10.0,51.5
SIA,MG,202505,2119498,0211020036,78.0,401.7
SIA,MG,202505,2794225,0211020036,46.0,236.9
SIA,MG,202505,2203162,0211020036,58.0,298.7
SIA,MG,202505,2136236,0211020036,96.0,494.4
SIA,MG,202505,2776855,0211020036,50.0,257.5
SIA,MG,202505,5973163,0211020036,80.0,412.0
SIA,MG,202505,2103311,0211020036,95.0,489.25
SIA,MG,202505,2195321,0211020036,57.0,293.55
SIA,MG,202505,3873781,0211020036,168.0,865.2
SIA,MG,202505,2163071,0211020036,172.0,885.8
SIA,MG,202505,6290841,0211020036,31.0,159.65
SIA,MG,202505,2206552,0211020036,27.0,139.05
SIA,MG,202505,2160390,0211020036,35.0,180.25
SIA,MG,202505,2102684,0211020036,30.0,154.5
SIA,MG,202505,2213176,0211020036,50.0,257.5
SIA,MG,202505,2193000,0211020036,55.0,283.25
SIA,MG,202505,2219719,0211020036,41.0,211.15
SIA,MG,202505,2119757,0211020036,10.0,51.5
SIA,MG,202505,2159147,0211020036,28.0,144.2
SIA,MG,202505,2213605,0211020036,36.0,185.4
SIA,MG,202506,6601804,0211020010,31.0,22631.24
SIA,MG,202506,7976550,0206010095,18.0,37929.96
SIA,MG,202506,6601804,0206030037,114.0,15803.82
SIA,MG,202506,2222043,0206020023,79.0,6853.25
SIA,MG,202506,2146355,0206030037,340.0,47134.2
SIA,MG,202506,7866801,0206030037,128.0,17744.64
SIA,MG,202506,2695626,0206030037,72.0,9981.36
SIA,MG,202506,2206595,0206020031,55.0,7502.55
SIA,MG,202506,2165058,0206020023,30.0,2602.5
SIA,MG,202506,2165058,0206020031,242.0,33011.22
SIA,MG,202506,2218798,0206030037,85.0,11783.55
SIA,MG,202506,4034236,0206010044,115.0,9976.25
SIA,MG,202506,2219646,0206030010,434.0,60165.42
SIA,MG,202506,2118661,0206020031,270.0,36830.7
SIA,MG,202506,2149990,0206030037,497.0,68899.11
SIA,MG,202506,2219638,0206010028,139.0,14052.9
SIA,MG,202506,2200457,0206030037,699.0,96902.37
SIA,MG,202506,2775999,0206030037,331.0,45886.53
SIA,MG,202506,2219646,0206030037,424.0,58779.12
SIA,MG,202506,2149990,0206020031,509.0,69432.69
SIA,MG,202506,2149990,0211020036,500.0,2575.0
SIA,MG,202506,2219646,0206020031,621.0,84710.61
SIA,MG,202506,2219646,0206010036,14.0,1214.64
SIA,MG,202506,2222043,0211020036,478.0,2461.7
SIA,MG,202506,0027014,0206030037,428.0,59333.64
SIA,MG,202506,2775999,0206030010,322.0,44638.86
SIA,MG,202506,0027049,0208010033,111.0,42520.77
SIA,MG,202506,2149990,0206010052,69.0,5985.75
SIA,MG,202506,2165058,0208010033,59.0,22601.13
SIA,MG,202506,2206595,0206010052,8.0,694.0
SIA,MG,202506,2218941,0211020036,266.0,1369.9
SIA,MG,202506,2219638,0206010079,233.0,22703.52
SIA,MG,202506,0027863,0206010044,81.0,7026.75
SIA,MG,202506,6102174,0206030037,0.0,0.0
SIA,MG,202506,2149990,0206010079,490.0,47745.6
SIA,MG,202506,2222043,0206010079,922.0,89839.68
SIA,MG,202506,2219638,0211020036,244.0,1256.6
SIA,MG,202506,2118661,0206010079,58.0,5651.52
SIA,MG,202506,2192896,0206030037,240.0,33271.2
SIA,MG,202506,0027049,0206030037,259.0,35905.17
SIA,MG,202506,2209179,0206010044,101.0,8761.75
SIA,MG,202506,2149990,0211020010,18.0,13140.72
SIA,MG,202506,0026964,0206010052,73.0,6332.75
SIA,MG,202506,2775999,0206010079,114.0,11108.16
SIA,MG,202506,2775999,0208010025,15.0,6127.8
SIA,MG,202506,2222043,0206010028,96.0,9705.6
SIA,MG,202506,2695324,0206030037,295.0,40895.85
SIA,MG,202506,4034236,0206030037,176.0,24398.88
SIA,MG,202506,3065936,0206010044,238.0,20646.5
SIA,MG,202506,3004791,0206020023,44.0,3817.0
SIA,MG,202506,0026840,0206010044,47.0,4077.25
SIA,MG,202506,2146355,0206010028,21.0,2123.1
SIA,MG,202506,2222043,0206030029,99.0,8588.25
SIA,MG,202506,2118882,0211020036,382.0,1967.3
SIA,MG,202506,0053430,0211020036,11.0,56.65
SIA,MG,202506,2118661,0211020010,26.0,18981.04
SIA,MG,202506,0026921,0206010028,84.0,8492.4
SIA,MG,202506,2192896,0206010028,187.0,18905.7
SIA,MG,202506,2109867,0206030010,120.0,24000.0
SIA,MG,202506,2109867,0206030037,131.0,26200.0
SIA,MG,202506,3065936,0206010010,11.0,954.36
SIA,MG,202506,7366108,0211020036,0.0,0.0
SIA,MG,202506,2219646,0206010028,28.0,2830.8
SIA,MG,202506,2219638,0206020031,70.0,9548.7
SIA,MG,202506,2218798,0206010044,30.0,2602.5
SIA,MG,202506,2127601,0206030010,0.0,0.0
SIA,MG,202506,2165058,0206010036,8.0,694.08
SIA,MG,202506,3065936,0206030037,108.0,14972.04
SIA,MG,202506,7455038,0211020036,466.0,2399.9
SIA,MG,202506,7954212,0211020036,2058.0,10598.7
SIA,MG,202506,2200457,0206010052,136.0,11798.0
SIA,MG,202506,2222043,0206020031,407.0,55518.87
SIA,MG,202506,2109867,0206010028,65.0,13000.0
SIA,MG,202506,2205440,0206010079,156.0,15200.64
SIA,MG,202506,2205440,0206030010,397.0,55036.11
SIA,MG,202506,4034236,0206030029,3.0,260.25
SIA,MG,202506,2184834,0211020036,109.0,561.35
SIA,MG,202506,2206595,0206030037,42.0,5822.46
SIA,MG,202506,2219646,0211020036,268.0,1380.2
SIA,MG,202506,2219646,0206010052,132.0,11451.0
SIA,MG,202506,2695324,0206030029,11.0,954.25
SIA,MG,202506,2146355,0206020031,369.0,50335.29
SIA,MG,202506,2200422,0206010028,19.0,1920.9
SIA,MG,202506,6875343,0211020036,1787.0,9203.05
SIA,MG,202506,2200457,0206010044,53.0,4597.75
SIA,MG,202506,0026921,0206030037,94.0,13031.22
SIA,MG,202506,2205440,0206020031,522.0,71206.02
SIA,MG,202506,0026840,0206030037,168.0,23289.84
SIA,MG,202506,2219654,0206010079,75.0,7308.0
SIA,MG,202506,0027022,0206030037,62.0,8595.06
SIA,MG,202506,2192896,0206010044,119.0,10323.25
SIA,MG,202506,2165058,0206030037,229.0,31746.27
SIA,MG,202506,0026921,0206010044,62.0,5378.5
SIA,MG,202506,0026859,0206030037,52.0,7208.76
SIA,MG,202506,2195585,0206030037,21.0,2911.23
SIA,MG,202506,2205440,0206010095,5.0,10536.1
SIA,MG,202506,2205440,0211020010,30.0,21901.2
SIA,MG,202506,0199419,0211020036,136.0,700.4
SIA,MG,202506,3464334,0208010033,0.0,0.0
SIA,MG,202506,7866801,0206010052,8.0,694.0
SIA,MG,202506,3464334,0206010028,0.0,0.0
SIA,MG,202506,2218798,0206020031,122.0,16642.02
SIA,MG,202506,0027863,0206030037,115.0,15942.45
SIA,MG,202506,2181770,0206010052,3.0,260.25
SIA,MG,202506,9141839,0206020031,57.0,7775.37
SIA,MG,202506,2146355,0211020060,32.0,960.0
SIA,MG,202506,7366108,0206020031,25.0,3410.25
SIA,MG,202506,0027014,0206010044,21.0,1821.75
SIA,MG,202506,6926223,0206010079,136.0,13251.84
SIA,MG,202506,0027022,0206010044,3.0,260.25
SIA,MG,202506,3183882,0211020060,21.0,630.0
SIA,MG,202506,2193310,0206020031,40.0,5456.4
SIA,MG,202506,2222043,0206020015,77.0,6679.75
SIA,MG,202506,6102174,0206010028,0.0,0.0
SIA,MG,202506,2184834,0206030037,73.0,10119.99
SIA,MG,202506,6102174,0206020031,0.0,0.0
SIA,MG,202506,2219646,0206010060,48.0,4677.12
SIA,MG,202506,2219654,0206020031,64.0,8730.24
SIA,MG,202506,2219638,0211020010,31.0,22631.24
SIA,MG,202506,9141839,0206030037,171.0,23705.73
SIA,MG,202506,4034236,0206010052,32.0,2776.0
SIA,MG,202506,2149990,0206030010,540.0,74860.2
SIA,MG,202506,2165058,0206010079,127.0,12374.88
SIA,MG,202506,2195585,0211020036,186.0,957.9
SIA,MG,202506,0027863,0206010079,409.0,39852.96
SIA,MG,202506,2192896,0206010079,792.0,77172.48
SIA,MG,202506,2111624,0206010079,32.0,3118.08
SIA,MG,202506,2111624,0206020023,2.0,173.5
SIA,MG,202506,2153106,0206010052,17.0,1474.75
SIA,MG,202506,2219654,0206010010,17.0,1474.92
SIA,MG,202506,3464334,0205010016,0.0,0.0
SIA,MG,202506,3462994,0208010033,21.0,8044.47
SIA,MG,202506,2149990,0206010044,112.0,9716.0
SIA,MG,202506,2219654,0206020015,20.0,1735.0
SIA,MG,202506,9141839,0206010079,252.0,24554.88
SIA,MG,202506,0026921,0206010079,572.0,55735.68
SIA,MG,202506,2200422,0208010033,156.0,59758.92
SIA,MG,202506,0026840,0208010033,304.0,116453.28
SIA,MG,202506,2195585,0206010079,44.0,4287.36
SIA,MG,202506,2164817,0211020036,370.0,1905.5
SIA,MG,202506,2206595,0211020036,511.0,2631.65
SIA,MG,202506,2219638,0206010010,31.0,2689.56
SIA,MG,202506,3183882,0211020036,4617.0,23777.55
SIA,MG,202506,4034236,0206010079,113.0,11010.72
SIA,MG,202506,2146355,0211020036,478.0,2461.7
SIA,MG,202506,2152037,0206020031,31.0,4228.71
SIA,MG,202506,2695324,0206020031,358.0,48834.78
SIA,MG,202506,2153106,0206020031,61.0,8321.01
SIA,MG,202506,2118912,0211020036,10.0,51.5
SIA,MG,202506,9141839,0211020036,147.0,757.05
SIA,MG,202506,0026840,0208010025,303.0,123781.56
SIA,MG,202506,0026964,0206020031,255.0,34784.55
SIA,MG,202506,2695324,0206010079,73.0,7113.12
SIA,MG,202506,6102174,0206010010,0.0,0.0
SIA,MG,202506,6102174,0206030029,0.0,0.0
SIA,MG,202506,0026840,0206010079,46.0,4482.24
SIA,MG,202506,0026840,0206020031,203.0,27691.23
SIA,MG,202506,0027049,0206010079,178.0,17344.32
SIA,MG,202506,7093284,0211020036,390.0,2008.5
SIA,MG,202506,0026859,0206020031,59.0,8048.19
SIA,MG,202506,2149990,0206010036,8.0,694.08
SIA,MG,202506,2218798,0206010079,30.0,2923.2
SIA,MG,202506,2208172,0206030029,7.0,607.25
SIA,MG,202506,2775999,0206010036,9.0,780.84
SIA,MG,202506,9980865,0211020036,95.0,489.25
SIA,MG,202506,2153025,0206020031,47.0,6411.27
SIA,MG,202506,6601804,0206020031,139.0,18960.99
SIA,MG,202506,2118858,0211020010,8.0,5840.32
SIA,MG,202506,2200457,0206010079,155.0,15103.2
SIA,MG,202506,0027014,0206010079,86.0,8379.84
SIA,MG,202506,2222043,0206010052,6.0,520.5
SIA,MG,202506,7954212,0206010079,73.0,7113.12
SIA,MG,202506,2695626,0206020031,104.0,14186.64
SIA,MG,202506,2152045,0206020031,44.0,6002.04
SIA,MG,202506,2205440,0206020015,6.0,520.5
SIA,MG,202506,2205440,0208010025,19.0,7761.88
SIA,MG,202506,0026921,0206010052,7.0,607.25
SIA,MG,202506,2165058,0208010025,59.0,24102.68
SIA,MG,202506,7866801,0206010079,131.0,12764.64
SIA,MG,202506,7866801,0206010010,5.0,433.8
SIA,MG,202506,2153114,0206010052,4.0,347.0
SIA,MG,202506,0027049,0208010025,114.0,46571.28
SIA,MG,202506,3065936,0206010079,195.0,19000.8
SIA,MG,202506,6601804,0211020036,22.0,113.3
SIA,MG,202506,2109867,0206020023,5.0,433.75
SIA,MG,202506,2775999,0206020031,302.0,41195.82
SIA,MG,202506,2695324,0206010010,8.0,694.08
SIA,MG,202506,2118661,0206010052,76.0,6593.0
SIA,MG,202506,2149990,0206010010,74.0,6420.24
SIA,MG,202506,3004791,0206010028,27.0,2729.7
SIA,MG,202506,0026859,0208010025,1.0,408.52
SIA,MG,202506,0026808,0206010052,16.0,1388.0
SIA,MG,202506,2193310,0206030010,81.0,11229.03
SIA,MG,202506,2219638,0206010044,41.0,3556.75
SIA,MG,202506,3004791,0206010010,8.0,694.08
SIA,MG,202506,2146355,0206010010,18.0,1561.68
SIA,MG,202506,4034236,0206010060,15.0,1461.6
SIA,MG,202506,2222043,0206010010,168.0,14575.68
SIA,MG,202506,0026840,0206010052,61.0,5291.75
SIA,MG,202506,2200422,0208010025,169.0,69039.88
SIA,MG,202506,7856733,0211020036,151.0,777.65
SIA,MG,202506,2695324,0206010052,54.0,4684.5
SIA,MG,202506,2695626,0206010079,99.0,9646.56
SIA,MG,202506,2219654,0206020023,10.0,867.5
SIA,MG,202506,2109867,0206010010,64.0,5552.64
SIA,MG,202506,2193310,0206010079,146.0,14226.24
SIA,MG,202506,2208172,0206010028,37.0,3740.7
SIA,MG,202506,2149990,0206010028,35.0,3538.5
SIA,MG,202506,2152037,0206030037,23.0,3188.49
SIA,MG,202506,9141839,0206020023,15.0,1301.25
SIA,MG,202506,0480738,0211020036,48.0,247.2
SIA,MG,202506,5338905,0206030037,27.0,3743.01
SIA,MG,202506,2127601,0211020060,32.0,4319.36
SIA,MG,202506,2205440,0206010010,21.0,1821.96
SIA,MG,202506,2205440,0206010044,9.0,780.75
SIA,MG,202506,2219646,0206010010,18.0,1561.68
SIA,MG,202506,2127601,0206030037,0.0,0.0
SIA,MG,202506,0027022,0206010079,66.0,6431.04
SIA,MG,202506,2118661,0206010036,6.0,520.56
SIA,MG,202506,3183882,0205010016,11.0,1815.0
SIA,MG,202506,2192896,0206010052,8.0,694.0
SIA,MG,202506,2192896,0206030029,29.0,2515.75
SIA,MG,202506,2695324,0206010044,22.0,1908.5
SIA,MG,202506,2111624,0206020031,49.0,6684.09
SIA,MG,202506,2165058,0206010052,39.0,3383.25
SIA,MG,202506,0633186,0206020031,20.0,2728.2
SIA,MG,202506,2165058,0211020036,87.0,448.05
SIA,MG,202506,2218798,0206010052,3.0,260.25
SIA,MG,202506,4034236,0206010010,11.0,954.36
SIA,MG,202506,0026808,0206030037,36.0,4990.68
SIA,MG,202506,2118661,0211020036,160.0,824.0
SIA,MG,202506,6601804,0206010028,15.0,1516.5
SIA,MG,202506,9141839,0206020015,25.0,2168.75
SIA,MG,202506,2195585,0206020031,18.0,2455.38
SIA,MG,202506,0027642,0206010044,74.0,6419.5
SIA,MG,202506,2109867,0206010036,27.0,5400.0
SIA,MG,202506,3464334,0208010025,0.0,0.0
SIA,MG,202506,2111624,0206010052,3.0,260.25
SIA,MG,202506,2219638,0206020015,2.0,173.5
SIA,MG,202506,7728786,0206030037,29.0,4020.27
SIA,MG,202506,6601804,0206030029,29.0,2515.75
SIA,MG,202506,2153114,0206020031,68.0,9275.88
SIA,MG,202506,2206528,0206010010,4.0,347.04
SIA,MG,202506,2206595,0206010079,106.0,10328.64
SIA,MG,202506,0026964,0206010044,7.0,607.25
SIA,MG,202506,2759292,0206030037,3.0,415.89
SIA,MG,202506,2206528,0211020060,6.0,809.88
SIA,MG,202506,2695324,0206010036,9.0,780.84
SIA,MG,202506,0026808,0206010079,51.0,4969.44
SIA,MG,202506,2219654,0206010052,6.0,520.5
SIA,MG,202506,2109867,0206020031,77.0,15400.0
SIA,MG,202506,2109867,0206010044,39.0,7800.0
SIA,MG,202506,2219654,0211020036,293.0,1508.95
SIA,MG,202506,3494179,0211020036,390.0,2008.5
SIA,MG,202506,2200457,0208010025,2.0,817.04
SIA,MG,202506,7366108,0206010079,25.0,2436.0
SIA,MG,202506,0026921,0206010010,211.0,18306.36
SIA,MG,202506,0027049,0206010052,31.0,2689.25
SIA,MG,202506,7866801,0206020023,4.0,347.0
SIA,MG,202506,2193310,0206010044,7.0,607.25
SIA,MG,202506,2193310,0206010010,8.0,694.08
SIA,MG,202506,0027049,0205010016,9.0,1485.0
SIA,MG,202506,3004791,0206010079,24.0,2338.56
SIA,MG,202506,2153106,0206010079,13.0,1266.72
SIA,MG,202506,2149990,0206010060,2.0,194.88
SIA,MG,202506,2775999,0206010060,1.0,97.44
SIA,MG,202506,2219654,0206010028,28.0,2830.8
SIA,MG,202506,2193310,0206020015,4.0,347.0
SIA,MG,202506,2193310,0206030029,5.0,433.75
SIA,MG,202506,2218798,0206020015,1.0,86.75
SIA,MG,202506,7866801,0206010028,12.0,1213.2
SIA,MG,202506,2152045,0206010028,3.0,303.3
SIA,MG,202506,0026859,0206010079,7.0,682.08
SIA,MG,202506,2219638,0206010036,4.0,347.04
SIA,MG,202506,2200422,0206030037,26.0,3604.38
SIA,MG,202506,2152037,0206010028,2.0,202.2
SIA,MG,202506,2208172,0206030037,34.0,4713.42
SIA,MG,202506,7366108,0206020015,1.0,86.75
SIA,MG,202506,7366108,0206010044,8.0,694.0
SIA,MG,202506,9141839,0206010010,17.0,1474.92
SIA,MG,202506,3004791,0206030037,13.0,1802.19
SIA,MG,202506,2206595,0206010010,19.0,1648.44
SIA,MG,202506,0027014,0206020031,541.0,73797.81
SIA,MG,202506,7728786,0206020031,24.0,3273.84
SIA,MG,202506,0027014,0206020023,6.0,520.5
SIA,MG,202506,2200457,0206010028,56.0,5661.6
SIA,MG,202506,2206595,0206010036,17.0,1474.92
SIA,MG,202506,2149990,0206030029,5.0,433.75
SIA,MG,202506,2181770,0206030037,12.0,1663.56
SIA,MG,202506,3065936,0206010028,22.0,2224.2
SIA,MG,202506,2146355,0206010036,13.0,1127.88
SIA,MG,202506,3004791,0206010052,2.0,173.5
SIA,MG,202506,3065936,0206030029,12.0,1041.0
SIA,MG,202506,2195585,0206020015,1.0,86.75
SIA,MG,202506,2205440,0206010028,30.0,3033.0
SIA,MG,202506,2205440,0206030029,8.0,694.0
SIA,MG,202506,2193310,0206030037,83.0,11506.29
SIA,MG,202506,0026808,0206010044,26.0,2255.5
SIA,MG,202506,4034236,0206010028,21.0,2123.1
SIA,MG,202506,2775999,0211020010,24.0,17520.96
SIA,MG,202506,0026921,0206020023,18.0,1561.5
SIA,MG,202506,0027014,0205010016,3.0,495.0
SIA,MG,202506,2153114,0206010079,7.0,682.08
SIA,MG,202506,2206595,0206020023,21.0,1821.75
SIA,MG,202506,2200422,0206010044,38.0,3296.5
SIA,MG,202506,6274773,0206030037,14.0,1940.82
SIA,MG,202506,2218798,0206020023,6.0,520.5
SIA,MG,202506,2149990,0206020015,8.0,694.0
SIA,MG,202506,7866801,0206010044,8.0,694.0
SIA,MG,202506,0027049,0206010044,13.0,1127.75
SIA,MG,202506,0027863,0206010052,6.0,520.5
SIA,MG,202506,2206595,0206010060,1.0,97.44
SIA,MG,202506,2218798,0206010036,4.0,347.04
SIA,MG,202506,0027014,0208010033,3.0,1149.21
SIA,MG,202506,2153025,0206010052,9.0,780.75
SIA,MG,202506,2695324,0206010028,13.0,1314.3
SIA,MG,202506,2127601,0206020031,0.0,0.0
SIA,MG,202506,0027014,0206010052,75.0,6506.25
SIA,MG,202506,3065936,0206020023,2.0,173.5
SIA,MG,202506,6926223,0211020036,202.0,1040.3
SIA,MG,202506,2200457,0208010033,2.0,766.14
SIA,MG,202506,3462994,0206010095,8.0,16857.76
SIA,MG,202506,0026808,0206030029,8.0,694.0
SIA,MG,202506,7728786,0206010028,6.0,606.6
SIA,MG,202506,2109867,0206010052,8.0,694.0
SIA,MG,202506,0027863,0206010028,44.0,4448.4
SIA,MG,202506,2218798,0206010028,5.0,505.5
SIA,MG,202506,2152045,0206030037,32.0,4436.16
SIA,MG,202506,2206528,0206010052,2.0,173.5
SIA,MG,202506,2152037,0206010044,2.0,173.5
SIA,MG,202506,0633186,0206030037,16.0,2218.08
SIA,MG,202506,0027049,0206010028,12.0,1213.2
SIA,MG,202506,9141839,0206030010,157.0,21764.91
SIA,MG,202506,2206528,0206030010,149.0,29800.0
SIA,MG,202506,2192896,0206010010,173.0,15009.48
SIA,MG,202506,4034236,0206020023,2.0,173.5
SIA,MG,202506,2206528,0206010028,2.0,400.0
SIA,MG,202506,9141839,0206010044,27.0,2342.25
SIA,MG,202506,2208172,0211020036,27.0,139.05
SIA,MG,202506,2206528,0206020031,151.0,30200.0
SIA,MG,202506,2165058,0206030010,216.0,29944.08
SIA,MG,202506,2206528,0206030037,140.0,28000.0
SIA,MG,202506,2195585,0206030010,25.0,3465.75
SIA,MG,202506,2153025,0206030037,57.0,7901.91
SIA,MG,202506,2153106,0206030037,65.0,9010.95
SIA,MG,202506,0027022,0206010052,4.0,347.0
SIA,MG,202506,0027863,0206010010,99.0,8589.24
SIA,MG,202506,2195585,0211020060,4.0,120.0
SIA,MG,202506,2111624,0206030037,45.0,6238.35
SIA,MG,202506,2775999,0206030029,4.0,347.0
SIA,MG,202506,2695626,0206020023,2.0,173.5
SIA,MG,202506,2695324,0206020023,5.0,433.75
SIA,MG,202506,0027863,0206030029,7.0,607.25
SIA,MG,202506,2146355,0206010044,56.0,4858.0
SIA,MG,202506,3464334,0211020036,0.0,0.0
SIA,MG,202506,5338905,0206020031,32.0,4365.12
SIA,MG,202506,2200457,0206010010,30.0,2602.8
SIA,MG,202506,6102174,0205010016,0.0,0.0
SIA,MG,202506,2153114,0206030037,73.0,10119.99
SIA,MG,202506,2206595,0206030010,44.0,6099.72
SIA,MG,202506,2206595,0211020060,52.0,1560.0
SIA,MG,202506,2181770,0206010079,5.0,487.2
SIA,MG,202506,2111624,0206010044,5.0,433.75
SIA,MG,202506,2193310,0206010028,8.0,808.8
SIA,MG,202506,2111624,0206010028,6.0,606.6
SIA,MG,202506,2127601,0206010010,0.0,0.0
SIA,MG,202506,2195585,0206010044,16.0,1388.0
SIA,MG,202506,0026964,0206030037,161.0,22319.43
SIA,MG,202506,2192896,0206020023,20.0,1735.0
SIA,MG,202506,2695626,0206010010,3.0,260.28
SIA,MG,202506,6274773,0206020031,22.0,3001.02
SIA,MG,202506,0026964,0206010036,7.0,607.32
SIA,MG,202506,0633186,0206010044,3.0,260.25
SIA,MG,202506,2200457,0206020023,5.0,433.75
SIA,MG,202506,6102174,0211020060,0.0,0.0
SIA,MG,202506,5013739,0205010016,21.0,3465.0
SIA,MG,202506,2206595,0206010044,18.0,1561.5
SIA,MG,202506,2695626,0206010052,17.0,1474.75
SIA,MG,202506,2219646,0206020023,5.0,433.75
SIA,MG,202506,2153025,0206010044,5.0,433.75
SIA,MG,202506,0026921,0206010036,61.0,5292.36
SIA,MG,202506,3004791,0206030029,15.0,1301.25
SIA,MG,202506,7728786,0206010036,2.0,173.52
SIA,MG,202506,2152045,0206010044,3.0,260.25
SIA,MG,202506,2127601,0206010044,0.0,0.0
SIA,MG,202506,2118661,0206010028,4.0,404.4
SIA,MG,202506,6102174,0206010044,0.0,0.0
SIA,MG,202506,2153084,0206030037,2.0,277.26
SIA,MG,202506,6102174,0206010036,0.0,0.0
SIA,MG,202506,2165058,0206010044,27.0,2342.25
SIA,MG,202506,2127601,0206020023,0.0,0.0
SIA,MG,202506,0027049,0206010010,9.0,780.84
SIA,MG,202506,0027014,0206010010,5.0,433.8
SIA,MG,202506,5338905,0206010036,1.0,86.76
SIA,MG,202506,6601804,0206010044,5.0,433.75
SIA,MG,202506,0026921,0206030029,9.0,780.75
SIA,MG,202506,2153106,0206010044,10.0,867.5
SIA,MG,202506,2200422,0206010010,2.0,173.52
SIA,MG,202506,2146355,0205010016,10.0,1650.0
SIA,MG,202506,6274773,0206010036,1.0,86.76
SIA,MG,202506,4684281,0211020060,135.0,4050.0
SIA,MG,202506,2775999,0206010010,12.0,1041.12
SIA,MG,202506,0023051,0211020036,393.0,2023.95
SIA,MG,202506,0027014,0211020036,660.0,3399.0
SIA,MG,202506,0027049,0206020031,278.0,37921.98
SIA,MG,202506,0027863,0206020031,67.0,9139.47
SIA,MG,202506,2200457,0206020031,815.0,111174.15
SIA,MG,202506,2200457,0211020036,356.0,1833.4
SIA,MG,202506,0026840,0211020036,432.0,2224.8
SIA,MG,202506,2695111,0211020036,337.0,1735.55
SIA,MG,202506,4034236,0211020036,774.0,3986.1
SIA,MG,202506,4034236,0206020031,197.0,26872.77
SIA,MG,202506,2695677,0211020036,10.0,51.5
SIA,MG,202506,6210902,0211020036,678.0,3491.7
SIA,MG,202506,6378552,0211020036,15.0,77.25
SIA,MG,202506,2695324,0211020036,392.0,2018.8
SIA,MG,202506,3065936,0206020031,148.0,20188.68
SIA,MG,202506,2695324,0206030010,281.0,38955.03
SIA,MG,202506,0023310,0211020036,405.0,2085.75
SIA,MG,202506,0027022,0206020031,89.0,12140.49
SIA,MG,202506,3462994,0208010025,22.0,8987.44
SIA,MG,202506,3004791,0206020031,3.0,409.23
SIA,MG,202506,0026808,0211020036,255.0,1313.25
SIA,MG,202506,6457177,0211020036,104.0,535.6
SIA,MG,202506,0026921,0206020031,57.0,7775.37
SIA,MG,202506,0027863,0211020036,198.0,1019.7
SIA,MG,202506,0026859,0211020036,75.0,386.25
SIA,MG,202506,2219638,0206030029,12.0,1041.0
SIA,MG,202506,0026972,0211020036,55.0,283.25
SIA,MG,202506,5338905,0206010028,6.0,606.6
SIA,MG,202506,2219646,0206010079,63.0,6138.72
SIA,MG,202506,0027022,0206010010,3.0,260.28
SIA,MG,202506,6274773,0206010044,1.0,86.75
SIA,MG,202506,2149990,0211020060,18.0,540.0
SIA,MG,202506,0027863,0206020023,2.0,173.5
SIA,MG,202506,0026840,0206020023,2.0,173.5
SIA,MG,202506,7728786,0206030010,32.0,4436.16
SIA,MG,202506,0026840,0206010036,6.0,520.56
SIA,MG,202506,3137112,0208010025,27.0,11030.04
SIA,MG,202506,2192896,0206020031,75.0,10230.75
SIA,MG,202506,2192896,0211020036,183.0,942.45
SIA,MG,202506,9141839,0206030029,13.0,1127.75
SIA,MG,202506,7498233,0206020031,3.0,600.0
SIA,MG,202506,2200422,0206020023,2.0,173.5
SIA,MG,202506,3918416,0211020036,25.0,128.75
SIA,MG,202506,2152045,0206010036,1.0,86.76
SIA,MG,202506,7866801,0211020036,222.0,1143.3
SIA,MG,202506,6463487,0211020036,282.0,1452.3
SIA,MG,202506,2153025,0206010028,2.0,202.2
SIA,MG,202506,2205440,0206020023,24.0,2082.0
SIA,MG,202506,3889033,0211020036,22.0,113.3
SIA,MG,202506,2222043,0206010044,117.0,10149.75
SIA,MG,202506,0026808,0206010010,6.0,520.56
SIA,MG,202506,7866801,0206020031,61.0,8321.01
SIA,MG,202506,9068279,0211020036,925.0,4763.75
SIA,MG,202506,2184834,0206010028,4.0,404.4
SIA,MG,202506,0026808,0206020023,2.0,173.5
SIA,MG,202506,0023582,0211020036,420.0,2163.0
SIA,MG,202506,2153114,0206010028,2.0,202.2
SIA,MG,202506,2149990,0206020023,8.0,694.0
SIA,MG,202506,2118904,0208010033,14.0,5362.98
SIA,MG,202506,5866391,0211020036,24.0,123.6
SIA,MG,202506,2109867,0206020015,9.0,780.75
SIA,MG,202506,0022683,0211020036,515.0,2652.25
SIA,MG,202506,2205440,0206010036,15.0,1301.4
SIA,MG,202506,6571573,0211020036,173.0,890.95
SIA,MG,202506,7728786,0206010079,43.0,4189.92
SIA,MG,202506,2200422,0206020031,29.0,3955.89
SIA,MG,202506,2181770,0206020031,17.0,2318.97
SIA,MG,202506,6601804,0206010036,4.0,347.04
SIA,MG,202506,0026948,0211020036,47.0,242.05
SIA,MG,202506,2208172,0206010052,3.0,260.25
SIA,MG,202506,7728786,0206010044,1.0,86.75
SIA,MG,202506,2200422,0211020036,16.0,82.4
SIA,MG,202506,0026964,0206030010,180.0,24953.4
SIA,MG,202506,2205440,0206010060,1.0,97.44
SIA,MG,202506,2206595,0206030029,6.0,520.5
SIA,MG,202506,6601804,0206020015,40.0,3470.0
SIA,MG,202506,2192896,0206010036,81.0,7027.56
SIA,MG,202506,2118904,0208010025,14.0,5719.28
SIA,MG,202506,2200457,0206010036,30.0,2602.8
SIA,MG,202506,2208172,0206010079,149.0,14518.56
SIA,MG,202506,0027014,0211020060,306.0,9180.0
SIA,MG,202506,0027863,0206010036,35.0,3036.6
SIA,MG,202506,0027049,0211020060,100.0,3000.0
SIA,MG,202506,2153084,0206010079,2.0,194.88
SIA,MG,202506,4042751,0211020036,438.0,2255.7
SIA,MG,202506,2775999,0206010028,13.0,1314.3
SIA,MG,202506,2759292,0211020036,221.0,1138.15
SIA,MG,202506,6601804,0206030010,138.0,19130.94
SIA,MG,202506,6102174,0206030010,0.0,0.0
SIA,MG,202506,2695626,0206030010,86.0,11922.18
SIA,MG,202506,0026840,0211020060,29.0,870.0
SIA,MG,202506,0026840,0206030010,147.0,20378.61
SIA,MG,202506,2206528,0211020036,225.0,1158.75
SIA,MG,202506,3918416,0211020060,97.0,2910.0
SIA,MG,202506,2127601,0205010016,0.0,0.0
SIA,MG,202506,2775999,0208010033,15.0,5746.05
SIA,MG,202506,2127679,0211020036,121.0,623.15
SIA,MG,202506,2222043,0206030010,113.0,15665.19
SIA,MG,202506,0026808,0211020060,81.0,2430.0
SIA,MG,202506,2195585,0206030029,4.0,347.0
SIA,MG,202506,2109867,0211020036,72.0,370.8
SIA,MG,202506,4034236,0211020060,91.0,2730.0
SIA,MG,202506,0026808,0208010033,4.0,1532.28
SIA,MG,202506,2152045,0206030010,34.0,4713.42
SIA,MG,202506,2146355,0206030010,325.0,45054.75
SIA,MG,202506,5338905,0206030010,28.0,3881.64
SIA,MG,202506,2200422,0211020060,57.0,1710.0
SIA,MG,202506,2695626,0206010036,8.0,694.08
SIA,MG,202506,2165058,0206010028,20.0,2022.0
SIA,MG,202506,3464334,0206010079,0.0,0.0
SIA,MG,202506,0026964,0206010010,1.0,86.76
SIA,MG,202506,7866801,0205010016,5.0,825.0
SIA,MG,202506,2184834,0206020031,98.0,13368.18
SIA,MG,202506,2210924,0206010079,2.0,194.88
SIA,MG,202506,2206595,0206010028,25.0,2527.5
SIA,MG,202506,0957100,0211020036,44.0,226.6
SIA,MG,202506,7954212,0211020060,73.0,2190.0
SIA,MG,202506,2109867,0206030029,25.0,2168.75
SIA,MG,202506,3004791,0206010036,6.0,520.56
SIA,MG,202506,6274773,0206030010,16.0,2218.08
SIA,MG,202506,2127601,0206030029,0.0,0.0
SIA,MG,202506,2208172,0206010010,16.0,1388.16
SIA,MG,202506,2153025,0206010079,3.0,292.32
SIA,MG,202506,0027014,0206030010,458.0,63492.54
SIA,MG,202506,2210924,0206030037,7.0,970.41
SIA,MG,202506,3464334,0206020031,0.0,0.0
SIA,MG,202506,2775999,0206010044,35.0,3036.25
SIA,MG,202506,2184834,0206010052,8.0,694.0
SIA,MG,202506,3464334,0206030037,0.0,0.0
SIA,MG,202506,2184834,0206010079,6.0,584.64
SIA,MG,202506,2152037,0206030010,29.0,4020.27
SIA,MG,202506,2208172,0206020031,42.0,5729.22
SIA,MG,202506,9141839,0206010028,45.0,4549.5
SIA,MG,202506,2695626,0206010028,11.0,1112.1
SIA,MG,202506,2206595,0205010016,6.0,990.0
SIA,MG,202506,3464334,0206010010,0.0,0.0
SIA,MG,202506,0026921,0211020036,1001.0,5155.15
SIA,MG,202506,0027014,0206010028,6.0,606.6
SIA,MG,202506,6102174,0206020015,0.0,0.0
SIA,MG,202506,2165058,0206030029,9.0,780.75
SIA,MG,202506,2695634,0211020036,6.0,30.9
SIA,MG,202506,5617286,0211020036,78.0,401.7
SIA,MG,202506,0026840,0206010028,8.0,808.8
SIA,MG,202506,2165058,0206010010,6.0,520.56
SIA,MG,202506,0027014,0208010025,3.0,1225.56
SIA,MG,202506,0027618,0211020036,488.0,2513.2
SIA,MG,202506,7866801,0206010036,2.0,173.52
SIA,MG,202506,2118661,0206010044,15.0,1301.25
SIA,MG,202506,2208172,0206010044,17.0,1474.75
SIA,MG,202506,0633186,0206030010,16.0,2218.08
SIA,MG,202506,2200422,0206010079,2.0,194.88
SIA,MG,202506,0026964,0206020023,2.0,173.5
SIA,MG,202506,2153106,0206020015,1.0,86.75
SIA,MG,202506,3004791,0211020036,357.0,1838.55
SIA,MG,202506,0023272,0211020036,552.0,2842.8
SIA,MG,202506,2118661,0206010010,5.0,433.8
SIA,MG,202506,2146355,0206020015,2.0,173.5
SIA,MG,202506,2118661,0206030029,2.0,173.5
SIA,MG,202506,2208172,0206010036,8.0,694.08
SIA,MG,202506,0026859,0206030010,53.0,7347.39
SIA,MG,202506,2111624,0206010036,1.0,86.76
SIA,MG,202506,0026859,0208010033,1.0,383.07
SIA,MG,202506,0026921,0206030010,76.0,10535.88
SIA,MG,202506,2195585,0206010028,10.0,1011.0
SIA,MG,202506,2200422,0206010036,6.0,520.56
SIA,MG,202506,0026808,0208010025,4.0,1634.08
SIA,MG,202506,2219654,0206010044,12.0,1041.0
SIA,MG,202506,0026859,0206010044,7.0,607.25
SIA,MG,202506,2208172,0205010016,2.0,330.0
SIA,MG,202506,0027014,0206010036,7.0,607.32
SIA,MG,202506,0027022,0206010028,3.0,303.3
SIA,MG,202506,6274773,0206010060,1.0,97.44
SIA,MG,202506,2111624,0206010010,1.0,86.76
SIA,MG,202506,0026859,0211020060,2.0,60.0
SIA,MG,202506,0026964,0206010079,14.0,1364.16
SIA,MG,202506,4034236,0206010036,8.0,694.08
SIA,MG,202506,2153084,0206020031,2.0,272.82
SIA,MG,202506,0026859,0205010016,2.0,330.0
SIA,MG,202506,2153106,0206020023,1.0,86.75
SIA,MG,202506,2206595,0206020015,4.0,347.0
SIA,MG,202506,3464334,0206010052,0.0,0.0
SIA,MG,202506,0027022,0206010036,2.0,173.52
SIA,MG,202506,2153882,0211020060,37.0,1110.0
SIA,MG,202506,2118661,0206020023,3.0,260.25
SIA,MG,202506,2153084,0211020010,23.0,16790.92
SIA,MG,202506,2153114,0211020060,11.0,330.0
SIA,MG,202506,7366108,0206010028,3.0,303.3
SIA,MG,202506,0027049,0206010036,5.0,433.8
SIA,MG,202506,3464334,0206030029,0.0,0.0
SIA,MG,202506,2219654,0206030029,7.0,607.25
SIA,MG,202506,2218798,0211020036,375.0,1931.25
SIA,MG,202506,2222043,0206010036,11.0,954.36
SIA,MG,202506,2221756,0211020036,155.0,798.25
SIA,MG,202506,2127601,0206010028,0.0,0.0
SIA,MG,202506,2152037,0206010060,1.0,97.44
SIA,MG,202506,7866801,0206030029,5.0,433.75
SIA,MG,202506,7455038,0206010079,1.0,97.44
SIA,MG,202506,2759292,0206030010,3.0,415.89
SIA,MG,202506,2759292,0206010036,1.0,86.76
SIA,MG,202506,2127601,0206010052,0.0,0.0
SIA,MG,202506,2153882,0211020010,16.0,11680.64
SIA,MG,202506,2153114,0211020010,14.0,10220.56
SIA,MG,202506,2152037,0206010010,1.0,86.76
SIA,MG,202506,2221616,0211020036,315.0,1622.25
SIA,MG,202506,2208172,0206020023,1.0,86.75
SIA,MG,202506,2193310,0206010036,3.0,260.28
SIA,MG,202506,2146355,0206030029,5.0,433.75
SIA,MG,202506,7104804,0211020036,429.0,2209.35
SIA,MG,202506,2221772,0211020036,59.0,303.85
SIA,MG,202506,2193183,0211020036,832.0,4284.8
SIA,MG,202506,2222043,0206030037,482.0,66819.66
SIA,MG,202506,2205440,0211020036,222.0,1143.3
SIA,MG,202506,0027863,0206020015,3.0,260.25
SIA,MG,202506,0027049,0206030010,272.0,37707.36
SIA,MG,202506,2205440,0206030037,368.0,51015.84
SIA,MG,202506,4034236,0206030010,189.0,26201.07
SIA,MG,202506,3065936,0206030010,132.0,18299.16
SIA,MG,202506,6766471,0211020060,22.0,660.0
SIA,MG,202506,9889167,0208010033,11.0,4213.77
SIA,MG,202506,2109867,0206010079,469.0,93800.0
SIA,MG,202506,7417659,0211020036,651.0,3352.65
SIA,MG,202506,0027022,0206030010,70.0,9704.1
SIA,MG,202506,2192896,0206030010,235.0,32578.05
SIA,MG,202506,2200457,0206030010,734.0,101754.42
SIA,MG,202506,2205440,0206010052,94.0,8154.5
SIA,MG,202506,2219654,0206030010,162.0,22458.06
SIA,MG,202506,2118661,0206030037,167.0,23151.21
SIA,MG,202506,2219638,0206030037,115.0,15942.45
SIA,MG,202506,2118858,0211020060,25.0,750.0
SIA,MG,202506,7728786,0206010010,4.0,347.04
SIA,MG,202506,0027863,0206030010,118.0,16358.34
SIA,MG,202506,6102174,0206010079,0.0,0.0
SIA,MG,202506,6601804,0206010079,129.0,12569.76
SIA,MG,202506,2775999,0206010052,49.0,4250.75
SIA,MG,202506,2153106,0206030010,55.0,7624.65
SIA,MG,202506,2218798,0206030010,88.0,12199.44
SIA,MG,202506,2184834,0206030010,95.0,13169.85
SIA,MG,202506,2146355,0206010079,238.0,23190.72
SIA,MG,202506,2208172,0206020015,7.0,607.25
SIA,MG,202506,3464334,0206030010,0.0,0.0
SIA,MG,202506,7366108,0206010010,1.0,86.76
SIA,MG,202506,7866801,0206030010,117.0,16219.71
SIA,MG,202506,2219646,0206010044,7.0,607.25
SIA,MG,202506,2759292,0206020031,4.0,545.64
SIA,MG,202506,2193310,0211020036,31.0,159.65
SIA,MG,202506,7728786,0206010052,1.0,86.75
SIA,MG,202506,2205440,0208010033,18.0,6895.26
SIA,MG,202506,2118661,0206030010,201.0,27864.63
SIA,MG,202506,2118661,0205010016,4.0,660.0
SIA,MG,202506,2152045,0206010079,49.0,4774.56
SIA,MG,202506,2219638,0206030010,120.0,16635.6
SIA,MG,202506,2153025,0206030010,48.0,6654.24
SIA,MG,202506,2192896,0206020015,25.0,2168.75
SIA,MG,202506,2219654,0206030037,175.0,24260.25
SIA,MG,202506,3464334,0211020060,0.0,0.0
SIA,MG,202506,2208172,0206030010,47.0,6515.61
SIA,MG,202506,2146355,0206010052,61.0,5291.75
SIA,MG,202506,2153114,0206030010,53.0,7347.39
SIA,MG,202506,2111624,0206030010,40.0,5545.2
SIA,MG,202506,5338905,0206010079,12.0,1169.28
SIA,MG,202506,2127601,0206010079,0.0,0.0
SIA,MG,202506,0026840,0206010010,2.0,173.52
SIA,MG,202506,2146355,0206020023,8.0,694.0
SIA,MG,202506,0026808,0206030010,39.0,5406.57
SIA,MG,202506,0633186,0206010079,20.0,1948.8
SIA,MG,202506,2181770,0206030010,14.0,1940.82
SIA,MG,202506,0026921,0206020015,11.0,954.25
SIA,MG,202506,0026859,0206010052,2.0,173.5
SIA,MG,202506,6601804,0206010052,10.0,867.5
SIA,MG,202506,6274773,0206010079,24.0,2338.56
SIA,MG,202506,6102174,0206020023,0.0,0.0
SIA,MG,202506,7581645,0208010025,20.0,8170.4
SIA,MG,202506,7366108,0206030037,32.0,4436.16
SIA,MG,202506,3137112,0208010033,27.0,10342.89
SIA,MG,202506,2153114,0205010016,7.0,1155.0
SIA,MG,202506,2111624,0206030029,2.0,173.5
SIA,MG,202506,9141839,0206010052,5.0,433.75
SIA,MG,202506,2211254,0211020036,3.0,15.45
SIA,MG,202506,7581645,0208010033,20.0,7661.4
SIA,MG,202506,3004791,0206020015,16.0,1388.0
SIA,MG,202506,2200457,0206020015,4.0,347.0
SIA,MG,202506,2152037,0206010079,22.0,2143.68
SIA,MG,202506,3170527,0211020036,115.0,592.25
SIA,MG,202506,2206528,0206010079,14.0,2800.0
SIA,MG,202506,0027014,0206030029,1.0,86.75
SIA,MG,202506,0026808,0206020031,44.0,6002.04
SIA,MG,202506,2200422,0206030010,26.0,3604.38
SIA,MG,202506,6274773,0206010010,2.0,173.52
SIA,MG,202506,2195585,0206010052,2.0,173.5
SIA,MG,202506,5338905,0206010052,2.0,173.5
SIA,MG,202506,3004791,0206030010,5.0,693.15
SIA,MG,202506,6601804,0206010010,3.0,260.28
SIA,MG,202506,2153025,0206030029,1.0,86.75
SIA,MG,202506,9889167,0208010025,11.0,4493.72
SIA,MG,202506,7366108,0206030010,29.0,4020.27
SIA,MG,202506,7866801,0206020015,6.0,520.5
SIA,MG,202506,2200457,0206030029,7.0,607.25
SIA,MG,202506,4034236,0206020015,10.0,867.5
SIA,MG,202506,2153009,0211020036,434.0,2235.1
SIA,MG,202506,0026972,0206030037,1.0,138.63
SIA,MG,202506,2118661,0211020060,10.0,300.0
SIA,MG,202506,2759292,0206020023,1.0,86.75
SIA,MG,202506,2153084,0206030010,1.0,138.63
SIA,MG,202506,6274773,0206010028,3.0,303.3
SIA,MG,202506,6102174,0206010052,0.0,0.0
SIA,MG,202506,3032191,0211020036,22.0,113.3
SIA,MG,202506,0026964,0211020036,167.0,860.05
SIA,MG,202506,9141839,0206010060,2.0,194.88
SIA,MG,202506,2152045,0206010052,2.0,173.5
SIA,MG,202506,0026964,0206010028,7.0,707.7
SIA,MG,202506,0027049,0206030029,1.0,86.75
SIA,MG,202506,0633186,0206010028,1.0,101.1
SIA,MG,202506,2195585,0206020023,1.0,86.75
SIA,MG,202506,5338905,0206010010,1.0,86.76
SIA,MG,202506,2153114,0211020036,9.0,46.35
SIA,MG,202506,3004791,0206010044,1.0,86.75
SIA,MG,202506,2200422,0206030029,1.0,86.75
SIA,MG,202506,2153882,0211020036,41.0,211.15
SIA,MG,202506,2195585,0206010010,2.0,173.52
SIA,MG,202506,2153114,0206010036,1.0,86.76
SIA,MG,202506,2153351,0211020036,7.0,36.05
SIA,MG,202506,2181770,0206010028,1.0,101.1
SIA,MG,202506,2181770,0211020036,1.0,5.15
SIA,MG,202506,2153025,0211020036,35.0,180.25
SIA,MG,202506,2153238,0211020036,39.0,200.85
SIA,MG,202506,0026859,0206010028,1.0,101.1
SIA,MG,202506,0027022,0211020036,245.0,1261.75
SIA,MG,202506,2153084,0206010044,1.0,86.75
SIA,MG,202506,3065936,0206010036,7.0,607.32
SIA,MG,202506,2775999,0211020036,358.0,1843.7
SIA,MG,202506,3464334,0206010044,0.0,0.0
SIA,MG,202506,2153297,0211020036,40.0,206.0
SIA,MG,202506,2210924,0206020031,1.0,136.41
SIA,MG,202506,2210924,0206030010,6.0,831.78
SIA,MG,202506,2208156,0211020036,23.0,118.45
SIA,MG,202506,3464334,0206010036,0.0,0.0
SIA,MG,202506,3464334,0206020015,0.0,0.0
SIA,MG,202506,2184834,0206010036,3.0,260.28
SIA,MG,202506,0026972,0206010079,1.0,97.44
SIA,MG,202506,2152967,0211020036,195.0,1004.25
SIA,MG,202506,2164795,0211020036,7.0,36.05
SIA,MG,202506,2152959,0211020036,159.0,818.85
SIA,MG,202506,2219646,0206030029,1.0,86.75
SIA,MG,202506,3065936,0206020015,3.0,260.25
SIA,MG,202506,0027049,0206020015,2.0,173.5
SIA,MG,202506,2219646,0206020015,1.0,86.75
SIA,MG,202506,2152940,0211020036,619.0,3187.85
SIA,MG,202506,2775999,0211020060,16.0,1952.0
SIA,MG,202506,2210924,0206010044,1.0,86.75
SIA,MG,202506,2695626,0206020015,1.0,86.75
SIA,MG,202506,2775999,0206020015,1.0,86.75
SIA,MG,202506,4034236,0211020010,141.0,102935.64
SIA,MG,202506,0027022,0206020023,1.0,86.75
SIA,MG,202506,2152045,0206020023,1.0,86.75
SIA,MG,202506,2193310,0206010052,1.0,86.75
SIA,MG,202506,2775999,0206020023,1.0,86.75
SIA,MG,202506,0027391,0206010095,111.0,233901.42
SIA,MG,202506,2200422,0211020010,81.0,59133.24
SIA,MG,202506,2218798,0206010060,1.0,97.44
SIA,MG,202506,6356354,0211020036,1.0,5.15
SIA,MG,202506,0026808,0211020010,41.0,29931.64
SIA,MG,202506,2206595,0211020010,46.0,33581.84
SIA,MG,202506,2695324,0206020015,2.0,173.5
SIA,MG,202506,0027022,0206020015,1.0,86.75
SIA,MG,202506,2165074,0211020036,25.0,128.75
SIA,MG,202506,2146355,0211020010,38.0,27741.52
SIA,MG,202506,2206528,0211020010,17.0,12410.68
SIA,MG,202506,2726750,0206010028,4.0,0.0
SIA,MG,202506,0026840,0211020010,6.0,4380.24
SIA,MG,202506,0027014,0211020010,39.0,28471.56
SIA,MG,202506,0027049,0211020010,18.0,13140.72
SIA,MG,202506,2208172,0211020010,34.0,24821.36
SIA,MG,202506,2200422,0206020015,1.0,86.75
SIA,MG,202506,2152037,0206010052,1.0,86.75
SIA,MG,202506,0633186,0206010052,1.0,86.75
SIA,MG,202506,2200457,0206010095,7.0,14750.54
SIA,MG,202506,6274773,0206010052,1.0,86.75
SIA,MG,202506,2695634,0211020010,1.0,730.04
SIA,MG,202506,0026972,0206030010,1.0,138.63
SIA,MG,202506,0026972,0206020031,1.0,136.41
SIA,MG,202506,6826911,0206010095,21.0,44251.62
SIA,MG,202506,2761041,0211020010,45.0,32851.8
SIA,MG,202506,2110075,0206010095,9.0,18964.98
SIA,MG,202506,2796619,0206010079,74.0,7210.56
SIA,MG,202506,2172887,0206010028,42.0,4246.2
SIA,MG,202506,2135132,0206010079,99.0,9646.56
SIA,MG,202506,2159368,0208010025,10.0,4085.2
SIA,MG,202506,2709848,0206030037,149.0,20655.87
SIA,MG,202506,6776434,0206010079,0.0,0.0
SIA,MG,202506,2159252,0206010052,50.0,4337.5
SIA,MG,202506,2125943,0211020036,520.0,2678.0
SIA,MG,202506,2115654,0211020036,72.0,370.8
SIA,MG,202506,2709848,0206010028,25.0,2527.5
SIA,MG,202506,2209195,0211020010,26.0,18981.04
SIA,MG,202506,2204622,0206030010,46.0,6376.98
SIA,MG,202506,2204622,0206010079,158.0,15395.52
SIA,MG,202506,2142384,0211020036,226.0,1163.9
SIA,MG,202506,2142376,0211020010,17.0,12410.68
SIA,MG,202506,2098911,0206030010,55.0,7624.65
SIA,MG,202506,2168553,0206030037,33.0,4574.79
SIA,MG,202506,4164644,0211020036,377.0,1941.55
SIA,MG,202506,2118246,0206010079,34.0,3312.96
SIA,MG,202506,2098407,0206030010,17.0,2356.71
SIA,MG,202506,2118246,0206020023,5.0,433.75
SIA,MG,202506,9046658,0211020036,356.0,1833.4
SIA,MG,202506,2127989,0206020031,371.0,50608.11
SIA,MG,202506,7933401,0211020036,158.0,813.7
SIA,MG,202506,2206064,0206010079,81.0,7892.64
SIA,MG,202506,2112140,0211020036,786.0,4047.9
SIA,MG,202506,0979538,0206020031,127.0,17324.07
SIA,MG,202506,6631487,0205010016,206.0,154500.0
SIA,MG,202506,2796562,0206030010,1.0,138.63
SIA,MG,202506,2138875,0206030010,38.0,5267.94
SIA,MG,202506,2098938,0206030010,170.0,23567.1
SIA,MG,202506,7691904,0211020036,383.0,1972.45
SIA,MG,202506,2171988,0206030037,149.0,20655.87
SIA,MG,202506,2759403,0211020060,24.0,720.0
SIA,MG,202506,2124300,0206030010,115.0,15942.45
SIA,MG,202506,3871797,0206010079,0.0,0.0
SIA,MG,202506,0196347,0206010079,39.0,10970.7
SIA,MG,202506,7082886,0206010079,116.0,32630.8
SIA,MG,202506,6959415,0206020031,0.0,0.0
SIA,MG,202506,2145588,0206020031,44.0,6002.04
SIA,MG,202506,2119528,0206030010,43.0,5961.09
SIA,MG,202506,2111659,0206020031,30.0,4092.3
SIA,MG,202506,2098474,0211020036,517.0,2662.55
SIA,MG,202506,6487556,0211020060,0.0,0.0
SIA,MG,202506,0979538,0206010044,31.0,2689.25
SIA,MG,202506,0979538,0206030037,15.0,2079.45
SIA,MG,202506,2756749,0206030010,117.0,16219.71
SIA,MG,202506,2159252,0206030037,199.0,27587.37
SIA,MG,202506,2129469,0206030037,186.0,25785.18
SIA,MG,202506,3698548,0211020036,105.0,540.75
SIA,MG,202506,0981400,0206020015,15.0,1301.25
SIA,MG,202506,2098938,0211020036,493.0,2538.95
SIA,MG,202506,2194937,0206030037,17.0,2356.71
SIA,MG,202506,2204649,0211020036,87.0,283.25
SIA,MG,202506,2796449,0206030010,17.0,3148.74
SIA,MG,202506,2148293,0206010010,17.0,1474.92
SIA,MG,202506,2159252,0208010025,21.0,8578.92
SIA,MG,202506,6093361,0206020031,2.0,272.82
SIA,MG,202506,6776434,0206030037,0.0,0.0
SIA,MG,202506,5944619,0211020036,82.0,422.3
SIA,MG,202506,2200473,0206010036,20.0,1735.2
SIA,MG,202506,6006361,0211020060,0.0,0.0
SIA,MG,202506,2764814,0206010079,109.0,10620.96
SIA,MG,202506,2764814,0206010010,11.0,954.36
SIA,MG,202506,7082886,0206030037,155.0,43601.5
SIA,MG,202506,3871797,0211020060,0.0,0.0
SIA,MG,202506,2171945,0206030037,364.0,50461.32
SIA,MG,202506,9368221,0211020036,0.0,0.0
SIA,MG,202506,2206382,0206010036,7.0,607.32
SIA,MG,202506,2201879,0206020031,27.0,7020.0
SIA,MG,202506,2776286,0206010079,17.0,1656.48
SIA,MG,202506,2163829,0206010010,21.0,1821.96
SIA,MG,202506,2099152,0206030010,10.0,2628.3
SIA,MG,202506,2098539,0206020023,5.0,433.75
SIA,MG,202506,3883582,0205010016,35.0,5775.0
SIA,MG,202506,2159252,0211020036,35.0,180.25
SIA,MG,202506,2125943,0211020060,58.0,1740.0
SIA,MG,202506,3960668,0206030037,38.0,5267.94
SIA,MG,202506,2756749,0206020031,54.0,7366.14
SIA,MG,202506,2218690,0206010028,19.0,1920.9
SIA,MG,202506,9344330,0206030037,135.0,18715.05
SIA,MG,202506,3698548,0206030010,87.0,12060.81
SIA,MG,202506,2146525,0206010079,67.0,6528.48
SIA,MG,202506,2756749,0206010044,40.0,3470.0
SIA,MG,202506,2760657,0206020031,26.0,3546.66
SIA,MG,202506,2101777,0206030037,110.0,15249.3
SIA,MG,202506,9368221,0206020031,0.0,0.0
SIA,MG,202506,2759306,0211020060,16.0,480.0
SIA,MG,202506,2128047,0206020031,18.0,2455.38
SIA,MG,202506,2761106,0206030010,5.0,693.15
SIA,MG,202506,2159252,0211020010,38.0,27741.52
SIA,MG,202506,2761092,0206010052,56.0,4858.0
SIA,MG,202506,2204649,0206010044,21.0,1821.75
SIA,MG,202506,2796376,0211020036,274.0,1411.1
SIA,MG,202506,2215586,0206030037,92.0,12753.96
SIA,MG,202506,2118246,0206010010,5.0,433.8
SIA,MG,202506,2756749,0206030037,144.0,19962.72
SIA,MG,202506,2764814,0206030037,37.0,5129.31
SIA,MG,202506,3050378,0206010079,16.0,1559.04
SIA,MG,202506,2098938,0206020031,159.0,21689.19
SIA,MG,202506,2171988,0206010079,235.0,22898.4
SIA,MG,202506,2146525,0206020031,35.0,4774.35
SIA,MG,202506,6963188,0211020036,233.0,1199.95
SIA,MG,202506,6920977,0206020031,370.0,50471.7
SIA,MG,202506,2168650,0206030029,3.0,260.25
SIA,MG,202506,2099438,0206030037,41.0,5683.83
SIA,MG,202506,2148293,0206030010,99.0,13724.37
SIA,MG,202506,7082886,0206030010,148.0,41632.4
SIA,MG,202506,2129469,0211020036,89.0,458.35
SIA,MG,202506,0979538,0206010079,125.0,12180.0
SIA,MG,202506,9344330,0206010079,94.0,9159.36
SIA,MG,202506,2172259,0206020015,11.0,1060.73
SIA,MG,202506,2172259,0206030037,104.0,16026.4
SIA,MG,202506,2172259,0206030010,102.0,15718.2
SIA,MG,202506,4042085,0206030010,26.0,3604.38
SIA,MG,202506,2195453,0206030010,512.0,70978.56
SIA,MG,202506,2209195,0211020036,82.0,422.3
SIA,MG,202506,6272150,0211020036,312.0,1606.8
SIA,MG,202506,2726726,0206010028,8.0,808.8
SIA,MG,202506,9344330,0206020031,215.0,29328.15
SIA,MG,202506,0979538,0211020060,94.0,2820.0
SIA,MG,202506,2126494,0206020023,12.0,1041.0
SIA,MG,202506,7609868,0206020031,17.0,2318.97
SIA,MG,202506,3960668,0206010079,59.0,5748.96
SIA,MG,202506,9650105,0206010010,39.0,3383.64
SIA,MG,202506,6629725,0206030010,40.0,10400.0
SIA,MG,202506,9650105,0211020036,146.0,406.85
SIA,MG,202506,2119420,0206010010,14.0,1214.64
SIA,MG,202506,2161354,0206020031,93.0,12686.13
SIA,MG,202506,2161354,0206010079,183.0,17831.52
SIA,MG,202506,5796601,0206030037,6.0,831.78
SIA,MG,202506,2110075,0206030037,20.0,2772.6
SIA,MG,202506,2201879,0206030010,36.0,9360.0
SIA,MG,202506,2124300,0206010036,2.0,173.52
SIA,MG,202506,2145588,0206030037,23.0,3188.49
SIA,MG,202506,2129566,0206030037,12.0,1663.56
SIA,MG,202506,2764776,0206010079,61.0,5943.84
SIA,MG,202506,6085121,0206010044,9.0,1561.5
SIA,MG,202506,6790151,0206010079,168.0,16369.92
SIA,MG,202506,2127989,0206010079,487.0,47453.28
SIA,MG,202506,3883582,0206020031,2.0,272.82
SIA,MG,202506,6697054,0206010079,19.0,1851.36
SIA,MG,202506,2208822,0206010079,48.0,4677.12
SIA,MG,202506,2192128,0206010079,25.0,2436.0
SIA,MG,202506,2192128,0206020031,22.0,3001.02
SIA,MG,202506,6240844,0211020036,24.0,123.6
SIA,MG,202506,6487556,0206030010,0.0,0.0
SIA,MG,202506,2098369,0206030037,21.0,2911.23
SIA,MG,202506,2206382,0206020031,108.0,14732.28
SIA,MG,202506,6629725,0206010044,7.0,1505.0
SIA,MG,202506,0196347,0211020036,197.0,1014.55
SIA,MG,202506,7691807,0206010052,3.0,260.25
SIA,MG,202506,2208857,0211020036,169.0,870.35
SIA,MG,202506,7525427,0211020036,552.0,2842.8
SIA,MG,202506,2172887,0211020036,55.0,283.25
SIA,MG,202506,2100681,0206030010,39.0,5406.57
SIA,MG,202506,9544674,0211020060,0.0,0.0
SIA,MG,202506,2192128,0206030037,16.0,2218.08
SIA,MG,202506,2168650,0206030037,71.0,9842.73
SIA,MG,202506,2200473,0206010079,404.0,39365.76
SIA,MG,202506,2776286,0206030037,7.0,970.41
SIA,MG,202506,2204649,0206030010,34.0,4713.42
SIA,MG,202506,2205998,0211020036,67.0,345.05
SIA,MG,202506,2209195,0206030010,98.0,13585.74
SIA,MG,202506,2205939,0206030010,43.0,5961.09
SIA,MG,202506,6920977,0206030010,308.0,42698.04
SIA,MG,202506,9388354,0206010079,34.0,3312.96
SIA,MG,202506,2205734,0206030037,3.0,415.89
SIA,MG,202506,2129469,0206020031,213.0,29055.33
SIA,MG,202506,2756749,0206010079,227.0,22118.88
SIA,MG,202506,9673717,0206020015,0.0,0.0
SIA,MG,202506,7951604,0206030037,61.0,9400.1
SIA,MG,202506,2102765,0206010028,12.0,1213.2
SIA,MG,202506,0981400,0206010079,166.0,16175.04
SIA,MG,202506,2119420,0206010079,110.0,10718.4
SIA,MG,202506,2796562,0206010079,3.0,292.32
SIA,MG,202506,2195437,0206030037,129.0,17883.27
SIA,MG,202506,2171945,0206010079,192.0,18708.48
SIA,MG,202506,9650105,0206010036,10.0,867.6
SIA,MG,202506,5914469,0211020060,6.0,180.0
SIA,MG,202506,2796619,0206010044,9.0,780.75
SIA,MG,202506,2195437,0206010079,395.0,38488.8
SIA,MG,202506,0981400,0206030037,75.0,10397.25
SIA,MG,202506,2794667,0211020036,241.0,1241.15
SIA,MG,202506,4144597,0211020036,32.0,0.0
SIA,MG,202506,2143801,0206030010,19.0,2633.97
SIA,MG,202506,6214371,0206030029,0.0,0.0
SIA,MG,202506,4144597,0902010018,32.0,4160.0
SIA,MG,202506,2098911,0206010052,5.0,433.75
SIA,MG,202506,7951604,0206030010,61.0,9400.1
SIA,MG,202506,2108992,0211020036,33.0,169.95
SIA,MG,202506,2124300,0206010079,165.0,16077.6
SIA,MG,202506,2195453,0206010052,87.0,7547.25
SIA,MG,202506,2148293,0206030037,102.0,14140.26
SIA,MG,202506,2112140,0206010079,151.0,14713.44
SIA,MG,202506,2140217,0206020023,2.0,173.5
SIA,MG,202506,6511805,0206030037,27.0,4975.29
SIA,MG,202506,2200473,0206010044,33.0,2862.75
SIA,MG,202506,2204762,0206030037,75.0,10397.25
SIA,MG,202506,2105780,0206030037,243.0,33687.09
SIA,MG,202506,9228713,0206010079,15.0,1461.6
SIA,MG,202506,2205939,0206020031,35.0,4774.35
SIA,MG,202506,2163829,0206010079,37.0,3605.28
SIA,MG,202506,7082886,0211020036,282.0,1452.3
SIA,MG,202506,2099454,0206010079,97.0,9451.68
SIA,MG,202506,6093361,0206010079,19.0,1851.36
SIA,MG,202506,2709848,0206020031,21.0,2864.61
SIA,MG,202506,6311709,0206010079,0.0,0.0
SIA,MG,202506,2135132,0211020010,10.0,7300.4
SIA,MG,202506,2184281,0211020036,30.0,154.5
SIA,MG,202506,2172887,0206010079,17.0,1656.48
SIA,MG,202506,2183455,0206010079,12.0,1169.28
SIA,MG,202506,2112140,0206020031,43.0,5865.63
SIA,MG,202506,7038216,0206020015,5.0,433.75
SIA,MG,202506,2127121,0211020036,83.0,427.45
SIA,MG,202506,2098938,0208010033,24.0,9193.68
SIA,MG,202506,2172259,0206020031,78.0,11827.14
SIA,MG,202506,7951604,0206020031,57.0,8642.91
SIA,MG,202506,2098539,0206010028,18.0,1819.8
SIA,MG,202506,7038216,0206020031,25.0,3410.25
SIA,MG,202506,2761106,0206010079,15.0,1461.6
SIA,MG,202506,2099497,0206020031,0.0,0.0
SIA,MG,202506,3698548,0206020031,58.0,7911.78
SIA,MG,202506,3050378,0206020031,6.0,818.46
SIA,MG,202506,6511805,0206020031,33.0,6080.91
SIA,MG,202506,7038216,0206030037,34.0,4713.42
SIA,MG,202506,9419977,0206010079,95.0,9256.8
SIA,MG,202506,2761041,0208010025,22.0,8987.44
SIA,MG,202506,2168553,0206010079,40.0,3897.6
SIA,MG,202506,3713369,0211020060,129.0,14641.5
SIA,MG,202506,2206382,0206030029,14.0,1214.5
SIA,MG,202506,2111640,0206020031,96.0,13095.36
SIA,MG,202506,2128047,0206030037,2.0,277.26
SIA,MG,202506,2098539,0206030037,82.0,11367.66
SIA,MG,202506,2168650,0206010079,42.0,4092.48
SIA,MG,202506,2183455,0211020036,101.0,520.15
SIA,MG,202506,2168707,0206010079,85.0,8282.4
SIA,MG,202506,7595247,0206020031,0.0,0.0
SIA,MG,202506,2164280,0206030010,6.0,831.78
SIA,MG,202506,2206064,0206010028,6.0,606.6
SIA,MG,202506,2098911,0206010010,15.0,1301.4
SIA,MG,202506,2112140,0206030037,15.0,2079.45
SIA,MG,202506,2206382,0206010010,30.0,2602.8
SIA,MG,202506,2126494,0206010036,25.0,2169.0
SIA,MG,202506,2171945,0206020031,386.0,52654.26
SIA,MG,202506,2171945,0206030010,345.0,47827.35
SIA,MG,202506,2171988,0206010044,64.0,5552.0
SIA,MG,202506,7038216,0206010079,146.0,14226.24
SIA,MG,202506,2099438,0206010079,44.0,4287.36
SIA,MG,202506,2142376,0206030037,6.0,831.78
SIA,MG,202506,2099454,0206030037,49.0,6792.87
SIA,MG,202506,5921414,0206030010,41.0,5683.83
SIA,MG,202506,2709848,0206030029,1.0,86.75
SIA,MG,202506,2796562,0206010010,2.0,173.52
SIA,MG,202506,2168537,0211020036,68.0,350.2
SIA,MG,202506,6340059,0206030010,61.0,8456.43
SIA,MG,202506,4538382,0206020031,4.0,1340.0
SIA,MG,202506,2098539,0206010010,14.0,1214.64
SIA,MG,202506,9419977,0206010010,1.0,86.76
SIA,MG,202506,4040910,0211020036,99.0,509.85
SIA,MG,202506,2195437,0206010028,28.0,2830.8
SIA,MG,202506,2099586,0211020036,65.0,334.75
SIA,MG,202506,2726726,0206010010,27.0,2342.52
SIA,MG,202506,2726726,0206010079,81.0,7892.64
SIA,MG,202506,6959415,0211020060,0.0,0.0
SIA,MG,202506,2204762,0206030010,73.0,10119.99
SIA,MG,202506,6432654,0206030010,2.0,277.26
SIA,MG,202506,2171988,0206030010,138.0,19130.94
SIA,MG,202506,9650105,0206030010,364.0,50461.32
SIA,MG,202506,2171988,0206010028,29.0,2931.9
SIA,MG,202506,0981400,0206020031,85.0,11594.85
SIA,MG,202506,9650105,0206030029,55.0,4771.25
SIA,MG,202506,2200473,0206020015,22.0,1908.5
SIA,MG,202506,3145425,0206020031,25.0,3410.25
SIA,MG,202506,7114982,0206030010,0.0,0.0
SIA,MG,202506,2124300,0206020023,5.0,433.75
SIA,MG,202506,2841622,0206010079,12.0,1169.28
SIA,MG,202506,2204762,0206010079,124.0,12082.56
SIA,MG,202506,2129566,0211020010,25.0,18251.0
SIA,MG,202506,6511805,0206010010,2.0,368.54
SIA,MG,202506,6511805,0206030010,24.0,4445.28
SIA,MG,202506,6511805,0206010028,13.0,2395.51
SIA,MG,202506,6892256,0206020031,39.0,5319.99
SIA,MG,202506,2144298,0206010036,16.0,1388.16
SIA,MG,202506,9650105,0206010044,81.0,7026.75
SIA,MG,202506,9650105,0206010079,329.0,32057.76
SIA,MG,202506,2726726,0206010044,32.0,2776.0
SIA,MG,202506,6629725,0206020031,25.0,6500.0
SIA,MG,202506,0979538,0206030010,18.0,2495.34
SIA,MG,202506,6618774,0206010079,162.0,15785.28
SIA,MG,202506,9681752,0211020010,26.0,18981.04
SIA,MG,202506,6340059,0206010028,3.0,303.3
SIA,MG,202506,2148293,0206010079,93.0,9061.92
SIA,MG,202506,2204622,0206010036,11.0,954.36
SIA,MG,202506,2144638,0206030010,20.0,2772.6
SIA,MG,202506,6959415,0206010052,0.0,0.0
SIA,MG,202506,2117134,0206010079,55.0,5359.2
SIA,MG,202506,2099454,0206020031,25.0,3410.25
SIA,MG,202506,2161354,0206010028,33.0,3336.3
SIA,MG,202506,2111640,0206030010,122.0,16912.86
SIA,MG,202506,7595247,0208010025,0.0,0.0
SIA,MG,202506,9079882,0211020036,117.0,602.55
SIA,MG,202506,2101777,0206010079,219.0,21339.36
SIA,MG,202506,2111640,0206030037,133.0,18437.79
SIA,MG,202506,2206382,0206030037,123.0,17051.49
SIA,MG,202506,2206382,0206010028,14.0,1415.4
SIA,MG,202506,5796601,0206010010,4.0,347.04
SIA,MG,202506,2127989,0206010028,98.0,9907.8
SIA,MG,202506,3437396,0211020036,142.0,659.2
SIA,MG,202506,2208644,0211020036,33.0,169.95
SIA,MG,202506,6790151,0206010010,6.0,520.56
SIA,MG,202506,2140942,0211020036,25.0,128.75
SIA,MG,202506,2726726,0206030010,36.0,4990.68
SIA,MG,202506,2726726,0211020036,83.0,427.45
SIA,MG,202506,3012840,0211020036,138.0,710.7
SIA,MG,202506,2183455,0211020060,24.0,720.0
SIA,MG,202506,2118246,0206030037,46.0,6376.98
SIA,MG,202506,7387377,0206010079,18.0,5063.4
SIA,MG,202506,7962088,0206020015,7.0,607.25
SIA,MG,202506,6790151,0206030029,39.0,3383.25
SIA,MG,202506,3960668,0206010010,6.0,520.56
SIA,MG,202506,2143992,0206020031,9.0,1227.69
SIA,MG,202506,2796619,0206020031,69.0,9412.29
SIA,MG,202506,7595247,0206010079,0.0,0.0
SIA,MG,202506,3376478,0206010079,29.0,2825.76
SIA,MG,202506,9419977,0206010044,7.0,607.25
SIA,MG,202506,2110075,0208010033,35.0,13407.45
SIA,MG,202506,2191164,0206010079,61.0,5943.84
SIA,MG,202506,2178559,0206010079,14.0,1364.16
SIA,MG,202506,2173565,0206030029,4.0,347.0
SIA,MG,202506,6959415,0206010044,0.0,0.0
SIA,MG,202506,2117134,0206010052,1.0,86.75
SIA,MG,202506,5796601,0208010025,5.0,2042.6
SIA,MG,202506,2194937,0206010044,4.0,347.0
SIA,MG,202506,2098911,0211020036,409.0,2106.35
SIA,MG,202506,2215586,0206020031,94.0,12822.54
SIA,MG,202506,6631487,0206020031,53.0,10600.0
SIA,MG,202506,2118513,0206030029,2.0,173.5
SIA,MG,202506,3698548,0206010044,35.0,3036.25
SIA,MG,202506,2161354,0206010010,100.0,8676.0
SIA,MG,202506,2173565,0206010079,12.0,1169.28
SIA,MG,202506,2762633,0211020036,105.0,540.75
SIA,MG,202506,2796449,0206010010,2.0,368.54
SIA,MG,202506,5796601,0211020036,35.0,180.25
SIA,MG,202506,2100681,0206030037,39.0,5406.57
SIA,MG,202506,2218690,0206020031,41.0,5592.81
SIA,MG,202506,2191512,0211020036,1203.0,4135.45
SIA,MG,202506,2191512,0902010018,459.0,59670.0
SIA,MG,202506,2171988,0206020031,51.0,6956.91
SIA,MG,202506,2760681,0206010079,7.0,682.08
SIA,MG,202506,2760681,0211020036,20.0,103.0
SIA,MG,202506,7595247,0206010010,0.0,0.0
SIA,MG,202506,2796619,0206030010,64.0,8872.32
SIA,MG,202506,2128020,0211020036,82.0,422.3
SIA,MG,202506,9650105,0902010026,43.0,8600.0
SIA,MG,202506,9650105,0902010018,6.0,780.0
SIA,MG,202506,2143801,0206010079,27.0,2630.88
SIA,MG,202506,2761203,0206010079,10.0,974.4
SIA,MG,202506,7609868,0206010079,64.0,6236.16
SIA,MG,202506,3145425,0206010079,4.0,389.76
SIA,MG,202506,6959415,0206010010,0.0,0.0
SIA,MG,202506,2760436,0206010028,2.0,202.2
SIA,MG,202506,2136937,0206010079,23.0,2241.12
SIA,MG,202506,2144638,0206010010,1.0,86.76
SIA,MG,202506,2142139,0211020036,61.0,314.15
SIA,MG,202506,9344330,0206010044,6.0,520.5
SIA,MG,202506,2205734,0206010028,2.0,202.2
SIA,MG,202506,2144530,0206010079,64.0,6236.16
SIA,MG,202506,2726726,0206020015,10.0,867.5
SIA,MG,202506,2200473,0206010010,32.0,2776.32
SIA,MG,202506,2194937,0206010079,8.0,779.52
SIA,MG,202506,6263755,0211020036,76.0,391.4
SIA,MG,202506,2171945,0206010052,55.0,4771.25
SIA,MG,202506,2204649,0206010079,88.0,8574.72
SIA,MG,202506,2100681,0206020023,4.0,347.0
SIA,MG,202506,2098539,0206010044,14.0,1214.5
SIA,MG,202506,2168553,0206010044,12.0,3600.0
SIA,MG,202506,2148293,0206020015,8.0,694.0
SIA,MG,202506,9944338,0211020036,63.0,324.45
SIA,MG,202506,0979538,0208010033,38.0,14556.66
SIA,MG,202506,7802951,0211020036,55.0,283.25
SIA,MG,202506,0196347,0206030037,30.0,8439.0
SIA,MG,202506,2206064,0206010044,14.0,1214.5
SIA,MG,202506,2218690,0206030037,53.0,7347.39
SIA,MG,202506,7903782,0211020036,39.0,200.85
SIA,MG,202506,3698548,0206010028,21.0,2123.1
SIA,MG,202506,9650105,0206010028,67.0,6773.7
SIA,MG,202506,7595247,0206010028,0.0,0.0
SIA,MG,202506,7804121,0211020036,18.0,0.0
SIA,MG,202506,2099497,0206030010,0.0,0.0
SIA,MG,202506,2171945,0206010044,10.0,867.5
SIA,MG,202506,2098938,0211020010,54.0,39422.16
SIA,MG,202506,2206382,0211020010,37.0,27011.48
SIA,MG,202506,2098407,0206030037,18.0,2495.34
SIA,MG,202506,4042107,0211020010,6.0,4380.24
SIA,MG,202506,2206382,0206030010,122.0,16912.86
SIA,MG,202506,2215268,0211020036,201.0,1035.15
SIA,MG,202506,7892861,0211020060,48.0,4800.0
SIA,MG,202506,0979538,0206010036,4.0,347.04
SIA,MG,202506,9650105,0206020015,27.0,2342.25
SIA,MG,202506,2179237,0211020036,21.0,108.15
SIA,MG,202506,2172259,0206010036,10.0,964.4
SIA,MG,202506,9685227,0211020036,51.0,262.65
SIA,MG,202506,6275621,0211020060,5.0,150.0
SIA,MG,202506,2794225,0211020036,49.0,252.35
SIA,MG,202506,6311709,0206010044,0.0,0.0
SIA,MG,202506,2201879,0206030037,37.0,9620.0
SIA,MG,202506,9344330,0206010052,1.0,86.75
SIA,MG,202506,2172887,0206030010,12.0,1663.56
SIA,MG,202506,2098849,0211020036,1.0,5.15
SIA,MG,202506,2161354,0206010036,93.0,8068.68
SIA,MG,202506,2185520,0211020060,12.0,360.0
SIA,MG,202506,2110075,0208010025,35.0,14298.2
SIA,MG,202506,2124300,0206010028,7.0,707.7
SIA,MG,202506,9368221,0206010052,0.0,0.0
SIA,MG,202506,7691807,0206010079,23.0,2241.12
SIA,MG,202506,2102765,0206030010,3.0,415.89
SIA,MG,202506,2164280,0206010079,1.0,97.44
SIA,MG,202506,2178559,0211020036,3.0,15.45
SIA,MG,202506,6629725,0206030037,42.0,10920.0
SIA,MG,202506,2796449,0206030037,14.0,2579.78
SIA,MG,202506,2140217,0206010044,11.0,954.25
SIA,MG,202506,2173166,0206010044,11.0,1908.5
SIA,MG,202506,2173166,0206030010,35.0,9704.1
SIA,MG,202506,2192128,0206010044,7.0,607.25
SIA,MG,202506,2098938,0206010044,13.0,1127.75
SIA,MG,202506,2195437,0211020036,259.0,1333.85
SIA,MG,202506,2129469,0206010052,22.0,1908.5
SIA,MG,202506,2129469,0206020015,4.0,347.0
SIA,MG,202506,6776434,0206020015,0.0,0.0
SIA,MG,202506,2726726,0206030029,6.0,520.5
SIA,MG,202506,2144611,0211020036,42.0,216.3
SIA,MG,202506,2138875,0206020031,7.0,954.87
SIA,MG,202506,2135914,0211020036,23.0,118.45
SIA,MG,202506,2179016,0211020036,87.0,448.05
SIA,MG,202506,2098911,0206010044,14.0,1214.5
SIA,MG,202506,2108933,0211020036,35.0,180.25
SIA,MG,202506,2208857,0206030037,14.0,1940.82
SIA,MG,202506,2205327,0211020036,36.0,185.4
SIA,MG,202506,2764245,0211020036,194.0,999.1
SIA,MG,202506,2218690,0206010079,42.0,4092.48
SIA,MG,202506,3498441,0206010028,5.0,505.5
SIA,MG,202506,2760436,0206030037,1.0,138.63
SIA,MG,202506,2138875,0206010044,9.0,780.75
SIA,MG,202506,3376478,0206010044,6.0,520.5
SIA,MG,202506,6862098,0211020060,9.0,270.0
SIA,MG,202506,7637985,0211020036,15.0,77.25
SIA,MG,202506,2126494,0206020015,24.0,2082.0
SIA,MG,202506,2146525,0206030037,47.0,6515.61
SIA,MG,202506,2215586,0206010079,10.0,974.4
SIA,MG,202506,0979538,0206010052,2.0,173.5
SIA,MG,202506,7082886,0206020031,43.0,12095.9
SIA,MG,202506,2129469,0206010010,17.0,1474.92
SIA,MG,202506,2126494,0211020036,772.0,3975.8
SIA,MG,202506,2119420,0206010036,5.0,433.8
SIA,MG,202506,9344330,0206010028,7.0,707.7
SIA,MG,202506,7258992,0211020060,57.0,1710.0
SIA,MG,202506,2139200,0206010079,95.0,10980.1
SIA,MG,202506,2140217,0206030037,40.0,5545.2
SIA,MG,202506,0828114,0206030010,41.0,5683.83
SIA,MG,202506,2173565,0206010010,10.0,867.6
SIA,MG,202506,2173565,0206020031,13.0,1773.33
SIA,MG,202506,2855682,0211020036,80.0,412.0
SIA,MG,202506,2100681,0206020031,20.0,2728.2
SIA,MG,202506,3960668,0208010033,3.0,1149.21
SIA,MG,202506,2140098,0206010079,7.0,682.08
SIA,MG,202506,2206064,0206010010,10.0,867.6
SIA,MG,202506,2103710,0211020036,52.0,267.8
SIA,MG,202506,2122650,0206030010,23.0,3188.49
SIA,MG,202506,0196347,0206030010,34.0,9564.2
SIA,MG,202506,2168707,0211020036,193.0,993.95
SIA,MG,202506,7595247,0206020015,0.0,0.0
SIA,MG,202506,0981400,0206010028,25.0,2527.5
SIA,MG,202506,4042085,0211020010,22.0,16060.88
SIA,MG,202506,9388354,0208010025,12.0,4902.24
SIA,MG,202506,2115107,0211020036,40.0,206.0
SIA,MG,202506,5973163,0211020036,60.0,309.0
SIA,MG,202506,2109034,0206020031,2.0,518.34
SIA,MG,202506,5922313,0211020036,120.0,618.0
SIA,MG,202506,3498441,0206020031,19.0,2591.79
SIA,MG,202506,2143992,0206030029,5.0,433.75
SIA,MG,202506,2118513,0206010079,34.0,3312.96
SIA,MG,202506,6085121,0206030010,18.0,4990.68
SIA,MG,202506,6776434,0206030029,0.0,0.0
SIA,MG,202506,2119447,0211020036,110.0,566.5
SIA,MG,202506,2112140,0206010044,3.0,260.25
SIA,MG,202506,2761092,0206010028,8.0,808.8
SIA,MG,202506,5796601,0208010033,5.0,1915.35
SIA,MG,202506,2169509,0211020036,32.0,164.8
SIA,MG,202506,3050378,0206010028,6.0,606.6
SIA,MG,202506,4667131,0211020036,16.0,82.4
SIA,MG,202506,2149788,0211020036,1.0,5.15
SIA,MG,202506,2191512,0206010028,5.0,0.0
SIA,MG,202506,2201542,0206020031,24.0,3273.84
SIA,MG,202506,2796449,0206020031,2.0,368.54
SIA,MG,202506,9483144,0211020036,25.0,128.75
SIA,MG,202506,0979538,0206020023,13.0,1127.75
SIA,MG,202506,2119420,0206030037,25.0,3465.75
SIA,MG,202506,2760657,0206010079,15.0,1461.6
SIA,MG,202506,6618774,0206020023,10.0,867.5
SIA,MG,202506,2194937,0206020031,12.0,1636.92
SIA,MG,202506,2794381,0211020036,76.0,391.4
SIA,MG,202506,0873217,0211020060,10.0,300.0
SIA,MG,202506,8000956,0211020036,448.0,2307.2
SIA,MG,202506,7691807,0206010010,7.0,607.32
SIA,MG,202506,2199793,0211020036,50.0,257.5
SIA,MG,202506,2140098,0211020036,195.0,1004.25
SIA,MG,202506,2209195,0206010036,5.0,433.8
SIA,MG,202506,2140217,0206010079,64.0,6236.16
SIA,MG,202506,2764776,0211020036,100.0,515.0
SIA,MG,202506,2796392,0206020031,12.0,1636.92
SIA,MG,202506,2162601,0211020036,60.0,309.0
SIA,MG,202506,6918158,0211020036,2.0,10.3
SIA,MG,202506,9650105,0902010034,18.0,4860.0
SIA,MG,202506,2138875,0211020036,11.0,56.65
SIA,MG,202506,6448526,0208010025,8.0,3268.16
SIA,MG,202506,6959415,0206010028,0.0,0.0
SIA,MG,202506,2099926,0211020036,90.0,463.5
SIA,MG,202506,2120119,0211020036,22.0,113.3
SIA,MG,202506,2120127,0211020036,15.0,77.25
SIA,MG,202506,2144530,0206010010,5.0,433.8
SIA,MG,202506,2098407,0206020023,3.0,260.25
SIA,MG,202506,7691807,0206030037,1.0,138.63
SIA,MG,202506,2168553,0206030010,33.0,4574.79
SIA,MG,202506,2761203,0206010044,1.0,86.75
SIA,MG,202506,2122650,0206030037,6.0,831.78
SIA,MG,202506,0828114,0206010052,3.0,260.25
SIA,MG,202506,7408331,0211020036,31.0,159.65
SIA,MG,202506,2156792,0211020036,107.0,551.05
SIA,MG,202506,2102404,0211020036,71.0,365.65
SIA,MG,202506,9650105,0211020060,20.0,60.0
SIA,MG,202506,2144530,0206030029,3.0,260.25
SIA,MG,202506,7609868,0206030029,5.0,433.75
SIA,MG,202506,2143992,0206010079,36.0,3507.84
SIA,MG,202506,2136937,0211020036,1.0,5.15
SIA,MG,202506,2171945,0206010028,8.0,808.8
SIA,MG,202506,2171678,0206010044,13.0,1127.75
SIA,MG,202506,2200481,0211020036,214.0,1102.1
SIA,MG,202506,2206269,0211020036,10.0,51.5
SIA,MG,202506,2098326,0211020036,33.0,169.95
SIA,MG,202506,6006361,0206010079,0.0,0.0
SIA,MG,202506,2117568,0206030010,6.0,831.78
SIA,MG,202506,3960668,0208010025,3.0,1225.56
SIA,MG,202506,4042107,0211020060,9.0,270.0
SIA,MG,202506,2126990,0211020036,109.0,561.35
SIA,MG,202506,2147572,0211020036,14.0,72.1
SIA,MG,202506,2140179,0211020036,74.0,381.1
SIA,MG,202506,2181029,0211020036,207.0,1066.05
SIA,MG,202506,9650105,0206020031,284.0,38740.44
SIA,MG,202506,7595247,0206030037,0.0,0.0
SIA,MG,202506,2208822,0211020036,350.0,1802.5
SIA,MG,202506,9673717,0206010079,0.0,0.0
SIA,MG,202506,2195453,0206020031,585.0,79799.85
SIA,MG,202506,6920977,0206030037,291.0,40341.33
SIA,MG,202506,9673717,0211020060,0.0,0.0
SIA,MG,202506,7413572,0211020036,151.0,777.65
SIA,MG,202506,2204649,0902010018,32.0,4160.0
SIA,MG,202506,6959415,0206030037,0.0,0.0
SIA,MG,202506,2796392,0206030010,27.0,3743.01
SIA,MG,202506,2218690,0206030010,59.0,8179.17
SIA,MG,202506,6790151,0206010028,19.0,1920.9
SIA,MG,202506,2126494,0206020031,166.0,22644.06
SIA,MG,202506,2171988,0206010052,5.0,433.75
SIA,MG,202506,2796449,0211020036,252.0,1297.8
SIA,MG,202506,2796449,0206010079,51.0,9397.77
SIA,MG,202506,2764776,0206030010,17.0,2356.71
SIA,MG,202506,6214371,0206030010,0.0,0.0
SIA,MG,202506,0265373,0208010025,9.0,3676.68
SIA,MG,202506,7962088,0206020031,121.0,16505.61
SIA,MG,202506,6340059,0206030037,9.0,1247.67
SIA,MG,202506,9681752,0206030037,16.0,2218.08
SIA,MG,202506,7609868,0206030010,2.0,277.26
SIA,MG,202506,6920977,0206010079,351.0,34201.44
SIA,MG,202506,2161354,0206030037,192.0,26616.96
SIA,MG,202506,2140217,0206020031,16.0,2182.56
SIA,MG,202506,7076886,0211020036,520.0,2678.0
SIA,MG,202506,2098539,0206020031,94.0,12822.54
SIA,MG,202506,2124300,0211020036,327.0,1684.05
SIA,MG,202506,2124300,0206030037,117.0,16219.71
SIA,MG,202506,2098911,0206030037,56.0,7763.28
SIA,MG,202506,2159252,0206010044,39.0,3383.25
SIA,MG,202506,2098539,0206030010,79.0,10951.77
SIA,MG,202506,2209195,0206020031,99.0,13504.59
SIA,MG,202506,9368221,0206010079,0.0,0.0
SIA,MG,202506,2149419,0211020036,160.0,824.0
SIA,MG,202506,2149141,0211020036,60.0,309.0
SIA,MG,202506,2204649,0206030037,25.0,3465.75
SIA,MG,202506,2098911,0206010079,117.0,11400.48
SIA,MG,202506,6442560,0206020031,30.0,4092.3
SIA,MG,202506,2198061,0211020036,353.0,1817.95
SIA,MG,202506,2726726,0206020031,34.0,4637.94
SIA,MG,202506,6631487,0206010010,176.0,35200.0
SIA,MG,202506,2159252,0206020031,290.0,39558.9
SIA,MG,202506,9274200,0208010033,17.0,6512.19
SIA,MG,202506,2098911,0206010028,29.0,2931.9
SIA,MG,202506,2709848,0211020036,244.0,1256.6
SIA,MG,202506,2101777,0206010028,96.0,9705.6
SIA,MG,202506,2168650,0211020036,335.0,1725.25
SIA,MG,202506,2208067,0211020036,23.0,118.45
SIA,MG,202506,2796562,0206010028,2.0,202.2
SIA,MG,202506,2143992,0206030010,10.0,1386.3
SIA,MG,202506,2200473,0206010028,27.0,2729.7
SIA,MG,202506,9650105,0206020023,22.0,1908.5
SIA,MG,202506,2172259,0206010010,31.0,2689.56
SIA,MG,202506,2760738,0211020036,22.0,113.3
SIA,MG,202506,2099454,0206010044,8.0,694.0
SIA,MG,202506,9563105,0206030037,11.0,3388.0
SIA,MG,202506,7795203,0211020060,0.0,0.0
SIA,MG,202506,7076711,0211020036,47.0,242.05
SIA,MG,202506,2144174,0211020036,60.0,309.0
SIA,MG,202506,2173565,0206030037,14.0,1940.82
SIA,MG,202506,7595247,0208010033,0.0,0.0
SIA,MG,202506,2205939,0206030029,14.0,1214.5
SIA,MG,202506,2205939,0206010079,121.0,11790.24
SIA,MG,202506,7741464,0206030037,5.0,693.15
SIA,MG,202506,7082886,0206030029,5.0,1406.5
SIA,MG,202506,2146525,0206010044,17.0,1474.75
SIA,MG,202506,2215586,0206030010,91.0,12615.33
SIA,MG,202506,2209195,0206010028,10.0,1011.0
SIA,MG,202506,2172887,0206010044,6.0,520.5
SIA,MG,202506,2206447,0206030010,1.0,138.63
SIA,MG,202506,2760657,0206030037,40.0,5545.2
SIA,MG,202506,9673717,0206010036,0.0,0.0
SIA,MG,202506,2128047,0206010044,13.0,1127.75
SIA,MG,202506,2761262,0211020036,85.0,437.75
SIA,MG,202506,2195437,0206030010,175.0,24260.25
SIA,MG,202506,2775956,0211020036,143.0,736.45
SIA,MG,202506,2764776,0206030037,19.0,2633.97
SIA,MG,202506,2122219,0211020036,30.0,154.5
SIA,MG,202506,9681752,0206030010,17.0,2356.71
SIA,MG,202506,6631487,0211020060,14.0,1960.0
SIA,MG,202506,2178559,0206030037,2.0,277.26
SIA,MG,202506,2205939,0206030037,40.0,5545.2
SIA,MG,202506,2126494,0206010028,38.0,3841.8
SIA,MG,202506,6629725,0206010079,39.0,8385.0
SIA,MG,202506,9650105,0211020010,41.0,29931.64
SIA,MG,202506,2760703,0211020036,91.0,468.65
SIA,MG,202506,2118513,0206010028,3.0,303.3
SIA,MG,202506,2146525,0211020036,24.0,123.6
SIA,MG,202506,2100754,0206010028,2.0,202.2
SIA,MG,202506,2098539,0206010052,4.0,347.0
SIA,MG,202506,2794268,0211020036,15.0,77.25
SIA,MG,202506,9155112,0211020036,43.0,221.45
SIA,MG,202506,2209195,0206030037,94.0,13031.22
SIA,MG,202506,2098938,0208010025,24.0,9804.48
SIA,MG,202506,6006361,0206030010,0.0,0.0
SIA,MG,202506,2118246,0206020031,28.0,3819.48
SIA,MG,202506,2204630,0211020036,214.0,1102.1
SIA,MG,202506,6631487,0206020015,7.0,1400.0
SIA,MG,202506,6511805,0206010079,58.0,10687.66
SIA,MG,202506,6892256,0206010028,9.0,909.9
SIA,MG,202506,2192128,0206010028,4.0,404.4
SIA,MG,202506,2148870,0211020036,65.0,334.75
SIA,MG,202506,2167670,0211020036,21.0,108.15
SIA,MG,202506,7082886,0206010028,4.0,1125.2
SIA,MG,202506,2102056,0211020036,60.0,309.0
SIA,MG,202506,7959079,0211020036,263.0,1354.45
SIA,MG,202506,2161354,0206010052,7.0,607.25
SIA,MG,202506,2204649,0206030029,5.0,433.75
SIA,MG,202506,7795203,0206010028,0.0,0.0
SIA,MG,202506,2764814,0206010044,9.0,780.75
SIA,MG,202506,7082886,0206010044,6.0,1687.8
SIA,MG,202506,2099152,0211020036,165.0,849.75
SIA,MG,202506,2764814,0206020031,40.0,5456.4
SIA,MG,202506,3996360,0211020036,34.0,175.1
SIA,MG,202506,2168553,0206020031,12.0,1636.92
SIA,MG,202506,6920977,0206030029,13.0,1127.75
SIA,MG,202506,2194953,0211020036,15.0,77.25
SIA,MG,202506,4085205,0211020060,30.0,900.0
SIA,MG,202506,3437396,0902010018,14.0,1820.0
SIA,MG,202506,2195453,0206010095,7.0,14750.54
SIA,MG,202506,2202352,0211020036,74.0,381.1
SIA,MG,202506,7804121,0902010018,18.0,2340.0
SIA,MG,202506,0981400,0206020023,4.0,347.0
SIA,MG,202506,2111640,0206010028,1.0,101.1
SIA,MG,202506,7101406,0206020031,5.0,682.05
SIA,MG,202506,6892256,0206030010,38.0,5267.94
SIA,MG,202506,2182793,0211020036,135.0,695.25
SIA,MG,202506,2127725,0211020036,488.0,2513.2
SIA,MG,202506,6340059,0206030029,6.0,520.5
SIA,MG,202506,2204762,0206010010,1.0,86.76
SIA,MG,202506,2138875,0206010028,4.0,404.4
SIA,MG,202506,2173565,0206010028,29.0,2931.9
SIA,MG,202506,9650105,0208010033,5.0,766.14
SIA,MG,202506,9650105,0208010025,5.0,817.04
SIA,MG,202506,2145588,0206030010,30.0,4158.9
SIA,MG,202506,0828114,0206030037,26.0,3604.38
SIA,MG,202506,9650105,0902010050,3.0,2520.0
SIA,MG,202506,0979538,0206010028,19.0,1920.9
SIA,MG,202506,2168650,0206010010,5.0,433.8
SIA,MG,202506,2164280,0206030037,6.0,831.78
SIA,MG,202506,2756749,0206010010,14.0,1214.64
SIA,MG,202506,0981400,0206030010,14.0,1940.82
SIA,MG,202506,2119420,0206010044,3.0,260.25
SIA,MG,202506,2195437,0211020060,4.0,516.0
SIA,MG,202506,2140217,0206030029,8.0,694.0
SIA,MG,202506,2143801,0206010010,7.0,607.32
SIA,MG,202506,2166364,0211020036,44.0,226.6
SIA,MG,202506,2142376,0206020015,2.0,173.5
SIA,MG,202506,2100681,0206010052,1.0,86.75
SIA,MG,202506,4377370,0211020036,1906.0,9815.9
SIA,MG,202506,2134268,0211020036,63.0,324.45
SIA,MG,202506,2173565,0206020023,1.0,86.75
SIA,MG,202506,2159252,0208010033,21.0,8044.47
SIA,MG,202506,6569803,0211020036,155.0,798.25
SIA,MG,202506,9563105,0206010079,25.0,6250.0
SIA,MG,202506,7387377,0206030037,6.0,1687.8
SIA,MG,202506,7387377,0206010052,1.0,281.3
SIA,MG,202506,2760436,0206010079,11.0,1071.84
SIA,MG,202506,2148293,0206010036,8.0,694.08
SIA,MG,202506,2191512,0206030037,1.0,0.0
SIA,MG,202506,2191512,0206010010,1.0,0.0
SIA,MG,202506,2099152,0206010079,24.0,4339.44
SIA,MG,202506,2140217,0206010010,6.0,520.56
SIA,MG,202506,2119528,0206010044,13.0,1127.75
SIA,MG,202506,2178494,0211020036,236.0,1215.4
SIA,MG,202506,2098911,0206020023,2.0,173.5
SIA,MG,202506,2144530,0206020031,4.0,545.64
SIA,MG,202506,6311709,0206010028,0.0,0.0
SIA,MG,202506,2100215,0211020036,180.0,927.0
SIA,MG,202506,3960668,0206020023,1.0,86.75
SIA,MG,202506,2171988,0206030029,9.0,780.75
SIA,MG,202506,2204649,0206010010,8.0,694.08
SIA,MG,202506,2118246,0206020015,3.0,260.25
SIA,MG,202506,2135132,0206010044,6.0,520.5
SIA,MG,202506,2098938,0206010036,2.0,173.52
SIA,MG,202506,2099152,0206020031,19.0,4924.23
SIA,MG,202506,7038216,0206020023,2.0,173.5
SIA,MG,202506,2205106,0211020036,30.0,154.5
SIA,MG,202506,2841622,0206010028,3.0,303.3
SIA,MG,202506,7469144,0211020036,692.0,3563.8
SIA,MG,202506,2110075,0206010052,1.0,86.75
SIA,MG,202506,2201879,0206010079,46.0,9890.0
SIA,MG,202506,6631487,0206010044,12.0,2400.0
SIA,MG,202506,2109034,0206010079,5.0,904.05
SIA,MG,202506,2213192,0211020036,3.0,15.45
SIA,MG,202506,6618774,0206010036,6.0,520.56
SIA,MG,202506,2123061,0211020036,35.0,180.25
SIA,MG,202506,7266960,0211020060,2.0,60.0
SIA,MG,202506,2159368,0208010033,9.0,3447.63
SIA,MG,202506,2105365,0211020036,650.0,3347.5
SIA,MG,202506,2143992,0206010028,18.0,1819.8
SIA,MG,202506,2144026,0206010079,29.0,2825.76
SIA,MG,202506,2127989,0211020060,4.0,120.0
SIA,MG,202506,2112140,0206010010,22.0,1908.72
SIA,MG,202506,2183455,0206010044,2.0,173.5
SIA,MG,202506,2148005,0211020036,166.0,854.9
SIA,MG,202506,2117134,0206010044,4.0,347.0
SIA,MG,202506,2098407,0206010028,2.0,202.2
SIA,MG,202506,2127989,0206010052,53.0,4597.75
SIA,MG,202506,2104032,0211020036,40.0,206.0
SIA,MG,202506,7038216,0206030010,29.0,4020.27
SIA,MG,202506,2119528,0206010036,9.0,780.84
SIA,MG,202506,2156458,0211020036,159.0,818.85
SIA,MG,202506,2139200,0206020031,22.0,3539.36
SIA,MG,202506,2168650,0206020015,4.0,347.0
SIA,MG,202506,2111659,0206010079,16.0,1559.04
SIA,MG,202506,2098539,0211020036,371.0,1910.65
SIA,MG,202506,9563105,0206010052,1.0,86.75
SIA,MG,202506,2117177,0211020036,70.0,360.5
SIA,MG,202506,2112140,0206020023,3.0,260.25
SIA,MG,202506,2098911,0206020015,9.0,780.75
SIA,MG,202506,6790151,0206010044,16.0,1388.0
SIA,MG,202506,2144638,0206010044,4.0,347.0
SIA,MG,202506,2179172,0211020036,70.0,360.5
SIA,MG,202506,2133814,0211020036,34.0,175.1
SIA,MG,202506,2148471,0211020036,69.0,355.35
SIA,MG,202506,2102765,0206030029,3.0,260.25
SIA,MG,202506,6966640,0208010033,20.0,7661.4
SIA,MG,202506,7038216,0206010036,5.0,433.8
SIA,MG,202506,2120496,0211020036,6.0,30.9
SIA,MG,202506,2194635,0211020036,17.0,87.55
SIA,MG,202506,2105446,0211020036,28.0,144.2
SIA,MG,202506,2118513,0206010044,7.0,607.25
SIA,MG,202506,7387377,0206030010,5.0,1406.5
SIA,MG,202506,2098407,0206010079,30.0,2923.2
SIA,MG,202506,2159252,0206010079,42.0,4092.48
SIA,MG,202506,2193000,0211020036,27.0,139.05
SIA,MG,202506,2183803,0206010079,7.0,682.08
SIA,MG,202506,7595247,0206010052,0.0,0.0
SIA,MG,202506,2761106,0211020036,76.0,391.4
SIA,MG,202506,2117207,0211020036,117.0,602.55
SIA,MG,202506,3145425,0206010052,12.0,1041.0
SIA,MG,202506,9228713,0211020060,3.0,90.0
SIA,MG,202506,2145774,0211020036,100.0,515.0
SIA,MG,202506,2120089,0211020036,11.0,56.65
SIA,MG,202506,2120097,0211020036,30.0,154.5
SIA,MG,202506,4042085,0211020060,30.0,900.0
SIA,MG,202506,2760967,0211020036,91.0,468.65
SIA,MG,202506,2144298,0206010028,6.0,606.6
SIA,MG,202506,2126826,0211020036,16.0,82.4
SIA,MG,202506,2796562,0206010052,2.0,173.5
SIA,MG,202506,2139146,0211020036,2.0,10.3
SIA,MG,202506,6272150,0211020060,15.0,450.0
SIA,MG,202506,6697054,0206010028,2.0,202.2
SIA,MG,202506,3698548,0206010010,28.0,2429.28
SIA,MG,202506,2760681,0206010028,2.0,202.2
SIA,MG,202506,2100681,0206010036,3.0,260.28
SIA,MG,202506,2099195,0211020036,43.0,221.45
SIA,MG,202506,6776434,0206010052,0.0,0.0
SIA,MG,202506,2210339,0211020036,180.0,927.0
SIA,MG,202506,2099616,0211020036,113.0,581.95
SIA,MG,202506,2793784,0211020036,78.0,401.7
SIA,MG,202506,2129469,0206010028,8.0,808.8
SIA,MG,202506,2144654,0211020036,49.0,252.35
SIA,MG,202506,2202883,0211020036,5.0,25.75
SIA,MG,202506,2204649,0206010052,2.0,173.5
SIA,MG,202506,2129566,0211020060,6.0,180.0
SIA,MG,202506,2098938,0206010028,5.0,505.5
SIA,MG,202506,2194937,0206010028,6.0,606.6
SIA,MG,202506,2172259,0206010028,12.0,1213.2
SIA,MG,202506,2173565,0206010036,2.0,173.52
SIA,MG,202506,2201879,0208010033,1.0,630.0
SIA,MG,202506,2776006,0206010079,1.0,97.44
SIA,MG,202506,2776006,0211020036,119.0,612.85
SIA,MG,202506,2764814,0206020015,9.0,780.75
SIA,MG,202506,7691807,0206030010,6.0,831.78
SIA,MG,202506,2118513,0206010010,4.0,347.04
SIA,MG,202506,2098369,0206010079,60.0,5846.4
SIA,MG,202506,7114982,0206010036,0.0,0.0
SIA,MG,202506,2726726,0206020023,2.0,173.5
SIA,MG,202506,2760657,0206010036,1.0,86.76
SIA,MG,202506,2173565,0211020036,9.0,46.35
SIA,MG,202506,2159252,0206010028,6.0,606.6
SIA,MG,202506,2142376,0211020036,6.0,30.9
SIA,MG,202506,7595247,0206010036,0.0,0.0
SIA,MG,202506,2760681,0206030037,4.0,554.52
SIA,MG,202506,2100754,0206020015,6.0,520.5
SIA,MG,202506,2168553,0206010028,2.0,202.2
SIA,MG,202506,2215586,0205010016,7.0,1155.0
SIA,MG,202506,9389539,0211020036,30.0,154.5
SIA,MG,202506,9419977,0206020015,1.0,86.75
SIA,MG,202506,9673717,0206010010,0.0,0.0
SIA,MG,202506,5147166,0211020036,290.0,1493.5
SIA,MG,202506,6323405,0211020036,258.0,1328.7
SIA,MG,202506,2127989,0208010033,50.0,19153.5
SIA,MG,202506,2761092,0206030010,316.0,43807.08
SIA,MG,202506,2142511,0211020036,8.0,41.2
SIA,MG,202506,3498441,0206030010,40.0,5545.2
SIA,MG,202506,2127989,0208010025,50.0,20426.0
SIA,MG,202506,7114982,0211020060,0.0,0.0
SIA,MG,202506,2159252,0206010036,4.0,347.04
SIA,MG,202506,6356877,0211020036,76.0,391.4
SIA,MG,202506,2195437,0206010036,18.0,1561.68
SIA,MG,202506,5473586,0206020031,0.0,0.0
SIA,MG,202506,5914469,0211020036,169.0,870.35
SIA,MG,202506,2098369,0206030010,22.0,3049.86
SIA,MG,202506,2192128,0206010036,1.0,86.76
SIA,MG,202506,7609868,0208010025,14.0,5719.28
SIA,MG,202506,4042085,0206020031,14.0,1909.74
SIA,MG,202506,9529209,0206010044,1.0,86.75
SIA,MG,202506,9368221,0206010044,0.0,0.0
SIA,MG,202506,2219719,0211020036,26.0,133.9
SIA,MG,202506,2139200,0206010010,3.0,309.66
SIA,MG,202506,2127989,0206010044,72.0,6246.0
SIA,MG,202506,9325107,0211020036,195.0,1004.25
SIA,MG,202506,2129469,0206010036,5.0,433.8
SIA,MG,202506,2143801,0206020015,4.0,347.0
SIA,MG,202506,2120100,0211020036,43.0,221.45
SIA,MG,202506,2098938,0206020015,3.0,260.25
SIA,MG,202506,2102765,0206010036,1.0,86.76
SIA,MG,202506,6892256,0206010079,117.0,11400.48
SIA,MG,202506,6511805,0206020023,3.0,552.78
SIA,MG,202506,2709848,0206030010,148.0,20517.24
SIA,MG,202506,2100754,0206010036,3.0,260.28
SIA,MG,202506,2139200,0206030037,36.0,5884.2
SIA,MG,202506,2760657,0206010052,1.0,86.75
SIA,MG,202506,5796601,0211020060,4.0,120.0
SIA,MG,202506,0196347,0206030029,1.0,281.3
SIA,MG,202506,2215586,0206010036,6.0,520.56
SIA,MG,202506,2161354,0211020036,31.0,159.65
SIA,MG,202506,2145588,0211020060,33.0,990.0
SIA,MG,202506,2105780,0206010079,172.0,16759.68
SIA,MG,202506,2163829,0206030010,29.0,4020.27
SIA,MG,202506,2709848,0206010052,5.0,433.75
SIA,MG,202506,2163829,0206030029,4.0,347.0
SIA,MG,202506,2128047,0211020060,183.0,5490.0
SIA,MG,202506,7934947,0206010079,36.0,3507.84
SIA,MG,202506,2796392,0206010028,2.0,202.2
SIA,MG,202506,7114982,0206030037,0.0,0.0
SIA,MG,202506,2119528,0206030037,41.0,5683.83
SIA,MG,202506,2119420,0206030010,28.0,3881.64
SIA,MG,202506,2119528,0206020015,3.0,260.25
SIA,MG,202506,7934947,0206010028,7.0,707.7
SIA,MG,202506,3050378,0206010044,2.0,173.5
SIA,MG,202506,6963188,0211020060,11.0,330.0
SIA,MG,202506,7101406,0206010028,3.0,303.3
SIA,MG,202506,6487556,0206020031,0.0,0.0
SIA,MG,202506,2099152,0206010036,3.0,494.49
SIA,MG,202506,2764814,0206020023,1.0,86.75
SIA,MG,202506,2120488,0211020036,154.0,793.1
SIA,MG,202506,2796562,0206010044,3.0,260.25
SIA,MG,202506,7101406,0206030010,10.0,1386.3
SIA,MG,202506,2099497,0206030037,0.0,0.0
SIA,MG,202506,9419977,0206010028,5.0,505.5
SIA,MG,202506,2205939,0206010044,11.0,954.25
SIA,MG,202506,2204622,0206030037,54.0,7486.02
SIA,MG,202506,2101777,0206010044,38.0,3296.5
SIA,MG,202506,6920977,0206010052,6.0,520.5
SIA,MG,202506,2195453,0206010010,5.0,433.8
SIA,MG,202506,2204649,0206020031,25.0,3410.25
SIA,MG,202506,2138875,0206020023,2.0,173.5
SIA,MG,202506,2144638,0206020031,3.0,409.23
SIA,MG,202506,2764776,0206010052,2.0,173.5
SIA,MG,202506,7101406,0206010079,13.0,1266.72
SIA,MG,202506,7691807,0211020036,2.0,10.3
SIA,MG,202506,7609868,0206010044,16.0,1388.0
SIA,MG,202506,5473586,0206030037,0.0,0.0
SIA,MG,202506,6920977,0206010044,32.0,2776.0
SIA,MG,202506,2208857,0211020060,2.0,60.0
SIA,MG,202506,7795203,0206020023,0.0,0.0
SIA,MG,202506,2139227,0211020036,20.0,103.0
SIA,MG,202506,2194651,0211020036,58.0,298.7
SIA,MG,202506,2144530,0206010044,8.0,694.0
SIA,MG,202506,0981400,0206010036,1.0,86.76
SIA,MG,202506,7858094,0206030010,9.0,1247.67
SIA,MG,202506,9673717,0206010028,0.0,0.0
SIA,MG,202506,3498441,0206010044,7.0,607.25
SIA,MG,202506,7052464,0208010025,1.0,408.52
SIA,MG,202506,7101406,0206030037,8.0,1109.04
SIA,MG,202506,3938654,0206020031,8.0,2320.0
SIA,MG,202506,2101777,0206030029,14.0,1214.5
SIA,MG,202506,2709848,0206010044,13.0,1127.75
SIA,MG,202506,3938654,0206010010,1.0,100.0
SIA,MG,202506,2201542,0206010028,4.0,404.4
SIA,MG,202506,7741464,0206010052,1.0,86.75
SIA,MG,202506,2120410,0211020036,3.0,15.45
SIA,MG,202506,6892256,0206020023,2.0,173.5
SIA,MG,202506,9061681,0206010044,1.0,86.75
SIA,MG,202506,7533934,0211020036,234.0,1205.1
SIA,MG,202506,2168553,0206010010,1.0,86.76
SIA,MG,202506,2119528,0206030029,1.0,86.75
SIA,MG,202506,2100754,0206030029,10.0,867.5
SIA,MG,202506,2146509,0211020036,40.0,206.0
SIA,MG,202506,2201542,0206030029,1.0,86.75
SIA,MG,202506,2118246,0206030029,1.0,86.75
SIA,MG,202506,2168553,0206010036,1.0,86.76
SIA,MG,202506,3883582,0206010079,4.0,389.76
SIA,MG,202506,2143992,0206010036,7.0,607.32
SIA,MG,202506,6093361,0206010044,2.0,173.5
SIA,MG,202506,2118092,0211020036,72.0,370.8
SIA,MG,202506,5142997,0211020036,119.0,612.85
SIA,MG,202506,2122677,0211020036,178.0,916.7
SIA,MG,202506,9529209,0206010079,1.0,97.44
SIA,MG,202506,2119420,0206020015,3.0,260.25
SIA,MG,202506,2142376,0206010028,2.0,202.2
SIA,MG,202506,2168650,0206010028,6.0,606.6
SIA,MG,202506,2761092,0211020036,142.0,731.3
SIA,MG,202506,2142376,0206010052,1.0,86.75
SIA,MG,202506,2184249,0211020036,53.0,272.95
SIA,MG,202506,6920977,0206020015,7.0,607.25
SIA,MG,202506,2760436,0206030010,6.0,831.78
SIA,MG,202506,6093361,0206020015,2.0,173.5
SIA,MG,202506,0041548,0206030037,4.0,554.52
SIA,MG,202506,7934947,0206010044,2.0,173.5
SIA,MG,202506,2201879,0211020060,6.0,330.0
SIA,MG,202506,2761106,0206030037,6.0,831.78
SIA,MG,202506,7395361,0211020036,121.0,3388.0
SIA,MG,202506,2100754,0206010079,50.0,4872.0
SIA,MG,202506,2100754,0206010044,20.0,1735.0
SIA,MG,202506,2101777,0206020031,85.0,11594.85
SIA,MG,202506,7858094,0206010010,2.0,173.52
SIA,MG,202506,6920977,0206020023,7.0,607.25
SIA,MG,202506,6827772,0211020036,77.0,396.55
SIA,MG,202506,2168650,0206030010,67.0,9288.21
SIA,MG,202506,0196347,0206010028,2.0,562.6
SIA,MG,202506,2760843,0206010079,109.0,10620.96
SIA,MG,202506,2206447,0206020023,1.0,86.75
SIA,MG,202506,2117401,0211020036,133.0,684.95
SIA,MG,202506,2211521,0206030010,0.0,0.0
SIA,MG,202506,7387377,0206010028,4.0,1125.2
SIA,MG,202506,2168340,0211020036,47.0,242.05
SIA,MG,202506,2200473,0206030010,144.0,19962.72
SIA,MG,202506,2099497,0206020015,0.0,0.0
SIA,MG,202506,9388354,0206030037,36.0,4990.68
SIA,MG,202506,6618774,0206030037,112.0,15526.56
SIA,MG,202506,6618774,0206020031,44.0,6002.04
SIA,MG,202506,6618774,0206010044,44.0,3817.0
SIA,MG,202506,2114763,0206010079,46.0,4482.24
SIA,MG,202506,2124300,0206020031,61.0,8321.01
SIA,MG,202506,9571019,0211020036,17.0,87.55
SIA,MG,202506,3698548,0206010079,239.0,23288.16
SIA,MG,202506,0873217,0211020036,43.0,221.45
SIA,MG,202506,2178656,0211020036,188.0,968.2
SIA,MG,202506,2105780,0206010010,12.0,1041.12
SIA,MG,202506,2205939,0206010036,11.0,954.36
SIA,MG,202506,2169355,0211020036,625.0,3218.75
SIA,MG,202506,2146789,0211020036,199.0,1024.85
SIA,MG,202506,3871797,0206010044,0.0,0.0
SIA,MG,202506,3498441,0206010052,1.0,86.75
SIA,MG,202506,4503333,0211020036,200.0,1030.0
SIA,MG,202506,2139154,0211020036,246.0,1266.9
SIA,MG,202506,2111640,0211020036,189.0,973.35
SIA,MG,202506,2171945,0211020036,199.0,1024.85
SIA,MG,202506,2134160,0211020036,225.0,1158.75
SIA,MG,202506,2206382,0206010044,38.0,3296.5
SIA,MG,202506,2206382,0211020036,259.0,1333.85
SIA,MG,202506,2098938,0206010079,30.0,2923.2
SIA,MG,202506,2138875,0206010079,42.0,4092.48
SIA,MG,202506,2155648,0211020036,113.0,581.95
SIA,MG,202506,0981400,0206010052,3.0,260.25
SIA,MG,202506,6629725,0206010010,1.0,240.0
SIA,MG,202506,6892256,0206020015,3.0,260.25
SIA,MG,202506,2761114,0211020036,94.0,484.1
SIA,MG,202506,9419977,0206030010,28.0,3881.64
SIA,MG,202506,2776855,0211020036,50.0,257.5
SIA,MG,202506,2105780,0206020015,6.0,520.5
SIA,MG,202506,2168553,0211020036,58.0,298.7
SIA,MG,202506,2163829,0206020023,2.0,173.5
SIA,MG,202506,2105780,0206030029,6.0,520.5
SIA,MG,202506,2122650,0211020036,219.0,1127.85
SIA,MG,202506,0979538,0208010025,38.0,15523.76
SIA,MG,202506,2155745,0211020036,151.0,777.65
SIA,MG,202506,2102021,0211020036,40.0,206.0
SIA,MG,202506,6959415,0208010033,0.0,0.0
SIA,MG,202506,2146444,0211020036,118.0,607.7
SIA,MG,202506,6959415,0208010025,0.0,0.0
SIA,MG,202506,2098539,0206010079,206.0,20072.64
SIA,MG,202506,2099713,0211020036,49.0,252.35
SIA,MG,202506,2796392,0206010010,1.0,86.76
SIA,MG,202506,7413572,0211020060,22.0,660.0
SIA,MG,202506,7795203,0206030010,0.0,0.0
SIA,MG,202506,2796392,0206030037,29.0,4020.27
SIA,MG,202506,4116879,0211020036,164.0,844.6
SIA,MG,202506,2123436,0211020036,53.0,272.95
SIA,MG,202506,2183803,0206030029,1.0,86.75
SIA,MG,202506,2760843,0206030037,44.0,6099.72
SIA,MG,202506,6340059,0206010052,1.0,86.75
SIA,MG,202506,2126494,0206030037,271.0,37568.73
SIA,MG,202506,7962088,0206030037,96.0,13308.48
SIA,MG,202506,6340059,0206010036,5.0,433.8
SIA,MG,202506,2139073,0206010044,1.0,86.75
SIA,MG,202506,2761041,0206030010,1.0,138.63
SIA,MG,202506,2761041,0208010033,22.0,8427.54
SIA,MG,202506,2172259,0206010052,1.0,96.43
SIA,MG,202506,9388354,0206010044,29.0,2515.75
SIA,MG,202506,9388354,0206020031,21.0,2864.61
SIA,MG,202506,0828114,0206020031,22.0,3001.02
SIA,MG,202506,2168707,0206030037,60.0,8317.8
SIA,MG,202506,2168707,0206010010,5.0,433.8
SIA,MG,202506,2164280,0211020036,38.0,195.7
SIA,MG,202506,3938654,0206010028,1.0,140.0
SIA,MG,202506,2163829,0206010028,5.0,505.5
SIA,MG,202506,2139960,0211020036,26.0,133.9
SIA,MG,202506,6790151,0211020036,52.0,267.8
SIA,MG,202506,2764814,0206030010,81.0,11229.03
SIA,MG,202506,2136031,0211020036,50.0,257.5
SIA,MG,202506,9544674,0206030037,0.0,0.0
SIA,MG,202506,2122901,0211020036,125.0,643.75
SIA,MG,202506,9563105,0206030029,1.0,86.75
SIA,MG,202506,7962088,0206030010,101.0,14001.63
SIA,MG,202506,6697054,0206030037,8.0,1109.04
SIA,MG,202506,2760843,0206010028,3.0,303.3
SIA,MG,202506,2194937,0206030010,16.0,2218.08
SIA,MG,202506,9563105,0206010028,15.0,1516.5
SIA,MG,202506,2168650,0206010052,3.0,260.25
SIA,MG,202506,2126494,0206030010,203.0,28141.89
SIA,MG,202506,2118246,0206030010,45.0,6238.35
SIA,MG,202506,7082886,0206010052,2.0,562.6
SIA,MG,202506,6920977,0206010036,20.0,1735.2
SIA,MG,202506,2205939,0206010052,1.0,86.75
SIA,MG,202506,3960668,0211020060,47.0,1410.0
SIA,MG,202506,2143801,0206010036,1.0,86.76
SIA,MG,202506,2148293,0206010028,12.0,1213.2
SIA,MG,202506,2171988,0211020036,449.0,2312.35
SIA,MG,202506,6631487,0206030010,80.0,16000.0
SIA,MG,202506,2103532,0211020036,64.0,329.6
SIA,MG,202506,2120070,0211020036,50.0,257.5
SIA,MG,202506,2136937,0206030037,31.0,4297.53
SIA,MG,202506,2098539,0206020015,8.0,694.0
SIA,MG,202506,2761254,0211020036,56.0,288.4
SIA,MG,202506,2109700,0211020036,68.0,350.2
SIA,MG,202506,2141817,0211020036,52.0,267.8
SIA,MG,202506,2191164,0206010010,1.0,86.76
SIA,MG,202506,2764776,0206010010,4.0,347.04
SIA,MG,202506,9681752,0206020031,13.0,1773.33
SIA,MG,202506,6340059,0206020031,26.0,3546.66
SIA,MG,202506,2195453,0208010033,25.0,9576.75
SIA,MG,202506,2168553,0206030029,2.0,173.5
SIA,MG,202506,2102765,0206010079,10.0,974.4
SIA,MG,202506,2119471,0211020036,174.0,896.1
SIA,MG,202506,2164175,0211020036,75.0,386.25
SIA,MG,202506,9344330,0206030010,133.0,18437.79
SIA,MG,202506,2763591,0211020036,9.0,46.35
SIA,MG,202506,9344330,0206030029,2.0,173.5
SIA,MG,202506,2201542,0206010052,1.0,86.75
SIA,MG,202506,2140411,0211020060,11.0,1048.41
SIA,MG,202506,9061681,0206010079,33.0,3215.52
SIA,MG,202506,2171961,0211020036,35.0,180.25
SIA,MG,202506,2760843,0206010010,4.0,347.04
SIA,MG,202506,7082886,0206010010,4.0,1125.2
SIA,MG,202506,2139200,0206010052,2.0,206.3
SIA,MG,202506,2173565,0206020015,2.0,173.5
SIA,MG,202506,2142376,0206030010,6.0,831.78
SIA,MG,202506,2122650,0206020031,28.0,3819.48
SIA,MG,202506,2168707,0206020023,3.0,260.25
SIA,MG,202506,4396995,0211020036,240.0,1236.0
SIA,MG,202506,2100142,0211020036,98.0,504.7
SIA,MG,202506,2173166,0206030029,2.0,347.0
SIA,MG,202506,6085121,0206030037,21.0,5822.46
SIA,MG,202506,2760991,0211020036,44.0,226.6
SIA,MG,202506,2136937,0206020031,6.0,818.46
SIA,MG,202506,2209195,0206020015,2.0,173.5
SIA,MG,202506,5473586,0206030029,0.0,0.0
SIA,MG,202506,2140098,0206020023,1.0,86.75
SIA,MG,202506,7410344,0211020036,207.0,1066.05
SIA,MG,202506,2200945,0211020036,145.0,746.75
SIA,MG,202506,0981400,0206010044,21.0,1821.75
SIA,MG,202506,0879592,0211020036,99.0,509.85
SIA,MG,202506,2209195,0206030029,2.0,173.5
SIA,MG,202506,2168707,0206010028,4.0,404.4
SIA,MG,202506,6790151,0208010025,4.0,1634.08
SIA,MG,202506,6892256,0206010036,1.0,86.76
SIA,MG,202506,2183455,0206030037,12.0,1663.56
SIA,MG,202506,9529209,0206030010,3.0,415.89
SIA,MG,202506,2101432,0211020036,62.0,319.3
SIA,MG,202506,2118513,0211020036,7.0,36.05
SIA,MG,202506,9228713,0206030037,2.0,277.26
SIA,MG,202506,2201488,0211020036,19.0,97.85
SIA,MG,202506,2119439,0211020036,43.0,221.45
SIA,MG,202506,2144026,0206010036,1.0,86.76
SIA,MG,202506,2213478,0211020036,39.0,200.85
SIA,MG,202506,2221985,0211020036,80.0,412.0
SIA,MG,202506,7387377,0206010044,9.0,2531.7
SIA,MG,202506,2097923,0211020036,72.0,370.8
SIA,MG,202506,2160390,0211020036,35.0,180.25
SIA,MG,202506,7609868,0206010036,1.0,86.76
SIA,MG,202506,2119420,0206010028,29.0,2931.9
SIA,MG,202506,2761092,0206010010,14.0,1214.64
SIA,MG,202506,9333754,0211020036,1.0,5.15
SIA,MG,202506,2183455,0206010028,1.0,101.1
SIA,MG,202506,2134276,0211020036,105.0,540.75
SIA,MG,202506,2136937,0206010044,2.0,173.5
SIA,MG,202506,2099721,0211020036,49.0,252.35
SIA,MG,202506,2115077,0211020036,15.0,77.25
SIA,MG,202506,2191164,0206030010,18.0,2495.34
SIA,MG,202506,2218690,0206010036,2.0,173.52
SIA,MG,202506,2127733,0211020036,2.0,10.3
SIA,MG,202506,2181401,0211020036,21.0,108.15
SIA,MG,202506,2101777,0206010052,6.0,520.5
SIA,MG,202506,2099152,0206010044,1.0,164.82
SIA,MG,202506,2145588,0206010044,7.0,607.25
SIA,MG,202506,4042085,0206010052,1.0,86.75
SIA,MG,202506,5350697,0211020036,118.0,3304.0
SIA,MG,202506,2218690,0206010044,28.0,2429.0
SIA,MG,202506,7903782,0211020060,5.0,150.0
SIA,MG,202506,2100754,0211020036,94.0,484.1
SIA,MG,202506,2215586,0206010044,1.0,86.75
SIA,MG,202506,6511805,0206030029,2.0,368.52
SIA,MG,202506,2146770,0211020036,71.0,365.65
SIA,MG,202506,2760436,0211020036,1.0,5.15
SIA,MG,202506,2140217,0206030010,39.0,5406.57
SIA,MG,202506,6697054,0211020036,3.0,15.45
SIA,MG,202506,6006361,0206010010,0.0,0.0
SIA,MG,202506,2205939,0206020015,1.0,86.75
SIA,MG,202506,3224945,0211020036,69.0,355.35
SIA,MG,202506,2100304,0211020036,129.0,664.35
SIA,MG,202506,2148293,0206010052,2.0,173.5
SIA,MG,202506,2135124,0206010079,1.0,97.44
SIA,MG,202506,2794640,0211020036,16.0,82.4
SIA,MG,202506,0846589,0211020036,139.0,715.85
SIA,MG,202506,7934947,0206020015,2.0,173.5
SIA,MG,202506,2163829,0211020036,18.0,92.7
SIA,MG,202506,7609868,0206010028,11.0,1112.1
SIA,MG,202506,2144298,0211020036,344.0,1771.6
SIA,MG,202506,2763559,0211020036,33.0,169.95
SIA,MG,202506,2163438,0211020036,302.0,1472.9
SIA,MG,202506,2112140,0206010060,2.0,194.88
SIA,MG,202506,6432654,0206030037,3.0,415.89
SIA,MG,202506,6790151,0206020015,3.0,260.25
SIA,MG,202506,2146517,0211020036,70.0,360.5
SIA,MG,202506,9673717,0206030029,0.0,0.0
SIA,MG,202506,2139944,0211020036,174.0,896.1
SIA,MG,202506,2117134,0206020015,2.0,173.5
SIA,MG,202506,2761041,0211020036,13.0,66.95
SIA,MG,202506,7061773,0211020036,3.0,15.45
SIA,MG,202506,7691807,0206020031,9.0,1227.69
SIA,MG,202506,2100363,0211020036,9.0,46.35
SIA,MG,202506,3698548,0206020015,6.0,520.5
SIA,MG,202506,2120542,0211020036,308.0,1586.2
SIA,MG,202506,9529209,0211020036,60.0,309.0
SIA,MG,202506,2127911,0211020036,45.0,231.75
SIA,MG,202506,3883582,0211020060,5.0,150.0
SIA,MG,202506,2183803,0206010044,1.0,86.75
SIA,MG,202506,2118513,0206030037,5.0,693.15
SIA,MG,202506,2201542,0206010010,1.0,86.76
SIA,MG,202506,3238431,0211020036,136.0,700.4
SIA,MG,202506,2760681,0206010044,3.0,260.25
SIA,MG,202506,2142589,0211020036,137.0,705.55
SIA,MG,202506,6487556,0208010033,0.0,0.0
SIA,MG,202506,2218690,0206010052,4.0,347.0
SIA,MG,202506,2136104,0211020036,16.0,82.4
SIA,MG,202506,3996360,0211020060,3.0,90.0
SIA,MG,202506,2172887,0211020060,10.0,300.0
SIA,MG,202506,6959415,0206020015,0.0,0.0
SIA,MG,202506,2146525,0206010028,15.0,1516.5
SIA,MG,202506,2764830,0211020036,141.0,726.15
SIA,MG,202506,2135884,0211020036,130.0,669.5
SIA,MG,202506,5473586,0211020060,0.0,0.0
SIA,MG,202506,2168707,0206010044,5.0,433.75
SIA,MG,202506,6311709,0206010036,0.0,0.0
SIA,MG,202506,2206064,0206020015,8.0,694.0
SIA,MG,202506,6442560,0206020023,1.0,86.75
SIA,MG,202506,2179628,0211020060,14.0,420.0
SIA,MG,202506,2138875,0206010010,4.0,347.04
SIA,MG,202506,2204622,0206020015,5.0,433.75
SIA,MG,202506,5796601,0206020031,14.0,1909.74
SIA,MG,202506,2121530,0211020036,41.0,211.15
SIA,MG,202506,0981400,0208010025,7.0,2859.64
SIA,MG,202506,2165643,0211020036,36.0,185.4
SIA,MG,202506,6790151,0206030037,10.0,1386.3
SIA,MG,202506,6631487,0206010028,6.0,1200.0
SIA,MG,202506,2101025,0211020036,19.0,97.85
SIA,MG,202506,2192128,0206030010,9.0,1247.67
SIA,MG,202506,2165635,0211020036,56.0,288.4
SIA,MG,202506,2129566,0206030029,3.0,260.25
SIA,MG,202506,3299074,0211020036,193.0,993.95
SIA,MG,202506,2098938,0206030029,10.0,867.5
SIA,MG,202506,2206447,0206010079,6.0,584.64
SIA,MG,202506,2140217,0206010052,3.0,260.25
SIA,MG,202506,6892256,0206030037,40.0,5545.2
SIA,MG,202506,2202441,0211020036,176.0,906.4
SIA,MG,202506,2201542,0206020023,1.0,86.75
SIA,MG,202506,2203294,0211020036,121.0,623.15
SIA,MG,202506,2785684,0206030010,9.0,2495.34
SIA,MG,202506,2195437,0206020015,4.0,347.0
SIA,MG,202506,2119528,0206010079,112.0,10913.28
SIA,MG,202506,6471226,0206020031,2.0,272.82
SIA,MG,202506,2135132,0206020031,6.0,818.46
SIA,MG,202506,7362870,0211020036,57.0,293.55
SIA,MG,202506,2129566,0206020031,8.0,1091.28
SIA,MG,202506,2129566,0211020036,25.0,128.75
SIA,MG,202506,2139200,0206010044,13.0,1340.95
SIA,MG,202506,2194937,0211020036,48.0,247.2
SIA,MG,202506,9388354,0206010028,6.0,606.6
SIA,MG,202506,2129469,0206030029,5.0,433.75
SIA,MG,202506,2139103,0211020036,43.0,221.45
SIA,MG,202506,6631487,0206010052,6.0,1200.0
SIA,MG,202506,2760681,0206020031,6.0,818.46
SIA,MG,202506,2764814,0206010028,11.0,1112.1
SIA,MG,202506,9591931,0206010079,1.0,97.44
SIA,MG,202506,2110075,0206020031,10.0,1364.1
SIA,MG,202506,2756749,0206010028,13.0,1314.3
SIA,MG,202506,9388354,0206010036,2.0,173.52
SIA,MG,202506,7114982,0206010079,0.0,0.0
SIA,MG,202506,0265373,0208010033,9.0,3447.63
SIA,MG,202506,6618774,0206010028,16.0,1617.6
SIA,MG,202506,9228713,0206020015,2.0,173.5
SIA,MG,202506,2194260,0211020036,33.0,169.95
SIA,MG,202506,2171988,0206010036,21.0,1821.96
SIA,MG,202506,2098911,0206010036,4.0,347.04
SIA,MG,202506,0041548,0206020023,1.0,86.75
SIA,MG,202506,2139073,0206010079,7.0,682.08
SIA,MG,202506,2204762,0206010052,1.0,86.75
SIA,MG,202506,6511805,0206010044,6.0,1105.56
SIA,MG,202506,3376478,0206020031,17.0,2318.97
SIA,MG,202506,2171945,0206010036,4.0,347.04
SIA,MG,202506,2149311,0211020036,112.0,576.8
SIA,MG,202506,2796619,0206010036,2.0,173.52
SIA,MG,202506,7038216,0206010044,15.0,1301.25
SIA,MG,202506,3871797,0206020031,0.0,0.0
SIA,MG,202506,2105780,0206030010,243.0,33687.09
SIA,MG,202506,2126494,0206010079,453.0,44140.32
SIA,MG,202506,2100754,0206010010,12.0,1041.12
SIA,MG,202506,2206064,0206030037,66.0,9149.58
SIA,MG,202506,6959415,0206030010,0.0,0.0
SIA,MG,202506,2161354,0206030010,178.0,24676.14
SIA,MG,202506,7609868,0206030037,34.0,4713.42
SIA,MG,202506,2206064,0206030010,62.0,8595.06
SIA,MG,202506,2127989,0206030029,54.0,4684.5
SIA,MG,202506,2144298,0206030010,74.0,10258.62
SIA,MG,202506,2204622,0206020031,42.0,5729.22
SIA,MG,202506,0039047,0211020036,217.0,1117.55
SIA,MG,202506,7962088,0206010079,49.0,4774.56
SIA,MG,202506,2215586,0211020060,204.0,6120.0
SIA,MG,202506,2204622,0206010028,75.0,7582.5
SIA,MG,202506,2173565,0206030010,15.0,2079.45
SIA,MG,202506,3698548,0206030037,18.0,2495.34
SIA,MG,202506,2215136,0211020036,332.0,1709.8
SIA,MG,202506,2101777,0206030010,87.0,12060.81
SIA,MG,202506,2114135,0211020036,123.0,633.45
SIA,MG,202506,2206064,0206020031,14.0,1909.74
SIA,MG,202506,6311709,0206030010,0.0,0.0
SIA,MG,202506,2760843,0206020031,59.0,8048.19
SIA,MG,202506,6311709,0206020031,0.0,0.0
SIA,MG,202506,0981400,0211020060,61.0,1830.0
SIA,MG,202506,2127989,0206010036,81.0,7027.56
SIA,MG,202506,2127989,0206010010,105.0,9109.8
SIA,MG,202506,6892256,0206010010,5.0,433.8
SIA,MG,202506,2173166,0206010079,175.0,34104.0
SIA,MG,202506,2168707,0206030010,70.0,9704.1
SIA,MG,202506,5224497,0211020036,402.0,2070.3
SIA,MG,202506,9650105,0206030037,367.0,50877.21
SIA,MG,202506,2796619,0206030037,68.0,9426.84
SIA,MG,202506,2148293,0206030029,17.0,1474.75
SIA,MG,202506,6442560,0206030037,39.0,5406.57
SIA,MG,202506,7795203,0206010079,0.0,0.0
SIA,MG,202506,2200473,0206020031,80.0,10912.8
SIA,MG,202506,2218690,0211020060,67.0,2010.0
SIA,MG,202506,2785684,0206030037,9.0,2495.34
SIA,MG,202506,2191164,0206010044,1.0,86.75
SIA,MG,202506,9368221,0206030010,0.0,0.0
SIA,MG,202506,5796601,0206010079,10.0,974.4
SIA,MG,202506,2136937,0206030010,30.0,4158.9
SIA,MG,202506,2127989,0206030037,303.0,42004.89
SIA,MG,202506,2143674,0211020036,60.0,309.0
SIA,MG,202506,2172364,0211020036,48.0,247.2
SIA,MG,202506,6311709,0206030037,0.0,0.0
SIA,MG,202506,2172259,0206010079,153.0,16571.43
SIA,MG,202506,2143127,0211020036,0.0,0.0
SIA,MG,202506,2098911,0206030029,8.0,694.0
SIA,MG,202506,2201542,0206010079,46.0,4482.24
SIA,MG,202506,2101777,0206010010,33.0,2863.08
SIA,MG,202506,2119420,0206030029,4.0,347.0
SIA,MG,202506,2098407,0206010044,8.0,694.0
SIA,MG,202506,3960668,0206010028,15.0,1516.5
SIA,MG,202506,2100754,0206030037,2.0,277.26
SIA,MG,202506,2144530,0206030037,16.0,2218.08
SIA,MG,202506,2161354,0206010044,28.0,2429.0
SIA,MG,202506,2159279,0211020036,370.0,1905.5
SIA,MG,202506,2098539,0206030029,17.0,1474.75
SIA,MG,202506,2120313,0211020036,179.0,921.85
SIA,MG,202506,0041548,0206020031,5.0,682.05
SIA,MG,202506,2098911,0206020031,39.0,5319.99
SIA,MG,202506,7951604,0211020036,219.0,1127.85
SIA,MG,202506,6629725,0206030029,1.0,230.0
SIA,MG,202506,9046658,0211020060,43.0,1290.0
SIA,MG,202506,6631487,0211020036,3.0,15.45
SIA,MG,202506,7258992,0211020036,182.0,937.3
SIA,MG,202506,0979538,0206010010,15.0,1301.4
SIA,MG,202506,4887174,0211020036,262.0,1349.3
SIA,MG,202506,2172259,0211020036,116.0,597.4
SIA,MG,202506,2172259,0206010044,25.0,2410.75
SIA,MG,202506,2195437,0206010010,41.0,3557.16
SIA,MG,202506,2159252,0206030010,190.0,26339.7
SIA,MG,202506,2098407,0211020036,245.0,1261.75
SIA,MG,202506,2129566,0206010079,52.0,5066.88
SIA,MG,202506,9388354,0206010010,7.0,607.32
SIA,MG,202506,7595247,0206030010,0.0,0.0
SIA,MG,202506,2143992,0206030037,10.0,1386.3
SIA,MG,202506,2117568,0211020036,87.0,448.05
SIA,MG,202506,6790151,0206030010,80.0,11090.4
SIA,MG,202506,2135132,0206010028,5.0,505.5
SIA,MG,202506,0041548,0206010044,2.0,173.5
SIA,MG,202506,2195437,0206010044,53.0,4597.75
SIA,MG,202506,6410200,0211020036,72.0,370.8
SIA,MG,202506,2117134,0206020031,26.0,3546.66
SIA,MG,202506,2144298,0206010010,20.0,1735.2
SIA,MG,202506,2775956,0206010079,1.0,97.44
SIA,MG,202506,2105780,0206010052,6.0,520.5
SIA,MG,202506,2122650,0206010079,72.0,7015.68
SIA,MG,202506,6340059,0206010079,64.0,6236.16
SIA,MG,202506,6340059,0206010044,3.0,260.25
SIA,MG,202506,2209195,0206010044,8.0,694.0
SIA,MG,202506,2146525,0206010036,1.0,86.76
SIA,MG,202506,3938654,0206010079,11.0,1536.7
SIA,MG,202506,2146525,0206030010,50.0,6931.5
SIA,MG,202506,2126494,0206010010,101.0,8762.76
SIA,MG,202506,2111659,0206030010,32.0,4436.16
SIA,MG,202506,2112140,0206030010,64.0,8872.32
SIA,MG,202506,2105780,0206010044,11.0,954.25
SIA,MG,202506,2129469,0206010079,69.0,6723.36
SIA,MG,202506,2172887,0206020031,9.0,1227.69
SIA,MG,202506,2144298,0206020031,83.0,11322.03
SIA,MG,202506,2119420,0206020023,6.0,520.5
SIA,MG,202506,2171945,0206010010,5.0,433.8
SIA,MG,202506,2796392,0206010079,52.0,5066.88
SIA,MG,202506,2099152,0206030037,14.0,3679.62
SIA,MG,202506,7266960,0211020036,8.0,41.2
SIA,MG,202506,7595247,0206010044,0.0,0.0
SIA,MG,202506,5046688,0211020036,74.0,381.1
SIA,MG,202506,2726726,0206030037,37.0,5129.31
SIA,MG,202506,2168707,0206030029,3.0,260.25
SIA,MG,202506,6311709,0206030029,0.0,0.0
SIA,MG,202506,2194937,0206010010,3.0,260.28
SIA,MG,202506,2764148,0211020036,38.0,195.7
SIA,MG,202506,2143801,0206030029,6.0,520.5
SIA,MG,202506,2776286,0206020015,2.0,173.5
SIA,MG,202506,2101289,0211020036,86.0,442.9
SIA,MG,202506,2099497,0206010010,0.0,0.0
SIA,MG,202506,2204649,0206010028,22.0,2224.2
SIA,MG,202506,6618774,0206030010,107.0,14833.41
SIA,MG,202506,9419977,0206020031,40.0,5456.4
SIA,MG,202506,2114763,0206030010,18.0,2495.34
SIA,MG,202506,9563105,0206030010,8.0,2960.0
SIA,MG,202506,2140098,0206010028,3.0,303.3
SIA,MG,202506,2208857,0208010025,11.0,4493.72
SIA,MG,202506,2118513,0206030010,2.0,277.26
SIA,MG,202506,2796619,0206010028,8.0,808.8
SIA,MG,202506,2195437,0206020023,8.0,694.0
SIA,MG,202506,2117134,0206030029,1.0,86.75
SIA,MG,202506,2141213,0211020036,12.0,61.8
SIA,MG,202506,3498441,0206010010,4.0,347.04
SIA,MG,202506,2761149,0211020036,18.0,92.7
SIA,MG,202506,2098938,0206030037,137.0,18992.31
SIA,MG,202506,0828114,0206010079,20.0,1948.8
SIA,MG,202506,2173166,0206030037,25.0,6931.5
SIA,MG,202506,2211343,0211020036,3.0,15.45
SIA,MG,202506,6697054,0206030010,6.0,831.78
SIA,MG,202506,2146479,0211020036,15.0,77.25
SIA,MG,202506,2117568,0206010079,7.0,682.08
SIA,MG,202506,9673717,0206020023,0.0,0.0
SIA,MG,202506,2128047,0206010028,6.0,606.6
SIA,MG,202506,2168340,0211020060,3.0,90.0
SIA,MG,202506,2785684,0206010079,9.0,1753.92
SIA,MG,202506,2841622,0206020015,1.0,86.75
SIA,MG,202506,3871797,0206010028,0.0,0.0
SIA,MG,202506,2128047,0206010079,17.0,1656.48
SIA,MG,202506,9529209,0206020031,2.0,272.82
SIA,MG,202506,2115433,0211020036,26.0,133.9
SIA,MG,202506,7951604,0206010079,23.0,2491.13
SIA,MG,202506,2114763,0206030037,13.0,1802.19
SIA,MG,202506,2138875,0206030037,38.0,5267.94
SIA,MG,202506,2118246,0206010036,1.0,86.76
SIA,MG,202506,2144573,0211020036,116.0,597.4
SIA,MG,202506,2204649,0206010036,6.0,520.56
SIA,MG,202506,7609868,0208010033,13.0,4979.91
SIA,MG,202506,2109034,0206010036,1.0,164.83
SIA,MG,202506,9563105,0206020031,2.0,670.0
SIA,MG,202506,6629725,0206020015,2.0,460.0
SIA,MG,202506,7082886,0206020015,3.0,843.9
SIA,MG,202506,2172887,0206010052,1.0,86.75
SIA,MG,202506,6776434,0208010025,0.0,0.0
SIA,MG,202506,2764776,0206020031,8.0,1091.28
SIA,MG,202506,6892256,0206010044,9.0,780.75
SIA,MG,202506,6959415,0206030029,0.0,0.0
SIA,MG,202506,7595247,0211020060,0.0,0.0
SIA,MG,202506,9228713,0206010036,1.0,86.76
SIA,MG,202506,6006361,0206010044,0.0,0.0
SIA,MG,202506,7387377,0206020031,15.0,4219.5
SIA,MG,202506,3145425,0206030037,29.0,4020.27
SIA,MG,202506,2173166,0206020031,19.0,5225.76
SIA,MG,202506,7082886,0206010036,3.0,843.9
SIA,MG,202506,6511805,0206020015,5.0,921.3
SIA,MG,202506,6697054,0206010044,1.0,86.75
SIA,MG,202506,9061681,0206030037,2.0,277.26
SIA,MG,202506,2163071,0211020036,200.0,1030.0
SIA,MG,202506,3050378,0206010036,2.0,173.52
SIA,MG,202506,9673717,0206010044,0.0,0.0
SIA,MG,202506,5824591,0206010079,5.0,487.2
SIA,MG,202506,6085121,0206010079,25.0,4872.0
SIA,MG,202506,2119528,0206020031,10.0,1364.1
SIA,MG,202506,0196347,0206020031,9.0,2531.7
SIA,MG,202506,4041283,0211020036,128.0,659.2
SIA,MG,202506,2761092,0206010036,4.0,347.04
SIA,MG,202506,6471226,0206010079,4.0,389.76
SIA,MG,202506,7962088,0206010052,22.0,1908.5
SIA,MG,202506,0981400,0205010016,1.0,165.0
SIA,MG,202506,2764776,0206010044,5.0,433.75
SIA,MG,202506,7934947,0206010036,2.0,173.52
SIA,MG,202506,2135132,0206010036,3.0,260.28
SIA,MG,202506,9673717,0206030010,0.0,0.0
SIA,MG,202506,7114982,0206010028,0.0,0.0
SIA,MG,202506,2111659,0206010010,2.0,173.52
SIA,MG,202506,2126494,0206010052,8.0,694.0
SIA,MG,202506,2761203,0206030010,5.0,693.15
SIA,MG,202506,2160226,0211020036,40.0,206.0
SIA,MG,202506,2201410,0211020036,72.0,370.8
SIA,MG,202506,2195453,0206010028,11.0,1112.1
SIA,MG,202506,2112140,0206010036,9.0,780.84
SIA,MG,202506,7795203,0206010010,0.0,0.0
SIA,MG,202506,9388354,0206030010,11.0,1524.93
SIA,MG,202506,6618774,0206010010,19.0,1648.44
SIA,MG,202506,2124300,0206030029,9.0,780.75
SIA,MG,202506,3871797,0206030010,0.0,0.0
SIA,MG,202506,7951604,0206010044,6.0,578.58
SIA,MG,202506,2206064,0206010036,1.0,86.76
SIA,MG,202506,3698548,0206030029,8.0,694.0
SIA,MG,202506,3376478,0206010036,3.0,260.28
SIA,MG,202506,9591931,0206030010,1.0,138.63
SIA,MG,202506,2761203,0206020031,6.0,818.46
SIA,MG,202506,2110075,0206010079,3.0,292.32
SIA,MG,202506,2173565,0206010044,4.0,347.0
SIA,MG,202506,2171988,0206010010,32.0,2776.32
SIA,MG,202506,2102765,0206010044,1.0,86.75
SIA,MG,202506,6487556,0208010025,0.0,0.0
SIA,MG,202506,0041548,0206020015,1.0,86.75
SIA,MG,202506,2146525,0206020023,1.0,86.75
SIA,MG,202506,2764776,0206010036,2.0,173.52
SIA,MG,202506,7609868,0211020060,7.0,210.0
SIA,MG,202506,2775956,0206010044,1.0,86.75
SIA,MG,202506,2776286,0206010028,6.0,606.6
SIA,MG,202506,2178559,0206030010,2.0,277.26
SIA,MG,202506,2118246,0206010044,6.0,520.5
SIA,MG,202506,6631487,0206030037,21.0,4200.0
SIA,MG,202506,2144026,0206030037,29.0,4020.27
SIA,MG,202506,2098369,0206010010,6.0,520.56
SIA,MG,202506,6487556,0206010036,0.0,0.0
SIA,MG,202506,2204622,0206030029,2.0,173.5
SIA,MG,202506,2195453,0208010025,25.0,10213.0
SIA,MG,202506,2760843,0206010044,3.0,260.25
SIA,MG,202506,2785684,0206010044,2.0,347.0
SIA,MG,202506,6487556,0206010044,0.0,0.0
SIA,MG,202506,2135132,0206030010,7.0,970.41
SIA,MG,202506,2173166,0206010036,4.0,694.08
SIA,MG,202506,2111640,0206020023,1.0,86.75
SIA,MG,202506,2099454,0206010028,4.0,404.4
SIA,MG,202506,0828114,0206010044,7.0,607.25
SIA,MG,202506,2200473,0206010052,10.0,867.5
SIA,MG,202506,3376478,0206010028,9.0,909.9
SIA,MG,202506,2098938,0206010010,3.0,260.28
SIA,MG,202506,2726726,0206010036,4.0,347.04
SIA,MG,202506,2195453,0206010044,5.0,433.75
SIA,MG,202506,4042085,0206010028,5.0,505.5
SIA,MG,202506,7795203,0206010044,0.0,0.0
SIA,MG,202506,2105780,0206010036,4.0,347.04
SIA,MG,202506,2098369,0206010028,7.0,707.7
SIA,MG,202506,2206382,0206010052,3.0,260.25
SIA,MG,202506,6006361,0206020031,0.0,0.0
SIA,MG,202506,2205882,0211020036,212.0,1091.8
SIA,MG,202506,9419977,0206010060,1.0,97.44
SIA,MG,202506,2117568,0206030037,8.0,1109.04
SIA,MG,202506,2164280,0206010052,1.0,86.75
SIA,MG,202506,2183455,0206030010,11.0,1524.93
SIA,MG,202506,2764776,0206010028,7.0,707.7
SIA,MG,202506,2794632,0211020036,3.0,15.45
SIA,MG,202506,2140217,0206010028,7.0,707.7
SIA,MG,202506,2146525,0206030029,3.0,260.25
SIA,MG,202506,2140381,0211020036,45.0,231.75
SIA,MG,202506,2098407,0206020031,9.0,1227.69
SIA,MG,202506,6892256,0206030029,8.0,694.0
SIA,MG,202506,2171627,0211020036,17.0,87.55
SIA,MG,202506,6697054,0206010036,1.0,86.76
SIA,MG,202506,6959415,0206010060,0.0,0.0
SIA,MG,202506,2117568,0206010028,1.0,101.1
SIA,MG,202506,7114982,0206020031,0.0,0.0
SIA,MG,202506,2785684,0206020031,3.0,825.12
SIA,MG,202506,3050378,0206010010,1.0,86.76
SIA,MG,202506,2206064,0211020036,13.0,66.95
SIA,MG,202506,9529209,0206030037,2.0,277.26
SIA,MG,202506,6319769,0211020036,1.0,5.15
SIA,MG,202506,2172836,0211020036,121.0,623.15
SIA,MG,202506,2168650,0206010044,2.0,173.5
SIA,MG,202506,2192128,0206010052,1.0,86.75
SIA,MG,202506,2796368,0211020036,66.0,339.9
SIA,MG,202506,6865399,0211020036,74.0,381.1
SIA,MG,202506,2178648,0211020036,45.0,231.75
SIA,MG,202506,7387377,0206010036,1.0,281.3
SIA,MG,202506,7609868,0206010010,5.0,433.8
SIA,MG,202506,2186489,0211020036,10.0,51.5
SIA,MG,202506,2146525,0206010052,3.0,260.25
SIA,MG,202506,5473586,0206010044,0.0,0.0
SIA,MG,202506,3871797,0206010036,0.0,0.0
SIA,MG,202506,2102765,0206020031,3.0,409.23
SIA,MG,202506,4042085,0206010044,2.0,173.5
SIA,MG,202506,2117479,0211020036,70.0,360.5
SIA,MG,202506,7934947,0206030037,4.0,554.52
SIA,MG,202506,2119528,0206010028,8.0,808.8
SIA,MG,202506,9544674,0206010052,0.0,0.0
SIA,MG,202506,2156504,0211020036,29.0,149.35
SIA,MG,202506,3938654,0206030010,6.0,1188.0
SIA,MG,202506,2167379,0211020036,67.0,345.05
SIA,MG,202506,2796341,0211020036,109.0,561.35
SIA,MG,202506,2761181,0211020036,73.0,375.95
SIA,MG,202506,2139049,0211020036,1.0,5.15
SIA,MG,202506,7962088,0206010010,1.0,86.76
SIA,MG,202506,2142171,0211020036,43.0,221.45
SIA,MG,202506,2100282,0211020036,89.0,458.35
SIA,MG,202506,2167360,0211020036,71.0,365.65
SIA,MG,202506,2841622,0206020031,4.0,545.64
SIA,MG,202506,2116812,0211020036,51.0,262.65
SIA,MG,202506,2111640,0206010052,10.0,867.5
SIA,MG,202506,0133752,0206010079,3.0,292.32
SIA,MG,202506,0041548,0206010010,2.0,173.52
SIA,MG,202506,2140217,0206020015,9.0,780.75
SIA,MG,202506,2133261,0211020036,110.0,566.5
SIA,MG,202506,2212447,0211020036,21.0,108.15
SIA,MG,202506,6093361,0206010028,1.0,101.1
SIA,MG,202506,6776434,0206010028,0.0,0.0
SIA,MG,202506,2172259,0206030029,5.0,482.15
SIA,MG,202506,2144298,0206020015,2.0,173.5
SIA,MG,202506,0828114,0206010028,4.0,404.4
SIA,MG,202506,7845383,0211020036,15.0,77.25
SIA,MG,202506,6920977,0206010060,1.0,97.44
SIA,MG,202506,2697548,0211020036,19.0,97.85
SIA,MG,202506,2213605,0211020036,46.0,236.9
SIA,MG,202506,2185563,0211020036,19.0,97.85
SIA,MG,202506,3698548,0206010036,8.0,694.08
SIA,MG,202506,2761106,0206010044,3.0,260.25
SIA,MG,202506,9228713,0206010028,4.0,404.4
SIA,MG,202506,2761041,0206010036,1.0,86.76
SIA,MG,202506,3048675,0211020036,217.0,1117.55
SIA,MG,202506,0979538,0206030029,2.0,173.5
SIA,MG,202506,6776434,0206010010,0.0,0.0
SIA,MG,202506,3938654,0206010052,1.0,131.0
SIA,MG,202506,2122901,0211020060,9.0,270.0
SIA,MG,202506,2841622,0206010036,1.0,86.76
SIA,MG,202506,2117312,0211020036,263.0,1354.45
SIA,MG,202506,2123223,0211020036,90.0,463.5
SIA,MG,202506,2195453,0206010036,4.0,347.04
SIA,MG,202506,9650105,0206010052,4.0,347.0
SIA,MG,202506,2117843,0211020036,191.0,983.65
SIA,MG,202506,2119811,0211020036,34.0,175.1
SIA,MG,202506,7038216,0206010028,7.0,707.7
SIA,MG,202506,2099497,0206010052,0.0,0.0
SIA,MG,202506,2119528,0206020023,1.0,86.75
SIA,MG,202506,2201879,0208010025,1.0,630.0
SIA,MG,202506,7795203,0206030029,0.0,0.0
SIA,MG,202506,2134446,0211020036,73.0,375.95
SIA,MG,202506,2141523,0211020036,25.0,128.75
SIA,MG,202506,2168448,0211020036,115.0,592.25
SIA,MG,202506,2160137,0211020036,315.0,1622.25
SIA,MG,202506,2145758,0211020036,35.0,180.25
SIA,MG,202506,6892256,0206010052,2.0,173.5
SIA,MG,202506,2115492,0211020036,101.0,520.15
SIA,MG,202506,2112140,0206010028,15.0,1516.5
SIA,MG,202506,2764776,0206020015,2.0,173.5
SIA,MG,202506,5896002,0211020036,38.0,195.7
SIA,MG,202506,6618774,0206030029,6.0,520.5
SIA,MG,202506,9344330,0206010036,2.0,173.52
SIA,MG,202506,2776014,0211020036,14.0,72.1
SIA,MG,202506,2146525,0211020060,10.0,300.0
SIA,MG,202506,9563105,0206010036,1.0,288.0
SIA,MG,202506,6311709,0206010010,0.0,0.0
SIA,MG,202506,2135116,0211020036,66.0,339.9
SIA,MG,202506,2156113,0211020036,14.0,72.1
SIA,MG,202506,6618774,0206010052,1.0,86.75
SIA,MG,202506,2126052,0211020036,611.0,3146.65
SIA,MG,202506,2205904,0206010079,1.0,97.44
SIA,MG,202506,2205939,0206020023,5.0,433.75
SIA,MG,202506,2206064,0206030029,2.0,173.5
SIA,MG,202506,2208857,0211020010,12.0,8760.48
SIA,MG,202506,2140098,0206010036,1.0,86.76
SIA,MG,202506,2123541,0211020036,83.0,427.45
SIA,MG,202506,2797526,0211020036,54.0,0.0
SIA,MG,202506,7507631,0211020036,104.0,535.6
SIA,MG,202506,2105780,0211020036,418.0,2152.7
SIA,MG,202506,2139871,0211020036,110.0,566.5
SIA,MG,202506,2210398,0211020036,97.0,499.55
SIA,MG,202506,7962088,0206010036,1.0,86.76
SIA,MG,202506,2173166,0206020015,2.0,347.0
SIA,MG,202506,2111659,0211020036,7.0,36.05
SIA,MG,202506,2193469,0211020036,134.0,690.1
SIA,MG,202506,6505007,0211020036,50.0,0.0
SIA,MG,202506,6505007,0902010018,78.0,10140.0
SIA,MG,202506,6776434,0206020023,0.0,0.0
SIA,MG,202506,2117037,0211020036,93.0,478.95
SIA,MG,202506,2184680,0211020036,49.0,252.35
SIA,MG,202506,2099438,0211020036,115.0,592.25
SIA,MG,202506,2163829,0206010044,6.0,520.5
SIA,MG,202506,2144255,0211020036,168.0,865.2
SIA,MG,202506,9005552,0211020036,181.0,932.15
SIA,MG,202506,2796112,0211020036,189.0,973.35
SIA,MG,202506,7548311,0211020036,813.0,4186.95
SIA,MG,202506,2144026,0206010028,2.0,202.2
SIA,MG,202506,9419977,0206020023,2.0,173.5
SIA,MG,202506,9388354,0206010052,1.0,86.75
SIA,MG,202506,3883582,0206030037,3.0,415.89
SIA,MG,202506,6632858,0211020036,1200.0,6180.0
SIA,MG,202506,2181797,0211020036,164.0,844.6
SIA,MG,202506,6690726,0211020036,16.0,82.4
SIA,MG,202506,7857950,0211020036,807.0,4156.05
SIA,MG,202506,2796562,0206010036,2.0,173.52
SIA,MG,202506,2797526,0902010026,36.0,7200.0
SIA,MG,202506,3498441,0206020023,2.0,173.5
SIA,MG,202506,2215586,0206010028,10.0,1011.0
SIA,MG,202506,6448526,0208010033,8.0,3064.56
SIA,MG,202506,2098539,0206010036,1.0,86.76
SIA,MG,202506,2100681,0206010010,6.0,520.56
SIA,MG,202506,2143852,0211020036,0.0,0.0
SIA,MG,202506,3883582,0206030010,4.0,554.52
SIA,MG,202506,2775913,0211020036,207.0,1066.05
SIA,MG,202506,2098326,0206010079,1.0,97.44
SIA,MG,202506,5072913,0211020036,1013.0,5216.95
SIA,MG,202506,2111640,0206010036,2.0,173.52
SIA,MG,202506,2195453,0206030029,7.0,607.25
SIA,MG,202506,2142937,0211020036,80.0,412.0
SIA,MG,202506,5824591,0206010044,2.0,173.5
SIA,MG,202506,2213168,0211020036,30.0,154.5
SIA,MG,202506,2126133,0211020036,310.0,1596.5
SIA,MG,202506,9804145,0211020036,380.0,1957.0
SIA,MG,202506,7934947,0211020036,1.0,5.15
SIA,MG,202506,6618774,0206020015,6.0,520.5
SIA,MG,202506,3050378,0206010052,1.0,86.75
SIA,MG,202506,2172682,0211020036,30.0,154.5
SIA,MG,202506,2760843,0206020023,1.0,86.75
SIA,MG,202506,0041548,0206030010,4.0,554.52
SIA,MG,202506,2797526,0902010018,18.0,2340.0
SIA,MG,202506,2126419,0211020036,121.0,623.15
SIA,MG,202506,2163934,0211020036,62.0,319.3
SIA,MG,202506,2120631,0211020036,2.0,10.3
SIA,MG,202506,7595247,0206030029,0.0,0.0
SIA,MG,202506,2170086,0211020036,70.0,360.5
SIA,MG,202506,2116081,0211020036,1.0,5.15
SIA,MG,202506,2173166,0206020023,6.0,1041.0
SIA,MG,202506,2126141,0211020036,1.0,5.15
SIA,MG,202506,2142376,0206010079,7.0,682.08
SIA,MG,202506,2776847,0211020036,42.0,216.3
SIA,MG,202506,6006361,0211020036,0.0,0.0
SIA,MG,202506,6955452,0211020036,226.0,1163.9
SIA,MG,202506,2099454,0211020036,134.0,690.1
SIA,MG,202506,2114763,0211020036,131.0,674.65
SIA,MG,202506,2764814,0206010036,9.0,780.84
SIA,MG,202506,7920768,0211020036,96.0,494.4
SIA,MG,202506,2162792,0211020036,15.0,77.25
SIA,MG,202506,2213176,0211020036,50.0,257.5
SIA,MG,202506,2120577,0211020036,15.0,77.25
SIA,MG,202506,2125978,0211020036,5.0,25.75
SIA,MG,202506,2796392,0211020036,2.0,10.3
SIA,MG,202506,2709848,0206020023,2.0,173.5
SIA,MG,202506,2100754,0206010052,3.0,260.25
SIA,MG,202506,2100932,0211020036,4.0,20.6
SIA,MG,202506,2170299,0211020036,100.0,515.0
SIA,MG,202506,2140136,0211020036,100.0,515.0
SIA,MG,202506,2167654,0211020036,118.0,607.7
SIA,MG,202506,2120399,0211020036,40.0,206.0
SIA,MG,202506,2841622,0206010052,1.0,86.75
SIA,MG,202506,5815991,0211020036,1.0,5.15
SIA,MG,202506,2198797,0211020036,1.0,5.15
SIA,MG,202506,2114275,0211020036,189.0,973.35
SIA,MG,202506,2135132,0206010052,1.0,86.75
SIA,MG,202506,9061681,0206030010,3.0,415.89
SIA,MG,202506,2135930,0211020036,186.0,957.9
SIA,MG,202506,2194937,0206010036,1.0,86.76
SIA,MG,202506,2868385,0211020036,14.0,72.1
SIA,MG,202506,0266965,0211020060,9.0,1755.0
SIA,MG,202506,2183846,0211020036,289.0,1488.35
SIA,MG,202506,2209195,0211020060,3.0,90.0
SIA,MG,202506,2102765,0206010010,1.0,86.76
SIA,MG,202506,2117134,0206010028,2.0,202.2
SIA,MG,202506,2102765,0206020023,1.0,86.75
SIA,MG,202506,2169967,0211020036,47.0,242.05
SIA,MG,202506,2147106,0211020036,25.0,128.75
SIA,MG,202506,2102447,0211020036,60.0,309.0
SIA,MG,202506,2160242,0211020036,19.0,97.85
SIA,MG,202506,9876332,0211020036,38.0,195.7
SIA,MG,202506,2760657,0211020036,161.0,829.15
SIA,MG,202506,2796589,0211020036,82.0,422.3
SIA,MG,202506,2103303,0211020036,19.0,97.85
SIA,MG,202506,6697054,0206030029,2.0,173.5
SIA,MG,202506,2163438,0902010018,16.0,2080.0
SIA,MG,202506,2144530,0211020036,117.0,602.55
SIA,MG,202506,2797496,0211020036,5.0,25.75
SIA,MG,202506,2120623,0211020036,12.0,61.8
SIA,MG,202506,9388354,0206020015,1.0,86.75
SIA,MG,202506,7275668,0211020036,52.0,267.8
SIA,MG,202506,6290841,0211020036,24.0,123.6
SIA,MG,202506,2172712,0211020036,70.0,360.5
SIA,MG,202506,6214371,0206030037,0.0,0.0
SIA,MG,202506,2156709,0211020036,32.0,164.8
SIA,MG,202506,2841622,0206030029,1.0,86.75
SIA,MG,202506,2208857,0206010010,1.0,86.76
SIA,MG,202506,2144530,0206020015,1.0,86.75
SIA,MG,202506,2135108,0211020036,21.0,108.15
SIA,MG,202506,2213389,0211020036,25.0,257.5
SIA,MG,202506,0979538,0206020015,1.0,86.75
SIA,MG,202506,2129566,0206010028,5.0,505.5
SIA,MG,202506,7061838,0211020036,638.0,3285.7
SIA,MG,202506,3009718,0211020036,31.0,159.65
SIA,MG,202506,2119528,0211020036,201.0,1035.15
SIA,MG,202506,9383921,0211020036,26.0,133.9
SIA,MG,202506,2168936,0211020036,89.0,458.35
SIA,MG,202506,2206064,0206020023,4.0,347.0
SIA,MG,202506,9382453,0211020036,60.0,309.0
SIA,MG,202506,2212633,0211020036,35.0,180.25
SIA,MG,202506,2794608,0211020036,80.0,412.0
SIA,MG,202506,0491632,0211020036,98.0,504.7
SIA,MG,202506,2146525,0206010010,4.0,347.04
SIA,MG,202506,2156156,0211020036,90.0,463.5
SIA,MG,202506,2115360,0211020036,90.0,463.5
SIA,MG,202506,2776286,0206010060,1.0,97.44
SIA,MG,202506,2154021,0211020036,150.0,772.5
SIA,MG,202506,0874647,0211020036,6.0,30.9
SIA,MG,202506,2760681,0206030029,1.0,86.75
SIA,MG,202506,2143992,0206010010,6.0,520.56
SIA,MG,202506,2136139,0211020036,23.0,118.45
SIA,MG,202506,2117096,0211020036,3.0,15.45
SIA,MG,202506,2099438,0206020031,11.0,1500.51
SIA,MG,202506,2100339,0211020036,103.0,530.45
SIA,MG,202506,2144522,0211020036,30.0,154.5
SIA,MG,202506,2143801,0211020036,9.0,46.35
SIA,MG,202506,2205157,0211020036,250.0,1287.5
SIA,MG,202506,2109034,0206030010,1.0,262.83
SIA,MG,202506,2143992,0206020015,1.0,86.75
SIA,MG,202506,2760827,0211020036,83.0,427.45
SIA,MG,202506,7609868,0206020015,2.0,173.5
SIA,MG,202506,9980547,0211020060,10.0,300.0
SIA,MG,202506,2099152,0211020060,20.0,600.0
SIA,MG,202506,2796619,0206020023,1.0,86.75
SIA,MG,202506,2213958,0211020036,0.0,0.0
SIA,MG,202506,2099209,0211020036,120.0,618.0
SIA,MG,202506,2760681,0206010010,2.0,173.52
SIA,MG,202506,7518196,0211020036,147.0,757.05
SIA,MG,202506,2144026,0206020031,11.0,1500.51
SIA,MG,202506,2144638,0211020036,109.0,561.35
SIA,MG,202506,5473586,0206030010,0.0,0.0
SIA,MG,202506,2101777,0206020015,11.0,954.25
SIA,MG,202506,2142376,0206010060,1.0,97.44
SIA,MG,202506,2776286,0206020023,1.0,86.75
SIA,MG,202506,2212110,0211020036,43.0,221.45
SIA,MG,202506,2109034,0211020036,129.0,664.35
SIA,MG,202506,2119501,0211020036,2377.0,12241.55
SIA,MG,202506,2111640,0206010079,52.0,5066.88
SIA,MG,202506,2775115,0211020036,215.0,1107.25
SIA,MG,202506,2148293,0206020031,91.0,12413.31
SIA,MG,202506,2111659,0206030037,30.0,4158.9
SIA,MG,202506,2129469,0206030010,208.0,28835.04
SIA,MG,202506,6959415,0206010079,0.0,0.0
SIA,MG,202506,3960668,0206020031,58.0,7911.78
SIA,MG,202506,2206382,0206010079,271.0,26406.24
SIA,MG,202506,2218690,0211020036,658.0,3388.7
SIA,MG,202506,2761203,0211020036,12.0,61.8
SIA,MG,202506,6862098,0211020036,32.0,164.8
SIA,MG,202506,2195453,0206030037,474.0,65710.62
SIA,MG,202506,2209195,0206010079,149.0,14518.56
SIA,MG,202506,2099497,0206010079,0.0,0.0
SIA,MG,202506,7038216,0211020036,420.0,2163.0
SIA,MG,202506,2200473,0206030037,76.0,10535.88
SIA,MG,202506,5796601,0206030010,26.0,3604.38
SIA,MG,202506,9388354,0208010033,11.0,4213.77
SIA,MG,202506,3410587,0211020036,213.0,1096.95
SIA,MG,202506,2173166,0206010010,21.0,3643.92
SIA,MG,202506,2127768,0211020036,13.0,66.95
SIA,MG,202506,0981400,0206010010,12.0,1041.12
SIA,MG,202506,9673717,0206020031,0.0,0.0
SIA,MG,202506,2195453,0206010079,71.0,6918.24
SIA,MG,202506,2709651,0211020036,213.0,1096.95
SIA,MG,202506,7595247,0205010016,0.0,0.0
SIA,MG,202506,3960668,0206010044,9.0,780.75
SIA,MG,202506,0041548,0206010028,9.0,909.9
SIA,MG,202506,0041548,0206010079,13.0,1266.72
SIA,MG,202506,2126494,0206010044,35.0,3036.25
SIA,MG,202506,2127989,0211020036,561.0,2889.15
SIA,MG,202506,2098938,0206010052,17.0,1474.75
SIA,MG,202506,2118041,0211020036,20.0,103.0
SIA,MG,202506,6631487,0206010079,107.0,21400.0
SIA,MG,202506,3498441,0206010079,60.0,5846.4
SIA,MG,202506,5649862,0211020036,184.0,947.6
SIA,MG,202506,2127989,0206030010,285.0,39509.55
SIA,MG,202506,2100754,0206030010,40.0,5545.2
SIA,MG,202506,9419977,0206030037,27.0,3743.01
SIA,MG,202506,2127938,0211020036,22.0,113.3
SIA,MG,202506,2759403,0211020036,478.0,2461.7
SIA,MG,202506,2215586,0211020036,63.0,324.45
SIA,MG,202506,6966640,0208010025,20.0,8170.4
SIA,MG,202506,2201542,0206030037,42.0,5822.46
SIA,MG,202506,2117134,0206030010,23.0,3188.49
SIA,MG,202506,2195437,0206020031,231.0,31510.71
SIA,MG,202506,4042085,0206010079,59.0,5748.96
SIA,MG,202506,6085121,0206020031,17.0,4675.68
SIA,MG,202506,2208857,0206010079,3.0,292.32
SIA,MG,202506,2761106,0206020031,5.0,682.05
SIA,MG,202506,2761092,0206010079,162.0,15785.28
SIA,MG,202506,2127695,0211020036,189.0,973.35
SIA,MG,202506,2105780,0206020031,152.0,20734.32
SIA,MG,202506,2709848,0206010079,137.0,13349.28
SIA,MG,202506,2760657,0206030010,38.0,5267.94
SIA,MG,202506,2099454,0206030010,50.0,6931.5
SIA,MG,202506,2139200,0206020023,7.0,722.05
SIA,MG,202506,7543913,0211020036,174.0,896.1
SIA,MG,202506,3498441,0206030029,1.0,86.75
SIA,MG,202506,2168707,0206020031,34.0,4637.94
SIA,MG,202506,2208857,0208010033,11.0,4213.77
SIA,MG,202506,2201542,0211020036,150.0,772.5
SIA,MG,202506,2796562,0206020031,1.0,136.41
SIA,MG,202506,2099438,0206030010,42.0,5822.46
SIA,MG,202506,2110075,0206030010,2.0,277.26
SIA,MG,202506,2129469,0206010044,10.0,867.5
SIA,MG,202506,6214371,0211020060,0.0,0.0
SIA,MG,202506,2761092,0206030037,333.0,46163.79
SIA,MG,202506,2101866,0211020036,61.0,314.15
SIA,MG,202506,0046701,0211020036,129.0,664.35
SIA,MG,202506,6487556,0206030037,0.0,0.0
SIA,MG,202506,2111640,0211020060,35.0,1050.0
SIA,MG,202506,7038216,0206010010,15.0,1301.4
SIA,MG,202506,2098369,0206020031,11.0,1500.51
SIA,MG,202506,2126974,0211020060,0.0,0.0
SIA,MG,202506,2145588,0206010079,46.0,4482.24
SIA,MG,202506,2126494,0206030029,52.0,4511.0
SIA,MG,202506,2114569,0211020036,29.0,149.35
SIA,MG,202506,2198037,0211020036,72.0,370.8
SIA,MG,202506,2206382,0211020060,14.0,420.0
SIA,MG,202506,2124300,0206010010,15.0,1301.4
SIA,MG,202506,2144298,0206010079,117.0,11400.48
SIA,MG,202506,2172860,0211020036,108.0,556.2
SIA,MG,202506,2139200,0206030010,36.0,5884.2
SIA,MG,202506,2144298,0206030029,2.0,173.5
SIA,MG,202506,2200473,0206030029,46.0,3990.5
SIA,MG,202506,3960668,0206030029,4.0,347.0
SIA,MG,202506,2184338,0211020036,54.0,278.1
SIA,MG,202506,2204622,0206020023,14.0,1214.5
SIA,MG,202506,2761203,0206020015,2.0,173.5
SIA,MG,202506,2124300,0206010044,41.0,3556.75
SIA,MG,202506,2126885,0211020036,70.0,360.5
SIA,MG,202506,2144026,0206030029,1.0,86.75
SIA,MG,202506,9673717,0211020036,0.0,0.0
SIA,MG,202506,2208083,0211020036,15.0,77.25
SIA,MG,202506,6790151,0206020031,56.0,7638.96
SIA,MG,202506,7934947,0211020060,25.0,750.0
SIA,MG,202506,7934947,0206020031,12.0,1636.92
SIA,MG,202506,2796392,0206010044,5.0,433.75
SIA,MG,202506,2183455,0206020031,13.0,1773.33
SIA,MG,202506,3960668,0206030010,63.0,8733.69
SIA,MG,202506,2128047,0206020023,3.0,260.25
SIA,MG,202506,2127091,0211020036,38.0,195.7
SIA,MG,202506,2151553,0211020036,134.0,690.1
SIA,MG,202506,3960668,0206010052,2.0,173.5
SIA,MG,202506,2100681,0206010079,39.0,3800.16
SIA,MG,202506,2171988,0206020015,2.0,173.5
SIA,MG,202506,2205904,0211020060,5.0,150.0
SIA,MG,202506,2184389,0211020036,25.0,128.75
SIA,MG,202506,2761203,0206030037,6.0,831.78
SIA,MG,202506,2761092,0206020015,5.0,433.75
SIA,MG,202506,2760436,0206010044,1.0,86.75
SIA,MG,202506,5473586,0206010010,0.0,0.0
SIA,MG,202506,6790151,0206010060,1.0,97.44
SIA,MG,202506,2148293,0206010044,20.0,1735.0
SIA,MG,202506,2761041,0206010079,16.0,1559.04
SIA,MG,202506,2142376,0206010036,2.0,173.52
SIA,MG,202506,2201542,0206030010,43.0,5961.09
SIA,MG,202506,2205939,0206010028,63.0,6369.3
SIA,MG,202506,6776434,0208010033,0.0,0.0
SIA,MG,202506,2179571,0211020036,28.0,144.2
SIA,MG,202506,2124300,0206020015,2.0,173.5
SIA,MG,202506,6311709,0211020060,0.0,0.0
SIA,MG,202506,6697054,0206020031,9.0,1227.69
SIA,MG,202506,2139200,0206010028,16.0,1917.28
SIA,MG,202506,2761092,0206020031,386.0,52654.26
SIA,MG,202506,2168650,0206020031,10.0,1364.1
SIA,MG,202506,3960668,0206010036,2.0,173.52
SIA,MG,202506,6920977,0206010028,95.0,9604.5
SIA,MG,202506,6340059,0206010010,3.0,260.28
SIA,MG,202506,2118513,0206020031,2.0,272.82
SIA,MG,202506,2761092,0206030029,8.0,694.0
SIA,MG,202506,2100754,0206020031,5.0,682.05
SIA,MG,202506,2215136,0211020060,66.0,1980.0
SIA,MG,202506,2208857,0206020031,17.0,2318.97
SIA,MG,202506,2144298,0206020023,1.0,86.75
SIA,MG,202506,2140217,0211020036,36.0,185.4
SIA,MG,202506,6776434,0206030010,0.0,0.0
SIA,MG,202506,9274200,0208010025,17.0,6944.84
SIA,MG,202506,6311709,0206010052,0.0,0.0
SIA,MG,202506,2204762,0206020031,18.0,2455.38
SIA,MG,202506,2129566,0206030010,10.0,1386.3
SIA,MG,202506,9228713,0206010060,2.0,194.88
SIA,MG,202506,6776434,0206020031,0.0,0.0
SIA,MG,202506,2205939,0206010010,14.0,1214.64
SIA,MG,202506,2144638,0206010079,21.0,2046.24
SIA,MG,202506,3464806,0206010044,21.0,1821.75
SIA,MG,202506,2162776,0211020036,69.0,355.35
SIA,MG,202506,2098369,0206010044,1.0,86.75
SIA,MG,202506,2195437,0206010052,6.0,520.5
SIA,MG,202506,6920977,0206010010,43.0,3730.68
SIA,MG,202506,9388354,0206030029,1.0,86.75
SIA,MG,202506,2163829,0206030037,29.0,4020.27
SIA,MG,202506,2796562,0206030029,1.0,86.75
SIA,MG,202506,2099497,0206010044,0.0,0.0
SIA,MG,202506,2122650,0206010044,3.0,260.25
SIA,MG,202506,2111659,0206010028,15.0,1516.5
SIA,MG,202506,2209195,0206010010,13.0,1127.88
SIA,MG,202506,2105780,0206020023,3.0,260.25
SIA,MG,202506,7962088,0206010044,22.0,1908.5
SIA,MG,202506,2099454,0206010010,12.0,1041.12
SIA,MG,202506,2212145,0211020036,272.0,1400.8
SIA,MG,202506,9518371,0211020036,96.0,494.4
SIA,MG,202506,2099454,0206020023,4.0,347.0
SIA,MG,202506,3960668,0205010016,8.0,1320.0
SIA,MG,202506,2191164,0206030037,7.0,970.41
SIA,MG,202506,7962088,0206020023,1.0,86.75
SIA,MG,202506,2100525,0211020036,193.0,993.95
SIA,MG,202506,2189879,0211020036,482.0,2482.3
SIA,MG,202506,2756749,0211020036,315.0,1622.25
SIA,MG,202506,2208857,0206010095,3.0,6321.66
SIA,MG,202506,9681752,0206010028,4.0,404.4
SIA,MG,202506,2208857,0206030010,13.0,1802.19
SIA,MG,202506,2144298,0206010044,27.0,2342.25
SIA,MG,202506,7858094,0206020031,3.0,409.23
SIA,MG,202506,7858094,0206010079,18.0,1753.92
SIA,MG,202506,2134071,0211020036,47.0,242.05
SIA,MG,202506,2204622,0206010044,28.0,2429.0
SIA,MG,202506,2135132,0206030037,6.0,831.78
SIA,MG,202506,2204622,0206010010,16.0,1388.16
SIA,MG,202506,2776286,0206030010,7.0,970.41
SIA,MG,202506,2163829,0206010036,5.0,433.8
SIA,MG,202506,2761092,0206010044,24.0,2082.0
SIA,MG,202506,2204762,0206010044,3.0,260.25
SIA,MG,202506,2128047,0206010010,2.0,173.52
SIA,MG,202506,6790151,0208010033,3.0,1149.21
SIA,MG,202506,9368221,0206010028,0.0,0.0
SIA,MG,202506,2159252,0206010010,2.0,173.52
SIA,MG,202506,2163829,0206020031,10.0,1364.1
SIA,MG,202506,2102765,0206030037,2.0,277.26
SIA,MG,202506,6776434,0206010044,0.0,0.0
SIA,MG,202506,7795203,0206010052,0.0,0.0
SIA,MG,202506,2099454,0206030029,2.0,173.5
SIA,MG,202506,6487556,0206010079,0.0,0.0
SIA,MG,202506,2764814,0206030029,11.0,954.25
SIA,MG,202506,2200473,0211020036,43.0,221.45
SIA,MG,202506,2121514,0211020036,51.0,262.65
SIA,MG,202506,2760681,0206030010,4.0,554.52
SIA,MG,202506,9228713,0211020036,4.0,20.6
SIA,MG,202506,6511805,0206010036,1.0,184.27
SIA,MG,202506,6028454,0208010033,1.0,383.07
SIA,MG,202506,3145425,0206020023,1.0,86.75
SIA,MG,202506,3498441,0206020015,1.0,86.75
SIA,MG,202506,2139073,0206020031,1.0,136.41
SIA,MG,202506,7795203,0206010036,0.0,0.0
SIA,MG,202506,2128047,0206010036,6.0,520.56
SIA,MG,202506,2117568,0206020031,3.0,409.23
SIA,MG,202506,2142376,0206010010,1.0,86.76
SIA,MG,202506,5338409,0211020036,0.0,0.0
SIA,MG,202506,2099152,0206010028,9.0,1729.62
SIA,MG,202506,2776286,0206010044,4.0,347.0
SIA,MG,202506,6487556,0206030029,0.0,0.0
SIA,MG,202506,3871797,0206030037,0.0,0.0
SIA,MG,202506,2129566,0206010044,1.0,86.75
SIA,MG,202506,7818858,0211020036,824.0,4243.6
SIA,MG,202506,2201879,0206010044,4.0,860.0
SIA,MG,202506,4042085,0206030037,25.0,3465.75
SIA,MG,202506,2776286,0206020031,11.0,1500.51
SIA,MG,202506,6340059,0206020015,6.0,520.5
SIA,MG,202506,2105780,0206010028,7.0,707.7
SIA,MG,202506,7934947,0206030010,12.0,1663.56
SIA,MG,202506,2191164,0211020036,114.0,587.1
SIA,MG,202506,2143801,0206020031,5.0,682.05
SIA,MG,202506,2144026,0206020023,5.0,433.75
SIA,MG,202506,7101406,0206010044,2.0,173.5
SIA,MG,202506,2218690,0206010010,8.0,694.08
SIA,MG,202506,2126559,0211020036,93.0,478.95
SIA,MG,202506,2119528,0206010010,10.0,867.6
SIA,MG,202506,7387377,0206010010,1.0,281.3
SIA,MG,202506,2114763,0206020031,9.0,1227.69
SIA,MG,202506,9673717,0206010052,0.0,0.0
SIA,MG,202506,9419977,0206030029,1.0,86.75
SIA,MG,202506,2118246,0206010052,1.0,86.75
SIA,MG,202506,7076711,0211020060,2.0,60.0
SIA,MG,202506,2098369,0206010036,3.0,260.28
SIA,MG,202506,2119420,0206020031,28.0,3819.48
SIA,MG,202506,2143992,0206010052,1.0,86.75
SIA,MG,202506,2124300,0206010052,9.0,780.75
SIA,MG,202506,2709635,0211020036,5.0,25.75
SIA,MG,202506,2206447,0206030037,1.0,138.63
SIA,MG,202506,2139626,0211020036,37.0,190.55
SIA,MG,202506,2164280,0206010044,2.0,173.5
SIA,MG,202506,9563105,0206010010,2.0,576.0
SIA,MG,202506,0828114,0206010010,2.0,173.52
SIA,MG,202506,2143801,0206030037,20.0,2772.6
SIA,MG,202506,6487556,0205010016,0.0,0.0
SIA,MG,202506,3938654,0206030037,6.0,1188.0
SIA,MG,202506,2756749,0206020023,5.0,433.75
SIA,MG,202506,7114982,0206010052,0.0,0.0
SIA,MG,202506,9228713,0206010044,2.0,173.5
SIA,MG,202506,5824591,0206030010,7.0,970.41
SIA,MG,202506,2140217,0206010036,6.0,520.56
SIA,MG,202506,2128047,0206030010,8.0,1109.04
SIA,MG,202506,2169479,0211020036,38.0,195.7
SIA,MG,202506,2143992,0206010044,1.0,86.75
SIA,MG,202506,3871797,0206010010,0.0,0.0
SIA,MG,202506,2218690,0206030029,1.0,86.75
SIA,MG,202506,2144298,0206010052,1.0,86.75
SIA,MG,202506,4317041,0211020036,28.0,144.2
SIA,MG,202506,7242697,0211020036,2.0,10.3
SIA,MG,202506,2121638,0211020036,1.0,5.15
SIA,MG,202506,2122650,0206010028,4.0,404.4
SIA,MG,202506,2796619,0206010010,3.0,260.28
SIA,MG,202506,2135132,0206010010,7.0,607.32
SIA,MG,202506,6629725,0206010028,6.0,1710.0
SIA,MG,202506,2192128,0206010010,1.0,86.76
SIA,MG,202506,2215586,0206020015,1.0,86.75
SIA,MG,202506,2178559,0206020031,6.0,818.46
SIA,MG,202506,2761203,0206030029,2.0,173.5
SIA,MG,202506,9344330,0206010010,2.0,173.52
SIA,MG,202506,2220377,0211020036,1.0,5.15
SIA,MG,202506,2119498,0211020036,32.0,164.8
SIA,MG,202506,2127989,0206020023,1.0,86.75
SIA,MG,202506,5649862,0211020060,20.0,600.0
SIA,MG,202506,2117134,0206020023,1.0,86.75
SIA,MG,202506,2215586,0206010010,4.0,347.04
SIA,MG,202506,2172887,0206030029,1.0,86.75
SIA,MG,202506,2160080,0211020036,37.0,190.55
SIA,MG,202506,2144026,0206010010,5.0,433.8
SIA,MG,202506,3376478,0206030037,3.0,415.89
SIA,MG,202506,3698548,0206010052,1.0,86.75
SIA,MG,202506,3883582,0206010044,1.0,86.75
SIA,MG,202506,2099438,0206010010,1.0,86.76
SIA,MG,202506,2101777,0206020023,7.0,607.25
SIA,MG,202506,2144298,0206030037,1.0,138.63
SIA,MG,202506,7934947,0205010016,2.0,330.0
SIA,MG,202506,2760436,0206020031,3.0,409.23
SIA,MG,202506,2201542,0206010044,3.0,260.25
SIA,MG,202506,7858094,0206010044,2.0,173.5
SIA,MG,202506,2764814,0206010052,1.0,86.75
SIA,MG,202506,2099454,0206010036,2.0,173.52
SIA,MG,202506,2184311,0211020036,128.0,659.2
SIA,MG,202506,2197715,0211020036,67.0,345.05
SIA,MG,202506,6892256,0211020036,174.0,896.1
SIA,MG,202506,2163438,0211020060,30.0,900.0
SIA,MG,202506,2195437,0206030029,2.0,173.5
SIA,MG,202506,2119420,0211020036,131.0,674.65
SIA,MG,202506,7031882,0211020036,250.0,1287.5
SIA,MG,202506,2143992,0211020036,9.0,46.35
SIA,MG,202506,2212536,0211020036,48.0,247.2
SIA,MG,202506,6093361,0206030029,1.0,86.75
SIA,MG,202506,2139073,0206030010,1.0,138.63
SIA,MG,202506,2108828,0211020036,4.0,20.6
SIA,MG,202506,2135310,0211020036,24.0,123.6
SIA,MG,202506,2101777,0211020036,55.0,283.25
SIA,MG,202506,2115468,0211020036,200.0,1030.0
SIA,MG,202506,2169657,0211020036,180.0,927.0
SIA,MG,202506,2099454,0206010052,1.0,86.75
SIA,MG,202506,5371422,0211020060,14.0,420.0
SIA,MG,202506,2143992,0206020023,1.0,86.75
SIA,MG,202506,2144026,0211020036,5.0,25.75
SIA,MG,202506,2102544,0211020036,60.0,309.0
SIA,MG,202506,2756749,0206010036,2.0,173.52
SIA,MG,202506,2218410,0211020036,31.0,159.65
SIA,MG,202506,2159147,0211020036,28.0,144.2
SIA,MG,202506,3050378,0206020015,1.0,86.75
SIA,MG,202506,2206552,0211020036,37.0,190.55
SIA,MG,202506,2143895,0211020036,100.0,515.0
SIA,MG,202506,6709052,0211020036,76.0,391.4
SIA,MG,202506,2761041,0206020031,1.0,136.41
SIA,MG,202506,2166062,0211020036,76.0,391.4
SIA,MG,202506,2205971,0211020036,168.0,865.2
SIA,MG,202506,2143801,0206010052,1.0,86.75
SIA,MG,202506,7741464,0211020060,10.0,300.0
SIA,MG,202506,7741464,0206020031,1.0,136.41
SIA,MG,202506,2208857,0206010036,1.0,86.76
SIA,MG,202506,6006361,0206020023,0.0,0.0
SIA,MG,202506,2200961,0211020036,100.0,515.0
SIA,MG,202506,2162903,0211020036,13.0,66.95
SIA,MG,202506,2796562,0206020015,1.0,86.75
SIA,MG,202506,2144530,0206010028,2.0,202.2
SIA,MG,202506,6085121,0206010028,2.0,404.4
SIA,MG,202506,5677416,0211020036,62.0,319.3
SIA,MG,202506,2103397,0211020036,71.0,365.65
SIA,MG,202506,2099152,0206020023,1.0,164.82
SIA,MG,202506,9228713,0206010010,3.0,260.28
SIA,MG,202506,7114982,0206010010,0.0,0.0
SIA,MG,202506,2142376,0206030029,1.0,86.75
SIA,MG,202506,2760657,0206030029,1.0,86.75
SIA,MG,202506,6856209,0211020036,202.0,1040.3
SIA,MG,202506,2143801,0206010028,2.0,202.2
SIA,MG,202506,7519826,0211020036,2.0,10.3
SIA,MG,202506,2123673,0211020036,69.0,355.35
SIA,MG,202506,2760908,0211020036,58.0,298.7
SIA,MG,202506,2172259,0206020023,2.0,192.86
SIA,MG,202506,2796562,0206030037,1.0,138.63
SIA,MG,202506,2768372,0211020036,157.0,808.55
SIA,MG,202506,7934947,0206010010,1.0,86.76
SIA,MG,202506,3224945,0211020060,50.0,1500.0
SIA,MG,202506,6776434,0206010036,0.0,0.0
SIA,MG,202506,2764784,0211020036,78.0,401.7
SIA,MG,202506,2192020,0206030010,1.0,260.0
SIA,MG,202506,2144530,0206020023,1.0,86.75
SIA,MG,202506,2776286,0206030029,1.0,86.75
SIA,MG,202506,2099438,0206010036,1.0,86.76
SIA,MG,202506,4378520,0211020036,9.0,46.35
SIA,MG,202506,2760436,0206020015,1.0,86.75
SIA,MG,202506,4041437,0211020036,188.0,968.2
SIA,MG,202506,6028454,0208010025,1.0,408.52
SIA,MG,202506,2115786,0211020036,337.0,1735.55
SIA,MG,202506,2127687,0211020036,9.0,46.35
SIA,MG,202506,2756749,0206010052,2.0,173.5
SIA,MG,202506,9296379,0211020036,39.0,200.85
SIA,MG,202506,2203448,0211020036,93.0,478.95
SIA,MG,202506,7038216,0206010052,1.0,86.75
SIA,MG,202506,2111640,0206010044,1.0,86.75
SIA,MG,202506,2841622,0206030037,1.0,138.63
SIA,MG,202506,2201879,0206010028,1.0,285.0
SIA,MG,202506,2105578,0211020036,131.0,674.65
SIA,MG,202506,2100681,0206030029,2.0,173.5
SIA,MG,202506,2118246,0206010028,6.0,606.6
SIA,MG,202506,6697054,0206010010,1.0,86.76
SIA,MG,202506,2171988,0206010060,1.0,97.44
SIA,MG,202506,2796562,0206020023,1.0,86.75
SIA,MG,202506,2112140,0206030029,1.0,86.75
SIA,MG,202506,6959415,0206010036,0.0,0.0
SIA,MG,202506,3050378,0206030037,1.0,138.63
SIA,MG,202506,2168553,0206020023,1.0,86.75
SIA,MG,202506,2117282,0211020036,46.0,236.9
SIA,MG,202506,7691807,0206010036,1.0,86.76
SIA,MG,202506,2171988,0206020023,7.0,607.25
SIA,MG,202506,7387377,0206010060,1.0,281.3
SIA,MG,202506,2129566,0206010036,1.0,86.76
SIA,MG,202506,6487556,0206010028,0.0,0.0
SIA,MG,202506,2160498,0211020036,123.0,633.45
SIA,MG,202506,4042085,0206010036,1.0,86.76
SIA,MG,202506,2159252,0206020015,1.0,86.75
SIA,MG,202506,2099454,0206020015,1.0,86.75
SIA,MG,202506,2099152,0206020015,2.0,329.66
SIA,MG,202506,2119757,0211020036,6.0,30.9
SIA,MG,202506,2726726,0206010052,2.0,173.5
SIA,MG,202506,9681752,0206010010,1.0,86.76
SIA,MG,202506,3960668,0206020015,5.0,433.75
SIA,MG,202506,7858094,0206030037,12.0,1663.56
SIA,MG,202506,2161710,0211020036,98.0,504.7
SIA,MG,202506,2098407,0206010010,1.0,86.76
SIA,MG,202506,2133822,0211020036,146.0,751.9
SIA,MG,202506,5661757,0211020036,17.0,87.55
SIA,MG,202506,2206447,0206020031,1.0,136.41
SIA,MG,202506,2117134,0206030037,2.0,277.26
SIA,MG,202506,2154560,0211020036,60.0,309.0
SIA,MG,202506,2168553,0206020015,1.0,86.75
SIA,MG,202506,2154498,0211020036,5.0,25.75
SIA,MG,202506,2146126,0211020036,591.0,3043.65
SIA,MG,202506,2122650,0206010010,3.0,260.28
SIA,MG,202506,2796619,0206030029,5.0,433.75
SIA,MG,202506,2142376,0206020031,5.0,682.05
SIA,MG,202506,0133752,0206020015,1.0,86.75
SIA,MG,202506,2114763,0206010044,1.0,86.75
SIA,MG,202506,7052464,0208010033,1.0,383.07
SIA,MG,202506,3871797,0206030029,0.0,0.0
SIA,MG,202506,3871797,0206020015,0.0,0.0
SIA,MG,202506,2144638,0206030037,4.0,554.52
SIA,MG,202506,2796392,0206010036,3.0,260.28
SIA,MG,202506,2109034,0206030037,1.0,262.83
SIA,MG,202506,2179628,0211020036,101.0,520.15
SIA,MG,202506,2171961,0211020060,42.0,1260.0
SIA,MG,202506,2183803,0206010010,1.0,86.76
SIA,MG,202506,4538382,0206030029,1.0,86.75
SIA,MG,202506,2189860,0211020036,146.0,751.9
SIA,MG,202506,2124300,0211020060,24.0,720.0
SIA,MG,202506,2102749,0211020036,16.0,82.4
SIA,MG,202506,2102587,0211020036,51.0,262.65
SIA,MG,202506,2761203,0206010010,1.0,86.76
SIA,MG,202506,2098369,0206020015,1.0,86.75
SIA,MG,202506,2144182,0211020036,40.0,206.0
SIA,MG,202506,0192465,0211020036,89.0,458.35
SIA,MG,202506,2135132,0206020015,1.0,86.75
SIA,MG,202506,3376478,0206030010,1.0,138.63
SIA,MG,202506,2796392,0206030029,2.0,173.5
SIA,MG,202506,2119323,0211020036,30.0,154.5
SIA,MG,202506,2103257,0211020036,47.0,242.05
SIA,MG,202506,6049265,0211020036,992.0,5108.8
SIA,MG,202506,4042107,0211020036,514.0,2647.1
SIA,MG,202506,2206382,0206020015,2.0,173.5
SIA,MG,202506,2202603,0211020036,49.0,252.35
SIA,MG,202506,5824591,0206020031,2.0,272.82
SIA,MG,202506,2208857,0206010028,1.0,101.1
SIA,MG,202506,2166461,0211020036,21.0,108.15
SIA,MG,202506,9681752,0206010079,4.0,389.76
SIA,MG,202506,2102099,0211020036,19.0,97.85
SIA,MG,202506,2209195,0206020023,1.0,86.75
SIA,MG,202506,2208512,0211020036,50.0,257.5
SIA,MG,202506,2139030,0211020036,20.0,103.0
SIA,MG,202506,2190125,0211020036,447.0,2302.05
SIA,MG,202506,2796619,0206010052,1.0,86.75
SIA,MG,202506,2204606,0211020036,192.0,988.8
SIA,MG,202506,2760681,0206020023,1.0,86.75
SIA,MG,202506,2103311,0211020036,71.0,365.65
SIA,MG,202506,2167638,0211020036,26.0,133.9
SIA,MG,202506,2194937,0206030029,5.0,433.75
SIA,MG,202506,2173166,0206010028,3.0,606.6
SIA,MG,202506,2157942,0211020036,100.0,515.0
SIA,MG,202506,2205734,0206010079,2.0,194.88
SIA,MG,202506,2172674,0211020036,40.0,206.0
SIA,MG,202506,5824591,0206030037,1.0,138.63
SIA,MG,202506,6931464,0211020036,4.0,20.6
SIA,MG,202506,2150158,0211020036,385.0,1982.75
SIA,MG,202506,6085121,0206020023,1.0,173.5
SIA,MG,202506,2102684,0211020036,50.0,257.5
SIA,MG,202506,6006361,0206010052,0.0,0.0
SIA,MG,202506,2144026,0206010044,5.0,433.75
SIA,MG,202506,2173166,0211020036,165.0,849.75
SIA,MG,202506,2144549,0211020036,25.0,128.75
SIA,MG,202506,2211262,0211020036,40.0,206.0
SIA,MG,202506,2785684,0206010028,1.0,202.2
SIA,MG,202506,2195453,0211020036,37.0,190.55
SIA,MG,202506,2203332,0211020036,55.0,283.25
SIA,MG,202506,2120194,0211020036,79.0,406.85
SIA,MG,202506,2168707,0206010036,1.0,86.76
SIA,MG,202506,4042085,0211020036,111.0,571.65
SIA,MG,202506,2760843,0206030010,1.0,138.63
SIA,MG,202506,7038216,0206030029,3.0,260.25
SIA,MG,202506,2763524,0211020036,59.0,303.85
SIA,MG,202506,3754731,0211020036,241.0,1241.15
SIA,MG,202506,2841622,0206030010,1.0,138.63
SIA,MG,202506,6640486,0211020036,53.0,272.95
SIA,MG,202506,2140411,0211020036,230.0,1184.5
SIA,MG,202506,2134535,0211020036,19.0,97.85
SIA,MG,202506,2114143,0211020036,88.0,453.2
SIA,MG,202506,6432654,0206020031,1.0,136.41
SIA,MG,202506,2126540,0211020036,202.0,1040.3
SIA,MG,202506,9061681,0206020031,1.0,136.41
SIA,MG,202506,2135124,0211020036,52.0,267.8
SIA,MG,202506,2162938,0211020036,45.0,231.75
SIA,MG,202506,2115506,0211020036,93.0,478.95
SIA,MG,202506,2119463,0211020036,156.0,803.4
SIA,MG,202506,2208075,0211020036,62.0,319.3
SIA,MG,202506,5796601,0206010044,2.0,173.5
SIA,MG,202506,0981400,0211020036,3.0,15.45
SIA,MG,202506,2136236,0211020036,115.0,592.25
SIA,MG,202506,2140063,0211020036,9.0,46.35
SIA,MG,202506,2202891,0211020036,91.0,468.65
SIA,MG,202506,2155583,0211020036,100.0,515.0
SIA,MG,202506,2102765,0211020036,183.0,942.45
SIA,MG,202506,6487556,0206010010,0.0,0.0
SIA,MG,202506,2156512,0211020036,25.0,128.75
SIA,MG,202506,2118076,0211020036,61.0,314.15
SIA,MG,202506,2141922,0211020036,275.0,1416.25
SIA,MG,202506,2172941,0211020036,39.0,200.85
SIA,MG,202506,2764814,0211020036,208.0,1071.2
SIA,MG,202506,2796775,0211020036,14.0,72.1
SIA,MG,202506,2761106,0206010028,1.0,101.1
SIA,MG,202506,2157071,0211020036,42.0,216.3
SIA,MG,202506,2102900,0211020036,50.0,257.5
SIA,MG,202506,2163829,0206010052,1.0,86.75
SIA,MG,202506,2191164,0206010028,1.0,101.1
SIA,MG,202506,2796449,0206010044,1.0,184.26
SIA,MG,202506,6365612,0211020036,128.0,659.2
SIA,MG,202506,2871211,0211020036,3.0,15.45
SIA,MG,202506,2796619,0211020036,162.0,834.3
SIA,MG,202506,7201109,0211020036,225.0,1158.75
SIA,MG,202506,2203162,0211020036,58.0,298.7
SIA,MG,202506,0133876,0211020036,50.0,257.5
SIA,MG,202506,0133752,0206010010,1.0,86.76
SIA,MG,202506,2157357,0211020036,37.0,190.55
SIA,MG,202506,2121727,0211020036,69.0,355.35
SIA,MG,202506,2100681,0206010044,1.0,86.75
SIA,MG,202506,2166127,0211020036,55.0,283.25
SIA,MG,202506,2776030,0211020036,197.0,1014.55
SIA,MG,202506,2099152,0206010010,4.0,662.04
SIA,MG,202506,2117185,0211020036,5.0,25.75
SIA,MG,202506,2181509,0211020036,80.0,412.0
SIA,MG,202506,2161729,0211020036,85.0,437.75
SIA,MG,202506,2173565,0206010052,1.0,86.75
SIA,MG,202506,2205734,0206010052,1.0,86.75
SIA,MG,202506,2169878,0211020036,4.0,20.6
SIA,MG,202506,2760843,0211020036,13.0,66.95
SIA,MG,202506,2841622,0206010010,1.0,86.76
SIA,MG,202506,2099497,0211020060,0.0,0.0
SIA,MG,202506,2160471,0211020036,35.0,180.25
SIA,MG,202506,2148293,0211020036,15.0,77.25
SIA,MG,202506,2185520,0211020036,163.0,839.45
SIA,MG,202506,2105330,0211020036,10.0,51.5
SIA,MG,202506,7962088,0206010028,1.0,101.1
SIA,MG,202506,2100347,0211020036,25.0,128.75
SIA,MG,202506,3873781,0211020036,168.0,865.2
SIA,MG,202506,2126982,0211020036,90.0,463.5
SIA,MG,202506,2796392,0206020023,1.0,86.75
SIA,MG,202506,2160315,0211020036,175.0,901.25
SIA,MG,202506,2142244,0211020036,168.0,865.2
SIA,MG,202506,2146606,0211020036,1.0,5.15
SIA,MG,202506,2795299,0211020036,30.0,154.5
SIA,MG,202506,2183439,0211020036,40.0,206.0
SIA,MG,202506,9127666,0211020036,340.0,1751.0
SIA,MG,202506,9061681,0211020036,578.0,2976.7
SIA,MG,202506,2205734,0206030010,2.0,277.26
SIA,MG,202506,2212854,0211020036,176.0,906.4
SIA,MG,202506,3313484,0211020036,30.0,154.5
SIA,MG,202506,2144166,0211020036,59.0,303.85
SIA,MG,202506,2178850,0211020036,10.0,51.5
SIA,MG,202506,2128012,0211020036,153.0,787.95
SIA,MG,202506,2144042,0211020036,32.0,164.8
SIA,MG,202506,2160072,0211020036,50.0,257.5
SIA,MG,202506,2212609,0211020036,100.0,515.0
SIA,MG,202506,4041690,0211020036,37.0,190.55
SIA,MG,202506,2216272,0211020036,11.0,56.65
SIA,MG,202506,6959415,0211020036,0.0,0.0
SIA,MG,202506,2168731,0211020036,64.0,329.6
SIA,MG,202506,2195224,0211020036,6.0,30.9
SIA,MG,202506,2114364,0211020036,44.0,226.6
SIA,MG,202506,2212269,0211020036,210.0,1081.5
SIA,MG,202506,2192128,0206020015,2.0,173.5
SIA,MG,202506,2760916,0211020036,168.0,865.2
SIA,MG,202506,3376478,0206010010,1.0,86.76
SIA,MG,202506,3050378,0206030010,1.0,138.63
SIA,MG,202506,3376478,0206030029,1.0,86.75
SIA,MG,202506,2146487,0211020036,143.0,736.45
SIA,MG,202506,2119420,0206010052,1.0,86.75
SIA,MG,202506,2167727,0211020036,178.0,916.7
SIA,MG,202506,2214067,0211020036,30.0,154.5
SIA,MG,202506,2139057,0211020036,100.0,515.0
SIA,MG,202506,2205904,0206020031,1.0,136.41
SIA,MG,202506,7106548,0211020036,434.0,2235.1
SIA,MG,202506,9474439,0211020036,143.0,736.45
SIA,MG,202506,2134314,0211020036,171.0,880.65
SIA,MG,202506,2168626,0211020036,52.0,267.8
SIA,MG,202506,0246417,0211020036,160.0,824.0
SIA,MG,202506,2135132,0211020036,0.0,0.0
SIA,MG,202506,6006361,0206030037,0.0,0.0
SIA,MG,202506,2204762,0206010036,1.0,86.76
SIA,MG,202506,2140330,0211020036,20.0,103.0
SIA,MG,202506,2192632,0211020036,160.0,824.0
SIA,MG,202506,2760436,0211020060,19.0,570.0
SIA,MG,202506,2797364,0211020036,141.0,726.15
SIA,MG,202506,2146592,0211020036,22.0,113.3
SIA,MG,202506,2764792,0211020036,59.0,303.85
SIA,MG,202506,2101033,0211020036,32.0,164.8
SIA,MG,202506,2205866,0211020036,76.0,391.4
SIA,MG,202506,6655203,0211020036,30.0,154.5
SIA,MG,202506,0041548,0206030029,2.0,173.5
SIA,MG,202506,2142600,0211020036,55.0,283.25
SIA,MG,202506,2194317,0211020036,86.0,442.9
SIA,MG,202506,6920977,0211020036,304.0,1565.6
SIA,MG,202506,2205939,0211020036,14.0,72.1
SIA,MG,202506,2159155,0211020036,370.0,1905.5
SIA,MG,202506,2136007,0211020036,135.0,695.25
SIA,MG,202506,2212056,0211020036,30.0,154.5
SIA,MG,202506,2142406,0211020036,104.0,535.6
SIA,MG,202506,2760924,0211020036,100.0,515.0
SIA,MG,202506,2208849,0211020036,33.0,169.95
SIA,MG,202506,2134292,0211020036,15.0,77.25
SIA,MG,202506,2204762,0211020036,463.0,2384.45
SIA,MG,202506,7391242,0211020036,148.0,762.2
SIA,MG,202506,2151650,0211020036,32.0,164.8
SIA,MG,202506,2133644,0211020036,68.0,350.2
SIA,MG,202506,9681752,0206020023,1.0,86.75
SIA,MG,202506,2209691,0211020036,108.0,556.2
SIA,MG,202506,5473586,0206010079,0.0,0.0
SIA,MG,202506,2101262,0211020036,316.0,1627.4
SIA,MG,202506,9672915,0211020036,1.0,5.15
SIA,MG,202506,2133954,0211020036,105.0,540.75
SIA,MG,202506,2127687,0206030010,1.0,138.63
SIA,MG,202506,2153947,0211020036,200.0,1030.0
SIA,MG,202506,9681752,0206010036,1.0,86.76
SIA,MG,202506,2192128,0211020036,79.0,406.85
SIA,MG,202506,0981400,0206010060,2.0,194.88
SIA,MG,202506,9013245,0211020036,178.0,916.7
SIA,MG,202506,6471226,0206010010,1.0,86.76
SIA,MG,202506,2143801,0206010044,1.0,86.75
SIA,MG,202506,2099233,0211020036,240.0,1236.0
SIA,MG,202506,2112140,0206020015,1.0,86.75
SIA,MG,202506,2180839,0211020036,81.0,417.15
SIA,MG,202506,2159279,0902010034,2.0,540.0
SIA,MG,202506,2159279,0902010026,9.0,1800.0
SIA,MG,202506,2159279,0902010069,3.0,1050.0
SIA,MG,202506,2161362,0211020036,57.0,293.55
SIA,MG,202506,2162504,0211020036,43.0,221.45
SIA,MG,202506,9881425,0211020036,153.0,787.95
SIA,MG,202506,4962850,0211020036,20.0,103.0
SIA,MG,202506,3649156,0211020036,44.0,226.6
SIA,MG,202506,2761165,0211020036,26.0,133.9
SIA,MG,202506,2159279,0211020060,0.0,0.0
SIA,MG,202506,2159279,0902010018,12.0,1560.0
SIA,MG,202506,2118319,0211020036,196.0,1009.4
SIA,MG,202506,2153912,0211020036,102.0,525.3
SIA,MG,202506,2151758,0211020036,286.0,1472.9
SIA,MG,202506,2149214,0211020036,165.0,849.75
SIA,MG,202506,2168650,0206010036,1.0,86.76
SIA,MG,202506,2764350,0211020036,176.0,906.4
SIA,MG,202506,0283118,0211020036,181.0,782.8
SIA,MG,202506,2761041,0206030037,1.0,138.63
SIA,MG,202506,2138875,0206010052,1.0,86.75
SIA,MG,202506,0922366,0211020036,129.0,664.35
SIA,MG,202506,2759306,0211020036,2.0,10.3
SIA,MG,202506,2144557,0211020036,12.0,61.8
SIA,MG,202506,0283118,0902010018,29.0,3770.0
SIA,MG,202506,2160560,0211020036,38.0,195.7
SIA,MG,202506,2211912,0211020036,12.0,61.8
SIA,MG,202506,0828114,0206020015,1.0,86.75
SIA,MG,202506,2167751,0211020036,56.0,288.4
SIA,MG,202506,4042298,0211020036,86.0,442.9
SIA,MG,202506,2127989,0211020010,24.0,17520.96
SIA,MG,202506,2099853,0211020036,107.0,551.05
SIA,MG,202506,7691807,0206020023,1.0,86.75
SIA,MG,202506,2215586,0206030029,1.0,86.75
SIA,MG,202506,2146525,0211020010,11.0,8030.44
SIA,MG,202506,2156830,0211020036,93.0,478.95
SIA,MG,202506,2213400,0211020036,141.0,726.15
SIA,MG,202506,2760851,0211020036,21.0,108.15
SIA,MG,202506,2165848,0211020036,11.0,56.65
SIA,MG,202506,5921414,0206010010,1.0,86.76
SIA,MG,202506,6408354,0211020036,1.0,5.15
SIA,MG,202506,2183455,0206020023,1.0,86.75
SIA,MG,202506,2144204,0211020036,117.0,602.55
SIA,MG,202506,9544674,0211020036,0.0,0.0
SIA,MG,202506,2764512,0211020036,27.0,139.05
SIA,MG,202506,2764776,0206030029,2.0,173.5
