sistema,uf,competencia,cnes,procedimento,qtd,valor
SIA,SP,202501,2080338,0206020031,325.0,44333.25
SIA,SP,202501,2080338,0206030037,347.0,48104.61
SIA,SP,202501,2080338,0206010079,346.0,33714.24
SIA,SP,202501,2088517,0206010079,129.0,12569.76
SIA,SP,202501,2088517,0206020031,9.0,1227.69
SIA,SP,202501,2080338,0206030010,322.0,44638.86
SIA,SP,202501,2077477,0208010033,21.0,8044.47
SIA,SP,202501,2077477,0206010079,586.0,57099.84
SIA,SP,202501,2077477,0206030010,886.0,122826.18
SIA,SP,202501,2077477,0206020031,1012.0,138046.92
SIA,SP,202501,2077477,0206010010,165.0,14315.4
SIA,SP,202501,2077620,0206010079,252.0,24554.88
SIA,SP,202501,2077620,0206030029,58.0,5031.5
SIA,SP,202501,2077620,0206030010,125.0,17328.75
SIA,SP,202501,2077477,0206030037,881.0,122133.03
SIA,SP,202501,2077477,0206010052,128.0,11104.0
SIA,SP,202501,2077477,0206030029,48.0,4164.0
SIA,SP,202501,6916074,0211020036,485.0,2497.75
SIA,SP,202501,9242295,0211020036,400.0,2060.0
SIA,SP,202501,2688573,0206010079,349.0,34006.56
SIA,SP,202501,2688573,0206020031,201.0,27418.41
SIA,SP,202501,2066092,0206010044,104.0,9022.0
SIA,SP,202501,2066092,0206030010,439.0,60858.57
SIA,SP,202501,2066092,0206010010,102.0,8849.52
SIA,SP,202501,2066092,0206020031,275.0,37512.75
SIA,SP,202501,2066092,0206010079,632.0,61582.08
SIA,SP,202501,2076926,0206010044,121.0,10496.75
SIA,SP,202501,2076926,0206010028,87.0,8795.7
SIA,SP,202501,2076926,0206010079,454.0,44237.76
SIA,SP,202501,2077477,0206010036,61.0,5292.36
SIA,SP,202501,2077477,0206010044,147.0,12752.25
SIA,SP,202501,2079321,0206030029,32.0,2776.0
SIA,SP,202501,2079321,0206020031,264.0,36012.24
SIA,SP,202501,2079321,0206010079,446.0,43458.24
SIA,SP,202501,2079321,0206010028,263.0,26589.3
SIA,SP,202501,2080338,0211020036,181.0,932.15
SIA,SP,202501,2071568,0206020031,791.0,107900.31
SIA,SP,202501,2071568,0206030037,77.0,10674.51
SIA,SP,202501,2071568,0208010033,486.0,186172.02
SIA,SP,202501,2077477,0206010028,129.0,13041.9
SIA,SP,202501,2066092,0206010036,35.0,3036.6
SIA,SP,202501,9492380,0211020036,380.0,1957.0
SIA,SP,202501,2077620,0206030037,131.0,18160.53
SIA,SP,202501,2077477,0208010025,19.0,7761.88
SIA,SP,202501,2080338,0206010028,98.0,9907.8
SIA,SP,202501,2088517,0206030037,14.0,1940.82
SIA,SP,202501,2066092,0206030037,448.0,62106.24
SIA,SP,202501,2079321,0206030037,227.0,31469.01
SIA,SP,202501,2688573,0206030010,438.0,60719.94
SIA,SP,202501,2076926,0206030010,510.0,70701.3
SIA,SP,202501,2688573,0206030037,449.0,62244.87
SIA,SP,202501,2079321,0206030010,256.0,35489.28
SIA,SP,202501,2079321,0206020015,16.0,1388.0
SIA,SP,202501,2080338,0206010010,82.0,7114.32
SIA,SP,202501,2077590,0208010033,211.0,80827.77
SIA,SP,202501,2089084,0206030010,108.0,14972.04
SIA,SP,202501,2077590,0206030037,438.0,60719.94
SIA,SP,202501,2079798,0206030037,384.0,53233.92
SIA,SP,202501,2079798,0206030010,412.0,57115.56
SIA,SP,202501,9465464,0206030037,466.0,64601.58
SIA,SP,202501,9465464,0206030010,463.0,64185.69
SIA,SP,202501,2077477,0206020023,17.0,1474.75
SIA,SP,202501,2089084,0206030037,124.0,17190.12
SIA,SP,202501,2066092,0206010052,27.0,2342.25
SIA,SP,202501,2077590,0206030010,493.0,68344.59
SIA,SP,202501,2089696,0206020031,69.0,9412.29
SIA,SP,202501,9465464,0206020031,126.0,17187.66
SIA,SP,202501,2075962,0206020015,23.0,1995.25
SIA,SP,202501,2075962,0206010028,447.0,45191.7
SIA,SP,202501,2079321,0206010044,113.0,9802.75
SIA,SP,202501,2089696,0206030037,33.0,4574.79
SIA,SP,202501,2075962,0206010079,249.0,24262.56
SIA,SP,202501,2089696,0206030010,38.0,5267.94
SIA,SP,202501,2077590,0206020031,556.0,75843.96
SIA,SP,202501,9472940,0206020031,271.0,36967.11
SIA,SP,202501,2077531,0206030010,124.0,17190.12
SIA,SP,202501,9472940,0206030010,6.0,831.78
SIA,SP,202501,2075962,0206030037,67.0,9288.21
SIA,SP,202501,9400109,0211020036,371.0,1910.65
SIA,SP,202501,2077590,0208010025,204.0,83338.08
SIA,SP,202501,2075962,0206020031,530.0,72297.3
SIA,SP,202501,2089084,0206020031,89.0,12140.49
SIA,SP,202501,2080338,0206030029,32.0,2776.0
SIA,SP,202501,5595746,0211020036,198.0,1019.7
SIA,SP,202501,2088517,0211020036,108.0,556.2
SIA,SP,202501,2088517,0206030029,4.0,347.0
SIA,SP,202501,9465464,0206010079,448.0,43653.12
SIA,SP,202501,2089084,0206010079,158.0,15395.52
SIA,SP,202501,9912266,0211020036,428.0,2204.2
SIA,SP,202501,2075962,0206030029,32.0,2776.0
SIA,SP,202501,2075962,0206030010,65.0,9010.95
SIA,SP,202501,2075962,0206010036,35.0,3036.6
SIA,SP,202501,2088517,0206030010,12.0,1663.56
SIA,SP,202501,2081970,0206030010,203.0,28141.89
SIA,SP,202501,2082829,0206010028,205.0,20725.5
SIA,SP,202501,2082829,0206010079,528.0,51448.32
SIA,SP,202501,2075962,0206010044,73.0,6332.75
SIA,SP,202501,2077477,0211020060,33.0,990.0
SIA,SP,202501,2081970,0206010079,453.0,44140.32
SIA,SP,202501,2089696,0211020036,48.0,247.2
SIA,SP,202501,2077590,0206010079,59.0,5748.96
SIA,SP,202501,2079798,0206010052,111.0,9629.25
SIA,SP,202501,2079798,0206010079,219.0,21339.36
SIA,SP,202501,2077531,0206010079,17.0,1656.48
SIA,SP,202501,7582617,0206030010,81.0,11229.03
SIA,SP,202501,2076926,0206030037,17.0,2356.71
SIA,SP,202501,2076926,0206010036,68.0,5899.68
SIA,SP,202501,9472940,0206010079,666.0,64895.04
SIA,SP,202501,2077620,0206010028,99.0,10008.9
SIA,SP,202501,2077477,0206020015,20.0,1735.0
SIA,SP,202501,7582617,0206030037,87.0,12060.81
SIA,SP,202501,2082829,0206010044,73.0,6332.75
SIA,SP,202501,2081970,0206030037,197.0,27310.11
SIA,SP,202501,7582617,0208010025,180.0,73533.6
SIA,SP,202501,2082829,0206030010,89.0,12338.07
SIA,SP,202501,2081970,0206010052,18.0,1561.5
SIA,SP,202501,2079321,0206010010,38.0,3296.88
SIA,SP,202501,2066572,0206020015,2.0,173.5
SIA,SP,202501,2688573,0206010044,58.0,5031.5
SIA,SP,202501,2077531,0206010044,12.0,1041.0
SIA,SP,202501,2081970,0206010028,72.0,7279.2
SIA,SP,202501,2082829,0206030029,40.0,3470.0
SIA,SP,202501,2076926,0206020031,355.0,48425.55
SIA,SP,202501,7582617,0206010079,181.0,17636.64
SIA,SP,202501,6123740,0206030010,1932.0,267833.16
SIA,SP,202501,6123740,0206020031,2375.0,323973.75
SIA,SP,202501,6123740,0211020036,1776.0,9146.4
SIA,SP,202501,2688573,0206010028,116.0,11727.6
SIA,SP,202501,5874998,0211020036,352.0,1812.8
SIA,SP,202501,2077507,0206010079,1.0,97.44
SIA,SP,202501,9465464,0206010052,16.0,1388.0
SIA,SP,202501,9465464,0206010010,74.0,6420.24
SIA,SP,202501,2077620,0206010010,28.0,2429.28
SIA,SP,202501,2077620,0206020031,96.0,13095.36
SIA,SP,202501,2079798,0206020031,341.0,46515.81
SIA,SP,202501,2076926,0206010052,16.0,1388.0
SIA,SP,202501,2089084,0206010028,116.0,11727.6
SIA,SP,202501,7582617,0206020031,89.0,12140.49
SIA,SP,202501,7582617,0206010010,14.0,1214.64
SIA,SP,202501,2082829,0206020015,11.0,954.25
SIA,SP,202501,2081970,0206020031,236.0,32192.76
SIA,SP,202501,2082829,0206010010,65.0,5639.4
SIA,SP,202501,7582617,0206010028,55.0,5560.5
SIA,SP,202501,7582617,0208010033,180.0,68952.6
SIA,SP,202501,2077531,0206010052,23.0,1995.25
SIA,SP,202501,2688689,0208010025,644.0,263086.88
SIA,SP,202501,2688689,0208010033,552.0,211454.64
SIA,SP,202501,2077590,0206010028,20.0,2022.0
SIA,SP,202501,0483214,0206010079,345.0,33616.8
SIA,SP,202501,0483214,0206030010,455.0,63076.65
SIA,SP,202501,2688689,0206010028,130.0,13143.0
SIA,SP,202501,2688689,0206020031,806.0,109946.46
SIA,SP,202501,2688689,0206030029,43.0,3730.25
SIA,SP,202501,2688689,0206010079,764.0,74444.16
SIA,SP,202501,2071568,0205010016,4.0,660.0
SIA,SP,202501,2076926,0206010010,90.0,7808.4
SIA,SP,202501,9465464,0206010044,75.0,6506.25
SIA,SP,202501,2077531,0206020031,193.0,26327.13
SIA,SP,202501,0483214,0206030037,445.0,61690.35
SIA,SP,202501,2688689,0206010036,91.0,7895.16
SIA,SP,202501,2688689,0206030037,831.0,115201.53
SIA,SP,202501,2688689,0206010044,205.0,17783.75
SIA,SP,202501,2688689,0206030010,812.0,112567.56
SIA,SP,202501,2688689,0206010052,153.0,13272.75
SIA,SP,202501,2688689,0206020015,46.0,3990.5
SIA,SP,202501,2071568,0206010079,87.0,8477.28
SIA,SP,202501,2071568,0206030010,188.0,26062.44
SIA,SP,202501,2071568,0208010025,483.0,197315.16
SIA,SP,202501,0483214,0206010044,48.0,4164.0
SIA,SP,202501,0483214,0206010028,253.0,25578.3
SIA,SP,202501,2071568,0206010052,30.0,2602.5
SIA,SP,202501,2071568,0206010044,32.0,2776.0
SIA,SP,202501,9950931,0206010028,399.0,40338.9
SIA,SP,202501,2069768,0211020036,91.0,468.65
SIA,SP,202501,6123740,0206030037,1866.0,258683.58
SIA,SP,202501,6123740,0206010052,349.0,30275.75
SIA,SP,202501,0483214,0206010036,26.0,2255.76
SIA,SP,202501,2082829,0206010036,34.0,2949.84
SIA,SP,202501,2688689,0206010010,287.0,24900.12
SIA,SP,202501,0483214,0206030029,77.0,6679.75
SIA,SP,202501,0483214,0206020031,94.0,12822.54
SIA,SP,202501,2089696,0206010079,23.0,2241.12
SIA,SP,202501,9472940,0206010044,6.0,520.5
SIA,SP,202501,2078287,0206030037,609.0,84425.67
SIA,SP,202501,6998194,0206030037,57.0,7901.91
SIA,SP,202501,9465464,0206010036,31.0,2689.56
SIA,SP,202501,9465464,0206030029,40.0,3470.0
SIA,SP,202501,6998194,0206030010,57.0,7901.91
SIA,SP,202501,2688689,0206020023,81.0,7026.75
SIA,SP,202501,6998194,0206010044,5.0,433.75
SIA,SP,202501,6123740,0206030029,22.0,1908.5
SIA,SP,202501,6123740,0206010010,35.0,3036.6
SIA,SP,202501,2079321,0206010036,19.0,1648.44
SIA,SP,202501,2078287,0206020031,709.0,96714.69
SIA,SP,202501,2079321,0211020060,97.0,2910.0
SIA,SP,202501,2078325,0206010079,206.0,20072.64
SIA,SP,202501,2080583,0206020015,15.0,1301.25
SIA,SP,202501,2078287,0206030010,619.0,85811.97
SIA,SP,202501,9950931,0206010044,106.0,9195.5
SIA,SP,202501,2080583,0206030010,66.0,9149.58
SIA,SP,202501,9950931,0206010079,152.0,14810.88
SIA,SP,202501,9950931,0206020031,62.0,8457.42
SIA,SP,202501,9950931,0206020015,14.0,1214.5
SIA,SP,202501,0483214,0206020015,9.0,780.75
SIA,SP,202501,2076926,0206020015,35.0,3036.25
SIA,SP,202501,2076926,0206030029,60.0,5205.0
SIA,SP,202501,9950931,0206030037,340.0,47134.2
SIA,SP,202501,2078325,0206030010,29.0,4020.27
SIA,SP,202501,2080338,0206010044,30.0,2602.5
SIA,SP,202501,2078287,0206010052,6.0,520.5
SIA,SP,202501,2078325,0206010036,10.0,867.6
SIA,SP,202501,2078325,0206020031,33.0,4501.53
SIA,SP,202501,2077620,0206020015,19.0,1648.25
SIA,SP,202501,9950931,0206030010,373.0,51708.99
SIA,SP,202501,2089084,0206010010,33.0,2863.08
SIA,SP,202501,2080583,0206010028,17.0,1718.7
SIA,SP,202501,9950931,0206010036,38.0,3296.88
SIA,SP,202501,2080583,0206020031,34.0,4637.94
SIA,SP,202501,6123740,0206010044,218.0,18911.5
SIA,SP,202501,9950931,0206010010,114.0,9890.64
SIA,SP,202501,3527980,0211020060,65.0,1950.0
SIA,SP,202501,6998194,0206010079,59.0,5748.96
SIA,SP,202501,2066092,0206010028,62.0,6268.2
SIA,SP,202501,2066092,0206030029,38.0,3296.5
SIA,SP,202501,2066092,0206020015,45.0,3903.75
SIA,SP,202501,2078287,0206010079,135.0,13154.4
SIA,SP,202501,2078287,0206020023,9.0,780.75
SIA,SP,202501,2075962,0206010010,38.0,3296.88
SIA,SP,202501,2080583,0206030037,64.0,8872.32
SIA,SP,202501,2077477,0211020036,1341.0,6906.15
SIA,SP,202501,2079321,0206010052,15.0,1301.25
SIA,SP,202501,6123740,0206010036,43.0,3730.68
SIA,SP,202501,6123740,0206010079,181.0,17636.64
SIA,SP,202501,2080338,0206010052,12.0,1041.0
SIA,SP,202501,2066572,0206010052,9.0,780.75
SIA,SP,202501,2089084,0206010044,30.0,2602.5
SIA,SP,202501,6123740,0206010028,71.0,7178.1
SIA,SP,202501,6123740,0206020023,53.0,4597.75
SIA,SP,202501,0483214,0206010010,58.0,5032.08
SIA,SP,202501,2088517,0206010044,9.0,780.75
SIA,SP,202501,2088517,0206020023,6.0,520.5
SIA,SP,202501,2079798,0208010025,13.0,5310.76
SIA,SP,202501,2078325,0206010044,48.0,4164.0
SIA,SP,202501,2078325,0206010010,3.0,260.28
SIA,SP,202501,2077590,0206010052,21.0,1821.75
SIA,SP,202501,2080583,0206010036,4.0,347.04
SIA,SP,202501,0974730,0211020036,503.0,2590.45
SIA,SP,202501,2080583,0206010079,104.0,10133.76
SIA,SP,202501,2688573,0206030029,35.0,3036.25
SIA,SP,202501,2080583,0206020023,20.0,1735.0
SIA,SP,202501,2080338,0206010036,40.0,3470.4
SIA,SP,202501,2077620,0206010036,18.0,1561.68
SIA,SP,202501,2080338,0206020015,19.0,1648.25
SIA,SP,202501,2078287,0206010010,12.0,1041.12
SIA,SP,202501,2079798,0206010028,12.0,1213.2
SIA,SP,202501,2078325,0206030037,17.0,2356.71
SIA,SP,202501,2080583,0206030029,20.0,1735.0
SIA,SP,202501,2078287,0206010028,35.0,3538.5
SIA,SP,202501,9618694,0211020036,32.0,164.8
SIA,SP,202501,2079798,0206010010,30.0,2602.8
SIA,SP,202501,2081970,0206010044,98.0,8501.5
SIA,SP,202501,2082829,0206030037,86.0,11922.18
SIA,SP,202501,2081970,0206010010,109.0,9456.84
SIA,SP,202501,2082829,0206020031,153.0,20870.73
SIA,SP,202501,2088517,0206010028,6.0,606.6
SIA,SP,202501,2077531,0206030037,131.0,18160.53
SIA,SP,202501,6998194,0206020031,12.0,1636.92
SIA,SP,202501,2088517,0206010010,2.0,173.52
SIA,SP,202501,6123740,0206010060,2.0,194.88
SIA,SP,202501,2077531,0206010028,5.0,505.5
SIA,SP,202501,2081970,0206020023,17.0,1474.75
SIA,SP,202501,9950931,0206010052,18.0,1561.5
SIA,SP,202501,2071568,0211020036,5207.0,26816.05
SIA,SP,202501,2071568,0211020060,344.0,10320.0
SIA,SP,202501,2081970,0206010036,39.0,3383.64
SIA,SP,202501,2080583,0206010044,12.0,1041.0
SIA,SP,202501,9950931,0206030029,80.0,6940.0
SIA,SP,202501,2082829,0206020023,28.0,2429.0
SIA,SP,202501,9465464,0206020015,35.0,3036.25
SIA,SP,202501,9465464,0206010028,122.0,12334.2
SIA,SP,202501,2071568,0206010028,5.0,505.5
SIA,SP,202501,2078325,0206020023,11.0,954.25
SIA,SP,202501,2078287,0206010036,15.0,1301.4
SIA,SP,202501,2077620,0206010044,14.0,1214.5
SIA,SP,202501,2066572,0206010079,25.0,2436.0
SIA,SP,202501,2078325,0206030029,8.0,694.0
SIA,SP,202501,2066572,0206030010,27.0,3743.01
SIA,SP,202501,2057220,0211020036,48.0,247.2
SIA,SP,202501,2066572,0206020031,33.0,4501.53
SIA,SP,202501,2081970,0206030029,25.0,2168.75
SIA,SP,202501,2688573,0206020015,24.0,2082.0
SIA,SP,202501,7582617,0206010044,41.0,3556.75
SIA,SP,202501,2081970,0206020015,6.0,520.5
SIA,SP,202501,7582617,0206020015,4.0,347.0
SIA,SP,202501,2066572,0206030037,19.0,2633.97
SIA,SP,202501,2089696,0206010010,4.0,347.04
SIA,SP,202501,2071568,0206020023,4.0,347.0
SIA,SP,202501,2077590,0206020023,4.0,347.0
SIA,SP,202501,9472940,0206030037,7.0,970.41
SIA,SP,202501,7582617,0206020023,4.0,347.0
SIA,SP,202501,9950931,0206020023,12.0,1041.0
SIA,SP,202501,2066092,0211020036,554.0,2853.1
SIA,SP,202501,0483214,0206020023,20.0,1735.0
SIA,SP,202501,0483214,0206010060,6.0,584.64
SIA,SP,202501,2077620,0206010052,4.0,347.0
SIA,SP,202501,2089696,0206010052,7.0,607.25
SIA,SP,202501,2079321,0206020023,7.0,607.25
SIA,SP,202501,2089084,0206010052,12.0,1041.0
SIA,SP,202501,2089696,0206010028,16.0,1617.6
SIA,SP,202501,2078325,0206010052,7.0,607.25
SIA,SP,202501,2089084,0206010036,16.0,1388.16
SIA,SP,202501,2078325,0206010028,9.0,909.9
SIA,SP,202501,2079321,0211020036,8.0,41.2
SIA,SP,202501,2688573,0206010010,39.0,3383.64
SIA,SP,202501,2077590,0206010036,9.0,780.84
SIA,SP,202501,2079798,0206020023,10.0,867.5
SIA,SP,202501,2080583,0206010010,6.0,520.56
SIA,SP,202501,2078287,0206020015,4.0,347.0
SIA,SP,202501,2078813,0211020036,164.0,844.6
SIA,SP,202501,2077590,0206010010,7.0,607.32
SIA,SP,202501,7582617,0206010036,11.0,954.36
SIA,SP,202501,2089084,0206030029,8.0,694.0
SIA,SP,202501,2789051,0211020036,166.0,854.9
SIA,SP,202501,7992890,0206010044,21.0,1821.75
SIA,SP,202501,2080346,0206010079,593.0,57781.92
SIA,SP,202501,2084139,0206030037,268.0,37152.84
SIA,SP,202501,2077531,0206020015,2.0,173.5
SIA,SP,202501,2752247,0211020036,148.0,762.2
SIA,SP,202501,2088517,0206010036,1.0,86.76
SIA,SP,202501,2079798,0206010044,29.0,2515.75
SIA,SP,202501,2765942,0211020036,140.0,721.0
SIA,SP,202501,2080125,0206010010,107.0,9283.32
SIA,SP,202501,2080125,0208010025,87.0,35541.24
SIA,SP,202501,2081482,0206030037,93.0,12892.59
SIA,SP,202501,2752190,0211020036,45.0,231.75
SIA,SP,202501,2068974,0206030010,95.0,13169.85
SIA,SP,202501,2080125,0206010052,247.0,21427.25
SIA,SP,202501,2080125,0206030037,739.0,102447.57
SIA,SP,202501,2077485,0211020036,1810.0,9321.5
SIA,SP,202501,2080125,0206010044,166.0,14400.5
SIA,SP,202501,2080125,0206020031,1329.0,181288.89
SIA,SP,202501,2080125,0206030010,772.0,107022.36
SIA,SP,202501,2080125,0206010036,67.0,5812.92
SIA,SP,202501,2080125,0206010079,843.0,82141.92
SIA,SP,202501,2080125,0206010028,547.0,55301.7
SIA,SP,202501,2078465,0206010044,14.0,1214.5
SIA,SP,202501,2091313,0206010079,111.0,10815.84
SIA,SP,202501,2077523,0206020031,243.0,33147.63
SIA,SP,202501,2077523,0206030010,534.0,74028.42
SIA,SP,202501,2077523,0206010028,56.0,5661.6
SIA,SP,202501,2091313,0206030029,24.0,2082.0
SIA,SP,202501,2081482,0206020031,83.0,11322.03
SIA,SP,202501,2077523,0206010044,30.0,2602.5
SIA,SP,202501,2077523,0206030037,643.0,89139.09
SIA,SP,202501,2077485,0206020031,750.0,102307.5
SIA,SP,202501,2077485,0206010010,38.0,3296.88
SIA,SP,202501,2077485,0206010052,174.0,15094.5
SIA,SP,202501,2077485,0206030029,78.0,6766.5
SIA,SP,202501,2077485,0206010044,260.0,22555.0
SIA,SP,202501,2077485,0206030037,499.0,69176.37
SIA,SP,202501,2077485,0206030010,470.0,65156.1
SIA,SP,202501,2077523,0206010079,325.0,31668.0
SIA,SP,202501,2077485,0208010033,5.0,1915.35
SIA,SP,202501,2080125,0206030029,58.0,5031.5
SIA,SP,202501,2077485,0206010079,360.0,35078.4
SIA,SP,202501,2082829,0206010052,11.0,954.25
SIA,SP,202501,2079798,0206020015,4.0,347.0
SIA,SP,202501,7582617,0206010052,7.0,607.25
SIA,SP,202501,2066572,0206010010,1.0,86.76
SIA,SP,202501,2066572,0206010044,3.0,260.25
SIA,SP,202501,2066572,0206010028,2.0,202.2
SIA,SP,202501,2688573,0206010036,12.0,1041.12
SIA,SP,202501,7582617,0206030029,13.0,1127.75
SIA,SP,202501,2088517,0206010060,1.0,97.44
SIA,SP,202501,2022621,0211020036,4.0,20.6
SIA,SP,202501,2079798,0206010036,11.0,954.36
SIA,SP,202501,2077507,0206030037,1.0,138.63
SIA,SP,202501,2077590,0206010044,4.0,347.0
SIA,SP,202501,2066572,0206010036,2.0,173.52
SIA,SP,202501,2688573,0206010052,12.0,1041.0
SIA,SP,202501,2088517,0206010052,1.0,86.75
SIA,SP,202501,2088517,0206020015,2.0,173.5
SIA,SP,202501,2079798,0211020036,291.0,1498.65
SIA,SP,202501,2071568,0206010010,3.0,260.28
SIA,SP,202501,2077531,0206020023,1.0,86.75
SIA,SP,202501,2786826,0211020036,68.0,350.2
SIA,SP,202501,2077507,0206020031,3.0,409.23
SIA,SP,202501,2077531,0208010025,3.0,1225.56
SIA,SP,202501,6479200,0206010095,4.0,8428.88
SIA,SP,202501,2022893,0211020036,247.0,1272.05
SIA,SP,202501,2077620,0211020036,245.0,1261.75
SIA,SP,202501,2787504,0211020036,53.0,272.95
SIA,SP,202501,2076926,0206020023,7.0,607.25
SIA,SP,202501,2079321,0206010087,1.0,138.63
SIA,SP,202501,6123740,0206020015,9.0,780.75
SIA,SP,202501,2077590,0206010095,23.0,48466.06
SIA,SP,202501,2774798,0211020036,19.0,97.85
SIA,SP,202501,6998194,0206010010,1.0,86.76
SIA,SP,202501,2089785,0211020010,216.0,157688.64
SIA,SP,202501,2071568,0206020015,2.0,173.5
SIA,SP,202501,6123740,0206010095,139.0,292903.58
SIA,SP,202501,2076896,0206030010,85.0,11783.55
SIA,SP,202501,2076896,0206020031,93.0,12686.13
SIA,SP,202501,2078155,0206010079,60.0,5846.4
SIA,SP,202501,2090589,0211020036,260.0,1339.0
SIA,SP,202501,6053858,0206030010,295.0,40895.85
SIA,SP,202501,6053858,0206030037,308.0,42698.04
SIA,SP,202501,6053858,0206010010,93.0,8068.68
SIA,SP,202501,9491112,0206020015,18.0,1561.5
SIA,SP,202501,9491112,0206020023,26.0,2255.5
SIA,SP,202501,9491112,0206030037,142.0,19685.46
SIA,SP,202501,9539824,0206030010,328.0,45470.64
SIA,SP,202501,6479200,0206030037,161.0,22319.43
SIA,SP,202501,9539824,0206010079,152.0,14810.88
SIA,SP,202501,9491112,0206020031,64.0,8730.24
SIA,SP,202501,9539824,0206020031,195.0,26599.95
SIA,SP,202501,9539824,0206010052,22.0,1908.5
SIA,SP,202501,9539824,0206030037,331.0,45886.53
SIA,SP,202501,5200105,0206020031,128.0,17460.48
SIA,SP,202501,5200105,0206030010,279.0,38677.77
SIA,SP,202501,2082861,0206010028,39.0,3942.9
SIA,SP,202501,2082861,0206010079,343.0,33421.92
SIA,SP,202501,4651693,0206010052,21.0,1821.75
SIA,SP,202501,5200105,0211020036,231.0,1189.65
SIA,SP,202501,4651693,0206010028,216.0,21837.6
SIA,SP,202501,5200105,0206030037,279.0,38677.77
SIA,SP,202501,9539824,0206010028,248.0,25072.8
SIA,SP,202501,2080575,0211020010,246.0,179589.84
SIA,SP,202501,5200105,0206010044,40.0,3470.0
SIA,SP,202501,2076896,0206010079,118.0,11497.92
SIA,SP,202501,2082861,0206010044,80.0,6940.0
SIA,SP,202501,2076896,0206030037,78.0,10813.14
SIA,SP,202501,2082861,0206030010,338.0,46856.94
SIA,SP,202501,5200105,0206010079,351.0,34201.44
SIA,SP,202501,2786680,0206030010,249.0,34518.87
SIA,SP,202501,6053858,0206020031,163.0,22234.83
SIA,SP,202501,5420938,0206020031,277.0,37785.57
SIA,SP,202501,5420938,0206030010,462.0,64047.06
SIA,SP,202501,5420938,0206030037,460.0,63769.8
SIA,SP,202501,2786680,0206010052,34.0,2949.5
SIA,SP,202501,2786680,0206030029,58.0,5031.5
SIA,SP,202501,5420938,0206010079,493.0,48037.92
SIA,SP,202501,6053858,0206010079,283.0,27575.52
SIA,SP,202501,2788217,0211020036,193.0,993.95
SIA,SP,202501,9491112,0206010028,63.0,6369.3
SIA,SP,202501,9491112,0206010079,229.0,22313.76
SIA,SP,202501,2082861,0206030029,38.0,3296.5
SIA,SP,202501,2077450,0206010079,241.0,23483.04
SIA,SP,202501,2082861,0211020036,390.0,2008.5
SIA,SP,202501,2079240,0206030037,262.0,36321.06
SIA,SP,202501,2079240,0206010044,56.0,4858.0
SIA,SP,202501,2079240,0206030010,254.0,35212.02
SIA,SP,202501,2079240,0206020031,217.0,29600.97
SIA,SP,202501,2786680,0206020031,252.0,34375.32
SIA,SP,202501,2078155,0206010010,12.0,1041.12
SIA,SP,202501,2786680,0206010010,250.0,21690.0
SIA,SP,202501,2786680,0206010079,746.0,72690.24
SIA,SP,202501,4651693,0206030010,130.0,18021.9
SIA,SP,202501,2786680,0206010028,319.0,32250.9
SIA,SP,202501,4651693,0206020031,67.0,9139.47
SIA,SP,202501,2078155,0206010028,20.0,2022.0
SIA,SP,202501,5200105,0206030029,26.0,2255.5
SIA,SP,202501,2074257,0211020036,92.0,473.8
SIA,SP,202501,9539824,0206010036,45.0,3904.2
SIA,SP,202501,9539824,0206020015,19.0,1648.25
SIA,SP,202501,9491112,0206010010,71.0,6159.96
SIA,SP,202501,9491112,0206030010,135.0,18715.05
SIA,SP,202501,9491112,0206010036,46.0,3990.96
SIA,SP,202501,9491112,0206010044,10.0,867.5
SIA,SP,202501,7330847,0206020031,592.0,80754.72
SIA,SP,202501,7330847,0206010079,1025.0,99876.0
SIA,SP,202501,7330847,0206030010,15.0,2079.45
SIA,SP,202501,2079240,0206010079,345.0,33616.8
SIA,SP,202501,2786680,0206010044,179.0,15528.25
SIA,SP,202501,2077426,0206010079,288.0,28062.72
SIA,SP,202501,2077426,0206010044,56.0,4858.0
SIA,SP,202501,2091585,0206010079,106.0,10328.64
SIA,SP,202501,2786680,0206030037,253.0,35073.39
SIA,SP,202501,2077426,0211020036,336.0,1730.4
SIA,SP,202501,2080788,0206030010,39.0,5406.57
SIA,SP,202501,2080575,0208010033,22.0,8427.54
SIA,SP,202501,6479200,0206030010,161.0,22319.43
SIA,SP,202501,6479200,0208010033,18.0,6895.26
SIA,SP,202501,2082861,0206030037,237.0,32855.31
SIA,SP,202501,9539824,0206010044,31.0,2689.25
SIA,SP,202501,2079240,0206010010,30.0,2602.8
SIA,SP,202501,2078155,0206030037,18.0,2495.34
SIA,SP,202501,9491112,0206030029,26.0,2255.5
SIA,SP,202501,2077426,0206010036,30.0,2602.8
SIA,SP,202501,2077426,0206030037,282.0,39093.66
SIA,SP,202501,2077426,0206020015,19.0,1648.25
SIA,SP,202501,2077450,0206010028,229.0,23151.9
SIA,SP,202501,2077450,0206010010,42.0,3643.92
SIA,SP,202501,2077450,0206030010,186.0,25785.18
SIA,SP,202501,2077450,0206030037,182.0,25230.66
SIA,SP,202501,2077426,0206020031,188.0,25645.08
SIA,SP,202501,2077450,0206010036,27.0,2342.52
SIA,SP,202501,2077450,0206030029,33.0,2862.75
SIA,SP,202501,2076896,0206020023,16.0,1388.0
SIA,SP,202501,2077450,0206020031,131.0,17869.71
SIA,SP,202501,2077450,0206010044,63.0,5465.25
SIA,SP,202501,4651693,0206010010,45.0,3904.2
SIA,SP,202501,4651693,0206030037,144.0,19962.72
SIA,SP,202501,2091585,0206030037,51.0,7070.13
SIA,SP,202501,2077426,0206030010,277.0,38400.51
SIA,SP,202501,2078155,0206020031,46.0,6274.86
SIA,SP,202501,6053858,0206030029,19.0,1648.25
SIA,SP,202501,2091585,0206010010,31.0,2689.56
SIA,SP,202501,2079240,0206020023,16.0,1388.0
SIA,SP,202501,5200105,0206010010,37.0,3210.12
SIA,SP,202501,6479200,0206010044,49.0,4250.75
SIA,SP,202501,6053858,0206010052,22.0,1908.5
SIA,SP,202501,6479200,0206020031,69.0,9412.29
SIA,SP,202501,2065266,0211020036,124.0,638.6
SIA,SP,202501,2788195,0211020036,119.0,612.85
SIA,SP,202501,4651693,0206010044,23.0,1995.25
SIA,SP,202501,2082861,0206010010,32.0,2776.32
SIA,SP,202501,2077450,0211020036,126.0,648.9
SIA,SP,202501,2082861,0206020031,192.0,26190.72
SIA,SP,202501,2786680,0206020023,34.0,2949.5
SIA,SP,202501,2787393,0211020036,59.0,303.85
SIA,SP,202501,2065444,0211020036,135.0,695.25
SIA,SP,202501,2082861,0206020015,29.0,2515.75
SIA,SP,202501,2077426,0206030029,45.0,3903.75
SIA,SP,202501,2027526,0211020036,42.0,216.3
SIA,SP,202501,2078155,0206010044,27.0,2342.25
SIA,SP,202501,2092344,0206010079,80.0,7795.2
SIA,SP,202501,2092344,0206010010,10.0,867.6
SIA,SP,202501,2092344,0206030037,60.0,8317.8
SIA,SP,202501,2092344,0206020031,43.0,5865.63
SIA,SP,202501,2092344,0206030010,70.0,9704.1
SIA,SP,202501,2092344,0211020036,221.0,1138.15
SIA,SP,202501,2088495,0211020060,344.0,10320.0
SIA,SP,202501,4651693,0206020015,9.0,780.75
SIA,SP,202501,2092344,0206010052,7.0,607.25
SIA,SP,202501,2092344,0206030029,21.0,1821.75
SIA,SP,202501,2091755,0206030010,126.0,17467.38
SIA,SP,202501,2091755,0206030037,135.0,18715.05
SIA,SP,202501,2091755,0206030029,25.0,2168.75
SIA,SP,202501,2091755,0206010079,201.0,19585.44
SIA,SP,202501,2092344,0206010028,59.0,5964.9
SIA,SP,202501,2077426,0206010010,43.0,3730.68
SIA,SP,202501,5200105,0206010028,50.0,5055.0
SIA,SP,202501,2079240,0206010028,59.0,5964.9
SIA,SP,202501,6479200,0206010079,32.0,3118.08
SIA,SP,202501,2786680,0206010036,146.0,12666.96
SIA,SP,202501,2786680,0206020015,25.0,2168.75
SIA,SP,202501,2081490,0206030037,739.0,102447.57
SIA,SP,202501,2081490,0206010028,144.0,14558.4
SIA,SP,202501,2081490,0206010079,514.0,50084.16
SIA,SP,202501,2081490,0206010044,136.0,11798.0
SIA,SP,202501,2081490,0206030010,724.0,100368.12
SIA,SP,202501,2081490,0206010010,106.0,9196.56
SIA,SP,202501,2081490,0206020023,53.0,4597.75
SIA,SP,202501,2081490,0206020015,56.0,4858.0
SIA,SP,202501,2081490,0206020031,407.0,55518.87
SIA,SP,202501,2081490,0206030029,121.0,10496.75
SIA,SP,202501,2091585,0206030010,50.0,6931.5
SIA,SP,202501,2077426,0206010028,38.0,3841.8
SIA,SP,202501,6053858,0206010044,47.0,4077.25
SIA,SP,202501,2080788,0206020031,38.0,5183.58
SIA,SP,202501,2787725,0211020036,136.0,700.4
SIA,SP,202501,5420938,0206010044,55.0,4771.25
SIA,SP,202501,5420938,0206020015,23.0,1995.25
SIA,SP,202501,2080575,0208010025,22.0,8987.44
SIA,SP,202501,2080788,0206010079,98.0,9549.12
SIA,SP,202501,2078155,0206030029,7.0,607.25
SIA,SP,202501,2078155,0206020015,14.0,1214.5
SIA,SP,202501,6053858,0206020015,16.0,1388.0
SIA,SP,202501,2078155,0206010052,5.0,433.75
SIA,SP,202501,6360890,0211020036,799.0,4114.85
SIA,SP,202501,5200105,0211020060,33.0,990.0
SIA,SP,202501,9241183,0211020036,80.0,412.0
SIA,SP,202501,5420938,0206010052,15.0,1301.25
SIA,SP,202501,5420938,0206030029,47.0,4077.25
SIA,SP,202501,2079798,0208010033,13.0,4979.91
SIA,SP,202501,2079798,0205010016,3.0,495.0
SIA,SP,202501,2080788,0206030037,37.0,5129.31
SIA,SP,202501,6479200,0206030029,4.0,347.0
SIA,SP,202501,2089696,0206010036,2.0,173.52
SIA,SP,202501,2751917,0211020036,16.0,82.4
SIA,SP,202501,2079240,0206010036,32.0,2776.32
SIA,SP,202501,2079240,0206030029,33.0,2862.75
SIA,SP,202501,2078155,0206030010,29.0,4020.27
SIA,SP,202501,2082861,0206010036,17.0,1474.92
SIA,SP,202501,2080575,0206010079,1.0,97.44
SIA,SP,202501,9539824,0206010010,87.0,7548.12
SIA,SP,202501,6053858,0206010028,16.0,1617.6
SIA,SP,202501,2081490,0211020036,408.0,2101.2
SIA,SP,202501,2081490,0206010052,64.0,5552.0
SIA,SP,202501,2708779,0206020031,305.0,41605.05
SIA,SP,202501,2708779,0206030010,221.0,30637.23
SIA,SP,202501,2082861,0206020023,20.0,1735.0
SIA,SP,202501,9539824,0206030029,93.0,8067.75
SIA,SP,202501,4091248,0211020036,509.0,2621.35
SIA,SP,202501,2078155,0211020010,111.0,81034.44
SIA,SP,202501,2091585,0206020031,30.0,4092.3
SIA,SP,202501,2091585,0206030029,5.0,433.75
SIA,SP,202501,4651693,0206010060,2.0,194.88
SIA,SP,202501,2787342,0211020036,190.0,978.5
SIA,SP,202501,7330847,0206030037,14.0,1940.82
SIA,SP,202501,2787024,0211020036,26.0,133.9
SIA,SP,202501,2091585,0206010044,16.0,1388.0
SIA,SP,202501,2076896,0206010010,12.0,1041.12
SIA,SP,202501,7330847,0206010044,18.0,1561.5
SIA,SP,202501,2091755,0206010036,17.0,1474.92
SIA,SP,202501,2091755,0206010044,60.0,5205.0
SIA,SP,202501,2091755,0206020015,21.0,1821.75
SIA,SP,202501,2091755,0206020023,5.0,433.75
SIA,SP,202501,2078155,0206010036,3.0,260.28
SIA,SP,202501,2787210,0211020036,116.0,597.4
SIA,SP,202501,2081695,0206030037,596.0,82623.48
SIA,SP,202501,2081695,0206010079,516.0,50279.04
SIA,SP,202501,2081695,0206030010,591.0,81930.33
SIA,SP,202501,4651693,0206030029,41.0,3556.75
SIA,SP,202501,2081695,0206010010,167.0,14488.92
SIA,SP,202501,2081695,0206020031,504.0,68750.64
SIA,SP,202501,2081695,0206030029,52.0,4511.0
SIA,SP,202501,2081695,0206010028,156.0,15771.6
SIA,SP,202501,2081695,0206010044,237.0,20559.75
SIA,SP,202501,2081695,0206020015,68.0,5899.0
SIA,SP,202501,5200105,0206020023,13.0,1127.75
SIA,SP,202501,2081695,0206010036,141.0,12233.16
SIA,SP,202501,2091585,0206020015,4.0,347.0
SIA,SP,202501,2091755,0206010010,31.0,2689.56
SIA,SP,202501,2091755,0206010028,28.0,2830.8
SIA,SP,202501,2091755,0206010052,5.0,433.75
SIA,SP,202501,2091755,0206020031,74.0,10094.34
SIA,SP,202501,2708779,0206010028,15.0,1516.5
SIA,SP,202501,2708779,0206020023,8.0,694.0
SIA,SP,202501,2708779,0206030037,257.0,35627.91
SIA,SP,202501,2708779,0206020015,17.0,1474.75
SIA,SP,202501,2708779,0206030029,20.0,1735.0
SIA,SP,202501,2788942,0211020036,6.0,30.9
SIA,SP,202501,4651693,0206010079,38.0,3702.72
SIA,SP,202501,2076896,0206030029,8.0,694.0
SIA,SP,202501,2077450,0206020015,9.0,780.75
SIA,SP,202501,2091585,0206020023,6.0,520.5
SIA,SP,202501,6479200,0208010025,13.0,5310.76
SIA,SP,202501,2077426,0206010052,28.0,2429.0
SIA,SP,202501,5420938,0206010010,56.0,4858.56
SIA,SP,202501,4651693,0206020023,2.0,173.5
SIA,SP,202501,7330847,0206010036,4.0,347.04
SIA,SP,202501,7330847,0206010028,21.0,2123.1
SIA,SP,202501,2787857,0211020036,30.0,154.5
SIA,SP,202501,2080575,0206020031,8.0,1091.28
SIA,SP,202501,2081490,0206010036,38.0,3296.88
SIA,SP,202501,5200105,0206020015,19.0,1648.25
SIA,SP,202501,6479200,0206010052,5.0,433.75
SIA,SP,202501,2091585,0206010028,12.0,1213.2
SIA,SP,202501,2091585,0206010036,11.0,954.36
SIA,SP,202501,2080788,0206010010,3.0,260.28
SIA,SP,202501,5420938,0206010028,68.0,6874.8
SIA,SP,202501,6592899,0211020036,73.0,375.95
SIA,SP,202501,2076896,0206010044,16.0,1388.0
SIA,SP,202501,5420938,0211020036,619.0,3187.85
SIA,SP,202501,2708779,0206010052,50.0,4337.5
SIA,SP,202501,2787156,0211020036,12.0,61.8
SIA,SP,202501,2080788,0206030029,1.0,86.75
SIA,SP,202501,0466611,0211020036,314.0,1617.1
SIA,SP,202501,2079410,0206010079,251.0,24457.44
SIA,SP,202501,2079410,0211020036,279.0,1436.85
SIA,SP,202501,2079410,0206030037,37.0,5129.31
SIA,SP,202501,2079410,0206030010,241.0,33409.83
SIA,SP,202501,2079410,0206020031,125.0,17051.25
SIA,SP,202501,2079410,0206010060,1.0,97.44
SIA,SP,202501,5200105,0206010036,23.0,1995.48
SIA,SP,202501,6728626,0211020036,206.0,1060.9
SIA,SP,202501,2082861,0206010052,14.0,1214.5
SIA,SP,202501,2043017,0211020036,21.0,108.15
SIA,SP,202501,4651693,0206010036,26.0,2255.76
SIA,SP,202501,2088495,0208010025,294.0,120104.88
SIA,SP,202501,2088495,0206030029,1.0,86.75
SIA,SP,202501,2088495,0206030010,105.0,14556.15
SIA,SP,202501,2088495,0208010033,256.0,98065.92
SIA,SP,202501,2088495,0206030037,43.0,5961.09
SIA,SP,202501,2088495,0205010016,32.0,5280.0
SIA,SP,202501,2079410,0206030029,6.0,520.5
SIA,SP,202501,2079410,0206010044,31.0,2689.25
SIA,SP,202501,2079410,0206010028,28.0,2830.8
SIA,SP,202501,2079410,0206010010,10.0,867.6
SIA,SP,202501,2752093,0211020036,446.0,2296.9
SIA,SP,202501,6479200,0211020060,84.0,2520.0
SIA,SP,202501,2079240,0206010052,5.0,433.75
SIA,SP,202501,2079240,0211020036,199.0,1024.85
SIA,SP,202501,2076896,0206010028,3.0,303.3
SIA,SP,202501,2092344,0206010044,4.0,347.0
SIA,SP,202501,2079410,0206010052,4.0,347.0
SIA,SP,202501,2079240,0206020015,8.0,694.0
SIA,SP,202501,2076896,0211020036,219.0,1127.85
SIA,SP,202501,2080788,0206010028,4.0,404.4
SIA,SP,202501,2752107,0211020036,454.0,2338.1
SIA,SP,202501,4234774,0211020036,273.0,1405.95
SIA,SP,202501,7792522,0211020036,749.0,3857.35
SIA,SP,202501,2088495,0206020031,247.0,33693.27
SIA,SP,202501,2088495,0206010079,10.0,974.4
SIA,SP,202501,2088495,0206010052,3.0,260.25
SIA,SP,202501,9491112,0211020036,872.0,4490.8
SIA,SP,202501,2077450,0206010052,14.0,1214.5
SIA,SP,202501,6479200,0211020036,959.0,4938.85
SIA,SP,202501,7832893,0206010095,18.0,37929.96
SIA,SP,202501,2752220,0211020036,113.0,581.95
SIA,SP,202501,6053858,0206010060,3.0,292.32
SIA,SP,202501,6053858,0206010036,14.0,1214.64
SIA,SP,202501,2076896,0206010052,8.0,694.0
SIA,SP,202501,9280227,0211020060,150.0,4500.0
SIA,SP,202501,2088495,0211020036,2757.0,14198.55
SIA,SP,202501,2026996,0211020036,131.0,674.65
SIA,SP,202501,2091585,0211020036,44.0,226.6
SIA,SP,202501,2774828,0211020036,419.0,2157.85
SIA,SP,202501,2079410,0206010036,5.0,433.8
SIA,SP,202501,2751895,0211020036,8.0,41.2
SIA,SP,202501,5883229,0211020036,850.0,4377.5
SIA,SP,202501,9491112,0206010052,3.0,260.25
SIA,SP,202501,2092344,0206020023,5.0,433.75
SIA,SP,202501,2081695,0211020036,431.0,2219.65
SIA,SP,202501,2081695,0206010060,2.0,194.88
SIA,SP,202501,2081695,0206010052,37.0,3209.75
SIA,SP,202501,2788810,0211020036,137.0,705.55
SIA,SP,202501,5420938,0206010036,15.0,1301.4
SIA,SP,202501,6133525,0211020036,140.0,721.0
SIA,SP,202501,6479200,0206010028,4.0,404.4
SIA,SP,202501,9632387,0211020036,103.0,530.45
SIA,SP,202501,6479200,0206010010,3.0,260.28
SIA,SP,202501,6479200,0206020015,1.0,86.75
SIA,SP,202501,2708779,0206010036,5.0,433.8
SIA,SP,202501,2708779,0206010010,4.0,347.04
SIA,SP,202501,7499078,0211020036,7.0,36.05
SIA,SP,202501,9491112,0211020060,10.0,300.0
SIA,SP,202501,2708779,0206010079,36.0,3507.84
SIA,SP,202501,2787717,0211020036,24.0,123.6
SIA,SP,202501,4050169,0211020036,532.0,2739.8
SIA,SP,202501,2788802,0211020036,62.0,319.3
SIA,SP,202501,2080788,0206020023,2.0,173.5
SIA,SP,202501,2080575,0206030037,2.0,277.26
SIA,SP,202501,2708779,0211020036,229.0,1179.35
SIA,SP,202501,2078155,0211020060,113.0,3390.0
SIA,SP,202501,2076896,0206010036,1.0,86.76
SIA,SP,202501,2080788,0206020015,1.0,86.75
SIA,SP,202501,2084473,0211020036,20.0,103.0
SIA,SP,202501,9539824,0206020023,2.0,173.5
SIA,SP,202501,2091585,0206010052,1.0,86.75
SIA,SP,202501,2080788,0206010052,4.0,347.0
SIA,SP,202501,2081695,0211020060,9.0,270.0
SIA,SP,202501,2787784,0211020036,501.0,2580.15
SIA,SP,202501,5200105,0206010052,7.0,607.25
SIA,SP,202501,2080583,0211020036,148.0,762.2
SIA,SP,202501,2042932,0211020036,131.0,674.65
SIA,SP,202501,6479200,0206010036,2.0,173.52
SIA,SP,202501,2064820,0211020036,32.0,164.8
SIA,SP,202501,2078287,0206010044,2.0,173.5
SIA,SP,202501,2075407,0211020036,221.0,1138.15
SIA,SP,202501,2787520,0211020036,33.0,169.95
SIA,SP,202501,3290689,0206030029,22.0,1908.5
SIA,SP,202501,2086816,0211020036,88.0,453.2
SIA,SP,202501,7711980,0206020031,741.0,101079.81
SIA,SP,202501,7711980,0206030037,670.0,92882.1
SIA,SP,202501,7711980,0206030010,674.0,93436.62
SIA,SP,202501,9332952,0206030037,68.0,9426.84
SIA,SP,202501,2078015,0206030010,1264.0,175228.32
SIA,SP,202501,2078015,0206010079,852.0,83018.88
SIA,SP,202501,2078015,0206030037,1262.0,174951.06
SIA,SP,202501,5718368,0206030010,253.0,35073.39
SIA,SP,202501,5718368,0206020031,111.0,15141.51
SIA,SP,202501,5718368,0206010028,93.0,9402.3
SIA,SP,202501,5718368,0206010044,61.0,5291.75
SIA,SP,202501,7496117,0208010025,59.0,24102.68
SIA,SP,202501,2073552,0211020036,309.0,1591.35
SIA,SP,202501,2088576,0206010028,21.0,2123.1
SIA,SP,202501,2078015,0206020031,1046.0,142684.86
SIA,SP,202501,2078015,0206010036,131.0,11365.56
SIA,SP,202501,2077671,0206020031,221.0,30146.61
SIA,SP,202501,2077671,0206010010,137.0,11886.12
SIA,SP,202501,2077671,0206010044,49.0,4250.75
SIA,SP,202501,2077671,0206030010,258.0,35766.54
SIA,SP,202501,2077671,0206010079,361.0,35175.84
SIA,SP,202501,2077574,0206030010,629.0,87198.27
SIA,SP,202501,2077574,0206010028,20.0,2022.0
SIA,SP,202501,2077574,0206030029,58.0,5031.5
SIA,SP,202501,2077574,0206020031,436.0,59474.76
SIA,SP,202501,7711980,0211020036,138.0,710.7
SIA,SP,202501,9547231,0206030010,54.0,7486.02
SIA,SP,202501,9547231,0206010036,10.0,867.6
SIA,SP,202501,3212130,0206010079,336.0,32739.84
SIA,SP,202501,3212130,0206020031,90.0,12276.9
SIA,SP,202501,3212130,0206030037,272.0,37707.36
SIA,SP,202501,3212130,0206030029,23.0,1995.25
SIA,SP,202501,3212130,0206030010,268.0,37152.84
SIA,SP,202501,5718368,0206010079,462.0,45017.28
SIA,SP,202501,5718368,0206010010,53.0,4598.28
SIA,SP,202501,9547231,0206010079,132.0,12862.08
SIA,SP,202501,9547231,0206010044,25.0,2168.75
SIA,SP,202501,9547231,0206030037,71.0,9842.73
SIA,SP,202501,7711980,0206020023,6.0,520.5
SIA,SP,202501,2077574,0206010010,92.0,7981.92
SIA,SP,202501,2078015,0206010044,248.0,21514.0
SIA,SP,202501,2078015,0206010010,333.0,28891.08
SIA,SP,202501,2078015,0206010052,118.0,10236.5
SIA,SP,202501,2078015,0206010060,110.0,10718.4
SIA,SP,202501,2088576,0206020031,110.0,15005.1
SIA,SP,202501,2088576,0206030037,208.0,28835.04
SIA,SP,202501,5420938,0206020023,9.0,780.75
SIA,SP,202501,0102105,0206020015,1.0,86.75
SIA,SP,202501,2077574,0206010079,879.0,85649.76
SIA,SP,202501,2077574,0206010036,40.0,3470.4
SIA,SP,202501,2077671,0206030029,41.0,3556.75
SIA,SP,202501,2078015,0206030029,87.0,7547.25
SIA,SP,202501,2078015,0206010028,175.0,17692.5
SIA,SP,202501,2077574,0206030037,480.0,66542.4
SIA,SP,202501,2077574,0206020015,36.0,3123.0
SIA,SP,202501,0404853,0206010079,106.0,10328.64
SIA,SP,202501,0404853,0206010052,2.0,173.5
SIA,SP,202501,0404853,0206030010,64.0,8872.32
SIA,SP,202501,2092344,0206010036,4.0,347.04
SIA,SP,202501,5718368,0206010052,17.0,1474.75
SIA,SP,202501,9950931,0211020060,872.0,26160.0
SIA,SP,202501,5718368,0206030037,81.0,11229.03
SIA,SP,202501,2071282,0211020036,4.0,20.6
SIA,SP,202501,9547231,0206010028,96.0,9705.6
SIA,SP,202501,2078015,0206020015,45.0,3903.75
SIA,SP,202501,2077671,0206030037,265.0,36736.95
SIA,SP,202501,2077671,0206010028,52.0,5257.2
SIA,SP,202501,9950931,0211020036,693.0,3568.95
SIA,SP,202501,2688689,0211020036,722.0,3718.3
SIA,SP,202501,2688689,0211020060,23.0,690.0
SIA,SP,202501,9332952,0206010036,10.0,867.6
SIA,SP,202501,6131670,0211020036,326.0,1678.9
SIA,SP,202501,6135749,0211020036,325.0,1673.75
SIA,SP,202501,9332952,0206010079,89.0,8672.16
SIA,SP,202501,9332952,0206030010,66.0,9149.58
SIA,SP,202501,2078325,0206010060,3.0,292.32
SIA,SP,202501,9332952,0206020031,56.0,7638.96
SIA,SP,202501,0102105,0206010079,20.0,1948.8
SIA,SP,202501,0102105,0206010010,1.0,86.76
SIA,SP,202501,2077671,0206010036,29.0,2516.04
SIA,SP,202501,0404853,0206020031,142.0,19370.22
SIA,SP,202501,0404853,0206030037,65.0,9010.95
SIA,SP,202501,2077671,0206020015,25.0,2168.75
SIA,SP,202501,2077574,0206010052,37.0,3209.75
SIA,SP,202501,2077671,0206020023,26.0,2255.5
SIA,SP,202501,2088576,0206030029,13.0,1127.75
SIA,SP,202501,2078015,0206020023,107.0,9282.25
SIA,SP,202501,0102105,0206020031,3.0,409.23
SIA,SP,202501,0102105,0206030010,4.0,554.52
SIA,SP,202501,9332952,0206010010,24.0,2082.24
SIA,SP,202501,2077574,0206010044,26.0,2255.5
SIA,SP,202501,2088576,0206030010,207.0,28696.41
SIA,SP,202501,2071371,0206030010,32.0,4436.16
SIA,SP,202501,0404853,0206010036,10.0,867.6
SIA,SP,202501,0404853,0206010044,72.0,6246.0
SIA,SP,202501,2088576,0206010079,38.0,3702.72
SIA,SP,202501,0102105,0206010044,2.0,173.5
SIA,SP,202501,2078287,0211020036,878.0,4521.7
SIA,SP,202501,7496117,0208010033,72.0,27581.04
SIA,SP,202501,2078287,0206030029,1.0,86.75
SIA,SP,202501,2787040,0211020036,81.0,417.15
SIA,SP,202501,5718368,0206010036,25.0,2169.0
SIA,SP,202501,2077671,0206010052,59.0,5118.25
SIA,SP,202501,9547231,0206010010,23.0,1995.48
SIA,SP,202501,2089777,0206030010,17.0,2356.71
SIA,SP,202501,0605484,0211020036,161.0,829.15
SIA,SP,202501,9547231,0206020031,53.0,7229.73
SIA,SP,202501,2708779,0206010044,1.0,86.75
SIA,SP,202501,2089777,0206030037,25.0,3465.75
SIA,SP,202501,5718368,0206020015,34.0,2949.5
SIA,SP,202501,9332952,0206010028,85.0,8593.5
SIA,SP,202501,2752271,0211020036,63.0,324.45
SIA,SP,202501,2752263,0211020036,119.0,612.85
SIA,SP,202501,7711980,0206010079,25.0,2436.0
SIA,SP,202501,5718368,0206020023,36.0,3123.0
SIA,SP,202501,2078155,0206020023,1.0,86.75
SIA,SP,202501,7711980,0206010052,13.0,1127.75
SIA,SP,202501,2028840,0206010010,12.0,1041.12
SIA,SP,202501,2071371,0206020031,25.0,3410.25
SIA,SP,202501,2088576,0206010044,14.0,1214.5
SIA,SP,202501,0404853,0206010028,45.0,4549.5
SIA,SP,202501,7330847,0206010010,1.0,86.76
SIA,SP,202501,2787318,0211020036,102.0,525.3
SIA,SP,202501,2089777,0206010079,22.0,2143.68
SIA,SP,202501,2028840,0206030029,1.0,86.75
SIA,SP,202501,2092344,0206020015,5.0,433.75
SIA,SP,202501,9332952,0206020015,3.0,260.25
SIA,SP,202501,9332952,0206030029,12.0,1041.0
SIA,SP,202501,2077450,0206020023,3.0,260.25
SIA,SP,202501,2048094,0211020036,1.0,5.15
SIA,SP,202501,2878259,0211020036,137.0,705.55
SIA,SP,202501,5718368,0206030029,25.0,2168.75
SIA,SP,202501,2028840,0206010079,15.0,1461.6
SIA,SP,202501,2088576,0206010010,16.0,1388.16
SIA,SP,202501,9950931,0206010060,1.0,97.44
SIA,SP,202501,2071371,0206010079,32.0,3118.08
SIA,SP,202501,2028840,0206030010,13.0,1802.19
SIA,SP,202501,2028840,0206020031,24.0,3273.84
SIA,SP,202501,2789116,0211020036,28.0,144.2
SIA,SP,202501,0102105,0206030037,4.0,554.52
SIA,SP,202501,2787733,0211020036,12.0,61.8
SIA,SP,202501,6228194,0211020036,25.0,128.75
SIA,SP,202501,0102105,0211020036,6.0,30.9
SIA,SP,202501,4050010,0211020036,17.0,87.55
SIA,SP,202501,0605484,0206030010,4.0,554.52
SIA,SP,202501,2088576,0206020015,2.0,173.5
SIA,SP,202501,2088576,0206010036,18.0,1561.68
SIA,SP,202501,2752387,0211020036,15.0,77.25
SIA,SP,202501,9332952,0206010044,12.0,1041.0
SIA,SP,202501,2089777,0206020031,10.0,1364.1
SIA,SP,202501,2077671,0211020036,421.0,2168.15
SIA,SP,202501,9332952,0206010060,2.0,194.88
SIA,SP,202501,0404853,0206020015,1.0,86.75
SIA,SP,202501,2071371,0206030037,9.0,1247.67
SIA,SP,202501,0404853,0206010010,14.0,1214.64
SIA,SP,202501,2071371,0206010052,5.0,433.75
SIA,SP,202501,2071371,0206010036,1.0,86.76
SIA,SP,202501,0852074,0211020036,554.0,2853.1
SIA,SP,202501,2078015,0211020036,2111.0,10871.65
SIA,SP,202501,2073471,0211020036,6.0,30.9
SIA,SP,202501,2078015,0205010016,8.0,1320.0
SIA,SP,202501,6138314,0211020036,61.0,314.15
SIA,SP,202501,2082128,0208010033,137.0,52480.59
SIA,SP,202501,2077493,0206030037,168.0,23289.84
SIA,SP,202501,2077493,0206030010,174.0,24121.62
SIA,SP,202501,2082225,0206010079,383.0,37319.52
SIA,SP,202501,2082225,0206030037,341.0,47272.83
SIA,SP,202501,2082128,0206020031,337.0,45970.17
SIA,SP,202501,2023571,0211020036,520.0,2678.0
SIA,SP,202501,2082128,0206030037,351.0,48659.13
SIA,SP,202501,2082128,0208010025,137.0,55967.24
SIA,SP,202501,9332952,0206020023,8.0,694.0
SIA,SP,202501,7711980,0205010016,8.0,1320.0
SIA,SP,202501,2077639,0206030037,274.0,37984.62
SIA,SP,202501,7527004,0206010028,995.0,100594.5
SIA,SP,202501,2089785,0206030010,369.0,51154.47
SIA,SP,202501,2077639,0206010028,40.0,4044.0
SIA,SP,202501,7527004,0206010044,154.0,13359.5
SIA,SP,202501,2089785,0206030029,45.0,3903.75
SIA,SP,202501,7527004,0206010079,832.0,81070.08
SIA,SP,202501,2077639,0206010079,362.0,35273.28
SIA,SP,202501,7861249,0206020023,22.0,1908.5
SIA,SP,202501,7861249,0206010079,108.0,10523.52
SIA,SP,202501,2089785,0206010028,47.0,4751.7
SIA,SP,202501,7861249,0206020031,62.0,8457.42
SIA,SP,202501,7527004,0206010036,112.0,9717.12
SIA,SP,202501,2077639,0206020031,281.0,38331.21
SIA,SP,202501,4488318,0211020036,241.0,1241.15
SIA,SP,202501,2091755,0211020036,180.0,927.0
SIA,SP,202501,6135749,0211020060,147.0,4410.0
SIA,SP,202501,2082128,0206030010,368.0,51015.84
SIA,SP,202501,9547231,0206020015,4.0,347.0
SIA,SP,202501,9547231,0206030029,14.0,1214.5
SIA,SP,202501,9736700,0211020036,405.0,2085.75
SIA,SP,202501,2787245,0211020036,133.0,684.95
SIA,SP,202501,2027305,0211020036,22.0,113.3
SIA,SP,202501,7711980,0206010036,7.0,607.32
SIA,SP,202501,7711980,0206020015,3.0,260.25
SIA,SP,202501,2077493,0206020031,128.0,17460.48
SIA,SP,202501,5731143,0211020036,78.0,401.7
SIA,SP,202501,4050045,0211020036,163.0,839.45
SIA,SP,202501,2788047,0211020036,55.0,283.25
SIA,SP,202501,2088576,0206010052,3.0,260.25
SIA,SP,202501,2787326,0211020036,66.0,339.9
SIA,SP,202501,2089785,0206030037,372.0,51570.36
SIA,SP,202501,2089785,0206010079,175.0,17052.0
SIA,SP,202501,2089785,0206020031,120.0,16369.2
SIA,SP,202501,9332952,0206010052,4.0,347.0
SIA,SP,202501,7527004,0206020031,394.0,53745.54
SIA,SP,202501,2787628,0211020036,31.0,159.65
SIA,SP,202501,6143180,0211020036,207.0,1066.05
SIA,SP,202501,2071371,0206010010,3.0,260.28
SIA,SP,202501,2042827,0211020036,191.0,983.65
SIA,SP,202501,9547231,0206020023,1.0,86.75
SIA,SP,202501,2077531,0206010095,1.0,2107.22
SIA,SP,202501,2077493,0206010044,50.0,4337.5
SIA,SP,202501,2082225,0206020031,186.0,25372.26
SIA,SP,202501,2082225,0206010036,31.0,2689.56
SIA,SP,202501,2082225,0206030010,330.0,45747.9
SIA,SP,202501,2077639,0206030010,264.0,36598.32
SIA,SP,202501,7527004,0206010052,6.0,520.5
SIA,SP,202501,6218830,0211020036,192.0,988.8
SIA,SP,202501,4098110,0211020036,305.0,1570.75
SIA,SP,202501,7711980,0206010028,5.0,505.5
SIA,SP,202501,7527004,0206010010,249.0,21603.24
SIA,SP,202501,7861249,0206010028,116.0,11727.6
SIA,SP,202501,2077639,0206010010,36.0,3123.36
SIA,SP,202501,2082128,0206010052,85.0,7373.75
SIA,SP,202501,2789140,0211020036,89.0,458.35
SIA,SP,202501,2077493,0206030029,20.0,1735.0
SIA,SP,202501,2788721,0211020036,72.0,370.8
SIA,SP,202501,2788748,0211020036,9.0,46.35
SIA,SP,202501,2786923,0211020036,122.0,628.3
SIA,SP,202501,2027240,0211020060,99.0,2970.0
SIA,SP,202501,2076896,0206020015,2.0,173.5
SIA,SP,202501,2078015,0211020060,137.0,4110.0
SIA,SP,202501,2788861,0211020036,52.0,267.8
SIA,SP,202501,0404853,0206030029,2.0,173.5
SIA,SP,202501,2078015,0206010087,1.0,138.63
SIA,SP,202501,2079410,0206020023,1.0,86.75
SIA,SP,202501,7711980,0206010044,1.0,86.75
SIA,SP,202501,4050215,0211020036,154.0,793.1
SIA,SP,202501,2080427,0206010079,107.0,10426.08
SIA,SP,202501,4434722,0211020036,1385.0,7132.75
SIA,SP,202501,2071371,0206010028,3.0,303.3
SIA,SP,202501,2082225,0206010010,69.0,5986.44
SIA,SP,202501,2077493,0206010079,301.0,29329.44
SIA,SP,202501,2082225,0206010044,83.0,7200.25
SIA,SP,202501,2068966,0211020036,249.0,1282.35
SIA,SP,202501,2088576,0211020036,482.0,2482.3
SIA,SP,202501,2786974,0211020036,17.0,87.55
SIA,SP,202501,2787237,0211020036,51.0,262.65
SIA,SP,202501,2077590,0206020015,2.0,173.5
SIA,SP,202501,7496117,0211020060,154.0,4620.0
SIA,SP,202501,4049918,0211020036,352.0,1812.8
SIA,SP,202501,7711980,0206010010,2.0,173.52
SIA,SP,202501,6138314,0211020060,246.0,7380.0
SIA,SP,202501,9505946,0211020036,343.0,1766.45
SIA,SP,202501,6948561,0211020036,1.0,5.15
SIA,SP,202501,2089696,0206010044,8.0,694.0
SIA,SP,202501,9997091,0211020036,119.0,612.85
SIA,SP,202501,2071371,0206010044,8.0,694.0
SIA,SP,202501,2028840,0206030037,7.0,970.41
SIA,SP,202501,2788969,0211020036,34.0,175.1
SIA,SP,202501,2057891,0211020036,51.0,262.65
SIA,SP,202501,7496117,0211020036,403.0,2075.45
SIA,SP,202501,2075962,0206010052,1.0,86.75
SIA,SP,202501,2075423,0211020036,292.0,1503.8
SIA,SP,202501,9465464,0211020036,380.0,1957.0
SIA,SP,202501,2688638,0211020036,1057.0,5443.55
SIA,SP,202501,7407629,0211020036,54.0,278.1
SIA,SP,202501,6194974,0211020036,772.0,3975.8
SIA,SP,202501,2063670,0211020036,96.0,494.4
SIA,SP,202501,4049926,0211020036,46.0,236.9
SIA,SP,202501,7302541,0211020036,71.0,365.65
SIA,SP,202501,2081288,0211020036,12.0,61.8
SIA,SP,202501,2077507,0205010016,2.0,330.0
SIA,SP,202501,0958433,0211020036,75.0,386.25
SIA,SP,202501,9794506,0211020036,766.0,3944.9
SIA,SP,202501,2080788,0211020036,830.0,4274.5
SIA,SP,202501,2091658,0211020036,957.0,4928.55
SIA,SP,202501,4050207,0211020036,12.0,61.8
SIA,SP,202501,2077590,0211020036,264.0,1359.6
SIA,SP,202501,7527004,0206030029,191.0,16569.25
SIA,SP,202501,6053858,0211020036,1020.0,5253.0
SIA,SP,202501,2080575,0211020036,90.0,463.5
SIA,SP,202501,2027240,0211020036,245.0,1261.75
SIA,SP,202501,2079798,0206030029,2.0,173.5
SIA,SP,202501,2075016,0211020036,123.0,633.45
SIA,SP,202501,9539824,0206010060,1.0,97.44
SIA,SP,202501,2787334,0211020036,32.0,164.8
SIA,SP,202501,2786680,0211020036,182.0,937.3
SIA,SP,202501,2076926,0211020036,225.0,1158.75
SIA,SP,202501,2026961,0211020036,39.0,200.85
SIA,SP,202501,4050126,0211020036,29.0,149.35
SIA,SP,202501,2077752,0211020036,100.0,515.0
SIA,SP,202501,4050088,0211020036,74.0,381.1
SIA,SP,202501,2787121,0211020036,53.0,272.95
SIA,SP,202501,2787989,0211020036,54.0,278.1
SIA,SP,202501,6394558,0211020036,11.0,56.65
SIA,SP,202501,2077639,0206010052,38.0,3296.5
SIA,SP,202501,3738647,0211020036,283.0,1457.45
SIA,SP,202501,2076926,0211020060,28.0,840.0
SIA,SP,202501,2788411,0211020036,28.0,144.2
SIA,SP,202501,2075962,0211020036,429.0,2209.35
SIA,SP,202501,2786680,0206010060,2.0,194.88
SIA,SP,202501,2751976,0211020036,664.0,3419.6
SIA,SP,202501,2787555,0211020036,85.0,437.75
SIA,SP,202501,7861249,0206030037,89.0,12338.07
SIA,SP,202501,0997730,0211020036,718.0,3697.7
SIA,SP,202501,2069040,0211020036,367.0,1890.05
SIA,SP,202501,2077507,0211020036,25.0,128.75
SIA,SP,202501,2788608,0211020036,69.0,355.35
SIA,SP,202501,2752328,0211020036,10.0,51.5
SIA,SP,202501,2080427,0206020031,17.0,2318.97
SIA,SP,202501,2788772,0211020036,67.0,345.05
SIA,SP,202501,2752166,0211020036,161.0,829.15
SIA,SP,202501,0812226,0211020036,825.0,4248.75
SIA,SP,202501,2077507,0211020060,7.0,210.0
SIA,SP,202501,2075717,0211020036,279.0,1436.85
SIA,SP,202501,6269567,0211020036,80.0,412.0
SIA,SP,202501,2787776,0211020036,22.0,113.3
SIA,SP,202501,2086808,0211020036,36.0,185.4
SIA,SP,202501,2091399,0211020036,306.0,1575.9
SIA,SP,202501,2080427,0206030037,36.0,4990.68
SIA,SP,202501,3121135,0211020036,1.0,5.15
SIA,SP,202501,2079186,0211020036,264.0,1359.6
SIA,SP,202501,2788934,0211020036,53.0,272.95
SIA,SP,202501,2082128,0206010079,154.0,15005.76
SIA,SP,202501,2082225,0206030029,60.0,5205.0
SIA,SP,202501,2082128,0206010044,34.0,2949.5
SIA,SP,202501,2077493,0206010028,30.0,3033.0
SIA,SP,202501,2089696,0206020023,1.0,86.75
SIA,SP,202501,2068109,0211020036,112.0,576.8
SIA,SP,202501,2078465,0206010028,42.0,4246.2
SIA,SP,202501,2081482,0206030010,71.0,9842.73
SIA,SP,202501,2077485,0206010036,34.0,2949.84
SIA,SP,202501,2091399,0211020060,1.0,30.0
SIA,SP,202501,2072130,0211020036,75.0,386.25
SIA,SP,202501,2078465,0211020036,23.0,118.45
SIA,SP,202501,2091313,0206020031,54.0,7366.14
SIA,SP,202501,2077523,0206020023,29.0,2515.75
SIA,SP,202501,2077485,0206010028,94.0,9503.4
SIA,SP,202501,2077523,0206010036,35.0,3036.6
SIA,SP,202501,2080346,0206030010,380.0,52679.4
SIA,SP,202501,2084139,0206010079,323.0,31473.12
SIA,SP,202501,7992890,0206010079,258.0,25139.52
SIA,SP,202501,2080346,0206010028,88.0,8896.8
SIA,SP,202501,2080346,0206030037,397.0,55036.11
SIA,SP,202501,2080346,0206010044,178.0,15441.5
SIA,SP,202501,2077485,0211020060,102.0,3060.0
SIA,SP,202501,3738663,0211020036,83.0,427.45
SIA,SP,202501,2080346,0206020023,70.0,6072.5
SIA,SP,202501,2080346,0205010016,208.0,34320.0
SIA,SP,202501,7992890,0206030037,72.0,9981.36
SIA,SP,202501,7992890,0206030010,73.0,10119.99
SIA,SP,202501,2077655,0206020031,1.0,136.41
SIA,SP,202501,2084139,0206020031,162.0,22098.42
SIA,SP,202501,2084139,0206030010,267.0,37014.21
SIA,SP,202501,2084139,0206010010,35.0,3036.6
SIA,SP,202501,2080346,0206030029,56.0,4858.0
SIA,SP,202501,2080346,0206020031,351.0,47879.91
SIA,SP,202501,2080346,0206010010,114.0,9890.64
SIA,SP,202501,2080346,0206010036,55.0,4771.8
SIA,SP,202501,2084139,0206010028,48.0,4852.8
SIA,SP,202501,7992890,0206020031,129.0,17596.89
SIA,SP,202501,2091313,0206010028,34.0,3437.4
SIA,SP,202501,2786753,0211020036,19.0,97.85
SIA,SP,202501,2751976,0211020060,282.0,8460.0
SIA,SP,202501,2077523,0206020015,24.0,2082.0
SIA,SP,202501,2091313,0206010044,40.0,3470.0
SIA,SP,202501,2084139,0206030029,47.0,4077.25
SIA,SP,202501,2091313,0206030010,69.0,9565.47
SIA,SP,202501,2786680,0211020060,5.0,150.0
SIA,SP,202501,2081482,0206010079,50.0,4872.0
SIA,SP,202501,2068974,0206010044,71.0,6159.25
SIA,SP,202501,6195008,0211020036,40.0,206.0
SIA,SP,202501,2080125,0208010033,87.0,33327.09
SIA,SP,202501,2077485,0206020015,26.0,2255.5
SIA,SP,202501,2080125,0206010060,9.0,876.96
SIA,SP,202501,2077523,0206010010,60.0,5205.6
SIA,SP,202501,2078465,0206030037,17.0,2356.71
SIA,SP,202501,3212130,0206010010,21.0,1821.96
SIA,SP,202501,7992890,0206010028,35.0,3538.5
SIA,SP,202501,2080346,0206020015,51.0,4424.25
SIA,SP,202501,2091313,0206030037,88.0,12199.44
SIA,SP,202501,2078465,0206010079,86.0,8379.84
SIA,SP,202501,2077493,0206020015,19.0,1648.25
SIA,SP,202501,2786788,0211020036,35.0,180.25
SIA,SP,202501,2080125,0206020015,18.0,1561.5
SIA,SP,202501,2078465,0206020031,32.0,4365.12
SIA,SP,202501,2077523,0206030029,11.0,954.25
SIA,SP,202501,2084139,0206010036,25.0,2169.0
SIA,SP,202501,2091313,0206020023,21.0,1821.75
SIA,SP,202501,2078465,0206030029,7.0,607.25
SIA,SP,202501,2078287,0206010095,172.0,362441.84
SIA,SP,202501,2027720,0211020036,69.0,355.35
SIA,SP,202501,2091313,0206010052,4.0,347.0
SIA,SP,202501,3212130,0206020015,21.0,1821.75
SIA,SP,202501,3212130,0206010028,30.0,3033.0
SIA,SP,202501,2787911,0211020036,33.0,169.95
SIA,SP,202501,2788756,0211020036,64.0,329.6
SIA,SP,202501,2084139,0206020023,17.0,1474.75
SIA,SP,202501,2766019,0211020036,73.0,375.95
SIA,SP,202501,2068974,0206030037,43.0,5961.09
SIA,SP,202501,2081482,0206010052,34.0,2949.5
SIA,SP,202501,2068974,0206020015,4.0,347.0
SIA,SP,202501,2068974,0206010079,39.0,3800.16
SIA,SP,202501,2068974,0206010036,5.0,433.8
SIA,SP,202501,6148344,0211020036,318.0,1637.7
SIA,SP,202501,2082128,0211020010,78.0,56943.12
SIA,SP,202501,2068974,0206020031,25.0,3410.25
SIA,SP,202501,2078015,0206010095,164.0,345584.08
SIA,SP,202501,3212130,0206010044,36.0,3123.0
SIA,SP,202501,2071568,0211020010,391.0,285445.64
SIA,SP,202501,2071568,0206010095,23.0,48466.06
SIA,SP,202501,2068974,0206010028,24.0,2426.4
SIA,SP,202501,3212130,0206010052,10.0,867.5
SIA,SP,202501,2080346,0206010052,44.0,3817.0
SIA,SP,202501,2068974,0206020023,7.0,607.25
SIA,SP,202501,2077655,0206030037,2.0,277.26
SIA,SP,202501,2787091,0211020036,57.0,293.55
SIA,SP,202501,6998208,0211020036,525.0,2703.75
SIA,SP,202501,2077477,0211020010,141.0,102935.64
SIA,SP,202501,2786915,0211020036,206.0,1060.9
SIA,SP,202501,2068974,0206010052,12.0,1041.0
SIA,SP,202501,2091313,0206010036,7.0,607.32
SIA,SP,202501,2084139,0206020015,18.0,1561.5
SIA,SP,202501,7992890,0206020015,7.0,607.25
SIA,SP,202501,7992890,0206030029,7.0,607.25
SIA,SP,202501,2787954,0211020036,12.0,61.8
SIA,SP,202501,3212130,0206010036,17.0,1474.92
SIA,SP,202501,2077485,0205010016,21.0,3465.0
SIA,SP,202501,2068974,0206010010,18.0,1561.68
SIA,SP,202501,2091313,0206020015,12.0,1041.0
SIA,SP,202501,2079798,0206010095,70.0,147505.4
SIA,SP,202501,2786842,0211020036,1.0,5.15
SIA,SP,202501,2091542,0211020036,349.0,1797.35
SIA,SP,202501,3002926,0211020036,88.0,453.2
SIA,SP,202501,2079798,0206010060,1.0,97.44
SIA,SP,202501,2081482,0206030029,8.0,694.0
SIA,SP,202501,2055449,0211020036,215.0,1107.25
SIA,SP,202501,7992890,0206010010,9.0,780.84
SIA,SP,202501,2077523,0206010052,9.0,780.75
SIA,SP,202501,2091313,0206010010,17.0,1474.92
SIA,SP,202501,2078465,0206030010,17.0,2356.71
SIA,SP,202501,2084139,0206010044,32.0,2776.0
SIA,SP,202501,2765942,0211020010,99.0,72273.96
SIA,SP,202501,2774771,0211020036,66.0,339.9
SIA,SP,202501,2077485,0211020010,110.0,80304.4
SIA,SP,202501,2080125,0206010095,8.0,16857.76
SIA,SP,202501,2081482,0206010095,34.0,71645.48
SIA,SP,202501,3474674,0211020036,242.0,1246.3
SIA,SP,202501,2786907,0211020036,79.0,406.85
SIA,SP,202501,2079798,0211020010,1.0,730.04
SIA,SP,202501,2078465,0206020015,9.0,780.75
SIA,SP,202501,5636469,0211020036,246.0,1266.9
SIA,SP,202501,2081482,0206020023,3.0,260.25
SIA,SP,202501,7992890,0206010036,1.0,86.76
SIA,SP,202501,2046962,0211020036,74.0,381.1
SIA,SP,202501,2080125,0206020023,3.0,260.25
SIA,SP,202501,7861249,0206010010,26.0,2255.76
SIA,SP,202501,2082225,0206020015,26.0,2255.5
SIA,SP,202501,2081482,0206010036,1.0,86.76
SIA,SP,202501,2077639,0206010044,42.0,3643.5
SIA,SP,202501,2089785,0206010036,13.0,1127.88
SIA,SP,202501,2082128,0206010010,34.0,2949.84
SIA,SP,202501,2082225,0206010028,68.0,6874.8
SIA,SP,202501,2077493,0206010052,1.0,86.75
SIA,SP,202501,2077493,0206010010,35.0,3036.6
SIA,SP,202501,2077639,0206030029,40.0,3470.0
SIA,SP,202501,2080427,0206010044,25.0,2168.75
SIA,SP,202501,2084139,0206010052,13.0,1127.75
SIA,SP,202501,2082128,0206030029,6.0,520.5
SIA,SP,202501,2080427,0206030010,41.0,5683.83
SIA,SP,202501,7861249,0206030010,88.0,12199.44
SIA,SP,202501,2078465,0206010010,6.0,520.56
SIA,SP,202501,3290689,0206010079,7.0,682.08
SIA,SP,202501,2080427,0211020036,83.0,427.45
SIA,SP,202501,2082128,0206020023,9.0,780.75
SIA,SP,202501,2751933,0205010016,16.0,2640.0
SIA,SP,202501,2082128,0206010036,22.0,1908.72
SIA,SP,202501,2082128,0206010028,36.0,3639.6
SIA,SP,202501,2082128,0211020036,1037.0,5340.55
SIA,SP,202501,2082225,0206010052,9.0,780.75
SIA,SP,202501,2787385,0211020036,49.0,252.35
SIA,SP,202501,2049244,0211020036,114.0,587.1
SIA,SP,202501,7527004,0206020015,51.0,4424.25
SIA,SP,202501,3290689,0206010010,7.0,607.32
SIA,SP,202501,2077639,0206020015,4.0,347.0
SIA,SP,202501,3004341,0211020036,78.0,401.7
SIA,SP,202501,3044769,0211020036,417.0,2147.55
SIA,SP,202501,2082128,0205010016,4.0,660.0
SIA,SP,202501,4050177,0211020036,64.0,329.6
SIA,SP,202501,2089785,0206020015,12.0,1041.0
SIA,SP,202501,2091461,0211020036,27.0,139.05
SIA,SP,202501,2788764,0211020036,109.0,561.35
SIA,SP,202501,2091461,0211020060,14.0,420.0
SIA,SP,202501,3074544,0211020036,1.0,5.15
SIA,SP,202501,2081482,0206010044,4.0,347.0
SIA,SP,202501,2091313,0206010060,4.0,389.76
SIA,SP,202501,2078325,0206020015,1.0,86.75
SIA,SP,202501,3290689,0206020015,3.0,260.25
SIA,SP,202501,6393608,0211020060,108.0,3240.0
SIA,SP,202501,2068974,0206030029,10.0,867.5
SIA,SP,202501,2788098,0211020036,14.0,72.1
SIA,SP,202501,2077655,0206020015,7.0,607.25
SIA,SP,202501,2077639,0206020023,7.0,607.25
SIA,SP,202501,3290689,0206010028,5.0,505.5
SIA,SP,202501,2080427,0206030029,3.0,260.25
SIA,SP,202501,3016935,0211020036,12.0,61.8
SIA,SP,202501,6156959,0211020036,562.0,2894.3
SIA,SP,202501,2089785,0206010052,10.0,867.5
SIA,SP,202501,7861249,0206020015,8.0,694.0
SIA,SP,202501,4050320,0211020036,169.0,870.35
SIA,SP,202501,2068931,0211020036,317.0,1632.55
SIA,SP,202501,2082225,0211020036,960.0,4944.0
SIA,SP,202501,2082128,0206020015,2.0,173.5
SIA,SP,202501,5713870,0211020036,47.0,242.05
SIA,SP,202501,2788659,0211020036,13.0,66.95
SIA,SP,202501,4050002,0211020036,41.0,211.15
SIA,SP,202501,2077493,0211020036,1.0,5.15
SIA,SP,202501,2788888,0211020036,22.0,113.3
SIA,SP,202501,2088495,0211020010,277.0,202221.08
SIA,SP,202501,7378394,0211020060,44.0,1320.0
SIA,SP,202501,3219887,0211020036,17.0,87.55
SIA,SP,202501,6391885,0211020060,136.0,4080.0
SIA,SP,202501,2788225,0211020036,234.0,1205.1
SIA,SP,202501,2077493,0205010016,15.0,2475.0
SIA,SP,202501,6135978,0211020036,50.0,257.5
SIA,SP,202501,2077493,0206020023,5.0,433.75
SIA,SP,202501,7378394,0211020036,637.0,3280.55
SIA,SP,202501,5620341,0211020036,260.0,1339.0
SIA,SP,202501,2788136,0211020036,1.0,5.15
SIA,SP,202501,2075202,0211020036,176.0,906.4
SIA,SP,202501,3661660,0211020036,104.0,535.6
SIA,SP,202501,2787768,0211020036,50.0,257.5
SIA,SP,202501,2077639,0206010036,9.0,780.84
SIA,SP,202501,6194990,0211020036,103.0,530.45
SIA,SP,202501,7270941,0211020036,7.0,36.05
SIA,SP,202501,2089785,0206010010,7.0,607.32
SIA,SP,202501,6391893,0211020036,88.0,453.2
SIA,SP,202501,5268125,0211020036,83.0,427.45
SIA,SP,202501,3044750,0211020036,17.0,87.55
SIA,SP,202501,6394558,0211020060,116.0,3480.0
SIA,SP,202501,4049950,0211020036,56.0,288.4
SIA,SP,202501,2788527,0211020036,274.0,1411.1
SIA,SP,202501,2079410,0206020015,2.0,173.5
SIA,SP,202501,3708411,0211020036,105.0,540.75
SIA,SP,202501,6283616,0211020036,17.0,87.55
SIA,SP,202501,6408168,0211020036,121.0,623.15
SIA,SP,202501,2788209,0211020036,41.0,211.15
SIA,SP,202501,2788233,0211020036,91.0,468.65
SIA,SP,202501,2077531,0211020036,90.0,463.5
SIA,SP,202501,2688573,0211020036,459.0,2363.85
SIA,SP,202501,2788179,0211020036,25.0,128.75
SIA,SP,202501,2081970,0211020036,436.0,2245.4
SIA,SP,202501,9349898,0211020036,587.0,3023.05
SIA,SP,202501,4050398,0211020036,7.0,36.05
SIA,SP,202501,6133460,0211020036,538.0,2770.7
SIA,SP,202501,6873286,0211020036,14.0,72.1
SIA,SP,202501,2788519,0211020036,70.0,360.5
SIA,SP,202501,6998194,0211020036,391.0,2013.65
SIA,SP,202501,2787881,0211020036,268.0,1380.2
SIA,SP,202501,6391893,0211020060,138.0,4140.0
SIA,SP,202501,6133622,0211020036,262.0,1349.3
SIA,SP,202501,2789205,0211020036,105.0,540.75
SIA,SP,202501,2071495,0211020036,417.0,2147.55
SIA,SP,202501,2043009,0211020036,201.0,1035.15
SIA,SP,202501,2082829,0211020036,928.0,4779.2
SIA,SP,202501,6194974,0211020060,102.0,3060.0
SIA,SP,202501,2077531,0208010033,3.0,1149.21
SIA,SP,202501,4049993,0211020036,33.0,169.95
SIA,SP,202501,6053858,0206010087,1.0,138.63
SIA,SP,202501,4049985,0211020036,37.0,190.55
SIA,SP,202501,2788993,0211020036,47.0,242.05
SIA,SP,202501,2080427,0206020015,1.0,86.75
SIA,SP,202501,2091550,0211020036,473.0,2435.95
SIA,SP,202501,2788845,0211020036,30.0,154.5
SIA,SP,202501,2788780,0211020036,6.0,30.9
SIA,SP,202501,2080427,0206010060,2.0,194.88
SIA,SP,202501,6423086,0211020036,772.0,3975.8
SIA,SP,202501,2787970,0211020036,96.0,494.4
SIA,SP,202501,2788322,0211020036,199.0,1024.85
SIA,SP,202501,2787679,0211020036,50.0,257.5
SIA,SP,202501,2080427,0206010052,1.0,86.75
SIA,SP,202501,6998194,0206010052,2.0,173.5
SIA,SP,202501,6998178,0211020036,976.0,5026.4
SIA,SP,202501,6998194,0206030029,1.0,86.75
SIA,SP,202501,6998194,0206020015,1.0,86.75
SIA,SP,202501,9472940,0206010028,7.0,707.7
SIA,SP,202501,9472940,0206010010,3.0,260.28
SIA,SP,202501,2089785,0206010044,2.0,173.5
SIA,SP,202501,6146341,0211020036,966.0,4974.9
SIA,SP,202501,2080427,0206010010,4.0,347.04
SIA,SP,202501,2091798,0211020036,124.0,638.6
SIA,SP,202501,2788632,0211020036,12.0,61.8
SIA,SP,202501,9488413,0211020036,143.0,736.45
SIA,SP,202501,4050134,0211020036,18.0,92.7
SIA,SP,202501,5598419,0211020036,482.0,2482.3
SIA,SP,202501,4050401,0211020036,34.0,175.1
SIA,SP,202501,4050185,0211020036,55.0,283.25
SIA,SP,202501,7527004,0206010060,3.0,292.32
SIA,SP,202501,2788926,0211020036,44.0,226.6
SIA,SP,202501,2068974,0211020036,1625.0,8368.75
SIA,SP,202501,2068974,0211020060,369.0,11070.0
SIA,SP,202501,2787202,0211020036,88.0,453.2
SIA,SP,202501,2080427,0206010036,1.0,86.76
SIA,SP,202501,2788705,0211020036,21.0,108.15
SIA,SP,202501,2787687,0211020036,14.0,72.1
SIA,SP,202501,7128940,0211020036,16.0,82.4
SIA,SP,202501,2786729,0211020036,23.0,118.45
SIA,SP,202501,2078465,0206010036,4.0,347.04
SIA,SP,202501,0873241,0211020036,629.0,3239.35
SIA,SP,202501,2078465,0206010052,1.0,86.75
SIA,SP,202501,2688689,0211020010,10.0,7300.4
SIA,SP,202501,2079070,0211020036,106.0,545.9
SIA,SP,202501,2081482,0211020036,3.0,15.45
SIA,SP,202501,6200389,0211020036,103.0,530.45
SIA,SP,202501,2077531,0206010036,1.0,86.76
SIA,SP,202501,4639057,0211020036,231.0,1189.65
SIA,SP,202501,7979649,0211020060,225.0,6750.0
SIA,SP,202501,7979649,0211020036,449.0,2312.35
SIA,SP,202501,6200389,0211020060,108.0,3240.0
SIA,SP,202501,2788365,0211020036,188.0,968.2
SIA,SP,202501,2088576,0206010060,3.0,292.32
SIA,SP,202501,2077485,0208010025,5.0,2042.6
SIA,SP,202501,2077531,0206010010,1.0,86.76
SIA,SP,202501,2071371,0206010060,1.0,97.44
SIA,SP,202501,2788314,0211020036,17.0,87.55
SIA,SP,202501,0404853,0206010060,1.0,97.44
SIA,SP,202501,2077523,0211020036,4.0,20.6
SIA,SP,202501,2069008,0211020036,223.0,1148.45
SIA,SP,202501,2081482,0206020015,2.0,173.5
SIA,SP,202501,0404853,0211020060,43.0,1290.0
SIA,SP,202501,7992890,0206010052,1.0,86.75
SIA,SP,202501,2077485,0206010087,1.0,138.63
SIA,SP,202501,2788446,0211020036,94.0,484.1
SIA,SP,202501,2066572,0206020023,1.0,86.75
SIA,SP,202501,2079321,0206010060,1.0,97.44
SIA,SP,202501,2028840,0206010052,1.0,86.75
SIA,SP,202501,0404853,0211020036,711.0,3661.65
SIA,SP,202501,2788454,0211020036,9.0,46.35
SIA,SP,202501,2708760,0211020036,81.0,417.15
SIA,SP,202501,2077574,0211020036,591.0,3043.65
SIA,SP,202501,4493478,0211020036,42.0,216.3
SIA,SP,202501,2077485,0206010060,1.0,97.44
SIA,SP,202501,2788438,0211020036,26.0,133.9
SIA,SP,202501,2081482,0206010028,2.0,202.2
SIA,SP,202501,2788594,0211020036,91.0,468.65
SIA,SP,202501,4049969,0211020036,28.0,144.2
SIA,SP,202501,2066572,0206010060,1.0,97.44
SIA,SP,202501,2071371,0206020023,2.0,173.5
SIA,SP,202501,2028840,0206010044,1.0,86.75
SIA,SP,202501,2054353,0211020036,123.0,633.45
SIA,SP,202501,2789078,0211020036,184.0,947.6
SIA,SP,202501,2040727,0211020036,858.0,4418.7
SIA,SP,202501,2086743,0211020036,2.0,10.3
SIA,SP,202501,2029189,0211020036,421.0,2168.15
SIA,SP,202501,2788284,0211020036,686.0,3532.9
SIA,SP,202501,2789000,0211020036,108.0,556.2
SIA,SP,202501,6964028,0211020036,37.0,190.55
SIA,SP,202501,2751933,0211020060,179.0,5370.0
SIA,SP,202501,2071371,0211020036,28.0,144.2
SIA,SP,202501,9459065,0211020036,50.0,257.5
SIA,SP,202501,2062658,0211020036,89.0,458.35
SIA,SP,202501,2089785,0211020036,246.0,1266.9
SIA,SP,202501,2069032,0211020036,492.0,2533.8
SIA,SP,202501,6136028,0211020036,113.0,581.95
SIA,SP,202501,2788497,0211020036,15.0,77.25
SIA,SP,202501,6357083,0211020036,98.0,504.7
SIA,SP,202501,2789221,0211020036,58.0,298.7
SIA,SP,202501,2078155,0211020036,392.0,2018.8
SIA,SP,202501,7992890,0211020036,443.0,2281.45
SIA,SP,202501,2751933,0211020036,487.0,2508.05
SIA,SP,202501,2787512,0211020036,253.0,1302.95
SIA,SP,202501,4049934,0211020036,83.0,427.45
SIA,SP,202501,2752239,0211020036,172.0,885.8
SIA,SP,202501,4049942,0211020036,4.0,20.6
SIA,SP,202501,0873268,0211020036,427.0,2199.05
SIA,SP,202501,2077655,0206010028,2.0,202.2
SIA,SP,202501,3049213,0211020036,68.0,350.2
SIA,SP,202501,7019076,0211020060,190.0,5700.0
SIA,SP,202501,7019076,0211020036,132.0,679.8
SIA,SP,202501,7527004,0206030037,1.0,138.63
SIA,SP,202501,2787253,0211020036,54.0,278.1
SIA,SP,202501,2080346,0211020036,135.0,695.25
SIA,SP,202501,2788020,0211020036,57.0,293.55
SIA,SP,202501,2789043,0211020036,30.0,154.5
SIA,SP,202501,2787601,0211020036,51.0,262.65
SIA,SP,202501,2046261,0211020036,2.0,10.3
SIA,SP,202501,2067803,0211020036,10.0,51.5
SIA,SP,202501,2786958,0211020036,72.0,370.8
SIA,SP,202501,2752379,0211020036,278.0,1431.7
SIA,SP,202501,2788624,0211020036,23.0,118.45
SIA,SP,202501,2082837,0211020036,471.0,2425.65
SIA,SP,202501,7992890,0211020060,134.0,4020.0
SIA,SP,202501,3444538,0211020036,214.0,1102.1
SIA,SP,202501,2027070,0211020036,72.0,370.8
SIA,SP,202501,3614948,0211020036,70.0,360.5
SIA,SP,202501,2819856,0211020036,18.0,92.7
SIA,SP,202501,9624988,0211020036,44.0,226.6
SIA,SP,202501,2077655,0206010010,1.0,86.76
SIA,SP,202501,6136028,0211020060,117.0,3510.0
SIA,SP,202501,2751925,0211020060,189.0,5670.0
SIA,SP,202501,2788896,0211020036,18.0,92.7
SIA,SP,202501,2751836,0211020036,27.0,139.05
SIA,SP,202501,9971513,0211020036,293.0,1508.95
SIA,SP,202501,7479387,0211020036,674.0,3471.1
SIA,SP,202501,2082128,0211020060,38.0,1140.0
SIA,SP,202501,2787075,0211020036,50.0,257.5
SIA,SP,202501,2074079,0211020036,98.0,504.7
SIA,SP,202501,6759998,0211020036,25.0,128.75
SIA,SP,202501,2040069,0211020036,53.0,272.95
SIA,SP,202501,2787431,0211020036,18.0,92.7
SIA,SP,202501,2787350,0211020036,106.0,545.9
SIA,SP,202501,2751968,0211020036,1300.0,6695.0
SIA,SP,202501,2037971,0211020036,390.0,2008.5
SIA,SP,202501,2080125,0211020036,280.0,1442.0
SIA,SP,202501,6432530,0211020036,245.0,1261.75
SIA,SP,202501,4050312,0211020060,53.0,1590.0
SIA,SP,202501,6357083,0211020060,118.0,3540.0
SIA,SP,202501,2787865,0211020036,36.0,185.4
SIA,SP,202501,2787377,0211020036,37.0,190.55
SIA,SP,202501,2752204,0211020036,72.0,370.8
SIA,SP,202501,2787083,0211020036,42.0,216.3
SIA,SP,202501,6759998,0211020060,83.0,2490.0
SIA,SP,202501,2751852,0211020036,185.0,952.75
SIA,SP,202501,2080346,0211020060,6.0,180.0
SIA,SP,202501,6148336,0211020036,7.0,36.05
SIA,SP,202501,2787547,0211020036,20.0,103.0
SIA,SP,202501,4050142,0211020036,93.0,478.95
SIA,SP,202501,6148336,0211020060,115.0,3450.0
SIA,SP,202501,3212130,0211020036,282.0,1452.3
SIA,SP,202501,2751852,0211020060,127.0,3810.0
SIA,SP,202501,2057131,0211020036,4.0,20.6
SIA,SP,202501,2080427,0206010028,1.0,101.1
SIA,SP,202501,2080427,0206020023,1.0,86.75
SIA,SP,202501,2091542,0211020060,33.0,990.0
SIA,SP,202501,2751925,0211020036,678.0,3491.7
SIA,SP,202501,6391869,0211020060,167.0,5010.0
SIA,SP,202501,6391869,0211020036,119.0,612.85
SIA,SP,202501,2786435,0206010036,128.0,11105.28
SIA,SP,202501,2786435,0206020031,604.0,82391.64
SIA,SP,202501,6895263,0206020031,98.0,13368.18
SIA,SP,202501,0008028,0206010079,534.0,52032.96
SIA,SP,202501,7894260,0206010060,16.0,1559.04
SIA,SP,202501,2069776,0206030037,445.0,61690.35
SIA,SP,202501,5618401,0206020031,71.0,9685.11
SIA,SP,202501,5618401,0206010079,160.0,15590.4
SIA,SP,202501,5618401,0206010028,58.0,5863.8
SIA,SP,202501,2069776,0206020031,384.0,52381.44
SIA,SP,202501,9425802,0206030010,197.0,27310.11
SIA,SP,202501,9755160,0206030037,180.0,24953.4
SIA,SP,202501,2069776,0206010079,913.0,88962.72
SIA,SP,202501,2069776,0206010036,87.0,7548.12
SIA,SP,202501,2082926,0206010044,30.0,2602.5
SIA,SP,202501,2082926,0206010028,59.0,5964.9
SIA,SP,202501,7184689,0206030010,169.0,23428.47
SIA,SP,202501,2092611,0206030010,136.0,18853.68
SIA,SP,202501,2069776,0206030010,428.0,59333.64
SIA,SP,202501,2082926,0206010079,129.0,12569.76
SIA,SP,202501,2082926,0206020031,93.0,12686.13
SIA,SP,202501,2772310,0206030010,170.0,23567.1
SIA,SP,202501,7894260,0211020036,96.0,494.4
SIA,SP,202501,9425802,0206020023,12.0,1041.0
SIA,SP,202501,9425802,0206010079,149.0,14518.56
SIA,SP,202501,9425802,0206030037,186.0,25785.18
SIA,SP,202501,9425802,0206010028,119.0,12030.9
SIA,SP,202501,2772310,0206030037,157.0,21764.91
SIA,SP,202501,7473702,0206010079,156.0,15200.64
SIA,SP,202501,2082926,0206030010,116.0,16081.08
SIA,SP,202501,0092894,0206010079,141.0,13739.04
SIA,SP,202501,0092894,0206030010,229.0,31746.27
SIA,SP,202501,2082926,0206030037,129.0,17883.27
SIA,SP,202501,2772310,0206020031,245.0,33420.45
SIA,SP,202501,7894260,0206030037,13.0,1802.19
SIA,SP,202501,0092894,0206020031,251.0,34238.91
SIA,SP,202501,0092894,0206030029,38.0,3296.5
SIA,SP,202501,6895263,0206030010,103.0,14278.89
SIA,SP,202501,4390563,0206010079,104.0,10133.76
SIA,SP,202501,0092894,0206020023,14.0,1214.5
SIA,SP,202501,0092894,0206010052,4.0,347.0
SIA,SP,202501,0092894,0206030037,207.0,28696.41
SIA,SP,202501,0092894,0206010028,51.0,5156.1
SIA,SP,202501,9425802,0206010044,41.0,3556.75
SIA,SP,202501,9050965,0211020036,199.0,1024.85
SIA,SP,202501,9755160,0206010052,8.0,694.0
SIA,SP,202501,3116085,0208010033,72.0,27581.04
SIA,SP,202501,7892985,0211020036,448.0,2307.2
SIA,SP,202501,2082187,0206030037,869.0,120469.47
SIA,SP,202501,2082187,0206010052,183.0,15875.25
SIA,SP,202501,2082187,0206020031,993.0,135455.13
SIA,SP,202501,0009628,0206010010,218.0,18913.68
SIA,SP,202501,0009628,0206010044,209.0,18130.75
SIA,SP,202501,0009628,0206010079,704.0,68597.76
SIA,SP,202501,7473702,0206010036,65.0,5639.4
SIA,SP,202501,2772310,0211020036,100.0,515.0
SIA,SP,202501,2078775,0208010033,50.0,19153.5
SIA,SP,202501,2082187,0206010044,202.0,17523.5
SIA,SP,202501,0009628,0206010036,75.0,6507.0
SIA,SP,202501,0009628,0206020031,236.0,32192.76
SIA,SP,202501,2082187,0206010079,373.0,36345.12
SIA,SP,202501,2082187,0206030010,794.0,110072.22
SIA,SP,202501,2092611,0206020031,76.0,10367.16
SIA,SP,202501,2097613,0208010025,27.0,11030.04
SIA,SP,202501,7473702,0206030010,122.0,16912.86
SIA,SP,202501,2772310,0206010052,20.0,1735.0
SIA,SP,202501,2748029,0206030037,108.0,14972.04
SIA,SP,202501,0092894,0206010044,24.0,2082.0
SIA,SP,202501,2085194,0206030037,60.0,8317.8
SIA,SP,202501,2085194,0206030010,64.0,8872.32
SIA,SP,202501,2772310,0211020060,85.0,2550.0
SIA,SP,202501,0316180,0211020036,333.0,1714.95
SIA,SP,202501,9425802,0206010010,31.0,2689.56
SIA,SP,202501,2067994,0206010044,2.0,173.5
SIA,SP,202501,4390563,0206010028,30.0,3033.0
SIA,SP,202501,2082187,0206010010,54.0,4685.04
SIA,SP,202501,7184689,0206010079,178.0,17344.32
SIA,SP,202501,7184689,0206010028,13.0,1314.3
SIA,SP,202501,2078775,0206010079,444.0,43263.36
SIA,SP,202501,2078775,0206030010,320.0,44361.6
SIA,SP,202501,2078775,0206030037,328.0,45470.64
SIA,SP,202501,2078775,0206010044,106.0,9195.5
SIA,SP,202501,2078775,0206020031,307.0,41877.87
SIA,SP,202501,2092611,0206010036,15.0,1301.4
SIA,SP,202501,7473702,0206020015,102.0,8848.5
SIA,SP,202501,7473702,0206030037,117.0,16219.71
SIA,SP,202501,3314766,0211020036,237.0,1220.55
SIA,SP,202501,0009628,0206010028,143.0,14457.3
SIA,SP,202501,0009628,0206030010,46.0,6376.98
SIA,SP,202501,2082187,0206010028,57.0,5762.7
SIA,SP,202501,2748029,0206010010,12.0,1041.12
SIA,SP,202501,2748029,0206020031,123.0,16778.43
SIA,SP,202501,6895263,0206010079,116.0,11303.04
SIA,SP,202501,4390563,0206020031,93.0,12686.13
SIA,SP,202501,5618401,0206030037,86.0,11922.18
SIA,SP,202501,2092611,0206010079,171.0,16662.24
SIA,SP,202501,2748029,0206030010,116.0,16081.08
SIA,SP,202501,2082187,0206010036,48.0,4164.48
SIA,SP,202501,7473702,0206010010,97.0,8415.72
SIA,SP,202501,9425802,0206020031,111.0,15141.51
SIA,SP,202501,2073269,0206010044,5.0,433.75
SIA,SP,202501,2772310,0206010079,26.0,2533.44
SIA,SP,202501,2092611,0206010010,27.0,2342.52
SIA,SP,202501,2786435,0206030010,272.0,37707.36
SIA,SP,202501,0008028,0206010010,61.0,5292.36
SIA,SP,202501,0008028,0206020015,41.0,3556.75
SIA,SP,202501,2786435,0206020015,58.0,5031.5
SIA,SP,202501,2786435,0206010079,382.0,37222.08
SIA,SP,202501,0008028,0206030029,69.0,5985.75
SIA,SP,202501,0008028,0206030010,329.0,45609.27
SIA,SP,202501,0008028,0206030037,343.0,47550.09
SIA,SP,202501,4390563,0206010044,23.0,1995.25
SIA,SP,202501,2085194,0206020031,55.0,7502.55
SIA,SP,202501,9267263,0206010036,0.0,0.0
SIA,SP,202501,2080354,0206030037,69.0,9565.47
SIA,SP,202501,2786435,0206010028,134.0,13547.4
SIA,SP,202501,2080354,0208010033,3.0,1149.21
SIA,SP,202501,2092611,0206030037,134.0,18576.42
SIA,SP,202501,0008028,0206010036,46.0,3990.96
SIA,SP,202501,2078775,0206010036,29.0,2516.04
SIA,SP,202501,2078775,0211020036,532.0,2739.8
SIA,SP,202501,6895263,0206010052,23.0,1995.25
SIA,SP,202501,2092611,0206010028,36.0,3639.6
SIA,SP,202501,2786435,0206030037,744.0,103140.72
SIA,SP,202501,2078775,0206020015,10.0,867.5
SIA,SP,202501,2078775,0206010010,48.0,4164.48
SIA,SP,202501,2078775,0206010028,56.0,5661.6
SIA,SP,202501,2078775,0206010052,23.0,1995.25
SIA,SP,202501,6895263,0206030037,96.0,13308.48
SIA,SP,202501,3126838,0206030037,706.0,97872.78
SIA,SP,202501,9425802,0206010060,32.0,3118.08
SIA,SP,202501,3126838,0206030010,700.0,97041.0
SIA,SP,202501,3126838,0206020031,493.0,67250.13
SIA,SP,202501,3126838,0206010079,848.0,82629.12
SIA,SP,202501,2069776,0206010028,124.0,12536.4
SIA,SP,202501,4390563,0206030010,21.0,2911.23
SIA,SP,202501,7473702,0206010028,118.0,11929.8
SIA,SP,202501,4559207,0211020036,508.0,2616.2
SIA,SP,202501,9503196,0206020031,94.0,12822.54
SIA,SP,202501,9503196,0206010079,247.0,24067.68
SIA,SP,202501,3126838,0206010036,29.0,2516.04
SIA,SP,202501,3126838,0206010044,121.0,10496.75
SIA,SP,202501,9503196,0206010028,264.0,26690.4
SIA,SP,202501,2069776,0206010010,186.0,16137.36
SIA,SP,202501,9755160,0206020031,34.0,4637.94
SIA,SP,202501,2069776,0206010044,108.0,9369.0
SIA,SP,202501,9503196,0206030010,58.0,8040.54
SIA,SP,202501,5618401,0206030010,105.0,14556.15
SIA,SP,202501,2082187,0208010033,7.0,2681.49
SIA,SP,202501,2080354,0206020031,73.0,9957.93
SIA,SP,202501,2748029,0208010025,8.0,3268.16
SIA,SP,202501,3126838,0206010052,82.0,7113.5
SIA,SP,202501,3126838,0206010010,57.0,4945.32
SIA,SP,202501,2081164,0211020036,189.0,973.35
SIA,SP,202501,3126838,0206030029,46.0,3990.5
SIA,SP,202501,2069776,0206030029,80.0,6940.0
SIA,SP,202501,0008028,0206010028,102.0,10312.2
SIA,SP,202501,0008028,0206010052,12.0,1041.0
SIA,SP,202501,9425802,0206010052,24.0,2082.0
SIA,SP,202501,9050965,0211020060,42.0,1260.0
SIA,SP,202501,5075254,0211020060,172.0,5160.0
SIA,SP,202501,2078775,0208010025,50.0,20426.0
SIA,SP,202501,7184689,0206020031,100.0,13641.0
SIA,SP,202501,7184689,0206030037,104.0,14417.52
SIA,SP,202501,7550049,0211020036,243.0,1251.45
SIA,SP,202501,2082926,0206010036,16.0,1388.16
SIA,SP,202501,0008028,0206020031,176.0,24008.16
SIA,SP,202501,7894260,0206020031,31.0,4228.71
SIA,SP,202501,0008028,0206020023,36.0,3123.0
SIA,SP,202501,9267263,0206030010,0.0,0.0
SIA,SP,202501,2786435,0206010010,123.0,10671.48
SIA,SP,202501,2082187,0206020023,24.0,2082.0
SIA,SP,202501,7473702,0206030029,99.0,8588.25
SIA,SP,202501,3126838,0206010028,83.0,8391.3
SIA,SP,202501,3116085,0208010025,72.0,29413.44
SIA,SP,202501,2078775,0206030029,16.0,1388.0
SIA,SP,202501,9325530,0206030010,55.0,7624.65
SIA,SP,202501,9755160,0206010079,204.0,19877.76
SIA,SP,202501,2069776,0206020015,60.0,5205.0
SIA,SP,202501,2748029,0206010079,24.0,2338.56
SIA,SP,202501,9503196,0206010044,37.0,3209.75
SIA,SP,202501,9503196,0206010052,4.0,347.0
SIA,SP,202501,9503196,0206030037,60.0,8317.8
SIA,SP,202501,9325530,0206030037,39.0,5406.57
SIA,SP,202501,9325530,0206010079,47.0,4579.68
SIA,SP,202501,9755160,0206010028,17.0,1718.7
SIA,SP,202501,2025507,0206030010,386.0,53511.18
SIA,SP,202501,2025507,0206030037,424.0,58779.12
SIA,SP,202501,2025507,0206010079,358.0,34883.52
SIA,SP,202501,2025507,0206010028,34.0,3437.4
SIA,SP,202501,0009296,0211020036,263.0,1354.45
SIA,SP,202501,0053341,0206010079,49.0,4774.56
SIA,SP,202501,2786435,0206030029,46.0,3990.5
SIA,SP,202501,9267263,0206010079,0.0,0.0
SIA,SP,202501,2080354,0206030010,57.0,7901.91
SIA,SP,202501,2090236,0206020031,2515.0,343071.15
SIA,SP,202501,2090236,0206030010,1996.0,276705.48
SIA,SP,202501,2090236,0206030037,1910.0,264783.3
SIA,SP,202501,2090236,0208010033,377.0,144417.39
SIA,SP,202501,2090236,0206020015,8.0,694.0
SIA,SP,202501,2090236,0208010025,377.0,154012.04
SIA,SP,202501,2090236,0206010079,338.0,32934.72
SIA,SP,202501,2025507,0206020031,181.0,24690.21
SIA,SP,202501,2025507,0206010052,34.0,2949.5
SIA,SP,202501,0009164,0211020036,23.0,118.45
SIA,SP,202501,2786435,0206010044,37.0,3209.75
SIA,SP,202501,6895263,0206010028,34.0,3437.4
SIA,SP,202501,2090236,0206010052,288.0,24984.0
SIA,SP,202501,9262814,0206010010,3.0,260.28
SIA,SP,202501,0008028,0206010044,41.0,3556.75
SIA,SP,202501,7373465,0206030029,171.0,14834.25
SIA,SP,202501,5618401,0206010010,11.0,954.36
SIA,SP,202501,5618401,0206010052,11.0,954.25
SIA,SP,202501,2090236,0206020023,7.0,607.25
SIA,SP,202501,7373465,0206010010,170.0,14749.2
SIA,SP,202501,2025507,0206010010,49.0,4251.24
SIA,SP,202501,2082187,0206030029,91.0,7894.25
SIA,SP,202501,9755160,0206030010,66.0,9149.58
SIA,SP,202501,2090236,0206010028,43.0,4347.3
SIA,SP,202501,2080532,0206010079,36.0,3507.84
SIA,SP,202501,2080532,0206020031,9.0,1227.69
SIA,SP,202501,2786435,0206010052,82.0,7113.5
SIA,SP,202501,2067994,0206010052,1.0,86.75
SIA,SP,202501,2772310,0206010028,6.0,606.6
SIA,SP,202501,2090236,0206030029,57.0,4944.75
SIA,SP,202501,5618401,0206010044,30.0,2602.5
SIA,SP,202501,7373465,0206010028,315.0,31846.5
SIA,SP,202501,7373465,0206010036,137.0,11886.12
SIA,SP,202501,7373465,0206030037,253.0,35073.39
SIA,SP,202501,2084228,0206020015,1.0,86.75
SIA,SP,202501,0009628,0206020015,25.0,2168.75
SIA,SP,202501,2069776,0206020023,70.0,6072.5
SIA,SP,202501,2035081,0206010079,160.0,15590.4
SIA,SP,202501,2035081,0206010010,70.0,6073.2
SIA,SP,202501,7373465,0206010079,202.0,19682.88
SIA,SP,202501,7373465,0206030010,293.0,40618.59
SIA,SP,202501,2748029,0205010016,7.0,1155.0
SIA,SP,202501,2084228,0206030010,42.0,5822.46
SIA,SP,202501,2035081,0206030010,34.0,4713.42
SIA,SP,202501,2035081,0206020031,131.0,17869.71
SIA,SP,202501,9755160,0206010010,12.0,1041.12
SIA,SP,202501,2027356,0206020031,3.0,409.23
SIA,SP,202501,7373465,0206010044,67.0,5812.25
SIA,SP,202501,7373465,0206020031,252.0,34375.32
SIA,SP,202501,2035081,0206010028,207.0,20927.7
SIA,SP,202501,9425802,0206010036,20.0,1735.2
SIA,SP,202501,7373465,0206020015,63.0,5465.25
SIA,SP,202501,2097613,0208010033,27.0,10342.89
SIA,SP,202501,2035081,0206010036,21.0,1821.96
SIA,SP,202501,2035081,0206010044,7.0,607.25
SIA,SP,202501,4390563,0206010010,10.0,867.6
SIA,SP,202501,2084228,0206010079,48.0,4677.12
SIA,SP,202501,2084228,0206010010,3.0,260.28
SIA,SP,202501,2090236,0206010044,67.0,5812.25
SIA,SP,202501,2078775,0206020023,1.0,86.75
SIA,SP,202501,2080532,0206030010,20.0,2772.6
SIA,SP,202501,2073269,0206010079,19.0,1851.36
SIA,SP,202501,7894260,0206010079,56.0,5456.64
SIA,SP,202501,5618401,0206010036,10.0,867.6
SIA,SP,202501,4390563,0206020015,2.0,173.5
SIA,SP,202501,4390563,0206030037,15.0,2079.45
SIA,SP,202501,0053341,0206030037,31.0,4297.53
SIA,SP,202501,7373465,0208010025,39.0,15932.28
SIA,SP,202501,7373465,0206010052,38.0,3296.5
SIA,SP,202501,7894260,0206030010,25.0,3465.75
SIA,SP,202501,9503196,0206030029,21.0,1821.75
SIA,SP,202501,9503196,0206010010,78.0,6767.28
SIA,SP,202501,5618401,0206030029,15.0,1301.25
SIA,SP,202501,2025507,0206010044,85.0,7373.75
SIA,SP,202501,2073269,0206020031,7.0,954.87
SIA,SP,202501,2082926,0206010010,25.0,2169.0
SIA,SP,202501,2082187,0206020015,84.0,7287.0
SIA,SP,202501,4390563,0206030029,9.0,780.75
SIA,SP,202501,2090236,0206010036,31.0,2689.56
SIA,SP,202501,2084228,0206030037,56.0,7763.28
SIA,SP,202501,0053341,0206030010,58.0,8040.54
SIA,SP,202501,2082187,0205010016,8.0,1320.0
SIA,SP,202501,9425802,0206030029,16.0,1388.0
SIA,SP,202501,2082187,0208010025,7.0,2859.64
SIA,SP,202501,2092611,0206010044,29.0,2515.75
SIA,SP,202501,2069776,0206010052,73.0,6332.75
SIA,SP,202501,2025507,0206020023,7.0,607.25
SIA,SP,202501,2073269,0206010028,6.0,606.6
SIA,SP,202501,4390563,0206020023,3.0,260.25
SIA,SP,202501,7373465,0208010033,40.0,15322.8
SIA,SP,202501,2084228,0206020031,47.0,6411.27
SIA,SP,202501,2071851,0211020036,173.0,890.95
SIA,SP,202501,7373465,0206020023,95.0,8241.25
SIA,SP,202501,9377255,0211020036,505.0,2600.75
SIA,SP,202501,3126838,0205010016,1.0,165.0
SIA,SP,202501,3636429,0211020036,428.0,2204.2
SIA,SP,202501,2748223,0206010010,94.0,8155.44
SIA,SP,202501,2748223,0206010036,96.0,8328.96
SIA,SP,202501,2748223,0206030010,563.0,78048.69
SIA,SP,202501,2748223,0206010028,126.0,12738.6
SIA,SP,202501,2748223,0206020031,557.0,75980.37
SIA,SP,202501,2748223,0206030037,585.0,81098.55
SIA,SP,202501,9262814,0206020031,6.0,818.46
SIA,SP,202501,2092611,0206010052,17.0,1474.75
SIA,SP,202501,2090236,0206010010,24.0,2082.24
SIA,SP,202501,0009628,0206010052,9.0,780.75
SIA,SP,202501,5618401,0206020023,6.0,520.5
SIA,SP,202501,2084228,0206020023,3.0,260.25
SIA,SP,202501,7751494,0211020036,1.0,5.15
SIA,SP,202501,6572367,0211020060,276.0,8280.0
SIA,SP,202501,7473702,0206010044,23.0,1995.25
SIA,SP,202501,5860490,0206030037,4.0,554.52
SIA,SP,202501,2092611,0206020023,6.0,520.5
SIA,SP,202501,0009628,0211020060,55.0,1650.0
SIA,SP,202501,0008141,0211020036,167.0,860.05
SIA,SP,202501,2035081,0206030037,39.0,5406.57
SIA,SP,202501,2790564,0206010044,166.0,14400.5
SIA,SP,202501,2748223,0206010079,438.0,42678.72
SIA,SP,202501,2082349,0206010079,397.0,38683.68
SIA,SP,202501,2082349,0206030010,161.0,22319.43
SIA,SP,202501,2035081,0206020015,29.0,2515.75
SIA,SP,202501,7184689,0206010010,11.0,954.36
SIA,SP,202501,6634869,0206010044,3.0,260.25
SIA,SP,202501,2035081,0206030029,67.0,5812.25
SIA,SP,202501,2092611,0211020036,136.0,700.4
SIA,SP,202501,9630562,0206020031,2.0,272.82
SIA,SP,202501,2748029,0208010033,8.0,3064.56
SIA,SP,202501,2080532,0206030037,20.0,2772.6
SIA,SP,202501,0092894,0205010016,6.0,990.0
SIA,SP,202501,2067994,0206030037,10.0,1386.3
SIA,SP,202501,2025507,0206010060,11.0,1071.84
SIA,SP,202501,2084228,0206010028,4.0,404.4
SIA,SP,202501,2067994,0206030010,10.0,1386.3
SIA,SP,202501,2073269,0206010010,4.0,347.04
SIA,SP,202501,9755160,0206020015,1.0,86.75
SIA,SP,202501,2073269,0206030037,10.0,1386.3
SIA,SP,202501,2084228,0206030029,2.0,173.5
SIA,SP,202501,2025507,0206020015,10.0,867.5
SIA,SP,202501,7184689,0206010044,13.0,1127.75
SIA,SP,202501,2786435,0206020023,9.0,780.75
SIA,SP,202501,2084228,0206010052,1.0,86.75
SIA,SP,202501,2082187,0206010060,2.0,194.88
SIA,SP,202501,6895263,0206010044,29.0,2515.75
SIA,SP,202501,6895263,0206010010,9.0,780.84
SIA,SP,202501,2067994,0206010079,18.0,1753.92
SIA,SP,202501,2080400,0211020036,279.0,1436.85
SIA,SP,202501,5860490,0206010044,5.0,433.75
SIA,SP,202501,2028174,0208010025,50.0,20426.0
SIA,SP,202501,2080273,0206010052,50.0,4337.5
SIA,SP,202501,2080273,0206020031,407.0,55518.87
SIA,SP,202501,2080273,0206030010,423.0,58640.49
SIA,SP,202501,2080273,0206030037,424.0,58779.12
SIA,SP,202501,2084414,0206010079,135.0,13154.4
SIA,SP,202501,2084414,0206010036,8.0,694.08
SIA,SP,202501,2084414,0206030010,171.0,23705.73
SIA,SP,202501,2080052,0206020031,33.0,4501.53
SIA,SP,202501,0008052,0211020036,202.0,1040.3
SIA,SP,202501,2080273,0206030029,90.0,7807.5
SIA,SP,202501,0053341,0206020031,6.0,818.46
SIA,SP,202501,9262814,0206010028,12.0,1213.2
SIA,SP,202501,2080354,0206010036,2.0,173.52
SIA,SP,202501,2786435,0208010025,5.0,2042.6
SIA,SP,202501,9262814,0206010079,27.0,2630.88
SIA,SP,202501,7894260,0206010028,10.0,1011.0
SIA,SP,202501,9503196,0206010036,14.0,1214.64
SIA,SP,202501,2055228,0206010044,28.0,2429.0
SIA,SP,202501,2080532,0206010036,4.0,347.04
SIA,SP,202501,9755160,0206010044,9.0,780.75
SIA,SP,202501,2087669,0211020036,531.0,2734.65
SIA,SP,202501,3126838,0206020023,2.0,173.5
SIA,SP,202501,2080354,0206010079,8.0,779.52
SIA,SP,202501,2772310,0206010044,6.0,520.5
SIA,SP,202501,0092894,0206020015,16.0,1388.0
SIA,SP,202501,2082926,0206020015,2.0,173.5
SIA,SP,202501,7958250,0211020036,379.0,1951.85
SIA,SP,202501,2073269,0206020015,1.0,86.75
SIA,SP,202501,2097087,0211020036,26.0,133.9
SIA,SP,202501,2092611,0211020060,69.0,2070.0
SIA,SP,202501,2092611,0205010016,1.0,165.0
SIA,SP,202501,5860490,0206010060,14.0,1364.16
SIA,SP,202501,2025507,0206010036,23.0,1995.48
SIA,SP,202501,6236596,0206030010,3.0,415.89
SIA,SP,202501,2073269,0206030010,13.0,1802.19
SIA,SP,202501,2786435,0208010033,4.0,1532.28
SIA,SP,202501,2080532,0206010010,4.0,347.04
SIA,SP,202501,9267263,0206020031,0.0,0.0
SIA,SP,202501,2080354,0208010025,3.0,1225.56
SIA,SP,202501,0026417,0211020036,673.0,3465.95
SIA,SP,202501,2084414,0206020031,124.0,16914.84
SIA,SP,202501,2027356,0206010079,1.0,97.44
SIA,SP,202501,2080400,0206030010,97.0,13447.11
SIA,SP,202501,2080052,0206030029,86.0,7460.5
SIA,SP,202501,2080052,0206030037,133.0,18437.79
SIA,SP,202501,2080052,0206010079,192.0,18708.48
SIA,SP,202501,2081377,0208010025,98.0,40034.96
SIA,SP,202501,2089335,0206020031,29.0,3955.89
SIA,SP,202501,2089335,0206030037,25.0,3465.75
SIA,SP,202501,2080273,0206010079,204.0,19877.76
SIA,SP,202501,2080273,0206010010,52.0,4511.52
SIA,SP,202501,2080273,0208010033,86.0,32944.02
SIA,SP,202501,2080400,0206020031,66.0,9003.06
SIA,SP,202501,2084414,0206010044,36.0,3123.0
SIA,SP,202501,2084414,0211020036,234.0,1205.1
SIA,SP,202501,2084414,0206030037,174.0,24121.62
SIA,SP,202501,2080052,0206030010,121.0,16774.23
SIA,SP,202501,2080273,0206010044,44.0,3817.0
SIA,SP,202501,2067994,0206010028,4.0,404.4
SIA,SP,202501,2067994,0206030029,2.0,173.5
SIA,SP,202501,2096943,0211020036,27.0,139.05
SIA,SP,202501,2035081,0206010052,8.0,694.0
SIA,SP,202501,2082926,0206010052,9.0,780.75
SIA,SP,202501,4416155,0211020060,522.0,15660.0
SIA,SP,202501,2090236,0211020036,922.0,4748.3
SIA,SP,202501,2080052,0206010010,87.0,7548.12
SIA,SP,202501,2080400,0206010010,1.0,86.76
SIA,SP,202501,2084414,0208010025,49.0,20017.48
SIA,SP,202501,6895263,0206020015,4.0,347.0
SIA,SP,202501,2084228,0206010044,14.0,1214.5
SIA,SP,202501,2027356,0206030010,2.0,277.26
SIA,SP,202501,2035294,0211020036,319.0,1642.85
SIA,SP,202501,2057050,0208010025,87.0,35541.24
SIA,SP,202501,0092894,0206010036,10.0,867.6
SIA,SP,202501,2080532,0206010044,1.0,86.75
SIA,SP,202501,6919456,0211020036,641.0,3301.15
SIA,SP,202501,2097613,0211020060,9.0,270.0
SIA,SP,202501,2080532,0211020036,107.0,551.05
SIA,SP,202501,7473702,0206020031,26.0,3546.66
SIA,SP,202501,7894260,0206010010,4.0,347.04
SIA,SP,202501,2025507,0206030029,5.0,433.75
SIA,SP,202501,0092894,0206010010,17.0,1474.92
SIA,SP,202501,2075741,0206010095,16.0,33715.52
SIA,SP,202501,9630562,0206010079,1.0,97.44
SIA,SP,202501,2082926,0206030029,13.0,1127.75
SIA,SP,202501,3126838,0208010025,1.0,408.52
SIA,SP,202501,9120068,0211020036,576.0,2966.4
SIA,SP,202501,5860490,0206010010,2.0,173.52
SIA,SP,202501,2082527,0211020010,62.0,45262.48
SIA,SP,202501,9267263,0206010028,0.0,0.0
SIA,SP,202501,2027356,0206030037,5.0,693.15
SIA,SP,202501,2082926,0206020023,8.0,694.0
SIA,SP,202501,2080532,0206030029,2.0,173.5
SIA,SP,202501,2073269,0206010036,1.0,86.76
SIA,SP,202501,7184689,0206010052,1.0,86.75
SIA,SP,202501,7400926,0206010052,33.0,2862.75
SIA,SP,202501,7400926,0206010079,170.0,16564.8
SIA,SP,202501,7400926,0206010028,158.0,15973.8
SIA,SP,202501,7400926,0206030010,135.0,18715.05
SIA,SP,202501,7400926,0206030029,8.0,694.0
SIA,SP,202501,7400926,0206030037,136.0,18853.68
SIA,SP,202501,7021801,0211020060,117.0,3510.0
SIA,SP,202501,3012212,0206030010,68.0,9426.84
SIA,SP,202501,2080532,0206010028,4.0,404.4
SIA,SP,202501,0009601,0205010016,14.0,2310.0
SIA,SP,202501,0009601,0206010052,42.0,3643.5
SIA,SP,202501,0009601,0206010079,70.0,6820.8
SIA,SP,202501,0009601,0206020031,469.0,63976.29
SIA,SP,202501,0009601,0206010036,9.0,780.84
SIA,SP,202501,0009601,0206010028,14.0,1415.4
SIA,SP,202501,0009601,0206010010,4.0,347.04
SIA,SP,202501,0009601,0206020023,2.0,173.5
SIA,SP,202501,0009601,0206030010,362.0,50184.06
SIA,SP,202501,0009601,0206030037,352.0,48797.76
SIA,SP,202501,6260373,0205010016,20.0,3300.0
SIA,SP,202501,3012212,0206010052,10.0,867.5
SIA,SP,202501,3012212,0206010079,113.0,11010.72
SIA,SP,202501,0198986,0208010033,41.0,15705.87
SIA,SP,202501,0198986,0208010025,41.0,16749.32
SIA,SP,202501,2077396,0206010079,970.0,94516.8
SIA,SP,202501,2077396,0206020031,1115.0,152097.15
SIA,SP,202501,2077396,0206030010,1279.0,177307.77
SIA,SP,202501,2077396,0206030037,1257.0,174257.91
SIA,SP,202501,2077396,0211020060,190.0,5700.0
SIA,SP,202501,2077396,0211020036,868.0,4470.2
SIA,SP,202501,2077396,0206010028,280.0,28308.0
SIA,SP,202501,2077396,0206020023,43.0,3730.25
SIA,SP,202501,2077396,0206010044,287.0,24897.25
SIA,SP,202501,2077396,0208010025,94.0,38400.88
SIA,SP,202501,2077396,0206010036,260.0,22557.6
SIA,SP,202501,2077396,0206030029,41.0,3556.75
SIA,SP,202501,9491252,0206030037,64.0,8872.32
SIA,SP,202501,9491252,0206030010,54.0,7486.02
SIA,SP,202501,9491252,0206010028,40.0,4044.0
SIA,SP,202501,9491252,0206010079,68.0,6625.92
SIA,SP,202501,7489390,0211020036,29.0,149.35
SIA,SP,202501,2083116,0206030037,56.0,7763.28
SIA,SP,202501,9491252,0206030029,39.0,3383.25
SIA,SP,202501,7108648,0211020036,202.0,1040.3
SIA,SP,202501,7894260,0206010052,2.0,173.5
SIA,SP,202501,7400926,0206010010,46.0,3990.96
SIA,SP,202501,7400926,0206020015,27.0,2342.25
SIA,SP,202501,7980426,0206010036,11.0,954.36
SIA,SP,202501,7980426,0206010044,15.0,1301.25
SIA,SP,202501,7980426,0206010079,153.0,14908.32
SIA,SP,202501,7980426,0206020031,74.0,10094.34
SIA,SP,202501,7980426,0206030010,48.0,6654.24
SIA,SP,202501,7980426,0206010028,98.0,9907.8
SIA,SP,202501,9898565,0205010016,58.0,9570.0
SIA,SP,202501,7400926,0206020031,192.0,26190.72
SIA,SP,202501,2095785,0211020036,354.0,1823.1
SIA,SP,202501,6895263,0206010060,3.0,292.32
SIA,SP,202501,2077396,0206010052,223.0,19345.25
SIA,SP,202501,2077396,0206010060,33.0,3215.52
SIA,SP,202501,2077396,0206010010,269.0,23338.44
SIA,SP,202501,2096412,0206010079,149.0,14518.56
SIA,SP,202501,2096412,0206020015,9.0,780.75
SIA,SP,202501,2096412,0206030037,78.0,10813.14
SIA,SP,202501,9491252,0206010010,23.0,1995.48
SIA,SP,202501,9491252,0206020031,74.0,10094.34
SIA,SP,202501,9491252,0205010016,25.0,4125.0
SIA,SP,202501,2083116,0206020031,63.0,8593.83
SIA,SP,202501,3012212,0206020031,95.0,12958.95
SIA,SP,202501,6655416,0206030037,43.0,5961.09
SIA,SP,202501,6655416,0206020031,40.0,5456.4
SIA,SP,202501,6655416,0206010010,2.0,173.52
SIA,SP,202501,6655416,0206030010,48.0,6654.24
SIA,SP,202501,2701405,0211020036,1.0,5.15
SIA,SP,202501,2096412,0206020031,68.0,9275.88
SIA,SP,202501,2096412,0206010044,22.0,1908.5
SIA,SP,202501,2096412,0206030010,84.0,11644.92
SIA,SP,202501,2096412,0206020023,4.0,347.0
SIA,SP,202501,2772310,0206020015,2.0,173.5
SIA,SP,202501,6998704,0206010079,364.0,35468.16
SIA,SP,202501,6998704,0206010028,27.0,2729.7
SIA,SP,202501,6998704,0206030037,103.0,14278.89
SIA,SP,202501,7872593,0211020036,802.0,4130.3
SIA,SP,202501,2083116,0206010079,18.0,1753.92
SIA,SP,202501,2089327,0211020036,237.0,1220.55
SIA,SP,202501,2089327,0208010025,140.0,57192.8
SIA,SP,202501,2089327,0208010033,141.0,54012.87
SIA,SP,202501,7980426,0206010010,25.0,2169.0
SIA,SP,202501,9808221,0206020031,14.0,1909.74
SIA,SP,202501,9808221,0206030037,11.0,1524.93
SIA,SP,202501,6998704,0206030010,108.0,14972.04
SIA,SP,202501,2083116,0206010036,1.0,86.76
SIA,SP,202501,2083116,0206030010,59.0,8179.17
SIA,SP,202501,9491252,0206020023,14.0,1214.5
SIA,SP,202501,9491252,0206010044,40.0,3470.0
SIA,SP,202501,6895263,0206030029,6.0,520.5
SIA,SP,202501,7021801,0211020036,88.0,453.2
SIA,SP,202501,2698471,0211020036,9.0,46.35
SIA,SP,202501,2096412,0206010010,42.0,3643.92
SIA,SP,202501,3012212,0206030037,61.0,8456.43
SIA,SP,202501,3012212,0206010044,40.0,3470.0
SIA,SP,202501,2083116,0211020036,457.0,2353.55
SIA,SP,202501,6655416,0206010079,29.0,2825.76
SIA,SP,202501,6655416,0211020036,196.0,1009.4
SIA,SP,202501,2077396,0206020015,27.0,2342.25
SIA,SP,202501,0008702,0211020036,94.0,484.1
SIA,SP,202501,0008710,0211020036,78.0,401.7
SIA,SP,202501,7473702,0206010052,8.0,694.0
SIA,SP,202501,6998704,0206020031,178.0,24280.98
SIA,SP,202501,6260373,0211020036,1393.0,7173.95
SIA,SP,202501,9491252,0206010052,4.0,347.0
SIA,SP,202501,2089327,0206010010,28.0,2429.28
SIA,SP,202501,2089327,0206010079,264.0,25724.16
SIA,SP,202501,2089327,0206010052,29.0,2515.75
SIA,SP,202501,2083116,0206010052,10.0,867.5
SIA,SP,202501,6166598,0211020036,670.0,3450.5
SIA,SP,202501,6895263,0206020023,6.0,520.5
SIA,SP,202501,2097648,0211020036,7.0,36.05
SIA,SP,202501,6998704,0206010044,28.0,2429.0
SIA,SP,202501,6998704,0206010052,12.0,1041.0
SIA,SP,202501,9325530,0206020031,2.0,272.82
SIA,SP,202501,6998704,0206010036,7.0,607.32
SIA,SP,202501,6998704,0206010010,12.0,1041.12
SIA,SP,202501,7980426,0211020036,497.0,2559.55
SIA,SP,202501,7060416,0211020036,1.0,5.15
SIA,SP,202501,5380278,0211020036,25.0,128.75
SIA,SP,202501,7047517,0211020036,81.0,417.15
SIA,SP,202501,9491252,0211020036,874.0,4501.1
SIA,SP,202501,7980426,0206020015,7.0,607.25
SIA,SP,202501,2082926,0211020036,109.0,561.35
SIA,SP,202501,2096412,0206010028,10.0,1011.0
SIA,SP,202501,4517512,0211020036,132.0,679.8
SIA,SP,202501,6998704,0206030029,5.0,433.75
SIA,SP,202501,2755130,0206030010,429.0,59472.27
SIA,SP,202501,2790556,0206020031,113.0,15414.33
SIA,SP,202501,2025752,0206030037,106.0,14694.78
SIA,SP,202501,2755130,0206010052,47.0,4077.25
SIA,SP,202501,2755130,0206010036,55.0,4771.8
SIA,SP,202501,2755130,0206030037,379.0,52540.77
SIA,SP,202501,2790556,0206030037,278.0,38539.14
SIA,SP,202501,2790556,0206010052,13.0,1127.75
SIA,SP,202501,2790556,0206010079,382.0,37222.08
SIA,SP,202501,2790556,0206030010,264.0,36598.32
SIA,SP,202501,6056148,0206030029,25.0,2168.75
SIA,SP,202501,2080680,0206010079,266.0,25919.04
SIA,SP,202501,2080680,0206010036,37.0,3210.12
SIA,SP,202501,6056148,0206010079,155.0,15103.2
SIA,SP,202501,2080680,0206020031,402.0,54836.82
SIA,SP,202501,2080680,0206030010,310.0,42975.3
SIA,SP,202501,6056148,0206010028,120.0,12132.0
SIA,SP,202501,2080680,0206030037,292.0,40479.96
SIA,SP,202501,2025752,0206030010,117.0,16219.71
SIA,SP,202501,3708616,0211020036,205.0,1055.75
SIA,SP,202501,0009601,0206010044,6.0,520.5
SIA,SP,202501,2025752,0206010044,7.0,607.25
SIA,SP,202501,6056148,0206030010,113.0,15665.19
SIA,SP,202501,2080680,0206030029,38.0,3296.5
SIA,SP,202501,2080680,0206010010,111.0,9630.36
SIA,SP,202501,2754843,0206010079,309.0,30108.96
SIA,SP,202501,9128093,0211020036,385.0,1982.75
SIA,SP,202501,6056148,0206030037,103.0,14278.89
SIA,SP,202501,2790556,0206010010,37.0,3210.12
SIA,SP,202501,2755130,0206020031,301.0,41059.41
SIA,SP,202501,2024373,0206010079,225.0,21924.0
SIA,SP,202501,2025752,0206010010,8.0,694.08
SIA,SP,202501,2025752,0206030029,2.0,173.5
SIA,SP,202501,6056148,0206020031,199.0,27145.59
SIA,SP,202501,2755130,0205010016,36.0,5940.0
SIA,SP,202501,3708608,0211020036,321.0,1653.15
SIA,SP,202501,2790556,0206010044,110.0,9542.5
SIA,SP,202501,2755130,0206010028,145.0,14659.5
SIA,SP,202501,2087057,0206030010,175.0,24260.25
SIA,SP,202501,2032171,0206010079,82.0,7990.08
SIA,SP,202501,2080680,0206010028,65.0,6571.5
SIA,SP,202501,2087057,0206010079,53.0,5164.32
SIA,SP,202501,2087057,0206020031,155.0,21143.55
SIA,SP,202501,2032171,0206030037,17.0,2356.71
SIA,SP,202501,7400926,0206010036,18.0,1561.68
SIA,SP,202501,2024373,0206030010,221.0,30637.23
SIA,SP,202501,2024373,0206030037,217.0,30082.71
SIA,SP,202501,2755130,0206010079,407.0,39658.08
SIA,SP,202501,2755130,0206010044,149.0,12925.75
SIA,SP,202501,2025752,0206010052,22.0,1908.5
SIA,SP,202501,2790556,0206030029,20.0,1735.0
SIA,SP,202501,2025752,0206010079,53.0,5164.32
SIA,SP,202501,0009601,0211020036,364.0,1874.6
SIA,SP,202501,2077868,0208010033,44.0,16855.08
SIA,SP,202501,2058154,0208010025,22.0,8987.44
SIA,SP,202501,2080990,0206030037,15.0,2079.45
SIA,SP,202501,2080990,0206010044,6.0,520.5
SIA,SP,202501,2077868,0208010025,44.0,17974.88
SIA,SP,202501,2755130,0206010010,79.0,6854.04
SIA,SP,202501,2790556,0206010028,53.0,5358.3
SIA,SP,202501,9491252,0211020010,25.0,18251.0
SIA,SP,202501,6655416,0206030029,7.0,607.25
SIA,SP,202501,2080680,0206010044,31.0,2689.25
SIA,SP,202501,2083116,0206030029,7.0,607.25
SIA,SP,202501,7400926,0211020036,48.0,247.2
SIA,SP,202501,2025752,0206020031,130.0,17733.3
SIA,SP,202501,2754843,0206020031,86.0,11731.26
SIA,SP,202501,2087057,0211020036,54.0,278.1
SIA,SP,202501,2087057,0206020023,2.0,173.5
SIA,SP,202501,2087057,0206010028,19.0,1920.9
SIA,SP,202501,2754843,0206030010,106.0,14694.78
SIA,SP,202501,2087057,0206030037,158.0,21903.54
SIA,SP,202501,2755130,0206030029,22.0,1908.5
SIA,SP,202501,2058154,0208010033,22.0,8427.54
SIA,SP,202501,6056148,0206020015,9.0,780.75
SIA,SP,202501,2024373,0206020015,14.0,1214.5
SIA,SP,202501,2087057,0206010036,22.0,1908.72
SIA,SP,202501,2754843,0206010028,29.0,2931.9
SIA,SP,202501,6056148,0206010044,39.0,3383.25
SIA,SP,202501,6655416,0206010044,4.0,347.0
SIA,SP,202501,2032171,0206030010,20.0,2772.6
SIA,SP,202501,6056148,0206010052,2.0,173.5
SIA,SP,202501,2749319,0206030029,3.0,260.25
SIA,SP,202501,2749319,0206010010,2.0,173.52
SIA,SP,202501,2749319,0206010079,64.0,6236.16
SIA,SP,202501,2749319,0206030010,36.0,4990.68
SIA,SP,202501,2749319,0206030037,36.0,4990.68
SIA,SP,202501,2080990,0206020031,22.0,3001.02
SIA,SP,202501,2080990,0206010028,5.0,505.5
SIA,SP,202501,2754843,0206010036,34.0,2949.84
SIA,SP,202501,2754843,0206030037,110.0,15249.3
SIA,SP,202501,2089327,0206010036,14.0,1214.64
SIA,SP,202501,2089327,0206010028,23.0,2325.3
SIA,SP,202501,2089327,0206010044,50.0,4337.5
SIA,SP,202501,2032171,0206020031,32.0,4365.12
SIA,SP,202501,2075741,0208010025,30.0,12255.6
SIA,SP,202501,7152574,0211020036,256.0,1318.4
SIA,SP,202501,7980426,0206030029,13.0,1127.75
SIA,SP,202501,2087057,0206010052,44.0,3817.0
SIA,SP,202501,2087057,0206030029,14.0,1214.5
SIA,SP,202501,2080680,0206010052,50.0,4337.5
SIA,SP,202501,6998704,0206020015,8.0,694.0
SIA,SP,202501,2024373,0206010028,23.0,2325.3
SIA,SP,202501,3054527,0211020036,74.0,381.1
SIA,SP,202501,2040573,0211020060,37.0,1110.0
SIA,SP,202501,2749319,0206010044,10.0,867.5
SIA,SP,202501,2075741,0208010033,30.0,11492.1
SIA,SP,202501,9808221,0206010052,3.0,260.25
SIA,SP,202501,9808221,0206010079,2.0,194.88
SIA,SP,202501,5860490,0206030010,5.0,693.15
SIA,SP,202501,2080990,0206010079,22.0,2143.68
SIA,SP,202501,2080990,0206030010,19.0,2633.97
SIA,SP,202501,2025752,0206010036,2.0,173.52
SIA,SP,202501,2024373,0206020031,138.0,18824.58
SIA,SP,202501,2024373,0206010044,26.0,2255.5
SIA,SP,202501,2087057,0206010044,25.0,2168.75
SIA,SP,202501,2024373,0206020023,5.0,433.75
SIA,SP,202501,2754843,0206010052,6.0,520.5
SIA,SP,202501,2754843,0206010010,29.0,2516.04
SIA,SP,202501,2083116,0211020060,24.0,720.0
SIA,SP,202501,2087057,0206010010,2.0,173.52
SIA,SP,202501,7184689,0206010036,1.0,86.76
SIA,SP,202501,2080680,0206020015,9.0,780.75
SIA,SP,202501,2790556,0206010036,23.0,1995.48
SIA,SP,202501,9491252,0206010036,7.0,607.32
SIA,SP,202501,2083116,0208010025,8.0,3268.16
SIA,SP,202501,2083116,0208010033,8.0,3064.56
SIA,SP,202501,2749319,0206020015,3.0,260.25
SIA,SP,202501,6056148,0206010010,21.0,1821.96
SIA,SP,202501,5860490,0206020031,3.0,409.23
SIA,SP,202501,6655416,0206020023,5.0,433.75
SIA,SP,202501,6655416,0206010052,2.0,173.5
SIA,SP,202501,2083116,0206010044,2.0,173.5
SIA,SP,202501,2772310,0208010025,1.0,408.52
SIA,SP,202501,2083116,0205010016,12.0,1980.0
SIA,SP,202501,2083116,0206010010,3.0,260.28
SIA,SP,202501,2772310,0206020023,1.0,86.75
SIA,SP,202501,4049284,0211020036,268.0,1380.2
SIA,SP,202501,2716801,0211020060,101.0,3030.0
SIA,SP,202501,0008885,0211020036,67.0,345.05
SIA,SP,202501,2025752,0206010028,5.0,505.5
SIA,SP,202501,7400926,0206010044,7.0,607.25
SIA,SP,202501,2096412,0206030029,10.0,867.5
SIA,SP,202501,3012212,0206010028,10.0,1011.0
SIA,SP,202501,3012212,0206010010,4.0,347.04
SIA,SP,202501,5860490,0206010028,3.0,303.3
SIA,SP,202501,0008788,0211020036,148.0,762.2
SIA,SP,202501,9503196,0206020023,4.0,347.0
SIA,SP,202501,2754843,0206010044,10.0,867.5
SIA,SP,202501,2786435,0211020010,6.0,4380.24
SIA,SP,202501,2096412,0206010052,2.0,173.5
SIA,SP,202501,2024373,0206010052,4.0,347.0
SIA,SP,202501,2024373,0206030029,10.0,867.5
SIA,SP,202501,2024373,0206010036,8.0,694.08
SIA,SP,202501,7021461,0211020036,219.0,1127.85
SIA,SP,202501,2749319,0211020036,100.0,515.0
SIA,SP,202501,2755130,0206020015,7.0,607.25
SIA,SP,202501,6655416,0206010028,17.0,1718.7
SIA,SP,202501,2080990,0206010010,3.0,260.28
SIA,SP,202501,0008575,0211020036,163.0,839.45
SIA,SP,202501,3012212,0206010036,1.0,86.76
SIA,SP,202501,7473702,0206020023,2.0,173.5
SIA,SP,202501,2749319,0206020031,8.0,1091.28
SIA,SP,202501,2089327,0206020031,234.0,31919.94
SIA,SP,202501,2089327,0206030037,302.0,41866.26
SIA,SP,202501,2089327,0206030010,315.0,43668.45
SIA,SP,202501,0009601,0206030029,1.0,86.75
SIA,SP,202501,2754843,0206020015,5.0,433.75
SIA,SP,202501,6895263,0206010036,2.0,173.52
SIA,SP,202501,2096412,0211020036,347.0,1787.05
SIA,SP,202501,2024039,0211020036,113.0,581.95
SIA,SP,202501,2790521,0206010044,51.0,4424.25
SIA,SP,202501,2080990,0206010036,2.0,173.52
SIA,SP,202501,6056148,0206010036,8.0,694.08
SIA,SP,202501,2080680,0206020023,2.0,173.5
SIA,SP,202501,0008524,0211020036,10.0,51.5
SIA,SP,202501,2080680,0211020036,132.0,679.8
SIA,SP,202501,2083116,0206010028,5.0,505.5
SIA,SP,202501,2032171,0206020023,5.0,433.75
SIA,SP,202501,6260373,0211020060,397.0,11910.0
SIA,SP,202501,3012212,0211020036,25.0,128.75
SIA,SP,202501,2754843,0206030029,11.0,954.25
SIA,SP,202501,2028050,0211020036,134.0,690.1
SIA,SP,202501,2790556,0206020015,3.0,260.25
SIA,SP,202501,2749319,0206010028,1.0,101.1
SIA,SP,202501,2032171,0206010028,10.0,1011.0
SIA,SP,202501,2025752,0206020023,5.0,433.75
SIA,SP,202501,2084236,0211020036,124.0,638.6
SIA,SP,202501,2064456,0211020036,8.0,41.2
SIA,SP,202501,2080990,0206030029,5.0,433.75
SIA,SP,202501,2089327,0206020015,9.0,780.75
SIA,SP,202501,2089327,0206030029,14.0,1214.5
SIA,SP,202501,2089327,0211020060,5.0,150.0
SIA,SP,202501,2032171,0206010036,1.0,86.76
SIA,SP,202501,3850757,0211020036,16.0,82.4
SIA,SP,202501,2032171,0206010044,13.0,1127.75
SIA,SP,202501,7996802,0211020036,596.0,3069.4
SIA,SP,202501,2754843,0206020023,6.0,520.5
SIA,SP,202501,2024373,0206010010,13.0,1127.88
SIA,SP,202501,2032171,0206010010,1.0,86.76
SIA,SP,202501,2080680,0211020060,17.0,510.0
SIA,SP,202501,2080990,0206010052,3.0,260.25
SIA,SP,202501,3012212,0206020023,3.0,260.25
SIA,SP,202501,2749319,0206010052,3.0,260.25
SIA,SP,202501,2790556,0211020036,259.0,1333.85
SIA,SP,202501,9545328,0211020036,224.0,1153.6
SIA,SP,202501,4808576,0211020036,1.0,5.15
SIA,SP,202501,2077396,0208010033,94.0,36008.58
SIA,SP,202501,2043025,0211020036,338.0,1740.7
SIA,SP,202501,2077868,0208010076,3.0,644.55
SIA,SP,202501,6998704,0211020036,135.0,695.25
SIA,SP,202501,7980426,0206030037,8.0,1109.04
SIA,SP,202501,9808221,0206030010,16.0,2218.08
SIA,SP,202501,2755130,0206020023,3.0,260.25
SIA,SP,202501,2797739,0211020036,305.0,1570.75
SIA,SP,202501,2032171,0206030029,4.0,347.0
SIA,SP,202501,0008850,0211020036,33.0,169.95
SIA,SP,202501,6258484,0206010079,122.0,11887.68
SIA,SP,202501,2058790,0206020031,88.0,12004.08
SIA,SP,202501,6258484,0206010028,74.0,7481.4
SIA,SP,202501,2058790,0206030010,222.0,30775.86
SIA,SP,202501,2058790,0206010044,25.0,2168.75
SIA,SP,202501,2716097,0206030010,574.0,79573.62
SIA,SP,202501,2716097,0206030037,591.0,81930.33
SIA,SP,202501,2716097,0206010036,123.0,10671.48
SIA,SP,202501,2716097,0206010079,914.0,89060.16
SIA,SP,202501,2716097,0206010044,74.0,6419.5
SIA,SP,202501,7573162,0206030010,79.0,10951.77
SIA,SP,202501,2058790,0206030037,204.0,28280.52
SIA,SP,202501,7573162,0206020031,92.0,12549.72
SIA,SP,202501,7573162,0206030037,75.0,10397.25
SIA,SP,202501,2079720,0206030037,127.0,17606.01
SIA,SP,202501,2079720,0206030010,131.0,18160.53
SIA,SP,202501,2026945,0206010028,135.0,13648.5
SIA,SP,202501,2790602,0206010044,65.0,5638.75
SIA,SP,202501,2790602,0206010079,57.0,5554.08
SIA,SP,202501,2705982,0206030037,203.0,28141.89
SIA,SP,202501,2058790,0206010079,196.0,19098.24
SIA,SP,202501,2058790,0206010010,28.0,2429.28
SIA,SP,202501,7373465,0211020036,646.0,3326.9
SIA,SP,202501,2705982,0206020031,207.0,28236.87
SIA,SP,202501,2705982,0206010079,322.0,31375.68
SIA,SP,202501,2026945,0206010079,188.0,18318.72
SIA,SP,202501,0008044,0206010028,87.0,8795.7
SIA,SP,202501,2026945,0206010044,35.0,3036.25
SIA,SP,202501,5143004,0205010016,27.0,4455.0
SIA,SP,202501,2025361,0206010079,76.0,7405.44
SIA,SP,202501,2025361,0206020015,2.0,173.5
SIA,SP,202501,2025361,0206030010,223.0,30914.49
SIA,SP,202501,2025361,0206030037,230.0,31884.9
SIA,SP,202501,2798298,0206030010,138.0,19130.94
SIA,SP,202501,2790602,0206030037,74.0,10258.62
SIA,SP,202501,2798298,0206020031,326.0,44469.66
SIA,SP,202501,2798298,0208010033,145.0,55545.15
SIA,SP,202501,2716097,0206010010,140.0,12146.4
SIA,SP,202501,6258484,0206020031,42.0,5729.22
SIA,SP,202501,6258484,0206030037,46.0,6376.98
SIA,SP,202501,6258484,0206010052,5.0,433.75
SIA,SP,202501,2716097,0206020031,370.0,50471.7
SIA,SP,202501,2716097,0206030029,19.0,1648.25
SIA,SP,202501,3017745,0206030010,123.0,17051.49
SIA,SP,202501,3017745,0206030037,89.0,12338.07
SIA,SP,202501,3017745,0206010010,16.0,1388.16
SIA,SP,202501,3017745,0206010028,114.0,11525.4
SIA,SP,202501,2798298,0206010052,46.0,3990.5
SIA,SP,202501,3017745,0206010079,359.0,34980.96
SIA,SP,202501,2798298,0206030037,171.0,23705.73
SIA,SP,202501,3017745,0206020015,6.0,520.5
SIA,SP,202501,2026945,0206010036,22.0,1908.72
SIA,SP,202501,2026945,0206010010,44.0,3817.44
SIA,SP,202501,2705982,0206030010,218.0,30221.34
SIA,SP,202501,2026945,0206030010,218.0,30221.34
SIA,SP,202501,2025361,0206020031,294.0,40104.54
SIA,SP,202501,2798298,0208010025,143.0,58418.36
SIA,SP,202501,2026945,0206030037,187.0,25923.81
SIA,SP,202501,2798298,0206030029,3.0,260.25
SIA,SP,202501,2798298,0206010044,45.0,3903.75
SIA,SP,202501,7573162,0206010079,52.0,5066.88
SIA,SP,202501,7573162,0206010052,6.0,520.5
SIA,SP,202501,2716097,0206010028,81.0,8189.1
SIA,SP,202501,2026945,0206020031,235.0,32056.35
SIA,SP,202501,2025361,0206010036,5.0,433.8
SIA,SP,202501,2798298,0206010079,71.0,6918.24
SIA,SP,202501,2705982,0206010052,35.0,3036.25
SIA,SP,202501,2705982,0206010010,34.0,2949.84
SIA,SP,202501,0009539,0206020031,47.0,6411.27
SIA,SP,202501,2079720,0206020031,144.0,19643.04
SIA,SP,202501,2079720,0206010079,62.0,6041.28
SIA,SP,202501,2790602,0211020036,803.0,4135.45
SIA,SP,202501,2705982,0206010044,54.0,4684.5
SIA,SP,202501,3017745,0206020031,88.0,12004.08
SIA,SP,202501,2705982,0206010028,88.0,8896.8
SIA,SP,202501,7573162,0206010028,45.0,4549.5
SIA,SP,202501,2716097,0206020015,9.0,780.75
SIA,SP,202501,2058790,0206010036,13.0,1127.88
SIA,SP,202501,2705982,0206020015,10.0,867.5
SIA,SP,202501,2026945,0206030029,31.0,2689.25
SIA,SP,202501,6258484,0206030010,37.0,5129.31
SIA,SP,202501,0008044,0206010010,29.0,2516.04
SIA,SP,202501,2798298,0206010010,10.0,867.6
SIA,SP,202501,0009539,0206010079,23.0,2241.12
SIA,SP,202501,6258484,0206020015,8.0,694.0
SIA,SP,202501,2083116,0211020010,80.0,58403.2
SIA,SP,202501,2079720,0206010028,14.0,1415.4
SIA,SP,202501,2790602,0206010052,8.0,694.0
SIA,SP,202501,2790602,0206030010,81.0,11229.03
SIA,SP,202501,0008044,0206030037,60.0,8317.8
SIA,SP,202501,2790602,0211020060,125.0,3750.0
SIA,SP,202501,2790602,0206020031,104.0,14186.64
SIA,SP,202501,2058790,0206010028,37.0,3740.7
SIA,SP,202501,2705982,0205010016,7.0,1155.0
SIA,SP,202501,2705982,0208010025,9.0,3676.68
SIA,SP,202501,2026945,0206010052,32.0,2776.0
SIA,SP,202501,2027356,0211020036,17.0,87.55
SIA,SP,202501,2025361,0206010010,9.0,780.84
SIA,SP,202501,3017745,0206030029,5.0,433.75
SIA,SP,202501,2026945,0206020023,24.0,2082.0
SIA,SP,202501,2705982,0206030029,22.0,1908.5
SIA,SP,202501,2790602,0206010028,34.0,3437.4
SIA,SP,202501,2025361,0206020023,2.0,173.5
SIA,SP,202501,2079720,0206010052,12.0,1041.0
SIA,SP,202501,2705982,0208010033,9.0,3447.63
SIA,SP,202501,3017745,0206010044,32.0,2776.0
SIA,SP,202501,2798298,0206010028,27.0,2729.7
SIA,SP,202501,7400926,0206020023,6.0,520.5
SIA,SP,202501,7573162,0206010010,8.0,694.08
SIA,SP,202501,6258484,0206030029,9.0,780.75
SIA,SP,202501,2079720,0206010044,19.0,1648.25
SIA,SP,202501,6258484,0206010044,16.0,1388.0
SIA,SP,202501,2705982,0206010036,18.0,1561.68
SIA,SP,202501,2025361,0206030029,3.0,260.25
SIA,SP,202501,2058790,0206010052,9.0,780.75
SIA,SP,202501,2046296,0211020036,1.0,5.15
SIA,SP,202501,6956718,0211020036,149.0,767.35
SIA,SP,202501,2079720,0206010036,6.0,520.56
SIA,SP,202501,6480756,0211020036,1.0,5.15
SIA,SP,202501,7573162,0206020023,4.0,347.0
SIA,SP,202501,7573162,0206010044,19.0,1648.25
SIA,SP,202501,6258484,0206020023,10.0,867.5
SIA,SP,202501,7400926,0206010060,1.0,97.44
SIA,SP,202501,2096412,0206010036,3.0,260.28
SIA,SP,202501,2084228,0211020036,50.0,257.5
SIA,SP,202501,2862530,0211020036,765.0,3939.75
SIA,SP,202501,0102229,0211020036,420.0,2163.0
SIA,SP,202501,2025361,0206010028,11.0,1112.1
SIA,SP,202501,6258484,0206010010,18.0,1561.68
SIA,SP,202501,2716097,0206010052,16.0,1388.0
SIA,SP,202501,2079720,0206030029,6.0,520.5
SIA,SP,202501,2026945,0206020015,9.0,780.75
SIA,SP,202501,2096978,0211020036,9.0,46.35
SIA,SP,202501,2039990,0211020036,15.0,77.25
SIA,SP,202501,0372811,0211020036,258.0,1328.7
SIA,SP,202501,0008044,0206030029,7.0,607.25
SIA,SP,202501,2025361,0206010052,20.0,1735.0
SIA,SP,202501,2790602,0206030029,7.0,607.25
SIA,SP,202501,2790602,0206010010,6.0,520.56
SIA,SP,202501,2026945,0206010060,5.0,487.2
SIA,SP,202501,3012212,0206030029,6.0,520.5
SIA,SP,202501,2025361,0206010044,5.0,433.75
SIA,SP,202501,6998704,0206020023,6.0,520.5
SIA,SP,202501,3017745,0206010060,3.0,292.32
SIA,SP,202501,2790602,0206020015,1.0,86.75
SIA,SP,202501,2080532,0211020060,42.0,1260.0
SIA,SP,202501,2024047,0211020036,121.0,623.15
SIA,SP,202501,9714138,0211020036,765.0,3939.75
SIA,SP,202501,3017745,0206010036,3.0,260.28
SIA,SP,202501,2058790,0206020015,4.0,347.0
SIA,SP,202501,2025507,0211020060,13.0,390.0
SIA,SP,202501,2084228,0206010036,1.0,86.76
SIA,SP,202501,6258484,0206010036,6.0,520.56
SIA,SP,202501,2705982,0206020023,6.0,520.5
SIA,SP,202501,0008044,0206010036,9.0,780.84
SIA,SP,202501,5932696,0211020036,176.0,906.4
SIA,SP,202501,7373465,0206010060,1.0,97.44
SIA,SP,202501,6655416,0206010036,2.0,173.52
SIA,SP,202501,0008761,0211020036,90.0,463.5
SIA,SP,202501,2798298,0206020023,1.0,86.75
SIA,SP,202501,9491252,0206020015,12.0,1041.0
SIA,SP,202501,6655416,0206020015,1.0,86.75
SIA,SP,202501,2754843,0211020010,40.0,29201.6
SIA,SP,202501,2090236,0206010060,2.0,194.88
SIA,SP,202501,7841701,0211020036,563.0,2899.45
SIA,SP,202501,0008664,0211020036,60.0,309.0
SIA,SP,202501,2749394,0211020060,371.0,11130.0
SIA,SP,202501,9207295,0206010079,328.0,31960.32
SIA,SP,202501,9207295,0206010010,45.0,3904.2
SIA,SP,202501,0008923,0206010079,201.0,19585.44
SIA,SP,202501,0008923,0206010028,246.0,24870.6
SIA,SP,202501,0008923,0206030010,120.0,16635.6
SIA,SP,202501,2701294,0211020036,344.0,1771.6
SIA,SP,202501,6655416,0206010060,1.0,97.44
SIA,SP,202501,2082527,0206010044,53.0,4597.75
SIA,SP,202501,2082527,0206010028,25.0,2527.5
SIA,SP,202501,2082527,0206020031,98.0,13368.18
SIA,SP,202501,2027186,0206030037,253.0,35073.39
SIA,SP,202501,2027186,0211020036,212.0,1091.8
SIA,SP,202501,2078538,0211020036,325.0,1673.75
SIA,SP,202501,2058790,0206010087,1.0,138.63
SIA,SP,202501,2792346,0211020036,369.0,1900.35
SIA,SP,202501,2058790,0206020023,3.0,260.25
SIA,SP,202501,6233848,0206010079,158.0,15395.52
SIA,SP,202501,2078538,0206030037,72.0,9981.36
SIA,SP,202501,2027186,0206010044,46.0,3990.5
SIA,SP,202501,2027186,0206010079,248.0,24165.12
SIA,SP,202501,2027186,0206030010,287.0,39786.81
SIA,SP,202501,2784602,0206030037,79.0,10951.77
SIA,SP,202501,2078538,0206020031,26.0,3546.66
SIA,SP,202501,2798298,0211020036,413.0,2126.95
SIA,SP,202501,2789973,0208010033,82.0,31411.74
SIA,SP,202501,2789973,0208010025,84.0,34315.68
SIA,SP,202501,0008923,0206030037,134.0,18576.42
SIA,SP,202501,0008923,0206010010,67.0,5812.92
SIA,SP,202501,2082527,0206030037,115.0,15942.45
SIA,SP,202501,6258484,0211020036,263.0,1354.45
SIA,SP,202501,2058790,0211020036,483.0,2487.45
SIA,SP,202501,2025507,0211020036,960.0,4944.0
SIA,SP,202501,2716097,0211020036,845.0,4351.75
SIA,SP,202501,7573162,0211020036,25.0,128.75
SIA,SP,202501,9664203,0206030029,104.0,9022.0
SIA,SP,202501,3529282,0211020036,247.0,1272.05
SIA,SP,202501,9664203,0206010010,131.0,11365.56
SIA,SP,202501,9664203,0206030037,26.0,3604.38
SIA,SP,202501,5920353,0211020036,13.0,66.95
SIA,SP,202501,2705982,0211020036,153.0,787.95
SIA,SP,202501,9664203,0206010028,100.0,10110.0
SIA,SP,202501,9664203,0206010044,12.0,1041.0
SIA,SP,202501,9664203,0206010079,107.0,10426.08
SIA,SP,202501,7471777,0211020036,323.0,1663.45
SIA,SP,202501,5869412,0206010044,2.0,173.5
SIA,SP,202501,2784602,0206020031,134.0,18278.94
SIA,SP,202501,2027186,0206020031,198.0,27009.18
SIA,SP,202501,2784602,0206030010,79.0,10951.77
SIA,SP,202501,3017745,0206020023,4.0,347.0
SIA,SP,202501,6233848,0206010010,26.0,2255.76
SIA,SP,202501,2784602,0205010016,55.0,9075.0
SIA,SP,202501,2790602,0206010036,3.0,260.28
SIA,SP,202501,6905102,0211020036,63.0,324.45
SIA,SP,202501,2027186,0206010010,22.0,1908.72
SIA,SP,202501,0008567,0211020036,51.0,262.65
SIA,SP,202501,2078538,0206010079,77.0,7502.88
SIA,SP,202501,2048205,0208010025,12.0,4902.24
SIA,SP,202501,9207295,0206010036,18.0,1561.68
SIA,SP,202501,9207295,0206030010,212.0,29389.56
SIA,SP,202501,0008656,0211020036,50.0,257.5
SIA,SP,202501,7278438,0211020036,9.0,46.35
SIA,SP,202501,2082527,0206010079,116.0,11303.04
SIA,SP,202501,2082527,0206030010,103.0,14278.89
SIA,SP,202501,9207295,0206010028,138.0,13951.8
SIA,SP,202501,9207295,0206010052,19.0,1648.25
SIA,SP,202501,6095666,0206010044,11.0,954.25
SIA,SP,202501,9207295,0206030037,195.0,27032.85
SIA,SP,202501,2024381,0211020036,507.0,2611.05
SIA,SP,202501,9664203,0206010036,12.0,1041.12
SIA,SP,202501,2058790,0206030029,2.0,173.5
SIA,SP,202501,2069776,0211020036,635.0,3270.25
SIA,SP,202501,2798298,0206010036,4.0,347.04
SIA,SP,202501,7049730,0211020060,76.0,2280.0
SIA,SP,202501,7706766,0211020036,462.0,2379.3
SIA,SP,202501,2082187,0211020036,1255.0,6463.25
SIA,SP,202501,2082187,0211020060,31.0,930.0
SIA,SP,202501,0008923,0206010036,35.0,3036.6
SIA,SP,202501,6233848,0206030010,91.0,12615.33
SIA,SP,202501,7049730,0211020036,1446.0,7446.9
SIA,SP,202501,2784602,0206010079,78.0,7600.32
SIA,SP,202501,2784602,0206010010,15.0,1301.4
SIA,SP,202501,2784602,0206030029,11.0,954.25
SIA,SP,202501,2027186,0206010036,12.0,1041.12
SIA,SP,202501,2078538,0206010028,17.0,1718.7
SIA,SP,202501,9480765,0211020036,158.0,813.7
SIA,SP,202501,2078538,0206030010,65.0,9010.95
SIA,SP,202501,2084988,0211020036,68.0,350.2
SIA,SP,202501,2025361,0211020036,12.0,61.8
SIA,SP,202501,3825752,0211020036,101.0,520.15
SIA,SP,202501,6946127,0211020036,6.0,30.9
SIA,SP,202501,6572367,0211020036,36.0,185.4
SIA,SP,202501,6258484,0211020060,335.0,10050.0
SIA,SP,202501,2082527,0211020060,72.0,2160.0
SIA,SP,202501,2073269,0206010052,2.0,173.5
SIA,SP,202501,0135062,0211020036,617.0,3177.55
SIA,SP,202501,2035081,0211020036,4.0,20.6
SIA,SP,202501,7894260,0206010036,1.0,86.76
SIA,SP,202501,7682581,0211020036,312.0,1606.8
SIA,SP,202501,3017745,0211020036,84.0,432.6
SIA,SP,202501,2096749,0211020036,1.0,5.15
SIA,SP,202501,7184689,0211020036,465.0,2394.75
SIA,SP,202501,2786435,0211020036,867.0,4465.05
SIA,SP,202501,0478024,0211020036,12.0,61.8
SIA,SP,202501,9207295,0206020031,173.0,23598.93
SIA,SP,202501,7206771,0211020036,235.0,1210.25
SIA,SP,202501,6095666,0206030010,57.0,7901.91
SIA,SP,202501,2056860,0211020036,50.0,257.5
SIA,SP,202501,2701499,0211020036,345.0,1776.75
SIA,SP,202501,6895263,0211020060,104.0,3120.0
SIA,SP,202501,6236596,0211020036,4.0,20.6
SIA,SP,202501,0008583,0211020036,7.0,36.05
SIA,SP,202501,7746180,0211020036,478.0,2461.7
SIA,SP,202501,4436040,0211020036,2246.0,11566.9
SIA,SP,202501,6650864,0211020036,281.0,1447.15
SIA,SP,202501,7340885,0211020036,2.0,10.3
SIA,SP,202501,2025752,0211020036,192.0,988.8
SIA,SP,202501,2073269,0206030029,1.0,86.75
SIA,SP,202501,6418651,0211020036,224.0,1153.6
SIA,SP,202501,9207295,0206030029,23.0,1995.25
SIA,SP,202501,7473702,0211020036,360.0,1854.0
SIA,SP,202501,2073269,0211020036,1547.0,7967.05
SIA,SP,202501,6056148,0211020060,348.0,10440.0
SIA,SP,202501,6294049,0211020060,175.0,5250.0
SIA,SP,202501,2032171,0211020060,0.0,0.0
SIA,SP,202501,3017745,0206010052,3.0,260.25
SIA,SP,202501,9267263,0206030037,0.0,0.0
SIA,SP,202501,9503196,0206020015,1.0,86.75
SIA,SP,202501,2698439,0211020060,19.0,570.0
SIA,SP,202501,3008371,0211020060,106.0,3180.0
SIA,SP,202501,0008060,0211020036,231.0,1189.65
SIA,SP,202501,2798298,0211020060,29.0,870.0
SIA,SP,202501,2040573,0211020036,816.0,4202.4
SIA,SP,202501,3282368,0211020036,45.0,231.75
SIA,SP,202501,9664203,0206020031,63.0,8593.83
SIA,SP,202501,4050665,0211020036,1003.0,5165.45
SIA,SP,202501,2096765,0211020036,149.0,767.35
SIA,SP,202501,6233848,0206020031,35.0,4774.35
SIA,SP,202501,0024228,0211020036,231.0,1189.65
SIA,SP,202501,0008605,0211020036,166.0,854.9
SIA,SP,202501,0008923,0206020031,152.0,20734.32
SIA,SP,202501,0008923,0206010044,24.0,2082.0
SIA,SP,202501,0092894,0211020036,310.0,1596.5
SIA,SP,202501,2097095,0211020036,1.0,5.15
SIA,SP,202501,2096986,0211020036,46.0,236.9
SIA,SP,202501,9503196,0211020060,21.0,630.0
SIA,SP,202501,9503196,0211020036,29.0,149.35
SIA,SP,202501,0092894,0211020060,36.0,1080.0
SIA,SP,202501,2755130,0211020036,406.0,2090.9
SIA,SP,202501,9262814,0206030037,1.0,138.63
SIA,SP,202501,0054240,0211020036,314.0,1617.1
SIA,SP,202501,4777220,0211020036,240.0,1236.0
SIA,SP,202501,2748223,0206010044,78.0,6766.5
SIA,SP,202501,0008052,0206010079,69.0,6723.36
SIA,SP,202501,0008052,0206010028,12.0,1213.2
SIA,SP,202501,2057050,0208010033,88.0,33710.16
SIA,SP,202501,2748223,0208010033,33.0,12641.31
SIA,SP,202501,2748223,0206020015,65.0,5638.75
SIA,SP,202501,2748223,0206010052,135.0,11711.25
SIA,SP,202501,2084414,0208010033,49.0,18770.43
SIA,SP,202501,6294049,0211020036,58.0,298.7
SIA,SP,202501,2080052,0206010036,62.0,5379.12
SIA,SP,202501,2081377,0208010033,98.0,37540.86
SIA,SP,202501,9267263,0206010010,0.0,0.0
SIA,SP,202501,2082349,0206030037,161.0,22319.43
SIA,SP,202501,3017745,0211020060,67.0,2010.0
SIA,SP,202501,2082349,0211020036,102.0,525.3
SIA,SP,202501,6752233,0206030010,118.0,16358.34
SIA,SP,202501,6752233,0206030037,108.0,14972.04
SIA,SP,202501,3880966,0206010044,22.0,1908.5
SIA,SP,202501,2052385,0206010044,9.0,780.75
SIA,SP,202501,2052385,0206030037,67.0,9288.21
SIA,SP,202501,7038925,0208010025,98.0,40034.96
SIA,SP,202501,2052385,0206010079,151.0,14713.44
SIA,SP,202501,6885284,0211020036,252.0,1297.8
SIA,SP,202501,3880966,0206030010,88.0,12199.44
SIA,SP,202501,3880966,0206030037,84.0,11644.92
SIA,SP,202501,2089335,0211020036,131.0,674.65
SIA,SP,202501,2084414,0206020023,12.0,1041.0
SIA,SP,202501,2080052,0206010044,31.0,2689.25
SIA,SP,202501,2081377,0206010079,8.0,779.52
SIA,SP,202501,2084414,0206010010,67.0,5812.92
SIA,SP,202501,2082209,0206030010,23.0,3188.49
SIA,SP,202501,6056148,0211020036,1315.0,6772.25
SIA,SP,202501,0008982,0211020036,39.0,200.85
SIA,SP,202501,2052385,0206010028,61.0,6167.1
SIA,SP,202501,6270093,0211020036,648.0,3337.2
SIA,SP,202501,3880966,0206020031,65.0,8866.65
SIA,SP,202501,6752233,0206010028,91.0,9200.1
SIA,SP,202501,6752233,0206010044,23.0,1995.25
SIA,SP,202501,2080273,0206010036,41.0,3557.16
SIA,SP,202501,2080273,0208010025,74.0,30230.48
SIA,SP,202501,6950051,0211020036,2000.0,10300.0
SIA,SP,202501,2080273,0206010028,84.0,8492.4
SIA,SP,202501,7038925,0208010033,96.0,36774.72
SIA,SP,202501,3880966,0206010079,148.0,14421.12
SIA,SP,202501,6752233,0206010010,35.0,3036.6
SIA,SP,202501,3880966,0206010028,50.0,5055.0
SIA,SP,202501,6992560,0211020036,353.0,1817.95
SIA,SP,202501,6752233,0206010079,178.0,17344.32
SIA,SP,202501,6752233,0206020031,90.0,12276.9
SIA,SP,202501,2080400,0206030037,99.0,13724.37
SIA,SP,202501,2080400,0206010079,21.0,2046.24
SIA,SP,202501,2080400,0206020015,10.0,867.5
SIA,SP,202501,2080052,0206020015,15.0,1301.25
SIA,SP,202501,0008052,0206020031,36.0,4910.76
SIA,SP,202501,2052385,0206030010,136.0,18853.68
SIA,SP,202501,2052385,0206020031,107.0,14595.87
SIA,SP,202501,2748223,0208010025,33.0,13481.16
SIA,SP,202501,2025752,0206020015,2.0,173.5
SIA,SP,202501,0008028,0211020036,311.0,1601.65
SIA,SP,202501,2084414,0211020060,26.0,780.0
SIA,SP,202501,0008044,0211020036,1144.0,5891.6
SIA,SP,202501,2032473,0206010028,6.0,606.6
SIA,SP,202501,0008044,0211020060,199.0,5970.0
SIA,SP,202501,7182651,0211020036,1.0,5.15
SIA,SP,202501,2032473,0206010079,11.0,1071.84
SIA,SP,202501,2080400,0208010025,10.0,4085.2
SIA,SP,202501,5860490,0211020036,311.0,1601.65
SIA,SP,202501,0008931,0211020036,58.0,298.7
SIA,SP,202501,2082209,0206010044,9.0,780.75
SIA,SP,202501,6992560,0211020060,66.0,1980.0
SIA,SP,202501,2082527,0206010010,20.0,1735.2
SIA,SP,202501,2080052,0206010028,79.0,7986.9
SIA,SP,202501,2089335,0206010079,6.0,584.64
SIA,SP,202501,2030578,0211020036,193.0,993.95
SIA,SP,202501,2080400,0208010033,10.0,3830.7
SIA,SP,202501,2082209,0206010036,11.0,954.36
SIA,SP,202501,2082349,0206010028,13.0,1314.3
SIA,SP,202501,6476058,0211020060,205.0,6150.0
SIA,SP,202501,5988977,0206010044,6.0,520.5
SIA,SP,202501,2082349,0206030029,29.0,2515.75
SIA,SP,202501,2089335,0206010044,1.0,86.75
SIA,SP,202501,2082349,0206010044,45.0,3903.75
SIA,SP,202501,2082349,0206010010,6.0,520.56
SIA,SP,202501,2082349,0206020031,97.0,13231.77
SIA,SP,202501,0008052,0206030037,41.0,5683.83
SIA,SP,202501,7035861,0211020036,48.0,247.2
SIA,SP,202501,2028174,0208010033,50.0,19153.5
SIA,SP,202501,2080273,0206020023,46.0,3990.5
SIA,SP,202501,0008052,0206010052,6.0,520.5
SIA,SP,202501,3880966,0206030029,14.0,1214.5
SIA,SP,202501,2080400,0211020060,9.0,270.0
SIA,SP,202501,2082209,0206010079,53.0,5164.32
SIA,SP,202501,0008680,0211020036,241.0,1241.15
SIA,SP,202501,2037513,0211020036,61.0,314.15
SIA,SP,202501,2089327,0211020010,33.0,24091.32
SIA,SP,202501,3126838,0211020036,629.0,3239.35
SIA,SP,202501,3880966,0206010052,19.0,1648.25
SIA,SP,202501,2025507,0211020010,23.0,16790.92
SIA,SP,202501,2772310,0208010033,1.0,383.07
SIA,SP,202501,2052385,0206030029,8.0,694.0
SIA,SP,202501,2032473,0206020031,11.0,1500.51
SIA,SP,202501,0008052,0206010036,2.0,173.52
SIA,SP,202501,6808050,0208010033,5.0,1915.35
SIA,SP,202501,2096927,0211020036,13.0,66.95
SIA,SP,202501,2082349,0206010052,2.0,173.5
SIA,SP,202501,2025752,0206010060,1.0,97.44
SIA,SP,202501,2084414,0206010028,23.0,2325.3
SIA,SP,202501,0008532,0211020036,118.0,607.7
SIA,SP,202501,6607667,0211020036,314.0,1617.1
SIA,SP,202501,0008052,0206030010,14.0,1940.82
SIA,SP,202501,2096919,0211020036,8.0,41.2
SIA,SP,202501,7113218,0211020036,305.0,1570.75
SIA,SP,202501,2080273,0206020015,17.0,1474.75
SIA,SP,202501,6476058,0211020036,404.0,2080.6
SIA,SP,202501,2080273,0211020010,36.0,26281.44
SIA,SP,202501,2698439,0211020036,788.0,4058.2
SIA,SP,202501,2080400,0206030029,11.0,954.25
SIA,SP,202501,2024373,0211020036,362.0,1864.3
SIA,SP,202501,2084414,0206030029,3.0,260.25
SIA,SP,202501,6270123,0211020036,179.0,921.85
SIA,SP,202501,6752233,0206030029,15.0,1301.25
SIA,SP,202501,2052385,0206010052,4.0,347.0
SIA,SP,202501,3880966,0206010060,1.0,97.44
SIA,SP,202501,2748223,0206020023,26.0,2255.5
SIA,SP,202501,2052385,0206020015,4.0,347.0
SIA,SP,202501,6535798,0211020036,227.0,1169.05
SIA,SP,202501,3054063,0211020036,32.0,164.8
SIA,SP,202501,2052385,0206010010,16.0,1388.16
SIA,SP,202501,3880966,0206010036,5.0,433.8
SIA,SP,202501,2080400,0206010052,10.0,867.5
SIA,SP,202501,0008052,0206010010,12.0,1041.12
SIA,SP,202501,2069296,0211020036,20.0,103.0
SIA,SP,202501,6020917,0211020036,112.0,576.8
SIA,SP,202501,2080400,0211020010,34.0,24821.36
SIA,SP,202501,2080400,0206010095,1.0,2107.22
SIA,SP,202501,6270107,0211020036,425.0,2188.75
SIA,SP,202501,5860490,0211020060,34.0,1020.0
SIA,SP,202501,2705974,0211020036,25.0,128.75
SIA,SP,202501,0008052,0206020023,2.0,173.5
SIA,SP,202501,2065126,0211020036,34.0,175.1
SIA,SP,202501,2023911,0211020036,89.0,458.35
SIA,SP,202501,6752233,0206010036,20.0,1735.2
SIA,SP,202501,2032473,0206010010,2.0,173.52
SIA,SP,202501,2032171,0206020015,3.0,260.25
SIA,SP,202501,3880966,0206010010,8.0,694.08
SIA,SP,202501,0478849,0211020036,1.0,5.15
SIA,SP,202501,2034905,0211020036,393.0,2023.95
SIA,SP,202501,3383792,0211020036,90.0,463.5
SIA,SP,202501,3043584,0211020036,23.0,118.45
SIA,SP,202501,0008052,0206010044,21.0,1821.75
SIA,SP,202501,2025329,0211020036,58.0,298.7
SIA,SP,202501,2084414,0211020010,44.0,32121.76
SIA,SP,202501,2080052,0206010060,2.0,194.88
SIA,SP,202501,6359620,0211020036,156.0,803.4
SIA,SP,202501,3008371,0211020036,480.0,2472.0
SIA,SP,202501,2080400,0206020023,6.0,520.5
SIA,SP,202501,2790556,0206020023,1.0,86.75
SIA,SP,202501,6233848,0206010028,94.0,9503.4
SIA,SP,202501,5869412,0206030010,8.0,1109.04
SIA,SP,202501,6095666,0206010079,63.0,6138.72
SIA,SP,202501,9207295,0206010044,41.0,3556.75
SIA,SP,202501,0008052,0206030029,3.0,260.25
SIA,SP,202501,2705788,0211020036,4.0,20.6
SIA,SP,202501,2080532,0211020010,79.0,57673.16
SIA,SP,202501,2082527,0211020036,26.0,133.9
SIA,SP,202501,6233848,0206010044,21.0,1821.75
SIA,SP,202501,6095666,0206030037,46.0,6376.98
SIA,SP,202501,6095666,0206020031,23.0,3137.43
SIA,SP,202501,0008923,0206030029,38.0,3296.5
SIA,SP,202501,6822576,0211020036,221.0,1138.15
SIA,SP,202501,6095666,0206010036,3.0,260.28
SIA,SP,202501,2773589,0211020036,52.0,267.8
SIA,SP,202501,2088991,0211020036,1.0,5.15
SIA,SP,202501,2053314,0211020036,3.0,15.45
SIA,SP,202501,2092611,0211020010,60.0,43802.4
SIA,SP,202501,4050665,0206030010,1.0,138.63
SIA,SP,202501,9207295,0206020015,6.0,520.5
SIA,SP,202501,2089335,0206010028,1.0,101.1
SIA,SP,202501,2087057,0211020010,50.0,36502.0
SIA,SP,202501,5869412,0206030037,11.0,1524.93
SIA,SP,202501,6095666,0206010010,3.0,260.28
SIA,SP,202501,2082187,0211020010,83.0,60593.32
SIA,SP,202501,9262814,0206030010,1.0,138.63
SIA,SP,202501,3126838,0211020060,144.0,4320.0
SIA,SP,202501,6938132,0211020036,1040.0,5356.0
SIA,SP,202501,0008923,0206020015,18.0,1561.5
SIA,SP,202501,2082527,0208010025,32.0,13072.64
SIA,SP,202501,6957323,0211020036,44.0,226.6
SIA,SP,202501,6804705,0211020036,37.0,190.55
SIA,SP,202501,2855917,0211020036,436.0,2245.4
SIA,SP,202501,2784602,0206010044,12.0,1041.0
SIA,SP,202501,2082349,0206020015,17.0,1474.75
SIA,SP,202501,2082527,0208010033,32.0,12258.24
SIA,SP,202501,2080052,0208010025,4.0,1634.08
SIA,SP,202501,2080052,0206020023,1.0,86.75
SIA,SP,202501,2089335,0206030010,8.0,1109.04
SIA,SP,202501,2089335,0206030029,7.0,607.25
SIA,SP,202501,2784602,0206010028,28.0,2830.8
SIA,SP,202501,2081377,0211020010,35.0,25551.4
SIA,SP,202501,2052385,0206010060,2.0,194.88
SIA,SP,202501,2045389,0211020036,14.0,72.1
SIA,SP,202501,2082527,0206010052,12.0,1041.0
SIA,SP,202501,6808050,0208010025,5.0,2042.6
SIA,SP,202501,9664203,0206030010,30.0,4158.9
SIA,SP,202501,2082527,0206020015,5.0,433.75
SIA,SP,202501,2082187,0206010095,48.0,101146.56
SIA,SP,202501,2043580,0211020036,707.0,3641.05
SIA,SP,202501,2065215,0211020036,110.0,566.5
SIA,SP,202501,2082209,0206020031,2.0,272.82
SIA,SP,202501,2048205,0208010033,12.0,4596.84
SIA,SP,202501,2078538,0206020015,2.0,173.5
SIA,SP,202501,2084414,0206010052,3.0,260.25
SIA,SP,202501,6233848,0206030029,7.0,607.25
SIA,SP,202501,2082527,0206030029,10.0,867.5
SIA,SP,202501,2081377,0206010010,1.0,86.76
SIA,SP,202501,2078538,0206020023,4.0,347.0
SIA,SP,202501,7142463,0208010025,5.0,2042.6
SIA,SP,202501,9664203,0206020023,13.0,1127.75
SIA,SP,202501,2023970,0211020036,130.0,669.5
SIA,SP,202501,2089335,0206020023,2.0,173.5
SIA,SP,202501,2082209,0206030029,2.0,173.5
SIA,SP,202501,2082527,0206010036,17.0,1474.92
SIA,SP,202501,2705982,0211020010,65.0,47452.6
SIA,SP,202501,3880966,0206020015,6.0,520.5
SIA,SP,202501,2748223,0206010060,2.0,194.88
SIA,SP,202501,2027186,0206010028,20.0,2022.0
SIA,SP,202501,5869412,0206020031,19.0,2591.79
SIA,SP,202501,6095666,0206010028,7.0,707.7
SIA,SP,202501,9664203,0206020015,7.0,607.25
SIA,SP,202501,2089335,0206020015,1.0,86.75
SIA,SP,202501,2090236,0206010095,132.0,278153.04
SIA,SP,202501,3880966,0206020023,3.0,260.25
SIA,SP,202501,6764967,0211020036,421.0,2168.15
SIA,SP,202501,9207295,0206020023,1.0,86.75
SIA,SP,202501,6895263,0211020036,70.0,360.5
SIA,SP,202501,2080052,0208010033,4.0,1532.28
SIA,SP,202501,6095666,0211020036,572.0,2945.8
SIA,SP,202501,2089335,0206010052,7.0,607.25
SIA,SP,202501,2082209,0206020015,1.0,86.75
SIA,SP,202501,2036061,0211020036,20.0,103.0
SIA,SP,202501,6956718,0211020060,104.0,3120.0
SIA,SP,202501,5869412,0206010052,1.0,86.75
SIA,SP,202501,2028077,0206030010,4.0,554.52
SIA,SP,202501,2082527,0206020023,2.0,173.5
SIA,SP,202501,2078538,0206010044,10.0,867.5
SIA,SP,202501,6859186,0206010079,2.0,194.88
SIA,SP,202501,2077396,0211020010,75.0,54753.0
SIA,SP,202501,9630562,0206010028,1.0,101.1
SIA,SP,202501,2063603,0211020036,122.0,628.3
SIA,SP,202501,2078538,0206010036,6.0,520.56
SIA,SP,202501,2049066,0211020036,2296.0,11824.4
SIA,SP,202501,2078538,0206010010,14.0,1214.64
SIA,SP,202501,2716453,0211020036,20.0,103.0
SIA,SP,202501,2064618,0211020036,2.0,10.3
SIA,SP,202501,6095666,0206030029,2.0,173.5
SIA,SP,202501,2716445,0211020036,67.0,345.05
SIA,SP,202501,7500130,0211020036,1.0,5.15
SIA,SP,202501,2784602,0206020015,2.0,173.5
SIA,SP,202501,6233848,0206020015,5.0,433.75
SIA,SP,202501,2078775,0211020010,5.0,3650.2
SIA,SP,202501,2027186,0206020015,5.0,433.75
SIA,SP,202501,6233848,0206010036,3.0,260.28
SIA,SP,202501,6767400,0211020036,443.0,2281.45
SIA,SP,202501,9808221,0206010028,1.0,101.1
SIA,SP,202501,9207295,0211020060,799.0,23970.0
SIA,SP,202501,2784602,0206010036,10.0,867.6
SIA,SP,202501,2025752,0211020010,38.0,27741.52
SIA,SP,202501,2755130,0211020010,65.0,47452.6
SIA,SP,202501,2798298,0211020010,55.0,40152.2
SIA,SP,202501,2078538,0206030029,1.0,86.75
SIA,SP,202501,3126838,0211020010,101.0,73734.04
SIA,SP,202501,2067595,0211020036,16.0,82.4
SIA,SP,202501,2749394,0211020036,776.0,3996.4
SIA,SP,202501,2080680,0211020010,51.0,37232.04
SIA,SP,202501,9074805,0211020036,287.0,1478.05
SIA,SP,202501,2027186,0206010052,5.0,433.75
SIA,SP,202501,2754843,0211020036,594.0,3059.1
SIA,SP,202501,2053209,0211020036,334.0,1720.1
SIA,SP,202501,6233848,0211020060,115.0,3450.0
SIA,SP,202501,6233848,0211020036,538.0,2770.7
SIA,SP,202501,6289304,0211020036,44.0,226.6
SIA,SP,202501,7303122,0211020036,42.0,216.3
SIA,SP,202501,3344703,0211020036,4.0,20.6
SIA,SP,202501,4390563,0211020036,85.0,437.75
SIA,SP,202501,2059711,0211020036,100.0,515.0
SIA,SP,202501,6669727,0211020036,459.0,2363.85
SIA,SP,202501,5618401,0206020015,1.0,86.75
SIA,SP,202501,2748029,0211020036,96.0,494.4
SIA,SP,202501,2067994,0206020031,3.0,409.23
SIA,SP,202501,2085194,0206010079,4.0,389.76
SIA,SP,202501,3126838,0208010033,1.0,383.07
SIA,SP,202501,9425802,0206010087,1.0,138.63
SIA,SP,202501,2082179,0211020036,1.0,5.15
SIA,SP,202501,5618401,0211020036,651.0,3352.65
SIA,SP,202501,5618401,0211020060,247.0,7410.0
SIA,SP,202501,5869412,0206010079,3.0,292.32
SIA,SP,202501,0009628,0211020036,807.0,4156.05
SIA,SP,202501,2798298,0206010095,9.0,18964.98
SIA,SP,202501,6669727,0211020060,156.0,4680.0
SIA,SP,202501,0009601,0211020010,116.0,84684.64
SIA,SP,202501,6950043,0211020036,278.0,1431.7
SIA,SP,202501,4390563,0211020060,60.0,1800.0
SIA,SP,202501,3828107,0211020036,266.0,1369.9
SIA,SP,202501,2096994,0211020036,10.0,51.5
SIA,SP,202501,2790602,0211020010,20.0,14600.8
SIA,SP,202501,6604862,0211020036,353.0,1817.95
SIA,SP,202501,0008591,0211020036,60.0,309.0
SIA,SP,202501,0008508,0211020036,80.0,412.0
SIA,SP,202501,0008648,0211020036,115.0,592.25
SIA,SP,202501,2061562,0211020036,283.0,1457.45
SIA,SP,202501,2085194,0211020036,54.0,278.1
SIA,SP,202501,0008494,0211020036,393.0,2023.95
SIA,SP,202501,6233848,0206010060,2.0,194.88
SIA,SP,202501,2085194,0211020060,109.0,3270.0
SIA,SP,202501,7070713,0211020036,198.0,1019.7
SIA,SP,202501,2048205,0211020036,197.0,1014.55
SIA,SP,202501,2067994,0206010010,2.0,173.52
SIA,SP,202501,0008087,0211020036,295.0,1519.25
SIA,SP,202501,7030878,0211020036,212.0,1091.8
SIA,SP,202501,9755160,0206010036,5.0,433.8
SIA,SP,202501,2097613,0211020010,4.0,2920.16
SIA,SP,202501,0021520,0211020036,355.0,1828.25
SIA,SP,202501,3244253,0211020036,84.0,432.6
SIA,SP,202501,2080354,0206010052,4.0,347.0
SIA,SP,202501,2080354,0211020036,26.0,133.9
SIA,SP,202501,9755160,0211020036,2081.0,10717.15
SIA,SP,202501,4943309,0211020036,27.0,139.05
SIA,SP,202501,6821197,0211020036,214.0,1102.1
SIA,SP,202501,2748029,0211020010,35.0,25551.4
SIA,SP,202501,2077396,0206010095,65.0,136969.3
SIA,SP,202501,0008923,0211020036,1.0,5.15
SIA,SP,202501,9425802,0211020036,614.0,3162.1
SIA,SP,202501,6233848,0206010052,7.0,607.25
SIA,SP,202501,5085462,0211020036,39.0,200.85
SIA,SP,202501,0008826,0211020036,268.0,1380.2
SIA,SP,202501,6233848,0206030037,1.0,138.63
SIA,SP,202501,6270131,0211020036,508.0,2616.2
SIA,SP,202501,2748223,0211020010,45.0,32851.8
SIA,SP,202501,2028077,0206020031,4.0,545.64
SIA,SP,202501,2059320,0211020036,1133.0,5834.95
SIA,SP,202501,9661409,0211020036,654.0,3368.1
SIA,SP,202501,2025531,0211020036,10.0,51.5
SIA,SP,202501,9664203,0206010052,1.0,86.75
SIA,SP,202501,6604862,0211020060,40.0,1200.0
SIA,SP,202501,3815919,0211020036,211.0,1086.65
SIA,SP,202501,7053835,0211020036,396.0,2039.4
SIA,SP,202501,2055414,0211020060,18.0,540.0
SIA,SP,202501,2028077,0206010079,1.0,97.44
SIA,SP,202501,2028077,0206010052,1.0,86.75
SIA,SP,202501,2028077,0206030037,4.0,554.52
SIA,SP,202501,6859186,0211020060,1.0,30.0
SIA,SP,202501,6859186,0211020036,1.0,5.15
SIA,SP,202501,2772310,0211020010,55.0,40152.2
SIA,SP,202501,6859186,0208010025,1.0,408.52
SIA,SP,202501,2784602,0211020036,534.0,2750.1
SIA,SP,202501,6844596,0211020036,255.0,1313.25
SIA,SP,202501,2784602,0206020023,2.0,173.5
SIA,SP,202501,0008052,0206020015,3.0,260.25
SIA,SP,202501,5869412,0206010036,2.0,173.52
SIA,SP,202501,2784602,0211020060,74.0,2220.0
SIA,SP,202501,2784602,0206010052,2.0,173.5
SIA,SP,202501,0008699,0211020036,48.0,247.2
SIA,SP,202501,2790556,0211020010,33.0,24091.32
SIA,SP,202501,2081377,0206030010,1.0,138.63
SIA,SP,202501,2082349,0206010036,10.0,867.6
SIA,SP,202501,7373465,0211020010,33.0,24091.32
SIA,SP,202501,2748223,0211020036,2028.0,10444.2
SIA,SP,202501,7464851,0211020060,20.0,600.0
SIA,SP,202501,7904584,0211020036,608.0,3131.2
SIA,SP,202501,2097109,0211020036,15.0,77.25
SIA,SP,202501,6938132,0211020060,44.0,1320.0
SIA,SP,202501,6030807,0211020036,313.0,1611.95
SIA,SP,202501,9207295,0211020036,905.0,4660.75
SIA,SP,202501,2081377,0206030029,1.0,86.75
SIA,SP,202501,9207295,0205010016,2.0,330.0
SIA,SP,202501,0008036,0211020036,5.0,25.75
SIA,SP,202501,7522533,0211020036,314.0,1617.1
SIA,SP,202501,2084414,0206020015,5.0,433.75
SIA,SP,202501,2080273,0211020060,23.0,690.0
SIA,SP,202501,7142463,0208010033,5.0,1915.35
SIA,SP,202501,2082209,0206030037,5.0,693.15
SIA,SP,202501,2081377,0211020036,218.0,1122.7
SIA,SP,202501,4390563,0206010036,2.0,173.52
SIA,SP,202501,0009539,0206030010,1.0,138.63
SIA,SP,202501,2067994,0206010036,1.0,86.76
SIA,SP,202501,2789345,0211020036,107.0,551.05
SIA,SP,202501,2082527,0206010060,1.0,97.44
SIA,SP,202501,2081377,0206010028,1.0,101.1
SIA,SP,202501,2061767,0211020036,411.0,2116.65
SIA,SP,202501,2080354,0206020023,1.0,86.75
SIA,SP,202501,2080354,0206010044,1.0,86.75
SIA,SP,202501,2798298,0206020015,1.0,86.75
SIA,SP,202501,2079720,0206010010,6.0,520.56
SIA,SP,202501,2089335,0206010036,1.0,86.76
SIA,SP,202501,2081377,0206030037,1.0,138.63
SIA,SP,202501,6859186,0208010033,1.0,383.07
SIA,SP,202501,6655416,0211020060,115.0,3450.0
SIA,SP,202501,2085194,0206010036,1.0,86.76
SIA,SP,202501,2054728,0211020036,365.0,1879.75
SIA,SP,202501,9758623,0211020036,13.0,66.95
SIA,SP,202501,2079720,0211020036,282.0,1452.3
SIA,SP,202501,2080052,0206010052,1.0,86.75
SIA,SP,202501,6752233,0206010052,2.0,173.5
SIA,SP,202501,2039168,0211020036,25.0,128.75
SIA,SP,202501,6166598,0211020060,231.0,6930.0
SIA,SP,202501,2079720,0206020023,1.0,86.75
SIA,SP,202501,2082209,0206010010,1.0,86.76
SIA,SP,202501,2084937,0211020036,162.0,834.3
SIA,SP,202501,2855917,0211020060,246.0,7380.0
SIA,SP,202501,2052385,0206010036,1.0,86.76
SIA,SP,202501,0008923,0206010052,1.0,86.75
SIA,SP,202501,0029181,0211020036,47.0,242.05
SIA,SP,202501,9755160,0206030029,1.0,86.75
SIA,SP,202501,2789353,0211020036,423.0,2178.45
SIA,SP,202501,6359620,0211020060,140.0,4200.0
SIA,SP,202501,2080354,0206010028,1.0,101.1
SIA,SP,202501,9906894,0211020036,65.0,334.75
SIA,SP,202501,6752233,0211020036,222.0,1143.3
SIA,SP,202501,2824868,0211020036,25.0,128.75
SIA,SP,202501,6591620,0211020036,11.0,56.65
SIA,SP,202501,6752233,0206020015,2.0,173.5
SIA,SP,202501,7524188,0211020036,39.0,200.85
SIA,SP,202501,9134581,0211020036,465.0,2394.75
SIA,SP,202501,2748223,0205010016,1.0,165.0
SIA,SP,202501,6284582,0211020036,57.0,293.55
SIA,SP,202501,2784572,0211020060,15.0,450.0
SIA,SP,202501,2748223,0211020060,23.0,690.0
SIA,SP,202501,2080273,0211020036,687.0,3538.05
SIA,SP,202501,5304717,0211020036,52.0,267.8
SIA,SP,202501,9043195,0211020036,259.0,1333.85
SIA,SP,202501,2037505,0211020036,45.0,231.75
SIA,SP,202501,6752233,0211020060,80.0,2400.0
SIA,SP,202501,5887623,0211020036,185.0,952.75
SIA,SP,202501,7985886,0211020036,231.0,1189.65
SIA,SP,202501,7169310,0211020036,185.0,952.75
SIA,SP,202501,0008621,0211020036,116.0,597.4
SIA,SP,202501,0149071,0211020036,8.0,41.2
SIA,SP,202501,2080400,0206010036,1.0,86.76
SIA,SP,202501,2089831,0211020036,64.0,329.6
SIA,SP,202501,0008672,0211020036,98.0,504.7
SIA,SP,202501,2032473,0206010036,1.0,86.76
SIA,SP,202501,2082209,0211020036,363.0,1869.45
SIA,SP,202501,2080052,0211020036,837.0,4310.55
SIA,SP,202501,4118421,0206030010,208.0,28835.04
SIA,SP,202501,2075105,0206030037,15.0,2079.45
SIA,SP,202501,9225137,0206010036,5.0,433.8
SIA,SP,202501,2072084,0211020036,122.0,628.3
SIA,SP,202501,9225137,0206030037,86.0,11922.18
SIA,SP,202501,9225137,0206010079,130.0,12667.2
SIA,SP,202501,0265187,0211020036,247.0,1272.05
SIA,SP,202501,2092298,0206010010,57.0,4945.32
SIA,SP,202501,9225137,0206010052,4.0,347.0
SIA,SP,202501,3840573,0206030010,317.0,43945.71
SIA,SP,202501,4197402,0206020031,14.0,1909.74
SIA,SP,202501,4197402,0211020036,137.0,705.55
SIA,SP,202501,4681088,0211020036,189.0,973.35
SIA,SP,202501,2030063,0211020036,84.0,432.6
SIA,SP,202501,2748568,0206010079,82.0,7990.08
SIA,SP,202501,4118421,0206020031,312.0,42559.92
SIA,SP,202501,4118421,0206030029,46.0,3990.5
SIA,SP,202501,4118421,0206010079,217.0,21144.48
SIA,SP,202501,4118421,0206030037,191.0,26478.33
SIA,SP,202501,2081458,0206020031,229.0,31237.89
SIA,SP,202501,2082888,0206010036,15.0,2700.0
SIA,SP,202501,3028399,0206010079,291.0,28355.04
SIA,SP,202501,2087081,0211020036,113.0,581.95
SIA,SP,202501,2079135,0206010079,210.0,38850.0
SIA,SP,202501,2082721,0206030037,75.0,10397.25
SIA,SP,202501,2081458,0206030037,459.0,63631.17
SIA,SP,202501,2081458,0206010044,40.0,3470.0
SIA,SP,202501,2077582,0206030037,47.0,6515.61
SIA,SP,202501,2077582,0206020031,40.0,5456.4
SIA,SP,202501,2081458,0206010079,327.0,31862.88
SIA,SP,202501,2082721,0206020031,31.0,4228.71
SIA,SP,202501,2079135,0206020031,94.0,18330.0
SIA,SP,202501,2095912,0206030010,39.0,5406.57
SIA,SP,202501,2077582,0206010079,137.0,13349.28
SIA,SP,202501,2092565,0211020036,21.0,108.15
SIA,SP,202501,2081458,0206030010,433.0,60026.79
SIA,SP,202501,2077582,0206030010,50.0,6931.5
SIA,SP,202501,2082888,0206010079,194.0,42509.28
SIA,SP,202501,2082888,0206020031,148.0,26640.0
SIA,SP,202501,3774554,0206030037,47.0,6515.61
SIA,SP,202501,2082721,0206010028,17.0,1718.7
SIA,SP,202501,6414176,0206030010,48.0,6654.24
SIA,SP,202501,3028399,0206030037,147.0,20378.61
SIA,SP,202501,2748568,0206020031,43.0,5865.63
SIA,SP,202501,9680500,0206020031,23.0,3137.43
SIA,SP,202501,2072653,0211020036,117.0,602.55
SIA,SP,202501,4050746,0211020036,122.0,628.3
SIA,SP,202501,3021378,0206030010,106.0,14694.78
SIA,SP,202501,3021378,0206030037,112.0,15526.56
SIA,SP,202501,3021378,0206010010,20.0,1735.2
SIA,SP,202501,7066376,0206010052,78.0,6766.5
SIA,SP,202501,7066376,0206020031,614.0,83755.74
SIA,SP,202501,3139050,0206020031,339.0,46242.99
SIA,SP,202501,3139050,0206010036,25.0,2169.0
SIA,SP,202501,2751704,0206030010,149.0,20655.87
SIA,SP,202501,3139050,0206010079,510.0,49694.4
SIA,SP,202501,3139050,0206030010,410.0,56838.3
SIA,SP,202501,2065576,0206030037,4.0,554.52
SIA,SP,202501,4118421,0206010028,214.0,21635.4
SIA,SP,202501,9680500,0206010079,95.0,9256.8
SIA,SP,202501,9680500,0206030010,83.0,11506.29
SIA,SP,202501,3139050,0206010028,92.0,9301.2
SIA,SP,202501,3139050,0206030037,410.0,56838.3
SIA,SP,202501,2080664,0206020031,66.0,9003.06
SIA,SP,202501,2081555,0206010079,20.0,1948.8
SIA,SP,202501,2751704,0206030037,139.0,19269.57
SIA,SP,202501,2078104,0206010010,39.0,3383.64
SIA,SP,202501,2078104,0206010052,10.0,867.5
SIA,SP,202501,2751704,0206020031,58.0,7911.78
SIA,SP,202501,7066376,0206030010,529.0,73335.27
SIA,SP,202501,3021378,0206010079,210.0,20462.4
SIA,SP,202501,2078511,0206030037,90.0,12476.7
SIA,SP,202501,3028399,0206010010,38.0,3296.88
SIA,SP,202501,3028399,0206030029,18.0,1561.5
SIA,SP,202501,3774554,0206030010,53.0,7347.39
SIA,SP,202501,2089548,0206010079,26.0,2533.44
SIA,SP,202501,9225137,0206010028,19.0,1920.9
SIA,SP,202501,2082721,0206030010,74.0,10258.62
SIA,SP,202501,3840573,0206010010,24.0,2082.24
SIA,SP,202501,3840573,0206010079,255.0,24847.2
SIA,SP,202501,3840573,0206010044,41.0,3556.75
SIA,SP,202501,3840573,0206010028,28.0,2830.8
SIA,SP,202501,3840573,0206010036,19.0,1648.44
SIA,SP,202501,2080664,0206010079,206.0,20072.64
SIA,SP,202501,3840573,0206020015,10.0,867.5
SIA,SP,202501,3840573,0206020031,104.0,14186.64
SIA,SP,202501,3840573,0206030037,317.0,43945.71
SIA,SP,202501,3028399,0206010044,21.0,1821.75
SIA,SP,202501,3028399,0206030010,136.0,18853.68
SIA,SP,202501,2082888,0206030010,231.0,50616.72
SIA,SP,202501,3774554,0206010010,8.0,694.08
SIA,SP,202501,3774554,0206010079,135.0,13154.4
SIA,SP,202501,3840573,0211020036,619.0,3187.85
SIA,SP,202501,3840573,0206030029,6.0,520.5
SIA,SP,202501,2080370,0211020036,147.0,757.05
SIA,SP,202501,2078511,0211020036,89.0,458.35
SIA,SP,202501,9680500,0206030037,85.0,11783.55
SIA,SP,202501,2023709,0206010028,9.0,909.9
SIA,SP,202501,2748568,0206030037,51.0,7070.13
SIA,SP,202501,2075105,0206010028,18.0,1819.8
SIA,SP,202501,2058421,0211020036,73.0,375.95
SIA,SP,202501,2081458,0206010052,42.0,3643.5
SIA,SP,202501,3021378,0206030029,12.0,1041.0
SIA,SP,202501,2079135,0206030037,110.0,20350.0
SIA,SP,202501,3021378,0206020031,124.0,16914.84
SIA,SP,202501,3021378,0206010052,5.0,433.75
SIA,SP,202501,7066376,0206010079,35.0,3410.4
SIA,SP,202501,7066376,0206030037,528.0,73196.64
SIA,SP,202501,3139050,0206010010,86.0,7461.36
SIA,SP,202501,2081555,0206030037,16.0,2218.08
SIA,SP,202501,7792115,0211020036,63.0,324.45
SIA,SP,202501,2077078,0211020036,291.0,1498.65
SIA,SP,202501,2078104,0206010079,259.0,25236.96
SIA,SP,202501,2078104,0206030037,230.0,31884.9
SIA,SP,202501,2078104,0206020031,111.0,15141.51
SIA,SP,202501,2022435,0211020036,372.0,1915.8
SIA,SP,202501,2079135,0206010036,4.0,688.0
SIA,SP,202501,9680500,0206010044,9.0,780.75
SIA,SP,202501,2082888,0206030037,229.0,50178.48
SIA,SP,202501,2079135,0206030010,108.0,18900.0
SIA,SP,202501,2075105,0206030010,15.0,2079.45
SIA,SP,202501,2082810,0211020036,56.0,288.4
SIA,SP,202501,2748568,0206030010,56.0,7763.28
SIA,SP,202501,2082888,0206010028,13.0,2340.0
SIA,SP,202501,4118421,0206010010,58.0,5032.08
SIA,SP,202501,2080664,0206010044,13.0,1127.75
SIA,SP,202501,2082640,0206020031,7.0,954.87
SIA,SP,202501,2092298,0206010028,150.0,15165.0
SIA,SP,202501,2092298,0206010036,20.0,1735.2
SIA,SP,202501,9680500,0206010010,10.0,867.6
SIA,SP,202501,2092298,0206030010,95.0,13169.85
SIA,SP,202501,6414176,0206010079,23.0,2241.12
SIA,SP,202501,2024691,0206010079,150.0,14616.0
SIA,SP,202501,9755357,0206010079,17.0,1656.48
SIA,SP,202501,2081458,0211020036,467.0,2405.05
SIA,SP,202501,2024438,0206010028,21.0,2123.1
SIA,SP,202501,2024438,0206010079,84.0,8184.96
SIA,SP,202501,7507933,0211020036,9.0,46.35
SIA,SP,202501,2080664,0206010028,48.0,4852.8
SIA,SP,202501,2081873,0206030029,8.0,694.0
SIA,SP,202501,2081873,0206030010,43.0,5961.09
SIA,SP,202501,2078511,0206020031,40.0,5456.4
SIA,SP,202501,2078511,0206030010,84.0,11644.92
SIA,SP,202501,2078104,0206030010,228.0,31607.64
SIA,SP,202501,7917724,0211020036,36.0,185.4
SIA,SP,202501,2081873,0206010028,86.0,8694.6
SIA,SP,202501,7959184,0211020036,14.0,72.1
SIA,SP,202501,2023741,0211020036,221.0,1138.15
SIA,SP,202501,2081091,0206030010,67.0,23352.18
SIA,SP,202501,2092298,0206030037,98.0,13585.74
SIA,SP,202501,2081091,0206010079,106.0,32579.1
SIA,SP,202501,2082721,0206010079,65.0,6333.6
SIA,SP,202501,9225137,0206020015,7.0,607.25
SIA,SP,202501,9225137,0206030010,85.0,11783.55
SIA,SP,202501,2082721,0206010010,16.0,1388.16
SIA,SP,202501,2751704,0206010044,2.0,173.5
SIA,SP,202501,2751704,0206010079,176.0,17149.44
SIA,SP,202501,2079135,0206010044,17.0,2890.0
SIA,SP,202501,9059679,0211020036,16.0,82.4
SIA,SP,202501,2082845,0206030037,122.0,16912.86
SIA,SP,202501,3840573,0206010052,12.0,1041.0
SIA,SP,202501,2078511,0206010079,128.0,12472.32
SIA,SP,202501,2082845,0206030010,114.0,15803.82
SIA,SP,202501,2080664,0206030010,58.0,8040.54
SIA,SP,202501,2082721,0206010044,18.0,1561.5
SIA,SP,202501,3753433,0206010079,49.0,4774.56
SIA,SP,202501,4118421,0206010044,97.0,8414.75
SIA,SP,202501,2082845,0206010079,116.0,11303.04
SIA,SP,202501,6603432,0211020036,131.0,674.65
SIA,SP,202501,7066376,0208010033,17.0,6512.19
SIA,SP,202501,2825260,0211020036,608.0,3131.2
SIA,SP,202501,2080664,0206030037,63.0,8733.69
SIA,SP,202501,2751704,0206010036,7.0,607.32
SIA,SP,202501,2080664,0206010010,12.0,1041.12
SIA,SP,202501,2065576,0206030010,8.0,1109.04
SIA,SP,202501,2081873,0206010079,112.0,10913.28
SIA,SP,202501,2081873,0206020031,29.0,3955.89
SIA,SP,202501,2095912,0206010079,19.0,1851.36
SIA,SP,202501,2078511,0206010044,20.0,1735.0
SIA,SP,202501,2078511,0206010028,27.0,2729.7
SIA,SP,202501,2751704,0206010028,42.0,4246.2
SIA,SP,202501,3139050,0206010044,62.0,5378.5
SIA,SP,202501,2081555,0206010028,20.0,2022.0
SIA,SP,202501,2023709,0206010079,65.0,6333.6
SIA,SP,202501,3021378,0211020036,121.0,623.15
SIA,SP,202501,2748568,0206010028,19.0,1920.9
SIA,SP,202501,2092298,0206020031,128.0,17460.48
SIA,SP,202501,2087103,0206010079,41.0,3995.04
SIA,SP,202501,3021378,0206010028,22.0,2224.2
SIA,SP,202501,2089548,0206010052,2.0,173.5
SIA,SP,202501,2081458,0206010010,25.0,2169.0
SIA,SP,202501,2023709,0206030037,61.0,8456.43
SIA,SP,202501,2751704,0206010010,15.0,1301.4
SIA,SP,202501,9225137,0206030029,18.0,1561.5
SIA,SP,202501,2024438,0206030037,37.0,5129.31
SIA,SP,202501,2024438,0206020031,37.0,5047.17
SIA,SP,202501,9680500,0206010036,8.0,694.08
SIA,SP,202501,3774554,0206020031,42.0,5729.22
SIA,SP,202501,3028399,0206010028,124.0,12536.4
SIA,SP,202501,3028399,0206020023,14.0,1214.5
SIA,SP,202501,3028399,0206020031,107.0,14595.87
SIA,SP,202501,2065576,0211020060,1.0,30.0
SIA,SP,202501,2087103,0206020031,8.0,1091.28
SIA,SP,202501,2066742,0206020031,7.0,954.87
SIA,SP,202501,2078104,0206010044,30.0,2602.5
SIA,SP,202501,3139050,0206010052,17.0,1474.75
SIA,SP,202501,2090821,0211020036,30.0,154.5
SIA,SP,202501,2081458,0206010028,40.0,4044.0
SIA,SP,202501,2078511,0206010036,6.0,520.56
SIA,SP,202501,2092298,0206010044,68.0,5899.0
SIA,SP,202501,2092298,0206010079,219.0,21339.36
SIA,SP,202501,2024438,0206030010,32.0,4436.16
SIA,SP,202501,2081091,0206030037,75.0,26140.5
SIA,SP,202501,3139050,0206020015,15.0,1301.25
SIA,SP,202501,3021378,0206010036,12.0,1041.12
SIA,SP,202501,2023709,0206030010,61.0,8456.43
SIA,SP,202501,2047128,0211020036,12.0,61.8
SIA,SP,202501,2082721,0206030029,5.0,433.75
SIA,SP,202501,2079135,0206010052,2.0,350.0
SIA,SP,202501,7066376,0206010036,3.0,260.28
SIA,SP,202501,4118421,0206010036,29.0,2516.04
SIA,SP,202501,4197402,0206010079,50.0,4872.0
SIA,SP,202501,2745925,0211020036,9.0,46.35
SIA,SP,202501,3028399,0206020015,4.0,347.0
SIA,SP,202501,2095912,0206010028,22.0,2224.2
SIA,SP,202501,2082845,0206010010,6.0,520.56
SIA,SP,202501,2082845,0206020031,81.0,11049.21
SIA,SP,202501,2082888,0206010060,8.0,1440.0
SIA,SP,202501,2082888,0206010044,17.0,3060.0
SIA,SP,202501,2079135,0206010028,16.0,2752.0
SIA,SP,202501,2748568,0206020015,8.0,694.0
SIA,SP,202501,2081555,0206030010,20.0,2772.6
SIA,SP,202501,2082845,0206010044,30.0,2602.5
SIA,SP,202501,2078104,0206020023,43.0,3730.25
SIA,SP,202501,2081873,0206030037,51.0,7070.13
SIA,SP,202501,9680500,0206010028,10.0,1011.0
SIA,SP,202501,2081555,0206020015,2.0,173.5
SIA,SP,202501,2751569,0206020031,14.0,1909.74
SIA,SP,202501,2078104,0206010028,21.0,2123.1
SIA,SP,202501,2081555,0206020031,20.0,2728.2
SIA,SP,202501,2091887,0211020036,21.0,108.15
SIA,SP,202501,2075105,0206010079,25.0,2436.0
SIA,SP,202501,2095912,0206030037,38.0,5267.94
SIA,SP,202501,2792605,0211020036,43.0,221.45
SIA,SP,202501,4681088,0211020060,10.0,300.0
SIA,SP,202501,2078511,0206030029,5.0,433.75
SIA,SP,202501,2078511,0206010010,12.0,1041.12
SIA,SP,202501,8000379,0211020036,126.0,648.9
SIA,SP,202501,3774554,0206030029,6.0,520.5
SIA,SP,202501,2081458,0206030029,17.0,1474.75
SIA,SP,202501,2077582,0206010010,36.0,3123.36
SIA,SP,202501,6414176,0206020031,26.0,3546.66
SIA,SP,202501,2080664,0206030029,5.0,433.75
SIA,SP,202501,2748568,0206010036,7.0,607.32
SIA,SP,202501,3774554,0206010028,11.0,1112.1
SIA,SP,202501,2082888,0206020023,3.0,540.0
SIA,SP,202501,2023709,0206010010,13.0,1127.88
SIA,SP,202501,5675820,0206030037,5.0,693.15
SIA,SP,202501,2081555,0206010010,10.0,867.6
SIA,SP,202501,2082888,0206010010,16.0,2880.0
SIA,SP,202501,9639659,0206010079,45.0,4384.8
SIA,SP,202501,3875415,0205010016,21.0,3465.0
SIA,SP,202501,2082888,0206010052,26.0,4680.0
SIA,SP,202501,2751569,0206010079,30.0,2923.2
SIA,SP,202501,2024691,0206010010,34.0,2949.84
SIA,SP,202501,2081091,0206030029,4.0,1186.64
SIA,SP,202501,2079135,0206020023,2.0,360.0
SIA,SP,202501,2087103,0206030037,17.0,2356.71
SIA,SP,202501,9225137,0206010044,14.0,1214.5
SIA,SP,202501,3028399,0206010036,18.0,1561.68
SIA,SP,202501,2024438,0206010010,5.0,433.8
SIA,SP,202501,9225137,0206020031,25.0,3410.25
SIA,SP,202501,2750325,0211020036,127.0,654.05
SIA,SP,202501,9225137,0206010010,9.0,780.84
SIA,SP,202501,2024691,0206030010,49.0,6792.87
SIA,SP,202501,2072408,0211020036,14.0,72.1
SIA,SP,202501,2024691,0206020031,37.0,5047.17
SIA,SP,202501,2024691,0206010044,11.0,954.25
SIA,SP,202501,2791706,0211020036,67.0,345.05
SIA,SP,202501,2081873,0206010010,42.0,3643.92
SIA,SP,202501,2023709,0206010036,5.0,433.8
SIA,SP,202501,2748568,0206010010,15.0,1301.4
SIA,SP,202501,2024438,0206010036,2.0,173.52
SIA,SP,202501,2024756,0206020031,11.0,1500.51
SIA,SP,202501,2026805,0211020036,175.0,901.25
SIA,SP,202501,2791722,0206030010,421.0,58363.23
SIA,SP,202501,2080664,0206020023,2.0,173.5
SIA,SP,202501,2791722,0206030037,436.0,60442.68
SIA,SP,202501,9005668,0211020036,16.0,82.4
SIA,SP,202501,2072513,0206010028,47.0,4751.7
SIA,SP,202501,2072513,0206010079,222.0,21631.68
SIA,SP,202501,2072513,0206030037,129.0,17883.27
SIA,SP,202501,2791722,0206010028,51.0,5156.1
SIA,SP,202501,2791722,0206010079,379.0,36929.76
SIA,SP,202501,2040891,0211020036,4.0,20.6
SIA,SP,202501,2047454,0211020036,26.0,133.9
SIA,SP,202501,2072513,0206020031,59.0,8048.19
SIA,SP,202501,2050757,0206020031,9.0,1227.69
SIA,SP,202501,2702193,0206030010,311.0,43113.93
SIA,SP,202501,2031027,0211020036,324.0,1668.6
SIA,SP,202501,2078473,0206030029,31.0,2689.25
SIA,SP,202501,2078473,0206010010,18.0,1561.68
SIA,SP,202501,2078473,0206030010,90.0,12476.7
SIA,SP,202501,2790475,0211020036,36.0,185.4
SIA,SP,202501,2078473,0206010044,26.0,2255.5
SIA,SP,202501,2078473,0206020031,93.0,12686.13
SIA,SP,202501,2792176,0206010036,18.0,1561.68
SIA,SP,202501,2792176,0206030010,295.0,40895.85
SIA,SP,202501,2792176,0206020031,218.0,29737.38
SIA,SP,202501,2792176,0206030037,294.0,40757.22
SIA,SP,202501,3653676,0206010079,59.0,5748.96
SIA,SP,202501,2751704,0206010060,2.0,194.88
SIA,SP,202501,2078414,0206010028,51.0,5156.1
SIA,SP,202501,2078473,0211020036,511.0,2631.65
SIA,SP,202501,2078473,0206030037,92.0,12753.96
SIA,SP,202501,2702193,0206010044,48.0,4164.0
SIA,SP,202501,2702193,0206030037,313.0,43391.19
SIA,SP,202501,2079011,0206010079,167.0,16272.48
SIA,SP,202501,6611273,0211020036,202.0,1040.3
SIA,SP,202501,2791722,0206030029,24.0,2082.0
SIA,SP,202501,2791722,0206020031,122.0,16642.02
SIA,SP,202501,2078414,0206030010,81.0,11229.03
SIA,SP,202501,0040061,0211020036,229.0,1179.35
SIA,SP,202501,2024756,0206010010,21.0,1821.96
SIA,SP,202501,2082845,0206030029,6.0,520.5
SIA,SP,202501,2079135,0206010010,22.0,3784.0
SIA,SP,202501,2791722,0206010036,14.0,1214.64
SIA,SP,202501,2751623,0206010079,86.0,8379.84
SIA,SP,202501,2083175,0206030037,16.0,2218.08
SIA,SP,202501,2083175,0206010028,5.0,505.5
SIA,SP,202501,2751623,0206030010,39.0,5406.57
SIA,SP,202501,2079097,0206010010,5.0,433.8
SIA,SP,202501,2078414,0206020031,36.0,4910.76
SIA,SP,202501,2792176,0206020015,12.0,1041.0
SIA,SP,202501,2083019,0206030010,196.0,27171.48
SIA,SP,202501,2791722,0206010044,53.0,4597.75
SIA,SP,202501,2024756,0206030037,55.0,7624.65
SIA,SP,202501,2072513,0206010044,33.0,2862.75
SIA,SP,202501,2078414,0206010044,11.0,954.25
SIA,SP,202501,7144016,0211020036,100.0,515.0
SIA,SP,202501,2072513,0206030010,129.0,17883.27
SIA,SP,202501,2072513,0211020060,83.0,2490.0
SIA,SP,202501,2792176,0206010079,188.0,18318.72
SIA,SP,202501,2087804,0206010079,62.0,6041.28
SIA,SP,202501,9200223,0206030010,206.0,28557.78
SIA,SP,202501,9200223,0206010079,199.0,19390.56
SIA,SP,202501,2688433,0206030010,254.0,35212.02
SIA,SP,202501,2688433,0206020031,178.0,24280.98
SIA,SP,202501,2702193,0206010010,32.0,2776.32
SIA,SP,202501,7758375,0211020036,65.0,334.75
SIA,SP,202501,2080044,0206010028,16.0,1617.6
SIA,SP,202501,2688433,0206030037,223.0,30914.49
SIA,SP,202501,2083019,0206030029,13.0,1127.75
SIA,SP,202501,2083019,0206020031,123.0,16778.43
SIA,SP,202501,2083019,0206030037,192.0,26616.96
SIA,SP,202501,2080044,0206030010,58.0,8040.54
SIA,SP,202501,2083019,0206010079,261.0,25431.84
SIA,SP,202501,2083019,0206010028,62.0,6268.2
SIA,SP,202501,2688433,0206010028,50.0,5055.0
SIA,SP,202501,2079011,0206030010,82.0,11367.66
SIA,SP,202501,2702193,0206020031,157.0,21416.37
SIA,SP,202501,2066742,0206020023,1.0,86.75
SIA,SP,202501,4118421,0206010052,27.0,2342.25
SIA,SP,202501,3653676,0206030010,44.0,6099.72
SIA,SP,202501,2688433,0206010079,377.0,36734.88
SIA,SP,202501,2688433,0206010010,40.0,3470.4
SIA,SP,202501,2080044,0206010079,89.0,8672.16
SIA,SP,202501,9200223,0206020031,134.0,18278.94
SIA,SP,202501,4048865,0208010025,5.0,2042.6
SIA,SP,202501,4048865,0208010033,5.0,1915.35
SIA,SP,202501,2050757,0206010028,3.0,303.3
SIA,SP,202501,2083175,0206010079,45.0,4384.8
SIA,SP,202501,2075105,0206020031,19.0,2591.79
SIA,SP,202501,3139050,0206030029,16.0,1388.0
SIA,SP,202501,9200223,0206030037,31.0,4297.53
SIA,SP,202501,2028204,0206030037,56.0,7763.28
SIA,SP,202501,2028204,0206020031,26.0,3546.66
SIA,SP,202501,2034409,0211020036,15.0,77.25
SIA,SP,202501,2080044,0206030037,65.0,9010.95
SIA,SP,202501,2792176,0206020023,20.0,1735.0
SIA,SP,202501,2078473,0206010079,215.0,20949.6
SIA,SP,202501,6611273,0206010079,127.0,12374.88
SIA,SP,202501,2751569,0206030010,30.0,4158.9
SIA,SP,202501,9639659,0206020031,5.0,682.05
SIA,SP,202501,9773657,0206030037,71.0,9842.73
SIA,SP,202501,2082845,0206010028,19.0,1920.9
SIA,SP,202501,6611273,0206030037,51.0,7070.13
SIA,SP,202501,2028204,0206010079,71.0,6918.24
SIA,SP,202501,2079011,0206030037,81.0,11229.03
SIA,SP,202501,0448702,0206010079,18.0,3240.0
SIA,SP,202501,9773657,0206030010,72.0,9981.36
SIA,SP,202501,7066376,0208010025,17.0,6944.84
SIA,SP,202501,9773657,0206010079,119.0,11595.36
SIA,SP,202501,2702193,0206010036,17.0,1474.92
SIA,SP,202501,2702193,0206010079,304.0,29621.76
SIA,SP,202501,9755357,0206020031,16.0,2182.56
SIA,SP,202501,2748568,0206010044,11.0,954.25
SIA,SP,202501,3653676,0206030037,43.0,5961.09
SIA,SP,202501,2078473,0206010036,10.0,867.6
SIA,SP,202501,2081458,0206020023,11.0,954.25
SIA,SP,202501,3935574,0211020036,6.0,30.9
SIA,SP,202501,2792176,0206010028,36.0,3639.6
SIA,SP,202501,2792176,0206010044,27.0,2342.25
SIA,SP,202501,2093200,0211020036,2.0,10.3
SIA,SP,202501,2792176,0206030029,20.0,1735.0
SIA,SP,202501,3774554,0206010052,1.0,86.75
SIA,SP,202501,2079097,0206030010,60.0,8317.8
SIA,SP,202501,2745798,0206030010,9.0,1247.67
SIA,SP,202501,6611273,0206010010,11.0,954.36
SIA,SP,202501,9439897,0211020036,216.0,1112.4
SIA,SP,202501,2083019,0206020015,16.0,1388.0
SIA,SP,202501,2083019,0206010036,15.0,1301.4
SIA,SP,202501,2036851,0211020036,14.0,72.1
SIA,SP,202501,9773657,0206010028,52.0,5257.2
SIA,SP,202501,2078473,0211020060,78.0,2340.0
SIA,SP,202501,2095912,0206020031,11.0,1500.51
SIA,SP,202501,2079011,0206020031,43.0,5865.63
SIA,SP,202501,2688433,0206010036,11.0,954.36
SIA,SP,202501,2060280,0211020036,50.0,257.5
SIA,SP,202501,2688433,0206030029,13.0,1127.75
SIA,SP,202501,0448702,0208010033,9.0,7299.18
SIA,SP,202501,2023709,0206020031,15.0,2046.15
SIA,SP,202501,2083019,0206010010,14.0,1214.64
SIA,SP,202501,2028204,0206030010,53.0,7347.39
SIA,SP,202501,2082721,0206010036,9.0,780.84
SIA,SP,202501,2083019,0206010044,35.0,3036.25
SIA,SP,202501,2080044,0206030029,7.0,607.25
SIA,SP,202501,2079011,0206010044,14.0,1214.5
SIA,SP,202501,9773657,0206010052,13.0,1127.75
SIA,SP,202501,2066742,0206030010,5.0,693.15
SIA,SP,202501,2087804,0206030037,24.0,3327.12
SIA,SP,202501,2049414,0211020036,48.0,247.2
SIA,SP,202501,2831430,0211020036,147.0,757.05
SIA,SP,202501,2078414,0206010079,104.0,10133.76
SIA,SP,202501,2080664,0206010052,1.0,86.75
SIA,SP,202501,2078414,0206030029,8.0,694.0
SIA,SP,202501,2024756,0206010079,79.0,7697.76
SIA,SP,202501,2066742,0206030037,5.0,693.15
SIA,SP,202501,6611273,0206020015,7.0,607.25
SIA,SP,202501,2087804,0206030029,2.0,173.5
SIA,SP,202501,2748568,0206020023,8.0,694.0
SIA,SP,202501,2024934,0211020036,29.0,149.35
SIA,SP,202501,2751704,0206020023,4.0,347.0
SIA,SP,202501,0448702,0206030010,6.0,1080.0
SIA,SP,202501,2082411,0211020036,464.0,2389.6
SIA,SP,202501,2078473,0206010028,31.0,3134.1
SIA,SP,202501,2083019,0206010052,4.0,347.0
SIA,SP,202501,9680500,0206020023,8.0,694.0
SIA,SP,202501,2080044,0206020031,40.0,5456.4
SIA,SP,202501,9200223,0206010028,18.0,1819.8
SIA,SP,202501,2078473,0206020015,3.0,260.25
SIA,SP,202501,9755357,0206010028,6.0,606.6
SIA,SP,202501,2082578,0211020036,2.0,10.3
SIA,SP,202501,2751569,0206010044,7.0,607.25
SIA,SP,202501,2055082,0211020036,242.0,1246.3
SIA,SP,202501,3774554,0206020015,3.0,260.25
SIA,SP,202501,2079097,0206010079,68.0,6625.92
SIA,SP,202501,2078414,0206010010,13.0,1127.88
SIA,SP,202501,2702193,0206030029,20.0,1735.0
SIA,SP,202501,2702193,0206010028,65.0,6571.5
SIA,SP,202501,9200223,0206010044,26.0,2255.5
SIA,SP,202501,7851758,0211020036,87.0,448.05
SIA,SP,202501,2087103,0206030010,17.0,2356.71
SIA,SP,202501,9773657,0206010044,37.0,3209.75
SIA,SP,202501,0448702,0206020031,6.0,1080.0
SIA,SP,202501,6611273,0206030029,12.0,1041.0
SIA,SP,202501,2079097,0206020031,20.0,2728.2
SIA,SP,202501,2072513,0206030029,16.0,1388.0
SIA,SP,202501,6611273,0206030010,46.0,6376.98
SIA,SP,202501,2791722,0206010010,34.0,2949.84
SIA,SP,202501,2688433,0206010052,10.0,867.5
SIA,SP,202501,4049039,0211020036,117.0,602.55
SIA,SP,202501,4118421,0206020023,16.0,1388.0
SIA,SP,202501,9225137,0206020023,8.0,694.0
SIA,SP,202501,9225137,0211020036,895.0,4609.25
SIA,SP,202501,5675820,0206030010,5.0,693.15
SIA,SP,202501,7438222,0211020060,23.0,690.0
SIA,SP,202501,2095912,0206010010,3.0,260.28
SIA,SP,202501,2081873,0206010044,11.0,954.25
SIA,SP,202501,2096188,0211020036,90.0,463.5
SIA,SP,202501,2082845,0206010052,3.0,260.25
SIA,SP,202501,2069164,0211020036,213.0,1096.95
SIA,SP,202501,2025167,0211020036,391.0,2013.65
SIA,SP,202501,2745798,0206010079,8.0,779.52
SIA,SP,202501,2078414,0206030037,82.0,11367.66
SIA,SP,202501,3653676,0206010044,5.0,433.75
SIA,SP,202501,2079011,0206010052,1.0,86.75
SIA,SP,202501,2023709,0206010052,1.0,86.75
SIA,SP,202501,2751623,0206010010,14.0,1214.64
SIA,SP,202501,2024691,0206020023,4.0,347.0
SIA,SP,202501,4118421,0206010060,3.0,292.32
SIA,SP,202501,2688433,0206020023,9.0,780.75
SIA,SP,202501,2080044,0206010010,15.0,1301.4
SIA,SP,202501,2077582,0206010028,12.0,1213.2
SIA,SP,202501,2688433,0206010044,38.0,3296.5
SIA,SP,202501,2082845,0206010036,10.0,867.6
SIA,SP,202501,7235917,0211020036,17.0,87.55
SIA,SP,202501,7066376,0206010028,7.0,707.7
SIA,SP,202501,6611273,0206010044,8.0,694.0
SIA,SP,202501,2080664,0206010036,4.0,347.04
SIA,SP,202501,2087804,0206020031,9.0,1227.69
SIA,SP,202501,2079011,0206010028,15.0,1516.5
SIA,SP,202501,9200223,0206010036,13.0,1127.88
SIA,SP,202501,2024756,0206030010,51.0,7070.13
SIA,SP,202501,2688433,0206020015,15.0,1301.25
SIA,SP,202501,2751569,0206010010,2.0,173.52
SIA,SP,202501,9200223,0206030029,5.0,433.75
SIA,SP,202501,2081091,0206020031,44.0,13378.64
SIA,SP,202501,2083175,0206020031,15.0,2046.15
SIA,SP,202501,2072513,0206010010,13.0,1127.88
SIA,SP,202501,2745798,0206030037,7.0,970.41
SIA,SP,202501,2081873,0206010036,11.0,954.36
SIA,SP,202501,2050757,0206010079,15.0,1461.6
SIA,SP,202501,2751011,0211020036,141.0,726.15
SIA,SP,202501,4118421,0206020015,16.0,1388.0
SIA,SP,202501,2083175,0206030010,19.0,2633.97
SIA,SP,202501,2079917,0206030010,36.0,4990.68
SIA,SP,202501,2758245,0206010079,153.0,14908.32
SIA,SP,202501,3774554,0206010044,7.0,607.25
SIA,SP,202501,2067587,0211020036,11.0,56.65
SIA,SP,202501,2751623,0206010028,5.0,505.5
SIA,SP,202501,2082888,0206030029,2.0,360.0
SIA,SP,202501,9773657,0206010010,13.0,1127.88
SIA,SP,202501,7066376,0206020015,4.0,347.0
SIA,SP,202501,2024756,0206010028,8.0,808.8
SIA,SP,202501,2024756,0206010044,8.0,694.0
SIA,SP,202501,7515111,0211020036,20.0,103.0
SIA,SP,202501,3774554,0206010036,8.0,694.08
SIA,SP,202501,9561269,0211020036,17.0,87.55
SIA,SP,202501,2023709,0206010044,1.0,86.75
SIA,SP,202501,2061392,0211020036,2.0,10.3
SIA,SP,202501,9680500,0206010052,1.0,86.75
SIA,SP,202501,2089548,0206030037,4.0,554.52
SIA,SP,202501,2028204,0206010010,4.0,347.04
SIA,SP,202501,2072513,0206020015,2.0,173.5
SIA,SP,202501,2072513,0206010036,7.0,607.32
SIA,SP,202501,2092298,0206010052,9.0,780.75
SIA,SP,202501,2087804,0206030010,23.0,3188.49
SIA,SP,202501,2790610,0206030037,144.0,19962.72
SIA,SP,202501,2093324,0206030010,134.0,18576.42
SIA,SP,202501,2758245,0206030037,21.0,2911.23
SIA,SP,202501,2081091,0206010036,17.0,5043.39
SIA,SP,202501,0115509,0206030010,86.0,11922.18
SIA,SP,202501,2079232,0206010079,186.0,18123.84
SIA,SP,202501,2790610,0206020031,61.0,8321.01
SIA,SP,202501,2093324,0206030037,136.0,18853.68
SIA,SP,202501,2079232,0206010044,27.0,2342.25
SIA,SP,202501,2024691,0206030037,53.0,7347.39
SIA,SP,202501,2702193,0206020015,5.0,433.75
SIA,SP,202501,3653676,0206020031,16.0,2182.56
SIA,SP,202501,2081091,0206010010,19.0,5636.73
SIA,SP,202501,2065576,0206010079,9.0,876.96
SIA,SP,202501,2050757,0206010044,5.0,433.75
SIA,SP,202501,2079011,0206010010,5.0,433.8
SIA,SP,202501,6611273,0206020031,34.0,4637.94
SIA,SP,202501,2078473,0206020023,1.0,86.75
SIA,SP,202501,2077582,0206010044,12.0,1041.0
SIA,SP,202501,2080044,0206010044,9.0,780.75
SIA,SP,202501,2081555,0206010044,5.0,433.75
SIA,SP,202501,2748568,0206010052,2.0,173.5
SIA,SP,202501,2079097,0206010028,18.0,1819.8
SIA,SP,202501,3653676,0206020015,2.0,173.5
SIA,SP,202501,2089548,0206020031,1.0,136.41
SIA,SP,202501,2751623,0206020031,12.0,1636.92
SIA,SP,202501,9773657,0206020023,1.0,86.75
SIA,SP,202501,2751623,0206010044,10.0,867.5
SIA,SP,202501,2040611,0206020031,1.0,136.41
SIA,SP,202501,9200223,0206020015,5.0,433.75
SIA,SP,202501,9639659,0206030029,7.0,607.25
SIA,SP,202501,7066376,0206020023,1.0,86.75
SIA,SP,202501,3753433,0206030037,7.0,970.41
SIA,SP,202501,2080451,0211020036,85.0,437.75
SIA,SP,202501,2024756,0206010036,6.0,520.56
SIA,SP,202501,2078295,0206020031,24.0,3273.84
SIA,SP,202501,2079860,0206010079,640.0,62361.6
SIA,SP,202501,2079860,0206020031,340.0,46379.4
SIA,SP,202501,2079860,0206030010,497.0,68899.11
SIA,SP,202501,2079860,0206010010,78.0,6767.28
SIA,SP,202501,2030314,0206010028,26.0,2628.6
SIA,SP,202501,2078295,0206010079,98.0,9549.12
SIA,SP,202501,2751569,0206030037,24.0,3327.12
SIA,SP,202501,2096005,0206010028,38.0,3841.8
SIA,SP,202501,2088487,0206010079,78.0,7600.32
SIA,SP,202501,2079860,0206010028,74.0,7481.4
SIA,SP,202501,2030314,0206030037,73.0,10119.99
SIA,SP,202501,2030314,0206030010,73.0,10119.99
SIA,SP,202501,2079860,0206030037,478.0,66265.14
SIA,SP,202501,2030314,0206030029,9.0,780.75
SIA,SP,202501,2083175,0206010036,1.0,86.76
SIA,SP,202501,2089548,0206030010,3.0,415.89
SIA,SP,202501,2081873,0206020015,1.0,86.75
SIA,SP,202501,2073536,0206020031,3.0,985.11
SIA,SP,202501,9200223,0206010010,13.0,1127.88
SIA,SP,202501,2081873,0206010052,3.0,260.25
SIA,SP,202501,5988292,0211020036,2.0,10.3
SIA,SP,202501,2081458,0206020015,5.0,433.75
SIA,SP,202501,3003477,0211020036,1.0,5.15
SIA,SP,202501,2024438,0206030029,3.0,260.25
SIA,SP,202501,2078805,0211020036,1.0,5.15
SIA,SP,202501,9755357,0206030037,14.0,1940.82
SIA,SP,202501,3753433,0206010044,3.0,260.25
SIA,SP,202501,2078414,0206020023,3.0,260.25
SIA,SP,202501,2082640,0206030037,8.0,1109.04
SIA,SP,202501,2024438,0206010044,11.0,954.25
SIA,SP,202501,2097729,0211020036,86.0,442.9
SIA,SP,202501,2079011,0206020023,4.0,347.0
SIA,SP,202501,2081458,0211020060,18.0,540.0
SIA,SP,202501,2081555,0206030029,9.0,780.75
SIA,SP,202501,2688433,0206010060,1.0,97.44
SIA,SP,202501,2079097,0206010044,6.0,520.5
SIA,SP,202501,2079097,0206020023,1.0,86.75
SIA,SP,202501,2751623,0206030029,2.0,173.5
SIA,SP,202501,3285561,0211020036,4.0,20.6
SIA,SP,202501,2050757,0206030037,7.0,970.41
SIA,SP,202501,2081555,0206010052,4.0,347.0
SIA,SP,202501,9773657,0206020031,17.0,2318.97
SIA,SP,202501,4197402,0206030037,12.0,1663.56
SIA,SP,202501,9639659,0206030010,17.0,2356.71
SIA,SP,202501,4197402,0206010044,3.0,260.25
SIA,SP,202501,5675820,0206020031,5.0,682.05
SIA,SP,202501,2083019,0206020023,5.0,433.75
SIA,SP,202501,9773657,0206010036,6.0,520.56
SIA,SP,202501,2028204,0206030029,6.0,520.5
SIA,SP,202501,2080044,0206020023,2.0,173.5
SIA,SP,202501,5675820,0206010079,2.0,194.88
SIA,SP,202501,2082640,0206010079,27.0,2630.88
SIA,SP,202501,2082640,0206030010,7.0,970.41
SIA,SP,202501,7090064,0206030037,1.0,138.63
SIA,SP,202501,0448702,0211020060,6.0,660.0
SIA,SP,202501,6611273,0206010028,16.0,1617.6
SIA,SP,202501,2077582,0206010036,16.0,1388.16
SIA,SP,202501,2028204,0206010036,3.0,260.28
SIA,SP,202501,2081091,0206010044,17.0,5043.22
SIA,SP,202501,2081091,0206010028,32.0,9952.32
SIA,SP,202501,2026805,0206010079,3.0,292.32
SIA,SP,202501,9755357,0206030010,11.0,1524.93
SIA,SP,202501,0448702,0206010010,2.0,360.02
SIA,SP,202501,9639659,0206010044,3.0,260.25
SIA,SP,202501,2073536,0206010079,3.0,985.11
SIA,SP,202501,2083175,0206010052,1.0,86.75
SIA,SP,202501,7066376,0206010044,5.0,433.75
SIA,SP,202501,2081091,0206020015,3.0,889.98
SIA,SP,202501,2078414,0206010036,7.0,607.32
SIA,SP,202501,2083981,0206010028,92.0,9301.2
SIA,SP,202501,2083981,0206010036,22.0,1908.72
SIA,SP,202501,2083981,0206030010,64.0,8872.32
SIA,SP,202501,2096005,0206030037,25.0,3465.75
SIA,SP,202501,2078562,0206010079,341.0,33227.04
SIA,SP,202501,2087715,0206030037,207.0,28696.41
SIA,SP,202501,2053446,0206010079,73.0,7113.12
SIA,SP,202501,2078562,0206010028,136.0,13749.6
SIA,SP,202501,2053446,0206030037,71.0,9842.73
SIA,SP,202501,4197402,0206010010,4.0,347.04
SIA,SP,202501,2792176,0206010010,22.0,1908.72
SIA,SP,202501,2075059,0211020036,4.0,20.6
SIA,SP,202501,0448702,0206010028,3.0,540.0
SIA,SP,202501,6539939,0211020036,30.0,154.5
SIA,SP,202501,2053446,0206020031,21.0,2864.61
SIA,SP,202501,2087715,0206030029,32.0,2776.0
SIA,SP,202501,2087715,0206030010,229.0,31746.27
SIA,SP,202501,2087715,0206020031,135.0,18415.35
SIA,SP,202501,2038404,0211020036,7.0,36.05
SIA,SP,202501,2083981,0206030029,4.0,347.0
SIA,SP,202501,2080079,0206030010,62.0,8595.06
SIA,SP,202501,2074117,0206020031,18.0,2455.38
SIA,SP,202501,5586348,0206010044,22.0,1908.5
SIA,SP,202501,9408738,0206030037,169.0,23428.47
SIA,SP,202501,9408738,0206020031,174.0,23735.34
SIA,SP,202501,9408738,0206030010,175.0,24260.25
SIA,SP,202501,6611273,0206010036,6.0,520.56
SIA,SP,202501,2066742,0206010036,1.0,86.76
SIA,SP,202501,2081555,0211020036,444.0,2286.6
SIA,SP,202501,2050757,0206030010,8.0,1109.04
SIA,SP,202501,2079135,0206030029,3.0,510.0
SIA,SP,202501,2745798,0206020031,2.0,272.82
SIA,SP,202501,2702193,0206010052,5.0,433.75
SIA,SP,202501,2077582,0206030029,11.0,954.25
SIA,SP,202501,6414176,0206030037,8.0,1109.04
SIA,SP,202501,2077582,0206020015,1.0,86.75
SIA,SP,202501,2080044,0206010036,6.0,520.56
SIA,SP,202501,2073536,0206020015,1.0,328.37
SIA,SP,202501,2092298,0206020023,8.0,694.0
SIA,SP,202501,7818718,0211020036,15.0,77.25
SIA,SP,202501,2034247,0211020036,61.0,314.15
SIA,SP,202501,2079615,0211020036,125.0,643.75
SIA,SP,202501,3753433,0206020031,6.0,818.46
SIA,SP,202501,2792176,0206010052,3.0,260.25
SIA,SP,202501,9368566,0211020036,414.0,2132.1
SIA,SP,202501,2751798,0211020036,33.0,169.95
SIA,SP,202501,3021378,0206020015,4.0,347.0
SIA,SP,202501,0448702,0206030029,1.0,86.75
SIA,SP,202501,2024756,0206020023,5.0,433.75
SIA,SP,202501,2065576,0206020031,1.0,136.41
SIA,SP,202501,2745798,0206020023,2.0,173.5
SIA,SP,202501,2023709,0206020015,3.0,260.25
SIA,SP,202501,0613819,0211020036,30.0,154.5
SIA,SP,202501,2024438,0206010052,2.0,173.5
SIA,SP,202501,4197402,0206030010,11.0,1524.93
SIA,SP,202501,7066376,0206010010,1.0,86.76
SIA,SP,202501,3753433,0206010028,7.0,707.7
SIA,SP,202501,2087804,0206010010,3.0,260.28
SIA,SP,202501,2026805,0206030010,1.0,138.63
SIA,SP,202501,3753433,0206030029,6.0,520.5
SIA,SP,202501,3653676,0206030029,1.0,86.75
SIA,SP,202501,2072513,0206010052,3.0,260.25
SIA,SP,202501,2024756,0206030029,2.0,173.5
SIA,SP,202501,2075105,0206010052,1.0,86.75
SIA,SP,202501,2075105,0206010010,1.0,86.76
SIA,SP,202501,5655730,0211020036,55.0,283.25
SIA,SP,202501,7920784,0211020036,6.0,30.9
SIA,SP,202501,2746832,0211020036,40.0,206.0
SIA,SP,202501,7560435,0206030010,87.0,12060.81
SIA,SP,202501,2079348,0206030037,101.0,14001.63
SIA,SP,202501,2084163,0206010028,52.0,5257.2
SIA,SP,202501,4049020,0206020031,103.0,14050.23
SIA,SP,202501,2084163,0206030037,93.0,12892.59
SIA,SP,202501,2088193,0206010079,277.0,26990.88
SIA,SP,202501,2079828,0206020031,171.0,23326.11
SIA,SP,202501,2079828,0206030037,382.0,52956.66
SIA,SP,202501,2079828,0206030010,363.0,50322.69
SIA,SP,202501,2079828,0206030029,73.0,6332.75
SIA,SP,202501,2096196,0206010079,74.0,7210.56
SIA,SP,202501,2088193,0206020015,6.0,520.5
SIA,SP,202501,6956890,0211020036,1.0,5.15
SIA,SP,202501,2088193,0206020031,102.0,13913.82
SIA,SP,202501,4049020,0206030037,128.0,17744.64
SIA,SP,202501,2023474,0206010028,91.0,9200.1
SIA,SP,202501,2023474,0206020031,193.0,26327.13
SIA,SP,202501,2079828,0206010079,526.0,51253.44
SIA,SP,202501,0295701,0206030037,45.0,6238.35
SIA,SP,202501,7102429,0211020036,483.0,2487.45
SIA,SP,202501,7033702,0211020060,65.0,1950.0
SIA,SP,202501,2084163,0206030010,85.0,11783.55
SIA,SP,202501,2084163,0206020031,66.0,9003.06
SIA,SP,202501,2088193,0206010044,33.0,2862.75
SIA,SP,202501,2023474,0206010079,2.0,194.88
SIA,SP,202501,2088193,0206030037,139.0,19269.57
SIA,SP,202501,6607330,0211020060,71.0,2130.0
SIA,SP,202501,7560435,0206010028,11.0,1112.1
SIA,SP,202501,7560435,0206010079,61.0,5943.84
SIA,SP,202501,2087219,0206030010,144.0,19962.72
SIA,SP,202501,2087219,0206020023,11.0,954.25
SIA,SP,202501,2078422,0206030010,128.0,17744.64
SIA,SP,202501,2078422,0206030037,108.0,14972.04
SIA,SP,202501,2078422,0206010079,88.0,8574.72
SIA,SP,202501,2087219,0206030037,148.0,20517.24
SIA,SP,202501,2087219,0206010079,153.0,14908.32
SIA,SP,202501,2084422,0206030010,62.0,8595.06
SIA,SP,202501,2078422,0206020031,69.0,9412.29
SIA,SP,202501,2747871,0206010028,42.0,4246.2
SIA,SP,202501,4049020,0206010079,94.0,9159.36
SIA,SP,202501,2084422,0206030037,58.0,8040.54
SIA,SP,202501,2084422,0206010079,71.0,6918.24
SIA,SP,202501,2079097,0206030037,7.0,970.41
SIA,SP,202501,6607179,0206020015,14.0,1214.5
SIA,SP,202501,2079348,0206030010,95.0,13169.85
SIA,SP,202501,9773657,0206030029,3.0,260.25
SIA,SP,202501,2084422,0206030029,4.0,347.0
SIA,SP,202501,2084163,0206030029,36.0,3123.0
SIA,SP,202501,6607179,0206020031,93.0,12686.13
SIA,SP,202501,6607179,0206010079,113.0,11010.72
SIA,SP,202501,6568459,0211020036,83.0,427.45
SIA,SP,202501,2079828,0206010028,125.0,12637.5
SIA,SP,202501,6607179,0206010044,26.0,2255.5
SIA,SP,202501,6607179,0206010036,26.0,2255.76
SIA,SP,202501,6607179,0206030029,52.0,4511.0
SIA,SP,202501,2088193,0206010052,12.0,1041.0
SIA,SP,202501,6607179,0206010028,208.0,21028.8
SIA,SP,202501,4197402,0206010052,1.0,86.75
SIA,SP,202501,2082519,0206010079,4.0,389.76
SIA,SP,202501,2038757,0206010036,1.0,86.76
SIA,SP,202501,2029480,0206030010,5.0,693.15
SIA,SP,202501,2038757,0206010028,16.0,1617.6
SIA,SP,202501,6607179,0206030037,103.0,14278.89
SIA,SP,202501,6568459,0211020060,32.0,960.0
SIA,SP,202501,2079348,0206020031,38.0,5183.58
SIA,SP,202501,9639659,0206010010,1.0,86.76
SIA,SP,202501,2079828,0206010010,54.0,4685.04
SIA,SP,202501,7560435,0206030037,72.0,9981.36
SIA,SP,202501,2079828,0206020015,41.0,3556.75
SIA,SP,202501,2079828,0206010044,71.0,6159.25
SIA,SP,202501,2079828,0211020036,305.0,1570.75
SIA,SP,202501,2079828,0206010052,27.0,2342.25
SIA,SP,202501,2084422,0206020023,1.0,86.75
SIA,SP,202501,5585031,0211020036,34.0,175.1
SIA,SP,202501,2077892,0211020036,26.0,133.9
SIA,SP,202501,2092298,0206010060,3.0,292.32
SIA,SP,202501,2088193,0206010028,67.0,6773.7
SIA,SP,202501,2096196,0206010028,29.0,2931.9
SIA,SP,202501,2755092,0206030037,5.0,693.15
SIA,SP,202501,4049020,0205010016,52.0,8580.0
SIA,SP,202501,2084163,0206010010,25.0,2169.0
SIA,SP,202501,2081458,0206010036,9.0,780.84
SIA,SP,202501,2023474,0206030010,72.0,9981.36
SIA,SP,202501,2088193,0206030010,138.0,19130.94
SIA,SP,202501,2028204,0206010028,4.0,404.4
SIA,SP,202501,2081660,0211020036,63.0,324.45
SIA,SP,202501,2041979,0211020036,96.0,494.4
SIA,SP,202501,2079348,0206010028,6.0,606.6
SIA,SP,202501,2081202,0206010079,29.0,2825.76
SIA,SP,202501,6607179,0206030010,108.0,14972.04
SIA,SP,202501,2747871,0206010079,159.0,15492.96
SIA,SP,202501,2747871,0206030010,190.0,26339.7
SIA,SP,202501,6700365,0211020036,114.0,587.1
SIA,SP,202501,2050757,0206010010,1.0,86.76
SIA,SP,202501,0295701,0206010079,83.0,8087.52
SIA,SP,202501,2084163,0206010044,40.0,3470.0
SIA,SP,202501,2096196,0206030037,45.0,6238.35
SIA,SP,202501,2092298,0206020015,7.0,607.25
SIA,SP,202501,2096196,0206030010,36.0,4990.68
SIA,SP,202501,2092638,0211020036,81.0,417.15
SIA,SP,202501,2067056,0211020036,29.0,149.35
SIA,SP,202501,7560435,0206010044,28.0,2429.0
SIA,SP,202501,7560435,0206020031,73.0,9957.93
SIA,SP,202501,3753433,0206030010,7.0,970.41
SIA,SP,202501,2088193,0206010010,15.0,1301.4
SIA,SP,202501,4049020,0206010052,10.0,867.5
SIA,SP,202501,2087219,0206020031,81.0,11049.21
SIA,SP,202501,6607179,0206010052,14.0,1214.5
SIA,SP,202501,2079348,0206010079,35.0,3410.4
SIA,SP,202501,2096196,0206020015,1.0,86.75
SIA,SP,202501,2023474,0206010010,49.0,4251.24
SIA,SP,202501,2023474,0206010036,19.0,1648.44
SIA,SP,202501,6676928,0211020036,15.0,77.25
SIA,SP,202501,4049020,0206030010,106.0,14694.78
SIA,SP,202501,2084163,0206010052,34.0,2949.5
SIA,SP,202501,2084163,0206010036,13.0,1127.88
SIA,SP,202501,2747871,0206030037,173.0,23982.99
SIA,SP,202501,2087219,0206010010,17.0,1474.92
SIA,SP,202501,2087219,0206010044,19.0,1648.25
SIA,SP,202501,2041154,0211020060,38.0,1140.0
SIA,SP,202501,2096196,0206010010,14.0,1214.64
SIA,SP,202501,2087804,0206020023,1.0,86.75
SIA,SP,202501,2051249,0211020036,52.0,267.8
SIA,SP,202501,4049020,0206010044,8.0,694.0
SIA,SP,202501,2096196,0206020031,22.0,3001.02
SIA,SP,202501,9390650,0211020036,231.0,1189.65
SIA,SP,202501,2082667,0211020036,238.0,1225.7
SIA,SP,202501,2081202,0206020031,9.0,1227.69
SIA,SP,202501,7232276,0211020036,27.0,139.05
SIA,SP,202501,2052830,0211020036,14.0,72.1
SIA,SP,202501,2079828,0206010036,24.0,2082.24
SIA,SP,202501,2747871,0206020031,107.0,14595.87
SIA,SP,202501,2747871,0206020015,14.0,1214.5
SIA,SP,202501,2084163,0206010079,82.0,7990.08
SIA,SP,202501,2023474,0206010044,36.0,3123.0
SIA,SP,202501,2747871,0206010010,27.0,2342.52
SIA,SP,202501,2080028,0206020031,3.0,409.23
SIA,SP,202501,2081202,0206030037,9.0,1247.67
SIA,SP,202501,2791722,0206010052,6.0,520.5
SIA,SP,202501,2081458,0211020010,53.0,38692.12
SIA,SP,202501,2065061,0211020036,29.0,149.35
SIA,SP,202501,2791722,0211020036,593.0,3053.95
SIA,SP,202501,0295701,0206010044,17.0,1474.75
SIA,SP,202501,0448702,0206030037,6.0,1080.0
SIA,SP,202501,2028441,0211020036,16.0,82.4
SIA,SP,202501,2747871,0206030029,7.0,607.25
SIA,SP,202501,2023474,0206020023,28.0,2429.0
SIA,SP,202501,2084422,0206010028,16.0,1617.6
SIA,SP,202501,2088193,0206030029,16.0,1388.0
SIA,SP,202501,2043092,0211020036,20.0,103.0
SIA,SP,202501,3021378,0206010044,8.0,694.0
SIA,SP,202501,2073536,0206030037,1.0,328.37
SIA,SP,202501,7463030,0211020036,287.0,1478.05
SIA,SP,202501,2051982,0211020036,103.0,530.45
SIA,SP,202501,2079011,0206030029,5.0,433.75
SIA,SP,202501,3674495,0211020036,16.0,82.4
SIA,SP,202501,0295701,0206030010,47.0,6515.61
SIA,SP,202501,2023474,0206010060,1.0,97.44
SIA,SP,202501,3272206,0211020036,39.0,200.85
SIA,SP,202501,2088193,0211020036,392.0,2018.8
SIA,SP,202501,0201154,0211020036,342.0,1761.3
SIA,SP,202501,6607179,0206010010,57.0,4945.32
SIA,SP,202501,2033054,0211020036,15.0,77.25
SIA,SP,202501,0116076,0211020036,16.0,82.4
SIA,SP,202501,2048183,0211020036,64.0,329.6
SIA,SP,202501,2084163,0211020036,336.0,1730.4
SIA,SP,202501,2075105,0206030029,1.0,86.75
SIA,SP,202501,2078422,0206010010,8.0,694.08
SIA,SP,202501,4049020,0206010028,25.0,2527.5
SIA,SP,202501,2038757,0206010079,8.0,779.52
SIA,SP,202501,7725973,0211020036,11.0,56.65
SIA,SP,202501,6414176,0206010044,3.0,260.25
SIA,SP,202501,2023474,0206030037,91.0,12615.33
SIA,SP,202501,0295701,0206020031,32.0,4365.12
SIA,SP,202501,6414176,0206010052,2.0,173.5
SIA,SP,202501,2751569,0206010028,2.0,202.2
SIA,SP,202501,7102755,0211020036,8.0,41.2
SIA,SP,202501,2081105,0211020036,170.0,875.5
SIA,SP,202501,0295701,0206010010,7.0,607.32
SIA,SP,202501,2747871,0206010044,27.0,2342.25
SIA,SP,202501,2096196,0206010044,11.0,954.25
SIA,SP,202501,2096269,0211020036,2.0,10.3
SIA,SP,202501,2081202,0206030010,15.0,2079.45
SIA,SP,202501,2035146,0211020036,31.0,159.65
SIA,SP,202501,2755092,0206020031,6.0,818.46
SIA,SP,202501,2040506,0211020036,52.0,267.8
SIA,SP,202501,2060531,0211020036,16.0,82.4
SIA,SP,202501,2088193,0206010036,10.0,867.6
SIA,SP,202501,2747375,0211020036,226.0,1163.9
SIA,SP,202501,2082098,0211020036,198.0,1019.7
SIA,SP,202501,2079046,0211020036,150.0,772.5
SIA,SP,202501,6164366,0206010044,37.0,3209.75
SIA,SP,202501,6164366,0206030029,11.0,954.25
SIA,SP,202501,6164366,0206010052,23.0,1995.25
SIA,SP,202501,6164366,0206010079,120.0,11692.8
SIA,SP,202501,6164366,0206010028,54.0,5459.4
SIA,SP,202501,6164366,0206030010,133.0,18437.79
SIA,SP,202501,6164366,0206020031,146.0,19915.86
SIA,SP,202501,2082691,0206010079,10.0,974.4
SIA,SP,202501,2082691,0206020031,2.0,272.82
SIA,SP,202501,4049020,0206010010,17.0,1474.92
SIA,SP,202501,2084163,0206020015,6.0,520.5
SIA,SP,202501,2077159,0206010079,9.0,876.96
SIA,SP,202501,3492958,0211020036,4.0,20.6
SIA,SP,202501,6164366,0206030037,124.0,17190.12
SIA,SP,202501,7548982,0211020060,9.0,270.0
SIA,SP,202501,2092131,0206030010,4.0,554.52
SIA,SP,202501,6164366,0211020036,1243.0,6401.45
SIA,SP,202501,6164366,0211020060,84.0,2520.0
SIA,SP,202501,9030557,0206020031,59.0,8048.19
SIA,SP,202501,9030557,0206030010,68.0,9426.84
SIA,SP,202501,9030557,0206010028,61.0,6167.1
SIA,SP,202501,9030557,0206010036,8.0,694.08
SIA,SP,202501,9030557,0206030029,10.0,867.5
SIA,SP,202501,9030557,0206010079,51.0,4969.44
SIA,SP,202501,2088193,0206020023,4.0,347.0
SIA,SP,202501,9030557,0206010044,44.0,3817.0
SIA,SP,202501,9030557,0206030037,66.0,9149.58
SIA,SP,202501,9030557,0211020060,77.0,2310.0
SIA,SP,202501,9030557,0211020036,266.0,1369.9
SIA,SP,202501,2078422,0206010028,9.0,909.9
SIA,SP,202501,9556095,0206010079,94.0,9159.36
SIA,SP,202501,9556095,0206030010,86.0,11922.18
SIA,SP,202501,9556095,0206010010,17.0,1474.92
SIA,SP,202501,9556095,0206030029,19.0,1648.25
SIA,SP,202501,9556095,0206030037,82.0,11367.66
SIA,SP,202501,2057719,0211020036,8.0,41.2
SIA,SP,202501,9556095,0206020031,99.0,13504.59
SIA,SP,202501,9488588,0211020036,258.0,1328.7
SIA,SP,202501,2785382,0206030010,41.0,5683.83
SIA,SP,202501,2034670,0211020036,103.0,530.45
SIA,SP,202501,6451098,0206020031,35.0,4774.35
SIA,SP,202501,2046334,0211020036,76.0,391.4
SIA,SP,202501,2082691,0206030010,7.0,970.41
SIA,SP,202501,9329285,0211020036,74.0,381.1
SIA,SP,202501,0287687,0211020036,52.0,267.8
SIA,SP,202501,2751569,0211020036,250.0,1287.5
SIA,SP,202501,2073528,0211020036,44.0,226.6
SIA,SP,202501,9556095,0206010028,15.0,1516.5
SIA,SP,202501,9556095,0206010044,28.0,2429.0
SIA,SP,202501,9556095,0206010052,20.0,1735.0
SIA,SP,202501,2079348,0206030029,5.0,433.75
SIA,SP,202501,2084422,0206010010,17.0,1474.92
SIA,SP,202501,2082691,0206030037,6.0,831.78
SIA,SP,202501,2082691,0211020036,7.0,36.05
SIA,SP,202501,6657516,0211020036,60.0,309.0
SIA,SP,202501,2080443,0206010028,76.0,7683.6
SIA,SP,202501,2080443,0206010010,23.0,1995.48
SIA,SP,202501,2080443,0206030029,9.0,780.75
SIA,SP,202501,2080443,0206010079,79.0,7697.76
SIA,SP,202501,2033593,0211020036,56.0,288.4
SIA,SP,202501,4049020,0206010036,9.0,780.84
SIA,SP,202501,2079518,0211020036,71.0,365.65
SIA,SP,202501,2081903,0211020036,21.0,108.15
SIA,SP,202501,6976794,0211020036,211.0,1086.65
SIA,SP,202501,2755092,0206010079,4.0,389.76
SIA,SP,202501,2023865,0211020036,32.0,164.8
SIA,SP,202501,2747871,0206010036,9.0,780.84
SIA,SP,202501,3806340,0211020036,30.0,154.5
SIA,SP,202501,7560435,0206020023,2.0,173.5
SIA,SP,202501,2088525,0211020036,130.0,669.5
SIA,SP,202501,4752953,0211020036,109.0,561.35
SIA,SP,202501,7466412,0211020036,824.0,4243.6
SIA,SP,202501,2087219,0206010028,33.0,3336.3
SIA,SP,202501,2084422,0206020031,12.0,1636.92
SIA,SP,202501,2080028,0206030010,4.0,554.52
SIA,SP,202501,2038757,0206030010,3.0,415.89
SIA,SP,202501,7914881,0211020036,18.0,92.7
SIA,SP,202501,6199879,0211020060,70.0,2100.0
SIA,SP,202501,9556095,0206020015,29.0,2515.75
SIA,SP,202501,9556095,0206020023,18.0,1561.5
SIA,SP,202501,5366828,0206010028,19.0,1920.9
SIA,SP,202501,5366828,0206010010,21.0,1821.96
SIA,SP,202501,5366828,0206030037,99.0,13724.37
SIA,SP,202501,5366828,0206020031,59.0,8048.19
SIA,SP,202501,5366828,0206010036,7.0,607.32
SIA,SP,202501,5366828,0206010079,215.0,20949.6
SIA,SP,202501,4049020,0206020023,7.0,607.25
SIA,SP,202501,2033038,0211020036,5.0,25.75
SIA,SP,202501,2083604,0206010028,11.0,1112.1
SIA,SP,202501,2083604,0206010044,39.0,3383.25
SIA,SP,202501,2080095,0206030010,15.0,2079.45
SIA,SP,202501,2078422,0206010036,1.0,86.76
SIA,SP,202501,2078422,0206010044,8.0,694.0
SIA,SP,202501,5935857,0206030010,522.0,72364.86
SIA,SP,202501,5935857,0206030037,516.0,71533.08
SIA,SP,202501,2087219,0206010036,10.0,867.6
SIA,SP,202501,2038757,0206020031,3.0,409.23
SIA,SP,202501,5935857,0211020036,641.0,3301.15
SIA,SP,202501,5935857,0206010028,29.0,2931.9
SIA,SP,202501,5935857,0206010044,45.0,3903.75
SIA,SP,202501,5935857,0206020031,220.0,30010.2
SIA,SP,202501,2079348,0206010010,3.0,260.28
SIA,SP,202501,2085437,0211020036,97.0,499.55
SIA,SP,202501,0295701,0206010028,14.0,1415.4
SIA,SP,202501,2087219,0206020015,11.0,954.25
SIA,SP,202501,2085976,0211020036,173.0,890.95
SIA,SP,202501,6451098,0206010079,104.0,10133.76
SIA,SP,202501,2079461,0211020036,176.0,906.4
SIA,SP,202501,2080443,0206010036,11.0,954.36
SIA,SP,202501,2080443,0206030037,53.0,7347.39
SIA,SP,202501,2080443,0206020031,16.0,2182.56
SIA,SP,202501,6451098,0206010044,6.0,520.5
SIA,SP,202501,0295701,0206030029,3.0,260.25
SIA,SP,202501,2083094,0206020031,98.0,13368.18
SIA,SP,202501,9364226,0211020036,1075.0,5536.25
SIA,SP,202501,2083094,0206030010,123.0,17051.49
SIA,SP,202501,2083094,0206030037,120.0,16635.6
SIA,SP,202501,7111878,0211020036,13.0,66.95
SIA,SP,202501,4049020,0211020060,52.0,1560.0
SIA,SP,202501,2035979,0211020036,173.0,890.95
SIA,SP,202501,2077159,0211020036,5.0,25.75
SIA,SP,202501,4049020,0206020015,1.0,86.75
SIA,SP,202501,9042962,0211020036,82.0,422.3
SIA,SP,202501,2081202,0206010010,1.0,86.76
SIA,SP,202501,2081202,0206010044,2.0,173.5
SIA,SP,202501,6164366,0206020015,8.0,694.0
SIA,SP,202501,2081202,0206020023,1.0,86.75
SIA,SP,202501,2716593,0211020036,148.0,762.2
SIA,SP,202501,2034379,0211020036,69.0,355.35
SIA,SP,202501,6657516,0211020060,129.0,3870.0
SIA,SP,202501,2023296,0211020036,15.0,77.25
SIA,SP,202501,2070502,0211020036,31.0,159.65
SIA,SP,202501,6199879,0211020036,131.0,674.65
SIA,SP,202501,2755092,0206010044,4.0,347.0
SIA,SP,202501,2096196,0206020023,6.0,520.5
SIA,SP,202501,5851084,0211020036,356.0,1833.4
SIA,SP,202501,9556095,0211020036,226.0,1163.9
SIA,SP,202501,3653676,0206010010,2.0,173.52
SIA,SP,202501,4108205,0211020036,610.0,3141.5
SIA,SP,202501,4749162,0211020036,41.0,211.15
SIA,SP,202501,6164366,0205010016,11.0,1815.0
SIA,SP,202501,2748657,0211020036,30.0,154.5
SIA,SP,202501,4233646,0211020036,70.0,360.5
SIA,SP,202501,5935857,0206010010,16.0,1388.16
SIA,SP,202501,2078422,0206030029,2.0,173.5
SIA,SP,202501,5935857,0206010079,323.0,31473.12
SIA,SP,202501,6024688,0211020036,17.0,87.55
SIA,SP,202501,2071185,0211020036,38.0,195.7
SIA,SP,202501,2747871,0206010052,9.0,780.75
SIA,SP,202501,2079771,0211020036,33.0,169.95
SIA,SP,202501,2077159,0206010028,3.0,303.3
SIA,SP,202501,9030557,0206020015,2.0,173.5
SIA,SP,202501,2081202,0206010036,1.0,86.76
SIA,SP,202501,2044870,0211020036,16.0,82.4
SIA,SP,202501,9471138,0211020036,13.0,66.95
SIA,SP,202501,2745402,0211020036,32.0,164.8
SIA,SP,202501,2093030,0211020036,228.0,1174.2
SIA,SP,202501,9536248,0211020036,17.0,87.55
SIA,SP,202501,2080028,0206010028,2.0,202.2
SIA,SP,202501,2080028,0206010079,5.0,487.2
SIA,SP,202501,2073536,0211020036,25.0,128.75
SIA,SP,202501,6607330,0211020036,356.0,1833.4
SIA,SP,202501,2699915,0206020031,64.0,8730.24
SIA,SP,202501,2699915,0206030037,175.0,24260.25
SIA,SP,202501,0264083,0211020036,9.0,46.35
SIA,SP,202501,2059916,0211020060,71.0,2130.0
SIA,SP,202501,2058308,0211020036,254.0,1308.1
SIA,SP,202501,2093022,0211020036,50.0,257.5
SIA,SP,202501,2079704,0211020036,165.0,849.75
SIA,SP,202501,2081202,0206030029,1.0,86.75
SIA,SP,202501,5935857,0206030029,38.0,3296.5
SIA,SP,202501,2029480,0206020031,1.0,136.41
SIA,SP,202501,2029480,0206010079,2.0,194.88
SIA,SP,202501,2785382,0206030037,45.0,6238.35
SIA,SP,202501,0902543,0211020036,32.0,164.8
SIA,SP,202501,2085119,0211020036,109.0,561.35
SIA,SP,202501,2083051,0206030037,124.0,17190.12
SIA,SP,202501,2083051,0206030010,125.0,17328.75
SIA,SP,202501,5366828,0206030010,114.0,15803.82
SIA,SP,202501,2083604,0206010079,50.0,4872.0
SIA,SP,202501,2718626,0211020036,75.0,386.25
SIA,SP,202501,7130341,0211020036,297.0,1529.55
SIA,SP,202501,2785382,0206020031,34.0,4637.94
SIA,SP,202501,2083051,0206010028,38.0,3841.8
SIA,SP,202501,2083051,0206010036,6.0,520.56
SIA,SP,202501,2083051,0206010079,119.0,11595.36
SIA,SP,202501,2083051,0206020031,46.0,6274.86
SIA,SP,202501,2083051,0206010010,13.0,1127.88
SIA,SP,202501,2083051,0206030029,15.0,1301.25
SIA,SP,202501,2083051,0206010044,12.0,1041.0
SIA,SP,202501,2785382,0206010079,83.0,8087.52
SIA,SP,202501,2083604,0206010010,9.0,780.84
SIA,SP,202501,2062852,0211020036,45.0,231.75
SIA,SP,202501,2060582,0211020036,46.0,236.9
SIA,SP,202501,4048423,0211020036,34.0,175.1
SIA,SP,202501,3003523,0206020031,10.0,2000.0
SIA,SP,202501,9773657,0206020015,7.0,607.25
SIA,SP,202501,2087219,0206010052,6.0,520.5
SIA,SP,202501,2079348,0206020015,1.0,86.75
SIA,SP,202501,2078473,0206010052,6.0,520.5
SIA,SP,202501,2081245,0211020036,14.0,72.1
SIA,SP,202501,2785447,0211020036,3.0,15.45
SIA,SP,202501,2077035,0211020036,6.0,30.9
SIA,SP,202501,2038633,0206030037,7.0,970.41
SIA,SP,202501,2080028,0206010010,2.0,173.52
SIA,SP,202501,2080028,0206030037,4.0,554.52
SIA,SP,202501,9030557,0206010052,2.0,173.5
SIA,SP,202501,2038633,0206030010,8.0,1109.04
SIA,SP,202501,2745674,0211020036,30.0,154.5
SIA,SP,202501,2096196,0206010036,2.0,173.52
SIA,SP,202501,2077809,0211020036,14.0,72.1
SIA,SP,202501,2055147,0211020036,79.0,406.85
SIA,SP,202501,9009523,0211020036,223.0,1148.45
SIA,SP,202501,7560435,0206010052,7.0,607.25
SIA,SP,202501,2083094,0206010079,152.0,14810.88
SIA,SP,202501,2083094,0211020036,379.0,1951.85
SIA,SP,202501,2079011,0211020036,145.0,746.75
SIA,SP,202501,2038633,0205010016,10.0,1650.0
SIA,SP,202501,2093138,0206030037,2.0,277.26
SIA,SP,202501,4048083,0211020036,50.0,257.5
SIA,SP,202501,5366828,0206020023,18.0,1561.5
SIA,SP,202501,2083604,0206030037,42.0,5822.46
SIA,SP,202501,2083604,0206020031,16.0,2182.56
SIA,SP,202501,2083604,0206030010,40.0,5545.2
SIA,SP,202501,4049020,0211020036,86.0,442.9
SIA,SP,202501,2084422,0206010044,4.0,347.0
SIA,SP,202501,2038757,0206010010,2.0,173.52
SIA,SP,202501,2077159,0206030010,3.0,415.89
SIA,SP,202501,2077159,0206020031,3.0,409.23
SIA,SP,202501,2096196,0211020036,446.0,2296.9
SIA,SP,202501,2078414,0211020060,3.0,90.0
SIA,SP,202501,2082691,0206010028,2.0,202.2
SIA,SP,202501,2749068,0211020036,39.0,200.85
SIA,SP,202501,2073285,0211020036,727.0,3744.05
SIA,SP,202501,2702193,0211020036,521.0,2683.15
SIA,SP,202501,2082519,0206030010,1.0,138.63
SIA,SP,202501,2047772,0211020036,94.0,484.1
SIA,SP,202501,3653676,0206010028,2.0,202.2
SIA,SP,202501,2097818,0211020036,37.0,190.55
SIA,SP,202501,2083175,0206030029,1.0,86.75
SIA,SP,202501,2066769,0211020036,41.0,211.15
SIA,SP,202501,0295701,0206010052,3.0,260.25
SIA,SP,202501,2078422,0206010052,2.0,173.5
SIA,SP,202501,2080028,0206010044,1.0,86.75
SIA,SP,202501,2755092,0206030010,5.0,693.15
SIA,SP,202501,2083604,0206030029,12.0,1041.0
SIA,SP,202501,2092743,0211020036,22.0,113.3
SIA,SP,202501,2748401,0211020036,131.0,674.65
SIA,SP,202501,4049551,0211020036,94.0,484.1
SIA,SP,202501,2079011,0206010036,3.0,260.28
SIA,SP,202501,5366828,0211020036,452.0,2327.8
SIA,SP,202501,2056798,0211020036,22.0,113.3
SIA,SP,202501,2093138,0206010028,2.0,202.2
SIA,SP,202501,2093138,0206010079,23.0,2241.12
SIA,SP,202501,2093138,0206010010,2.0,173.52
SIA,SP,202501,2083604,0206020015,10.0,867.5
SIA,SP,202501,9068651,0211020036,150.0,772.5
SIA,SP,202501,5366828,0206010052,12.0,1041.0
SIA,SP,202501,5366828,0206010044,32.0,2776.0
SIA,SP,202501,6451098,0206030010,25.0,3465.75
SIA,SP,202501,2079216,0211020036,94.0,484.1
SIA,SP,202501,3198294,0211020036,3.0,15.45
SIA,SP,202501,4049225,0211020036,10.0,51.5
SIA,SP,202501,2063018,0211020036,27.0,139.05
SIA,SP,202501,2087219,0206030029,4.0,347.0
SIA,SP,202501,2785382,0206010044,4.0,347.0
SIA,SP,202501,3549828,0206010079,33.0,3215.52
SIA,SP,202501,5585147,0211020036,20.0,103.0
SIA,SP,202501,3839257,0211020036,42.0,216.3
SIA,SP,202501,9980210,0211020036,79.0,406.85
SIA,SP,202501,5438705,0211020036,8.0,41.2
SIA,SP,202501,2073536,0206030010,1.0,328.37
SIA,SP,202501,6451098,0211020036,424.0,2183.6
SIA,SP,202501,2079380,0211020036,141.0,726.15
SIA,SP,202501,2748355,0211020036,61.0,314.15
SIA,SP,202501,2084007,0211020036,187.0,963.05
SIA,SP,202501,2097702,0206010079,29.0,2825.76
SIA,SP,202501,2072513,0211020036,218.0,1122.7
SIA,SP,202501,2038757,0211020036,32.0,164.8
SIA,SP,202501,2077256,0211020036,10.0,51.5
SIA,SP,202501,2031779,0211020036,228.0,1174.2
SIA,SP,202501,0664669,0211020036,49.0,252.35
SIA,SP,202501,2773333,0211020036,276.0,1421.4
SIA,SP,202501,2699915,0206010079,111.0,10815.84
SIA,SP,202501,2785382,0211020036,343.0,1766.45
SIA,SP,202501,2080095,0206010028,11.0,1112.1
SIA,SP,202501,2080095,0206010010,7.0,607.32
SIA,SP,202501,2080095,0206010079,66.0,6431.04
SIA,SP,202501,7560435,0206010010,6.0,520.56
SIA,SP,202501,2023474,0206010052,3.0,260.25
SIA,SP,202501,2078341,0211020036,248.0,1277.2
SIA,SP,202501,5935857,0206010052,13.0,1127.75
SIA,SP,202501,2080443,0206030010,47.0,6515.61
SIA,SP,202501,2083175,0211020036,216.0,1112.4
SIA,SP,202501,2083175,0206010044,5.0,433.75
SIA,SP,202501,2078422,0206020023,2.0,173.5
SIA,SP,202501,2083272,0211020036,50.0,257.5
SIA,SP,202501,2082519,0206030037,1.0,138.63
SIA,SP,202501,2706342,0211020036,41.0,211.15
SIA,SP,202501,5935857,0206020015,28.0,2429.0
SIA,SP,202501,2688433,0211020036,339.0,1745.85
SIA,SP,202501,7999917,0211020036,98.0,504.7
SIA,SP,202501,3549828,0206030010,34.0,4713.42
SIA,SP,202501,3549828,0206030037,30.0,4158.9
SIA,SP,202501,2083140,0206010079,103.0,10036.32
SIA,SP,202501,9323147,0211020036,153.0,787.95
SIA,SP,202501,0915939,0211020036,5.0,25.75
SIA,SP,202501,7068824,0211020036,263.0,1354.45
SIA,SP,202501,6878687,0206010010,52.0,4511.52
SIA,SP,202501,6878687,0206010044,30.0,2602.5
SIA,SP,202501,6878687,0206010028,94.0,9503.4
SIA,SP,202501,7209517,0206010079,188.0,18318.72
SIA,SP,202501,7209517,0206020031,166.0,22644.06
SIA,SP,202501,6878687,0206020031,192.0,26190.72
SIA,SP,202501,6568971,0206020031,21.0,2864.61
SIA,SP,202501,2079836,0206030010,97.0,13447.11
SIA,SP,202501,7299397,0211020036,20.0,103.0
SIA,SP,202501,2073323,0211020060,26.0,780.0
SIA,SP,202501,2080087,0206030029,4.0,347.0
SIA,SP,202501,2080087,0206010079,56.0,5456.64
SIA,SP,202501,2080087,0206030037,53.0,7347.39
SIA,SP,202501,2080087,0206010010,20.0,1735.2
SIA,SP,202501,6992552,0211020036,135.0,695.25
SIA,SP,202501,2079836,0206010028,31.0,3134.1
SIA,SP,202501,6844189,0211020036,30.0,154.5
SIA,SP,202501,3549828,0206020031,20.0,2728.2
SIA,SP,202501,2082594,0206010079,45.0,4384.8
SIA,SP,202501,6568971,0206010079,93.0,9061.92
SIA,SP,202501,6878687,0206010079,283.0,27575.52
SIA,SP,202501,7209517,0206010028,51.0,5156.1
SIA,SP,202501,6878687,0206030010,283.0,39232.29
SIA,SP,202501,7209517,0206030037,104.0,14417.52
SIA,SP,202501,7209517,0206030010,113.0,15665.19
SIA,SP,202501,2079836,0206010010,6.0,520.56
SIA,SP,202501,2082594,0206030037,36.0,4990.68
SIA,SP,202501,2050927,0211020036,18.0,92.7
SIA,SP,202501,2082594,0206010052,12.0,1041.0
SIA,SP,202501,2792176,0211020060,68.0,2040.0
SIA,SP,202501,2792176,0211020036,217.0,1117.55
SIA,SP,202501,9101918,0211020036,225.0,1158.75
SIA,SP,202501,2079097,0206010052,1.0,86.75
SIA,SP,202501,6568971,0206010044,9.0,780.75
SIA,SP,202501,2083019,0211020036,83.0,427.45
SIA,SP,202501,2084171,0206010044,5.0,433.75
SIA,SP,202501,2081393,0206010010,2.0,173.52
SIA,SP,202501,0409812,0211020036,1.0,5.15
SIA,SP,202501,7697422,0211020036,569.0,2930.35
SIA,SP,202501,2080443,0211020036,332.0,1709.8
SIA,SP,202501,2082438,0206030010,42.0,5822.46
SIA,SP,202501,2032430,0206010028,80.0,8088.0
SIA,SP,202501,2073323,0206010079,32.0,3118.08
SIA,SP,202501,2083140,0206020031,28.0,3819.48
SIA,SP,202501,2082594,0208010025,9.0,3676.68
SIA,SP,202501,2082594,0206020031,11.0,1500.51
SIA,SP,202501,2831503,0206010028,142.0,14356.2
SIA,SP,202501,2079348,0206010044,1.0,86.75
SIA,SP,202501,2082594,0206010044,19.0,1648.25
SIA,SP,202501,2831503,0206010044,63.0,5465.25
SIA,SP,202501,2831503,0206010079,356.0,34688.64
SIA,SP,202501,3003523,0206010079,8.0,1600.0
SIA,SP,202501,2083183,0211020036,194.0,999.1
SIA,SP,202501,2083140,0206030010,45.0,6238.35
SIA,SP,202501,2831503,0206020031,90.0,12276.9
SIA,SP,202501,2831503,0206030010,88.0,12199.44
SIA,SP,202501,2032430,0206010036,4.0,347.04
SIA,SP,202501,2084058,0206030029,2.0,173.5
SIA,SP,202501,2081237,0211020036,31.0,159.65
SIA,SP,202501,2083140,0206010028,62.0,6268.2
SIA,SP,202501,2083094,0206030029,2.0,173.5
SIA,SP,202501,2079836,0206010036,6.0,520.56
SIA,SP,202501,2083094,0206010028,7.0,707.7
SIA,SP,202501,6880150,0211020036,21.0,108.15
SIA,SP,202501,2083094,0206010010,5.0,433.8
SIA,SP,202501,2073323,0206030010,14.0,1940.82
SIA,SP,202501,2084171,0206030010,54.0,7486.02
SIA,SP,202501,2083094,0206010052,4.0,347.0
SIA,SP,202501,2083094,0206010044,3.0,260.25
SIA,SP,202501,2791749,0206030037,45.0,6238.35
SIA,SP,202501,0728144,0211020036,38.0,195.7
SIA,SP,202501,2079925,0206030037,62.0,8595.06
SIA,SP,202501,7068840,0211020036,1.0,5.15
SIA,SP,202501,2067048,0211020036,33.0,169.95
SIA,SP,202501,4676815,0206030010,8.0,1109.04
SIA,SP,202501,4676815,0206010079,20.0,1948.8
SIA,SP,202501,2073323,0206010052,4.0,347.0
SIA,SP,202501,6878687,0206030037,295.0,40895.85
SIA,SP,202501,2084058,0206010044,6.0,520.5
SIA,SP,202501,7777019,0211020036,27.0,139.05
SIA,SP,202501,2055600,0211020036,25.0,128.75
SIA,SP,202501,2030659,0211020036,48.0,247.2
SIA,SP,202501,0448702,0211020036,170.0,875.5
SIA,SP,202501,2079852,0211020036,158.0,813.7
SIA,SP,202501,3549828,0206010010,1.0,86.76
SIA,SP,202501,2079836,0206030037,100.0,13863.0
SIA,SP,202501,2073323,0206020031,17.0,2318.97
SIA,SP,202501,2040905,0211020036,13.0,66.95
SIA,SP,202501,2084171,0206010010,9.0,780.84
SIA,SP,202501,2079925,0206010079,53.0,5164.32
SIA,SP,202501,2023016,0206010079,42.0,4092.48
SIA,SP,202501,2082438,0206010028,5.0,505.5
SIA,SP,202501,6451098,0206030037,3.0,415.89
SIA,SP,202501,2084171,0206030029,24.0,2082.0
SIA,SP,202501,7560435,0206010036,2.0,173.52
SIA,SP,202501,2080087,0211020036,153.0,787.95
SIA,SP,202501,2082438,0206010079,45.0,4384.8
SIA,SP,202501,2079925,0206030010,62.0,8595.06
SIA,SP,202501,2082438,0206030037,37.0,5129.31
SIA,SP,202501,2791749,0206030010,44.0,6099.72
SIA,SP,202501,2070375,0211020036,21.0,108.15
SIA,SP,202501,2066777,0211020036,501.0,2580.15
SIA,SP,202501,2702045,0211020036,31.0,159.65
SIA,SP,202501,6878687,0206020015,28.0,2429.0
SIA,SP,202501,2074877,0211020060,278.0,8340.0
SIA,SP,202501,7209517,0206010044,53.0,4597.75
SIA,SP,202501,6878687,0206030029,47.0,4077.25
SIA,SP,202501,2079836,0206010079,123.0,11985.12
SIA,SP,202501,2079836,0206020031,35.0,4774.35
SIA,SP,202501,2084171,0206020031,32.0,4365.12
SIA,SP,202501,2078139,0206010079,23.0,2241.12
SIA,SP,202501,6568971,0206010028,45.0,4549.5
SIA,SP,202501,2084058,0206030010,48.0,6654.24
SIA,SP,202501,2083140,0206030037,49.0,6792.87
SIA,SP,202501,4049586,0211020036,246.0,1266.9
SIA,SP,202501,3540049,0211020036,13.0,66.95
SIA,SP,202501,9344268,0211020036,77.0,396.55
SIA,SP,202501,2054329,0211020036,44.0,226.6
SIA,SP,202501,2041693,0211020036,5.0,25.75
SIA,SP,202501,2082594,0206030010,32.0,4436.16
SIA,SP,202501,7429991,0211020036,385.0,1982.75
SIA,SP,202501,2081059,0206030010,40.0,5545.2
SIA,SP,202501,7209517,0206010036,4.0,347.04
SIA,SP,202501,2079836,0206010044,19.0,1648.25
SIA,SP,202501,7209517,0206010010,20.0,1735.2
SIA,SP,202501,2785382,0206010010,8.0,694.08
SIA,SP,202501,2084171,0206010079,80.0,7795.2
SIA,SP,202501,2748320,0211020036,1.0,5.15
SIA,SP,202501,2831503,0206030037,97.0,13447.11
SIA,SP,202501,2084058,0206010010,8.0,694.08
SIA,SP,202501,2038633,0206010079,13.0,1266.72
SIA,SP,202501,2038633,0206010052,3.0,260.25
SIA,SP,202501,2038633,0206010028,5.0,505.5
SIA,SP,202501,7241666,0211020036,19.0,97.85
SIA,SP,202501,2082594,0206010028,35.0,3538.5
SIA,SP,202501,2793385,0206010010,1.0,86.76
SIA,SP,202501,6568971,0206010036,7.0,607.32
SIA,SP,202501,2023016,0206030010,12.0,1663.56
SIA,SP,202501,7438222,0211020036,39.0,200.85
SIA,SP,202501,2791749,0206010079,31.0,3020.64
SIA,SP,202501,2083140,0206010010,42.0,3643.92
SIA,SP,202501,2747006,0211020036,33.0,169.95
SIA,SP,202501,2079925,0206010028,36.0,3639.6
SIA,SP,202501,2073323,0206010028,24.0,2426.4
SIA,SP,202501,2073323,0206010044,8.0,694.0
SIA,SP,202501,2048531,0211020036,1.0,5.15
SIA,SP,202501,2793385,0206010079,27.0,2630.88
SIA,SP,202501,2084058,0206030037,51.0,7070.13
SIA,SP,202501,2078139,0206030010,16.0,2218.08
SIA,SP,202501,2078139,0206030037,15.0,2079.45
SIA,SP,202501,2050900,0211020036,32.0,164.8
SIA,SP,202501,2791749,0206020031,12.0,1636.92
SIA,SP,202501,2084171,0206020015,15.0,1301.25
SIA,SP,202501,2097702,0208010033,12.0,4596.84
SIA,SP,202501,2097702,0206010028,6.0,606.6
SIA,SP,202501,2081059,0206010079,49.0,4774.56
SIA,SP,202501,2079925,0206010010,16.0,1388.16
SIA,SP,202501,2079879,0211020036,62.0,319.3
SIA,SP,202501,2082519,0206020015,1.0,86.75
SIA,SP,202501,2080087,0206020031,15.0,2046.15
SIA,SP,202501,2080087,0206010044,7.0,607.25
SIA,SP,202501,2080044,0206020015,3.0,260.25
SIA,SP,202501,2077558,0211020036,177.0,911.55
SIA,SP,202501,2084058,0206010079,60.0,5846.4
SIA,SP,202501,2080044,0206010052,2.0,173.5
SIA,SP,202501,2093138,0206020031,3.0,409.23
SIA,SP,202501,2030772,0211020036,8.0,41.2
SIA,SP,202501,2081059,0206020031,7.0,954.87
SIA,SP,202501,2081059,0206020015,3.0,260.25
SIA,SP,202501,2084171,0206030037,55.0,7624.65
SIA,SP,202501,2080443,0206010052,2.0,173.5
SIA,SP,202501,2080443,0206020023,4.0,347.0
SIA,SP,202501,6878687,0206010036,37.0,3210.12
SIA,SP,202501,7135173,0211020036,88.0,453.2
SIA,SP,202501,2755033,0211020036,111.0,571.65
SIA,SP,202501,2079925,0206020031,42.0,5729.22
SIA,SP,202501,2097702,0206020031,11.0,1500.51
SIA,SP,202501,2097702,0208010025,11.0,4493.72
SIA,SP,202501,2831503,0206010036,13.0,1127.88
SIA,SP,202501,7319282,0211020036,49.0,252.35
SIA,SP,202501,6568971,0206030010,36.0,4990.68
SIA,SP,202501,6568971,0206030029,5.0,433.75
SIA,SP,202501,9398767,0211020036,4.0,20.6
SIA,SP,202501,2082438,0206020015,2.0,173.5
SIA,SP,202501,2831503,0206010010,42.0,3643.92
SIA,SP,202501,2790297,0211020036,23.0,118.45
SIA,SP,202501,2084171,0206010028,9.0,909.9
SIA,SP,202501,4702069,0211020036,14.0,72.1
SIA,SP,202501,2716275,0211020036,83.0,427.45
SIA,SP,202501,2097702,0206010044,9.0,780.75
SIA,SP,202501,6568971,0206010010,9.0,780.84
SIA,SP,202501,2097702,0206030010,14.0,1940.82
SIA,SP,202501,6568971,0206030037,33.0,4574.79
SIA,SP,202501,2083140,0206010044,7.0,607.25
SIA,SP,202501,2082438,0206020031,13.0,1773.33
SIA,SP,202501,2084171,0206010052,7.0,607.25
SIA,SP,202501,2040611,0206030037,1.0,138.63
SIA,SP,202501,3770834,0211020036,39.0,200.85
SIA,SP,202501,2023016,0206030037,12.0,1663.56
SIA,SP,202501,2032430,0206010079,19.0,1851.36
SIA,SP,202501,2785382,0206020023,3.0,260.25
SIA,SP,202501,2058537,0211020036,26.0,133.9
SIA,SP,202501,2040611,0206030010,1.0,138.63
SIA,SP,202501,2079836,0206030029,8.0,694.0
SIA,SP,202501,2082594,0208010033,9.0,3447.63
SIA,SP,202501,2079402,0211020036,146.0,751.9
SIA,SP,202501,7044593,0211020036,381.0,1962.15
SIA,SP,202501,2747014,0211020036,79.0,406.85
SIA,SP,202501,2038757,0206020015,1.0,86.75
SIA,SP,202501,2082594,0206010036,4.0,347.04
SIA,SP,202501,2079925,0206020015,1.0,86.75
SIA,SP,202501,2791749,0206010010,1.0,86.76
SIA,SP,202501,2084058,0206020031,19.0,2591.79
SIA,SP,202501,0872253,0211020036,26.0,133.9
SIA,SP,202501,2078139,0206010010,1.0,86.76
SIA,SP,202501,5935857,0206010036,17.0,1474.92
SIA,SP,202501,2082071,0211020036,256.0,1318.4
SIA,SP,202501,6878687,0206010052,19.0,1648.25
SIA,SP,202501,2087804,0206010052,1.0,86.75
SIA,SP,202501,2785315,0211020036,66.0,339.9
SIA,SP,202501,2087804,0211020036,38.0,195.7
SIA,SP,202501,2087804,0206010028,1.0,101.1
SIA,SP,202501,2082594,0206010010,15.0,1301.4
SIA,SP,202501,6451098,0206020023,15.0,1301.25
SIA,SP,202501,4676815,0206020031,4.0,545.64
SIA,SP,202501,5366828,0206030029,8.0,694.0
SIA,SP,202501,2084171,0206010036,5.0,433.8
SIA,SP,202501,2791749,0206010028,8.0,808.8
SIA,SP,202501,2083051,0206020015,4.0,347.0
SIA,SP,202501,2083051,0206020023,2.0,173.5
SIA,SP,202501,2074877,0211020036,29.0,149.35
SIA,SP,202501,2791749,0206030029,3.0,260.25
SIA,SP,202501,4733584,0206030029,1.0,86.75
SIA,SP,202501,4733584,0206030037,1.0,138.63
SIA,SP,202501,2024209,0211020036,24.0,123.6
SIA,SP,202501,2082594,0206030029,6.0,520.5
SIA,SP,202501,3003523,0211020036,203.0,1045.45
SIA,SP,202501,2081059,0206010010,10.0,867.6
SIA,SP,202501,2038382,0211020036,4.0,20.6
SIA,SP,202501,2785382,0206010028,4.0,404.4
SIA,SP,202501,2050188,0211020036,12.0,61.8
SIA,SP,202501,2081059,0206010044,6.0,520.5
SIA,SP,202501,2080095,0206030037,11.0,1524.93
SIA,SP,202501,2080095,0206010036,5.0,433.8
SIA,SP,202501,6800335,0211020036,65.0,334.75
SIA,SP,202501,2081598,0211020036,57.0,293.55
SIA,SP,202501,2082497,0211020036,60.0,309.0
SIA,SP,202501,4049187,0211020036,72.0,370.8
SIA,SP,202501,2082438,0206010052,1.0,86.75
SIA,SP,202501,2831503,0206030029,9.0,780.75
SIA,SP,202501,9200223,0211020036,1039.0,5350.85
SIA,SP,202501,2751763,0211020036,30.0,154.5
SIA,SP,202501,2083140,0206010052,2.0,173.5
SIA,SP,202501,5497744,0211020036,5.0,25.75
SIA,SP,202501,4676815,0206010010,6.0,520.56
SIA,SP,202501,2082438,0206010010,4.0,347.04
SIA,SP,202501,2082438,0206030029,4.0,347.0
SIA,SP,202501,2748436,0211020036,262.0,1349.3
SIA,SP,202501,2079925,0206030029,6.0,520.5
SIA,SP,202501,2073064,0211020036,5.0,25.75
SIA,SP,202501,2084058,0206010028,10.0,1011.0
SIA,SP,202501,3322629,0211020060,26.0,780.0
SIA,SP,202501,2040611,0208010033,1.0,383.07
SIA,SP,202501,4676815,0206010044,2.0,173.5
SIA,SP,202501,2749084,0211020036,14.0,72.1
SIA,SP,202501,2791757,0211020036,2.0,10.3
SIA,SP,202501,2082594,0206020023,3.0,260.25
SIA,SP,202501,2079925,0206010044,10.0,867.5
SIA,SP,202501,2081059,0206010028,5.0,505.5
SIA,SP,202501,2698374,0211020036,12.0,61.8
SIA,SP,202501,2081393,0206030037,9.0,1247.67
SIA,SP,202501,2050757,0211020036,353.0,1817.95
SIA,SP,202501,9631895,0211020036,450.0,2317.5
SIA,SP,202501,2082438,0206010044,2.0,173.5
SIA,SP,202501,2071096,0211020036,78.0,401.7
SIA,SP,202501,6164366,0206010010,17.0,1474.92
SIA,SP,202501,4676815,0206030037,8.0,1109.04
SIA,SP,202501,0295701,0206010036,1.0,86.76
SIA,SP,202501,2070499,0211020060,1.0,30.0
SIA,SP,202501,2080524,0211020036,100.0,515.0
SIA,SP,202501,2082519,0206020031,1.0,136.41
SIA,SP,202501,2791749,0206010044,3.0,260.25
SIA,SP,202501,2050757,0206010052,1.0,86.75
SIA,SP,202501,2042762,0211020036,14.0,72.1
SIA,SP,202501,2793385,0206010036,1.0,86.76
SIA,SP,202501,2082470,0211020036,241.0,1241.15
SIA,SP,202501,2054396,0211020036,19.0,97.85
SIA,SP,202501,2083353,0206010079,1.0,97.44
SIA,SP,202501,2081393,0206020031,1.0,136.41
SIA,SP,202501,2066262,0211020036,75.0,386.25
SIA,SP,202501,2755068,0211020036,150.0,772.5
SIA,SP,202501,2079925,0206010036,10.0,867.6
SIA,SP,202501,9030557,0206010010,9.0,780.84
SIA,SP,202501,6451098,0206010028,7.0,707.7
SIA,SP,202501,4198026,0211020036,7.0,36.05
SIA,SP,202501,2082594,0211020036,436.0,2245.4
SIA,SP,202501,2096161,0211020036,9.0,46.35
SIA,SP,202501,4470540,0211020036,18.0,92.7
SIA,SP,202501,2793385,0206010052,1.0,86.75
SIA,SP,202501,2831503,0206020023,2.0,173.5
SIA,SP,202501,2079836,0206020015,13.0,1127.75
SIA,SP,202501,2051184,0211020036,33.0,169.95
SIA,SP,202501,9556095,0206010036,6.0,520.56
SIA,SP,202501,2078414,0206020015,5.0,433.75
SIA,SP,202501,7209517,0206030029,3.0,260.25
SIA,SP,202501,2084058,0206010036,6.0,520.56
SIA,SP,202501,2080044,0211020036,45.0,231.75
SIA,SP,202501,2083175,0206010010,1.0,86.76
SIA,SP,202501,2028204,0206020015,1.0,86.75
SIA,SP,202501,2081393,0206030010,9.0,1247.67
SIA,SP,202501,2793385,0206030010,2.0,277.26
SIA,SP,202501,9200223,0206010052,1.0,86.75
SIA,SP,202501,2073323,0206030037,11.0,1524.93
SIA,SP,202501,2083140,0206010036,1.0,86.76
SIA,SP,202501,2081393,0206020015,2.0,173.5
SIA,SP,202501,7603274,0211020036,200.0,1030.0
SIA,SP,202501,6611273,0206010052,2.0,173.5
SIA,SP,202501,2023016,0206020031,4.0,545.64
SIA,SP,202501,2023016,0206030029,0.0,0.0
SIA,SP,202501,2080087,0206010052,1.0,86.75
SIA,SP,202501,6568971,0206010052,1.0,86.75
SIA,SP,202501,2097702,0206030037,1.0,138.63
SIA,SP,202501,6164366,0206010036,8.0,694.08
SIA,SP,202501,2079364,0211020036,5.0,25.75
SIA,SP,202501,2032430,0206010044,2.0,173.5
SIA,SP,202501,2699915,0206030010,172.0,23844.36
SIA,SP,202501,3549828,0206010044,10.0,867.5
SIA,SP,202501,2093138,0206030029,1.0,86.75
SIA,SP,202501,2038145,0211020036,377.0,1941.55
SIA,SP,202501,6451098,0206010036,1.0,86.76
SIA,SP,202501,2081784,0211020036,145.0,746.75
SIA,SP,202501,2699915,0206010028,18.0,1819.8
SIA,SP,202501,2831503,0206020015,4.0,347.0
SIA,SP,202501,2097702,0206010010,1.0,86.76
SIA,SP,202501,2090481,0211020036,3.0,15.45
SIA,SP,202501,2084287,0206020031,18.0,5473.08
SIA,SP,202501,6048110,0211020036,270.0,1390.5
SIA,SP,202501,2082438,0206010036,1.0,86.76
SIA,SP,202501,7959222,0211020036,2.0,10.3
SIA,SP,202501,2792141,0206010036,12.0,1041.12
SIA,SP,202501,2093332,0206030010,135.0,18715.05
SIA,SP,202501,3058808,0206030037,116.0,16081.08
SIA,SP,202501,2792168,0206010028,252.0,25477.2
SIA,SP,202501,2792168,0206010079,592.0,57684.48
SIA,SP,202501,2704900,0206010036,39.0,3383.64
SIA,SP,202501,2704900,0206020031,103.0,14050.23
SIA,SP,202501,2704900,0206030037,172.0,23844.36
SIA,SP,202501,2704900,0206010044,25.0,2168.75
SIA,SP,202501,2704900,0208010033,112.0,42903.84
SIA,SP,202501,2792168,0206010036,32.0,2776.32
SIA,SP,202501,2083086,0206020031,1113.0,151824.33
SIA,SP,202501,2080621,0206010079,49.0,4774.56
SIA,SP,202501,2083086,0206030010,1069.0,148195.47
SIA,SP,202501,2094355,0206030010,30.0,4158.9
SIA,SP,202501,2704900,0206030010,163.0,22596.69
SIA,SP,202501,2792168,0206010044,56.0,4858.0
SIA,SP,202501,2093332,0206030037,138.0,19130.94
SIA,SP,202501,6568971,0211020060,89.0,2670.0
SIA,SP,202501,2038773,0211020036,166.0,854.9
SIA,SP,202501,2080869,0211020036,5.0,25.75
SIA,SP,202501,2072467,0211020036,42.0,216.3
SIA,SP,202501,2699915,0206010036,10.0,867.6
SIA,SP,202501,2094355,0206030037,30.0,4158.9
SIA,SP,202501,2073323,0206020015,1.0,86.75
SIA,SP,202501,2079836,0211020036,458.0,2358.7
SIA,SP,202501,2047306,0211020036,497.0,2559.55
SIA,SP,202501,6568971,0211020036,305.0,1570.75
SIA,SP,202501,2748746,0211020036,65.0,334.75
SIA,SP,202501,7209517,0206010052,6.0,520.5
SIA,SP,202501,2084287,0206030037,16.0,5576.64
SIA,SP,202501,2073323,0206030029,2.0,173.5
SIA,SP,202501,2081253,0206010079,185.0,18026.4
SIA,SP,202501,2081253,0206030010,186.0,25785.18
SIA,SP,202501,7209517,0211020036,192.0,988.8
SIA,SP,202501,7209517,0211020060,116.0,3480.0
SIA,SP,202501,7956258,0211020036,48.0,247.2
SIA,SP,202501,6878687,0211020036,304.0,1565.6
SIA,SP,202501,2699915,0206010010,13.0,1127.88
SIA,SP,202501,2083973,0206030010,24.0,3327.12
SIA,SP,202501,7210094,0211020036,332.0,1709.8
SIA,SP,202501,2080931,0206030010,90.0,12476.7
SIA,SP,202501,2087111,0206010028,61.0,6167.1
SIA,SP,202501,2062747,0211020036,23.0,118.45
SIA,SP,202501,2699915,0206030029,12.0,1041.0
SIA,SP,202501,2068893,0211020036,18.0,92.7
SIA,SP,202501,2080192,0211020036,4.0,20.6
SIA,SP,202501,2090457,0211020036,1.0,5.15
SIA,SP,202501,2090333,0211020036,112.0,576.8
SIA,SP,202501,2077647,0206030029,11.0,954.25
SIA,SP,202501,2077647,0206010028,25.0,2527.5
SIA,SP,202501,3605663,0206010079,71.0,6918.24
SIA,SP,202501,2090961,0206010036,1.0,86.76
SIA,SP,202501,2083086,0206010052,144.0,12492.0
SIA,SP,202501,2083086,0208010033,224.0,85807.68
SIA,SP,202501,2083086,0206030037,1024.0,141957.12
SIA,SP,202501,2096498,0206020031,133.0,18142.53
SIA,SP,202501,2785382,0206010052,2.0,173.5
SIA,SP,202501,2096463,0206030037,68.0,9426.84
SIA,SP,202501,2079895,0206010079,101.0,9841.44
SIA,SP,202501,2087111,0206010079,243.0,23677.92
SIA,SP,202501,2087111,0206030037,270.0,37430.1
SIA,SP,202501,2087847,0211020036,122.0,628.3
SIA,SP,202501,2087111,0206020031,67.0,9139.47
SIA,SP,202501,2086115,0211020036,77.0,396.55
SIA,SP,202501,2096498,0206010079,44.0,4287.36
SIA,SP,202501,2090961,0206010079,129.0,12569.76
SIA,SP,202501,2096498,0206010028,29.0,2931.9
SIA,SP,202501,2090961,0211020060,57.0,1710.0
SIA,SP,202501,2093332,0206010010,9.0,780.84
SIA,SP,202501,2792141,0206010079,139.0,13544.16
SIA,SP,202501,3058808,0206020023,7.0,607.25
SIA,SP,202501,2704900,0206010079,132.0,12862.08
SIA,SP,202501,2704900,0206010052,12.0,1041.0
SIA,SP,202501,2792168,0206030010,154.0,21349.02
SIA,SP,202501,2087111,0206030010,270.0,37430.1
SIA,SP,202501,2083973,0206030037,4.0,554.52
SIA,SP,202501,2080842,0211020036,134.0,690.1
SIA,SP,202501,7103271,0211020036,445.0,2291.75
SIA,SP,202501,7209517,0206020015,3.0,260.25
SIA,SP,202501,6878687,0206010060,1.0,97.44
SIA,SP,202501,3058808,0206010060,1.0,97.44
SIA,SP,202501,2090457,0206030010,2.0,277.26
SIA,SP,202501,2704900,0208010025,112.0,45754.24
SIA,SP,202501,2704900,0206010028,32.0,3235.2
SIA,SP,202501,2792168,0206010010,62.0,5379.12
SIA,SP,202501,2083051,0211020036,244.0,1256.6
SIA,SP,202501,2083604,0206020023,1.0,86.75
SIA,SP,202501,2092131,0206020031,2.0,272.82
SIA,SP,202501,5007402,0211020036,310.0,1596.5
SIA,SP,202501,6878687,0211020060,44.0,1320.0
SIA,SP,202501,4733584,0206010079,1.0,97.44
SIA,SP,202501,9232141,0211020036,215.0,1107.25
SIA,SP,202501,9232141,0211020060,46.0,1380.0
SIA,SP,202501,2070499,0206010044,1.0,86.75
SIA,SP,202501,2792141,0206010010,51.0,4424.76
SIA,SP,202501,2093332,0206010028,21.0,2123.1
SIA,SP,202501,2792168,0206030037,168.0,23289.84
SIA,SP,202501,6785018,0211020036,170.0,875.5
SIA,SP,202501,9414657,0211020036,9.0,46.35
SIA,SP,202501,2093332,0206010079,82.0,7990.08
SIA,SP,202501,2080931,0206020031,109.0,14868.69
SIA,SP,202501,2087693,0211020036,311.0,1601.65
SIA,SP,202501,2077647,0206010010,6.0,520.56
SIA,SP,202501,3028399,0211020036,120.0,618.0
SIA,SP,202501,9749160,0211020060,2.0,60.0
SIA,SP,202501,7126484,0211020036,10.0,51.5
SIA,SP,202501,2082632,0206020031,23.0,3137.43
SIA,SP,202501,2081253,0206010044,31.0,2689.25
SIA,SP,202501,2081253,0206020031,76.0,10367.16
SIA,SP,202501,2083086,0206010044,33.0,2862.75
SIA,SP,202501,2082632,0206030037,19.0,2633.97
SIA,SP,202501,2082632,0206030010,20.0,2772.6
SIA,SP,202501,2079895,0206030010,55.0,7624.65
SIA,SP,202501,2083086,0206010079,175.0,17052.0
SIA,SP,202501,9079912,0211020036,26.0,133.9
SIA,SP,202501,7343671,0208010033,13.0,4979.91
SIA,SP,202501,2082853,0206010079,61.0,5943.84
SIA,SP,202501,2083086,0208010025,212.0,86606.24
SIA,SP,202501,2093146,0211020036,26.0,133.9
SIA,SP,202501,5544556,0211020036,50.0,257.5
SIA,SP,202501,5510716,0211020036,10.0,51.5
SIA,SP,202501,8002428,0211020036,537.0,2765.55
SIA,SP,202501,3531023,0211020036,47.0,242.05
SIA,SP,202501,2065525,0211020036,108.0,556.2
SIA,SP,202501,4720784,0211020036,101.0,520.15
SIA,SP,202501,5731968,0211020036,41.0,211.15
SIA,SP,202501,2080931,0206010044,12.0,1041.0
SIA,SP,202501,3549828,0206010028,5.0,505.5
SIA,SP,202501,2081253,0206020023,8.0,694.0
SIA,SP,202501,2081253,0206010036,4.0,347.04
SIA,SP,202501,2080621,0206030029,4.0,347.0
SIA,SP,202501,2038633,0206010010,1.0,86.76
SIA,SP,202501,0064203,0211020036,62.0,319.3
SIA,SP,202501,2078902,0211020036,138.0,710.7
SIA,SP,202501,2082594,0206020015,1.0,86.75
SIA,SP,202501,0775126,0211020036,92.0,473.8
SIA,SP,202501,0775126,0211020060,44.0,1320.0
SIA,SP,202501,2095726,0211020036,70.0,360.5
SIA,SP,202501,2028999,0211020036,60.0,309.0
SIA,SP,202501,2831503,0211020036,173.0,890.95
SIA,SP,202501,2785404,0211020036,39.0,200.85
SIA,SP,202501,2081512,0206030037,54.0,7486.02
SIA,SP,202501,2081253,0206030037,185.0,25646.55
SIA,SP,202501,2096498,0206030010,112.0,15526.56
SIA,SP,202501,2082586,0206010028,11.0,1112.1
SIA,SP,202501,3605663,0206010052,1.0,86.75
SIA,SP,202501,2082853,0206030037,27.0,3743.01
SIA,SP,202501,2080931,0208010025,40.0,16340.8
SIA,SP,202501,2080931,0208010033,37.0,14173.59
SIA,SP,202501,2050722,0211020036,42.0,216.3
SIA,SP,202501,4049489,0211020036,152.0,782.8
SIA,SP,202501,2093316,0211020036,13.0,66.95
SIA,SP,202501,2079895,0206010044,14.0,1214.5
SIA,SP,202501,2080095,0206020031,7.0,954.87
SIA,SP,202501,2028239,0211020036,124.0,638.6
SIA,SP,202501,2094355,0206020031,30.0,4092.3
SIA,SP,202501,2073323,0206010010,3.0,260.28
SIA,SP,202501,4875249,0211020036,110.0,566.5
SIA,SP,202501,2699915,0206010044,16.0,1388.0
SIA,SP,202501,2081830,0211020036,15.0,77.25
SIA,SP,202501,6754775,0211020036,385.0,1982.75
SIA,SP,202501,2746557,0211020036,1.0,5.15
SIA,SP,202501,2097702,0211020060,38.0,1140.0
SIA,SP,202501,2032430,0208010033,1.0,383.07
SIA,SP,202501,2090171,0211020036,181.0,932.15
SIA,SP,202501,6012566,0211020036,82.0,422.3
SIA,SP,202501,2785382,0206010036,2.0,173.52
SIA,SP,202501,6164366,0206020023,4.0,347.0
SIA,SP,202501,2746867,0211020036,87.0,448.05
SIA,SP,202501,2093502,0211020036,206.0,1060.9
SIA,SP,202501,2080966,0211020036,43.0,221.45
SIA,SP,202501,7409354,0211020036,237.0,1220.55
SIA,SP,202501,2082594,0211020060,14.0,420.0
SIA,SP,202501,2032430,0211020036,74.0,381.1
SIA,SP,202501,4687019,0211020036,12.0,61.8
SIA,SP,202501,2096463,0206010010,13.0,1127.88
SIA,SP,202501,2082853,0206010044,18.0,1561.5
SIA,SP,202501,2082845,0206020023,2.0,173.5
SIA,SP,202501,2745798,0211020036,125.0,643.75
SIA,SP,202501,2089548,0211020036,161.0,829.15
SIA,SP,202501,9680500,0206030029,2.0,173.5
SIA,SP,202501,9680500,0206010060,3.0,292.32
SIA,SP,202501,2096498,0206030037,39.0,5406.57
SIA,SP,202501,2096498,0206030029,16.0,1388.0
SIA,SP,202501,2751038,0206010079,34.0,3312.96
SIA,SP,202501,2748568,0211020036,261.0,1344.15
SIA,SP,202501,2082721,0206010052,2.0,173.5
SIA,SP,202501,2084058,0211020036,41.0,211.15
SIA,SP,202501,2080931,0206010079,167.0,16272.48
SIA,SP,202501,2083922,0211020036,13.0,66.95
SIA,SP,202501,2077817,0211020036,19.0,97.85
SIA,SP,202501,2699915,0206010052,5.0,433.75
SIA,SP,202501,2751046,0211020036,268.0,1380.2
SIA,SP,202501,2093138,0206030010,2.0,277.26
SIA,SP,202501,2038048,0211020036,52.0,267.8
SIA,SP,202501,2746174,0211020036,18.0,92.7
SIA,SP,202501,2083140,0206020015,1.0,86.75
SIA,SP,202501,4047478,0211020036,80.0,412.0
SIA,SP,202501,2079135,0211020036,1.0,5.15
SIA,SP,202501,2081512,0206030010,41.0,5683.83
SIA,SP,202501,2081253,0206030029,19.0,1648.25
SIA,SP,202501,7548982,0205010016,3.0,495.0
SIA,SP,202501,2032430,0208010025,1.0,408.52
SIA,SP,202501,2081261,0211020036,41.0,211.15
SIA,SP,202501,2081350,0211020036,136.0,700.4
SIA,SP,202501,2081296,0211020036,152.0,782.8
SIA,SP,202501,7636334,0211020060,45.0,1350.0
SIA,SP,202501,2069849,0211020036,26.0,133.9
SIA,SP,202501,2716577,0211020036,40.0,206.0
SIA,SP,202501,3936082,0211020036,546.0,2811.9
SIA,SP,202501,2038315,0211020036,193.0,993.95
SIA,SP,202501,2073323,0206010036,1.0,86.76
SIA,SP,202501,2073323,0211020036,267.0,1375.05
SIA,SP,202501,6479146,0211020036,162.0,834.3
SIA,SP,202501,7066376,0211020036,253.0,1302.95
SIA,SP,202501,6479146,0211020060,44.0,1320.0
SIA,SP,202501,2097702,0206010052,2.0,173.5
SIA,SP,202501,2751704,0206010052,1.0,86.75
SIA,SP,202501,3549828,0206010052,1.0,86.75
SIA,SP,202501,2095912,0206030029,1.0,86.75
SIA,SP,202501,2078104,0211020036,396.0,2039.4
SIA,SP,202501,2079976,0211020036,104.0,535.6
SIA,SP,202501,2095904,0211020036,67.0,345.05
SIA,SP,202501,2046512,0211020036,40.0,206.0
SIA,SP,202501,2083140,0211020036,114.0,587.1
SIA,SP,202501,2092131,0206030037,3.0,415.89
SIA,SP,202501,6997600,0211020036,323.0,1663.45
SIA,SP,202501,2081083,0211020060,9.0,270.0
SIA,SP,202501,9580743,0211020036,266.0,1369.9
SIA,SP,202501,9580743,0211020060,73.0,2190.0
SIA,SP,202501,2091275,0211020036,18.0,92.7
SIA,SP,202501,3003558,0211020036,26.0,133.9
SIA,SP,202501,5675820,0211020036,1.0,5.15
SIA,SP,202501,7484186,0211020036,41.0,211.15
SIA,SP,202501,2074095,0211020036,2.0,10.3
SIA,SP,202501,2078309,0211020036,159.0,818.85
SIA,SP,202501,2087103,0211020036,270.0,1390.5
SIA,SP,202501,2081083,0205010016,4.0,660.0
SIA,SP,202501,2774720,0211020036,22.0,113.3
SIA,SP,202501,2774720,0211020060,1.0,30.0
SIA,SP,202501,4337581,0211020036,28.0,144.2
SIA,SP,202501,2083140,0206030029,1.0,86.75
SIA,SP,202501,2747413,0211020036,65.0,334.75
SIA,SP,202501,6212573,0211020036,280.0,1442.0
SIA,SP,202501,2081873,0211020036,128.0,659.2
SIA,SP,202501,2028115,0211020036,10.0,51.5
SIA,SP,202501,6451098,0206010010,2.0,173.52
SIA,SP,202501,2075121,0211020036,35.0,180.25
SIA,SP,202501,7546696,0211020036,135.0,695.25
SIA,SP,202501,2082845,0211020036,55.0,283.25
SIA,SP,202501,0107565,0211020036,16.0,82.4
SIA,SP,202501,2035154,0211020036,69.0,355.35
SIA,SP,202501,2023709,0211020036,187.0,963.05
SIA,SP,202501,3139050,0211020036,1052.0,5417.8
SIA,SP,202501,2023016,0211020036,21.0,108.15
SIA,SP,202501,7892675,0211020036,200.0,1030.0
SIA,SP,202501,2076918,0211020060,5.0,150.0
SIA,SP,202501,2079895,0206010028,18.0,1819.8
SIA,SP,202501,2079895,0206020031,23.0,3137.43
SIA,SP,202501,7681526,0211020036,6.0,30.9
SIA,SP,202501,2785188,0211020036,472.0,2430.8
SIA,SP,202501,2081555,0206010036,3.0,260.28
SIA,SP,202501,3774554,0211020036,684.0,3522.6
SIA,SP,202501,2058405,0211020036,14.0,72.1
SIA,SP,202501,2032430,0206030037,1.0,138.63
SIA,SP,202501,2747472,0211020036,6.0,30.9
SIA,SP,202501,2751704,0206030029,2.0,173.5
SIA,SP,202501,2745798,0206010052,1.0,86.75
SIA,SP,202501,2748509,0211020036,3.0,15.45
SIA,SP,202501,2045095,0211020036,8.0,41.2
SIA,SP,202501,6858538,0211020036,24.0,123.6
SIA,SP,202501,2024438,0211020036,8.0,41.2
SIA,SP,202501,2032430,0206010010,2.0,173.52
SIA,SP,202501,2062844,0211020036,8.0,41.2
SIA,SP,202501,2790092,0211020036,81.0,417.15
SIA,SP,202501,0256293,0211020036,846.0,4356.9
SIA,SP,202501,2066742,0206010052,2.0,173.5
SIA,SP,202501,2054760,0211020036,10.0,51.5
SIA,SP,202501,2751704,0211020036,202.0,1040.3
SIA,SP,202501,2745798,0206010028,3.0,303.3
SIA,SP,202501,2745798,0206010044,1.0,86.75
SIA,SP,202501,2801051,0211020036,426.0,2193.9
SIA,SP,202501,7806116,0211020036,354.0,1823.1
SIA,SP,202501,3201406,0211020036,273.0,1405.95
SIA,SP,202501,4604997,0211020036,59.0,303.85
SIA,SP,202501,5378400,0211020036,30.0,154.5
SIA,SP,202501,4676815,0206010036,1.0,86.76
SIA,SP,202501,2081083,0211020036,363.0,1869.45
SIA,SP,202501,2081768,0211020036,148.0,762.2
SIA,SP,202501,2751704,0206020015,2.0,173.5
SIA,SP,202501,2748495,0211020036,10.0,51.5
SIA,SP,202501,2705249,0211020036,27.0,139.05
SIA,SP,202501,5246849,0211020036,7.0,36.05
SIA,SP,202501,2080915,0211020036,52.0,267.8
SIA,SP,202501,6603378,0211020036,42.0,216.3
SIA,SP,202501,2047462,0211020036,200.0,1030.0
SIA,SP,202501,2089548,0206010028,2.0,202.2
SIA,SP,202501,2082888,0211020036,15.0,77.25
SIA,SP,202501,2064030,0211020036,106.0,545.9
SIA,SP,202501,2042509,0211020060,20.0,600.0
SIA,SP,202501,2083027,0211020036,80.0,412.0
SIA,SP,202501,2058340,0211020036,122.0,628.3
SIA,SP,202501,6008658,0211020036,6.0,30.9
SIA,SP,202501,3003523,0206010044,3.0,600.0
SIA,SP,202501,2080095,0211020036,273.0,1405.95
SIA,SP,202501,2081059,0206010036,3.0,260.28
SIA,SP,202501,2030837,0211020036,6.0,30.9
SIA,SP,202501,0136328,0211020036,137.0,705.55
SIA,SP,202501,2024136,0211020036,22.0,113.3
SIA,SP,202501,2042509,0211020036,112.0,576.8
SIA,SP,202501,2080664,0211020036,164.0,844.6
SIA,SP,202501,2080095,0206030029,1.0,86.75
SIA,SP,202501,3774554,0211020060,26.0,780.0
SIA,SP,202501,2791684,0211020036,114.0,587.1
SIA,SP,202501,2087103,0206010044,1.0,86.75
SIA,SP,202501,2080508,0211020036,107.0,551.05
SIA,SP,202501,2082845,0206020015,4.0,347.0
SIA,SP,202501,9156844,0211020036,259.0,1333.85
SIA,SP,202501,2024217,0211020036,26.0,133.9
SIA,SP,202501,4048873,0211020036,50.0,257.5
SIA,SP,202501,2950545,0211020036,10.0,51.5
SIA,SP,202501,2791749,0206020015,1.0,86.75
SIA,SP,202501,2039605,0211020036,29.0,149.35
SIA,SP,202501,2079925,0211020036,13.0,66.95
SIA,SP,202501,6829821,0211020036,19.0,97.85
SIA,SP,202501,6792456,0211020036,122.0,628.3
SIA,SP,202501,2077159,0206010010,1.0,86.76
SIA,SP,202501,2024438,0206020015,2.0,173.5
SIA,SP,202501,2082721,0211020036,445.0,2291.75
SIA,SP,202501,7428707,0211020036,361.0,1859.15
SIA,SP,202501,2699915,0206020015,2.0,173.5
SIA,SP,202501,7711077,0211020036,539.0,2775.85
SIA,SP,202501,2792141,0206030037,80.0,11090.4
SIA,SP,202501,2792141,0206030010,80.0,11090.4
SIA,SP,202501,2792168,0206020015,37.0,3209.75
SIA,SP,202501,3058808,0206010079,102.0,9938.88
SIA,SP,202501,9329471,0211020036,551.0,2837.65
SIA,SP,202501,3058808,0206020031,73.0,9957.93
SIA,SP,202501,2792168,0206020031,102.0,13913.82
SIA,SP,202501,2084430,0211020036,206.0,1060.9
SIA,SP,202501,2091151,0211020036,17.0,87.55
SIA,SP,202501,2080362,0211020036,41.0,211.15
SIA,SP,202501,2093227,0211020036,71.0,365.65
SIA,SP,202501,2700212,0211020036,18.0,92.7
SIA,SP,202501,2097737,0211020036,48.0,247.2
SIA,SP,202501,3823687,0211020036,41.0,211.15
SIA,SP,202501,4460677,0211020036,248.0,1277.2
SIA,SP,202501,2078511,0206020015,1.0,86.75
SIA,SP,202501,2791749,0211020036,295.0,1519.25
SIA,SP,202501,7560435,0206010060,1.0,97.44
SIA,SP,202501,2077647,0206030037,24.0,3327.12
SIA,SP,202501,2077647,0206010079,68.0,6625.92
SIA,SP,202501,2831503,0206010052,3.0,260.25
SIA,SP,202501,2079682,0211020036,28.0,144.2
SIA,SP,202501,2079348,0211020036,131.0,674.65
SIA,SP,202501,2080737,0211020036,105.0,540.75
SIA,SP,202501,2082721,0206020015,2.0,173.5
SIA,SP,202501,2065177,0211020036,33.0,169.95
SIA,SP,202501,2079135,0211020060,51.0,5269.83
SIA,SP,202501,2038862,0211020036,2.0,10.3
SIA,SP,202501,0473405,0211020036,30.0,154.5
SIA,SP,202501,2081059,0211020036,251.0,1292.65
SIA,SP,202501,2023016,0206010010,4.0,347.04
SIA,SP,202501,2081059,0206010087,1.0,138.63
SIA,SP,202501,0040010,0211020036,212.0,1091.8
SIA,SP,202501,2074826,0211020036,49.0,252.35
SIA,SP,202501,2084422,0206010036,1.0,86.76
SIA,SP,202501,7560435,0211020036,535.0,2755.25
SIA,SP,202501,6657354,0211020036,6.0,30.9
SIA,SP,202501,2079135,0206020015,1.0,172.0
SIA,SP,202501,2083981,0206010052,25.0,2168.75
SIA,SP,202501,2083981,0206010044,62.0,5378.5
SIA,SP,202501,2083981,0206010079,206.0,20072.64
SIA,SP,202501,2087715,0206010079,244.0,23775.36
SIA,SP,202501,6628842,0206010079,15.0,1461.6
SIA,SP,202501,2790165,0206020031,4.0,545.64
SIA,SP,202501,2083981,0206030037,65.0,9010.95
SIA,SP,202501,2023474,0211020036,60.0,309.0
SIA,SP,202501,2053446,0206030010,67.0,9288.21
SIA,SP,202501,3003531,0211020036,28.0,144.2
SIA,SP,202501,2078562,0206030029,39.0,3383.25
SIA,SP,202501,2088487,0206020031,16.0,2182.56
SIA,SP,202501,2096005,0206020031,8.0,1091.28
SIA,SP,202501,2078562,0206030010,149.0,20655.87
SIA,SP,202501,2078562,0206030037,154.0,21349.02
SIA,SP,202501,2079917,0206010079,23.0,2241.12
SIA,SP,202501,0115509,0206030037,73.0,10119.99
SIA,SP,202501,0115509,0206010079,75.0,7308.0
SIA,SP,202501,0115509,0206010036,6.0,520.56
SIA,SP,202501,2758245,0206020031,33.0,4501.53
SIA,SP,202501,2758245,0206030010,30.0,4158.9
SIA,SP,202501,2079917,0206010028,2.0,202.2
SIA,SP,202501,2083981,0206020031,55.0,7502.55
SIA,SP,202501,2083981,0206010060,8.0,779.52
SIA,SP,202501,2074117,0206030010,48.0,6654.24
SIA,SP,202501,2087715,0206010028,34.0,3437.4
SIA,SP,202501,6628842,0206030037,11.0,1524.93
SIA,SP,202501,2088487,0206030037,68.0,9426.84
SIA,SP,202501,2087715,0206010044,34.0,2949.5
SIA,SP,202501,2078074,0206010028,2.0,202.2
SIA,SP,202501,2078074,0206030010,30.0,4158.9
SIA,SP,202501,2079860,0206010044,90.0,7807.5
SIA,SP,202501,2078562,0206020031,159.0,21689.19
SIA,SP,202501,2750333,0211020036,33.0,169.95
SIA,SP,202501,2079860,0206010036,16.0,1388.16
SIA,SP,202501,2030314,0206010079,64.0,6236.16
SIA,SP,202501,9408738,0206010079,419.0,40827.36
SIA,SP,202501,6150020,0206020031,23.0,3137.43
SIA,SP,202501,9408738,0206010010,16.0,1388.16
SIA,SP,202501,6600344,0211020036,382.0,1967.3
SIA,SP,202501,6335497,0206020031,29.0,3955.89
SIA,SP,202501,2080079,0206020031,34.0,4637.94
SIA,SP,202501,2080079,0206030037,43.0,5961.09
SIA,SP,202501,2080079,0206010044,30.0,2602.5
SIA,SP,202501,2078562,0206010036,62.0,5379.12
SIA,SP,202501,2790610,0206030010,142.0,19685.46
SIA,SP,202501,2790610,0206010079,163.0,15882.72
SIA,SP,202501,2093324,0206020031,107.0,14595.87
SIA,SP,202501,2093324,0206010079,145.0,14128.8
SIA,SP,202501,2079232,0206030010,135.0,18715.05
SIA,SP,202501,2024829,0211020036,221.0,1138.15
SIA,SP,202501,2791668,0211020036,49.0,252.35
SIA,SP,202501,2078848,0206030037,126.0,17467.38
SIA,SP,202501,2078562,0206010010,106.0,9196.56
SIA,SP,202501,2747723,0211020036,14.0,72.1
SIA,SP,202501,2758245,0206010028,18.0,1819.8
SIA,SP,202501,2078848,0206020031,74.0,10094.34
SIA,SP,202501,2758245,0206010036,3.0,260.28
SIA,SP,202501,0115509,0206020031,38.0,5183.58
SIA,SP,202501,2079232,0206030037,139.0,19269.57
SIA,SP,202501,2093324,0206010028,23.0,2325.3
SIA,SP,202501,2758245,0206010044,7.0,607.25
SIA,SP,202501,7560435,0211020060,152.0,4560.0
SIA,SP,202501,5586348,0206010079,31.0,3020.64
SIA,SP,202501,6150020,0206030037,26.0,3604.38
SIA,SP,202501,2067234,0211020036,371.0,1910.65
SIA,SP,202501,2088487,0206030010,67.0,9288.21
SIA,SP,202501,2078074,0206030037,31.0,4297.53
SIA,SP,202501,2790610,0206010028,47.0,4751.7
SIA,SP,202501,2790610,0206020023,3.0,260.25
SIA,SP,202501,6818196,0211020060,165.0,4950.0
SIA,SP,202501,9408738,0206010052,5.0,433.75
SIA,SP,202501,2078848,0206030010,119.0,16496.97
SIA,SP,202501,7927037,0211020036,43.0,221.45
SIA,SP,202501,2078848,0206010079,99.0,9646.56
SIA,SP,202501,2078848,0206020023,7.0,607.25
SIA,SP,202501,5586348,0206030029,5.0,433.75
SIA,SP,202501,5586348,0206030037,25.0,3465.75
SIA,SP,202501,2790610,0206010044,18.0,1561.5
SIA,SP,202501,2093324,0206010010,21.0,1821.96
SIA,SP,202501,2791951,0211020036,27.0,139.05
SIA,SP,202501,2093324,0206010044,14.0,1214.5
SIA,SP,202501,3139050,0206020023,2.0,173.5
SIA,SP,202501,2079232,0206020031,43.0,5865.63
SIA,SP,202501,2079232,0206010028,16.0,1617.6
SIA,SP,202501,2079232,0206010036,5.0,433.8
SIA,SP,202501,2030314,0206010044,11.0,954.25
SIA,SP,202501,6335497,0206010079,31.0,3020.64
SIA,SP,202501,2088487,0206010044,7.0,607.25
SIA,SP,202501,2087715,0206010052,11.0,954.25
SIA,SP,202501,2082853,0211020036,1.0,5.15
SIA,SP,202501,2083981,0206020023,5.0,433.75
SIA,SP,202501,2083981,0206020015,3.0,260.25
SIA,SP,202501,2087715,0206010010,33.0,2863.08
SIA,SP,202501,2074117,0206030037,47.0,6515.61
SIA,SP,202501,2074117,0206010079,85.0,8282.4
SIA,SP,202501,2790165,0206010028,3.0,303.3
SIA,SP,202501,2096005,0206010079,15.0,1461.6
SIA,SP,202501,2053446,0206030029,13.0,1127.75
SIA,SP,202501,2791676,0211020036,233.0,1199.95
SIA,SP,202501,2078562,0206010044,28.0,2429.0
SIA,SP,202501,4832027,0206030010,6.0,831.78
SIA,SP,202501,2079917,0206030037,35.0,4852.05
SIA,SP,202501,0115509,0206010010,8.0,694.08
SIA,SP,202501,2083981,0206010010,44.0,3817.44
SIA,SP,202501,2079860,0206030029,48.0,4164.0
SIA,SP,202501,2083876,0211020036,351.0,1807.65
SIA,SP,202501,2790165,0211020060,7.0,210.0
SIA,SP,202501,2087715,0206020015,9.0,780.75
SIA,SP,202501,2096617,0211020036,184.0,947.6
SIA,SP,202501,2044005,0211020036,37.0,190.55
SIA,SP,202501,6335497,0206030029,2.0,173.5
SIA,SP,202501,6335497,0206010010,11.0,954.36
SIA,SP,202501,6335497,0206030010,16.0,2218.08
SIA,SP,202501,2078848,0206010028,10.0,1011.0
SIA,SP,202501,2083086,0206010095,106.0,223365.32
SIA,SP,202501,2079232,0206010010,15.0,1301.4
SIA,SP,202501,2079917,0206010044,6.0,520.5
SIA,SP,202501,2030314,0206010010,18.0,1561.68
SIA,SP,202501,6607179,0211020060,90.0,2700.0
SIA,SP,202501,2078295,0206020015,8.0,694.0
SIA,SP,202501,2079860,0206020023,13.0,1127.75
SIA,SP,202501,2078295,0206030037,15.0,2079.45
SIA,SP,202501,2785439,0211020036,65.0,334.75
SIA,SP,202501,5593751,0211020036,21.0,108.15
SIA,SP,202501,2078848,0211020036,211.0,1086.65
SIA,SP,202501,4832027,0206010079,10.0,974.4
SIA,SP,202501,7303785,0211020060,18.0,540.0
SIA,SP,202501,6335497,0206010028,45.0,4549.5
SIA,SP,202501,7927037,0211020060,16.0,480.0
SIA,SP,202501,2085593,0211020036,42.0,216.3
SIA,SP,202501,2030314,0206020031,32.0,4365.12
SIA,SP,202501,5586348,0206020031,58.0,7911.78
SIA,SP,202501,9408738,0206010028,17.0,1718.7
SIA,SP,202501,2758245,0206030029,2.0,173.5
SIA,SP,202501,2053446,0206020015,1.0,86.75
SIA,SP,202501,2078562,0206020015,8.0,694.0
SIA,SP,202501,2704900,0211020010,38.0,27741.52
SIA,SP,202501,2074117,0206010028,4.0,404.4
SIA,SP,202501,5435072,0211020036,305.0,1570.75
SIA,SP,202501,9408738,0206020015,1.0,86.75
SIA,SP,202501,9408738,0206010044,41.0,3556.75
SIA,SP,202501,2079828,0211020010,69.0,50372.76
SIA,SP,202501,7631103,0211020036,65.0,334.75
SIA,SP,202501,2081253,0211020010,58.0,42342.32
SIA,SP,202501,2087219,0211020036,329.0,1694.35
SIA,SP,202501,6335497,0206030037,23.0,3188.49
SIA,SP,202501,2758245,0206010010,3.0,260.28
SIA,SP,202501,2096366,0211020036,11.0,56.65
SIA,SP,202501,6628842,0206020031,3.0,409.23
SIA,SP,202501,2079860,0206020015,19.0,1648.25
SIA,SP,202501,9339566,0211020036,311.0,1601.65
SIA,SP,202501,2078074,0206010079,52.0,5066.88
SIA,SP,202501,2024438,0206020023,1.0,86.75
SIA,SP,202501,2080079,0206030029,6.0,520.5
SIA,SP,202501,5586348,0206030010,30.0,4158.9
SIA,SP,202501,6150020,0206030010,24.0,3327.12
SIA,SP,202501,0115509,0206020015,7.0,607.25
SIA,SP,202501,2096005,0206030029,3.0,260.25
SIA,SP,202501,2079437,0211020036,49.0,252.35
SIA,SP,202501,2080079,0206010052,4.0,347.0
SIA,SP,202501,9314687,0211020036,77.0,396.55
SIA,SP,202501,9314687,0211020060,50.0,1500.0
SIA,SP,202501,2080079,0206010036,7.0,607.32
SIA,SP,202501,4049020,0211020010,57.0,41612.28
SIA,SP,202501,2750392,0211020036,10.0,51.5
SIA,SP,202501,2790610,0206010010,16.0,1388.16
SIA,SP,202501,2096005,0206010010,2.0,173.52
SIA,SP,202501,2751135,0211020036,3.0,15.45
SIA,SP,202501,4832027,0206010044,1.0,86.75
SIA,SP,202501,0115509,0206010044,3.0,260.25
SIA,SP,202501,2084074,0211020036,88.0,453.2
SIA,SP,202501,2076918,0206010079,1.0,97.44
SIA,SP,202501,2745798,0206030029,1.0,86.75
SIA,SP,202501,3322629,0211020036,947.0,4877.05
SIA,SP,202501,2079860,0206010052,25.0,2168.75
SIA,SP,202501,4048830,0211020036,220.0,1133.0
SIA,SP,202501,9408738,0206010036,12.0,1041.12
SIA,SP,202501,4832027,0206030037,7.0,970.41
SIA,SP,202501,2078848,0206010036,6.0,520.56
SIA,SP,202501,2078295,0206010052,3.0,260.25
SIA,SP,202501,2073196,0211020036,1.0,5.15
SIA,SP,202501,5586348,0206020023,2.0,173.5
SIA,SP,202501,3182231,0211020036,29.0,149.35
SIA,SP,202501,2080281,0211020036,32.0,164.8
SIA,SP,202501,2078422,0211020036,266.0,1369.9
SIA,SP,202501,0115509,0206030029,12.0,1041.0
SIA,SP,202501,9983716,0211020036,8.0,41.2
SIA,SP,202501,2080079,0206010010,17.0,1474.92
SIA,SP,202501,6526772,0211020036,190.0,978.5
SIA,SP,202501,4832027,0206010028,1.0,101.1
SIA,SP,202501,2078848,0206010044,6.0,520.5
SIA,SP,202501,2059886,0211020036,10.0,51.5
SIA,SP,202501,2096005,0206030010,1.0,138.63
SIA,SP,202501,2087715,0206010060,1.0,97.44
SIA,SP,202501,2087715,0206010036,15.0,1301.4
SIA,SP,202501,7947984,0211020036,445.0,2291.75
SIA,SP,202501,2790165,0206030010,5.0,693.15
SIA,SP,202501,2790165,0206030037,3.0,415.89
SIA,SP,202501,2066742,0206010028,1.0,101.1
SIA,SP,202501,5586348,0206010028,4.0,404.4
SIA,SP,202501,9134859,0211020036,22.0,113.3
SIA,SP,202501,2060078,0211020036,11.0,56.65
SIA,SP,202501,9389822,0211020036,440.0,2266.0
SIA,SP,202501,2078295,0206010010,28.0,2429.28
SIA,SP,202501,2053446,0206010010,3.0,260.28
SIA,SP,202501,7156324,0211020036,2.0,10.3
SIA,SP,202501,0115509,0206010028,10.0,1011.0
SIA,SP,202501,2054248,0211020036,75.0,386.25
SIA,SP,202501,6335497,0206010044,6.0,520.5
SIA,SP,202501,2888491,0211020036,168.0,865.2
SIA,SP,202501,2079917,0206020031,2.0,272.82
SIA,SP,202501,2053446,0206010044,5.0,433.75
SIA,SP,202501,2080079,0206010028,14.0,1415.4
SIA,SP,202501,2747871,0211020036,731.0,3764.65
SIA,SP,202501,5119774,0211020036,53.0,272.95
SIA,SP,202501,2091186,0211020036,15.0,77.25
SIA,SP,202501,2090961,0211020010,47.0,34311.88
SIA,SP,202501,3460983,0211020036,13.0,66.95
SIA,SP,202501,9408738,0206020023,2.0,173.5
SIA,SP,202501,2093324,0206030029,3.0,260.25
SIA,SP,202501,2082756,0211020036,55.0,283.25
SIA,SP,202501,3000699,0211020036,23.0,118.45
SIA,SP,202501,2076454,0211020036,501.0,2580.15
SIA,SP,202501,7974787,0211020036,32.0,164.8
SIA,SP,202501,2089548,0206010044,1.0,86.75
SIA,SP,202501,2079232,0206010052,4.0,347.0
SIA,SP,202501,2791099,0211020036,64.0,329.6
SIA,SP,202501,2078848,0206020015,2.0,173.5
SIA,SP,202501,6335497,0206010036,2.0,173.52
SIA,SP,202501,2080028,0206030029,1.0,86.75
SIA,SP,202501,2079828,0206010060,1.0,97.44
SIA,SP,202501,6873170,0211020036,5.0,25.75
SIA,SP,202501,2078112,0211020036,33.0,169.95
SIA,SP,202501,7094132,0211020036,417.0,2147.55
SIA,SP,202501,7024789,0211020036,72.0,370.8
SIA,SP,202501,2078295,0206010044,2.0,173.5
SIA,SP,202501,6628842,0206030010,7.0,970.41
SIA,SP,202501,2074117,0206010010,5.0,433.8
SIA,SP,202501,7073194,0211020036,198.0,1019.7
SIA,SP,202501,2088487,0206010028,6.0,606.6
SIA,SP,202501,2078848,0206010010,11.0,954.36
SIA,SP,202501,2082551,0211020036,22.0,113.3
SIA,SP,202501,2754878,0211020036,2.0,10.3
SIA,SP,202501,7320175,0211020036,196.0,1009.4
SIA,SP,202501,2751623,0211020036,271.0,1395.65
SIA,SP,202501,2093596,0211020036,1.0,5.15
SIA,SP,202501,9279806,0211020036,244.0,1256.6
SIA,SP,202501,2096463,0206010079,96.0,9354.24
SIA,SP,202501,2096463,0206030010,58.0,8040.54
SIA,SP,202501,2096463,0206010028,22.0,2224.2
SIA,SP,202501,2083086,0206020023,16.0,1388.0
SIA,SP,202501,2078074,0206020023,1.0,86.75
SIA,SP,202501,2748363,0211020036,411.0,2116.65
SIA,SP,202501,2029480,0206010010,1.0,86.76
SIA,SP,202501,2082632,0211020036,266.0,1369.9
SIA,SP,202501,2092573,0211020036,14.0,72.1
SIA,SP,202501,2074117,0211020036,538.0,2770.7
SIA,SP,202501,2095955,0211020036,157.0,808.55
SIA,SP,202501,2081253,0206010052,10.0,867.5
SIA,SP,202501,2043556,0211020036,27.0,139.05
SIA,SP,202501,2792141,0206010028,19.0,1920.9
SIA,SP,202501,2792168,0206010052,7.0,607.25
SIA,SP,202501,3058808,0206030010,113.0,15665.19
SIA,SP,202501,3058808,0206010044,13.0,1127.75
SIA,SP,202501,2082586,0211020036,182.0,937.3
SIA,SP,202501,2081512,0206020031,59.0,8048.19
SIA,SP,202501,2079917,0206010010,4.0,347.04
SIA,SP,202501,2081512,0206020015,12.0,1041.0
SIA,SP,202501,2081512,0206010079,21.0,2046.24
SIA,SP,202501,2081512,0211020036,99.0,509.85
SIA,SP,202501,2790610,0206010036,7.0,607.32
SIA,SP,202501,2081253,0206010010,19.0,1648.44
SIA,SP,202501,2096463,0206010036,12.0,1041.12
SIA,SP,202501,2749076,0211020036,27.0,139.05
SIA,SP,202501,9898484,0211020036,30.0,154.5
SIA,SP,202501,2090961,0206010010,17.0,1474.92
SIA,SP,202501,2745801,0206010079,33.0,3215.52
SIA,SP,202501,2079895,0206030037,58.0,8040.54
SIA,SP,202501,4832027,0211020036,66.0,339.9
SIA,SP,202501,2078848,0206010052,3.0,260.25
SIA,SP,202501,2080621,0211020036,165.0,849.75
SIA,SP,202501,2091143,0211020036,16.0,82.4
SIA,SP,202501,2096463,0206030029,5.0,433.75
SIA,SP,202501,2096498,0206010044,11.0,954.25
SIA,SP,202501,2096498,0206010052,8.0,694.0
SIA,SP,202501,7964056,0211020036,50.0,257.5
SIA,SP,202501,2096463,0211020036,20.0,103.0
SIA,SP,202501,2082853,0206010028,21.0,2123.1
SIA,SP,202501,2751038,0206030010,16.0,2218.08
SIA,SP,202501,7343671,0208010025,13.0,5310.76
SIA,SP,202501,2747405,0211020036,14.0,72.1
SIA,SP,202501,2790076,0211020036,62.0,319.3
SIA,SP,202501,2079232,0206020015,1.0,86.75
SIA,SP,202501,2082853,0206020031,22.0,3001.02
SIA,SP,202501,2082853,0206030010,28.0,3881.64
SIA,SP,202501,2083086,0211020036,881.0,4537.15
SIA,SP,202501,2096463,0206020031,26.0,3546.66
SIA,SP,202501,2079895,0206010052,1.0,86.75
SIA,SP,202501,2079895,0206010010,10.0,867.6
SIA,SP,202501,7640307,0211020036,751.0,3867.65
SIA,SP,202501,2024756,0211020036,528.0,2719.2
SIA,SP,202501,9422471,0211020036,21.0,108.15
SIA,SP,202501,2063107,0211020036,19.0,97.85
SIA,SP,202501,9227784,0211020036,3.0,15.45
SIA,SP,202501,4665570,0211020036,7.0,36.05
SIA,SP,202501,2024284,0211020036,33.0,169.95
SIA,SP,202501,2716291,0211020036,84.0,432.6
SIA,SP,202501,2745801,0206030010,14.0,1940.82
SIA,SP,202501,2088487,0206010010,5.0,433.8
SIA,SP,202501,2077434,0211020036,302.0,1555.3
SIA,SP,202501,3605663,0206030010,24.0,3327.12
SIA,SP,202501,2081253,0206020015,4.0,347.0
SIA,SP,202501,2082586,0206030010,1.0,138.63
SIA,SP,202501,2096005,0206010044,2.0,173.5
SIA,SP,202501,2747685,0211020036,100.0,515.0
SIA,SP,202501,2082632,0206010079,26.0,2533.44
SIA,SP,202501,2082632,0206020023,2.0,173.5
SIA,SP,202501,2093324,0206010052,3.0,260.25
SIA,SP,202501,2079097,0211020036,198.0,1019.7
SIA,SP,202501,2082586,0206030037,2.0,277.26
SIA,SP,202501,2082586,0206010079,2.0,194.88
SIA,SP,202501,2082586,0206030029,3.0,260.25
SIA,SP,202501,2036150,0211020036,20.0,103.0
SIA,SP,202501,2082632,0206010036,3.0,260.28
SIA,SP,202501,2085100,0211020036,1.0,5.15
SIA,SP,202501,2078562,0206010052,5.0,433.75
SIA,SP,202501,2094355,0206010028,8.0,808.8
SIA,SP,202501,2751623,0206030037,6.0,831.78
SIA,SP,202501,2093332,0206020031,67.0,9139.47
SIA,SP,202501,2748738,0206010079,9.0,876.96
SIA,SP,202501,2078074,0206010010,5.0,433.8
SIA,SP,202501,3605663,0206030037,7.0,970.41
SIA,SP,202501,2748487,0211020036,13.0,66.95
SIA,SP,202501,2745801,0206030037,14.0,1940.82
SIA,SP,202501,2083086,0206020015,9.0,780.75
SIA,SP,202501,2083086,0206010010,23.0,1995.48
SIA,SP,202501,2080621,0206020015,2.0,173.5
SIA,SP,202501,2080621,0206030037,15.0,2079.45
SIA,SP,202501,2088487,0206030029,2.0,173.5
SIA,SP,202501,2080079,0206020015,7.0,607.25
SIA,SP,202501,2082519,0211020036,220.0,1133.0
SIA,SP,202501,2038757,0211020060,10.0,300.0
SIA,SP,202501,2078074,0206010044,5.0,433.75
SIA,SP,202501,5936691,0211020036,6.0,30.9
SIA,SP,202501,2094355,0206010079,30.0,2923.2
SIA,SP,202501,2083086,0206010036,33.0,2863.08
SIA,SP,202501,2079690,0211020036,26.0,133.9
SIA,SP,202501,2082632,0206010028,10.0,1011.0
SIA,SP,202501,2087111,0206010044,25.0,2168.75
SIA,SP,202501,2079097,0206030029,3.0,260.25
SIA,SP,202501,2081512,0206010052,8.0,694.0
SIA,SP,202501,2078295,0206010036,4.0,347.04
SIA,SP,202501,2078074,0206020015,2.0,173.5
SIA,SP,202501,2062666,0211020036,9.0,46.35
SIA,SP,202501,2704900,0206020023,3.0,260.25
SIA,SP,202501,2790610,0206030029,7.0,607.25
SIA,SP,202501,2758245,0206010060,1.0,97.44
SIA,SP,202501,9408738,0206030029,8.0,694.0
SIA,SP,202501,7324448,0211020036,1.0,5.15
SIA,SP,202501,2077647,0206030010,23.0,3188.49
SIA,SP,202501,6607179,0211020036,172.0,885.8
SIA,SP,202501,2790610,0206010052,3.0,260.25
SIA,SP,202501,2078074,0206020031,10.0,1364.1
SIA,SP,202501,2747103,0211020036,12.0,61.8
SIA,SP,202501,2079356,0211020036,240.0,1236.0
SIA,SP,202501,2792141,0206020031,56.0,7638.96
SIA,SP,202501,3058808,0206010028,14.0,1415.4
SIA,SP,202501,5462738,0211020036,12.0,61.8
SIA,SP,202501,2792168,0206030029,84.0,7287.0
SIA,SP,202501,2704900,0206010010,34.0,2949.84
SIA,SP,202501,2080621,0206010028,10.0,1011.0
SIA,SP,202501,2083086,0206010028,39.0,3942.9
SIA,SP,202501,4047613,0211020036,365.0,1879.75
SIA,SP,202501,2096196,0206010052,2.0,173.5
SIA,SP,202501,2081253,0211020036,154.0,793.1
SIA,SP,202501,2716739,0211020036,47.0,242.05
SIA,SP,202501,2096234,0211020036,133.0,684.95
SIA,SP,202501,2077434,0211020060,89.0,2670.0
SIA,SP,202501,2090961,0206030037,17.0,2356.71
SIA,SP,202501,2034816,0211020036,350.0,1802.5
SIA,SP,202501,2080621,0206010044,6.0,520.5
SIA,SP,202501,2081512,0206010044,2.0,173.5
SIA,SP,202501,2081512,0206010010,1.0,86.76
SIA,SP,202501,2096498,0206010010,6.0,520.56
SIA,SP,202501,2751038,0211020036,251.0,1292.65
SIA,SP,202501,2081342,0211020036,20.0,103.0
SIA,SP,202501,3058808,0206010052,6.0,520.5
SIA,SP,202501,3058808,0206020015,7.0,607.25
SIA,SP,202501,3058808,0206010010,11.0,954.36
SIA,SP,202501,2080931,0206030037,82.0,11367.66
SIA,SP,202501,2090961,0206020031,23.0,3137.43
SIA,SP,202501,6546463,0211020036,324.0,1668.6
SIA,SP,202501,3605663,0206020031,21.0,2864.61
SIA,SP,202501,2074117,0206010036,2.0,173.52
SIA,SP,202501,4938305,0211020036,48.0,247.2
SIA,SP,202501,2755092,0206010052,1.0,86.75
SIA,SP,202501,3058808,0206030029,8.0,694.0
SIA,SP,202501,2792141,0206010044,34.0,2949.5
SIA,SP,202501,2084287,0206030010,16.0,5576.64
SIA,SP,202501,6639658,0211020060,28.0,840.0
SIA,SP,202501,2083973,0206020031,4.0,545.64
SIA,SP,202501,2078848,0206030029,4.0,347.0
SIA,SP,202501,2790637,0211020036,176.0,906.4
SIA,SP,202501,2090961,0206020015,5.0,433.75
SIA,SP,202501,2082853,0206030029,8.0,694.0
SIA,SP,202501,9387854,0211020036,44.0,226.6
SIA,SP,202501,2094355,0206010044,11.0,954.25
SIA,SP,202501,2745801,0206020031,4.0,545.64
SIA,SP,202501,2079828,0211020060,57.0,1710.0
SIA,SP,202501,2083086,0206030029,6.0,520.5
SIA,SP,202501,2077027,0211020036,161.0,829.15
SIA,SP,202501,7275021,0211020036,83.0,427.45
SIA,SP,202501,2078414,0211020036,287.0,1478.05
SIA,SP,202501,6325688,0211020036,116.0,597.4
SIA,SP,202501,2081512,0205010016,11.0,1815.0
SIA,SP,202501,2080931,0206010010,2.0,173.52
SIA,SP,202501,2717980,0211020036,484.0,2492.6
SIA,SP,202501,2082632,0206010044,3.0,260.25
SIA,SP,202501,2077043,0211020036,199.0,1024.85
SIA,SP,202501,7188676,0205010016,25.0,4125.0
SIA,SP,202501,2792141,0206030029,12.0,1041.0
SIA,SP,202501,2094355,0206010052,6.0,520.5
SIA,SP,202501,2083973,0206010079,13.0,1266.72
SIA,SP,202501,2751038,0206020031,6.0,818.46
SIA,SP,202501,2096498,0206010036,2.0,173.52
SIA,SP,202501,2082632,0206010010,3.0,260.28
SIA,SP,202501,2082853,0206010010,5.0,433.8
SIA,SP,202501,9438890,0211020036,31.0,159.65
SIA,SP,202501,2090961,0206010028,7.0,707.7
SIA,SP,202501,2053535,0211020036,173.0,890.95
SIA,SP,202501,2078414,0206010052,1.0,86.75
SIA,SP,202501,5298288,0211020036,20.0,103.0
SIA,SP,202501,2751038,0206010044,4.0,347.0
SIA,SP,202501,2096463,0206010044,4.0,347.0
SIA,SP,202501,2080931,0206010028,5.0,505.5
SIA,SP,202501,2792141,0206020023,8.0,694.0
SIA,SP,202501,9234373,0211020036,55.0,283.25
SIA,SP,202501,2079895,0206010036,7.0,607.32
SIA,SP,202501,5967945,0211020036,173.0,890.95
SIA,SP,202501,5967945,0211020060,63.0,1890.0
SIA,SP,202501,2030780,0211020036,3.0,15.45
SIA,SP,202501,3653676,0206010036,1.0,86.76
SIA,SP,202501,2028204,0206010044,1.0,86.75
SIA,SP,202501,2039796,0211020036,1.0,5.15
SIA,SP,202501,2093332,0206010044,6.0,520.5
SIA,SP,202501,7433670,0211020036,9.0,46.35
SIA,SP,202501,2090961,0206030010,19.0,2633.97
SIA,SP,202501,2090961,0206030029,2.0,173.5
SIA,SP,202501,2090961,0206010044,4.0,347.0
SIA,SP,202501,2062925,0211020036,40.0,206.0
SIA,SP,202501,2094355,0206010010,2.0,173.52
SIA,SP,202501,7066570,0211020036,10.0,51.5
SIA,SP,202501,2077647,0206020031,13.0,1773.33
SIA,SP,202501,7371349,0211020036,86.0,442.9
SIA,SP,202501,3605663,0206010028,6.0,606.6
SIA,SP,202501,2080621,0206030010,2.0,277.26
SIA,SP,202501,2050757,0206030029,1.0,86.75
SIA,SP,202501,7344716,0211020036,1.0,5.15
SIA,SP,202501,2083175,0206020015,1.0,86.75
SIA,SP,202501,2704900,0206030029,18.0,1561.5
SIA,SP,202501,2096498,0206020015,5.0,433.75
SIA,SP,202501,2096463,0206020015,1.0,86.75
SIA,SP,202501,2084287,0206020015,6.0,1779.96
SIA,SP,202501,2082985,0211020036,1.0,5.15
SIA,SP,202501,2792141,0206020015,8.0,694.0
SIA,SP,202501,2082632,0206010052,3.0,260.25
SIA,SP,202501,2748738,0206030037,4.0,554.52
SIA,SP,202501,2093332,0206010036,4.0,347.04
SIA,SP,202501,7130538,0211020036,547.0,2817.05
SIA,SP,202501,9093931,0211020036,499.0,2569.85
SIA,SP,202501,2745348,0211020036,17.0,87.55
SIA,SP,202501,2751623,0206010052,1.0,86.75
SIA,SP,202501,2699915,0206020023,2.0,173.5
SIA,SP,202501,2080931,0206010052,9.0,780.75
SIA,SP,202501,2793512,0211020036,45.0,231.75
SIA,SP,202501,2082853,0206010036,5.0,433.8
SIA,SP,202501,9180605,0211020036,13.0,66.95
SIA,SP,202501,9755829,0211020036,61.0,314.15
SIA,SP,202501,2026805,0206030037,1.0,138.63
SIA,SP,202501,2748738,0206010052,2.0,173.5
SIA,SP,202501,2087111,0206030029,11.0,954.25
SIA,SP,202501,2746794,0211020036,184.0,947.6
SIA,SP,202501,7066376,0206030029,3.0,260.25
SIA,SP,202501,2079895,0211020036,37.0,190.55
SIA,SP,202501,2095912,0206020015,1.0,86.75
SIA,SP,202501,3605663,0206010010,2.0,173.52
SIA,SP,202501,2063824,0211020036,69.0,355.35
SIA,SP,202501,2073021,0211020036,20.0,103.0
SIA,SP,202501,2070499,0206030010,1.0,138.63
SIA,SP,202501,2087111,0206010010,4.0,347.04
SIA,SP,202501,2090961,0206020023,1.0,86.75
SIA,SP,202501,2083973,0206010036,1.0,86.76
SIA,SP,202501,2704900,0206020015,6.0,520.5
SIA,SP,202501,2070499,0206020031,1.0,136.41
SIA,SP,202501,2080621,0206020031,3.0,409.23
SIA,SP,202501,2073668,0211020036,8.0,41.2
SIA,SP,202501,2746492,0211020036,2.0,10.3
SIA,SP,202501,2083019,0206010087,1.0,138.63
SIA,SP,202501,2087111,0206010052,5.0,433.75
SIA,SP,202501,2087111,0206010036,3.0,260.28
SIA,SP,202501,2071878,0211020036,79.0,406.85
SIA,SP,202501,6546463,0211020060,37.0,1110.0
SIA,SP,202501,2080621,0211020060,1.0,30.0
SIA,SP,202501,9286969,0211020060,8.0,240.0
SIA,SP,202501,2050935,0211020036,20.0,103.0
SIA,SP,202501,9286969,0211020036,117.0,602.55
SIA,SP,202501,4733584,0206020031,1.0,136.41
SIA,SP,202501,2083604,0206010036,2.0,173.52
SIA,SP,202501,2080095,0206010060,1.0,97.44
SIA,SP,202501,2031965,0211020036,25.0,128.75
SIA,SP,202501,2086476,0211020036,20.0,103.0
SIA,SP,202501,5976588,0211020036,4.0,20.6
SIA,SP,202501,3840107,0211020060,11.0,330.0
SIA,SP,202501,2791730,0211020036,106.0,545.9
SIA,SP,202501,2082659,0211020036,18.0,92.7
SIA,SP,202501,2081512,0206010036,1.0,86.76
SIA,SP,202501,2097745,0211020036,79.0,406.85
SIA,SP,202501,2094355,0206030029,1.0,86.75
SIA,SP,202501,5101174,0211020036,34.0,175.1
SIA,SP,202501,2024446,0211020036,18.0,92.7
SIA,SP,202501,2038633,0206020031,1.0,136.41
SIA,SP,202501,2083973,0211020036,90.0,463.5
SIA,SP,202501,5973805,0211020036,88.0,453.2
SIA,SP,202501,0102415,0211020036,35.0,180.25
SIA,SP,202501,2055996,0211020036,136.0,700.4
SIA,SP,202501,4290577,0211020036,141.0,726.15
SIA,SP,202501,2074907,0211020036,10.0,51.5
SIA,SP,202501,6016081,0211020036,518.0,2667.7
SIA,SP,202501,4608437,0211020036,192.0,988.8
SIA,SP,202501,6639178,0206030010,1.0,138.63
SIA,SP,202501,3525295,0211020036,10.0,51.5
SIA,SP,202501,6451098,0206030029,1.0,86.75
SIA,SP,202501,2084287,0206010052,2.0,593.32
SIA,SP,202501,2087251,0211020036,36.0,185.4
SIA,SP,202501,4043189,0211020036,3.0,15.45
SIA,SP,202501,2057093,0211020036,83.0,427.45
SIA,SP,202501,7560435,0206030029,1.0,86.75
SIA,SP,202501,6959636,0211020036,42.0,216.3
SIA,SP,202501,9067205,0211020036,395.0,2034.25
SIA,SP,202501,2023490,0211020060,92.0,2760.0
SIA,SP,202501,9442642,0211020036,339.0,1745.85
SIA,SP,202501,6523536,0211020060,21.0,630.0
SIA,SP,202501,6523536,0211020036,13.0,66.95
SIA,SP,202501,2038633,0206010044,1.0,86.75
SIA,SP,202501,2070499,0206030037,1.0,138.63
SIA,SP,202501,2080605,0211020036,11.0,56.65
SIA,SP,202501,6639658,0211020036,385.0,1982.75
SIA,SP,202501,2081407,0211020036,264.0,1359.6
SIA,SP,202501,2096358,0211020036,49.0,252.35
SIA,SP,202501,2083094,0206010036,1.0,86.76
SIA,SP,202501,2044641,0211020036,14.0,72.1
SIA,SP,202501,2745917,0211020036,14.0,72.1
SIA,SP,202501,5731933,0211020036,1.0,5.15
SIA,SP,202501,9367128,0211020036,215.0,1107.25
SIA,SP,202501,2080028,0211020036,222.0,1143.3
SIA,SP,202501,2077647,0206010036,1.0,86.76
SIA,SP,202501,2080931,0211020010,18.0,13140.72
SIA,SP,202501,4048474,0211020036,32.0,164.8
SIA,SP,202501,2090473,0211020036,11.0,56.65
SIA,SP,202501,2747553,0211020060,16.0,480.0
SIA,SP,202501,2748738,0211020060,18.0,540.0
SIA,SP,202501,3003523,0206010028,1.0,200.0
SIA,SP,202501,3058808,0211020036,349.0,1797.35
SIA,SP,202501,7134665,0211020036,378.0,1946.7
SIA,SP,202501,2076276,0211020036,1.0,5.15
SIA,SP,202501,2093138,0206010044,1.0,86.75
SIA,SP,202501,2070499,0206010079,1.0,97.44
SIA,SP,202501,2080931,0211020036,231.0,1189.65
SIA,SP,202501,3051900,0211020036,20.0,103.0
SIA,SP,202501,2035944,0211020036,47.0,242.05
SIA,SP,202501,4164512,0211020036,11.0,56.65
SIA,SP,202501,2093332,0211020036,81.0,417.15
SIA,SP,202501,7188676,0211020060,29.0,870.0
SIA,SP,202501,7188676,0211020036,275.0,1416.25
SIA,SP,202501,3058808,0206010036,2.0,173.52
SIA,SP,202501,2792141,0206010052,3.0,260.25
SIA,SP,202501,2792141,0211020036,44.0,226.6
SIA,SP,202501,2051885,0211020036,40.0,206.0
SIA,SP,202501,2092298,0211020036,18.0,92.7
SIA,SP,202501,7090064,0206010052,1.0,86.75
SIA,SP,202501,7433654,0211020036,3.0,15.45
SIA,SP,202501,7753977,0211020036,32.0,164.8
SIA,SP,202501,7116888,0211020036,8.0,41.2
SIA,SP,202501,7062672,0211020036,182.0,937.3
SIA,SP,202501,2079348,0206020023,1.0,86.75
SIA,SP,202501,2748738,0211020036,88.0,453.2
SIA,SP,202501,9442642,0211020060,24.0,720.0
SIA,SP,202501,6014739,0211020036,160.0,824.0
SIA,SP,202501,9778004,0211020036,101.0,520.15
SIA,SP,202501,2790610,0211020036,184.0,947.6
SIA,SP,202501,2077124,0211020036,4.0,20.6
SIA,SP,202501,7062672,0211020060,177.0,5310.0
SIA,SP,202501,2748738,0206030010,2.0,277.26
SIA,SP,202501,2081091,0211020036,408.0,2101.2
SIA,SP,202501,2029553,0211020036,105.0,540.75
SIA,SP,202501,6639178,0206020031,1.0,136.41
SIA,SP,202501,2073390,0211020036,36.0,185.4
SIA,SP,202501,2062895,0211020036,9.0,46.35
SIA,SP,202501,7090064,0211020036,439.0,2260.85
SIA,SP,202501,2093138,0206010052,1.0,86.75
SIA,SP,202501,2080443,0206010044,1.0,86.75
SIA,SP,202501,2024691,0211020036,472.0,2430.8
SIA,SP,202501,6003583,0211020036,1.0,5.15
SIA,SP,202501,7548982,0211020036,196.0,1009.4
SIA,SP,202501,4018850,0211020036,362.0,1864.3
SIA,SP,202501,2087111,0211020036,680.0,3502.0
SIA,SP,202501,2078422,0206020015,1.0,86.75
SIA,SP,202501,2792168,0211020036,526.0,2708.9
SIA,SP,202501,7494068,0211020036,336.0,1730.4
SIA,SP,202501,2044358,0211020036,19.0,97.85
SIA,SP,202501,2038838,0211020036,14.0,72.1
SIA,SP,202501,2075237,0211020036,20.0,103.0
SIA,SP,202501,2027976,0211020036,56.0,288.4
SIA,SP,202501,3931374,0211020036,1.0,5.15
SIA,SP,202501,2774682,0211020036,43.0,221.45
SIA,SP,202501,5877121,0211020036,99.0,509.85
SIA,SP,202501,6785247,0211020036,26.0,133.9
SIA,SP,202501,2079550,0211020036,197.0,1014.55
SIA,SP,202501,2097702,0206030029,1.0,86.75
SIA,SP,202501,5317878,0211020036,1.0,5.15
SIA,SP,202501,2751569,0206010036,1.0,86.76
SIA,SP,202501,4197402,0206010028,2.0,202.2
SIA,SP,202501,2024691,0206030029,1.0,86.75
SIA,SP,202501,2704900,0211020036,94.0,484.1
SIA,SP,202501,7812418,0211020036,1.0,5.15
SIA,SP,202501,2079429,0211020036,280.0,1442.0
SIA,SP,202501,2746301,0211020036,17.0,87.55
SIA,SP,202501,2082640,0211020060,27.0,810.0
SIA,SP,202501,4197402,0206010036,2.0,173.52
SIA,SP,202501,2087103,0206010010,1.0,86.76
SIA,SP,202501,2096498,0211020036,136.0,700.4
SIA,SP,202501,2038064,0211020036,19.0,97.85
SIA,SP,202501,3672891,0211020036,7.0,36.05
SIA,SP,202501,2077647,0211020036,286.0,1472.9
SIA,SP,202501,9639659,0206010028,2.0,202.2
SIA,SP,202501,7007116,0211020036,128.0,659.2
SIA,SP,202501,2071738,0211020036,172.0,885.8
SIA,SP,202501,7551258,0211020036,6.0,30.9
SIA,SP,202501,2091100,0211020036,36.0,185.4
SIA,SP,202501,7115652,0211020036,100.0,515.0
SIA,SP,202501,2033062,0211020036,27.0,139.05
SIA,SP,202501,9639659,0211020036,241.0,1241.15
SIA,SP,202501,2867087,0211020036,3.0,15.45
SIA,SP,202501,2755009,0211020036,4.0,20.6
SIA,SP,202501,9639659,0206020023,1.0,86.75
SIA,SP,202501,2748738,0206030029,1.0,86.75
SIA,SP,202501,2023490,0211020036,18.0,92.7
SIA,SP,202501,2755017,0211020036,11.0,56.65
SIA,SP,202501,2790149,0211020036,23.0,118.45
SIA,SP,202501,2089548,0206010010,1.0,86.76
SIA,SP,202501,2053527,0211020036,103.0,530.45
SIA,SP,202501,2087618,0211020036,44.0,226.6
SIA,SP,202501,2081512,0211020060,6.0,180.0
SIA,SP,202501,2092050,0211020036,148.0,762.2
SIA,SP,202501,3025489,0211020036,1.0,5.15
SIA,SP,202501,2051958,0211020036,3.0,15.45
SIA,SP,202501,2081431,0211020036,71.0,365.65
SIA,SP,202501,2090961,0206010052,1.0,86.75
SIA,SP,202501,9759352,0211020036,218.0,1122.7
SIA,SP,202501,6555284,0211020036,124.0,638.6
SIA,SP,202501,2090678,0211020036,42.0,216.3
SIA,SP,202501,4540891,0211020036,2.0,10.3
SIA,SP,202501,3753433,0206010010,6.0,520.56
SIA,SP,202501,4712870,0211020060,20.0,600.0
SIA,SP,202501,4712870,0211020036,16.0,82.4
SIA,SP,202501,2081091,0206010052,1.0,296.66
SIA,SP,202501,3753433,0206010036,2.0,173.52
SIA,SP,202501,2081512,0206010028,2.0,202.2
SIA,SP,202501,7038895,0211020036,2.0,10.3
SIA,SP,202501,2093332,0206020023,1.0,86.75
SIA,SP,202501,9639659,0206020015,4.0,347.0
SIA,SP,202501,2024772,0211020036,174.0,896.1
SIA,SP,202501,9371060,0211020036,88.0,453.2
SIA,SP,202501,6414176,0206010060,1.0,97.44
SIA,SP,202501,2038307,0211020036,103.0,530.45
SIA,SP,202501,7868499,0211020036,501.0,2580.15
SIA,SP,202501,2077582,0206010052,1.0,86.75
SIA,SP,202501,9086056,0211020036,28.0,144.2
SIA,SP,202501,2077582,0211020036,1.0,5.15
SIA,SP,202501,7033702,0211020036,67.0,345.05
SIA,SP,202501,2751038,0206010010,1.0,86.76
SIA,SP,202501,2751038,0206010028,1.0,101.1
SIA,SP,202501,2751038,0206030037,1.0,138.63
SIA,SP,202501,6639178,0206030037,1.0,138.63
SIA,SP,202501,2051613,0211020036,1.0,5.15
SIA,SP,202501,2033135,0211020036,206.0,1060.9
SIA,SP,202501,2077647,0206020015,1.0,86.75
SIA,SP,202501,2077647,0206010044,1.0,86.75
SIA,SP,202501,4048644,0211020036,121.0,623.15
SIA,SP,202501,2082322,0211020036,246.0,1266.9
SIA,SP,202501,2080621,0206010010,2.0,173.52
SIA,SP,202501,2082748,0211020036,131.0,674.65
SIA,SP,202501,2088487,0206010052,3.0,260.25
SIA,SP,202501,2745801,0211020036,375.0,1931.25
SIA,SP,202501,2688271,0211020036,341.0,1756.15
SIA,SP,202501,3550761,0211020060,32.0,960.0
SIA,SP,202501,2083981,0205010016,2.0,330.0
SIA,SP,202501,7040792,0211020036,544.0,2801.6
SIA,SP,202501,2079860,0211020036,924.0,4758.6
SIA,SP,202501,6639178,0206010079,2.0,194.88
SIA,SP,202501,2790610,0206020015,7.0,607.25
SIA,SP,202501,2030314,0206010036,5.0,433.8
SIA,SP,202501,2071517,0211020036,147.0,757.05
SIA,SP,202501,7794444,0211020036,1.0,5.15
SIA,SP,202501,2718111,0211020036,600.0,3090.0
SIA,SP,202501,2040190,0211020036,120.0,618.0
SIA,SP,202501,2078562,0211020036,205.0,1055.75
SIA,SP,202501,2080079,0211020060,22.0,660.0
SIA,SP,202501,7090064,0206010079,2.0,194.88
SIA,SP,202501,3605663,0206010044,4.0,347.0
SIA,SP,202501,2790165,0206010079,7.0,682.08
SIA,SP,202501,5586348,0206010052,3.0,260.25
SIA,SP,202501,2748347,0211020036,63.0,324.45
SIA,SP,202501,2080982,0211020036,44.0,226.6
SIA,SP,202501,2030314,0206020015,2.0,173.5
SIA,SP,202501,2031795,0211020036,35.0,180.25
SIA,SP,202501,2032120,0211020036,80.0,412.0
SIA,SP,202501,3437280,0211020036,7.0,36.05
SIA,SP,202501,2090961,0205010016,1.0,165.0
SIA,SP,202501,2093154,0211020036,22.0,113.3
SIA,SP,202501,2088487,0206020015,2.0,173.5
SIA,SP,202501,2074117,0206010052,1.0,86.75
SIA,SP,202501,7909268,0211020036,14.0,72.1
SIA,SP,202501,5053293,0211020036,340.0,1751.0
SIA,SP,202501,2086336,0211020036,1.0,5.15
SIA,SP,202501,2071487,0211020036,46.0,236.9
SIA,SP,202501,3949729,0211020036,55.0,283.25
SIA,SP,202501,2026422,0211020036,4.0,20.6
SIA,SP,202501,2096005,0206010052,1.0,86.75
SIA,SP,202501,2040506,0211020060,50.0,1500.0
SIA,SP,202501,9256903,0211020036,10.0,51.5
SIA,SP,202501,2791277,0211020036,2.0,10.3
SIA,SP,202501,2751771,0211020036,60.0,309.0
SIA,SP,202501,2078295,0206010060,2.0,194.88
SIA,SP,202501,4832027,0206020031,3.0,409.23
SIA,SP,202501,2081466,0211020036,153.0,787.95
SIA,SP,202501,2072319,0211020036,44.0,226.6
SIA,SP,202501,6894461,0211020036,111.0,571.65
SIA,SP,202501,2080079,0211020036,163.0,839.45
SIA,SP,202501,7056664,0211020036,15.0,77.25
SIA,SP,202501,6414176,0206010028,2.0,202.2
SIA,SP,202501,2066637,0211020036,1.0,5.15
SIA,SP,202501,2024810,0211020036,493.0,2538.95
SIA,SP,202501,3004074,0211020036,7.0,36.05
SIA,SP,202501,2079895,0206030029,3.0,260.25
SIA,SP,202501,2030306,0211020036,156.0,803.4
SIA,SP,202501,2097869,0211020036,34.0,175.1
SIA,SP,202501,2745801,0206030029,2.0,173.5
SIA,SP,202501,0966878,0211020036,79.0,406.85
SIA,SP,202501,2074117,0206030029,1.0,86.75
SIA,SP,202501,2088487,0206010036,3.0,260.28
SIA,SP,202501,2079895,0206020015,1.0,86.75
SIA,SP,202501,2746697,0211020036,1.0,5.15
SIA,SP,202501,0136913,0211020036,48.0,247.2
SIA,SP,202501,2079313,0211020036,155.0,798.25
SIA,SP,202501,9693637,0211020036,570.0,2935.5
SIA,SP,202501,2079232,0206030029,5.0,433.75
SIA,SP,202501,2096005,0206010036,1.0,86.76
SIA,SP,202501,2074672,0211020036,34.0,175.1
SIA,SP,202501,9614559,0211020036,181.0,932.15
SIA,SP,202501,2030314,0206020023,2.0,173.5
SIA,SP,202501,2081393,0206010044,1.0,86.75
SIA,SP,202501,2030314,0211020060,22.0,660.0
SIA,SP,202501,2083493,0211020036,83.0,427.45
SIA,SP,202501,2082632,0206030029,1.0,86.75
SIA,SP,202501,7781709,0211020036,118.0,607.7
SIA,SP,202501,4407598,0211020036,272.0,1400.8
SIA,SP,202501,2084287,0206010079,1.0,307.35
SIA,SP,202501,0115509,0206010052,2.0,173.5
SIA,SP,202501,9616144,0211020036,4.0,20.6
SIA,SP,202501,6628842,0206010044,2.0,173.5
SIA,SP,202501,2078139,0206010028,1.0,101.1
SIA,SP,202501,2791749,0206010036,2.0,173.52
SIA,SP,202501,4049411,0211020036,93.0,478.95
SIA,SP,202501,2087111,0206020015,2.0,173.5
SIA,SP,202501,2053446,0206010028,2.0,202.2
SIA,SP,202501,2079593,0211020036,4.0,20.6
SIA,SP,202501,7913796,0211020036,11.0,56.65
SIA,SP,202501,2084171,0211020036,16.0,82.4
SIA,SP,202501,5586348,0206020015,1.0,86.75
SIA,SP,202501,2749610,0211020036,9.0,46.35
SIA,SP,202501,2078074,0206030029,1.0,86.75
SIA,SP,202501,2096005,0206020015,2.0,173.5
SIA,SP,202501,2079895,0206020023,1.0,86.75
SIA,SP,202501,5336163,0211020036,452.0,2327.8
SIA,SP,202501,2793385,0211020036,357.0,1838.55
SIA,SP,202501,2081393,0206030029,3.0,260.25
SIA,SP,202501,2053446,0206010036,1.0,86.76
SIA,SP,202501,6414176,0206020015,1.0,86.75
SIA,SP,202501,2791749,0206010052,1.0,86.75
SIA,SP,202501,2758245,0206020015,2.0,173.5
SIA,SP,202501,2075105,0206010044,4.0,347.0
SIA,SP,202501,2078295,0206030010,1.0,138.63
SIA,SP,202501,2078139,0206020031,4.0,545.64
SIA,SP,202501,2079917,0206010052,2.0,173.5
SIA,SP,202501,2079925,0206020023,2.0,173.5
SIA,SP,202501,2050072,0211020036,17.0,87.55
SIA,SP,202501,2030314,0211020036,33.0,169.95
SIA,SP,202501,7467206,0211020036,315.0,1622.25
SIA,SP,202501,2078295,0206020023,1.0,86.75
SIA,SP,202501,2083981,0211020036,351.0,1807.65
SIA,SP,202501,4676815,0211020036,332.0,1709.8
SIA,SP,202501,2081393,0211020036,146.0,751.9
SIA,SP,202501,4676815,0206010052,1.0,86.75
SIA,SP,202501,7718829,0211020036,36.0,185.4
SIA,SP,202501,6335497,0206010052,1.0,86.75
SIA,SP,202501,2080478,0211020036,92.0,473.8
SIA,SP,202501,2082934,0211020036,45.0,231.75
SIA,SP,202501,2790165,0206010044,1.0,86.75
SIA,SP,202501,7730403,0211020036,11.0,56.65
SIA,SP,202501,2078562,0206020023,2.0,173.5
SIA,SP,202501,2024322,0211020036,135.0,695.25
SIA,SP,202501,5586348,0206010010,1.0,86.76
SIA,SP,202501,2042452,0211020036,382.0,1967.3
SIA,SP,202501,2040956,0211020036,152.0,782.8
SIA,SP,202501,2042436,0211020036,8.0,41.2
SIA,SP,202501,2088487,0211020036,201.0,1035.15
SIA,SP,202501,4047621,0211020036,180.0,927.0
SIA,SP,202501,2074117,0206020015,1.0,86.75
SIA,SP,202501,9004165,0211020036,30.0,154.5
SIA,SP,202501,2030497,0211020036,53.0,272.95
SIA,SP,202501,0113492,0211020036,4.0,20.6
SIA,SP,202501,2750538,0211020036,129.0,664.35
SIA,SP,202501,7429568,0211020036,259.0,1333.85
SIA,SP,202501,7973586,0211020036,15.0,77.25
SIA,SP,202501,9639659,0206010036,1.0,86.76
SIA,SP,202501,2044048,0211020036,1.0,5.15
SIA,SP,202501,2092395,0211020036,187.0,963.05
SIA,SP,202501,9112952,0211020036,514.0,2647.1
SIA,SP,202501,2081520,0211020036,36.0,185.4
SIA,SP,202501,2051192,0211020036,22.0,113.3
SIA,SP,202501,2031655,0211020036,50.0,257.5
SIA,SP,202501,9002359,0211020036,420.0,2163.0
SIA,SP,202501,2040751,0211020036,371.0,1910.65
SIA,SP,202501,9753753,0211020036,209.0,1076.35
SIA,SP,202501,2078139,0211020036,175.0,901.25
SIA,SP,202501,2791188,0211020036,3.0,15.45
SIA,SP,202501,2031361,0211020036,6.0,30.9
SIA,SP,202501,4798287,0211020036,3.0,15.45
SIA,SP,202501,2793385,0206010044,1.0,86.75
SIA,SP,202501,2079836,0206010052,1.0,86.75
SIA,SP,202501,2750147,0211020036,8.0,41.2
SIA,SP,202501,7037449,0211020060,18.0,540.0
SIA,SP,202501,9639659,0206030037,1.0,138.63
SIA,SP,202501,2076942,0211020036,91.0,468.65
SIA,SP,202501,9983724,0211020036,3.0,15.45
SIA,SP,202501,2024691,0206010052,1.0,86.75
SIA,SP,202501,5670799,0211020036,61.0,314.15
SIA,SP,202501,2071762,0211020036,37.0,190.55
SIA,SP,202501,7209517,0206010060,2.0,194.88
SIA,SP,202501,2072033,0211020036,300.0,1545.0
SIA,SP,202501,9755357,0206010010,2.0,173.52
SIA,SP,202501,2081814,0211020036,254.0,1308.1
SIA,SP,202501,2079917,0211020036,151.0,777.65
SIA,SP,202501,2084058,0206010052,1.0,86.75
SIA,SP,202501,2791234,0211020036,30.0,154.5
SIA,SP,202501,2699915,0211020036,422.0,2173.3
SIA,SP,202501,2081393,0206010079,1.0,97.44
SIA,SP,202501,2023016,0206010044,1.0,86.75
SIA,SP,202501,2758245,0211020036,327.0,1684.05
SIA,SP,202501,6335497,0211020060,168.0,5040.0
SIA,SP,202501,6365213,0211020036,541.0,2786.15
SIA,SP,202501,2039133,0211020036,9.0,46.35
SIA,SP,202501,6365213,0211020060,62.0,1860.0
SIA,SP,202501,6374840,0211020036,19.0,97.85
SIA,SP,202501,2087243,0211020036,4.0,20.6
SIA,SP,202501,7228163,0211020036,728.0,3749.2
SIA,SP,202501,2080958,0211020036,109.0,561.35
SIA,SP,202501,7036892,0211020036,562.0,2894.3
SIA,SP,202501,2082004,0211020036,382.0,1967.3
SIA,SP,202501,2079941,0211020036,28.0,144.2
SIA,SP,202501,6414176,0206030029,3.0,260.25
SIA,SP,202501,2081059,0206030037,2.0,277.26
SIA,SP,202501,5020573,0211020036,23.0,118.45
SIA,SP,202501,5625416,0211020036,334.0,1720.1
SIA,SP,202501,2034689,0211020036,24.0,123.6
SIA,SP,202501,2071975,0211020036,17.0,87.55
SIA,SP,202501,2063182,0211020036,49.0,252.35
SIA,SP,202501,2092298,0206030029,2.0,173.5
SIA,SP,202501,2793385,0206020031,1.0,136.41
SIA,SP,202501,6799663,0211020036,25.0,128.75
SIA,SP,202501,2069679,0211020036,20.0,103.0
SIA,SP,202501,2082942,0211020036,65.0,334.75
SIA,SP,202501,2024780,0211020036,59.0,303.85
SIA,SP,202501,2081792,0211020036,49.0,252.35
SIA,SP,202501,2791412,0211020036,25.0,128.75
SIA,SP,202501,0115509,0211020036,273.0,1405.95
SIA,SP,202501,2023016,0206010028,1.0,101.1
SIA,SP,202501,2087227,0211020036,38.0,195.7
SIA,SP,202501,3392694,0211020036,30.0,154.5
SIA,SP,202501,2034468,0211020036,445.0,2291.75
SIA,SP,202501,4049632,0211020036,13.0,66.95
SIA,SP,202501,2793385,0206030037,1.0,138.63
SIA,SP,202501,6652115,0211020036,28.0,144.2
SIA,SP,202501,2751208,0211020036,65.0,334.75
SIA,SP,202501,9372253,0211020036,3.0,15.45
SIA,SP,202501,9650822,0211020036,18.0,92.7
SIA,SP,202501,3550907,0211020036,78.0,401.7
SIA,SP,202501,2029219,0211020036,146.0,751.9
SIA,SP,202501,9626832,0211020036,15.0,77.25
SIA,SP,202501,7451369,0211020036,2.0,10.3
SIA,SP,202501,2087715,0211020036,414.0,2132.1
SIA,SP,202501,9408738,0211020036,628.0,3234.2
SIA,SP,202501,6811507,0211020036,64.0,329.6
SIA,SP,202501,7522738,0211020036,388.0,1998.2
SIA,SP,202501,2081059,0206010060,1.0,97.44
SIA,SP,202501,2022451,0211020036,200.0,1030.0
SIA,SP,202501,2791994,0211020036,1.0,5.15
SIA,SP,202501,2091291,0211020036,2.0,10.3
SIA,SP,202501,2031426,0211020036,16.0,82.4
SIA,SP,202501,2042770,0211020036,1.0,5.15
SIA,SP,202501,0212547,0211020036,12.0,61.8
SIA,SP,202501,2087642,0211020036,33.0,169.95
SIA,SP,202501,2084023,0211020036,93.0,478.95
SIA,SP,202501,2785307,0211020036,1.0,5.15
SIA,SP,202501,2793385,0206010028,2.0,202.2
SIA,SP,202501,2088967,0211020036,8.0,41.2
SIA,SP,202501,2097834,0211020036,34.0,175.1
SIA,SP,202501,2045982,0211020036,367.0,1890.05
SIA,SP,202501,5586348,0211020036,168.0,865.2
SIA,SP,202501,5811260,0211020036,34.0,175.1
SIA,SP,202501,2082780,0211020036,58.0,298.7
SIA,SP,202501,2706296,0211020036,15.0,77.25
SIA,SP,202501,7209517,0206020023,1.0,86.75
SIA,SP,202501,5119766,0211020036,26.0,133.9
SIA,SP,202501,2060027,0211020036,656.0,3378.4
SIA,SP,202501,2875284,0211020036,61.0,314.15
SIA,SP,202501,2082438,0211020036,82.0,422.3
SIA,SP,202501,2071835,0211020036,10.0,51.5
SIA,SP,202501,5586348,0206010036,1.0,86.76
SIA,SP,202501,2047357,0211020036,48.0,247.2
SIA,SP,202501,2087278,0211020036,42.0,216.3
SIA,SP,202501,2078937,0211020036,37.0,190.55
SIA,SP,202501,4032004,0211020036,286.0,1472.9
SIA,SP,202501,4049241,0211020036,72.0,370.8
SIA,SP,202501,5586348,0211020060,15.0,450.0
SIA,SP,202501,0157945,0211020036,12.0,61.8
SIA,SP,202501,8002959,0211020036,2.0,10.3
SIA,SP,202501,2078074,0211020036,121.0,623.15
SIA,SP,202501,2785420,0211020036,45.0,231.75
SIA,SP,202501,2750546,0211020036,358.0,1843.7
SIA,SP,202501,7895232,0211020036,15.0,77.25
SIA,SP,202501,2882949,0211020036,16.0,82.4
SIA,SP,202501,7037449,0211020036,100.0,515.0
SIA,SP,202501,2755084,0211020036,11.0,56.65
SIA,SP,202501,2079917,0206010036,1.0,86.76
SIA,SP,202501,2790165,0211020036,173.0,890.95
SIA,SP,202501,2081652,0211020036,81.0,417.15
SIA,SP,202501,4763629,0211020036,7.0,36.05
SIA,SP,202501,2028468,0211020036,8.0,41.2
SIA,SP,202501,2058030,0211020036,16.0,82.4
SIA,SP,202501,2093324,0211020036,103.0,530.45
SIA,SP,202502,7496117,0208010033,60.0,22984.2
SIA,SP,202502,2091585,0206010036,6.0,520.56
SIA,SP,202502,2688689,0206010036,93.0,8068.68
SIA,SP,202502,2080346,0205010016,170.0,28050.0
SIA,SP,202502,9491112,0206030029,25.0,2168.75
SIA,SP,202502,2092344,0206030029,44.0,3817.0
SIA,SP,202502,2071568,0208010033,575.0,220265.25
SIA,SP,202502,2751933,0205010016,17.0,2805.0
SIA,SP,202502,2089084,0206030037,71.0,9842.73
SIA,SP,202502,2765942,0211020036,97.0,499.55
SIA,SP,202502,2071568,0206030029,6.0,520.5
SIA,SP,202502,2088495,0208010033,400.0,153228.0
SIA,SP,202502,2081695,0206030029,23.0,1995.25
SIA,SP,202502,2081695,0206010036,84.0,7287.84
SIA,SP,202502,9332952,0206030037,67.0,9288.21
SIA,SP,202502,9539824,0206030037,374.0,51847.62
SIA,SP,202502,9465464,0206030037,416.0,57670.08
SIA,SP,202502,7711980,0206030037,697.0,96625.11
SIA,SP,202502,6479200,0206010044,102.0,8848.5
SIA,SP,202502,7861249,0206030037,91.0,12615.33
SIA,SP,202502,2077493,0206020015,23.0,1995.25
SIA,SP,202502,2080125,0206010044,211.0,18304.25
SIA,SP,202502,2082861,0206020015,41.0,3556.75
SIA,SP,202502,2082861,0206010028,43.0,4347.3
SIA,SP,202502,2076926,0206010044,78.0,6766.5
SIA,SP,202502,2080427,0206020015,4.0,347.0
SIA,SP,202502,2077485,0206010044,204.0,17697.0
SIA,SP,202502,2077493,0205010016,19.0,3135.0
SIA,SP,202502,2088576,0206010028,60.0,6066.0
SIA,SP,202502,2688689,0206010079,597.0,58171.68
SIA,SP,202502,6998194,0206030010,50.0,6931.5
SIA,SP,202502,5420938,0206010028,68.0,6874.8
SIA,SP,202502,2092344,0206030037,57.0,7901.91
SIA,SP,202502,5420938,0206030010,456.0,63215.28
SIA,SP,202502,2688573,0206010079,388.0,37806.72
SIA,SP,202502,2077477,0206010079,923.0,89937.12
SIA,SP,202502,2066092,0206010079,728.0,70936.32
SIA,SP,202502,2080125,0206010079,1018.0,99193.92
SIA,SP,202502,7527004,0206010028,983.0,99381.3
SIA,SP,202502,9539824,0206030010,337.0,46718.31
SIA,SP,202502,9465464,0206030010,410.0,56838.3
SIA,SP,202502,9950931,0206030010,286.0,39648.18
SIA,SP,202502,9950931,0206010028,312.0,31543.2
SIA,SP,202502,5718368,0206020015,31.0,2689.25
SIA,SP,202502,2077590,0208010025,193.0,78844.36
SIA,SP,202502,0483214,0206010028,250.0,25275.0
SIA,SP,202502,2077590,0206030010,472.0,65433.36
SIA,SP,202502,0483214,0206030010,434.0,60165.42
SIA,SP,202502,2075962,0206030010,66.0,9149.58
SIA,SP,202502,2078015,0206010036,165.0,14315.4
SIA,SP,202502,9950931,0206030037,291.0,40341.33
SIA,SP,202502,7861249,0206020023,20.0,1735.0
SIA,SP,202502,5718368,0206030010,313.0,43391.19
SIA,SP,202502,2077450,0206030010,191.0,26478.33
SIA,SP,202502,4651693,0206010028,212.0,21433.2
SIA,SP,202502,4651693,0206030010,168.0,23289.84
SIA,SP,202502,2080125,0206010036,78.0,6767.28
SIA,SP,202502,2076926,0206010036,45.0,3904.2
SIA,SP,202502,9491112,0206010079,210.0,20462.4
SIA,SP,202502,2089084,0206010079,183.0,17831.52
SIA,SP,202502,2077639,0206030010,253.0,35073.39
SIA,SP,202502,2071568,0208010025,574.0,234490.48
SIA,SP,202502,2075962,0206030037,65.0,9010.95
SIA,SP,202502,2075962,0206010028,438.0,44281.8
SIA,SP,202502,2079240,0206030037,298.0,41311.74
SIA,SP,202502,2079240,0206010028,51.0,5156.1
SIA,SP,202502,2077671,0206010079,436.0,42483.84
SIA,SP,202502,2688689,0208010033,731.0,280024.17
SIA,SP,202502,2077523,0206030037,660.0,91495.8
SIA,SP,202502,2077485,0206010079,319.0,31083.36
SIA,SP,202502,2078015,0206030037,1359.0,188398.17
SIA,SP,202502,2077671,0206010028,54.0,5459.4
SIA,SP,202502,2081695,0206010079,360.0,35078.4
SIA,SP,202502,2078015,0206010079,1022.0,99583.68
SIA,SP,202502,2077574,0206030037,510.0,70701.3
SIA,SP,202502,2084473,0206030037,55.0,7624.65
SIA,SP,202502,2080338,0206030037,323.0,44777.49
SIA,SP,202502,2786680,0206020015,27.0,2342.25
SIA,SP,202502,9332952,0206010028,119.0,12030.9
SIA,SP,202502,2786680,0206010028,295.0,29824.5
SIA,SP,202502,2084473,0206010079,344.0,33519.36
SIA,SP,202502,2079321,0206010028,63.0,6369.3
SIA,SP,202502,2786680,0206030010,273.0,37845.99
SIA,SP,202502,9539824,0206010028,190.0,19209.0
SIA,SP,202502,2080346,0206030010,390.0,54065.7
SIA,SP,202502,2089785,0206030010,573.0,79434.99
SIA,SP,202502,2089084,0206030010,69.0,9565.47
SIA,SP,202502,2089785,0206010028,57.0,5762.7
SIA,SP,202502,3212130,0206010028,36.0,3639.6
SIA,SP,202502,2082829,0206010028,179.0,18096.9
SIA,SP,202502,2080346,0206020015,43.0,3730.25
SIA,SP,202502,2077477,0206020015,54.0,4684.5
SIA,SP,202502,2076926,0206010079,487.0,47453.28
SIA,SP,202502,2077493,0206030029,25.0,2168.75
SIA,SP,202502,2077493,0206030037,193.0,26755.59
SIA,SP,202502,2077493,0206010079,348.0,33909.12
SIA,SP,202502,2078287,0206010079,182.0,17734.08
SIA,SP,202502,2077671,0206010010,190.0,16484.4
SIA,SP,202502,2077450,0206010028,229.0,23151.9
SIA,SP,202502,2077531,0206030010,114.0,15803.82
SIA,SP,202502,2084139,0206010028,42.0,4246.2
SIA,SP,202502,2078287,0206030037,607.0,84148.41
SIA,SP,202502,2091755,0206010036,12.0,1041.12
SIA,SP,202502,2079240,0206010079,343.0,33421.92
SIA,SP,202502,2077426,0206010079,306.0,29816.64
SIA,SP,202502,2077477,0206010028,411.0,41552.1
SIA,SP,202502,2088517,0206010079,202.0,19682.88
SIA,SP,202502,2077620,0206010079,300.0,29232.0
SIA,SP,202502,2066092,0206030037,544.0,75414.72
SIA,SP,202502,2082225,0206010079,465.0,45309.6
SIA,SP,202502,2079410,0206010079,351.0,34201.44
SIA,SP,202502,9332952,0206030029,25.0,2168.75
SIA,SP,202502,2080338,0206010079,302.0,29426.88
SIA,SP,202502,7582617,0206010028,58.0,5863.8
SIA,SP,202502,7711980,0206030010,685.0,94961.55
SIA,SP,202502,2071568,0206010079,64.0,6236.16
SIA,SP,202502,2088576,0206030037,597.0,82762.11
SIA,SP,202502,2088576,0206030029,32.0,2776.0
SIA,SP,202502,2091755,0206010079,157.0,15298.08
SIA,SP,202502,7861249,0206010028,147.0,14861.7
SIA,SP,202502,9465464,0206010028,98.0,9907.8
SIA,SP,202502,2077493,0206010010,39.0,3383.64
SIA,SP,202502,2078015,0206010010,400.0,34704.0
SIA,SP,202502,2080338,0206010028,115.0,11626.5
SIA,SP,202502,3212130,0206030010,273.0,37845.99
SIA,SP,202502,2082225,0206010010,72.0,6246.72
SIA,SP,202502,2077477,0206030029,139.0,12058.25
SIA,SP,202502,2082225,0206030037,444.0,61551.72
SIA,SP,202502,7582617,0208010025,216.0,88240.32
SIA,SP,202502,2688573,0206030029,39.0,3383.25
SIA,SP,202502,2082829,0206030010,109.0,15110.67
SIA,SP,202502,6479200,0206010079,26.0,2533.44
SIA,SP,202502,5718368,0206010028,96.0,9705.6
SIA,SP,202502,9547231,0206030010,126.0,17467.38
SIA,SP,202502,5420938,0206020015,21.0,1821.75
SIA,SP,202502,2084473,0206010028,182.0,18400.2
SIA,SP,202502,2082829,0206020015,12.0,1041.0
SIA,SP,202502,2084473,0206010010,44.0,3817.44
SIA,SP,202502,2080583,0206010028,15.0,1516.5
SIA,SP,202502,2092344,0206010036,14.0,1214.64
SIA,SP,202502,2077523,0206010010,41.0,3557.16
SIA,SP,202502,2076926,0206020015,27.0,2342.25
SIA,SP,202502,2080338,0206030029,27.0,2342.25
SIA,SP,202502,6123740,0206010079,169.0,16467.36
SIA,SP,202502,2080125,0206030029,54.0,4684.5
SIA,SP,202502,2077574,0206010036,40.0,3470.4
SIA,SP,202502,2075962,0206020015,17.0,1474.75
SIA,SP,202502,2084139,0206030010,238.0,32993.94
SIA,SP,202502,2081970,0206010028,113.0,11424.3
SIA,SP,202502,9539824,0206030029,97.0,8414.75
SIA,SP,202502,2068974,0206010028,42.0,4246.2
SIA,SP,202502,2081970,0206030010,200.0,27726.0
SIA,SP,202502,2091755,0206010044,65.0,5638.75
SIA,SP,202502,9950931,0206030029,73.0,6332.75
SIA,SP,202502,2688689,0206010044,164.0,14227.0
SIA,SP,202502,2077477,0206030037,1294.0,179387.22
SIA,SP,202502,7992890,0206030010,93.0,12892.59
SIA,SP,202502,9547231,0206030037,133.0,18437.79
SIA,SP,202502,2088517,0206030029,7.0,607.25
SIA,SP,202502,6123740,0206030029,36.0,3123.0
SIA,SP,202502,7582617,0206030010,97.0,13447.11
SIA,SP,202502,2092344,0206010079,108.0,10523.52
SIA,SP,202502,2077485,0206010036,31.0,2689.56
SIA,SP,202502,2076926,0206030029,44.0,3817.0
SIA,SP,202502,2091585,0206010079,64.0,6236.16
SIA,SP,202502,2088576,0206010079,114.0,11108.16
SIA,SP,202502,7861249,0206030010,86.0,11922.18
SIA,SP,202502,2084139,0206020015,27.0,2342.25
SIA,SP,202502,2084473,0206030029,27.0,2342.25
SIA,SP,202502,2080583,0206020015,26.0,2255.5
SIA,SP,202502,7527004,0206030029,197.0,17089.75
SIA,SP,202502,9465464,0206030029,51.0,4424.25
SIA,SP,202502,2081970,0206020015,16.0,1388.0
SIA,SP,202502,2077574,0206010028,42.0,4246.2
SIA,SP,202502,2080583,0206030010,77.0,10674.51
SIA,SP,202502,7992890,0206030037,94.0,13031.22
SIA,SP,202502,9465464,0206020015,29.0,2515.75
SIA,SP,202502,9332952,0206030010,49.0,6792.87
SIA,SP,202502,0102105,0206030010,5.0,693.15
SIA,SP,202502,2088495,0206010079,10.0,974.4
SIA,SP,202502,2078015,0206010028,198.0,20017.8
SIA,SP,202502,2080346,0206010028,95.0,9604.5
SIA,SP,202502,2077477,0206010010,263.0,22817.88
SIA,SP,202502,2077620,0206030029,73.0,6332.75
SIA,SP,202502,2078015,0206030029,74.0,6419.5
SIA,SP,202502,2088495,0208010025,406.0,165859.12
SIA,SP,202502,2077671,0206030037,325.0,45054.75
SIA,SP,202502,2077574,0206030029,55.0,4771.25
SIA,SP,202502,2080338,0206010010,79.0,6854.04
SIA,SP,202502,2079410,0206010010,25.0,2169.0
SIA,SP,202502,2082225,0206010028,68.0,6874.8
SIA,SP,202502,9491112,0206010036,70.0,6073.2
SIA,SP,202502,2078015,0206010044,244.0,21167.0
SIA,SP,202502,2077655,0206010028,5.0,505.5
SIA,SP,202502,9491112,0206020015,22.0,1908.5
SIA,SP,202502,2077477,0206010036,115.0,9977.4
SIA,SP,202502,6123740,0206020015,17.0,1474.75
SIA,SP,202502,2066572,0206030037,41.0,5683.83
SIA,SP,202502,2077620,0206010044,18.0,1561.5
SIA,SP,202502,2077574,0206010010,98.0,8502.48
SIA,SP,202502,0483214,0206020015,13.0,1127.75
SIA,SP,202502,9539824,0206020015,7.0,607.25
SIA,SP,202502,2091313,0206010028,35.0,3538.5
SIA,SP,202502,2091313,0206010010,22.0,1908.72
SIA,SP,202502,2076896,0206030010,70.0,9704.1
SIA,SP,202502,2708779,0206010028,9.0,909.9
SIA,SP,202502,2080788,0206030010,68.0,9426.84
SIA,SP,202502,7711980,0206020023,9.0,780.75
SIA,SP,202502,2077477,0208010025,47.0,19200.44
SIA,SP,202502,5200105,0206010028,50.0,5055.0
SIA,SP,202502,2066092,0206020015,53.0,4597.75
SIA,SP,202502,2077477,0208010033,45.0,17238.15
SIA,SP,202502,2077574,0206020015,30.0,2602.5
SIA,SP,202502,2078325,0206030010,29.0,4020.27
SIA,SP,202502,2066572,0206010079,30.0,2923.2
SIA,SP,202502,3290689,0206010028,24.0,2426.4
SIA,SP,202502,2077523,0206010028,61.0,6167.1
SIA,SP,202502,2688573,0206010036,27.0,2342.52
SIA,SP,202502,2089084,0206010028,96.0,9705.6
SIA,SP,202502,2088495,0206030037,43.0,5961.09
SIA,SP,202502,2068974,0206030029,11.0,954.25
SIA,SP,202502,7582617,0206030037,103.0,14278.89
SIA,SP,202502,6123740,0206010036,41.0,3557.16
SIA,SP,202502,2089777,0206030010,20.0,2772.6
SIA,SP,202502,9472940,0206030010,15.0,2079.45
SIA,SP,202502,2088495,0206030029,1.0,86.75
SIA,SP,202502,2080788,0206010028,23.0,2325.3
SIA,SP,202502,2066092,0206010010,110.0,9543.6
SIA,SP,202502,2077493,0206010028,32.0,3235.2
SIA,SP,202502,2066092,0206030029,62.0,5378.5
SIA,SP,202502,7992890,0206010028,31.0,3134.1
SIA,SP,202502,2688689,0206030029,50.0,4337.5
SIA,SP,202502,7527004,0206020015,44.0,3817.0
SIA,SP,202502,2077639,0206010028,31.0,3134.1
SIA,SP,202502,2077485,0206030029,52.0,4511.0
SIA,SP,202502,2077426,0206030029,33.0,2862.75
SIA,SP,202502,2077426,0206020015,37.0,3209.75
SIA,SP,202502,2091313,0206020015,11.0,954.25
SIA,SP,202502,2091313,0206010036,4.0,347.04
SIA,SP,202502,2708779,0206010052,48.0,4164.0
SIA,SP,202502,2069008,0206010079,35.0,3410.4
SIA,SP,202502,2081695,0206010044,151.0,13099.25
SIA,SP,202502,2092344,0206010028,73.0,7380.3
SIA,SP,202502,2077639,0206020015,7.0,607.25
SIA,SP,202502,2088517,0206030037,18.0,2495.34
SIA,SP,202502,2088517,0206010044,33.0,2862.75
SIA,SP,202502,2088576,0206010010,41.0,3557.16
SIA,SP,202502,2091313,0206030037,66.0,9149.58
SIA,SP,202502,2077655,0206020015,8.0,694.0
SIA,SP,202502,2071568,0206030037,75.0,10397.25
SIA,SP,202502,2084473,0206010036,24.0,2082.24
SIA,SP,202502,2089696,0206030010,24.0,3327.12
SIA,SP,202502,2082225,0206030029,65.0,5638.75
SIA,SP,202502,2080338,0206010044,28.0,2429.0
SIA,SP,202502,2688689,0206020015,48.0,4164.0
SIA,SP,202502,2066092,0206010028,86.0,8694.6
SIA,SP,202502,7330847,0206010028,9.0,909.9
SIA,SP,202502,2786680,0211020060,7.0,210.0
SIA,SP,202502,2079240,0206030029,22.0,1908.5
SIA,SP,202502,4651693,0206020015,13.0,1127.75
SIA,SP,202502,2080125,0208010033,71.0,27197.97
SIA,SP,202502,2089084,0206010010,27.0,2342.52
SIA,SP,202502,2091585,0206010010,17.0,1474.92
SIA,SP,202502,2028840,0206010079,3.0,292.32
SIA,SP,202502,2080575,0208010025,16.0,6536.32
SIA,SP,202502,9547231,0206010028,46.0,4650.6
SIA,SP,202502,2078287,0206010028,42.0,4246.2
SIA,SP,202502,2077523,0206020015,24.0,2082.0
SIA,SP,202502,2078015,0206020015,52.0,4511.0
SIA,SP,202502,2078015,0205010016,10.0,1650.0
SIA,SP,202502,2079410,0206020015,7.0,607.25
SIA,SP,202502,2077620,0206010036,26.0,2255.76
SIA,SP,202502,2688573,0206020015,33.0,2862.75
SIA,SP,202502,2066572,0206010036,1.0,86.76
SIA,SP,202502,0483214,0206030029,63.0,5465.25
SIA,SP,202502,0483214,0206030037,409.0,56699.67
SIA,SP,202502,2079410,0206030037,38.0,5267.94
SIA,SP,202502,2077590,0206030037,421.0,58363.23
SIA,SP,202502,2077450,0206030037,189.0,26201.07
SIA,SP,202502,9547231,0206020015,1.0,86.75
SIA,SP,202502,2071371,0206010079,35.0,3410.4
SIA,SP,202502,2091313,0206030029,25.0,2168.75
SIA,SP,202502,2088576,0206010036,45.0,3904.2
SIA,SP,202502,2077671,0206030029,46.0,3990.5
SIA,SP,202502,2066092,0206010036,64.0,5552.64
SIA,SP,202502,2091585,0206030037,43.0,5961.09
SIA,SP,202502,2068974,0206010079,25.0,2436.0
SIA,SP,202502,2066092,0206010044,93.0,8067.75
SIA,SP,202502,2089696,0206010028,18.0,1819.8
SIA,SP,202502,2088517,0206010028,11.0,1112.1
SIA,SP,202502,9472940,0206010028,18.0,1819.8
SIA,SP,202502,3212130,0206020015,26.0,2255.5
SIA,SP,202502,2082225,0206010036,32.0,2776.32
SIA,SP,202502,2079410,0206010028,47.0,4751.7
SIA,SP,202502,2077523,0206030029,13.0,1127.75
SIA,SP,202502,7711980,0206010028,19.0,1920.9
SIA,SP,202502,7711980,0206020015,3.0,260.25
SIA,SP,202502,2080788,0206020015,1.0,86.75
SIA,SP,202502,2068974,0206010010,18.0,1561.68
SIA,SP,202502,2077507,0206030010,8.0,1109.04
SIA,SP,202502,9950931,0206020015,13.0,1127.75
SIA,SP,202502,2077639,0206010060,3.0,292.32
SIA,SP,202502,2079410,0206010036,10.0,867.6
SIA,SP,202502,3290689,0206020015,1.0,86.75
SIA,SP,202502,2077493,0206010044,54.0,4684.5
SIA,SP,202502,9332952,0206020015,2.0,173.5
SIA,SP,202502,2079240,0206010044,36.0,3123.0
SIA,SP,202502,2077531,0206010028,7.0,707.7
SIA,SP,202502,7330847,0206030037,4.0,554.52
SIA,SP,202502,2077590,0206020015,3.0,260.25
SIA,SP,202502,7330847,0206030010,8.0,1109.04
SIA,SP,202502,2079240,0206010010,30.0,2602.8
SIA,SP,202502,3290689,0206010060,8.0,779.52
SIA,SP,202502,2080338,0206010036,41.0,3557.16
SIA,SP,202502,2077671,0206010044,64.0,5552.0
SIA,SP,202502,2077477,0206010044,235.0,20386.25
SIA,SP,202502,9950931,0206020023,8.0,694.0
SIA,SP,202502,2092344,0206010010,18.0,1561.68
SIA,SP,202502,6479200,0206020015,6.0,520.5
SIA,SP,202502,2078287,0206010036,24.0,2082.24
SIA,SP,202502,2082225,0206020015,29.0,2515.75
SIA,SP,202502,2077531,0206030037,117.0,16219.71
SIA,SP,202502,2077485,0208010033,38.0,14556.66
SIA,SP,202502,2077671,0206020015,33.0,2862.75
SIA,SP,202502,2081695,0206020015,82.0,7113.5
SIA,SP,202502,2071568,0206010028,6.0,606.6
SIA,SP,202502,2077426,0206010036,38.0,3296.88
SIA,SP,202502,2078325,0206010060,2.0,194.88
SIA,SP,202502,2082225,0206010044,76.0,6593.0
SIA,SP,202502,7861249,0206020015,3.0,260.25
SIA,SP,202502,2077590,0206010028,12.0,1213.2
SIA,SP,202502,2078287,0206030029,6.0,520.5
SIA,SP,202502,2078325,0206010028,12.0,1213.2
SIA,SP,202502,2089785,0206020015,9.0,780.75
SIA,SP,202502,2786680,0206010060,2.0,194.88
SIA,SP,202502,2080575,0206030010,4.0,554.52
SIA,SP,202502,2077485,0206020015,23.0,1995.25
SIA,SP,202502,2088576,0206010044,16.0,1388.0
SIA,SP,202502,2077620,0206020015,30.0,2602.5
SIA,SP,202502,2688573,0206010044,61.0,5291.75
SIA,SP,202502,2079410,0206030029,21.0,1821.75
SIA,SP,202502,7582617,0206030029,12.0,1041.0
SIA,SP,202502,4651693,0206010060,4.0,389.76
SIA,SP,202502,2076896,0206010028,7.0,707.7
SIA,SP,202502,2089084,0206030029,8.0,694.0
SIA,SP,202502,0483214,0206020023,19.0,1648.25
SIA,SP,202502,2075962,0206030029,54.0,4684.5
SIA,SP,202502,2077450,0206020015,10.0,867.5
SIA,SP,202502,2068974,0206010044,63.0,5465.25
SIA,SP,202502,2092344,0206010044,15.0,1301.25
SIA,SP,202502,2076896,0206030029,5.0,433.75
SIA,SP,202502,2078287,0206020015,11.0,954.25
SIA,SP,202502,2076896,0206030037,60.0,8317.8
SIA,SP,202502,2079240,0206010036,30.0,2602.8
SIA,SP,202502,2078287,0206010010,21.0,1821.96
SIA,SP,202502,2091585,0206030029,3.0,260.25
SIA,SP,202502,2078155,0206010028,13.0,1314.3
SIA,SP,202502,2080575,0211020060,2.0,60.0
SIA,SP,202502,2079321,0206010052,11.0,954.25
SIA,SP,202502,9472940,0206030037,11.0,1524.93
SIA,SP,202502,0102105,0206030037,6.0,831.78
SIA,SP,202502,5200105,0206020015,13.0,1127.75
SIA,SP,202502,2088495,0205010016,32.0,5280.0
SIA,SP,202502,2077450,0206030029,37.0,3209.75
SIA,SP,202502,2077671,0206010036,21.0,1821.96
SIA,SP,202502,2077426,0206010044,62.0,5378.5
SIA,SP,202502,2080427,0206010028,4.0,404.4
SIA,SP,202502,0483214,0206010060,7.0,682.08
SIA,SP,202502,2071568,0206010044,26.0,2255.5
SIA,SP,202502,2708779,0206030029,18.0,1561.5
SIA,SP,202502,7992890,0206030029,9.0,780.75
SIA,SP,202502,2076896,0206020015,1.0,86.75
SIA,SP,202502,6479200,0208010033,43.0,16472.01
SIA,SP,202502,2091585,0206010044,3.0,260.25
SIA,SP,202502,2080338,0206020015,22.0,1908.5
SIA,SP,202502,2091755,0206030029,21.0,1821.75
SIA,SP,202502,2077523,0206010079,305.0,29719.2
SIA,SP,202502,2071568,0206020015,1.0,86.75
SIA,SP,202502,2077590,0206020023,5.0,433.75
SIA,SP,202502,2077531,0208010025,1.0,408.52
SIA,SP,202502,2089084,0206010036,8.0,694.08
SIA,SP,202502,2068974,0206020015,3.0,260.25
SIA,SP,202502,2068974,0206030037,28.0,3881.64
SIA,SP,202502,2079410,0206010044,30.0,2602.5
SIA,SP,202502,2092344,0206020015,6.0,520.5
SIA,SP,202502,2080125,0206020015,27.0,2342.25
SIA,SP,202502,2091755,0206020015,21.0,1821.75
SIA,SP,202502,6391893,0211020060,139.0,4170.0
SIA,SP,202502,2077531,0206020015,1.0,86.75
SIA,SP,202502,2078287,0206010044,5.0,433.75
SIA,SP,202502,2091585,0206010028,7.0,707.7
SIA,SP,202502,3290689,0206030010,1.0,138.63
SIA,SP,202502,2091399,0211020060,1.0,30.0
SIA,SP,202502,2073552,0211020036,286.0,1472.9
SIA,SP,202502,2079240,0206020015,4.0,347.0
SIA,SP,202502,2077523,0206010036,24.0,2082.24
SIA,SP,202502,2062054,0211020036,4.0,20.6
SIA,SP,202502,9539824,0206010060,2.0,194.88
SIA,SP,202502,2081288,0211020060,1.0,30.0
SIA,SP,202502,2088517,0206010036,3.0,260.28
SIA,SP,202502,6479200,0206010036,3.0,260.28
SIA,SP,202502,2688689,0206010052,146.0,12665.5
SIA,SP,202502,6148336,0211020060,135.0,4050.0
SIA,SP,202502,6123740,0206020031,2369.0,323155.29
SIA,SP,202502,2077485,0206020031,732.0,99852.12
SIA,SP,202502,2077523,0206030010,554.0,76801.02
SIA,SP,202502,2088495,0206020031,234.0,31919.94
SIA,SP,202502,2076926,0206020031,312.0,42559.92
SIA,SP,202502,2081695,0206020031,330.0,45015.3
SIA,SP,202502,2078287,0206020031,734.0,100124.94
SIA,SP,202502,2078015,0206030010,1407.0,195052.41
SIA,SP,202502,2077620,0206020031,123.0,16778.43
SIA,SP,202502,2078015,0206020031,1164.0,158781.24
SIA,SP,202502,2077671,0206030010,318.0,44084.34
SIA,SP,202502,2088495,0206030010,96.0,13308.48
SIA,SP,202502,2078287,0206030010,623.0,86366.49
SIA,SP,202502,2092344,0206010052,8.0,694.0
SIA,SP,202502,2081695,0206010052,36.0,3123.0
SIA,SP,202502,2068974,0206010036,4.0,347.04
SIA,SP,202502,2078287,0206010052,10.0,867.5
SIA,SP,202502,2076926,0206010052,18.0,1561.5
SIA,SP,202502,2088576,0206020015,5.0,433.75
SIA,SP,202502,2751933,0211020060,170.0,5100.0
SIA,SP,202502,2751860,0211020060,51.0,1530.0
SIA,SP,202502,2077477,0206010052,172.0,14921.0
SIA,SP,202502,2066092,0206010052,39.0,3383.25
SIA,SP,202502,2080125,0206010052,329.0,28540.75
SIA,SP,202502,2077574,0206010079,927.0,90326.88
SIA,SP,202502,2082225,0206030010,446.0,61828.98
SIA,SP,202502,2066092,0206030010,537.0,74444.31
SIA,SP,202502,2077507,0205010016,3.0,495.0
SIA,SP,202502,2078015,0206010052,122.0,10583.5
SIA,SP,202502,2708779,0206030010,196.0,27171.48
SIA,SP,202502,2071568,0206010052,19.0,1648.25
SIA,SP,202502,6479200,0206010052,9.0,780.75
SIA,SP,202502,2069008,0206020015,2.0,173.5
SIA,SP,202502,2077450,0206020023,3.0,260.25
SIA,SP,202502,2071568,0206020031,862.0,117585.42
SIA,SP,202502,2078015,0206010060,82.0,7990.08
SIA,SP,202502,2028840,0206020031,10.0,1364.1
SIA,SP,202502,2077485,0206010052,116.0,10063.0
SIA,SP,202502,7992890,0211020060,128.0,3840.0
SIA,SP,202502,2077493,0206030010,200.0,27726.0
SIA,SP,202502,2077574,0206030010,676.0,93713.88
SIA,SP,202502,2080338,0206030010,318.0,44084.34
SIA,SP,202502,7992890,0206020023,2.0,173.5
SIA,SP,202502,7378394,0211020060,44.0,1320.0
SIA,SP,202502,2091313,0206010079,76.0,7405.44
SIA,SP,202502,2091313,0206010044,28.0,2429.0
SIA,SP,202502,2080338,0206010052,18.0,1561.5
SIA,SP,202502,2708779,0206030037,228.0,31607.64
SIA,SP,202502,2089696,0206020015,1.0,86.75
SIA,SP,202502,2088576,0206010052,14.0,1214.5
SIA,SP,202502,2077485,0205010016,35.0,5775.0
SIA,SP,202502,7711980,0205010016,5.0,825.0
SIA,SP,202502,2029189,0211020036,482.0,2482.3
SIA,SP,202502,2751976,0211020060,261.0,7830.0
SIA,SP,202502,9547231,0206030029,9.0,780.75
SIA,SP,202502,9491112,0206020031,75.0,10230.75
SIA,SP,202502,2688689,0206020031,719.0,98078.79
SIA,SP,202502,2079321,0206030029,1.0,86.75
SIA,SP,202502,6138314,0211020060,282.0,8460.0
SIA,SP,202502,2077523,0206010044,24.0,2082.0
SIA,SP,202502,2077671,0206010052,68.0,5899.0
SIA,SP,202502,2077620,0206010052,6.0,520.5
SIA,SP,202502,2088495,0206010052,11.0,954.25
SIA,SP,202502,6194974,0211020060,106.0,3180.0
SIA,SP,202502,2077574,0206010044,39.0,3383.25
SIA,SP,202502,7582617,0206010060,3.0,292.32
SIA,SP,202502,9280227,0211020060,140.0,4200.0
SIA,SP,202502,2079321,0206030010,90.0,12476.7
SIA,SP,202502,2027240,0211020060,58.0,1740.0
SIA,SP,202502,2071495,0211020036,245.0,1261.75
SIA,SP,202502,2078155,0206020015,2.0,173.5
SIA,SP,202502,2066572,0206010052,30.0,2602.5
SIA,SP,202502,6391885,0211020060,136.0,4080.0
SIA,SP,202502,6393608,0211020060,113.0,3390.0
SIA,SP,202502,2077477,0205010016,1.0,165.0
SIA,SP,202502,2071568,0205010016,17.0,2805.0
SIA,SP,202502,7019076,0211020060,176.0,5280.0
SIA,SP,202502,2080346,0211020060,15.0,450.0
SIA,SP,202502,2077574,0206010060,3.0,292.32
SIA,SP,202502,2082225,0206010052,11.0,954.25
SIA,SP,202502,2071371,0206010060,2.0,194.88
SIA,SP,202502,2068974,0205010016,1.0,165.0
SIA,SP,202502,2077477,0206020031,1484.0,202432.44
SIA,SP,202502,2066092,0206020031,281.0,38331.21
SIA,SP,202502,2080125,0206020031,1503.0,205024.23
SIA,SP,202502,2751852,0211020060,124.0,3720.0
SIA,SP,202502,2077426,0206010052,34.0,2949.5
SIA,SP,202502,2079240,0206030010,295.0,40895.85
SIA,SP,202502,2077477,0206020023,34.0,2949.5
SIA,SP,202502,2068974,0206030010,108.0,14972.04
SIA,SP,202502,2077523,0206020023,27.0,2342.25
SIA,SP,202502,6148344,0211020036,222.0,1143.3
SIA,SP,202502,2091585,0206030010,40.0,5545.2
SIA,SP,202502,2088576,0206030010,583.0,80821.29
SIA,SP,202502,2688573,0206020031,216.0,29464.56
SIA,SP,202502,2751925,0211020060,203.0,6090.0
SIA,SP,202502,6357083,0211020060,133.0,3990.0
SIA,SP,202502,6479200,0206020031,76.0,10367.16
SIA,SP,202502,6360890,0211020036,621.0,3198.15
SIA,SP,202502,2079321,0206030037,113.0,15665.19
SIA,SP,202502,2079410,0206010052,10.0,867.5
SIA,SP,202502,7979649,0211020060,62.0,1860.0
SIA,SP,202502,6135749,0211020060,95.0,2850.0
SIA,SP,202502,9950931,0206010060,1.0,97.44
SIA,SP,202502,2708779,0206010036,6.0,520.56
SIA,SP,202502,6759998,0211020060,88.0,2640.0
SIA,SP,202502,6123740,0206010052,356.0,30883.0
SIA,SP,202502,2079321,0206020015,23.0,1995.25
SIA,SP,202502,2082861,0206010010,32.0,2776.32
SIA,SP,202502,2068974,0206010052,6.0,520.5
SIA,SP,202502,9491112,0206010052,25.0,2168.75
SIA,SP,202502,2089084,0206010044,220.0,19085.0
SIA,SP,202502,4050312,0211020060,36.0,1080.0
SIA,SP,202502,2688573,0206010052,17.0,1474.75
SIA,SP,202502,2708779,0206020015,25.0,2168.75
SIA,SP,202502,6136028,0211020060,115.0,3450.0
SIA,SP,202502,2077507,0211020060,3.0,90.0
SIA,SP,202502,2078155,0206010010,7.0,607.32
SIA,SP,202502,5200105,0206010010,43.0,3730.68
SIA,SP,202502,6391869,0211020060,175.0,5250.0
SIA,SP,202502,2084473,0206010044,53.0,4597.75
SIA,SP,202502,9950931,0211020060,756.0,22680.0
SIA,SP,202502,2089696,0211020036,41.0,211.15
SIA,SP,202502,6200389,0211020060,100.0,3000.0
SIA,SP,202502,6394558,0211020060,100.0,3000.0
SIA,SP,202502,2091585,0206020015,2.0,173.5
SIA,SP,202502,6479200,0211020036,1069.0,5278.75
SIA,SP,202502,2079321,0206010036,4.0,347.04
SIA,SP,202502,2071568,0211020010,344.0,251133.76
SIA,SP,202502,6479200,0902010026,12.0,2400.0
SIA,SP,202502,6479200,0902010018,32.0,4160.0
SIA,SP,202502,6228194,0211020036,25.0,128.75
SIA,SP,202502,2080427,0206010010,5.0,433.8
SIA,SP,202502,2765942,0211020010,105.0,76654.2
SIA,SP,202502,2708779,0206020023,13.0,1127.75
SIA,SP,202502,6998194,0206030029,2.0,173.5
SIA,SP,202502,5420938,0206030037,454.0,62938.02
SIA,SP,202502,2079321,0206020031,74.0,10094.34
SIA,SP,202502,2079321,0211020060,127.0,3810.0
SIA,SP,202502,2079410,0206030010,259.0,35905.17
SIA,SP,202502,2077477,0206030010,1335.0,185071.05
SIA,SP,202502,2077426,0206020031,189.0,25781.49
SIA,SP,202502,2079240,0206020031,238.0,32465.58
SIA,SP,202502,2071568,0206030010,195.0,27032.85
SIA,SP,202502,2069008,0206020031,32.0,4365.12
SIA,SP,202502,2080346,0206030029,82.0,7113.5
SIA,SP,202502,2080583,0206030037,77.0,10674.51
SIA,SP,202502,2084473,0206020031,210.0,28646.1
SIA,SP,202502,2084473,0206030010,54.0,7486.02
SIA,SP,202502,2077493,0206020031,150.0,20461.5
SIA,SP,202502,2082861,0206030037,305.0,42282.15
SIA,SP,202502,2080346,0206020023,88.0,7634.0
SIA,SP,202502,2082861,0206010079,355.0,34591.2
SIA,SP,202502,2081970,0206030029,25.0,2168.75
SIA,SP,202502,2081970,0206030037,198.0,27448.74
SIA,SP,202502,2082829,0206030037,111.0,15387.93
SIA,SP,202502,2082829,0206030029,40.0,3470.0
SIA,SP,202502,2080346,0206030037,386.0,53511.18
SIA,SP,202502,2080788,0206030037,62.0,8595.06
SIA,SP,202502,2084139,0206030029,83.0,7200.25
SIA,SP,202502,6123740,0206010044,226.0,19605.5
SIA,SP,202502,3044750,0211020036,15.0,77.25
SIA,SP,202502,2752093,0211020036,407.0,2096.05
SIA,SP,202502,5718368,0206020023,38.0,3296.5
SIA,SP,202502,5718368,0206030029,29.0,2515.75
SIA,SP,202502,2034824,0211020036,1.0,5.15
SIA,SP,202502,2077639,0206030037,253.0,35073.39
SIA,SP,202502,2077639,0206030029,31.0,2689.25
SIA,SP,202502,5200105,0206030037,282.0,39093.66
SIA,SP,202502,5200105,0206010079,351.0,34201.44
SIA,SP,202502,2078325,0206030037,20.0,2772.6
SIA,SP,202502,2078155,0206030037,23.0,3188.49
SIA,SP,202502,2080427,0206010079,116.0,11303.04
SIA,SP,202502,2091313,0206020023,12.0,1041.0
SIA,SP,202502,2752115,0211020036,1.0,5.15
SIA,SP,202502,2786680,0206030037,268.0,37152.84
SIA,SP,202502,2089785,0206030037,575.0,79712.25
SIA,SP,202502,2089777,0206030037,15.0,2079.45
SIA,SP,202502,2079410,0206020031,152.0,20734.32
SIA,SP,202502,2082861,0206020023,18.0,1561.5
SIA,SP,202502,2080338,0206020031,348.0,47470.68
SIA,SP,202502,5200105,0206010044,47.0,4077.25
SIA,SP,202502,3212130,0206030037,273.0,37845.99
SIA,SP,202502,2068974,0206020031,39.0,5319.99
SIA,SP,202502,6998194,0206030037,49.0,6792.87
SIA,SP,202502,2752387,0211020036,34.0,175.1
SIA,SP,202502,2082829,0206020023,32.0,2776.0
SIA,SP,202502,2084139,0206030037,242.0,33548.46
SIA,SP,202502,2708779,0206020031,279.0,38058.39
SIA,SP,202502,2077671,0206020031,297.0,40513.77
SIA,SP,202502,2066572,0206020031,88.0,12004.08
SIA,SP,202502,2081288,0211020036,7.0,36.05
SIA,SP,202502,2069008,0206010044,17.0,1474.75
SIA,SP,202502,2082225,0206020031,236.0,32192.76
SIA,SP,202502,2071568,0206010095,17.0,35822.74
SIA,SP,202502,2071371,0206010044,9.0,780.75
SIA,SP,202502,5718368,0206030037,84.0,11644.92
SIA,SP,202502,2088576,0206020031,259.0,35330.19
SIA,SP,202502,2089785,0211020036,471.0,2425.65
SIA,SP,202502,2084139,0206020023,36.0,3123.0
SIA,SP,202502,2082861,0206010044,76.0,6593.0
SIA,SP,202502,2079240,0206020023,27.0,2342.25
SIA,SP,202502,4651693,0206030037,161.0,22319.43
SIA,SP,202502,2786826,0211020036,20.0,103.0
SIA,SP,202502,2786753,0211020036,45.0,231.75
SIA,SP,202502,3212130,0206030029,27.0,2342.25
SIA,SP,202502,2092344,0206020031,94.0,12822.54
SIA,SP,202502,2091585,0206020023,4.0,347.0
SIA,SP,202502,2080427,0206030037,31.0,4297.53
SIA,SP,202502,2787075,0211020036,70.0,360.5
SIA,SP,202502,2787318,0211020036,61.0,314.15
SIA,SP,202502,2751968,0211020036,531.0,2734.65
SIA,SP,202502,4651693,0206030029,68.0,5899.0
SIA,SP,202502,2774801,0211020036,420.0,2163.0
SIA,SP,202502,2787156,0211020036,5.0,25.75
SIA,SP,202502,0483214,0206010010,60.0,5205.6
SIA,SP,202502,2069008,0211020060,65.0,1950.0
SIA,SP,202502,2688573,0206030037,549.0,76107.87
SIA,SP,202502,5420938,0206010052,14.0,1214.5
SIA,SP,202502,5420938,0206010010,58.0,5032.08
SIA,SP,202502,9491112,0206010044,4.0,347.0
SIA,SP,202502,9400109,0211020036,349.0,1797.35
SIA,SP,202502,2057220,0211020036,96.0,494.4
SIA,SP,202502,2068974,0211020060,397.0,11910.0
SIA,SP,202502,2069008,0211020036,205.0,1055.75
SIA,SP,202502,2069008,0206030037,15.0,2079.45
SIA,SP,202502,2071371,0211020036,53.0,272.95
SIA,SP,202502,2080338,0211020036,144.0,741.6
SIA,SP,202502,7527004,0206010010,218.0,18913.68
SIA,SP,202502,7582617,0208010033,216.0,82743.12
SIA,SP,202502,2688689,0211020036,653.0,3362.95
SIA,SP,202502,9539824,0206010010,62.0,5379.12
SIA,SP,202502,2071371,0206010052,8.0,694.0
SIA,SP,202502,7861249,0206010010,35.0,3036.6
SIA,SP,202502,9492380,0211020036,264.0,1359.6
SIA,SP,202502,7711980,0206010052,24.0,2082.0
SIA,SP,202502,2077493,0206010052,1.0,86.75
SIA,SP,202502,2077590,0208010033,194.0,74315.58
SIA,SP,202502,2752166,0211020036,154.0,793.1
SIA,SP,202502,2079321,0206010079,149.0,14518.56
SIA,SP,202502,2076896,0206010010,19.0,1648.44
SIA,SP,202502,9332952,0206010052,10.0,867.5
SIA,SP,202502,9332952,0206010010,32.0,2776.32
SIA,SP,202502,9491112,0206020023,27.0,2342.25
SIA,SP,202502,9491112,0206030037,178.0,24676.14
SIA,SP,202502,6479200,0206030037,227.0,31469.01
SIA,SP,202502,9242295,0211020036,383.0,1972.45
SIA,SP,202502,7992890,0206010010,7.0,607.32
SIA,SP,202502,2082837,0211020036,593.0,3053.95
SIA,SP,202502,7582617,0206010010,23.0,1995.48
SIA,SP,202502,2688689,0206030037,753.0,104388.39
SIA,SP,202502,5718368,0206010052,15.0,1301.25
SIA,SP,202502,2066572,0206030010,34.0,4713.42
SIA,SP,202502,5420938,0206030029,30.0,2602.5
SIA,SP,202502,2078325,0211020036,13.0,66.95
SIA,SP,202502,2077485,0211020036,2744.0,13503.3
SIA,SP,202502,2071568,0211020060,415.0,12450.0
SIA,SP,202502,2071568,0211020036,5749.0,29607.35
SIA,SP,202502,2752107,0211020036,420.0,2163.0
SIA,SP,202502,3474674,0211020036,308.0,1586.2
SIA,SP,202502,5718368,0206010010,62.0,5379.12
SIA,SP,202502,2076926,0206030037,26.0,3604.38
SIA,SP,202502,2091755,0206030037,113.0,15665.19
SIA,SP,202502,2091755,0206020023,6.0,520.5
SIA,SP,202502,2080125,0206010060,4.0,389.76
SIA,SP,202502,6479200,0211020060,84.0,2520.0
SIA,SP,202502,2789140,0211020036,141.0,726.15
SIA,SP,202502,2752220,0211020036,72.0,370.8
SIA,SP,202502,2787121,0211020036,89.0,458.35
SIA,SP,202502,2787210,0211020036,7.0,36.05
SIA,SP,202502,2080575,0206030037,2.0,277.26
SIA,SP,202502,2708779,0206010079,42.0,4092.48
SIA,SP,202502,2078155,0206010079,74.0,7210.56
SIA,SP,202502,2080427,0206010044,21.0,1821.75
SIA,SP,202502,9539824,0206010052,26.0,2255.5
SIA,SP,202502,9465464,0206010052,15.0,1301.25
SIA,SP,202502,9465464,0206010010,67.0,5812.92
SIA,SP,202502,2091542,0211020036,231.0,1189.65
SIA,SP,202502,2091585,0211020036,78.0,401.7
SIA,SP,202502,2080125,0206030037,843.0,116865.09
SIA,SP,202502,2088576,0211020036,366.0,1884.9
SIA,SP,202502,2786680,0206030029,52.0,4511.0
SIA,SP,202502,2075962,0206010010,40.0,3470.4
SIA,SP,202502,2688689,0206020023,39.0,3383.25
SIA,SP,202502,2077590,0206010010,3.0,260.28
SIA,SP,202502,2077531,0206010052,17.0,1474.75
SIA,SP,202502,2091461,0211020060,27.0,810.0
SIA,SP,202502,2091461,0211020036,85.0,437.75
SIA,SP,202502,2091585,0206020031,32.0,4365.12
SIA,SP,202502,2089785,0206030029,44.0,3817.0
SIA,SP,202502,2080583,0206030029,21.0,1821.75
SIA,SP,202502,2080788,0206020023,5.0,433.75
SIA,SP,202502,2068974,0211020036,1327.0,6834.05
SIA,SP,202502,6123740,0206010060,2.0,194.88
SIA,SP,202502,2786680,0211020036,183.0,942.45
SIA,SP,202502,2751836,0211020036,35.0,180.25
SIA,SP,202502,2082829,0211020036,969.0,4990.35
SIA,SP,202502,2078015,0211020036,2625.0,13518.75
SIA,SP,202502,2077620,0206030037,153.0,21210.39
SIA,SP,202502,2077620,0211020036,371.0,1910.65
SIA,SP,202502,2066572,0211020036,102.0,525.3
SIA,SP,202502,2088517,0206020023,8.0,694.0
SIA,SP,202502,2088517,0211020036,226.0,1163.9
SIA,SP,202502,9950931,0206010010,103.0,8936.28
SIA,SP,202502,2091313,0206030010,69.0,9565.47
SIA,SP,202502,2080583,0206020023,9.0,780.75
SIA,SP,202502,2081970,0206020023,17.0,1474.75
SIA,SP,202502,2786680,0206020023,34.0,2949.5
SIA,SP,202502,2091798,0211020036,87.0,448.05
SIA,SP,202502,2091550,0211020036,503.0,2590.45
SIA,SP,202502,2077590,0206010052,29.0,2515.75
SIA,SP,202502,2752239,0211020036,156.0,803.4
SIA,SP,202502,2078155,0206010044,30.0,2602.5
SIA,SP,202502,6123740,0206030037,1876.0,260069.88
SIA,SP,202502,6123740,0211020036,2457.0,12653.55
SIA,SP,202502,6123740,0206020023,52.0,4511.0
SIA,SP,202502,2077450,0206010010,45.0,3904.2
SIA,SP,202502,2076896,0206010052,2.0,173.5
SIA,SP,202502,2077531,0206010010,4.0,347.04
SIA,SP,202502,2089696,0206030037,22.0,3049.86
SIA,SP,202502,2078015,0206020023,141.0,12231.75
SIA,SP,202502,4651693,0206010052,16.0,1388.0
SIA,SP,202502,2077574,0206010052,36.0,3123.0
SIA,SP,202502,2077574,0211020036,607.0,3126.05
SIA,SP,202502,2688514,0211020036,2.0,10.3
SIA,SP,202502,2066572,0206020023,2.0,173.5
SIA,SP,202502,3016935,0211020036,16.0,82.4
SIA,SP,202502,2091313,0206010052,3.0,260.25
SIA,SP,202502,2066092,0211020036,611.0,3146.65
SIA,SP,202502,9547231,0206010010,15.0,1301.4
SIA,SP,202502,2077485,0211020060,196.0,5880.0
SIA,SP,202502,2077426,0206030037,323.0,44777.49
SIA,SP,202502,2077426,0211020036,386.0,1987.9
SIA,SP,202502,2751933,0211020036,461.0,2374.15
SIA,SP,202502,2819856,0211020036,17.0,87.55
SIA,SP,202502,4651693,0206010010,45.0,3904.2
SIA,SP,202502,5200105,0206020023,9.0,780.75
SIA,SP,202502,3044769,0211020036,431.0,2219.65
SIA,SP,202502,2787601,0211020036,57.0,293.55
SIA,SP,202502,2086808,0211020036,40.0,206.0
SIA,SP,202502,2088517,0206020031,30.0,4092.3
SIA,SP,202502,2076926,0211020036,404.0,2080.6
SIA,SP,202502,2091755,0206020031,48.0,6547.68
SIA,SP,202502,2078015,0211020060,46.0,1380.0
SIA,SP,202502,2079240,0211020036,162.0,834.3
SIA,SP,202502,2092344,0211020036,355.0,1828.25
SIA,SP,202502,2079240,0206010052,3.0,260.25
SIA,SP,202502,2077523,0206010052,16.0,1388.0
SIA,SP,202502,2751925,0211020036,430.0,2214.5
SIA,SP,202502,2787687,0211020036,21.0,108.15
SIA,SP,202502,2089696,0206020023,3.0,260.25
SIA,SP,202502,2786788,0211020036,49.0,252.35
SIA,SP,202502,2786893,0211020036,2.0,10.3
SIA,SP,202502,2786907,0211020036,85.0,437.75
SIA,SP,202502,2077671,0211020036,513.0,2641.95
SIA,SP,202502,6423086,0211020036,1009.0,5196.35
SIA,SP,202502,2752247,0211020036,190.0,978.5
SIA,SP,202502,2688638,0211020036,1144.0,5891.6
SIA,SP,202502,2878259,0211020036,113.0,581.95
SIA,SP,202502,2091585,0206010052,2.0,173.5
SIA,SP,202502,2787512,0211020036,163.0,839.45
SIA,SP,202502,3212130,0211020036,211.0,1086.65
SIA,SP,202502,2071371,0206030037,23.0,3188.49
SIA,SP,202502,2787547,0211020036,32.0,164.8
SIA,SP,202502,2787849,0211020036,1.0,5.15
SIA,SP,202502,2787954,0211020036,27.0,139.05
SIA,SP,202502,2787970,0211020036,103.0,530.45
SIA,SP,202502,2076896,0206020023,8.0,694.0
SIA,SP,202502,2092344,0206030010,65.0,9010.95
SIA,SP,202502,2752190,0211020036,59.0,303.85
SIA,SP,202502,2080788,0206030029,13.0,1127.75
SIA,SP,202502,2077450,0206010052,8.0,694.0
SIA,SP,202502,2077639,0206020023,9.0,780.75
SIA,SP,202502,2077493,0206020023,5.0,433.75
SIA,SP,202502,5420938,0206020023,3.0,260.25
SIA,SP,202502,2081695,0206030037,396.0,54897.48
SIA,SP,202502,3290689,0206030029,3.0,260.25
SIA,SP,202502,4050401,0211020036,26.0,133.9
SIA,SP,202502,2077477,0211020036,1788.0,9208.2
SIA,SP,202502,3049213,0211020036,58.0,298.7
SIA,SP,202502,7711980,0206010010,7.0,607.32
SIA,SP,202502,2789205,0211020036,103.0,530.45
SIA,SP,202502,2787253,0211020036,50.0,257.5
SIA,SP,202502,3661660,0211020036,106.0,545.9
SIA,SP,202502,2077485,0206030037,396.0,54897.48
SIA,SP,202502,6916074,0211020036,375.0,1931.25
SIA,SP,202502,3212130,0206010010,34.0,2949.84
SIA,SP,202502,5595746,0211020036,160.0,824.0
SIA,SP,202502,2082861,0206020031,185.0,25235.85
SIA,SP,202502,2082861,0206030010,382.0,52956.66
SIA,SP,202502,2084139,0206010052,5.0,433.75
SIA,SP,202502,2074257,0211020036,84.0,432.6
SIA,SP,202502,5200105,0211020036,318.0,1637.7
SIA,SP,202502,2082861,0211020036,357.0,1838.55
SIA,SP,202502,2078287,0206020023,4.0,347.0
SIA,SP,202502,2090589,0211020036,224.0,1153.6
SIA,SP,202502,2071371,0206020031,23.0,3137.43
SIA,SP,202502,2786680,0206010010,252.0,21863.52
SIA,SP,202502,2091399,0211020036,300.0,1545.0
SIA,SP,202502,2072130,0211020036,103.0,530.45
SIA,SP,202502,2082829,0206010052,38.0,3296.5
SIA,SP,202502,5200105,0206020031,107.0,14595.87
SIA,SP,202502,5200105,0206030010,277.0,38400.51
SIA,SP,202502,2080427,0211020036,81.0,417.15
SIA,SP,202502,2082861,0206030029,23.0,1995.25
SIA,SP,202502,2078155,0206020031,31.0,4228.71
SIA,SP,202502,2080575,0208010033,16.0,6129.12
SIA,SP,202502,2688573,0211020036,693.0,3568.95
SIA,SP,202502,5200105,0211020060,28.0,840.0
SIA,SP,202502,3290689,0206010010,4.0,347.04
SIA,SP,202502,9950931,0206010052,13.0,1127.75
SIA,SP,202502,2688689,0211020060,20.0,600.0
SIA,SP,202502,5200105,0206030029,40.0,3470.0
SIA,SP,202502,2065444,0211020036,146.0,751.9
SIA,SP,202502,2077477,0211020060,74.0,2220.0
SIA,SP,202502,2080346,0206010010,91.0,7895.16
SIA,SP,202502,9241183,0211020036,46.0,236.9
SIA,SP,202502,2081970,0206010010,114.0,9890.64
SIA,SP,202502,9332952,0206010036,21.0,1821.96
SIA,SP,202502,7992890,0206010079,190.0,18513.6
SIA,SP,202502,9472940,0206010079,589.0,57392.16
SIA,SP,202502,9465464,0206010079,355.0,34591.2
SIA,SP,202502,9472940,0206020031,128.0,17460.48
SIA,SP,202502,9465464,0206020031,108.0,14732.28
SIA,SP,202502,9539824,0206020031,182.0,24826.62
SIA,SP,202502,9547231,0206010079,115.0,11205.6
SIA,SP,202502,5420938,0206010079,419.0,40827.36
SIA,SP,202502,5420938,0206020031,307.0,41877.87
SIA,SP,202502,2080125,0206030010,866.0,120053.58
SIA,SP,202502,2077574,0206020031,398.0,54291.18
SIA,SP,202502,2080125,0206010028,619.0,62580.9
SIA,SP,202502,7330847,0206020031,371.0,50608.11
SIA,SP,202502,7330847,0206010079,433.0,42191.52
SIA,SP,202502,7527004,0206010079,753.0,73372.32
SIA,SP,202502,9332952,0206020031,87.0,11867.67
SIA,SP,202502,7711980,0206020031,741.0,101079.81
SIA,SP,202502,2075962,0206010044,58.0,5031.5
SIA,SP,202502,2077590,0206020031,527.0,71888.07
SIA,SP,202502,0483214,0206010079,345.0,33616.8
SIA,SP,202502,9465464,0206010036,28.0,2429.28
SIA,SP,202502,7861249,0206020031,61.0,8321.01
SIA,SP,202502,9539824,0206010036,55.0,4771.8
SIA,SP,202502,7527004,0206010044,118.0,10236.5
SIA,SP,202502,7992890,0206010044,25.0,2168.75
SIA,SP,202502,2080788,0206010010,8.0,694.08
SIA,SP,202502,2077450,0206020031,125.0,17051.25
SIA,SP,202502,2075962,0206020031,533.0,72706.53
SIA,SP,202502,2077450,0206010079,274.0,26698.56
SIA,SP,202502,6123740,0206030010,1926.0,267001.38
SIA,SP,202502,7496117,0208010025,59.0,24102.68
SIA,SP,202502,2076896,0206010079,127.0,12374.88
SIA,SP,202502,2077639,0206010079,381.0,37124.64
SIA,SP,202502,2077639,0206020031,268.0,36557.88
SIA,SP,202502,2076926,0206030010,624.0,86505.12
SIA,SP,202502,2786680,0206010079,779.0,75905.76
SIA,SP,202502,7527004,0206020031,444.0,60566.04
SIA,SP,202502,2082829,0206010010,43.0,3730.68
SIA,SP,202502,2082829,0206010079,474.0,46186.56
SIA,SP,202502,2786680,0206020031,230.0,31374.3
SIA,SP,202502,5200105,0206010036,36.0,3123.36
SIA,SP,202502,2081970,0206010079,490.0,47745.6
SIA,SP,202502,2080346,0206020031,364.0,49653.24
SIA,SP,202502,2080346,0206010079,517.0,50376.48
SIA,SP,202502,2081970,0206010044,121.0,10496.75
SIA,SP,202502,2084139,0206010079,327.0,31862.88
SIA,SP,202502,2080583,0206010079,122.0,11887.68
SIA,SP,202502,7527004,0206010036,117.0,10150.92
SIA,SP,202502,7582617,0206010079,180.0,17539.2
SIA,SP,202502,2089785,0206020031,163.0,22234.83
SIA,SP,202502,2089785,0206010036,24.0,2082.24
SIA,SP,202502,2080788,0206010079,147.0,14323.68
SIA,SP,202502,2089785,0206010079,234.0,22800.96
SIA,SP,202502,9332952,0206010079,107.0,10426.08
SIA,SP,202502,7992890,0206020031,96.0,13095.36
SIA,SP,202502,2077485,0206010028,89.0,8997.9
SIA,SP,202502,2688689,0206030010,743.0,103002.09
SIA,SP,202502,2688689,0208010025,696.0,284329.92
SIA,SP,202502,2688689,0206010010,243.0,21082.68
SIA,SP,202502,2688689,0206010028,130.0,13143.0
SIA,SP,202502,6479200,0206030010,227.0,31469.01
SIA,SP,202502,2688573,0206010028,183.0,18501.3
SIA,SP,202502,9491112,0206030010,163.0,22596.69
SIA,SP,202502,2688573,0206030010,531.0,73612.53
SIA,SP,202502,2075962,0206010079,262.0,25529.28
SIA,SP,202502,2786680,0206010036,128.0,11105.28
SIA,SP,202502,2089696,0206020031,58.0,7911.78
SIA,SP,202502,2082829,0206020031,150.0,20461.5
SIA,SP,202502,3212130,0206010079,334.0,32544.96
SIA,SP,202502,2081970,0206020031,218.0,29737.38
SIA,SP,202502,5420938,0206010044,45.0,3903.75
SIA,SP,202502,2071568,0206010010,3.0,260.28
SIA,SP,202502,2077523,0206020031,273.0,37239.93
SIA,SP,202502,2077485,0206030010,425.0,58917.75
SIA,SP,202502,2089696,0206010044,11.0,954.25
SIA,SP,202502,2084139,0206010036,28.0,2429.28
SIA,SP,202502,9491112,0206010010,84.0,7287.84
SIA,SP,202502,2076926,0206010010,109.0,9456.84
SIA,SP,202502,2077450,0206010044,54.0,4684.5
SIA,SP,202502,4651693,0206010044,28.0,2429.0
SIA,SP,202502,7330847,0206010036,4.0,347.04
SIA,SP,202502,2076896,0206020031,62.0,8457.42
SIA,SP,202502,2078325,0206010044,44.0,3817.0
SIA,SP,202502,5718368,0206020031,109.0,14868.69
SIA,SP,202502,2076926,0206020023,4.0,347.0
SIA,SP,202502,2080788,0206010052,5.0,433.75
SIA,SP,202502,2080346,0206010044,135.0,11711.25
SIA,SP,202502,2078325,0206010079,200.0,19488.0
SIA,SP,202502,2078325,0206020031,111.0,15141.51
SIA,SP,202502,2080788,0206020031,45.0,6138.45
SIA,SP,202502,2082861,0206010036,20.0,1735.2
SIA,SP,202502,2082829,0206010044,81.0,7026.75
SIA,SP,202502,2084139,0206020031,156.0,21279.96
SIA,SP,202502,2077426,0206010010,63.0,5465.88
SIA,SP,202502,2077426,0206030010,313.0,43391.19
SIA,SP,202502,2080125,0206010010,188.0,16310.88
SIA,SP,202502,2071371,0206030010,23.0,3188.49
SIA,SP,202502,2077531,0206020031,167.0,22780.47
SIA,SP,202502,5718368,0206010079,468.0,45601.92
SIA,SP,202502,2077485,0206010010,38.0,3296.88
SIA,SP,202502,5718368,0206010036,20.0,1735.2
SIA,SP,202502,2077620,0206010028,173.0,17490.3
SIA,SP,202502,9332952,0206010044,29.0,2515.75
SIA,SP,202502,9539824,0206010079,127.0,12374.88
SIA,SP,202502,2077620,0206030010,144.0,19962.72
SIA,SP,202502,2081695,0206030010,396.0,54897.48
SIA,SP,202502,2787431,0211020036,21.0,108.15
SIA,SP,202502,2080346,0211020036,176.0,906.4
SIA,SP,202502,0483214,0206020031,103.0,14050.23
SIA,SP,202502,5718368,0206010044,57.0,4944.75
SIA,SP,202502,2688573,0206010010,43.0,3730.68
SIA,SP,202502,9491112,0206010028,82.0,8290.2
SIA,SP,202502,2076926,0206010028,73.0,7380.3
SIA,SP,202502,2081695,0206010028,89.0,8997.9
SIA,SP,202502,6123740,0206010028,66.0,6672.6
SIA,SP,202502,2787385,0211020036,33.0,169.95
SIA,SP,202502,3212130,0206010044,38.0,3296.5
SIA,SP,202502,2084139,0206010044,28.0,2429.0
SIA,SP,202502,7582617,0206020031,87.0,11867.67
SIA,SP,202502,9950931,0206010079,94.0,9159.36
SIA,SP,202502,2080125,0208010025,71.0,29004.92
SIA,SP,202502,2077639,0206010036,15.0,1301.4
SIA,SP,202502,2786680,0206010044,163.0,14140.25
SIA,SP,202502,2084473,0206020015,11.0,954.25
SIA,SP,202502,7711980,0206010079,42.0,4092.48
SIA,SP,202502,9465464,0206010044,73.0,6332.75
SIA,SP,202502,9547231,0206020031,32.0,4365.12
SIA,SP,202502,2786680,0206010052,25.0,2168.75
SIA,SP,202502,2080427,0206030029,8.0,694.0
SIA,SP,202502,9547231,0206010044,18.0,1561.5
SIA,SP,202502,2089084,0206020031,70.0,9548.7
SIA,SP,202502,2077426,0206010028,54.0,5459.4
SIA,SP,202502,2077639,0206010044,37.0,3209.75
SIA,SP,202502,2077493,0211020036,1.0,5.15
SIA,SP,202502,2084139,0206010010,37.0,3210.12
SIA,SP,202502,2077485,0208010025,33.0,13481.16
SIA,SP,202502,6998194,0206010079,55.0,5359.2
SIA,SP,202502,2081970,0206010036,42.0,3643.92
SIA,SP,202502,3212130,0206020031,94.0,12822.54
SIA,SP,202502,2089696,0206010079,23.0,2241.12
SIA,SP,202502,7582617,0206010044,41.0,3556.75
SIA,SP,202502,2787776,0211020036,19.0,97.85
SIA,SP,202502,2088517,0206030010,18.0,2495.34
SIA,SP,202502,2787555,0211020036,68.0,350.2
SIA,SP,202502,2091755,0206010028,30.0,3033.0
SIA,SP,202502,2077639,0206010010,25.0,2169.0
SIA,SP,202502,0102105,0206010079,8.0,779.52
SIA,SP,202502,2091755,0206030010,102.0,14140.26
SIA,SP,202502,2080583,0206010010,14.0,1214.64
SIA,SP,202502,5420938,0206010036,22.0,1908.72
SIA,SP,202502,2082225,0211020036,100.0,515.0
SIA,SP,202502,7861249,0206010079,100.0,9744.0
SIA,SP,202502,2787350,0211020036,61.0,314.15
SIA,SP,202502,2079410,0211020036,324.0,1668.6
SIA,SP,202502,2084473,0206010052,10.0,867.5
SIA,SP,202502,2080583,0206010036,7.0,607.32
SIA,SP,202502,3444538,0211020036,229.0,1179.35
SIA,SP,202502,0483214,0206010044,40.0,3470.0
SIA,SP,202502,2075962,0206010036,25.0,2169.0
SIA,SP,202502,2077523,0211020036,3.0,15.45
SIA,SP,202502,9547231,0206010036,6.0,520.56
SIA,SP,202502,2080125,0206020023,4.0,347.0
SIA,SP,202502,2081695,0206010010,106.0,9196.56
SIA,SP,202502,2077620,0206010010,26.0,2255.76
SIA,SP,202502,2080346,0206010036,49.0,4251.24
SIA,SP,202502,4651693,0206020031,78.0,10639.98
SIA,SP,202502,4651693,0206010036,29.0,2516.04
SIA,SP,202502,2080788,0206010044,14.0,1214.5
SIA,SP,202502,6479200,0208010025,47.0,19200.44
SIA,SP,202502,4651693,0206010079,46.0,4482.24
SIA,SP,202502,2080346,0206010052,38.0,3296.5
SIA,SP,202502,2078325,0206010052,3.0,260.25
SIA,SP,202502,7582617,0206010036,7.0,607.32
SIA,SP,202502,2079070,0211020036,111.0,571.65
SIA,SP,202502,2079321,0206010044,54.0,4684.5
SIA,SP,202502,2078155,0206030029,22.0,1908.5
SIA,SP,202502,3212130,0206010036,21.0,1821.96
SIA,SP,202502,2082861,0206010052,14.0,1214.5
SIA,SP,202502,6123740,0206010010,40.0,3470.4
SIA,SP,202502,0483214,0206010036,39.0,3383.64
SIA,SP,202502,2091755,0206010010,24.0,2082.24
SIA,SP,202502,2786958,0211020036,64.0,329.6
SIA,SP,202502,9950931,0206010044,87.0,7547.25
SIA,SP,202502,9539824,0206010044,23.0,1995.25
SIA,SP,202502,2077450,0206010036,24.0,2082.24
SIA,SP,202502,7582617,0206010052,13.0,1127.75
SIA,SP,202502,7711980,0206010044,6.0,520.5
SIA,SP,202502,9950931,0206020031,44.0,6002.04
SIA,SP,202502,2069008,0206010028,5.0,505.5
SIA,SP,202502,2077590,0206010079,62.0,6041.28
SIA,SP,202502,2077671,0206020023,31.0,2689.25
SIA,SP,202502,2079186,0211020036,156.0,803.4
SIA,SP,202502,2076896,0206010044,25.0,2168.75
SIA,SP,202502,2088517,0206010010,8.0,694.08
SIA,SP,202502,2077590,0206010036,7.0,607.32
SIA,SP,202502,2091313,0206020031,54.0,7366.14
SIA,SP,202502,2069768,0211020036,96.0,494.4
SIA,SP,202502,2080583,0206020031,47.0,6411.27
SIA,SP,202502,2787237,0211020036,58.0,298.7
SIA,SP,202502,7711980,0206010036,12.0,1041.12
SIA,SP,202502,6479200,0206010028,7.0,707.7
SIA,SP,202502,2069008,0206030010,15.0,2079.45
SIA,SP,202502,2091658,0211020036,904.0,4655.6
SIA,SP,202502,9950931,0206010036,22.0,1908.72
SIA,SP,202502,2076896,0206010036,6.0,520.56
SIA,SP,202502,2787083,0211020036,25.0,128.75
SIA,SP,202502,2752204,0211020036,106.0,545.9
SIA,SP,202502,3004341,0211020036,17.0,87.55
SIA,SP,202502,2080788,0206010036,5.0,433.8
SIA,SP,202502,2028840,0206030037,2.0,277.26
SIA,SP,202502,7330847,0206010044,3.0,260.25
SIA,SP,202502,2082829,0206010036,20.0,1735.2
SIA,SP,202502,2774828,0211020036,208.0,1071.2
SIA,SP,202502,2774771,0211020036,71.0,365.65
SIA,SP,202502,2078155,0206010052,2.0,173.5
SIA,SP,202502,2787342,0211020036,188.0,968.2
SIA,SP,202502,2787334,0211020036,29.0,149.35
SIA,SP,202502,2787245,0211020036,109.0,561.35
SIA,SP,202502,2086816,0211020036,136.0,700.4
SIA,SP,202502,2077531,0206010079,12.0,1169.28
SIA,SP,202502,2077531,0208010033,1.0,383.07
SIA,SP,202502,2089777,0206020031,13.0,1773.33
SIA,SP,202502,2078155,0206010036,2.0,173.52
SIA,SP,202502,2080427,0206020031,19.0,2591.79
SIA,SP,202502,2080583,0206010044,17.0,1474.75
SIA,SP,202502,0102105,0206010010,1.0,86.76
SIA,SP,202502,2071568,0206020023,4.0,347.0
SIA,SP,202502,2068974,0206020023,8.0,694.0
SIA,SP,202502,6479200,0206010010,3.0,260.28
SIA,SP,202502,2079321,0206010010,15.0,1301.4
SIA,SP,202502,6998194,0206020031,11.0,1500.51
SIA,SP,202502,2786729,0211020036,17.0,87.55
SIA,SP,202502,2787733,0211020036,15.0,77.25
SIA,SP,202502,2080575,0211020036,86.0,442.9
SIA,SP,202502,2089785,0206010044,11.0,954.25
SIA,SP,202502,2708779,0206010010,5.0,433.8
SIA,SP,202502,2078325,0206010010,3.0,260.28
SIA,SP,202502,2077531,0206010044,7.0,607.25
SIA,SP,202502,2089785,0206010052,10.0,867.5
SIA,SP,202502,3212130,0206010052,5.0,433.75
SIA,SP,202502,9472940,0206010036,6.0,520.56
SIA,SP,202502,2089777,0206010079,26.0,2533.44
SIA,SP,202502,6998194,0206010044,7.0,607.25
SIA,SP,202502,2089785,0206010010,5.0,433.8
SIA,SP,202502,2092344,0206020023,7.0,607.25
SIA,SP,202502,2091755,0211020036,122.0,628.3
SIA,SP,202502,3002926,0211020036,72.0,370.8
SIA,SP,202502,3074544,0211020036,1.0,5.15
SIA,SP,202502,2751895,0211020036,14.0,72.1
SIA,SP,202502,7496117,0211020060,153.0,4590.0
SIA,SP,202502,9472940,0206010044,3.0,260.25
SIA,SP,202502,2787377,0211020036,68.0,350.2
SIA,SP,202502,2786923,0211020036,133.0,684.95
SIA,SP,202502,2786915,0211020036,135.0,695.25
SIA,SP,202502,2089696,0206010036,2.0,173.52
SIA,SP,202502,2066572,0206010028,4.0,404.4
SIA,SP,202502,2789221,0211020036,36.0,185.4
SIA,SP,202502,2752263,0211020036,133.0,684.95
SIA,SP,202502,6998194,0206010052,1.0,86.75
SIA,SP,202502,0102105,0206020031,2.0,272.82
SIA,SP,202502,7496117,0211020036,369.0,1900.35
SIA,SP,202502,2787881,0211020036,291.0,1498.65
SIA,SP,202502,2786974,0211020036,6.0,30.9
SIA,SP,202502,2787857,0211020036,37.0,190.55
SIA,SP,202502,2077752,0211020036,100.0,515.0
SIA,SP,202502,2077639,0206010052,32.0,2776.0
SIA,SP,202502,2071371,0206010028,1.0,101.1
SIA,SP,202502,2066572,0206010010,1.0,86.76
SIA,SP,202502,2080575,0206020031,6.0,818.46
SIA,SP,202502,6432530,0211020036,358.0,1843.7
SIA,SP,202502,2787024,0211020036,15.0,77.25
SIA,SP,202502,2787202,0211020036,113.0,581.95
SIA,SP,202502,2077655,0206020031,6.0,818.46
SIA,SP,202502,2078155,0206030010,21.0,2911.23
SIA,SP,202502,2068966,0211020036,387.0,1993.05
SIA,SP,202502,2077590,0206010044,5.0,433.75
SIA,SP,202502,2774798,0211020036,26.0,133.9
SIA,SP,202502,9491112,0211020060,9.0,270.0
SIA,SP,202502,2077639,0211020036,355.0,1828.25
SIA,SP,202502,2080583,0206010052,3.0,260.25
SIA,SP,202502,2751976,0211020036,522.0,2688.3
SIA,SP,202502,2081695,0211020036,340.0,1751.0
SIA,SP,202502,2787628,0211020036,1.0,5.15
SIA,SP,202502,3738663,0211020036,144.0,741.6
SIA,SP,202502,2069008,0206010010,1.0,86.76
SIA,SP,202502,2080427,0206030010,35.0,4852.05
SIA,SP,202502,2081695,0211020060,8.0,240.0
SIA,SP,202502,2766019,0211020036,69.0,355.35
SIA,SP,202502,3708411,0211020036,86.0,442.9
SIA,SP,202502,3738647,0211020036,205.0,1055.75
SIA,SP,202502,3614948,0211020036,97.0,499.55
SIA,SP,202502,2081970,0206010052,27.0,2342.25
SIA,SP,202502,2787679,0211020036,62.0,319.3
SIA,SP,202502,2787326,0211020036,9.0,46.35
SIA,SP,202502,2787091,0211020036,47.0,242.05
SIA,SP,202502,2071371,0206010036,1.0,86.76
SIA,SP,202502,2787865,0211020036,40.0,206.0
SIA,SP,202502,2752379,0211020036,288.0,1483.2
SIA,SP,202502,9332952,0206010060,1.0,97.44
SIA,SP,202502,2089084,0206010052,6.0,520.5
SIA,SP,202502,2752328,0211020036,17.0,87.55
SIA,SP,202502,2787911,0211020036,45.0,231.75
SIA,SP,202502,2787520,0211020036,19.0,97.85
SIA,SP,202502,2077590,0206010060,1.0,97.44
SIA,SP,202502,2077655,0206010010,3.0,260.28
SIA,SP,202502,2080427,0206010036,2.0,173.52
SIA,SP,202502,2080427,0206010052,3.0,260.25
SIA,SP,202502,2075962,0206010052,1.0,86.75
SIA,SP,202502,2787040,0211020036,30.0,154.5
SIA,SP,202502,3290689,0206010079,5.0,487.2
SIA,SP,202502,2078325,0206010036,6.0,520.56
SIA,SP,202502,2787504,0211020036,66.0,339.9
SIA,SP,202502,2752271,0211020036,38.0,195.7
SIA,SP,202502,3219887,0211020036,18.0,92.7
SIA,SP,202502,2084473,0211020036,1.0,5.15
SIA,SP,202502,2751852,0211020036,264.0,1359.6
SIA,SP,202502,2088495,0211020060,406.0,12180.0
SIA,SP,202502,2088495,0211020036,3280.0,16892.0
SIA,SP,202502,2089696,0206010052,7.0,607.25
SIA,SP,202502,9472940,0206010010,3.0,260.28
SIA,SP,202502,2788993,0211020036,47.0,242.05
SIA,SP,202502,2077531,0206010036,3.0,260.28
SIA,SP,202502,2787725,0211020036,122.0,628.3
SIA,SP,202502,2787393,0211020036,42.0,216.3
SIA,SP,202502,7992890,0206010052,5.0,433.75
SIA,SP,202502,2079410,0206020023,1.0,86.75
SIA,SP,202502,2076926,0211020060,43.0,1290.0
SIA,SP,202502,2089084,0206010060,2.0,194.88
SIA,SP,202502,5200105,0206010052,4.0,347.0
SIA,SP,202502,2078813,0211020036,53.0,272.95
SIA,SP,202502,2028840,0206030010,2.0,277.26
SIA,SP,202502,2787717,0211020036,11.0,56.65
SIA,SP,202502,2787768,0211020036,162.0,834.3
SIA,SP,202502,2077655,0206010079,1.0,97.44
SIA,SP,202502,2084473,0206020023,4.0,347.0
SIA,SP,202502,2080575,0206010052,1.0,86.75
SIA,SP,202502,2080427,0206020023,2.0,173.5
SIA,SP,202502,2080125,0211020036,311.0,1601.65
SIA,SP,202502,2077655,0206030037,1.0,138.63
SIA,SP,202502,2077485,0902010018,35.0,4550.0
SIA,SP,202502,2078287,0902010018,210.0,27300.0
SIA,SP,202502,2077485,0211020010,123.0,89794.92
SIA,SP,202502,2077590,0206010095,28.0,59002.16
SIA,SP,202502,2088495,0211020010,288.0,210251.52
SIA,SP,202502,2088517,0206020015,1.0,86.75
SIA,SP,202502,2078287,0206010095,153.0,322404.66
SIA,SP,202502,2077477,0211020010,210.0,153308.4
SIA,SP,202502,4651693,0206020023,3.0,260.25
SIA,SP,202502,9539824,0206020023,3.0,260.25
SIA,SP,202502,2079321,0206020023,4.0,347.0
SIA,SP,202502,2073471,0211020036,8.0,41.2
SIA,SP,202502,2078287,0211020036,1211.0,4918.25
SIA,SP,202502,2078287,0902010026,46.0,9200.0
SIA,SP,202502,2078015,0206010095,177.0,372977.94
SIA,SP,202502,2049244,0211020036,121.0,623.15
SIA,SP,202502,2048094,0211020036,1.0,5.15
SIA,SP,202502,7711980,0206030029,1.0,86.75
SIA,SP,202502,0605484,0211020036,184.0,947.6
SIA,SP,202502,2708760,0211020036,174.0,896.1
SIA,SP,202502,2071568,0206010036,2.0,173.52
SIA,SP,202502,7582617,0206020023,3.0,260.25
SIA,SP,202502,5883229,0211020036,730.0,3759.5
SIA,SP,202502,2080125,0206010095,13.0,27393.86
SIA,SP,202502,2079321,0211020036,11.0,56.65
SIA,SP,202502,2066572,0206010044,2.0,173.5
SIA,SP,202502,3290689,0206020023,1.0,86.75
SIA,SP,202502,2708779,0211020036,257.0,1323.55
SIA,SP,202502,0102105,0206030029,1.0,86.75
SIA,SP,202502,7499078,0211020036,15.0,77.25
SIA,SP,202502,2078325,0206020023,3.0,260.25
SIA,SP,202502,2688689,0211020010,9.0,6570.36
SIA,SP,202502,2071282,0211020036,11.0,56.65
SIA,SP,202502,7792522,0211020036,631.0,3249.65
SIA,SP,202502,2055449,0211020036,216.0,1112.4
SIA,SP,202502,9794506,0211020036,680.0,3502.0
SIA,SP,202502,9332952,0206020023,4.0,347.0
SIA,SP,202502,2077531,0206010095,2.0,4214.44
SIA,SP,202502,6479200,0206010095,13.0,27393.86
SIA,SP,202502,2054353,0211020036,101.0,520.15
SIA,SP,202502,0102105,0206020023,1.0,86.75
SIA,SP,202502,2078325,0206030029,5.0,433.75
SIA,SP,202502,2091755,0206010052,3.0,260.25
SIA,SP,202502,3290689,0206030037,1.0,138.63
SIA,SP,202502,2078155,0206020023,2.0,173.5
SIA,SP,202502,2088517,0206010052,2.0,173.5
SIA,SP,202502,9547231,0206020023,1.0,86.75
SIA,SP,202502,2028840,0206010052,1.0,86.75
SIA,SP,202502,2068931,0211020036,522.0,2688.3
SIA,SP,202502,2078155,0211020060,117.0,3510.0
SIA,SP,202502,2078015,0206010087,1.0,138.63
SIA,SP,202502,2028840,0206010044,1.0,86.75
SIA,SP,202502,9491112,0211020036,713.0,3671.95
SIA,SP,202502,2089696,0206010010,1.0,86.76
SIA,SP,202502,3444538,0211020060,13.0,390.0
SIA,SP,202502,2028840,0206010010,1.0,86.76
SIA,SP,202502,6998194,0206010010,1.0,86.76
SIA,SP,202502,2071371,0206010010,2.0,173.52
SIA,SP,202502,2077485,0206010060,1.0,97.44
SIA,SP,202502,2071371,0206020023,1.0,86.75
SIA,SP,202502,2040069,0211020036,53.0,272.95
SIA,SP,202502,2080583,0211020036,177.0,911.55
SIA,SP,202502,2066092,0206010060,1.0,97.44
SIA,SP,202502,2089785,0211020010,201.0,146738.04
SIA,SP,202502,2091542,0211020060,11.0,330.0
SIA,SP,202502,7992890,0206010036,1.0,86.76
SIA,SP,202502,0812226,0211020036,738.0,3800.7
SIA,SP,202502,2078155,0211020010,106.0,77384.24
SIA,SP,202502,2078155,0211020036,411.0,2116.65
SIA,SP,202502,4234774,0211020036,179.0,921.85
SIA,SP,202502,2027240,0211020036,180.0,927.0
SIA,SP,202502,6133525,0211020036,147.0,757.05
SIA,SP,202502,2788888,0211020036,29.0,149.35
SIA,SP,202502,6283616,0211020036,2.0,10.3
SIA,SP,202502,6391893,0211020036,76.0,391.4
SIA,SP,202502,5713870,0211020036,39.0,200.85
SIA,SP,202502,5731143,0211020036,69.0,355.35
SIA,SP,202502,2789051,0211020036,163.0,839.45
SIA,SP,202502,2788217,0211020036,99.0,509.85
SIA,SP,202502,2788845,0211020036,24.0,123.6
SIA,SP,202502,6194990,0211020036,104.0,535.6
SIA,SP,202502,0873268,0211020036,401.0,2065.15
SIA,SP,202502,2075016,0211020036,111.0,571.65
SIA,SP,202502,2788314,0211020036,20.0,103.0
SIA,SP,202502,6131670,0211020036,198.0,1019.7
SIA,SP,202502,2092344,0206010060,1.0,97.44
SIA,SP,202502,2789043,0211020036,40.0,206.0
SIA,SP,202502,9618694,0211020036,27.0,139.05
SIA,SP,202502,2057891,0211020036,87.0,448.05
SIA,SP,202502,2069032,0211020036,378.0,1946.7
SIA,SP,202502,6592899,0211020036,92.0,473.8
SIA,SP,202502,6200389,0211020036,83.0,427.45
SIA,SP,202502,5420938,0211020036,489.0,2518.35
SIA,SP,202502,2042827,0211020036,156.0,803.4
SIA,SP,202502,2789116,0211020036,36.0,185.4
SIA,SP,202502,2788934,0211020036,42.0,216.3
SIA,SP,202502,9736700,0211020036,336.0,1730.4
SIA,SP,202502,2076896,0211020036,195.0,1004.25
SIA,SP,202502,2077590,0211020036,201.0,1035.15
SIA,SP,202502,2037971,0211020036,328.0,1689.2
SIA,SP,202502,9632387,0211020036,108.0,556.2
SIA,SP,202502,4434722,0211020036,660.0,3399.0
SIA,SP,202502,0958433,0211020036,75.0,386.25
SIA,SP,202502,0997730,0211020036,654.0,3368.1
SIA,SP,202502,2788233,0211020036,66.0,339.9
SIA,SP,202502,2075407,0211020036,141.0,726.15
SIA,SP,202502,2788411,0211020036,29.0,149.35
SIA,SP,202502,2788446,0211020036,91.0,468.65
SIA,SP,202502,6133622,0211020036,277.0,1426.55
SIA,SP,202502,6408168,0211020036,41.0,211.15
SIA,SP,202502,9950931,0211020036,554.0,2853.1
SIA,SP,202502,7479387,0211020036,628.0,3234.2
SIA,SP,202502,2075202,0211020036,136.0,700.4
SIA,SP,202502,4049985,0211020036,24.0,123.6
SIA,SP,202502,9505946,0211020036,243.0,1251.45
SIA,SP,202502,9465464,0211020036,262.0,1349.3
SIA,SP,202502,7672578,0211020036,114.0,587.1
SIA,SP,202502,2788764,0211020036,53.0,272.95
SIA,SP,202502,7378394,0211020036,579.0,2981.85
SIA,SP,202502,0466611,0211020036,229.0,1179.35
SIA,SP,202502,2027720,0211020036,46.0,236.9
SIA,SP,202502,2027526,0211020036,55.0,283.25
SIA,SP,202502,6728626,0211020036,145.0,746.75
SIA,SP,202502,2062658,0211020036,134.0,690.1
SIA,SP,202502,2064820,0211020036,41.0,211.15
SIA,SP,202502,2069040,0211020036,358.0,1843.7
SIA,SP,202502,6133460,0211020036,456.0,2348.4
SIA,SP,202502,6394558,0211020036,16.0,82.4
SIA,SP,202502,2787806,0211020036,31.0,159.65
SIA,SP,202502,2068109,0211020036,78.0,401.7
SIA,SP,202502,2043017,0211020036,16.0,82.4
SIA,SP,202502,6873286,0211020036,17.0,87.55
SIA,SP,202502,9997091,0211020036,107.0,551.05
SIA,SP,202502,4049918,0211020036,270.0,1390.5
SIA,SP,202502,6998208,0211020036,458.0,2358.7
SIA,SP,202502,6156959,0211020036,222.0,1143.3
SIA,SP,202502,6148336,0211020036,6.0,30.9
SIA,SP,202502,2075423,0211020036,247.0,1272.05
SIA,SP,202502,0974730,0211020036,421.0,2168.15
SIA,SP,202502,6391869,0211020036,64.0,329.6
SIA,SP,202502,2074079,0211020036,81.0,417.15
SIA,SP,202502,7711980,0211020036,131.0,674.65
SIA,SP,202502,2067803,0211020036,10.0,51.5
SIA,SP,202502,9349898,0211020036,473.0,2435.95
SIA,SP,202502,4050320,0211020036,147.0,757.05
SIA,SP,202502,2788527,0211020036,192.0,988.8
SIA,SP,202502,4050134,0211020036,19.0,97.85
SIA,SP,202502,9624988,0211020036,15.0,77.25
SIA,SP,202502,4091248,0211020036,489.0,2518.35
SIA,SP,202502,6146341,0211020036,870.0,4480.5
SIA,SP,202502,2042932,0211020036,80.0,412.0
SIA,SP,202502,9971513,0211020036,405.0,2085.75
SIA,SP,202502,6135978,0211020036,41.0,211.15
SIA,SP,202502,2788861,0211020036,92.0,473.8
SIA,SP,202502,2788705,0211020036,22.0,113.3
SIA,SP,202502,2788322,0211020036,210.0,1081.5
SIA,SP,202502,9051422,0211020036,478.0,2461.7
SIA,SP,202502,2788659,0211020036,63.0,324.45
SIA,SP,202502,2788810,0211020036,95.0,489.25
SIA,SP,202502,9423206,0211020036,189.0,973.35
SIA,SP,202502,2788020,0211020036,50.0,257.5
SIA,SP,202502,2063670,0211020036,111.0,571.65
SIA,SP,202502,7979649,0211020036,439.0,2260.85
SIA,SP,202502,4050169,0211020036,514.0,2647.1
SIA,SP,202502,4050215,0211020036,148.0,762.2
SIA,SP,202502,2788519,0211020036,103.0,530.45
SIA,SP,202502,6218830,0211020036,252.0,1297.8
SIA,SP,202502,2788780,0211020036,2.0,10.3
SIA,SP,202502,2788756,0211020036,89.0,458.35
SIA,SP,202502,2788721,0211020036,64.0,329.6
SIA,SP,202502,2788225,0211020036,313.0,1611.95
SIA,SP,202502,2077531,0211020036,58.0,298.7
SIA,SP,202502,2077507,0211020036,30.0,154.5
SIA,SP,202502,2788195,0211020036,99.0,509.85
SIA,SP,202502,6194974,0211020036,813.0,4186.95
SIA,SP,202502,6998178,0211020036,970.0,4995.5
SIA,SP,202502,6759998,0211020036,19.0,97.85
SIA,SP,202502,6998194,0211020036,437.0,2250.55
SIA,SP,202502,2040727,0211020036,698.0,3594.7
SIA,SP,202502,9459065,0211020036,62.0,319.3
SIA,SP,202502,7270941,0211020036,18.0,92.7
SIA,SP,202502,4050207,0211020036,86.0,442.9
SIA,SP,202502,2043009,0211020036,205.0,1055.75
SIA,SP,202502,5598419,0211020036,523.0,2693.45
SIA,SP,202502,4050312,0211020036,6.0,30.9
SIA,SP,202502,4493478,0211020036,71.0,365.65
SIA,SP,202502,2788748,0211020036,10.0,51.5
SIA,SP,202502,0873241,0211020036,519.0,2672.85
SIA,SP,202502,5268125,0211020036,86.0,442.9
SIA,SP,202502,4050126,0211020036,33.0,169.95
SIA,SP,202502,4050010,0211020036,7.0,36.05
SIA,SP,202502,7527004,0206030010,1.0,138.63
SIA,SP,202502,2065266,0211020036,86.0,442.9
SIA,SP,202502,0852074,0211020036,473.0,2435.95
SIA,SP,202502,2788632,0211020036,4.0,20.6
SIA,SP,202502,9488413,0211020036,83.0,427.45
SIA,SP,202502,2788802,0211020036,57.0,293.55
SIA,SP,202502,5620341,0211020036,228.0,1174.2
SIA,SP,202502,2046962,0211020036,158.0,813.7
SIA,SP,202502,2026961,0211020036,42.0,216.3
SIA,SP,202502,2788365,0211020036,167.0,860.05
SIA,SP,202502,4050398,0211020036,17.0,87.55
SIA,SP,202502,2788284,0211020036,677.0,3486.55
SIA,SP,202502,7128940,0211020036,9.0,46.35
SIA,SP,202502,7019076,0211020036,168.0,865.2
SIA,SP,202502,2788438,0211020036,66.0,339.9
SIA,SP,202502,2026996,0211020036,140.0,721.0
SIA,SP,202502,4050088,0211020036,73.0,375.95
SIA,SP,202502,7302541,0211020036,50.0,257.5
SIA,SP,202502,2788624,0211020036,29.0,149.35
SIA,SP,202502,6269567,0211020036,129.0,664.35
SIA,SP,202502,4049942,0211020036,57.0,293.55
SIA,SP,202502,4050002,0211020036,48.0,247.2
SIA,SP,202502,4049969,0211020036,30.0,154.5
SIA,SP,202502,6998186,0211020036,28.0,144.2
SIA,SP,202502,2788098,0211020036,17.0,87.55
SIA,SP,202502,2077450,0211020036,84.0,432.6
SIA,SP,202502,2027305,0211020036,14.0,72.1
SIA,SP,202502,2075717,0211020036,266.0,1369.9
SIA,SP,202502,2042983,0211020036,1.0,5.15
SIA,SP,202502,4639057,0211020036,234.0,1205.1
SIA,SP,202502,0102105,0206010028,1.0,101.1
SIA,SP,202502,2080575,0211020010,258.0,188350.32
SIA,SP,202502,4049950,0211020036,75.0,386.25
SIA,SP,202502,4050045,0211020036,128.0,659.2
SIA,SP,202502,6357083,0211020036,83.0,427.45
SIA,SP,202502,2788608,0211020036,56.0,288.4
SIA,SP,202502,2788969,0211020036,31.0,159.65
SIA,SP,202502,6135749,0211020036,265.0,1364.75
SIA,SP,202502,4488318,0211020036,218.0,1122.7
SIA,SP,202502,2788772,0211020036,61.0,314.15
SIA,SP,202502,2788926,0211020036,21.0,108.15
SIA,SP,202502,4050142,0211020036,101.0,520.15
SIA,SP,202502,2787989,0211020036,61.0,314.15
SIA,SP,202502,7407629,0211020036,69.0,355.35
SIA,SP,202502,4050185,0211020036,56.0,288.4
SIA,SP,202502,6964028,0211020036,36.0,185.4
SIA,SP,202502,6143180,0211020036,165.0,849.75
SIA,SP,202502,2789078,0211020036,187.0,963.05
SIA,SP,202502,6136028,0211020036,103.0,530.45
SIA,SP,202502,2788896,0211020036,36.0,185.4
SIA,SP,202502,6138314,0211020036,76.0,391.4
SIA,SP,202502,5636469,0211020036,310.0,1596.5
SIA,SP,202502,2788209,0211020036,14.0,72.1
SIA,SP,202502,2788179,0211020036,26.0,133.9
SIA,SP,202502,2027070,0211020036,69.0,355.35
SIA,SP,202502,2075962,0211020036,619.0,3187.85
SIA,SP,202502,3996115,0211020036,2.0,10.3
SIA,SP,202502,7992890,0211020036,443.0,2281.45
SIA,SP,202502,2788594,0211020036,78.0,401.7
SIA,SP,202502,2788047,0211020036,65.0,334.75
SIA,SP,202502,4050177,0211020036,52.0,267.8
SIA,SP,202502,4049934,0211020036,75.0,386.25
SIA,SP,202502,4049926,0211020036,73.0,375.95
SIA,SP,202502,4049993,0211020036,42.0,216.3
SIA,SP,202502,6123740,0206010095,100.0,210722.0
SIA,SP,202502,7832893,0206010095,19.0,40037.18
SIA,SP,202502,6895263,0206030029,8.0,694.0
SIA,SP,202502,2082349,0206010044,16.0,1388.0
SIA,SP,202502,9755160,0206010036,17.0,1474.92
SIA,SP,202502,2084414,0211020036,251.0,1292.65
SIA,SP,202502,9664203,0206030029,406.0,35220.5
SIA,SP,202502,7373465,0206030029,135.0,11711.25
SIA,SP,202502,6056148,0206010036,9.0,780.84
SIA,SP,202502,2789973,0208010033,92.0,35242.44
SIA,SP,202502,2090236,0208010033,362.0,138671.34
SIA,SP,202502,2082187,0206030029,64.0,5552.0
SIA,SP,202502,2080273,0206020015,11.0,954.25
SIA,SP,202502,7038925,0208010033,88.0,33710.16
SIA,SP,202502,2085194,0206030037,62.0,8595.06
SIA,SP,202502,2786435,0206010036,137.0,11886.12
SIA,SP,202502,3116085,0208010025,103.0,42077.56
SIA,SP,202502,2089327,0208010033,132.0,50565.24
SIA,SP,202502,2080400,0211020036,264.0,1359.6
SIA,SP,202502,3017745,0206010079,354.0,34493.76
SIA,SP,202502,0008923,0206010044,177.0,15354.75
SIA,SP,202502,2026945,0206010044,66.0,5725.5
SIA,SP,202502,3017745,0206030029,3.0,260.25
SIA,SP,202502,7473702,0206030037,119.0,16496.97
SIA,SP,202502,2784602,0206010079,86.0,8379.84
SIA,SP,202502,2090236,0206010036,33.0,2863.08
SIA,SP,202502,0008923,0206020023,25.0,2168.75
SIA,SP,202502,9207295,0206010010,38.0,3296.88
SIA,SP,202502,2084228,0206010079,55.0,5359.2
SIA,SP,202502,2078775,0208010033,67.0,25665.69
SIA,SP,202502,2069776,0206030029,49.0,4250.75
SIA,SP,202502,0008923,0206030010,380.0,52679.4
SIA,SP,202502,3314766,0211020036,166.0,854.9
SIA,SP,202502,7980426,0206030037,13.0,1802.19
SIA,SP,202502,2092611,0206010079,276.0,26893.44
SIA,SP,202502,2081490,0206010010,126.0,10931.76
SIA,SP,202502,2080052,0206030037,133.0,18437.79
SIA,SP,202502,2077396,0206010036,189.0,16397.64
SIA,SP,202502,2082349,0211020036,67.0,345.05
SIA,SP,202502,2078775,0206010036,20.0,1735.2
SIA,SP,202502,2080273,0206030029,88.0,7634.0
SIA,SP,202502,2772310,0206020031,212.0,28918.92
SIA,SP,202502,2024373,0206030037,209.0,28973.67
SIA,SP,202502,2026945,0206030010,166.0,23012.58
SIA,SP,202502,2025507,0206010036,19.0,1648.44
SIA,SP,202502,2087669,0206030037,76.0,10535.88
SIA,SP,202502,3282368,0211020036,78.0,401.7
SIA,SP,202502,5869412,0206020015,2.0,173.5
SIA,SP,202502,2080680,0206030029,64.0,5552.0
SIA,SP,202502,2786435,0206010044,48.0,4164.0
SIA,SP,202502,2084414,0206010079,117.0,11400.48
SIA,SP,202502,2096412,0206010052,6.0,520.5
SIA,SP,202502,2096412,0206020031,74.0,10094.34
SIA,SP,202502,2085194,0206010052,5.0,433.75
SIA,SP,202502,2784602,0206020015,4.0,347.0
SIA,SP,202502,0009601,0206010028,20.0,2022.0
SIA,SP,202502,2025752,0206010079,47.0,4579.68
SIA,SP,202502,6655416,0206030037,62.0,8595.06
SIA,SP,202502,9503196,0206010079,165.0,16077.6
SIA,SP,202502,5075254,0211020060,175.0,5250.0
SIA,SP,202502,0008923,0206010079,986.0,96075.84
SIA,SP,202502,0008923,0206010028,296.0,29925.6
SIA,SP,202502,0008982,0211020036,105.0,540.75
SIA,SP,202502,2798298,0206030037,164.0,22735.32
SIA,SP,202502,2082128,0206010010,23.0,1995.48
SIA,SP,202502,6056148,0206030029,27.0,2342.25
SIA,SP,202502,2087669,0206020031,79.0,10776.39
SIA,SP,202502,2092611,0206010010,69.0,5986.44
SIA,SP,202502,2082349,0206010010,6.0,520.56
SIA,SP,202502,0316180,0211020036,540.0,2781.0
SIA,SP,202502,7108648,0211020036,174.0,896.1
SIA,SP,202502,2025507,0206010079,371.0,36150.24
SIA,SP,202502,9425802,0206010079,113.0,11010.72
SIA,SP,202502,0198986,0208010033,38.0,14556.66
SIA,SP,202502,0008923,0206030037,455.0,63076.65
SIA,SP,202502,6804705,0211020036,52.0,267.8
SIA,SP,202502,2084228,0206020031,55.0,7502.55
SIA,SP,202502,2786435,0206030010,295.0,40895.85
SIA,SP,202502,3880966,0206010079,136.0,13251.84
SIA,SP,202502,6056148,0206010079,136.0,13251.84
SIA,SP,202502,2786435,0206020031,645.0,87984.45
SIA,SP,202502,0008028,0206030037,303.0,42004.89
SIA,SP,202502,2078775,0206010079,366.0,35663.04
SIA,SP,202502,9664203,0206030037,99.0,13724.37
SIA,SP,202502,9664203,0206010010,715.0,62033.4
SIA,SP,202502,2025361,0206030037,203.0,28141.89
SIA,SP,202502,6752233,0206010036,28.0,2429.28
SIA,SP,202502,9425802,0206020015,2.0,173.5
SIA,SP,202502,2077396,0206010079,833.0,81167.52
SIA,SP,202502,2080680,0206010028,85.0,8593.5
SIA,SP,202502,2069776,0206030010,423.0,58640.49
SIA,SP,202502,2077396,0208010033,98.0,37540.86
SIA,SP,202502,2082187,0206010079,348.0,33909.12
SIA,SP,202502,2080680,0206030037,357.0,49490.91
SIA,SP,202502,2080680,0206010010,138.0,11972.88
SIA,SP,202502,2035081,0206010010,75.0,6507.0
SIA,SP,202502,2069776,0206010010,177.0,15356.52
SIA,SP,202502,2069776,0206030037,434.0,60165.42
SIA,SP,202502,2080052,0206010036,40.0,3470.4
SIA,SP,202502,2025361,0206030010,190.0,26339.7
SIA,SP,202502,2079798,0206010079,579.0,56417.76
SIA,SP,202502,7473702,0206010010,173.0,15009.48
SIA,SP,202502,2057050,0208010033,105.0,40222.35
SIA,SP,202502,7400926,0206020015,34.0,2949.5
SIA,SP,202502,7400926,0206010036,17.0,1474.92
SIA,SP,202502,6998704,0206010044,40.0,3470.0
SIA,SP,202502,2080400,0206020031,96.0,13095.36
SIA,SP,202502,2084414,0206020031,122.0,16642.02
SIA,SP,202502,9664203,0206030010,180.0,24953.4
SIA,SP,202502,0404853,0206010079,60.0,5846.4
SIA,SP,202502,2080273,0206030037,349.0,48381.87
SIA,SP,202502,2081482,0206010079,58.0,5651.52
SIA,SP,202502,2077396,0206010044,243.0,21080.25
SIA,SP,202502,6998704,0206010079,365.0,35565.6
SIA,SP,202502,2090236,0206010079,285.0,27770.4
SIA,SP,202502,2748223,0206020015,53.0,4597.75
SIA,SP,202502,9503196,0206010036,19.0,1648.44
SIA,SP,202502,2082128,0208010025,99.0,40443.48
SIA,SP,202502,9207295,0206030037,156.0,21626.28
SIA,SP,202502,2082128,0208010033,99.0,37923.93
SIA,SP,202502,6053858,0206010010,83.0,7201.08
SIA,SP,202502,6822576,0211020036,229.0,1179.35
SIA,SP,202502,2082349,0206030037,106.0,14694.78
SIA,SP,202502,7206771,0211020036,196.0,1009.4
SIA,SP,202502,2087669,0206010044,18.0,1561.5
SIA,SP,202502,2092611,0206020023,6.0,520.5
SIA,SP,202502,0008923,0206020031,304.0,41468.64
SIA,SP,202502,2798298,0206030010,149.0,20655.87
SIA,SP,202502,3017745,0206030037,77.0,10674.51
SIA,SP,202502,2089335,0206010079,24.0,2338.56
SIA,SP,202502,0008923,0206010052,27.0,2342.25
SIA,SP,202502,2067994,0206030037,12.0,1663.56
SIA,SP,202502,2748223,0206010044,104.0,9022.0
SIA,SP,202502,0009296,0211020036,218.0,1122.7
SIA,SP,202502,2748029,0208010033,10.0,3830.7
SIA,SP,202502,2079798,0206010036,41.0,3557.16
SIA,SP,202502,2069776,0206010036,70.0,6073.2
SIA,SP,202502,2080680,0206010079,257.0,25042.08
SIA,SP,202502,9664203,0206010036,51.0,4424.76
SIA,SP,202502,2080354,0206010079,7.0,682.08
SIA,SP,202502,2080273,0206010028,75.0,7582.5
SIA,SP,202502,7373465,0206030010,274.0,37984.62
SIA,SP,202502,2748223,0206010079,452.0,44042.88
SIA,SP,202502,2790556,0206010079,408.0,39755.52
SIA,SP,202502,0009601,0206010052,62.0,5378.5
SIA,SP,202502,2089327,0206010079,296.0,28842.24
SIA,SP,202502,0008923,0206030029,115.0,9976.25
SIA,SP,202502,0008923,0206010010,198.0,17178.48
SIA,SP,202502,7473702,0206020015,174.0,15094.5
SIA,SP,202502,2080052,0206020031,36.0,4910.76
SIA,SP,202502,2080273,0206010079,173.0,16857.12
SIA,SP,202502,2748029,0206010079,25.0,2436.0
SIA,SP,202502,2079720,0206030037,175.0,24260.25
SIA,SP,202502,2026945,0206010028,73.0,7380.3
SIA,SP,202502,3017745,0206030010,96.0,13308.48
SIA,SP,202502,2755130,0206010079,394.0,38391.36
SIA,SP,202502,7400926,0206010079,219.0,21339.36
SIA,SP,202502,2748223,0206010036,98.0,8502.48
SIA,SP,202502,7573162,0206010079,49.0,4774.56
SIA,SP,202502,6752233,0206010079,171.0,16662.24
SIA,SP,202502,7373465,0206030037,242.0,33548.46
SIA,SP,202502,7473702,0206010036,118.0,10237.68
SIA,SP,202502,9755160,0206030010,42.0,5822.46
SIA,SP,202502,6095666,0206030037,66.0,9149.58
SIA,SP,202502,2078465,0206010010,9.0,780.84
SIA,SP,202502,7980426,0206010010,27.0,2342.52
SIA,SP,202502,2082349,0206010036,10.0,867.6
SIA,SP,202502,9074805,0211020036,295.0,1519.25
SIA,SP,202502,3708616,0211020036,309.0,1591.35
SIA,SP,202502,2798298,0206010079,52.0,5066.88
SIA,SP,202502,2790602,0206010044,31.0,2689.25
SIA,SP,202502,0008052,0206010079,79.0,7697.76
SIA,SP,202502,2080052,0206010010,62.0,5379.12
SIA,SP,202502,2748223,0208010033,31.0,11875.17
SIA,SP,202502,9755160,0206020031,37.0,5047.17
SIA,SP,202502,2080680,0206010036,52.0,4511.52
SIA,SP,202502,2082187,0208010033,31.0,11875.17
SIA,SP,202502,2079798,0206030029,19.0,1648.25
SIA,SP,202502,2705982,0206010079,344.0,33519.36
SIA,SP,202502,6998704,0206010028,65.0,6571.5
SIA,SP,202502,2082187,0206020015,42.0,3643.5
SIA,SP,202502,7373465,0206010010,183.0,15877.08
SIA,SP,202502,9491252,0206010079,52.0,5066.88
SIA,SP,202502,2058790,0206020015,9.0,780.75
SIA,SP,202502,4390563,0206010079,61.0,5943.84
SIA,SP,202502,2081490,0206020023,26.0,2255.5
SIA,SP,202502,3012212,0206020031,77.0,10503.57
SIA,SP,202502,2096412,0206030037,71.0,9842.73
SIA,SP,202502,2077396,0206030029,47.0,4077.25
SIA,SP,202502,5860490,0206010060,26.0,2533.44
SIA,SP,202502,2705982,0208010033,15.0,5746.05
SIA,SP,202502,2705982,0206010044,72.0,6246.0
SIA,SP,202502,0009601,0206030010,409.0,56699.67
SIA,SP,202502,2080532,0206010079,36.0,3507.84
SIA,SP,202502,2083116,0206030037,157.0,21764.91
SIA,SP,202502,6053858,0206010044,39.0,3383.25
SIA,SP,202502,2035081,0206030037,45.0,6238.35
SIA,SP,202502,2082128,0206030037,360.0,49906.8
SIA,SP,202502,2092611,0206010036,69.0,5986.44
SIA,SP,202502,2081490,0206010028,121.0,12233.1
SIA,SP,202502,3012212,0206030010,55.0,7624.65
SIA,SP,202502,2087669,0206030010,71.0,9842.73
SIA,SP,202502,2090236,0206030029,59.0,5118.25
SIA,SP,202502,6655416,0206010079,57.0,5554.08
SIA,SP,202502,2705982,0206020015,14.0,1214.5
SIA,SP,202502,2028174,0208010033,56.0,21451.92
SIA,SP,202502,3012212,0206020023,2.0,173.5
SIA,SP,202502,2087057,0206020031,136.0,18551.76
SIA,SP,202502,2092611,0206020015,11.0,954.25
SIA,SP,202502,2784602,0206020023,3.0,260.25
SIA,SP,202502,2025507,0206020015,5.0,433.75
SIA,SP,202502,2080052,0208010025,20.0,8170.4
SIA,SP,202502,2035081,0206030029,100.0,8675.0
SIA,SP,202502,2082128,0206010052,62.0,5378.5
SIA,SP,202502,2786435,0206020023,18.0,1561.5
SIA,SP,202502,3708608,0211020036,225.0,1158.75
SIA,SP,202502,6053858,0206010028,8.0,808.8
SIA,SP,202502,9491252,0206030029,43.0,3730.25
SIA,SP,202502,2077396,0206030037,1216.0,168574.08
SIA,SP,202502,6895263,0206010079,95.0,9256.8
SIA,SP,202502,2790602,0206010079,55.0,5359.2
SIA,SP,202502,2080273,0206010010,56.0,4858.56
SIA,SP,202502,2705982,0206010036,20.0,1735.2
SIA,SP,202502,2079798,0206010044,104.0,9022.0
SIA,SP,202502,2089327,0206030029,23.0,1995.25
SIA,SP,202502,2755130,0206030029,17.0,1474.75
SIA,SP,202502,2082128,0206030029,15.0,1301.25
SIA,SP,202502,6655416,0206010028,31.0,3134.1
SIA,SP,202502,7473702,0206020031,40.0,5456.4
SIA,SP,202502,0008923,0206010036,56.0,4858.56
SIA,SP,202502,2084228,0206030029,1.0,86.75
SIA,SP,202502,2079720,0206010044,16.0,1388.0
SIA,SP,202502,2082187,0206010044,160.0,13880.0
SIA,SP,202502,2096412,0206020015,5.0,433.75
SIA,SP,202502,4390563,0206010036,5.0,433.8
SIA,SP,202502,2080680,0206010044,60.0,5205.0
SIA,SP,202502,2025752,0206010036,8.0,694.08
SIA,SP,202502,0008028,0206010036,37.0,3210.12
SIA,SP,202502,0008028,0206010028,52.0,5257.2
SIA,SP,202502,2058154,0208010025,26.0,10621.52
SIA,SP,202502,2081490,0206010044,145.0,12578.75
SIA,SP,202502,2079720,0206010010,9.0,780.84
SIA,SP,202502,2075741,0208010025,9.0,3676.68
SIA,SP,202502,2078775,0206010044,119.0,10323.25
SIA,SP,202502,7373465,0206010036,129.0,11192.04
SIA,SP,202502,9503196,0206030029,23.0,1995.25
SIA,SP,202502,6655416,0206030029,9.0,780.75
SIA,SP,202502,0008923,0206020015,180.0,15615.0
SIA,SP,202502,2755130,0206010036,51.0,4424.76
SIA,SP,202502,3017745,0206010060,8.0,779.52
SIA,SP,202502,2080273,0208010033,58.0,22218.06
SIA,SP,202502,0009601,0205010016,13.0,2145.0
SIA,SP,202502,2079798,0206020015,21.0,1821.75
SIA,SP,202502,2035081,0206030010,33.0,4574.79
SIA,SP,202502,6998704,0206010010,25.0,2169.0
SIA,SP,202502,2025752,0206010028,5.0,505.5
SIA,SP,202502,2082349,0206010028,13.0,1314.3
SIA,SP,202502,6752233,0206030029,27.0,2342.25
SIA,SP,202502,6859186,0206010079,2.0,194.88
SIA,SP,202502,0053341,0206030010,47.0,6515.61
SIA,SP,202502,2790556,0206010044,114.0,9889.5
SIA,SP,202502,6655416,0206010036,5.0,433.8
SIA,SP,202502,2078465,0206010028,25.0,2527.5
SIA,SP,202502,2079720,0206010079,90.0,8769.6
SIA,SP,202502,2080990,0206030029,3.0,260.25
SIA,SP,202502,2081490,0206010052,50.0,4337.5
SIA,SP,202502,2078775,0206020015,13.0,1127.75
SIA,SP,202502,2083116,0206010079,27.0,2630.88
SIA,SP,202502,2081490,0206020015,21.0,1821.75
SIA,SP,202502,2080052,0206020015,19.0,1648.25
SIA,SP,202502,7373465,0208010033,36.0,13790.52
SIA,SP,202502,2087669,0211020036,680.0,3502.0
SIA,SP,202502,2083116,0206030029,11.0,954.25
SIA,SP,202502,9898565,0205010016,50.0,8250.0
SIA,SP,202502,0009164,0211020036,17.0,87.55
SIA,SP,202502,2080273,0206010036,48.0,4164.48
SIA,SP,202502,5988977,0206010044,15.0,1301.25
SIA,SP,202502,3012212,0206010044,38.0,3296.5
SIA,SP,202502,2755130,0206010044,100.0,8675.0
SIA,SP,202502,2085194,0206020031,65.0,8866.65
SIA,SP,202502,2085194,0206010028,3.0,303.3
SIA,SP,202502,2090236,0206020015,12.0,1041.0
SIA,SP,202502,6095666,0206010010,10.0,867.6
SIA,SP,202502,9050965,0211020060,30.0,900.0
SIA,SP,202502,9425802,0206030029,17.0,1474.75
SIA,SP,202502,2084228,0206030010,55.0,7624.65
SIA,SP,202502,2089327,0206020015,13.0,1127.75
SIA,SP,202502,6053858,0206010052,10.0,867.5
SIA,SP,202502,6053858,0206020015,16.0,1388.0
SIA,SP,202502,2082128,0206010028,25.0,2527.5
SIA,SP,202502,6236596,0206010079,1.0,97.44
SIA,SP,202502,2096412,0206030029,13.0,1127.75
SIA,SP,202502,2080354,0206010028,1.0,101.1
SIA,SP,202502,2079720,0206010036,4.0,347.04
SIA,SP,202502,9325530,0206030010,48.0,6654.24
SIA,SP,202502,0008052,0206030037,63.0,8733.69
SIA,SP,202502,2079798,0208010033,15.0,5746.05
SIA,SP,202502,2790556,0206010036,30.0,2602.8
SIA,SP,202502,2082128,0206020023,5.0,433.75
SIA,SP,202502,3880966,0206030029,8.0,694.0
SIA,SP,202502,2755130,0206020015,5.0,433.75
SIA,SP,202502,2058154,0208010033,26.0,9959.82
SIA,SP,202502,6056148,0206020015,6.0,520.5
SIA,SP,202502,2043580,0211020036,541.0,2786.15
SIA,SP,202502,2090236,0206010044,46.0,3990.5
SIA,SP,202502,2089327,0206010044,54.0,4684.5
SIA,SP,202502,2089327,0206010036,22.0,1908.72
SIA,SP,202502,2035081,0206010036,19.0,1648.44
SIA,SP,202502,9491252,0206010036,10.0,867.6
SIA,SP,202502,2790564,0206010044,163.0,14140.25
SIA,SP,202502,2026945,0206020023,18.0,1561.5
SIA,SP,202502,2081482,0206010044,9.0,780.75
SIA,SP,202502,6752233,0206020015,9.0,780.75
SIA,SP,202502,2080400,0206010079,17.0,1656.48
SIA,SP,202502,2790556,0206030029,13.0,1127.75
SIA,SP,202502,9503196,0206020015,1.0,86.75
SIA,SP,202502,2786435,0208010033,4.0,1532.28
SIA,SP,202502,2080990,0206010079,18.0,1753.92
SIA,SP,202502,2058790,0206010044,26.0,2255.5
SIA,SP,202502,9808221,0206010052,6.0,520.5
SIA,SP,202502,6655416,0206010010,7.0,607.32
SIA,SP,202502,9664203,0206020031,305.0,41605.05
SIA,SP,202502,2798298,0206020031,336.0,45833.76
SIA,SP,202502,2798298,0206010052,48.0,4164.0
SIA,SP,202502,2798298,0206010044,60.0,5205.0
SIA,SP,202502,2092611,0206010052,7.0,607.25
SIA,SP,202502,2025507,0206030029,12.0,1041.0
SIA,SP,202502,7142463,0208010033,6.0,2298.42
SIA,SP,202502,2087669,0206010028,21.0,2123.1
SIA,SP,202502,2784602,0206010010,12.0,1041.12
SIA,SP,202502,2092611,0206030029,12.0,1041.0
SIA,SP,202502,2705982,0206030029,20.0,1735.0
SIA,SP,202502,9425802,0206010036,12.0,1041.12
SIA,SP,202502,2024373,0206010010,14.0,1214.64
SIA,SP,202502,2784602,0206010052,10.0,867.5
SIA,SP,202502,2082209,0206030037,8.0,1109.04
SIA,SP,202502,2080990,0206030037,10.0,1386.3
SIA,SP,202502,3017745,0206020015,5.0,433.75
SIA,SP,202502,9630562,0206030037,4.0,554.52
SIA,SP,202502,2087057,0206020023,2.0,173.5
SIA,SP,202502,0404853,0206010036,8.0,694.08
SIA,SP,202502,2087057,0206010010,6.0,520.56
SIA,SP,202502,2080273,0208010025,95.0,38809.4
SIA,SP,202502,9491252,0206020015,6.0,520.5
SIA,SP,202502,9207295,0206010036,14.0,1214.64
SIA,SP,202502,2067994,0206010079,12.0,1169.28
SIA,SP,202502,2025752,0206010044,5.0,433.75
SIA,SP,202502,2077396,0206020015,34.0,2949.5
SIA,SP,202502,2025752,0206020023,1.0,86.75
SIA,SP,202502,3017745,0206020031,103.0,14050.23
SIA,SP,202502,0008052,0206010010,22.0,1908.72
SIA,SP,202502,2080273,0206010044,55.0,4771.25
SIA,SP,202502,2025361,0206010036,11.0,954.36
SIA,SP,202502,2083116,0206010010,6.0,520.56
SIA,SP,202502,7746180,0211020036,388.0,1998.2
SIA,SP,202502,4390563,0206030029,4.0,347.0
SIA,SP,202502,2082187,0206030037,835.0,115756.05
SIA,SP,202502,9755160,0206020023,1.0,86.75
SIA,SP,202502,2096412,0206010028,15.0,1516.5
SIA,SP,202502,2716801,0211020060,96.0,2880.0
SIA,SP,202502,2079720,0206010028,14.0,1415.4
SIA,SP,202502,2079720,0206020023,1.0,86.75
SIA,SP,202502,5860490,0206030037,1.0,138.63
SIA,SP,202502,2082187,0205010016,9.0,1485.0
SIA,SP,202502,2024373,0206010036,9.0,780.84
SIA,SP,202502,5860490,0206010010,2.0,173.52
SIA,SP,202502,2078775,0206030029,12.0,1041.0
SIA,SP,202502,7400926,0206030029,4.0,347.0
SIA,SP,202502,0008052,0206010028,28.0,2830.8
SIA,SP,202502,3880966,0206010036,2.0,173.52
SIA,SP,202502,0008052,0206010036,14.0,1214.64
SIA,SP,202502,2025752,0206010010,6.0,520.56
SIA,SP,202502,2084414,0206020023,4.0,347.0
SIA,SP,202502,2790602,0206030029,11.0,954.25
SIA,SP,202502,2027356,0206030010,5.0,693.15
SIA,SP,202502,3017745,0206010044,38.0,3296.5
SIA,SP,202502,0008052,0206030029,10.0,867.5
SIA,SP,202502,2080680,0206020015,15.0,1301.25
SIA,SP,202502,2027356,0206030037,7.0,970.41
SIA,SP,202502,6236596,0206020015,1.0,86.75
SIA,SP,202502,2085194,0206010036,3.0,260.28
SIA,SP,202502,2081490,0206030029,63.0,5465.25
SIA,SP,202502,9808221,0206020023,2.0,173.5
SIA,SP,202502,2081482,0206010036,1.0,86.76
SIA,SP,202502,2784602,0206010044,11.0,954.25
SIA,SP,202502,6655416,0206020015,1.0,86.75
SIA,SP,202502,2082187,0206010036,25.0,2169.0
SIA,SP,202502,2082349,0206010052,2.0,173.5
SIA,SP,202502,2080052,0206020023,2.0,173.5
SIA,SP,202502,5869412,0206010079,2.0,194.88
SIA,SP,202502,2790602,0206010036,3.0,260.28
SIA,SP,202502,0008052,0206020015,1.0,86.75
SIA,SP,202502,2080532,0206010036,4.0,347.04
SIA,SP,202502,2084414,0206010028,18.0,1819.8
SIA,SP,202502,2096412,0206010036,8.0,694.08
SIA,SP,202502,6053858,0206030029,19.0,1648.25
SIA,SP,202502,2080400,0206020023,7.0,607.25
SIA,SP,202502,2082128,0211020036,950.0,4892.5
SIA,SP,202502,2082128,0206010044,28.0,2429.0
SIA,SP,202502,2026945,0206010010,22.0,1908.72
SIA,SP,202502,2058790,0206020023,8.0,694.0
SIA,SP,202502,2025361,0206010010,8.0,694.08
SIA,SP,202502,2080532,0206010044,1.0,86.75
SIA,SP,202502,7980426,0206010036,8.0,694.08
SIA,SP,202502,2084228,0206010036,3.0,260.28
SIA,SP,202502,2082128,0206020031,307.0,41877.87
SIA,SP,202502,2025752,0206030037,113.0,15665.19
SIA,SP,202502,3880966,0206020015,2.0,173.5
SIA,SP,202502,2089335,0206030029,3.0,260.25
SIA,SP,202502,2077396,0206010010,204.0,17699.04
SIA,SP,202502,2790521,0206010044,62.0,5378.5
SIA,SP,202502,2786435,0206030037,597.0,82762.11
SIA,SP,202502,9755160,0206010044,9.0,780.75
SIA,SP,202502,6895263,0206020015,1.0,86.75
SIA,SP,202502,2748223,0206030037,568.0,78741.84
SIA,SP,202502,2798298,0206030029,4.0,347.0
SIA,SP,202502,9120068,0211020036,547.0,2817.05
SIA,SP,202502,2078465,0206020023,3.0,260.25
SIA,SP,202502,0008028,0206010010,45.0,3904.2
SIA,SP,202502,2087669,0206010010,5.0,433.8
SIA,SP,202502,6095666,0206010036,3.0,260.28
SIA,SP,202502,6053858,0206020023,1.0,86.75
SIA,SP,202502,2025361,0206030029,2.0,173.5
SIA,SP,202502,2784602,0206010060,4.0,389.76
SIA,SP,202502,2798298,0206020015,3.0,260.25
SIA,SP,202502,9207295,0206010079,331.0,32252.64
SIA,SP,202502,2024373,0206010079,180.0,17539.2
SIA,SP,202502,9808221,0206010044,2.0,173.5
SIA,SP,202502,0009601,0206020015,1.0,86.75
SIA,SP,202502,2790556,0206020015,4.0,347.0
SIA,SP,202502,2079720,0206030029,3.0,260.25
SIA,SP,202502,2089335,0206010036,2.0,173.52
SIA,SP,202502,2081164,0211020036,172.0,885.8
SIA,SP,202502,4517512,0211020036,189.0,973.35
SIA,SP,202502,2040573,0211020036,1015.0,5227.25
SIA,SP,202502,0008028,0206010079,403.0,39268.32
SIA,SP,202502,6095666,0206030010,83.0,11506.29
SIA,SP,202502,2087057,0206030029,7.0,607.25
SIA,SP,202502,7892985,0211020036,504.0,2595.6
SIA,SP,202502,0008028,0206010052,5.0,433.75
SIA,SP,202502,3636429,0211020036,447.0,2302.05
SIA,SP,202502,2090236,0206020031,2184.0,297919.44
SIA,SP,202502,2705982,0206020031,266.0,36285.06
SIA,SP,202502,2063603,0211020036,111.0,571.65
SIA,SP,202502,2790556,0206020031,132.0,18006.12
SIA,SP,202502,2080052,0206010028,82.0,8290.2
SIA,SP,202502,2080052,0206030029,78.0,6766.5
SIA,SP,202502,2784602,0206020031,131.0,17869.71
SIA,SP,202502,0372811,0211020036,323.0,1663.45
SIA,SP,202502,2024373,0206030010,207.0,28696.41
SIA,SP,202502,2092611,0206030010,172.0,23844.36
SIA,SP,202502,2096412,0206030010,88.0,12199.44
SIA,SP,202502,2096412,0206010010,41.0,3557.16
SIA,SP,202502,2080680,0206010052,72.0,6246.0
SIA,SP,202502,2025752,0206030010,128.0,17744.64
SIA,SP,202502,2025752,0206020031,134.0,18278.94
SIA,SP,202502,2078775,0206010052,40.0,3470.0
SIA,SP,202502,2089327,0206010052,41.0,3556.75
SIA,SP,202502,2085194,0211020060,106.0,3180.0
SIA,SP,202502,9377255,0211020036,598.0,3079.7
SIA,SP,202502,9325530,0206010079,35.0,3410.4
SIA,SP,202502,2069776,0206010028,103.0,10413.3
SIA,SP,202502,0009601,0206010079,65.0,6333.6
SIA,SP,202502,0009601,0206030037,383.0,53095.29
SIA,SP,202502,2080990,0206010028,5.0,505.5
SIA,SP,202502,0009601,0206020031,538.0,73388.58
SIA,SP,202502,2077396,0206020031,1092.0,148959.72
SIA,SP,202502,2080680,0206020031,420.0,57292.2
SIA,SP,202502,2025361,0206020031,222.0,30283.02
SIA,SP,202502,2082187,0206020031,972.0,132590.52
SIA,SP,202502,9207295,0206030010,159.0,22042.17
SIA,SP,202502,2085194,0206030010,71.0,9842.73
SIA,SP,202502,2087057,0206030037,140.0,19408.2
SIA,SP,202502,2025507,0206010052,30.0,2602.5
SIA,SP,202502,7473702,0206010028,212.0,21433.2
SIA,SP,202502,7473702,0206030029,175.0,15181.25
SIA,SP,202502,2773589,0211020036,38.0,195.7
SIA,SP,202502,6895263,0206020031,90.0,12276.9
SIA,SP,202502,2081490,0206030037,655.0,90802.65
SIA,SP,202502,2026945,0206030037,146.0,20239.98
SIA,SP,202502,2026945,0206020031,171.0,23326.11
SIA,SP,202502,2090236,0206010052,209.0,18130.75
SIA,SP,202502,0053341,0206030037,38.0,5267.94
SIA,SP,202502,2705982,0205010016,7.0,1155.0
SIA,SP,202502,2069776,0206010044,136.0,11798.0
SIA,SP,202502,2080354,0206030037,64.0,8872.32
SIA,SP,202502,7373465,0206010028,320.0,32352.0
SIA,SP,202502,2035081,0206010044,8.0,694.0
SIA,SP,202502,0008028,0206020015,37.0,3209.75
SIA,SP,202502,9425802,0206020031,62.0,8457.42
SIA,SP,202502,6655416,0206020031,61.0,8321.01
SIA,SP,202502,2772310,0206030037,134.0,18576.42
SIA,SP,202502,2079798,0206010052,282.0,24463.5
SIA,SP,202502,2082349,0206030029,19.0,1648.25
SIA,SP,202502,9664203,0206010028,577.0,58334.7
SIA,SP,202502,7872593,0211020036,767.0,3950.05
SIA,SP,202502,2081482,0206010052,30.0,2602.5
SIA,SP,202502,2772310,0206010052,17.0,1474.75
SIA,SP,202502,2784602,0206030037,78.0,10813.14
SIA,SP,202502,2705982,0206010052,41.0,3556.75
SIA,SP,202502,2025752,0211020036,119.0,612.85
SIA,SP,202502,9325530,0206030037,29.0,4020.27
SIA,SP,202502,6095666,0206020023,1.0,86.75
SIA,SP,202502,2790556,0206010052,13.0,1127.75
SIA,SP,202502,2058790,0206030029,8.0,694.0
SIA,SP,202502,2077396,0206010052,200.0,17350.0
SIA,SP,202502,2035081,0206010028,273.0,27600.3
SIA,SP,202502,0198986,0208010025,38.0,15523.76
SIA,SP,202502,2772310,0206010010,1.0,86.76
SIA,SP,202502,9503196,0206020031,98.0,13368.18
SIA,SP,202502,6752233,0206020031,116.0,15823.56
SIA,SP,202502,2061562,0211020036,181.0,932.15
SIA,SP,202502,2083116,0211020036,599.0,3084.85
SIA,SP,202502,2082187,0206010052,153.0,13272.75
SIA,SP,202502,2024381,0211020036,481.0,2477.15
SIA,SP,202502,9664203,0206010044,93.0,8067.75
SIA,SP,202502,7373465,0206010044,56.0,4858.0
SIA,SP,202502,5869412,0206020031,18.0,2455.38
SIA,SP,202502,6056148,0206020031,188.0,25645.08
SIA,SP,202502,2083116,0206030010,184.0,25507.92
SIA,SP,202502,7473702,0211020036,326.0,1678.9
SIA,SP,202502,7473702,0206020023,2.0,173.5
SIA,SP,202502,2748223,0206010052,141.0,12231.75
SIA,SP,202502,2083116,0206010052,29.0,2515.75
SIA,SP,202502,2089335,0206010052,6.0,520.5
SIA,SP,202502,2082128,0206030010,388.0,53788.44
SIA,SP,202502,2080273,0206010052,41.0,3556.75
SIA,SP,202502,2080990,0206010036,2.0,173.52
SIA,SP,202502,6998704,0206030037,125.0,17328.75
SIA,SP,202502,9808221,0206020031,24.0,3273.84
SIA,SP,202502,2082349,0206020031,43.0,5865.63
SIA,SP,202502,6535798,0211020036,217.0,1117.55
SIA,SP,202502,2025361,0206010028,11.0,1112.1
SIA,SP,202502,2755130,0206010052,45.0,3903.75
SIA,SP,202502,6998704,0206030010,125.0,17328.75
SIA,SP,202502,2080354,0206030010,49.0,6792.87
SIA,SP,202502,7373465,0206010079,256.0,24944.64
SIA,SP,202502,2078775,0206020031,322.0,43924.02
SIA,SP,202502,2079798,0206020031,1938.0,264362.58
SIA,SP,202502,2080273,0206020031,378.0,51562.98
SIA,SP,202502,5869412,0206010052,3.0,260.25
SIA,SP,202502,2069776,0206020031,319.0,43514.79
SIA,SP,202502,7373465,0206020031,227.0,30965.07
SIA,SP,202502,2081490,0206030010,637.0,88307.31
SIA,SP,202502,2035081,0206010079,274.0,26698.56
SIA,SP,202502,6998704,0206020031,203.0,27691.23
SIA,SP,202502,9664203,0206010079,540.0,52617.6
SIA,SP,202502,7400926,0206010052,20.0,1735.0
SIA,SP,202502,2087669,0206010079,168.0,16369.92
SIA,SP,202502,7980426,0206030010,54.0,7486.02
SIA,SP,202502,2087057,0206010052,29.0,2515.75
SIA,SP,202502,2080400,0206010028,3.0,303.3
SIA,SP,202502,7473702,0206010079,135.0,13154.4
SIA,SP,202502,6752233,0206010052,5.0,433.75
SIA,SP,202502,7400926,0206020031,186.0,25372.26
SIA,SP,202502,9491252,0206020031,88.0,12004.08
SIA,SP,202502,9050965,0211020036,206.0,1060.9
SIA,SP,202502,6053858,0206030037,212.0,29389.56
SIA,SP,202502,9425802,0206010052,11.0,954.25
SIA,SP,202502,2069776,0206010079,876.0,85357.44
SIA,SP,202502,2790602,0206010052,5.0,433.75
SIA,SP,202502,2080990,0206030010,10.0,1386.3
SIA,SP,202502,9491252,0205010016,33.0,5445.0
SIA,SP,202502,6053858,0206030010,211.0,29250.93
SIA,SP,202502,7473702,0206010044,23.0,1995.25
SIA,SP,202502,0008052,0206010044,30.0,2602.5
SIA,SP,202502,2079798,0205010016,12.0,1980.0
SIA,SP,202502,3017745,0206010036,3.0,260.28
SIA,SP,202502,9808221,0206030037,15.0,2079.45
SIA,SP,202502,2755130,0205010016,29.0,4785.0
SIA,SP,202502,2080052,0211020036,1205.0,6205.75
SIA,SP,202502,2798298,0206010036,3.0,260.28
SIA,SP,202502,9207295,0211020060,856.0,25680.0
SIA,SP,202502,2084414,0206020015,13.0,1127.75
SIA,SP,202502,9714138,0211020036,651.0,3352.65
SIA,SP,202502,3880966,0206010052,22.0,1908.5
SIA,SP,202502,2092611,0211020036,185.0,952.75
SIA,SP,202502,7373465,0206010060,3.0,292.32
SIA,SP,202502,6938132,0211020036,1397.0,7194.55
SIA,SP,202502,9128093,0211020036,323.0,1663.45
SIA,SP,202502,0008028,0206030010,285.0,39509.55
SIA,SP,202502,2025507,0206020031,159.0,21689.19
SIA,SP,202502,2024373,0206020023,15.0,1301.25
SIA,SP,202502,6895263,0206010052,18.0,1561.5
SIA,SP,202502,0053341,0206010079,33.0,3215.52
SIA,SP,202502,2025361,0206010044,3.0,260.25
SIA,SP,202502,2748029,0205010016,2.0,330.0
SIA,SP,202502,9503196,0206010052,4.0,347.0
SIA,SP,202502,2025752,0206020015,3.0,260.25
SIA,SP,202502,2748223,0206020031,562.0,76662.42
SIA,SP,202502,2755130,0206020031,249.0,33966.09
SIA,SP,202502,2080400,0208010033,19.0,7278.33
SIA,SP,202502,2084414,0206030010,185.0,25646.55
SIA,SP,202502,2080052,0206010044,25.0,2168.75
SIA,SP,202502,2079720,0206010052,17.0,1474.75
SIA,SP,202502,0008052,0206010052,4.0,347.0
SIA,SP,202502,2084228,0206010044,13.0,1127.75
SIA,SP,202502,9630562,0206020031,1.0,136.41
SIA,SP,202502,2067994,0206010044,6.0,520.5
SIA,SP,202502,6655416,0206010052,4.0,347.0
SIA,SP,202502,2096412,0206010044,20.0,1735.0
SIA,SP,202502,2786435,0206010079,373.0,36345.12
SIA,SP,202502,2080052,0206010079,232.0,22606.08
SIA,SP,202502,7573162,0206010052,3.0,260.25
SIA,SP,202502,6998704,0206010060,2.0,194.88
SIA,SP,202502,0009601,0206030029,4.0,347.0
SIA,SP,202502,0404853,0206010052,2.0,173.5
SIA,SP,202502,2748223,0205010016,3.0,495.0
SIA,SP,202502,2087669,0206010052,14.0,1214.5
SIA,SP,202502,6053858,0206010079,276.0,26893.44
SIA,SP,202502,9207295,0206020015,7.0,607.25
SIA,SP,202502,2089327,0206020031,250.0,34102.5
SIA,SP,202502,6056148,0206010052,5.0,433.75
SIA,SP,202502,2075741,0208010033,9.0,3447.63
SIA,SP,202502,4559207,0211020036,361.0,1859.15
SIA,SP,202502,2090236,0206010095,146.0,307654.12
SIA,SP,202502,3012212,0206010079,111.0,10815.84
SIA,SP,202502,2790602,0206020015,1.0,86.75
SIA,SP,202502,6998704,0211020036,145.0,746.75
SIA,SP,202502,2080354,0211020036,24.0,123.6
SIA,SP,202502,6655416,0206010044,10.0,867.5
SIA,SP,202502,2065215,0211020036,123.0,633.45
SIA,SP,202502,2080400,0206020015,2.0,173.5
SIA,SP,202502,2082209,0206030010,9.0,1247.67
SIA,SP,202502,0404853,0206030029,2.0,173.5
SIA,SP,202502,6655416,0206030010,67.0,9288.21
SIA,SP,202502,2087057,0211020010,52.0,37962.08
SIA,SP,202502,2077396,0206020023,42.0,3643.5
SIA,SP,202502,2784602,0211020036,482.0,2482.3
SIA,SP,202502,0102229,0211020036,490.0,2523.5
SIA,SP,202502,2790602,0206020031,117.0,15959.97
SIA,SP,202502,0008028,0206010044,36.0,3123.0
SIA,SP,202502,4390563,0206010044,22.0,1908.5
SIA,SP,202502,2084414,0206010010,65.0,5639.4
SIA,SP,202502,2786435,0206010028,142.0,14356.2
SIA,SP,202502,3012212,0206010052,7.0,607.25
SIA,SP,202502,3880966,0206010044,47.0,4077.25
SIA,SP,202502,6056148,0206010044,30.0,2602.5
SIA,SP,202502,7573162,0206010044,35.0,3036.25
SIA,SP,202502,9491252,0206010044,29.0,2515.75
SIA,SP,202502,2028077,0206030037,6.0,831.78
SIA,SP,202502,0008052,0206020031,55.0,7502.55
SIA,SP,202502,0404853,0206020031,79.0,10776.39
SIA,SP,202502,9207295,0206010028,85.0,8593.5
SIA,SP,202502,2786435,0208010025,3.0,1225.56
SIA,SP,202502,2058790,0206030037,266.0,36875.58
SIA,SP,202502,2058790,0206020031,130.0,17733.3
SIA,SP,202502,2082209,0206010028,1.0,101.1
SIA,SP,202502,9755160,0206010028,35.0,3538.5
SIA,SP,202502,2784602,0206030010,92.0,12753.96
SIA,SP,202502,2082349,0206010079,304.0,29621.76
SIA,SP,202502,9491252,0206010052,10.0,867.5
SIA,SP,202502,2084414,0208010025,50.0,20426.0
SIA,SP,202502,6095666,0206010079,113.0,11010.72
SIA,SP,202502,0404853,0206010044,50.0,4337.5
SIA,SP,202502,5860490,0211020036,359.0,1848.85
SIA,SP,202502,2024373,0206010028,20.0,2022.0
SIA,SP,202502,3012212,0206010028,7.0,707.7
SIA,SP,202502,2084414,0206030029,4.0,347.0
SIA,SP,202502,6752233,0206010044,26.0,2255.5
SIA,SP,202502,9503196,0206010044,38.0,3296.5
SIA,SP,202502,2089335,0206010044,1.0,86.75
SIA,SP,202502,7980426,0206010079,162.0,15785.28
SIA,SP,202502,7841701,0211020036,559.0,2878.85
SIA,SP,202502,2772310,0206030010,128.0,17744.64
SIA,SP,202502,2080400,0208010025,19.0,7761.88
SIA,SP,202502,2085194,0206010010,2.0,173.52
SIA,SP,202502,2085194,0211020036,51.0,262.65
SIA,SP,202502,2087057,0206010079,47.0,4579.68
SIA,SP,202502,2087057,0206010028,30.0,3033.0
SIA,SP,202502,2077868,0208010025,27.0,11030.04
SIA,SP,202502,2786435,0206010052,83.0,7200.25
SIA,SP,202502,2772310,0206010079,21.0,2046.24
SIA,SP,202502,2025507,0206010044,87.0,7547.25
SIA,SP,202502,2087057,0206030010,148.0,20517.24
SIA,SP,202502,2082349,0206030010,110.0,15249.3
SIA,SP,202502,2798298,0208010033,145.0,55545.15
SIA,SP,202502,2772310,0211020036,104.0,535.6
SIA,SP,202502,2078465,0206010044,9.0,780.75
SIA,SP,202502,7980426,0206010028,77.0,7784.7
SIA,SP,202502,2080400,0206010010,1.0,86.76
SIA,SP,202502,5860490,0206030010,1.0,138.63
SIA,SP,202502,2087057,0211020036,62.0,319.3
SIA,SP,202502,2082209,0206010079,32.0,3118.08
SIA,SP,202502,9755160,0206010079,210.0,20462.4
SIA,SP,202502,9808221,0206030010,18.0,2495.34
SIA,SP,202502,2084414,0211020010,29.0,21171.16
SIA,SP,202502,5143004,0205010016,37.0,6105.0
SIA,SP,202502,2081482,0206020031,76.0,10367.16
SIA,SP,202502,3880966,0206020031,46.0,6274.86
SIA,SP,202502,9425802,0206010044,30.0,2602.5
SIA,SP,202502,2748029,0206020031,132.0,18006.12
SIA,SP,202502,2079720,0206010060,2.0,194.88
SIA,SP,202502,2059320,0211020036,1080.0,5562.0
SIA,SP,202502,2078465,0206030010,11.0,1524.93
SIA,SP,202502,2081490,0206020031,320.0,43651.2
SIA,SP,202502,2078465,0206030029,2.0,173.5
SIA,SP,202502,6480756,0211020036,3.0,15.45
SIA,SP,202502,2081490,0206010036,29.0,2516.04
SIA,SP,202502,2025507,0211020010,29.0,21171.16
SIA,SP,202502,6905102,0211020036,45.0,231.75
SIA,SP,202502,2080680,0206030010,337.0,46718.31
SIA,SP,202502,2079720,0206020031,201.0,27418.41
SIA,SP,202502,2035081,0206020031,149.0,20325.09
SIA,SP,202502,2089327,0211020010,30.0,21901.2
SIA,SP,202502,2080400,0206030010,118.0,16358.34
SIA,SP,202502,9755160,0206010052,7.0,607.25
SIA,SP,202502,2028077,0206020031,4.0,545.64
SIA,SP,202502,9545328,0211020036,564.0,2904.6
SIA,SP,202502,2067994,0206010010,4.0,347.04
SIA,SP,202502,9207295,0206020023,1.0,86.75
SIA,SP,202502,2075741,0206010095,8.0,16857.76
SIA,SP,202502,2090236,0206030037,1703.0,236086.89
SIA,SP,202502,4416155,0211020060,350.0,10500.0
SIA,SP,202502,2082128,0206010079,135.0,13154.4
SIA,SP,202502,2058790,0206010079,214.0,20852.16
SIA,SP,202502,2092611,0206010028,87.0,8795.7
SIA,SP,202502,7573162,0206020031,81.0,11049.21
SIA,SP,202502,2024373,0206020031,117.0,15959.97
SIA,SP,202502,7980426,0206020031,82.0,11185.62
SIA,SP,202502,2084414,0208010033,50.0,19153.5
SIA,SP,202502,7400926,0206030037,149.0,20655.87
SIA,SP,202502,7021801,0211020060,148.0,4440.0
SIA,SP,202502,7021801,0211020036,113.0,581.95
SIA,SP,202502,9425802,0206030037,158.0,21903.54
SIA,SP,202502,7049730,0211020036,159.0,818.85
SIA,SP,202502,7049730,0211020060,68.0,2040.0
SIA,SP,202502,2058790,0206010052,11.0,954.25
SIA,SP,202502,2789582,0211020036,121.0,623.15
SIA,SP,202502,2089327,0206030037,348.0,48243.24
SIA,SP,202502,4436040,0211020036,2481.0,12777.15
SIA,SP,202502,7980426,0206010052,2.0,173.5
SIA,SP,202502,6095666,0206020031,49.0,6684.09
SIA,SP,202502,6095666,0206010044,11.0,954.25
SIA,SP,202502,2080052,0206030010,116.0,16081.08
SIA,SP,202502,4390563,0206020031,43.0,5865.63
SIA,SP,202502,9808221,0206030029,1.0,86.75
SIA,SP,202502,2092611,0206020031,119.0,16232.79
SIA,SP,202502,9207295,0206020031,186.0,25372.26
SIA,SP,202502,2798298,0206010028,29.0,2931.9
SIA,SP,202502,0404853,0206030037,45.0,6238.35
SIA,SP,202502,9207295,0206030029,13.0,1127.75
SIA,SP,202502,0008052,0211020036,270.0,1390.5
SIA,SP,202502,2024373,0206010044,15.0,1301.25
SIA,SP,202502,2025507,0206030037,374.0,51847.62
SIA,SP,202502,2083116,0205010016,11.0,1815.0
SIA,SP,202502,7373465,0208010025,35.0,14298.2
SIA,SP,202502,0008591,0211020036,69.0,355.35
SIA,SP,202502,2081490,0206010079,441.0,42971.04
SIA,SP,202502,2096994,0211020036,7.0,36.05
SIA,SP,202502,3529282,0211020036,252.0,1297.8
SIA,SP,202502,2772310,0211020060,89.0,2670.0
SIA,SP,202502,0009628,0211020060,47.0,1410.0
SIA,SP,202502,2079798,0206030037,1307.0,181189.41
SIA,SP,202502,2079798,0206020023,110.0,9542.5
SIA,SP,202502,9912266,0211020036,355.0,1828.25
SIA,SP,202502,0008583,0211020036,8.0,41.2
SIA,SP,202502,2079720,0206030010,174.0,24121.62
SIA,SP,202502,9207295,0206010044,50.0,4337.5
SIA,SP,202502,9207295,0206010052,19.0,1648.25
SIA,SP,202502,2079798,0211020036,461.0,2374.15
SIA,SP,202502,2790602,0206030037,84.0,11644.92
SIA,SP,202502,2035081,0206020015,38.0,3296.5
SIA,SP,202502,2035081,0206020023,4.0,347.0
SIA,SP,202502,2089335,0206030037,36.0,4990.68
SIA,SP,202502,3017745,0206010028,84.0,8492.4
SIA,SP,202502,6895263,0206010044,15.0,1301.25
SIA,SP,202502,6260373,0205010016,20.0,3300.0
SIA,SP,202502,7373465,0206020023,78.0,6766.5
SIA,SP,202502,2081482,0211020036,2.0,10.3
SIA,SP,202502,2081482,0206030037,79.0,10951.77
SIA,SP,202502,0008028,0206030029,52.0,4511.0
SIA,SP,202502,2786435,0206030029,26.0,2255.5
SIA,SP,202502,3012212,0206030029,7.0,607.25
SIA,SP,202502,0008028,0206020031,167.0,22780.47
SIA,SP,202502,2024373,0206020015,7.0,607.25
SIA,SP,202502,2080273,0206030010,352.0,48797.76
SIA,SP,202502,2082128,0206010036,14.0,1214.64
SIA,SP,202502,2705982,0206030037,281.0,38955.03
SIA,SP,202502,2097613,0208010033,27.0,10342.89
SIA,SP,202502,2790602,0211020036,766.0,3944.9
SIA,SP,202502,2790602,0211020060,109.0,3270.0
SIA,SP,202502,7400926,0211020036,62.0,319.3
SIA,SP,202502,7573162,0206030037,69.0,9565.47
SIA,SP,202502,9425802,0206020023,13.0,1127.75
SIA,SP,202502,9491252,0206030037,66.0,9149.58
SIA,SP,202502,2096412,0206010079,138.0,13446.72
SIA,SP,202502,7473702,0206010052,6.0,520.5
SIA,SP,202502,2082187,0211020036,1204.0,6200.6
SIA,SP,202502,2083116,0211020060,34.0,1020.0
SIA,SP,202502,2089335,0206020031,33.0,4501.53
SIA,SP,202502,2024373,0206030029,8.0,694.0
SIA,SP,202502,2084228,0206020023,7.0,607.25
SIA,SP,202502,2080354,0206020031,59.0,8048.19
SIA,SP,202502,2077396,0206010060,36.0,3507.84
SIA,SP,202502,2748223,0206020023,29.0,2515.75
SIA,SP,202502,2090236,0211020036,809.0,4166.35
SIA,SP,202502,2078465,0206030037,11.0,1524.93
SIA,SP,202502,6998704,0206010052,15.0,1301.25
SIA,SP,202502,2084228,0206030037,63.0,8733.69
SIA,SP,202502,2755130,0206030037,320.0,44361.6
SIA,SP,202502,2755130,0211020036,428.0,2204.2
SIA,SP,202502,2069776,0206020015,41.0,3556.75
SIA,SP,202502,3850757,0211020036,19.0,97.85
SIA,SP,202502,6572367,0211020060,261.0,7830.0
SIA,SP,202502,2082187,0211020060,59.0,1770.0
SIA,SP,202502,2058790,0206010028,20.0,2022.0
SIA,SP,202502,2083116,0206020031,186.0,25372.26
SIA,SP,202502,0404853,0211020060,35.0,1050.0
SIA,SP,202502,6053858,0206020031,120.0,16369.2
SIA,SP,202502,9664203,0206020023,76.0,6593.0
SIA,SP,202502,2077396,0206030010,1221.0,169267.23
SIA,SP,202502,6270107,0211020036,377.0,1941.55
SIA,SP,202502,6270131,0211020036,400.0,2060.0
SIA,SP,202502,7473702,0206030010,121.0,16774.23
SIA,SP,202502,2087669,0206030029,7.0,607.25
SIA,SP,202502,2096927,0211020036,13.0,66.95
SIA,SP,202502,6095666,0206010028,10.0,1011.0
SIA,SP,202502,2786435,0211020010,5.0,3650.2
SIA,SP,202502,2048205,0208010025,18.0,7353.36
SIA,SP,202502,2077868,0208010033,27.0,10342.89
SIA,SP,202502,2067994,0206030010,11.0,1524.93
SIA,SP,202502,9503196,0206030037,45.0,6238.35
SIA,SP,202502,9425802,0211020036,522.0,2688.3
SIA,SP,202502,2084228,0206010052,7.0,607.25
SIA,SP,202502,2784602,0206030029,18.0,1561.5
SIA,SP,202502,2748223,0211020036,1950.0,10042.5
SIA,SP,202502,2748223,0211020060,39.0,1170.0
SIA,SP,202502,2089335,0211020036,163.0,839.45
SIA,SP,202502,2089327,0211020036,254.0,1308.1
SIA,SP,202502,2096986,0211020036,27.0,139.05
SIA,SP,202502,2077396,0211020036,888.0,4573.2
SIA,SP,202502,2069776,0206020023,36.0,3123.0
SIA,SP,202502,2087057,0206010036,11.0,954.36
SIA,SP,202502,2705982,0211020036,134.0,690.1
SIA,SP,202502,2089327,0211020060,22.0,660.0
SIA,SP,202502,2790556,0211020036,184.0,937.3
SIA,SP,202502,2790556,0206030037,309.0,42836.67
SIA,SP,202502,6895263,0206030037,128.0,17744.64
SIA,SP,202502,2080273,0211020036,744.0,3831.6
SIA,SP,202502,2080532,0206030037,15.0,2079.45
SIA,SP,202502,6895263,0211020036,131.0,674.65
SIA,SP,202502,6992560,0211020060,97.0,2910.0
SIA,SP,202502,2083116,0206010028,12.0,1213.2
SIA,SP,202502,2748029,0206030037,75.0,10397.25
SIA,SP,202502,2082209,0206030029,1.0,86.75
SIA,SP,202502,2080052,0208010033,20.0,7661.4
SIA,SP,202502,2025361,0206010079,69.0,6723.36
SIA,SP,202502,7980426,0206010044,18.0,1561.5
SIA,SP,202502,7980426,0206030029,10.0,867.5
SIA,SP,202502,4098110,0211020036,352.0,1812.8
SIA,SP,202502,0008052,0206020023,2.0,173.5
SIA,SP,202502,0009601,0206010010,4.0,347.04
SIA,SP,202502,2784602,0206010036,5.0,433.8
SIA,SP,202502,2026945,0206020015,7.0,607.25
SIA,SP,202502,0021520,0211020036,310.0,1596.5
SIA,SP,202502,7373465,0206020015,31.0,2689.25
SIA,SP,202502,2025507,0206010060,8.0,779.52
SIA,SP,202502,2080273,0206020023,23.0,1995.25
SIA,SP,202502,2718359,0211020036,48.0,247.2
SIA,SP,202502,2080680,0211020036,226.0,1163.9
SIA,SP,202502,2025361,0206020023,5.0,433.75
SIA,SP,202502,2025507,0206020023,11.0,954.25
SIA,SP,202502,0008532,0211020036,119.0,612.85
SIA,SP,202502,2784602,0211020060,66.0,1980.0
SIA,SP,202502,2078775,0206030037,360.0,49906.8
SIA,SP,202502,2078775,0211020036,335.0,1725.25
SIA,SP,202502,2090236,0206020023,14.0,1214.5
SIA,SP,202502,7113218,0211020036,226.0,1163.9
SIA,SP,202502,2080052,0206010052,4.0,347.0
SIA,SP,202502,6808050,0208010033,20.0,7661.4
SIA,SP,202502,0024228,0211020036,271.0,1395.65
SIA,SP,202502,7400926,0206010044,6.0,520.5
SIA,SP,202502,0008958,0211020036,30.0,154.5
SIA,SP,202502,5380278,0211020036,48.0,247.2
SIA,SP,202502,7047517,0211020036,148.0,762.2
SIA,SP,202502,2082209,0206010044,2.0,173.5
SIA,SP,202502,9630562,0206030010,3.0,415.89
SIA,SP,202502,2040573,0211020060,37.0,1110.0
SIA,SP,202502,2022893,0211020036,433.0,2229.95
SIA,SP,202502,2705982,0206020023,2.0,173.5
SIA,SP,202502,2025752,0206010052,14.0,1214.5
SIA,SP,202502,0008680,0211020036,118.0,607.7
SIA,SP,202502,2083116,0206010044,14.0,1214.5
SIA,SP,202502,2022621,0211020036,5.0,25.75
SIA,SP,202502,7958250,0211020036,340.0,1751.0
SIA,SP,202502,6895263,0211020060,116.0,3480.0
SIA,SP,202502,6752233,0211020036,221.0,762.2
SIA,SP,202502,6270093,0211020036,642.0,3306.3
SIA,SP,202502,2798298,0211020036,591.0,3043.65
SIA,SP,202502,7706766,0211020036,505.0,2600.75
SIA,SP,202502,2096978,0211020036,14.0,72.1
SIA,SP,202502,2097109,0211020036,10.0,51.5
SIA,SP,202502,7021461,0211020036,222.0,1143.3
SIA,SP,202502,7060416,0211020036,2.0,10.3
SIA,SP,202502,2080990,0206020015,2.0,173.5
SIA,SP,202502,2080400,0206010052,6.0,520.5
SIA,SP,202502,9491252,0206020023,12.0,1041.0
SIA,SP,202502,2096412,0211020036,307.0,1581.05
SIA,SP,202502,2772310,0211020010,47.0,34311.88
SIA,SP,202502,2755130,0206020023,7.0,607.25
SIA,SP,202502,9425802,0206010060,14.0,1364.16
SIA,SP,202502,6859186,0206030037,1.0,138.63
SIA,SP,202502,6655416,0211020060,223.0,6690.0
SIA,SP,202502,2097095,0211020036,1.0,5.15
SIA,SP,202502,2084236,0211020036,166.0,854.9
SIA,SP,202502,0478849,0211020036,15.0,77.25
SIA,SP,202502,0008494,0211020036,352.0,1812.8
SIA,SP,202502,5860490,0206010044,13.0,1127.75
SIA,SP,202502,2748029,0211020036,89.0,458.35
SIA,SP,202502,2077396,0211020060,190.0,5700.0
SIA,SP,202502,9664203,0206020015,31.0,2689.25
SIA,SP,202502,0008052,0206010087,1.0,138.63
SIA,SP,202502,3054063,0211020036,30.0,154.5
SIA,SP,202502,6752233,0206030037,104.0,14417.52
SIA,SP,202502,0008524,0211020036,5.0,25.75
SIA,SP,202502,0008710,0211020036,108.0,556.2
SIA,SP,202502,0008656,0211020036,60.0,309.0
SIA,SP,202502,0008699,0211020036,53.0,272.95
SIA,SP,202502,2082187,0206020023,17.0,1474.75
SIA,SP,202502,7524188,0211020036,51.0,262.65
SIA,SP,202502,2080400,0206030029,11.0,954.25
SIA,SP,202502,0404853,0211020036,642.0,3306.3
SIA,SP,202502,0404853,0206020023,2.0,173.5
SIA,SP,202502,3043584,0211020036,14.0,72.1
SIA,SP,202502,2084414,0206010036,11.0,954.36
SIA,SP,202502,2087669,0206020023,3.0,260.25
SIA,SP,202502,0008923,0211020036,23.0,118.45
SIA,SP,202502,0008931,0211020036,47.0,242.05
SIA,SP,202502,6998704,0206020023,2.0,173.5
SIA,SP,202502,2053209,0211020036,354.0,1823.1
SIA,SP,202502,6895263,0206020023,10.0,867.5
SIA,SP,202502,3017745,0206020023,4.0,347.0
SIA,SP,202502,2790556,0206020023,1.0,86.75
SIA,SP,202502,2023571,0211020036,327.0,1684.05
SIA,SP,202502,2080532,0211020036,109.0,561.35
SIA,SP,202502,2080990,0206010044,7.0,607.25
SIA,SP,202502,2080990,0206020031,10.0,1364.1
SIA,SP,202502,0008761,0211020036,94.0,484.1
SIA,SP,202502,0008508,0211020036,103.0,530.45
SIA,SP,202502,6270123,0211020036,165.0,849.75
SIA,SP,202502,5869412,0206030037,12.0,1663.56
SIA,SP,202502,6359620,0211020036,151.0,777.65
SIA,SP,202502,6359620,0211020060,90.0,2700.0
SIA,SP,202502,0008826,0211020036,217.0,1117.55
SIA,SP,202502,2096919,0211020036,11.0,56.65
SIA,SP,202502,2080400,0211020010,27.0,19711.08
SIA,SP,202502,3880966,0206020023,5.0,433.75
SIA,SP,202502,2096943,0211020036,35.0,180.25
SIA,SP,202502,5874998,0211020036,240.0,1236.0
SIA,SP,202502,6572367,0211020036,27.0,139.05
SIA,SP,202502,0029181,0211020036,30.0,154.5
SIA,SP,202502,6053858,0211020036,875.0,4506.25
SIA,SP,202502,3880966,0206030037,76.0,10535.88
SIA,SP,202502,2078465,0206020031,36.0,4910.76
SIA,SP,202502,2078465,0206010079,84.0,8184.96
SIA,SP,202502,6056148,0206030037,93.0,12892.59
SIA,SP,202502,9503196,0206020023,3.0,260.25
SIA,SP,202502,2758288,0211020036,1.0,5.15
SIA,SP,202502,3527980,0211020060,87.0,2610.0
SIA,SP,202502,0008605,0211020036,100.0,515.0
SIA,SP,202502,0008621,0211020036,158.0,813.7
SIA,SP,202502,2077868,0208010076,4.0,859.4
SIA,SP,202502,3880966,0206010060,6.0,584.64
SIA,SP,202502,7573162,0206020023,5.0,433.75
SIA,SP,202502,6284582,0211020036,84.0,432.6
SIA,SP,202502,2080680,0206020023,3.0,260.25
SIA,SP,202502,2790602,0211020010,28.0,20441.12
SIA,SP,202502,2028077,0206010079,3.0,292.32
SIA,SP,202502,6655416,0206010060,1.0,97.44
SIA,SP,202502,2755130,0206010060,1.0,97.44
SIA,SP,202502,0008702,0211020036,94.0,484.1
SIA,SP,202502,6992560,0211020036,365.0,1879.75
SIA,SP,202502,3344703,0211020036,1.0,5.15
SIA,SP,202502,4390563,0206030037,22.0,3049.86
SIA,SP,202502,0008672,0211020036,131.0,674.65
SIA,SP,202502,6236596,0206020031,1.0,136.41
SIA,SP,202502,2084228,0206010028,10.0,1011.0
SIA,SP,202502,6020917,0211020036,128.0,659.2
SIA,SP,202502,2025507,0211020060,23.0,690.0
SIA,SP,202502,2025507,0211020036,925.0,4763.75
SIA,SP,202502,0008885,0211020036,72.0,370.8
SIA,SP,202502,2025329,0211020036,48.0,247.2
SIA,SP,202502,6166598,0211020060,198.0,5940.0
SIA,SP,202502,6166598,0211020036,652.0,3301.15
SIA,SP,202502,7400926,0206020023,8.0,694.0
SIA,SP,202502,0008575,0211020036,206.0,1060.9
SIA,SP,202502,2097087,0211020036,27.0,139.05
SIA,SP,202502,2096765,0211020036,161.0,829.15
SIA,SP,202502,0008648,0211020036,135.0,695.25
SIA,SP,202502,0008850,0211020036,31.0,159.65
SIA,SP,202502,6998704,0206010036,12.0,1041.12
SIA,SP,202502,2065126,0211020036,40.0,206.0
SIA,SP,202502,0008052,0206030010,37.0,5129.31
SIA,SP,202502,5860490,0206010028,4.0,404.4
SIA,SP,202502,3880966,0211020036,1.0,5.15
SIA,SP,202502,6289304,0211020036,62.0,319.3
SIA,SP,202502,2097648,0211020036,8.0,41.2
SIA,SP,202502,3017745,0211020036,167.0,860.05
SIA,SP,202502,6956718,0211020036,216.0,1112.4
SIA,SP,202502,6294049,0211020060,122.0,3660.0
SIA,SP,202502,2082128,0206020015,11.0,954.25
SIA,SP,202502,2790602,0206020023,1.0,86.75
SIA,SP,202502,5860490,0211020060,34.0,1020.0
SIA,SP,202502,6655416,0206020023,2.0,173.5
SIA,SP,202502,6956718,0211020060,201.0,6030.0
SIA,SP,202502,2058790,0206010036,7.0,607.32
SIA,SP,202502,9491252,0211020036,785.0,4042.75
SIA,SP,202502,6294049,0211020036,53.0,272.95
SIA,SP,202502,5860490,0206020031,2.0,272.82
SIA,SP,202502,0008567,0211020036,46.0,236.9
SIA,SP,202502,0008788,0211020036,175.0,901.25
SIA,SP,202502,0008613,0211020036,99.0,509.85
SIA,SP,202502,0478024,0211020036,4.0,20.6
SIA,SP,202502,7340885,0211020036,5.0,25.75
SIA,SP,202502,6895263,0206010060,1.0,97.44
SIA,SP,202502,2079798,0206030010,1363.0,188952.69
SIA,SP,202502,3116085,0208010033,103.0,39456.21
SIA,SP,202502,2077396,0206010028,200.0,20220.0
SIA,SP,202502,2079798,0206010028,81.0,8189.1
SIA,SP,202502,2026945,0206010079,211.0,20559.84
SIA,SP,202502,2798298,0208010025,147.0,60052.44
SIA,SP,202502,2025507,0206030010,363.0,50322.69
SIA,SP,202502,2078775,0206030010,365.0,50599.95
SIA,SP,202502,2082187,0206030010,775.0,107438.25
SIA,SP,202502,2080400,0211020060,17.0,510.0
SIA,SP,202502,2028174,0208010025,56.0,22877.12
SIA,SP,202502,2077396,0208010025,94.0,38400.88
SIA,SP,202502,2078775,0206010028,78.0,7885.8
SIA,SP,202502,2080400,0206030037,116.0,16081.08
SIA,SP,202502,2055228,0206010044,36.0,3123.0
SIA,SP,202502,0009601,0206010036,13.0,1127.88
SIA,SP,202502,2084414,0206030037,188.0,26062.44
SIA,SP,202502,0404853,0206010028,40.0,4044.0
SIA,SP,202502,2057050,0208010025,103.0,42077.56
SIA,SP,202502,9755160,0206030037,102.0,14140.26
SIA,SP,202502,6056148,0206030010,91.0,12615.33
SIA,SP,202502,2078775,0208010025,67.0,27370.84
SIA,SP,202502,4390563,0206010028,30.0,3033.0
SIA,SP,202502,9503196,0206030010,51.0,7070.13
SIA,SP,202502,9425802,0206030010,158.0,21903.54
SIA,SP,202502,3880966,0206010028,55.0,5560.5
SIA,SP,202502,9491252,0206010028,28.0,2830.8
SIA,SP,202502,7400926,0206010028,175.0,17692.5
SIA,SP,202502,2025507,0206010010,42.0,3643.92
SIA,SP,202502,2084414,0211020060,41.0,1230.0
SIA,SP,202502,2092611,0206030037,172.0,23844.36
SIA,SP,202502,2090236,0206010010,28.0,2429.28
SIA,SP,202502,2058790,0206030010,276.0,38261.88
SIA,SP,202502,2079798,0206010010,63.0,5465.88
SIA,SP,202502,2090236,0206030010,1770.0,245375.1
SIA,SP,202502,2755130,0206030010,381.0,52818.03
SIA,SP,202502,2089327,0206030010,344.0,47688.72
SIA,SP,202502,2748223,0206030010,538.0,74582.94
SIA,SP,202502,2790556,0206030010,299.0,41450.37
SIA,SP,202502,2082187,0208010025,31.0,12664.12
SIA,SP,202502,2078775,0206010010,43.0,3730.68
SIA,SP,202502,9503196,0206010010,89.0,7721.64
SIA,SP,202502,6808050,0208010025,20.0,8170.4
SIA,SP,202502,2090236,0208010025,364.0,148701.28
SIA,SP,202502,2755130,0206010028,158.0,15973.8
SIA,SP,202502,2089335,0206030010,21.0,2911.23
SIA,SP,202502,2026945,0206010052,30.0,2602.5
SIA,SP,202502,2058790,0206010010,24.0,2082.24
SIA,SP,202502,6056148,0206010028,130.0,13143.0
SIA,SP,202502,2025507,0206010028,26.0,2628.6
SIA,SP,202502,2748223,0206010028,127.0,12839.7
SIA,SP,202502,2089327,0208010025,131.0,53516.12
SIA,SP,202502,2755130,0206010010,83.0,7201.08
SIA,SP,202502,2790556,0206010010,46.0,3990.96
SIA,SP,202502,2790602,0206030010,100.0,13863.0
SIA,SP,202502,2705982,0206030010,291.0,40341.33
SIA,SP,202502,2748029,0208010025,10.0,4085.2
SIA,SP,202502,2089327,0206010028,40.0,4044.0
SIA,SP,202502,2090236,0206010028,48.0,4852.8
SIA,SP,202502,2790602,0206010028,15.0,1516.5
SIA,SP,202502,2748029,0206030010,126.0,17467.38
SIA,SP,202502,2748223,0206010010,94.0,8155.44
SIA,SP,202502,3880966,0206030010,76.0,10535.88
SIA,SP,202502,2082187,0206010028,37.0,3740.7
SIA,SP,202502,2083116,0206020023,6.0,520.5
SIA,SP,202502,6056148,0206010010,24.0,2082.24
SIA,SP,202502,2069776,0206010052,48.0,4164.0
SIA,SP,202502,7038925,0208010025,88.0,35949.76
SIA,SP,202502,6752233,0206030010,120.0,16635.6
SIA,SP,202502,7400926,0206030010,126.0,17467.38
SIA,SP,202502,6752233,0206010028,103.0,10413.3
SIA,SP,202502,7573162,0206030010,78.0,10813.14
SIA,SP,202502,9491252,0206030010,52.0,7208.76
SIA,SP,202502,2705982,0206010010,37.0,3210.12
SIA,SP,202502,9425802,0206010028,69.0,6975.9
SIA,SP,202502,9491252,0206010010,18.0,1561.68
SIA,SP,202502,6752233,0206010010,23.0,1995.48
SIA,SP,202502,7573162,0206010010,22.0,1908.72
SIA,SP,202502,2789973,0208010025,92.0,37583.84
SIA,SP,202502,3017745,0206010010,19.0,1648.44
SIA,SP,202502,6895263,0206030010,141.0,19546.83
SIA,SP,202502,3012212,0206030037,46.0,6376.98
SIA,SP,202502,2786435,0206020015,45.0,3903.75
SIA,SP,202502,2786435,0206010010,150.0,13014.0
SIA,SP,202502,7373465,0206010052,41.0,3556.75
SIA,SP,202502,2080532,0206030010,15.0,2079.45
SIA,SP,202502,2784602,0206010028,46.0,4650.6
SIA,SP,202502,7573162,0206010028,30.0,3033.0
SIA,SP,202502,2748223,0208010025,31.0,12664.12
SIA,SP,202502,2082187,0206010010,19.0,1648.44
SIA,SP,202502,9664203,0206010052,10.0,867.5
SIA,SP,202502,2024373,0206010052,4.0,347.0
SIA,SP,202502,2084414,0206010052,2.0,173.5
SIA,SP,202502,9503196,0206010028,261.0,26387.1
SIA,SP,202502,2790556,0206010028,58.0,5863.8
SIA,SP,202502,2085194,0206010079,2.0,194.88
SIA,SP,202502,5869412,0206030010,13.0,1802.19
SIA,SP,202502,7400926,0206010010,43.0,3730.68
SIA,SP,202502,2705982,0206010028,73.0,7380.3
SIA,SP,202502,2097613,0208010025,27.0,11030.04
SIA,SP,202502,2025361,0206010052,13.0,1127.75
SIA,SP,202502,2089327,0206010010,33.0,2863.08
SIA,SP,202502,2079798,0208010025,15.0,6127.8
SIA,SP,202502,2084414,0206010044,30.0,2602.5
SIA,SP,202502,2772310,0206010044,4.0,347.0
SIA,SP,202502,2705982,0208010025,15.0,6127.8
SIA,SP,202502,2092611,0206010044,55.0,4771.25
SIA,SP,202502,2026945,0206010036,11.0,954.36
SIA,SP,202502,2081482,0206030010,50.0,6931.5
SIA,SP,202502,2087057,0206010044,35.0,3036.25
SIA,SP,202502,4390563,0206030010,16.0,2218.08
SIA,SP,202502,6236596,0206030010,2.0,277.26
SIA,SP,202502,2082349,0206020015,9.0,780.75
SIA,SP,202502,7142463,0208010025,6.0,2451.12
SIA,SP,202502,2048205,0208010033,18.0,6895.26
SIA,SP,202502,0404853,0206030010,39.0,5406.57
SIA,SP,202502,2081490,0211020036,426.0,2193.9
SIA,SP,202502,0008028,0206020023,30.0,2602.5
SIA,SP,202502,2026945,0206030029,32.0,2776.0
SIA,SP,202502,2025361,0206020015,2.0,173.5
SIA,SP,202502,0404853,0206010010,15.0,1301.4
SIA,SP,202502,2080532,0206020031,2.0,272.82
SIA,SP,202502,2089335,0206010028,2.0,202.2
SIA,SP,202502,6895263,0206010028,31.0,3134.1
SIA,SP,202502,2083116,0208010025,13.0,5310.76
SIA,SP,202502,2083116,0208010033,13.0,4979.91
SIA,SP,202502,6998704,0206030029,12.0,1041.0
SIA,SP,202502,2078465,0206010036,4.0,347.04
SIA,SP,202502,0009601,0206010044,14.0,1214.5
SIA,SP,202502,6053858,0206010036,1.0,86.76
SIA,SP,202502,6895263,0206010010,6.0,520.56
SIA,SP,202502,9755160,0206010010,20.0,1735.2
SIA,SP,202502,2028077,0206030010,6.0,831.78
SIA,SP,202502,2748029,0206010010,5.0,433.8
SIA,SP,202502,2078465,0211020036,2.0,10.3
SIA,SP,202502,3880966,0206010010,12.0,1041.12
SIA,SP,202502,2081482,0206020023,1.0,86.75
SIA,SP,202502,2081482,0206010028,1.0,101.1
SIA,SP,202502,2790602,0206010010,5.0,433.8
SIA,SP,202502,9425802,0206010010,19.0,1648.44
SIA,SP,202502,2080680,0211020060,51.0,1530.0
SIA,SP,202502,2079720,0211020036,339.0,1745.85
SIA,SP,202502,9808221,0206010079,2.0,194.88
SIA,SP,202502,6859186,0206030010,1.0,138.63
SIA,SP,202502,2080273,0211020060,19.0,570.0
SIA,SP,202502,6998704,0206020015,2.0,173.5
SIA,SP,202502,9661409,0211020036,546.0,2811.9
SIA,SP,202502,4390563,0206010010,4.0,347.04
SIA,SP,202502,2081482,0206020015,2.0,173.5
SIA,SP,202502,0009601,0206020023,4.0,347.0
SIA,SP,202502,2078775,0206020023,2.0,173.5
SIA,SP,202502,2701499,0211020036,444.0,2286.6
SIA,SP,202502,2067994,0206020031,4.0,545.64
SIA,SP,202502,3012212,0206020015,3.0,260.25
SIA,SP,202502,6655416,0211020036,337.0,1735.55
SIA,SP,202502,2035081,0206010052,4.0,347.0
SIA,SP,202502,2080400,0206010044,2.0,173.5
SIA,SP,202502,9211861,0211020036,3.0,15.45
SIA,SP,202502,2786435,0211020036,724.0,3728.6
SIA,SP,202502,2080532,0211020060,48.0,1440.0
SIA,SP,202502,2798298,0206010010,3.0,260.28
SIA,SP,202502,2080532,0206010028,5.0,505.5
SIA,SP,202502,2025752,0206030029,3.0,260.25
SIA,SP,202502,2026945,0206010060,1.0,97.44
SIA,SP,202502,3012212,0206010010,4.0,347.04
SIA,SP,202502,2081482,0206010010,1.0,86.76
SIA,SP,202502,2081482,0206030029,2.0,173.5
SIA,SP,202502,9755160,0206020015,3.0,260.25
SIA,SP,202502,2067994,0206030029,1.0,86.75
SIA,SP,202502,2080532,0206010010,2.0,173.52
SIA,SP,202502,2078775,0211020010,37.0,27011.48
SIA,SP,202502,2081482,0206010095,26.0,54787.72
SIA,SP,202502,7373465,0211020010,16.0,11680.64
SIA,SP,202502,2083116,0211020010,73.0,53292.92
SIA,SP,202502,0009601,0211020010,102.0,74464.08
SIA,SP,202502,2080532,0211020010,62.0,45262.48
SIA,SP,202502,2080680,0211020010,45.0,32851.8
SIA,SP,202502,2080273,0211020010,159.0,116076.36
SIA,SP,202502,2705974,0211020036,22.0,113.3
SIA,SP,202502,3017745,0206010052,3.0,260.25
SIA,SP,202502,2798298,0211020010,67.0,48912.68
SIA,SP,202502,2798298,0206010095,4.0,8428.88
SIA,SP,202502,2755130,0211020010,60.0,43802.4
SIA,SP,202502,2069296,0211020036,20.0,103.0
SIA,SP,202502,2077396,0206010095,65.0,136969.3
SIA,SP,202502,2077396,0211020010,71.0,51832.84
SIA,SP,202502,2084937,0211020036,1.0,5.15
SIA,SP,202502,2705982,0211020010,68.0,49642.72
SIA,SP,202502,7035861,0211020036,46.0,236.9
SIA,SP,202502,6919456,0211020036,587.0,3023.05
SIA,SP,202502,2772310,0206010028,1.0,101.1
SIA,SP,202502,2748223,0211020010,97.0,70813.88
SIA,SP,202502,9503196,0211020036,32.0,164.8
SIA,SP,202502,9503196,0211020060,22.0,660.0
SIA,SP,202502,7573162,0211020036,32.0,164.8
SIA,SP,202502,2079798,0211020010,26.0,18981.04
SIA,SP,202502,6476058,0211020036,353.0,1817.95
SIA,SP,202502,6476058,0211020060,253.0,7590.0
SIA,SP,202502,2049066,0211020036,2230.0,11484.5
SIA,SP,202502,6669727,0211020036,437.0,2250.55
SIA,SP,202502,2043025,0211020036,289.0,1488.35
SIA,SP,202502,6950051,0211020036,2000.0,10300.0
SIA,SP,202502,6859186,0211020036,4.0,20.6
SIA,SP,202502,6669727,0211020060,200.0,6000.0
SIA,SP,202502,2082128,0211020060,41.0,1230.0
SIA,SP,202502,2093650,0211020036,1.0,5.15
SIA,SP,202502,6752233,0211020060,53.0,1590.0
SIA,SP,202502,5887623,0211020036,176.0,906.4
SIA,SP,202502,2790556,0211020010,55.0,40152.2
SIA,SP,202502,6950043,0211020036,238.0,1225.7
SIA,SP,202502,2790556,0902010026,2.0,400.0
SIA,SP,202502,2067994,0206010036,1.0,86.76
SIA,SP,202502,2082187,0211020010,45.0,32851.8
SIA,SP,202502,2082187,0206010095,52.0,109575.44
SIA,SP,202502,2079798,0206010095,69.0,145398.18
SIA,SP,202502,4390563,0211020060,200.0,6000.0
SIA,SP,202502,6236596,0211020036,8.0,41.2
SIA,SP,202502,6095666,0206030029,2.0,173.5
SIA,SP,202502,2082209,0206010010,1.0,86.76
SIA,SP,202502,4943309,0211020036,99.0,509.85
SIA,SP,202502,6056148,0211020036,1145.0,5896.75
SIA,SP,202502,6056148,0211020060,310.0,9300.0
SIA,SP,202502,4390563,0211020036,27.0,139.05
SIA,SP,202502,2748029,0211020010,28.0,20441.12
SIA,SP,202502,2025752,0211020010,35.0,25551.4
SIA,SP,202502,5860490,0206010036,1.0,86.76
SIA,SP,202502,2097613,0211020010,3.0,2190.12
SIA,SP,202502,2079798,0206010060,1.0,97.44
SIA,SP,202502,6095666,0206020015,2.0,173.5
SIA,SP,202502,2083116,0206010036,2.0,173.52
SIA,SP,202502,2082128,0205010016,1.0,165.0
SIA,SP,202502,2092611,0211020010,56.0,40882.24
SIA,SP,202502,2048205,0211020036,154.0,793.1
SIA,SP,202502,7980426,0206020015,5.0,433.75
SIA,SP,202502,2082179,0211020036,2.0,10.3
SIA,SP,202502,2080354,0206010052,3.0,260.25
SIA,SP,202502,2027356,0206010079,1.0,97.44
SIA,SP,202502,2079720,0206020015,2.0,173.5
SIA,SP,202502,2798298,0211020060,28.0,840.0
SIA,SP,202502,2698471,0211020036,6.0,30.9
SIA,SP,202502,3054527,0211020036,59.0,303.85
SIA,SP,202502,2084228,0206010010,4.0,347.04
SIA,SP,202502,2067994,0206010028,4.0,404.4
SIA,SP,202502,2089335,0206010010,1.0,86.76
SIA,SP,202502,2698439,0211020036,626.0,3223.9
SIA,SP,202502,2701294,0211020036,383.0,1972.45
SIA,SP,202502,0008044,0211020060,197.0,5910.0
SIA,SP,202502,2772310,0206010036,2.0,173.52
SIA,SP,202502,2080354,0206010036,1.0,86.76
SIA,SP,202502,2090236,0206010060,2.0,194.88
SIA,SP,202502,6260373,0211020060,391.0,11730.0
SIA,SP,202502,2064456,0211020036,1.0,5.15
SIA,SP,202502,3017745,0211020060,235.0,7050.0
SIA,SP,202502,0404853,0206010060,1.0,97.44
SIA,SP,202502,3012212,0211020036,23.0,118.45
SIA,SP,202502,6752233,0902010018,73.0,9490.0
SIA,SP,202502,2095785,0211020036,364.0,1874.6
SIA,SP,202502,2082128,0211020010,58.0,42342.32
SIA,SP,202502,2705788,0211020036,5.0,25.75
SIA,SP,202502,2097613,0211020060,37.0,1110.0
SIA,SP,202502,3244253,0211020036,192.0,988.8
SIA,SP,202502,7030878,0211020036,170.0,875.5
SIA,SP,202502,7373465,0211020036,721.0,3713.15
SIA,SP,202502,7169310,0211020036,188.0,968.2
SIA,SP,202502,3828107,0211020036,214.0,1102.1
SIA,SP,202502,2028050,0211020036,188.0,968.2
SIA,SP,202502,2045397,0211020036,3.0,15.45
SIA,SP,202502,7682581,0211020036,512.0,2636.8
SIA,SP,202502,6844596,0211020036,209.0,1076.35
SIA,SP,202502,2069776,0211020036,526.0,2708.9
SIA,SP,202502,9755160,0211020036,1541.0,7936.15
SIA,SP,202502,2080400,0206010036,3.0,260.28
SIA,SP,202502,6030807,0211020036,249.0,1282.35
SIA,SP,202502,6418651,0211020036,150.0,772.5
SIA,SP,202502,2027356,0211020036,19.0,97.85
SIA,SP,202502,6821197,0211020036,213.0,1096.95
SIA,SP,202502,6166598,0902010018,11.0,1430.0
SIA,SP,202502,6938132,0211020060,48.0,1440.0
SIA,SP,202502,7471777,0211020036,299.0,1539.85
SIA,SP,202502,2058790,0211020036,484.0,2492.6
SIA,SP,202502,2784572,0211020060,28.0,840.0
SIA,SP,202502,7996802,0211020036,519.0,2672.85
SIA,SP,202502,2792346,0211020036,343.0,1766.45
SIA,SP,202502,2790556,0206010060,1.0,97.44
SIA,SP,202502,0008117,0211020036,1.0,5.15
SIA,SP,202502,3815919,0211020036,116.0,597.4
SIA,SP,202502,0008028,0211020036,244.0,1256.6
SIA,SP,202502,0009628,0211020036,780.0,4017.0
SIA,SP,202502,0008060,0211020036,403.0,2075.45
SIA,SP,202502,7152574,0211020036,280.0,1442.0
SIA,SP,202502,2025361,0211020036,20.0,103.0
SIA,SP,202502,0008044,0211020036,722.0,3718.3
SIA,SP,202502,7489390,0211020036,29.0,149.35
SIA,SP,202502,0008141,0211020036,117.0,602.55
SIA,SP,202502,2698439,0211020060,44.0,1320.0
SIA,SP,202502,3008371,0211020060,38.0,1140.0
SIA,SP,202502,6607667,0211020036,250.0,1287.5
SIA,SP,202502,2025531,0211020036,27.0,139.05
SIA,SP,202502,2085194,0206010044,1.0,86.75
SIA,SP,202502,6056148,0206010060,1.0,97.44
SIA,SP,202502,2045427,0211020036,1.0,5.15
SIA,SP,202502,6650864,0211020036,195.0,1004.25
SIA,SP,202502,9906894,0211020036,57.0,293.55
SIA,SP,202502,2061767,0211020036,410.0,2111.5
SIA,SP,202502,5932696,0211020036,335.0,1725.25
SIA,SP,202502,0008087,0211020036,245.0,1261.75
SIA,SP,202502,2028077,0206010028,1.0,101.1
SIA,SP,202502,2037505,0211020036,42.0,216.3
SIA,SP,202502,3825752,0211020036,39.0,200.85
SIA,SP,202502,4777220,0211020036,214.0,1102.1
SIA,SP,202502,2096412,0206020023,1.0,86.75
SIA,SP,202502,7053835,0211020036,493.0,2538.95
SIA,SP,202502,0008036,0211020036,11.0,56.65
SIA,SP,202502,2092611,0211020060,63.0,1890.0
SIA,SP,202502,0135062,0211020036,631.0,3249.65
SIA,SP,202502,2037513,0211020036,34.0,175.1
SIA,SP,202502,6260373,0211020036,1354.0,6973.1
SIA,SP,202502,2054728,0211020036,305.0,1570.75
SIA,SP,202502,2045389,0211020036,16.0,82.4
SIA,SP,202502,2055414,0211020060,21.0,630.0
SIA,SP,202502,0009601,0211020036,409.0,2106.35
SIA,SP,202502,3383792,0211020036,108.0,556.2
SIA,SP,202502,6591620,0211020036,18.0,92.7
SIA,SP,202502,7522533,0211020036,214.0,1102.1
SIA,SP,202502,7980426,0211020036,534.0,2750.1
SIA,SP,202502,2024047,0211020036,83.0,427.45
SIA,SP,202502,2024373,0211020036,328.0,1689.2
SIA,SP,202502,0026417,0211020036,901.0,4640.15
SIA,SP,202502,2035081,0211020036,4.0,20.6
SIA,SP,202502,2023911,0211020036,65.0,334.75
SIA,SP,202502,2024039,0211020036,72.0,370.8
SIA,SP,202502,2082209,0211020036,442.0,2276.3
SIA,SP,202502,2034905,0211020036,362.0,1864.3
SIA,SP,202502,9043195,0211020036,246.0,1266.9
SIA,SP,202502,5085462,0211020036,44.0,226.6
SIA,SP,202502,7500130,0211020036,1.0,5.15
SIA,SP,202502,6095666,0211020036,500.0,2575.0
SIA,SP,202502,2030578,0211020036,155.0,798.25
SIA,SP,202502,2057573,0211020036,1.0,5.15
SIA,SP,202502,2023970,0211020036,119.0,612.85
SIA,SP,202502,9491252,0211020010,5.0,3650.2
SIA,SP,202502,2084228,0211020036,105.0,540.75
SIA,SP,202502,2035294,0211020036,464.0,2389.6
SIA,SP,202502,7550049,0211020036,245.0,1261.75
SIA,SP,202502,2046296,0211020036,1.0,5.15
SIA,SP,202502,9207295,0211020036,989.0,5093.35
SIA,SP,202502,0265187,0211020036,304.0,1565.6
SIA,SP,202502,2702193,0206010079,200.0,19488.0
SIA,SP,202502,2702193,0206030010,252.0,34934.76
SIA,SP,202502,3021378,0206030037,132.0,18299.16
SIA,SP,202502,2072513,0206030029,16.0,1388.0
SIA,SP,202502,2082853,0206030037,32.0,4436.16
SIA,SP,202502,2078414,0206010036,12.0,1041.12
SIA,SP,202502,2754843,0206010010,45.0,3904.2
SIA,SP,202502,2094355,0206030010,22.0,3049.86
SIA,SP,202502,7484186,0211020036,47.0,242.05
SIA,SP,202502,2092298,0206020031,107.0,14595.87
SIA,SP,202502,2087715,0206020031,134.0,18278.94
SIA,SP,202502,2084058,0206030010,51.0,7070.13
SIA,SP,202502,2084171,0206030010,75.0,10397.25
SIA,SP,202502,2081458,0206030037,482.0,66819.66
SIA,SP,202502,2751704,0206030010,134.0,18576.42
SIA,SP,202502,3840573,0206030010,291.0,40341.33
SIA,SP,202502,2080931,0206030010,86.0,11922.18
SIA,SP,202502,4049020,0206030010,115.0,15942.45
SIA,SP,202502,3840573,0206010044,30.0,2602.5
SIA,SP,202502,2082888,0206030010,169.0,37031.28
SIA,SP,202502,6600344,0211020036,294.0,1514.1
SIA,SP,202502,2082926,0206030010,187.0,25923.81
SIA,SP,202502,2096196,0206030010,35.0,4852.05
SIA,SP,202502,2066769,0211020036,62.0,319.3
SIA,SP,202502,3653676,0206010079,90.0,8769.6
SIA,SP,202502,3840573,0206030037,294.0,40757.22
SIA,SP,202502,2079860,0206030010,529.0,73335.27
SIA,SP,202502,2747871,0206030010,139.0,19269.57
SIA,SP,202502,2751569,0206010079,50.0,16720.0
SIA,SP,202502,2072653,0211020036,150.0,772.5
SIA,SP,202502,2078295,0206010010,31.0,2689.56
SIA,SP,202502,2067056,0211020036,65.0,334.75
SIA,SP,202502,7184689,0206030010,161.0,22319.43
SIA,SP,202502,2030314,0206030037,43.0,5961.09
SIA,SP,202502,2084422,0206030010,50.0,6931.5
SIA,SP,202502,4049020,0206010044,8.0,694.0
SIA,SP,202502,2081458,0206010079,317.0,30888.48
SIA,SP,202502,2096463,0206010079,122.0,11887.68
SIA,SP,202502,2081393,0206020031,64.0,8730.24
SIA,SP,202502,2082721,0206030037,55.0,7624.65
SIA,SP,202502,9101918,0211020036,188.0,968.2
SIA,SP,202502,4118421,0206010044,122.0,10583.5
SIA,SP,202502,2077078,0211020036,231.0,1189.65
SIA,SP,202502,2024756,0206030037,42.0,5822.46
SIA,SP,202502,2081393,0206010079,111.0,10815.84
SIA,SP,202502,7299397,0211020036,24.0,123.6
SIA,SP,202502,2078422,0206010079,68.0,6625.92
SIA,SP,202502,2052385,0206030037,100.0,13863.0
SIA,SP,202502,2754843,0206030037,125.0,17328.75
SIA,SP,202502,2078538,0206030010,140.0,19408.2
SIA,SP,202502,2078538,0211020036,382.0,1967.3
SIA,SP,202502,2093332,0206030037,72.0,9981.36
SIA,SP,202502,6878687,0206030029,45.0,3903.75
SIA,SP,202502,9200223,0206030010,169.0,23428.47
SIA,SP,202502,2094355,0206020031,30.0,4092.3
SIA,SP,202502,0092894,0206010036,14.0,1214.64
SIA,SP,202502,6150020,0206030010,18.0,2495.34
SIA,SP,202502,4197402,0206020031,15.0,2046.15
SIA,SP,202502,2067048,0211020036,42.0,216.3
SIA,SP,202502,2078414,0206020031,38.0,5183.58
SIA,SP,202502,3774554,0206030037,53.0,7347.39
SIA,SP,202502,2745801,0206010079,26.0,2533.44
SIA,SP,202502,3549828,0206010079,55.0,5359.2
SIA,SP,202502,2087847,0211020036,122.0,628.3
SIA,SP,202502,9773657,0206010079,110.0,10718.4
SIA,SP,202502,2081873,0206010044,6.0,520.5
SIA,SP,202502,2092298,0206010028,135.0,13648.5
SIA,SP,202502,2074117,0211020036,480.0,2472.0
SIA,SP,202502,2078473,0211020036,653.0,3362.95
SIA,SP,202502,9755357,0206020031,12.0,1636.92
SIA,SP,202502,0115509,0206020031,39.0,5319.99
SIA,SP,202502,2066742,0206030037,87.0,12060.81
SIA,SP,202502,2716097,0206030037,515.0,71394.45
SIA,SP,202502,4049020,0206020031,104.0,14186.64
SIA,SP,202502,3126838,0206030029,53.0,4597.75
SIA,SP,202502,2785404,0211020036,85.0,437.75
SIA,SP,202502,2083086,0206010079,170.0,16564.8
SIA,SP,202502,2092573,0211020036,91.0,468.65
SIA,SP,202502,2030063,0211020036,83.0,427.45
SIA,SP,202502,2704900,0208010033,105.0,40222.35
SIA,SP,202502,9079912,0211020036,38.0,195.7
SIA,SP,202502,2791722,0206030037,332.0,46025.16
SIA,SP,202502,2092298,0206010079,287.0,27965.28
SIA,SP,202502,2096196,0206010036,5.0,433.8
SIA,SP,202502,2082926,0206020031,96.0,13095.36
SIA,SP,202502,7102429,0211020036,435.0,2240.25
SIA,SP,202502,0295701,0206030010,84.0,11644.92
SIA,SP,202502,3021378,0206010079,198.0,19293.12
SIA,SP,202502,3840573,0206010028,30.0,3033.0
SIA,SP,202502,2079860,0206010044,79.0,6853.25
SIA,SP,202502,2097702,0206030037,5.0,693.15
SIA,SP,202502,6880150,0211020036,25.0,128.75
SIA,SP,202502,5586348,0206030037,30.0,4158.9
SIA,SP,202502,6568971,0206010079,96.0,9354.24
SIA,SP,202502,7209517,0206010079,209.0,20364.96
SIA,SP,202502,2087111,0206010079,165.0,16077.6
SIA,SP,202502,6878687,0206010079,364.0,35468.16
SIA,SP,202502,6607179,0206010079,110.0,10718.4
SIA,SP,202502,9200223,0206030037,21.0,2911.23
SIA,SP,202502,4118421,0206030037,205.0,28419.15
SIA,SP,202502,2792141,0206020015,14.0,1214.5
SIA,SP,202502,2746999,0211020036,178.0,916.7
SIA,SP,202502,2073536,0206030010,4.0,1313.48
SIA,SP,202502,2087715,0206030037,190.0,26339.7
SIA,SP,202502,6233848,0206010079,119.0,11595.36
SIA,SP,202502,6164366,0206010079,103.0,10036.32
SIA,SP,202502,5618401,0206010079,151.0,14713.44
SIA,SP,202502,2079232,0206010010,8.0,694.08
SIA,SP,202502,2079860,0206010079,674.0,65674.56
SIA,SP,202502,2792168,0206010036,35.0,3036.6
SIA,SP,202502,2082594,0206010044,24.0,2082.0
SIA,SP,202502,2083086,0208010033,187.0,71634.09
SIA,SP,202502,5935857,0206030037,403.0,55867.89
SIA,SP,202502,2030314,0206020031,28.0,3819.48
SIA,SP,202502,2074117,0206010079,97.0,9451.68
SIA,SP,202502,2079860,0206020031,361.0,49244.01
SIA,SP,202502,2699915,0206030037,194.0,26894.22
SIA,SP,202502,3058808,0206030029,18.0,1561.5
SIA,SP,202502,2792141,0206010036,6.0,520.56
SIA,SP,202502,2084163,0206030029,71.0,6159.25
SIA,SP,202502,2082527,0206020031,179.0,24417.39
SIA,SP,202502,2081377,0208010033,99.0,37923.93
SIA,SP,202502,3753433,0206010079,39.0,3800.16
SIA,SP,202502,2074117,0206030037,58.0,8040.54
SIA,SP,202502,2024756,0206010079,94.0,9159.36
SIA,SP,202502,3774554,0206030010,56.0,7763.28
SIA,SP,202502,2079097,0206010079,74.0,7210.56
SIA,SP,202502,3774554,0206010079,128.0,12472.32
SIA,SP,202502,3003523,0211020060,4.0,120.0
SIA,SP,202502,2792176,0206010079,204.0,19877.76
SIA,SP,202502,2792168,0206010079,667.0,64992.48
SIA,SP,202502,6568971,0206030029,12.0,1041.0
SIA,SP,202502,3126838,0206010079,734.0,71520.96
SIA,SP,202502,2066742,0206030010,95.0,13169.85
SIA,SP,202502,2072513,0206010079,231.0,22508.64
SIA,SP,202502,3028399,0206010079,302.0,29426.88
SIA,SP,202502,2792141,0206010079,120.0,11692.8
SIA,SP,202502,2751569,0206020031,17.0,7480.0
SIA,SP,202502,2078848,0206010079,129.0,12569.76
SIA,SP,202502,5618401,0206020015,7.0,607.25
SIA,SP,202502,9556095,0206010079,104.0,10133.76
SIA,SP,202502,3139050,0206010028,41.0,4145.1
SIA,SP,202502,2079836,0206010079,104.0,10133.76
SIA,SP,202502,2023474,0206030037,76.0,10535.88
SIA,SP,202502,6258484,0206010079,106.0,10328.64
SIA,SP,202502,6878687,0206020015,36.0,3123.0
SIA,SP,202502,2079011,0206010079,120.0,11692.8
SIA,SP,202502,2792176,0206030037,299.0,41450.37
SIA,SP,202502,2083140,0206010079,108.0,10523.52
SIA,SP,202502,2093332,0206020023,6.0,520.5
SIA,SP,202502,2082926,0206030037,183.0,25369.29
SIA,SP,202502,2087715,0206010028,91.0,9200.1
SIA,SP,202502,2078414,0206010010,26.0,2255.76
SIA,SP,202502,2081202,0206010079,42.0,4092.48
SIA,SP,202502,2079860,0206030037,525.0,72780.75
SIA,SP,202502,2831503,0206010079,291.0,28355.04
SIA,SP,202502,2090961,0206010079,148.0,14421.12
SIA,SP,202502,2084171,0206030037,75.0,10397.25
SIA,SP,202502,2704900,0206010079,162.0,15785.28
SIA,SP,202502,2082926,0206010044,22.0,1908.5
SIA,SP,202502,3058808,0206010079,113.0,11010.72
SIA,SP,202502,2078562,0206010079,368.0,35857.92
SIA,SP,202502,2083019,0206010079,85.0,8282.4
SIA,SP,202502,2083981,0206010079,209.0,20364.96
SIA,SP,202502,2080095,0206010079,99.0,9646.56
SIA,SP,202502,2034409,0211020036,28.0,144.2
SIA,SP,202502,3058808,0206020015,4.0,347.0
SIA,SP,202502,2792141,0206030029,6.0,520.5
SIA,SP,202502,2079895,0206010079,79.0,7697.76
SIA,SP,202502,2083086,0206010010,23.0,1995.48
SIA,SP,202502,2083051,0206010079,151.0,14713.44
SIA,SP,202502,2704900,0206010036,45.0,3904.2
SIA,SP,202502,2083086,0206030037,1051.0,145700.13
SIA,SP,202502,3653676,0206030037,50.0,6931.5
SIA,SP,202502,2080664,0206010079,170.0,16564.8
SIA,SP,202502,2702193,0206030037,253.0,35073.39
SIA,SP,202502,2084163,0206030037,107.0,14833.41
SIA,SP,202502,2078104,0206030037,145.0,20101.35
SIA,SP,202502,2087715,0206010079,332.0,32350.08
SIA,SP,202502,2079828,0206010079,370.0,36052.8
SIA,SP,202502,2087103,0206030037,13.0,1802.19
SIA,SP,202502,2751623,0206010010,7.0,607.32
SIA,SP,202502,2027186,0206010044,21.0,1821.75
SIA,SP,202502,5586348,0206030010,43.0,5961.09
SIA,SP,202502,2081458,0206010052,46.0,3990.5
SIA,SP,202502,2077582,0206010079,134.0,13056.96
SIA,SP,202502,2078511,0206010079,130.0,12667.2
SIA,SP,202502,2079828,0206030037,280.0,38816.4
SIA,SP,202502,2096498,0206010079,33.0,3215.52
SIA,SP,202502,2688433,0206030010,273.0,37845.99
SIA,SP,202502,2078562,0206010036,82.0,7114.32
SIA,SP,202502,2088487,0206030037,60.0,8317.8
SIA,SP,202502,0115509,0206030037,66.0,9149.58
SIA,SP,202502,4049020,0205010016,59.0,9735.0
SIA,SP,202502,2079828,0206030029,76.0,6593.0
SIA,SP,202502,2716097,0206010028,74.0,7481.4
SIA,SP,202502,0287687,0211020036,42.0,216.3
SIA,SP,202502,2081253,0206020023,6.0,520.5
SIA,SP,202502,2081393,0206030029,10.0,867.5
SIA,SP,202502,2047454,0211020036,55.0,283.25
SIA,SP,202502,9262814,0206030037,3.0,415.89
SIA,SP,202502,2751704,0206010079,96.0,9354.24
SIA,SP,202502,2088193,0206030037,125.0,17328.75
SIA,SP,202502,2078511,0206010036,5.0,433.8
SIA,SP,202502,2790610,0206010079,32.0,3118.08
SIA,SP,202502,2093324,0206010079,101.0,9841.44
SIA,SP,202502,2093332,0206020031,34.0,4637.94
SIA,SP,202502,2066742,0206010044,8.0,694.0
SIA,SP,202502,2028204,0206030037,34.0,4713.42
SIA,SP,202502,0092894,0206010079,130.0,12667.2
SIA,SP,202502,2082721,0206030010,51.0,7070.13
SIA,SP,202502,3028399,0206010028,133.0,13446.3
SIA,SP,202502,3126838,0206010036,30.0,2602.8
SIA,SP,202502,5366828,0206030010,145.0,20101.35
SIA,SP,202502,2688433,0206020015,13.0,1127.75
SIA,SP,202502,2081091,0206010079,84.0,25817.4
SIA,SP,202502,2097702,0206030010,19.0,2633.97
SIA,SP,202502,6414176,0206010044,11.0,954.25
SIA,SP,202502,2082438,0206010079,40.0,3897.6
SIA,SP,202502,2023709,0206010044,4.0,347.0
SIA,SP,202502,0775126,0206010079,71.0,6918.24
SIA,SP,202502,2083094,0206010079,127.0,12374.88
SIA,SP,202502,2079232,0206010079,144.0,14031.36
SIA,SP,202502,4118421,0206020015,7.0,607.25
SIA,SP,202502,9680500,0206020031,10.0,1364.1
SIA,SP,202502,2080079,0206030037,155.0,21487.65
SIA,SP,202502,9556095,0206030029,14.0,1214.5
SIA,SP,202502,2083086,0208010025,139.0,56784.28
SIA,SP,202502,9030557,0206010079,38.0,3702.72
SIA,SP,202502,2081873,0206010079,90.0,8769.6
SIA,SP,202502,7560435,0206010079,117.0,11400.48
SIA,SP,202502,6164366,0206030029,11.0,954.25
SIA,SP,202502,2082853,0206010079,41.0,3995.04
SIA,SP,202502,2792176,0206010010,21.0,1821.96
SIA,SP,202502,3003523,0206010079,12.0,2400.0
SIA,SP,202502,0115509,0206010079,87.0,8477.28
SIA,SP,202502,2083981,0206030029,8.0,694.0
SIA,SP,202502,2079828,0206010028,195.0,19714.5
SIA,SP,202502,2082527,0206010044,77.0,6679.75
SIA,SP,202502,2078473,0206020031,121.0,16505.61
SIA,SP,202502,4049020,0206030037,130.0,18021.9
SIA,SP,202502,2083981,0206010036,20.0,1735.2
SIA,SP,202502,2078104,0206010079,179.0,17441.76
SIA,SP,202502,2748568,0206020031,25.0,3410.25
SIA,SP,202502,2077647,0206010036,3.0,260.28
SIA,SP,202502,8002428,0211020036,485.0,2497.75
SIA,SP,202502,2073323,0206030010,30.0,4158.9
SIA,SP,202502,9200223,0206020031,129.0,17596.89
SIA,SP,202502,2754843,0206020015,6.0,520.5
SIA,SP,202502,2785439,0211020036,48.0,247.2
SIA,SP,202502,9030557,0206020015,4.0,347.0
SIA,SP,202502,2083086,0206030029,9.0,780.75
SIA,SP,202502,2792176,0206030029,16.0,1388.0
SIA,SP,202502,2748568,0206030037,50.0,6931.5
SIA,SP,202502,6611273,0206010028,27.0,2729.7
SIA,SP,202502,2080044,0206010079,82.0,7990.08
SIA,SP,202502,2080079,0206010028,61.0,6167.1
SIA,SP,202502,2094355,0206030037,17.0,2356.71
SIA,SP,202502,0054240,0211020036,265.0,1364.75
SIA,SP,202502,6335497,0206010079,28.0,2728.32
SIA,SP,202502,2079011,0206020031,29.0,3955.89
SIA,SP,202502,9225137,0206010052,2.0,173.5
SIA,SP,202502,2087081,0211020036,142.0,731.3
SIA,SP,202502,3139050,0206010060,1.0,97.44
SIA,SP,202502,2080931,0206030037,72.0,9981.36
SIA,SP,202502,2688433,0206010010,45.0,3904.2
SIA,SP,202502,2078473,0206010052,10.0,867.5
SIA,SP,202502,2745801,0206030010,16.0,2218.08
SIA,SP,202502,2079860,0206010028,71.0,7178.1
SIA,SP,202502,2082527,0211020060,53.0,1590.0
SIA,SP,202502,2758245,0206030037,30.0,4158.9
SIA,SP,202502,2023709,0206020031,12.0,1636.92
SIA,SP,202502,9408738,0206030037,146.0,20239.98
SIA,SP,202502,7066376,0208010033,29.0,11109.03
SIA,SP,202502,2078295,0206030010,4.0,554.52
SIA,SP,202502,3021378,0206010044,15.0,1301.25
SIA,SP,202502,6878687,0206010036,37.0,3210.12
SIA,SP,202502,7066376,0206010079,31.0,3020.64
SIA,SP,202502,2032430,0206010079,102.0,9938.88
SIA,SP,202502,3653676,0206030010,47.0,6515.61
SIA,SP,202502,2096463,0206030010,55.0,7624.65
SIA,SP,202502,2080621,0206010079,30.0,2923.2
SIA,SP,202502,3139050,0206010052,16.0,1388.0
SIA,SP,202502,2087804,0206010079,73.0,7113.12
SIA,SP,202502,6607179,0206030029,44.0,3817.0
SIA,SP,202502,2079097,0206030037,10.0,1386.3
SIA,SP,202502,2084163,0206010028,84.0,8492.4
SIA,SP,202502,2084163,0206010079,123.0,11985.12
SIA,SP,202502,2075105,0206010079,20.0,1948.8
SIA,SP,202502,9030557,0206030029,8.0,694.0
SIA,SP,202502,7184689,0206030037,107.0,14833.41
SIA,SP,202502,2024756,0206030010,43.0,5961.09
SIA,SP,202502,2081091,0206010044,9.0,2669.94
SIA,SP,202502,7066376,0206010036,3.0,260.28
SIA,SP,202502,2069164,0211020036,195.0,1004.25
SIA,SP,202502,7066376,0206030029,3.0,260.25
SIA,SP,202502,2023709,0206010010,12.0,1041.12
SIA,SP,202502,2087219,0206010010,19.0,1648.44
SIA,SP,202502,2024438,0206010036,2.0,173.52
SIA,SP,202502,2077582,0206010010,33.0,2863.08
SIA,SP,202502,3021378,0206020031,99.0,13504.59
SIA,SP,202502,2079925,0206010036,13.0,1127.88
SIA,SP,202502,2092638,0211020036,99.0,509.85
SIA,SP,202502,2070375,0211020036,14.0,72.1
SIA,SP,202502,5655730,0211020036,40.0,206.0
SIA,SP,202502,2699915,0206010010,16.0,1388.16
SIA,SP,202502,2024438,0206030010,52.0,7208.76
SIA,SP,202502,2084422,0206030037,35.0,4852.05
SIA,SP,202502,2084422,0206010079,36.0,3507.84
SIA,SP,202502,5935857,0206020015,43.0,3730.25
SIA,SP,202502,2050757,0206030037,20.0,2772.6
SIA,SP,202502,2758245,0206030010,42.0,5822.46
SIA,SP,202502,2024934,0211020036,54.0,278.1
SIA,SP,202502,6676928,0211020036,35.0,180.25
SIA,SP,202502,0115509,0206010028,12.0,1213.2
SIA,SP,202502,0676357,0206010028,4.0,404.4
SIA,SP,202502,6335497,0206030029,7.0,607.25
SIA,SP,202502,2083140,0206010010,40.0,3470.4
SIA,SP,202502,3028399,0206030037,118.0,16358.34
SIA,SP,202502,2078538,0206020031,41.0,5592.81
SIA,SP,202502,2083140,0206020031,31.0,4228.71
SIA,SP,202502,2704900,0206010044,14.0,1214.5
SIA,SP,202502,3126838,0206010044,116.0,10063.0
SIA,SP,202502,3549828,0206020031,30.0,4092.3
SIA,SP,202502,2716097,0206020015,9.0,780.75
SIA,SP,202502,2083140,0206030010,55.0,7624.65
SIA,SP,202502,2079097,0206010010,4.0,347.04
SIA,SP,202502,2792168,0206030029,67.0,5812.25
SIA,SP,202502,2078538,0206010036,11.0,954.36
SIA,SP,202502,2077582,0206010044,11.0,954.25
SIA,SP,202502,4681088,0211020036,243.0,1251.45
SIA,SP,202502,4049020,0206010010,9.0,780.84
SIA,SP,202502,2024438,0206010028,13.0,1314.3
SIA,SP,202502,5935857,0206010044,41.0,3556.75
SIA,SP,202502,2033623,0211020036,113.0,581.95
SIA,SP,202502,2092298,0206010010,44.0,3817.44
SIA,SP,202502,2023709,0206030010,48.0,6654.24
SIA,SP,202502,2699915,0206020031,69.0,9412.29
SIA,SP,202502,2751569,0206030037,41.0,18761.6
SIA,SP,202502,2704900,0206030029,10.0,867.5
SIA,SP,202502,2092298,0206030010,125.0,17328.75
SIA,SP,202502,2081512,0206010079,21.0,2046.24
SIA,SP,202502,2096498,0206030010,85.0,11783.55
SIA,SP,202502,2087715,0206010052,15.0,1301.25
SIA,SP,202502,9408738,0206010044,28.0,2429.0
SIA,SP,202502,2087715,0206010010,29.0,2516.04
SIA,SP,202502,2096196,0206010079,56.0,5456.64
SIA,SP,202502,2082527,0206010052,22.0,1908.5
SIA,SP,202502,5366828,0206010044,32.0,2776.0
SIA,SP,202502,2079011,0206010028,7.0,707.7
SIA,SP,202502,2083604,0206010028,20.0,2022.0
SIA,SP,202502,2053446,0206020031,10.0,1364.1
SIA,SP,202502,9225137,0206010028,11.0,1112.1
SIA,SP,202502,2084287,0206020031,18.0,5473.08
SIA,SP,202502,2030314,0206010044,8.0,694.0
SIA,SP,202502,2087111,0206010044,31.0,2689.25
SIA,SP,202502,3753433,0206010036,1.0,86.76
SIA,SP,202502,2087219,0206010036,9.0,780.84
SIA,SP,202502,2084163,0206010010,40.0,3470.4
SIA,SP,202502,2073323,0206010079,31.0,3020.64
SIA,SP,202502,3840573,0206010079,233.0,22703.52
SIA,SP,202502,2082926,0206010010,18.0,1561.68
SIA,SP,202502,0676357,0206030010,12.0,1663.56
SIA,SP,202502,2758245,0206010079,168.0,16369.92
SIA,SP,202502,2073323,0206020031,38.0,5183.58
SIA,SP,202502,3653676,0206010052,3.0,260.25
SIA,SP,202502,2078422,0206020031,45.0,6138.45
SIA,SP,202502,2079836,0206010044,13.0,1127.75
SIA,SP,202502,2082519,0206010079,8.0,779.52
SIA,SP,202502,3028399,0206010036,10.0,867.6
SIA,SP,202502,2083086,0206010044,37.0,3209.75
SIA,SP,202502,2073323,0211020060,13.0,390.0
SIA,SP,202502,2079828,0206010010,50.0,4338.0
SIA,SP,202502,7184689,0206020031,62.0,8457.42
SIA,SP,202502,9755357,0206010079,25.0,2436.0
SIA,SP,202502,2792141,0206010044,40.0,3470.0
SIA,SP,202502,2080931,0206010079,114.0,11108.16
SIA,SP,202502,2024691,0206010010,40.0,3470.4
SIA,SP,202502,2050757,0206020031,25.0,3410.25
SIA,SP,202502,2790165,0211020060,5.0,150.0
SIA,SP,202502,2078848,0206020031,66.0,9003.06
SIA,SP,202502,2078848,0206030010,104.0,14417.52
SIA,SP,202502,3058808,0206010036,12.0,1041.12
SIA,SP,202502,2066742,0206020031,56.0,7638.96
SIA,SP,202502,2793385,0206030037,4.0,554.52
SIA,SP,202502,2751038,0206020031,9.0,1227.69
SIA,SP,202502,6164366,0206010036,8.0,694.08
SIA,SP,202502,2078473,0206030029,26.0,2255.5
SIA,SP,202502,2088193,0206010052,7.0,607.25
SIA,SP,202502,2032430,0208010025,11.0,4493.72
SIA,SP,202502,2081202,0206030010,45.0,6238.35
SIA,SP,202502,9556095,0206020015,8.0,694.0
SIA,SP,202502,2083604,0206020031,12.0,1636.92
SIA,SP,202502,2747871,0206030029,20.0,1735.0
SIA,SP,202502,2081091,0206030010,47.0,16381.38
SIA,SP,202502,2081091,0206020031,36.0,10946.16
SIA,SP,202502,2792176,0206010036,17.0,1474.92
SIA,SP,202502,2030314,0206010052,4.0,347.0
SIA,SP,202502,2093138,0206010079,29.0,2825.76
SIA,SP,202502,2033836,0211020036,63.0,324.45
SIA,SP,202502,2024438,0206010079,74.0,7210.56
SIA,SP,202502,2079895,0206010044,13.0,1127.75
SIA,SP,202502,2079828,0206010044,48.0,4164.0
SIA,SP,202502,2792176,0206020015,22.0,1908.5
SIA,SP,202502,2088487,0206020031,23.0,3137.43
SIA,SP,202502,2082527,0206020015,7.0,607.25
SIA,SP,202502,2092298,0206020023,6.0,520.5
SIA,SP,202502,2688433,0206010036,8.0,694.08
SIA,SP,202502,2079836,0206010052,1.0,86.75
SIA,SP,202502,2024691,0206020023,13.0,1127.75
SIA,SP,202502,2082640,0206010079,26.0,2533.44
SIA,SP,202502,2082845,0206010044,17.0,1474.75
SIA,SP,202502,2097702,0206020031,20.0,2728.2
SIA,SP,202502,2096005,0206010036,5.0,433.8
SIA,SP,202502,9225137,0206010010,15.0,1301.4
SIA,SP,202502,9200223,0206010028,23.0,2325.3
SIA,SP,202502,9755357,0206010060,1.0,97.44
SIA,SP,202502,2751038,0206010079,26.0,2533.44
SIA,SP,202502,6607179,0206020015,14.0,1214.5
SIA,SP,202502,0676357,0206010079,14.0,1364.16
SIA,SP,202502,2792168,0206020015,31.0,2689.25
SIA,SP,202502,6414176,0206010079,18.0,1753.92
SIA,SP,202502,2082853,0206010036,2.0,173.52
SIA,SP,202502,2079917,0206030010,36.0,4990.68
SIA,SP,202502,2078295,0206030037,19.0,2633.97
SIA,SP,202502,5366828,0206010028,44.0,4448.4
SIA,SP,202502,2791706,0211020036,88.0,453.2
SIA,SP,202502,2080079,0206010044,48.0,4164.0
SIA,SP,202502,2080044,0206010044,13.0,1127.75
SIA,SP,202502,2751704,0206010010,7.0,607.32
SIA,SP,202502,9436421,0206030010,20.0,2772.6
SIA,SP,202502,7090064,0206010010,1.0,86.76
SIA,SP,202502,6607179,0206010036,17.0,1474.92
SIA,SP,202502,2080621,0206020031,15.0,2046.15
SIA,SP,202502,2084171,0206020031,23.0,3137.43
SIA,SP,202502,6233848,0206030029,1.0,86.75
SIA,SP,202502,4049020,0206020023,14.0,1214.5
SIA,SP,202502,4049020,0206010052,12.0,1041.0
SIA,SP,202502,2078562,0206030029,60.0,5205.0
SIA,SP,202502,2080079,0206010010,36.0,3123.36
SIA,SP,202502,2081512,0206030037,45.0,6238.35
SIA,SP,202502,2094355,0206010052,3.0,260.25
SIA,SP,202502,2082853,0206010010,6.0,520.56
SIA,SP,202502,2082640,0206030010,9.0,1247.67
SIA,SP,202502,2079828,0206020015,18.0,1561.5
SIA,SP,202502,2078295,0206010036,3.0,260.28
SIA,SP,202502,2083086,0206010036,41.0,3557.16
SIA,SP,202502,2792176,0206010044,17.0,1474.75
SIA,SP,202502,2791099,0211020036,68.0,350.2
SIA,SP,202502,2748568,0206010028,17.0,1718.7
SIA,SP,202502,2082632,0211020036,230.0,1184.5
SIA,SP,202502,2073269,0206010028,8.0,808.8
SIA,SP,202502,2748568,0211020036,219.0,1127.85
SIA,SP,202502,2791749,0206030010,44.0,6099.72
SIA,SP,202502,2023709,0206030037,48.0,6654.24
SIA,SP,202502,2747871,0206010036,5.0,433.8
SIA,SP,202502,2078414,0206020023,2.0,173.5
SIA,SP,202502,2052385,0206010010,16.0,1388.16
SIA,SP,202502,2079860,0206010010,90.0,7808.4
SIA,SP,202502,0775126,0206010044,27.0,2342.25
SIA,SP,202502,2096005,0206030037,9.0,1247.67
SIA,SP,202502,2087103,0206010079,48.0,4677.12
SIA,SP,202502,9439897,0211020036,205.0,1055.75
SIA,SP,202502,0295701,0206010044,9.0,780.75
SIA,SP,202502,2097702,0206010044,7.0,607.25
SIA,SP,202502,2092565,0211020036,16.0,82.4
SIA,SP,202502,9262814,0206010028,3.0,303.3
SIA,SP,202502,2751569,0206010028,4.0,1513.6
SIA,SP,202502,2081512,0206030010,38.0,5267.94
SIA,SP,202502,5675820,0206010079,4.0,389.76
SIA,SP,202502,2023474,0206010052,5.0,433.75
SIA,SP,202502,2082721,0206010036,2.0,173.52
SIA,SP,202502,2748746,0211020036,61.0,314.15
SIA,SP,202502,9480765,0211020036,140.0,721.0
SIA,SP,202502,2080931,0206010052,14.0,1214.5
SIA,SP,202502,2081458,0206010036,7.0,607.32
SIA,SP,202502,2755092,0206010028,6.0,606.6
SIA,SP,202502,4832027,0206010079,5.0,487.2
SIA,SP,202502,2053446,0206010079,27.0,2630.88
SIA,SP,202502,2080044,0206010036,2.0,173.52
SIA,SP,202502,7792115,0211020036,16.0,82.4
SIA,SP,202502,2831503,0206010044,71.0,6159.25
SIA,SP,202502,7371349,0211020036,94.0,484.1
SIA,SP,202502,2081512,0205010016,13.0,2145.0
SIA,SP,202502,2081202,0206030037,47.0,6515.61
SIA,SP,202502,2081202,0206020031,13.0,1773.33
SIA,SP,202502,2790610,0206010044,4.0,347.0
SIA,SP,202502,3021378,0206010028,12.0,1213.2
SIA,SP,202502,2084422,0206020015,4.0,347.0
SIA,SP,202502,2079135,0206010010,18.0,3096.0
SIA,SP,202502,2084422,0206020023,2.0,173.5
SIA,SP,202502,2079925,0206030029,1.0,86.75
SIA,SP,202502,2084058,0206010010,5.0,433.8
SIA,SP,202502,7560435,0206010036,5.0,433.8
SIA,SP,202502,2049414,0211020036,29.0,149.35
SIA,SP,202502,2091291,0211020036,2.0,10.3
SIA,SP,202502,2082594,0206030037,20.0,2772.6
SIA,SP,202502,7184689,0206010044,9.0,780.75
SIA,SP,202502,2078295,0206010079,48.0,4677.12
SIA,SP,202502,2718294,0211020060,9.0,270.0
SIA,SP,202502,0448702,0206030037,4.0,720.0
SIA,SP,202502,6258484,0206030029,13.0,1127.75
SIA,SP,202502,5618401,0206030029,18.0,1561.5
SIA,SP,202502,2084058,0206020031,14.0,1909.74
SIA,SP,202502,2025884,0211020036,293.0,1508.95
SIA,SP,202502,2078104,0206010010,18.0,1561.68
SIA,SP,202502,2084287,0206010079,13.0,3995.55
SIA,SP,202502,2078562,0206020015,28.0,2429.0
SIA,SP,202502,2082845,0206020031,81.0,11049.21
SIA,SP,202502,2079097,0206020031,14.0,1909.74
SIA,SP,202502,2071487,0206030010,1.0,138.63
SIA,SP,202502,7894260,0206010060,9.0,876.96
SIA,SP,202502,3774554,0206010028,14.0,1415.4
SIA,SP,202502,2082853,0206030029,8.0,694.0
SIA,SP,202502,3605663,0206010052,1.0,86.75
SIA,SP,202502,5585147,0211020036,16.0,82.4
SIA,SP,202502,5585031,0211020036,37.0,190.55
SIA,SP,202502,9200223,0206010044,18.0,1561.5
SIA,SP,202502,2079917,0206010044,4.0,347.0
SIA,SP,202502,7209517,0206010036,4.0,347.04
SIA,SP,202502,0775126,0206010010,20.0,1735.2
SIA,SP,202502,2089548,0206010052,2.0,173.5
SIA,SP,202502,2092298,0206010036,23.0,1995.48
SIA,SP,202502,3653676,0206010044,5.0,433.75
SIA,SP,202502,2028204,0206030029,5.0,433.75
SIA,SP,202502,2791749,0206030037,45.0,6238.35
SIA,SP,202502,2032430,0206010010,3.0,260.28
SIA,SP,202502,2749076,0211020036,18.0,92.7
SIA,SP,202502,2082721,0206010028,6.0,606.6
SIA,SP,202502,2702193,0206010044,34.0,2949.5
SIA,SP,202502,2075105,0206030010,22.0,3049.86
SIA,SP,202502,3028399,0206030029,36.0,3123.0
SIA,SP,202502,2053446,0205010016,10.0,1650.0
SIA,SP,202502,2056860,0208010033,13.0,4979.91
SIA,SP,202502,2061155,0211020036,2.0,10.3
SIA,SP,202502,2746816,0211020036,2.0,10.3
SIA,SP,202502,2084287,0206030010,27.0,9410.58
SIA,SP,202502,9556095,0206010036,12.0,1041.12
SIA,SP,202502,2080664,0206010044,12.0,1041.0
SIA,SP,202502,2751623,0206020031,6.0,818.46
SIA,SP,202502,2077647,0206010028,19.0,1920.9
SIA,SP,202502,9773657,0206030029,4.0,347.0
SIA,SP,202502,2083981,0206010044,71.0,6159.25
SIA,SP,202502,2083051,0206010044,12.0,1041.0
SIA,SP,202502,5366828,0211020036,393.0,2023.95
SIA,SP,202502,2082853,0211020036,7.0,36.05
SIA,SP,202502,2084163,0206020015,11.0,954.25
SIA,SP,202502,4197402,0206030010,10.0,1386.3
SIA,SP,202502,2747871,0206020015,11.0,954.25
SIA,SP,202502,2081253,0206030029,17.0,1474.75
SIA,SP,202502,6829821,0211020036,9.0,46.35
SIA,SP,202502,2688271,0211020036,323.0,1663.45
SIA,SP,202502,4048865,0208010025,6.0,2451.12
SIA,SP,202502,5366828,0206010052,15.0,1301.25
SIA,SP,202502,2081091,0206010036,6.0,1780.02
SIA,SP,202502,3392694,0211020036,30.0,154.5
SIA,SP,202502,2081458,0206010010,28.0,2429.28
SIA,SP,202502,5675820,0206030010,3.0,415.89
SIA,SP,202502,2089548,0206030037,10.0,1386.3
SIA,SP,202502,2078414,0206010052,8.0,694.0
SIA,SP,202502,2078562,0206010044,42.0,3643.5
SIA,SP,202502,2079232,0206010044,21.0,1821.75
SIA,SP,202502,2080664,0206010036,5.0,433.8
SIA,SP,202502,2079895,0206030029,2.0,173.5
SIA,SP,202502,6957323,0211020036,29.0,149.35
SIA,SP,202502,2079828,0206010036,18.0,1561.68
SIA,SP,202502,2751623,0206010052,1.0,86.75
SIA,SP,202502,3000699,0211020036,30.0,154.5
SIA,SP,202502,2791382,0211020036,1.0,5.15
SIA,SP,202502,2080079,0206030029,26.0,2255.5
SIA,SP,202502,9267263,0206020031,0.0,0.0
SIA,SP,202502,2078139,0206010079,22.0,2143.68
SIA,SP,202502,2073269,0206030037,8.0,1109.04
SIA,SP,202502,2688433,0206020023,9.0,780.75
SIA,SP,202502,2080044,0206020015,4.0,347.0
SIA,SP,202502,2082691,0206010028,3.0,303.3
SIA,SP,202502,6212573,0211020036,336.0,1730.4
SIA,SP,202502,2077647,0206020023,4.0,347.0
SIA,SP,202502,0092894,0206030029,29.0,2515.75
SIA,SP,202502,7184689,0206010010,6.0,520.56
SIA,SP,202502,2084163,0206010036,20.0,1735.2
SIA,SP,202502,2083019,0206020015,4.0,347.0
SIA,SP,202502,2081512,0206010044,4.0,347.0
SIA,SP,202502,4050665,0211020036,685.0,3527.75
SIA,SP,202502,9005668,0211020036,12.0,61.8
SIA,SP,202502,3028399,0206010010,16.0,1388.16
SIA,SP,202502,2094355,0206010010,9.0,780.84
SIA,SP,202502,2081202,0206020015,5.0,433.75
SIA,SP,202502,2058537,0211020036,20.0,103.0
SIA,SP,202502,2792168,0206010044,42.0,3643.5
SIA,SP,202502,2090473,0211020036,20.0,103.0
SIA,SP,202502,3003523,0206010044,3.0,600.0
SIA,SP,202502,2038757,0206010079,13.0,1266.72
SIA,SP,202502,3840573,0206010010,29.0,2516.04
SIA,SP,202502,2072513,0211020036,195.0,1004.25
SIA,SP,202502,3540049,0211020036,8.0,41.2
SIA,SP,202502,2081873,0206010036,5.0,433.8
SIA,SP,202502,2082853,0206010044,10.0,867.5
SIA,SP,202502,6164366,0206020015,3.0,260.25
SIA,SP,202502,2080842,0211020036,153.0,787.95
SIA,SP,202502,2748568,0206010010,14.0,1214.64
SIA,SP,202502,7209517,0206020015,3.0,260.25
SIA,SP,202502,2077647,0206020015,2.0,173.5
SIA,SP,202502,0092894,0206020015,18.0,1561.5
SIA,SP,202502,2077582,0206010028,20.0,2022.0
SIA,SP,202502,2748568,0206020023,6.0,520.5
SIA,SP,202502,2088487,0206010028,8.0,808.8
SIA,SP,202502,4681088,0211020060,9.0,270.0
SIA,SP,202502,2079097,0211020036,168.0,865.2
SIA,SP,202502,2083019,0206010044,20.0,1735.0
SIA,SP,202502,5586348,0206010052,10.0,867.5
SIA,SP,202502,2050900,0211020036,14.0,72.1
SIA,SP,202502,4720784,0211020036,62.0,319.3
SIA,SP,202502,2088487,0206010010,6.0,520.56
SIA,SP,202502,2080923,0206030010,14.0,1940.82
SIA,SP,202502,7894260,0206010010,2.0,173.52
SIA,SP,202502,2792176,0206010028,46.0,4650.6
SIA,SP,202502,2084171,0206010028,9.0,909.9
SIA,SP,202502,2023709,0206030029,2.0,173.5
SIA,SP,202502,2083051,0206030029,14.0,1214.5
SIA,SP,202502,2082926,0206030029,4.0,347.0
SIA,SP,202502,3935574,0211020036,14.0,72.1
SIA,SP,202502,2084422,0206010044,2.0,173.5
SIA,SP,202502,2074117,0206010036,3.0,260.28
SIA,SP,202502,2032430,0206030037,5.0,693.15
SIA,SP,202502,2078104,0206010044,20.0,1735.0
SIA,SP,202502,2079232,0206010052,4.0,347.0
SIA,SP,202502,2745801,0206030037,16.0,2218.08
SIA,SP,202502,2084058,0206010044,3.0,260.25
SIA,SP,202502,2080931,0211020036,83.0,427.45
SIA,SP,202502,2084171,0206030029,30.0,2602.5
SIA,SP,202502,2688433,0206030029,12.0,1041.0
SIA,SP,202502,2080044,0206030029,5.0,433.75
SIA,SP,202502,2785382,0206010079,51.0,4969.44
SIA,SP,202502,5973805,0211020036,83.0,427.45
SIA,SP,202502,9030557,0206010036,3.0,260.28
SIA,SP,202502,2785382,0206030037,9.0,1247.67
SIA,SP,202502,2704900,0206020015,6.0,520.5
SIA,SP,202502,3126838,0208010033,2.0,766.14
SIA,SP,202502,2080079,0206020015,10.0,867.5
SIA,SP,202502,4832027,0206030010,3.0,415.89
SIA,SP,202502,2077647,0206030029,7.0,607.25
SIA,SP,202502,2035944,0211020036,39.0,200.85
SIA,SP,202502,2071975,0211020036,39.0,200.85
SIA,SP,202502,2080923,0206010044,11.0,954.25
SIA,SP,202502,2089548,0206010028,3.0,303.3
SIA,SP,202502,0448702,0206030029,1.0,86.75
SIA,SP,202502,2084171,0206020015,22.0,1908.5
SIA,SP,202502,2080664,0206020015,1.0,86.75
SIA,SP,202502,2080095,0206010036,1.0,86.76
SIA,SP,202502,2083051,0206010036,3.0,260.28
SIA,SP,202502,2078074,0206010079,19.0,1851.36
SIA,SP,202502,9436421,0206010010,3.0,260.28
SIA,SP,202502,2092298,0206030029,14.0,1214.5
SIA,SP,202502,2749084,0211020036,11.0,56.65
SIA,SP,202502,2075105,0206030029,3.0,260.25
SIA,SP,202502,3028399,0206010044,34.0,2949.5
SIA,SP,202502,3058808,0206010044,21.0,1821.75
SIA,SP,202502,3916308,0211020036,4.0,20.6
SIA,SP,202502,2082594,0208010033,5.0,1915.35
SIA,SP,202502,3392708,0211020036,1.0,5.15
SIA,SP,202502,2081393,0206010044,10.0,867.5
SIA,SP,202502,7209517,0206030029,3.0,260.25
SIA,SP,202502,2024756,0206010052,1.0,86.75
SIA,SP,202502,2749319,0206020031,3.0,409.23
SIA,SP,202502,0728144,0211020036,40.0,206.0
SIA,SP,202502,2030314,0206030029,2.0,173.5
SIA,SP,202502,9267263,0206010010,0.0,0.0
SIA,SP,202502,2079860,0206020023,10.0,867.5
SIA,SP,202502,2081873,0206030029,8.0,694.0
SIA,SP,202502,2085593,0211020036,23.0,118.45
SIA,SP,202502,7184689,0211020036,598.0,3079.7
SIA,SP,202502,2716453,0211020036,19.0,97.85
SIA,SP,202502,2824868,0211020036,49.0,252.35
SIA,SP,202502,6335497,0206010036,7.0,607.32
SIA,SP,202502,2036061,0211020036,3.0,15.45
SIA,SP,202502,2067595,0211020036,18.0,92.7
SIA,SP,202502,2077647,0206010010,5.0,433.8
SIA,SP,202502,2052385,0206020015,4.0,347.0
SIA,SP,202502,2751623,0206020015,4.0,347.0
SIA,SP,202502,2082527,0206020023,10.0,867.5
SIA,SP,202502,2067587,0211020036,20.0,103.0
SIA,SP,202502,7546696,0211020036,123.0,633.45
SIA,SP,202502,2083019,0206030029,3.0,260.25
SIA,SP,202502,3021378,0206010052,2.0,173.5
SIA,SP,202502,2083140,0206010036,1.0,86.76
SIA,SP,202502,7904584,0211020036,528.0,2719.2
SIA,SP,202502,2749394,0211020036,564.0,2904.6
SIA,SP,202502,2087804,0206020015,3.0,260.25
SIA,SP,202502,2082527,0206010010,19.0,1648.44
SIA,SP,202502,2094355,0206020023,3.0,260.25
SIA,SP,202502,2082845,0206020023,3.0,260.25
SIA,SP,202502,2094355,0206010028,2.0,202.2
SIA,SP,202502,2746441,0211020036,1.0,5.15
SIA,SP,202502,2096196,0206010028,15.0,1516.5
SIA,SP,202502,5618401,0206010036,6.0,520.56
SIA,SP,202502,2028204,0206010036,1.0,86.76
SIA,SP,202502,2078848,0206010010,14.0,1214.64
SIA,SP,202502,2084422,0206020031,13.0,1773.33
SIA,SP,202502,2082586,0206030037,2.0,277.26
SIA,SP,202502,9225137,0206020023,1.0,86.75
SIA,SP,202502,2078074,0206010044,4.0,347.0
SIA,SP,202502,2080621,0206030029,1.0,86.75
SIA,SP,202502,2087103,0206010052,1.0,86.75
SIA,SP,202502,2082926,0206020023,13.0,1127.75
SIA,SP,202502,9134581,0211020036,366.0,1884.9
SIA,SP,202502,2079097,0206010052,2.0,173.5
SIA,SP,202502,2052385,0206010060,1.0,97.44
SIA,SP,202502,3774554,0206010036,5.0,433.8
SIA,SP,202502,2094355,0206030029,2.0,173.5
SIA,SP,202502,6764967,0211020036,295.0,1519.25
SIA,SP,202502,2081261,0211020036,11.0,56.65
SIA,SP,202502,2749068,0211020036,43.0,221.45
SIA,SP,202502,2083086,0206010028,45.0,4549.5
SIA,SP,202502,7303122,0211020036,40.0,206.0
SIA,SP,202502,2080095,0206030029,3.0,260.25
SIA,SP,202502,2793385,0206030010,4.0,554.52
SIA,SP,202502,7090064,0206030010,2.0,277.26
SIA,SP,202502,2063824,0211020036,2.0,10.3
SIA,SP,202502,2081814,0211020036,235.0,1210.25
SIA,SP,202502,2081512,0206010028,3.0,303.3
SIA,SP,202502,2024438,0206020023,2.0,173.5
SIA,SP,202502,2699915,0206010036,15.0,1301.4
SIA,SP,202502,7066376,0206020015,1.0,86.75
SIA,SP,202502,4197402,0206010036,2.0,173.52
SIA,SP,202502,2079135,0206010028,23.0,3956.0
SIA,SP,202502,2791684,0211020036,105.0,540.75
SIA,SP,202502,9005986,0211020036,6.0,30.9
SIA,SP,202502,2785382,0206010044,5.0,433.75
SIA,SP,202502,2050927,0211020036,71.0,365.65
SIA,SP,202502,3021378,0206030029,4.0,347.0
SIA,SP,202502,2831503,0206010036,10.0,867.6
SIA,SP,202502,3549828,0206030029,1.0,86.75
SIA,SP,202502,2066742,0206030029,2.0,173.5
SIA,SP,202502,6754775,0211020036,340.0,1751.0
SIA,SP,202502,6568971,0206010036,6.0,520.56
SIA,SP,202502,2083094,0206010036,4.0,347.04
SIA,SP,202502,2080079,0206010036,12.0,1041.12
SIA,SP,202502,3047598,0211020036,4.0,20.6
SIA,SP,202502,2083051,0206020015,5.0,433.75
SIA,SP,202502,2083094,0206010044,6.0,520.5
SIA,SP,202502,2062747,0211020036,9.0,46.35
SIA,SP,202502,2084422,0206010036,3.0,260.28
SIA,SP,202502,2096196,0206020023,4.0,347.0
SIA,SP,202502,7463030,0211020036,278.0,1431.7
SIA,SP,202502,6233848,0206020015,4.0,347.0
SIA,SP,202502,2073323,0206010010,4.0,347.04
SIA,SP,202502,2082322,0211020036,214.0,1102.1
SIA,SP,202502,2034816,0211020036,383.0,1972.45
SIA,SP,202502,2095912,0206010036,2.0,173.52
SIA,SP,202502,2716445,0211020036,71.0,365.65
SIA,SP,202502,7964056,0211020036,16.0,82.4
SIA,SP,202502,9626832,0211020036,27.0,139.05
SIA,SP,202502,2082926,0211020036,133.0,684.95
SIA,SP,202502,2072513,0206010052,5.0,433.75
SIA,SP,202502,2097702,0206030029,2.0,173.5
SIA,SP,202502,2080621,0206010028,7.0,707.7
SIA,SP,202502,0775126,0206010052,2.0,173.5
SIA,SP,202502,6150020,0206020031,22.0,3001.02
SIA,SP,202502,2749319,0211020036,102.0,525.3
SIA,SP,202502,2082691,0206030010,12.0,1663.56
SIA,SP,202502,2078422,0206010036,3.0,260.28
SIA,SP,202502,7894260,0206030037,3.0,415.89
SIA,SP,202502,6233848,0206010036,5.0,433.8
SIA,SP,202502,2080923,0206010010,7.0,607.32
SIA,SP,202502,2078074,0206010010,2.0,173.52
SIA,SP,202502,7073194,0211020036,220.0,1133.0
SIA,SP,202502,4540891,0211020036,8.0,41.2
SIA,SP,202502,7560435,0206020015,1.0,86.75
SIA,SP,202502,2084163,0206010044,37.0,3209.75
SIA,SP,202502,9650822,0211020036,34.0,175.1
SIA,SP,202502,2746689,0211020036,1.0,5.15
SIA,SP,202502,2831503,0206030029,5.0,433.75
SIA,SP,202502,2032473,0206030010,6.0,831.78
SIA,SP,202502,2081377,0206010079,8.0,779.52
SIA,SP,202502,2024438,0206010010,7.0,607.32
SIA,SP,202502,3668282,0211020036,203.0,1045.45
SIA,SP,202502,2039168,0211020036,45.0,231.75
SIA,SP,202502,3139050,0206020015,11.0,954.25
SIA,SP,202502,2746794,0211020036,173.0,890.95
SIA,SP,202502,9408738,0206020015,3.0,260.25
SIA,SP,202502,2082853,0206020031,10.0,1364.1
SIA,SP,202502,2079011,0206030029,3.0,260.25
SIA,SP,202502,9758623,0211020036,7.0,36.05
SIA,SP,202502,3285561,0211020036,5.0,25.75
SIA,SP,202502,2090961,0206030029,2.0,173.5
SIA,SP,202502,7522738,0211020036,432.0,2224.8
SIA,SP,202502,9002359,0211020036,347.0,1787.05
SIA,SP,202502,2078422,0206030029,4.0,347.0
SIA,SP,202502,2084171,0206010052,8.0,694.0
SIA,SP,202502,2699915,0206010052,3.0,260.25
SIA,SP,202502,9225137,0206030029,8.0,694.0
SIA,SP,202502,2081202,0206010036,1.0,86.76
SIA,SP,202502,2039990,0211020036,16.0,82.4
SIA,SP,202502,2746697,0211020036,1.0,5.15
SIA,SP,202502,9267263,0206010044,0.0,0.0
SIA,SP,202502,9773657,0206010036,4.0,347.04
SIA,SP,202502,2751569,0206010010,5.0,1892.0
SIA,SP,202502,2082926,0206010079,155.0,15103.2
SIA,SP,202502,2089831,0211020036,57.0,293.55
SIA,SP,202502,0448702,0206010028,5.0,900.0
SIA,SP,202502,2746484,0211020036,2.0,10.3
SIA,SP,202502,2080923,0206020031,14.0,1909.74
SIA,SP,202502,4676815,0206010036,4.0,347.04
SIA,SP,202502,2831503,0206020015,4.0,347.0
SIA,SP,202502,2084171,0211020036,19.0,97.85
SIA,SP,202502,2030780,0211020036,2.0,10.3
SIA,SP,202502,0115509,0206010010,6.0,520.56
SIA,SP,202502,2081873,0206020015,4.0,347.0
SIA,SP,202502,2746492,0211020036,11.0,56.65
SIA,SP,202502,7066376,0206020031,559.0,76253.19
SIA,SP,202502,6878687,0206020031,258.0,35193.78
SIA,SP,202502,6607179,0206020031,150.0,20461.5
SIA,SP,202502,0775126,0206010028,58.0,5863.8
SIA,SP,202502,2079232,0206030037,126.0,17467.38
SIA,SP,202502,2082527,0206010079,244.0,23775.36
SIA,SP,202502,2079232,0206030010,120.0,16635.6
SIA,SP,202502,2087111,0206030029,17.0,1474.75
SIA,SP,202502,2082845,0206020015,4.0,347.0
SIA,SP,202502,2087103,0206020031,9.0,1227.69
SIA,SP,202502,2082845,0206030037,120.0,16635.6
SIA,SP,202502,6858538,0211020036,5.0,25.75
SIA,SP,202502,5586348,0206010044,18.0,1561.5
SIA,SP,202502,5586348,0206030029,4.0,347.0
SIA,SP,202502,2079925,0206010060,1.0,97.44
SIA,SP,202502,2086115,0211020036,117.0,602.55
SIA,SP,202502,2094355,0206010079,30.0,2923.2
SIA,SP,202502,2079828,0206010052,26.0,2255.5
SIA,SP,202502,2083086,0206010052,151.0,13099.25
SIA,SP,202502,2077124,0211020036,29.0,149.35
SIA,SP,202502,2082527,0206030010,221.0,30637.23
SIA,SP,202502,2082527,0206030029,11.0,954.25
SIA,SP,202502,2077582,0206030037,40.0,5545.2
SIA,SP,202502,2041979,0211020036,93.0,478.95
SIA,SP,202502,0214353,0211020036,39.0,200.85
SIA,SP,202502,2079836,0206020031,30.0,4092.3
SIA,SP,202502,2079836,0206030010,93.0,12892.59
SIA,SP,202502,2755068,0211020036,111.0,571.65
SIA,SP,202502,2716097,0206010079,802.0,78146.88
SIA,SP,202502,9536248,0211020036,14.0,72.1
SIA,SP,202502,2746867,0211020036,35.0,180.25
SIA,SP,202502,2078104,0206010036,1.0,86.76
SIA,SP,202502,9408738,0211020036,497.0,2559.55
SIA,SP,202502,3021378,0206030010,132.0,18299.16
SIA,SP,202502,2079135,0206030037,113.0,20905.0
SIA,SP,202502,9323147,0211020036,212.0,1091.8
SIA,SP,202502,6992552,0211020036,136.0,700.4
SIA,SP,202502,2790610,0206020015,4.0,347.0
SIA,SP,202502,2094355,0206010044,11.0,954.25
SIA,SP,202502,2093332,0206010044,5.0,433.75
SIA,SP,202502,2093332,0206010028,20.0,2022.0
SIA,SP,202502,2083086,0206020015,7.0,607.25
SIA,SP,202502,2084058,0206030029,4.0,347.0
SIA,SP,202502,2027186,0206020031,172.0,23462.52
SIA,SP,202502,2027186,0206030010,284.0,39370.92
SIA,SP,202502,3139050,0206010079,283.0,27575.52
SIA,SP,202502,6700365,0211020036,164.0,844.6
SIA,SP,202502,2688433,0206030037,234.0,32439.42
SIA,SP,202502,2688433,0206020031,192.0,26190.72
SIA,SP,202502,2078848,0211020036,187.0,963.05
SIA,SP,202502,2082586,0206010079,5.0,487.2
SIA,SP,202502,9680500,0206030029,7.0,607.25
SIA,SP,202502,3126838,0206010052,88.0,7634.0
SIA,SP,202502,2072513,0206030010,125.0,17328.75
SIA,SP,202502,2075121,0211020036,30.0,154.5
SIA,SP,202502,4118421,0206010010,81.0,7027.56
SIA,SP,202502,5935857,0206010079,266.0,25919.04
SIA,SP,202502,4118421,0206010079,237.0,23093.28
SIA,SP,202502,2082594,0206010079,44.0,4287.36
SIA,SP,202502,2043092,0211020036,12.0,61.8
SIA,SP,202502,9392238,0211020036,37.0,190.55
SIA,SP,202502,2745798,0206020031,6.0,818.46
SIA,SP,202502,0092894,0206010052,9.0,780.75
SIA,SP,202502,9389822,0211020036,372.0,1915.8
SIA,SP,202502,7920784,0211020036,6.0,30.9
SIA,SP,202502,5731968,0211020036,49.0,252.35
SIA,SP,202502,9436421,0206010044,1.0,86.75
SIA,SP,202502,2024977,0205010016,2.0,330.0
SIA,SP,202502,2084171,0206010079,82.0,7990.08
SIA,SP,202502,3549828,0206030037,47.0,6515.61
SIA,SP,202502,2081393,0206030010,47.0,6515.61
SIA,SP,202502,3823687,0211020036,86.0,442.9
SIA,SP,202502,2039605,0211020036,9.0,46.35
SIA,SP,202502,2082845,0206010052,4.0,347.0
SIA,SP,202502,2745798,0206010079,15.0,1461.6
SIA,SP,202502,2704900,0206020031,136.0,18551.76
SIA,SP,202502,2082527,0206010028,52.0,5257.2
SIA,SP,202502,5935857,0206030010,410.0,56838.3
SIA,SP,202502,5935857,0206030029,47.0,4077.25
SIA,SP,202502,2072513,0211020060,99.0,2970.0
SIA,SP,202502,9408738,0206030010,151.0,20933.13
SIA,SP,202502,4676815,0206030010,100.0,13863.0
SIA,SP,202502,2702193,0206020031,132.0,18006.12
SIA,SP,202502,2034670,0211020036,120.0,618.0
SIA,SP,202502,2081105,0211020036,164.0,844.6
SIA,SP,202502,9286969,0211020060,8.0,240.0
SIA,SP,202502,2792168,0206010052,3.0,260.25
SIA,SP,202502,2078511,0206030029,4.0,347.0
SIA,SP,202502,2079925,0206030010,50.0,6931.5
SIA,SP,202502,2087103,0206010010,2.0,173.52
SIA,SP,202502,0102415,0211020036,1.0,5.15
SIA,SP,202502,7235917,0211020036,14.0,72.1
SIA,SP,202502,8002959,0211020036,2.0,10.3
SIA,SP,202502,2083140,0206010028,62.0,6268.2
SIA,SP,202502,5935857,0206010010,16.0,1388.16
SIA,SP,202502,7184689,0206020023,1.0,86.75
SIA,SP,202502,2699915,0211020036,365.0,1879.75
SIA,SP,202502,2034468,0211020036,802.0,4130.3
SIA,SP,202502,6997600,0211020036,283.0,1457.45
SIA,SP,202502,3139050,0206010044,31.0,2689.25
SIA,SP,202502,6611273,0206030037,60.0,8317.8
SIA,SP,202502,2081253,0206030037,200.0,27726.0
SIA,SP,202502,2030314,0206010079,50.0,4872.0
SIA,SP,202502,2030314,0206030010,42.0,5822.46
SIA,SP,202502,3840573,0206030029,5.0,433.75
SIA,SP,202502,2081202,0206010044,6.0,520.5
SIA,SP,202502,2078848,0206010036,6.0,520.56
SIA,SP,202502,2082527,0206030037,238.0,32993.94
SIA,SP,202502,2024438,0206020031,29.0,3955.89
SIA,SP,202502,2080923,0206030037,14.0,1940.82
SIA,SP,202502,9680500,0206030037,67.0,9288.21
SIA,SP,202502,2081458,0206010044,56.0,4858.0
SIA,SP,202502,2082845,0206010079,108.0,10523.52
SIA,SP,202502,3139050,0206030037,303.0,42004.89
SIA,SP,202502,2088487,0206030029,2.0,173.5
SIA,SP,202502,2078473,0206020023,1.0,86.75
SIA,SP,202502,2044617,0211020036,334.0,1720.1
SIA,SP,202502,2083604,0206010010,3.0,260.28
SIA,SP,202502,2052385,0206010052,9.0,780.75
SIA,SP,202502,2087219,0206010079,156.0,15200.64
SIA,SP,202502,2774720,0211020036,20.0,103.0
SIA,SP,202502,2704900,0206010052,11.0,954.25
SIA,SP,202502,6258484,0206020031,49.0,6684.09
SIA,SP,202502,6539939,0211020036,15.0,77.25
SIA,SP,202502,2751704,0206010036,6.0,520.56
SIA,SP,202502,9279806,0211020036,370.0,1905.5
SIA,SP,202502,9561269,0211020036,27.0,139.05
SIA,SP,202502,5586348,0206010028,13.0,1314.3
SIA,SP,202502,5586348,0206020015,1.0,86.75
SIA,SP,202502,2751038,0206010044,1.0,86.75
SIA,SP,202502,4832027,0211020036,72.0,370.8
SIA,SP,202502,2088193,0206020015,3.0,260.25
SIA,SP,202502,2751038,0206030010,15.0,2079.45
SIA,SP,202502,2082888,0206010079,134.0,29362.08
SIA,SP,202502,2083140,0206030037,54.0,7486.02
SIA,SP,202502,2024284,0211020036,37.0,190.55
SIA,SP,202502,2785382,0206010028,1.0,101.1
SIA,SP,202502,2081458,0211020060,24.0,720.0
SIA,SP,202502,9227784,0211020036,3.0,15.45
SIA,SP,202502,4460677,0211020036,249.0,1282.35
SIA,SP,202502,2079097,0206030010,66.0,9149.58
SIA,SP,202502,0092894,0205010016,6.0,990.0
SIA,SP,202502,0775126,0211020036,61.0,314.15
SIA,SP,202502,2082004,0211020036,376.0,1936.4
SIA,SP,202502,9408738,0206010079,344.0,33519.36
SIA,SP,202502,9408738,0206010010,20.0,1735.2
SIA,SP,202502,2066742,0206020023,2.0,173.5
SIA,SP,202502,9112952,0211020036,1065.0,5484.75
SIA,SP,202502,2079216,0211020036,85.0,437.75
SIA,SP,202502,5731933,0211020036,9.0,46.35
SIA,SP,202502,4049020,0211020036,81.0,417.15
SIA,SP,202502,4608437,0211020036,249.0,1282.35
SIA,SP,202502,0775126,0206030010,31.0,4297.53
SIA,SP,202502,0115509,0206010036,7.0,607.32
SIA,SP,202502,2084163,0206030010,94.0,13031.22
SIA,SP,202502,2080079,0206030010,184.0,25507.92
SIA,SP,202502,2083051,0206020031,59.0,8048.19
SIA,SP,202502,2083086,0206030010,1077.0,149304.51
SIA,SP,202502,2081873,0206020031,28.0,3819.48
SIA,SP,202502,2078295,0206020015,5.0,433.75
SIA,SP,202502,2078074,0211020036,118.0,607.7
SIA,SP,202502,4048873,0211020036,166.0,854.9
SIA,SP,202502,6767400,0211020036,407.0,2096.05
SIA,SP,202502,4676815,0206010044,7.0,607.25
SIA,SP,202502,2082721,0206030029,2.0,173.5
SIA,SP,202502,2082721,0206020031,15.0,2046.15
SIA,SP,202502,2758245,0206010010,8.0,694.08
SIA,SP,202502,0092894,0206020031,247.0,33693.27
SIA,SP,202502,2688433,0206010079,306.0,29816.64
SIA,SP,202502,2792176,0206030010,295.0,40895.85
SIA,SP,202502,2749319,0206010010,1.0,86.76
SIA,SP,202502,2024977,0206020031,1.0,136.41
SIA,SP,202502,6967426,0211020060,122.0,3660.0
SIA,SP,202502,6012566,0211020036,82.0,422.3
SIA,SP,202502,2074117,0206010028,4.0,404.4
SIA,SP,202502,5366828,0206030037,138.0,19130.94
SIA,SP,202502,9680500,0206010052,4.0,347.0
SIA,SP,202502,2079437,0211020036,43.0,221.45
SIA,SP,202502,2029219,0211020036,135.0,695.25
SIA,SP,202502,9680500,0206010079,65.0,6333.6
SIA,SP,202502,2079135,0211020060,79.0,8163.07
SIA,SP,202502,2079895,0206010052,2.0,173.5
SIA,SP,202502,2096005,0206010010,2.0,173.52
SIA,SP,202502,2079461,0211020036,109.0,561.35
SIA,SP,202502,5435072,0211020036,226.0,1163.9
SIA,SP,202502,2088487,0206010079,78.0,7600.32
SIA,SP,202502,2088487,0206030010,56.0,7763.28
SIA,SP,202502,2078848,0206010028,9.0,909.9
SIA,SP,202502,5378400,0211020036,33.0,169.95
SIA,SP,202502,7718837,0211020036,1.0,5.15
SIA,SP,202502,5119766,0211020036,27.0,139.05
SIA,SP,202502,7209517,0206020031,138.0,18824.58
SIA,SP,202502,0775126,0206030037,26.0,3604.38
SIA,SP,202502,2080079,0206010052,5.0,433.75
SIA,SP,202502,7130538,0211020036,580.0,2987.0
SIA,SP,202502,2039796,0211020036,5.0,25.75
SIA,SP,202502,2745801,0206020015,1.0,86.75
SIA,SP,202502,2755033,0211020036,22.0,113.3
SIA,SP,202502,2081458,0206020031,240.0,32738.4
SIA,SP,202502,2073285,0211020036,569.0,2930.35
SIA,SP,202502,9134859,0211020036,23.0,118.45
SIA,SP,202502,2073323,0206010028,16.0,1617.6
SIA,SP,202502,2791722,0206020031,118.0,16096.38
SIA,SP,202502,2791722,0206030010,317.0,43945.71
SIA,SP,202502,0872253,0211020036,45.0,231.75
SIA,SP,202502,2079860,0211020036,800.0,4120.0
SIA,SP,202502,2717980,0211020036,381.0,1962.15
SIA,SP,202502,2082586,0211020036,179.0,921.85
SIA,SP,202502,2073269,0206010079,21.0,2046.24
SIA,SP,202502,2079364,0211020036,3.0,15.45
SIA,SP,202502,2088487,0211020036,188.0,968.2
SIA,SP,202502,2032430,0206020023,6.0,520.5
SIA,SP,202502,2077647,0206010052,1.0,86.75
SIA,SP,202502,2083086,0206020031,1118.0,152506.38
SIA,SP,202502,3126838,0206020031,490.0,66840.9
SIA,SP,202502,2747723,0211020036,41.0,211.15
SIA,SP,202502,2751569,0211020036,158.0,813.7
SIA,SP,202502,2082594,0211020036,464.0,2389.6
SIA,SP,202502,3139050,0211020036,1028.0,5294.2
SIA,SP,202502,3549828,0206010052,1.0,86.75
SIA,SP,202502,4604997,0211020036,57.0,293.55
SIA,SP,202502,6003583,0211020036,8.0,41.2
SIA,SP,202502,2096498,0206010036,6.0,520.56
SIA,SP,202502,2084422,0206010028,9.0,909.9
SIA,SP,202502,9436421,0206010079,53.0,5164.32
SIA,SP,202502,2079860,0206020015,12.0,1041.0
SIA,SP,202502,2028204,0206020031,19.0,2591.79
SIA,SP,202502,7812418,0211020036,10.0,51.5
SIA,SP,202502,2751798,0211020036,39.0,200.85
SIA,SP,202502,2074826,0211020036,48.0,247.2
SIA,SP,202502,2751771,0211020036,61.0,314.15
SIA,SP,202502,7040792,0211020036,416.0,2142.4
SIA,SP,202502,2032430,0206020031,41.0,5592.81
SIA,SP,202502,2079836,0211020036,376.0,1936.4
SIA,SP,202502,2078473,0206010060,1.0,97.44
SIA,SP,202502,5586348,0211020036,278.0,1431.7
SIA,SP,202502,2082632,0206030010,29.0,4020.27
SIA,SP,202502,2082519,0206030037,1.0,138.63
SIA,SP,202502,2047306,0211020036,507.0,2611.05
SIA,SP,202502,2079011,0206010010,4.0,347.04
SIA,SP,202502,2748436,0211020036,212.0,1091.8
SIA,SP,202502,2748495,0211020036,8.0,41.2
SIA,SP,202502,2747871,0206010010,31.0,2689.56
SIA,SP,202502,2702193,0206010052,4.0,347.0
SIA,SP,202502,3653676,0206010010,10.0,867.6
SIA,SP,202502,2045982,0211020036,450.0,2317.5
SIA,SP,202502,9262814,0206010079,10.0,974.4
SIA,SP,202502,2081458,0206020023,3.0,260.25
SIA,SP,202502,6607179,0206010052,10.0,867.5
SIA,SP,202502,7066376,0206010052,62.0,5378.5
SIA,SP,202502,2078562,0206020031,181.0,24690.21
SIA,SP,202502,2079925,0206010044,9.0,780.75
SIA,SP,202502,2754843,0206010036,32.0,2776.32
SIA,SP,202502,2754843,0206010079,247.0,24067.68
SIA,SP,202502,2065177,0211020036,43.0,221.45
SIA,SP,202502,4049551,0211020036,161.0,829.15
SIA,SP,202502,7094132,0211020036,277.0,1426.55
SIA,SP,202502,2083493,0211020036,69.0,355.35
SIA,SP,202502,2083604,0206010044,36.0,3123.0
SIA,SP,202502,2081512,0206020015,6.0,520.5
SIA,SP,202502,7894260,0206010079,53.0,5164.32
SIA,SP,202502,9556095,0206010052,14.0,1214.5
SIA,SP,202502,2024691,0206020031,56.0,7638.96
SIA,SP,202502,2052385,0206010079,151.0,14713.44
SIA,SP,202502,6878687,0206010052,20.0,1735.0
SIA,SP,202502,2751623,0206030010,32.0,4436.16
SIA,SP,202502,2083140,0206010044,6.0,520.5
SIA,SP,202502,2083140,0206030029,3.0,260.25
SIA,SP,202502,2081393,0206010087,1.0,138.63
SIA,SP,202502,2078139,0206020015,2.0,173.5
SIA,SP,202502,6016081,0211020036,393.0,2023.95
SIA,SP,202502,2785382,0206020031,15.0,2046.15
SIA,SP,202502,7320175,0211020036,179.0,921.85
SIA,SP,202502,2745798,0211020036,154.0,793.1
SIA,SP,202502,2072513,0206020031,53.0,7229.73
SIA,SP,202502,2088193,0206030010,120.0,16635.6
SIA,SP,202502,2028204,0206010010,6.0,520.56
SIA,SP,202502,2024136,0211020036,31.0,159.65
SIA,SP,202502,2066742,0206010036,2.0,173.52
SIA,SP,202502,6611273,0206020031,20.0,2728.2
SIA,SP,202502,5675820,0206030037,3.0,415.89
SIA,SP,202502,9755357,0206010044,4.0,347.0
SIA,SP,202502,2042452,0211020036,388.0,1998.2
SIA,SP,202502,2087219,0206030010,128.0,17744.64
SIA,SP,202502,9267263,0206030037,0.0,0.0
SIA,SP,202502,2084163,0206010052,24.0,2082.0
SIA,SP,202502,2028239,0211020036,145.0,746.75
SIA,SP,202502,2097702,0208010025,6.0,2451.12
SIA,SP,202502,2083051,0206010052,3.0,260.25
SIA,SP,202502,2082632,0206020031,21.0,2864.61
SIA,SP,202502,9339566,0211020036,266.0,1369.9
SIA,SP,202502,2073323,0211020036,324.0,1668.6
SIA,SP,202502,9267263,0206010079,0.0,0.0
SIA,SP,202502,4048474,0211020036,27.0,139.05
SIA,SP,202502,2096498,0206010052,2.0,173.5
SIA,SP,202502,9267263,0206030010,0.0,0.0
SIA,SP,202502,2748568,0206010036,5.0,433.8
SIA,SP,202502,2751038,0206010010,2.0,173.52
SIA,SP,202502,2702193,0211020036,367.0,1890.05
SIA,SP,202502,2080931,0206010044,13.0,1127.75
SIA,SP,202502,6233848,0206010052,10.0,867.5
SIA,SP,202502,2082926,0206010036,15.0,1301.4
SIA,SP,202502,2083981,0205010016,9.0,1485.0
SIA,SP,202502,2790165,0206030010,7.0,970.41
SIA,SP,202502,2084171,0206010044,7.0,607.25
SIA,SP,202502,2078538,0206010028,18.0,1819.8
SIA,SP,202502,0115509,0206010044,7.0,607.25
SIA,SP,202502,3774554,0206010010,9.0,780.84
SIA,SP,202502,2748487,0211020036,9.0,46.35
SIA,SP,202502,2083981,0206010052,22.0,1908.5
SIA,SP,202502,2078422,0206010044,6.0,520.5
SIA,SP,202502,2078538,0206030029,5.0,433.75
SIA,SP,202502,9755357,0206010036,3.0,260.28
SIA,SP,202502,3028399,0206010052,4.0,347.0
SIA,SP,202502,2082519,0206020015,1.0,86.75
SIA,SP,202502,0115509,0206030029,3.0,260.25
SIA,SP,202502,2081431,0211020036,75.0,386.25
SIA,SP,202502,2083604,0206010079,18.0,1753.92
SIA,SP,202502,2093324,0206030029,2.0,173.5
SIA,SP,202502,2073323,0206030029,2.0,173.5
SIA,SP,202502,2096269,0211020036,1.0,5.15
SIA,SP,202502,9755357,0206030029,2.0,173.5
SIA,SP,202502,2793385,0211020036,342.0,1761.3
SIA,SP,202502,9436421,0206020031,11.0,1500.51
SIA,SP,202502,4049489,0211020036,144.0,741.6
SIA,SP,202502,2079097,0206010028,16.0,1617.6
SIA,SP,202502,5366828,0206010079,242.0,23580.48
SIA,SP,202502,2082632,0206010028,9.0,909.9
SIA,SP,202502,2751623,0206010044,8.0,694.0
SIA,SP,202502,2751623,0206010079,51.0,4969.44
SIA,SP,202502,2097702,0206020015,2.0,173.5
SIA,SP,202502,2024756,0206020031,18.0,2455.38
SIA,SP,202502,2088487,0206010044,4.0,347.0
SIA,SP,202502,2790610,0206010036,1.0,86.76
SIA,SP,202502,2023709,0206010036,7.0,607.32
SIA,SP,202502,7209517,0206010052,8.0,694.0
SIA,SP,202502,2078473,0206010010,26.0,2255.76
SIA,SP,202502,9200223,0206010010,16.0,1388.16
SIA,SP,202502,2082888,0206030037,175.0,38346.0
SIA,SP,202502,2028204,0206030010,34.0,4713.42
SIA,SP,202502,9225137,0206030010,83.0,11506.29
SIA,SP,202502,2096196,0211020036,356.0,1833.4
SIA,SP,202502,2074117,0206010010,10.0,867.6
SIA,SP,202502,2751763,0211020036,29.0,149.35
SIA,SP,202502,2027186,0206010028,11.0,1112.1
SIA,SP,202502,2082926,0206020015,9.0,780.75
SIA,SP,202502,2024691,0206010044,33.0,2862.75
SIA,SP,202502,2023296,0211020036,35.0,180.25
SIA,SP,202502,4047621,0211020036,131.0,674.65
SIA,SP,202502,2088193,0206010036,3.0,260.28
SIA,SP,202502,2083604,0206020015,6.0,520.5
SIA,SP,202502,4470540,0211020036,12.0,61.8
SIA,SP,202502,2791749,0206010028,8.0,808.8
SIA,SP,202502,2088193,0206020023,4.0,347.0
SIA,SP,202502,4048830,0211020036,285.0,1467.75
SIA,SP,202502,3806340,0211020036,19.0,97.85
SIA,SP,202502,2084171,0206010010,11.0,954.36
SIA,SP,202502,3272206,0211020036,38.0,195.7
SIA,SP,202502,6048110,0211020036,274.0,1411.1
SIA,SP,202502,9234373,0211020036,27.0,139.05
SIA,SP,202502,2081091,0206020015,2.0,593.32
SIA,SP,202502,2078414,0211020036,251.0,1292.65
SIA,SP,202502,2040506,0211020060,60.0,1800.0
SIA,SP,202502,9556095,0206020031,111.0,15141.51
SIA,SP,202502,5877121,0211020036,103.0,530.45
SIA,SP,202502,3028399,0206030010,107.0,14833.41
SIA,SP,202502,3840573,0211020036,562.0,2894.3
SIA,SP,202502,2079895,0206020015,2.0,173.5
SIA,SP,202502,2080931,0206010028,5.0,505.5
SIA,SP,202502,2079232,0206010028,6.0,606.6
SIA,SP,202502,6164366,0206010052,20.0,1735.0
SIA,SP,202502,2078341,0211020036,243.0,1251.45
SIA,SP,202502,9773657,0206010052,10.0,867.5
SIA,SP,202502,2080931,0206020031,116.0,15823.56
SIA,SP,202502,2083094,0206020031,100.0,13641.0
SIA,SP,202502,2079895,0206010036,4.0,347.04
SIA,SP,202502,2078074,0206030037,8.0,1109.04
SIA,SP,202502,2030837,0211020036,16.0,82.4
SIA,SP,202502,5366828,0206030029,7.0,607.25
SIA,SP,202502,2747871,0206020031,80.0,10912.8
SIA,SP,202502,2083019,0206010036,3.0,260.28
SIA,SP,202502,2081512,0211020036,75.0,386.25
SIA,SP,202502,7232276,0211020036,19.0,97.85
SIA,SP,202502,2079976,0211020036,104.0,535.6
SIA,SP,202502,2050757,0211020036,371.0,1910.65
SIA,SP,202502,2087715,0206030029,16.0,1388.0
SIA,SP,202502,7777019,0211020036,33.0,169.95
SIA,SP,202502,0256293,0211020036,666.0,3429.9
SIA,SP,202502,2024217,0211020036,31.0,159.65
SIA,SP,202502,7892675,0211020036,200.0,1030.0
SIA,SP,202502,5119774,0211020036,54.0,278.1
SIA,SP,202502,2792176,0206010052,7.0,607.25
SIA,SP,202502,2790637,0211020036,180.0,927.0
SIA,SP,202502,2748568,0206030010,53.0,7347.39
SIA,SP,202502,2080621,0206010044,3.0,260.25
SIA,SP,202502,2084287,0206020015,3.0,889.98
SIA,SP,202502,2792141,0206010052,1.0,86.75
SIA,SP,202502,2095726,0211020036,73.0,375.95
SIA,SP,202502,2792176,0206020031,185.0,25235.85
SIA,SP,202502,0136328,0211020036,304.0,1565.6
SIA,SP,202502,2082691,0206010079,9.0,876.96
SIA,SP,202502,2716097,0206030029,17.0,1474.75
SIA,SP,202502,2745798,0206030037,3.0,415.89
SIA,SP,202502,2083140,0211020036,135.0,695.25
SIA,SP,202502,2748347,0211020036,74.0,381.1
SIA,SP,202502,2032120,0211020036,76.0,391.4
SIA,SP,202502,2791749,0206010010,3.0,260.28
SIA,SP,202502,2081458,0206020015,6.0,520.5
SIA,SP,202502,4676815,0206010010,5.0,433.8
SIA,SP,202502,3774554,0206020031,41.0,5592.81
SIA,SP,202502,3139050,0206030010,303.0,42004.89
SIA,SP,202502,2023474,0206010010,53.0,4598.28
SIA,SP,202502,2074117,0206010044,3.0,260.25
SIA,SP,202502,3058808,0206010052,4.0,347.0
SIA,SP,202502,2793385,0206020031,1.0,136.41
SIA,SP,202502,0448702,0208010033,2.0,1622.04
SIA,SP,202502,2745801,0206020031,2.0,272.82
SIA,SP,202502,9009523,0211020036,234.0,1205.1
SIA,SP,202502,2082721,0206020015,4.0,347.0
SIA,SP,202502,2080028,0206030010,7.0,970.41
SIA,SP,202502,2745798,0206020023,1.0,86.75
SIA,SP,202502,2071185,0211020036,32.0,164.8
SIA,SP,202502,2096463,0206010010,19.0,1648.44
SIA,SP,202502,2095912,0206020031,5.0,682.05
SIA,SP,202502,2038757,0211020060,9.0,270.0
SIA,SP,202502,4047613,0211020036,403.0,2075.45
SIA,SP,202502,7188676,0205010016,29.0,4785.0
SIA,SP,202502,2096188,0211020036,74.0,381.1
SIA,SP,202502,4048423,0211020036,35.0,180.25
SIA,SP,202502,2078074,0206030010,8.0,1109.04
SIA,SP,202502,2716097,0206010052,6.0,520.5
SIA,SP,202502,2079011,0211020036,157.0,808.55
SIA,SP,202502,2082853,0206010028,19.0,1920.9
SIA,SP,202502,6568971,0206010052,3.0,260.25
SIA,SP,202502,5618401,0206010052,5.0,433.75
SIA,SP,202502,2056941,0211020036,65.0,334.75
SIA,SP,202502,2751623,0206030037,6.0,831.78
SIA,SP,202502,2083019,0206010052,2.0,173.5
SIA,SP,202502,2748509,0211020036,13.0,66.95
SIA,SP,202502,9200223,0206010052,2.0,173.5
SIA,SP,202502,2748738,0206030037,3.0,415.89
SIA,SP,202502,2790092,0211020036,140.0,721.0
SIA,SP,202502,7711077,0211020036,506.0,2605.9
SIA,SP,202502,2083981,0206020015,4.0,347.0
SIA,SP,202502,2078511,0206010052,2.0,173.5
SIA,SP,202502,2074184,0206030037,1.0,138.63
SIA,SP,202502,2747405,0211020036,11.0,56.65
SIA,SP,202502,2074877,0211020036,82.0,422.3
SIA,SP,202502,4198026,0211020036,31.0,159.65
SIA,SP,202502,2080044,0206010052,1.0,86.75
SIA,SP,202502,7806116,0211020036,354.0,1823.1
SIA,SP,202502,7494068,0211020036,390.0,2008.5
SIA,SP,202502,2096005,0206020031,4.0,545.64
SIA,SP,202502,6873170,0211020036,5.0,25.75
SIA,SP,202502,5246849,0211020036,2.0,10.3
SIA,SP,202502,2071762,0211020036,51.0,262.65
SIA,SP,202502,5337097,0208010025,48.0,19608.96
SIA,SP,202502,2079925,0206010010,20.0,1735.2
SIA,SP,202502,2078848,0206030029,2.0,173.5
SIA,SP,202502,2831503,0206010052,4.0,347.0
SIA,SP,202502,2081253,0206010079,183.0,17831.52
SIA,SP,202502,7560435,0206020031,27.0,3683.07
SIA,SP,202502,6568971,0206020031,16.0,2182.56
SIA,SP,202502,9980210,0211020036,65.0,334.75
SIA,SP,202502,2073536,0211020036,8.0,41.2
SIA,SP,202502,2083140,0206020023,1.0,86.75
SIA,SP,202502,7344716,0211020036,1.0,5.15
SIA,SP,202502,4798287,0211020036,5.0,25.75
SIA,SP,202502,2082888,0206020015,2.0,360.0
SIA,SP,202502,7560435,0206010052,2.0,173.5
SIA,SP,202502,2825260,0211020036,608.0,3131.2
SIA,SP,202502,2062925,0211020036,40.0,206.0
SIA,SP,202502,2050722,0211020036,45.0,231.75
SIA,SP,202502,2066262,0211020036,129.0,664.35
SIA,SP,202502,2063182,0211020036,137.0,705.55
SIA,SP,202502,6164366,0206020031,153.0,20870.73
SIA,SP,202502,2082845,0211020036,81.0,417.15
SIA,SP,202502,0409812,0211020036,3.0,15.45
SIA,SP,202502,2024977,0206030037,1.0,138.63
SIA,SP,202502,2718111,0211020036,723.0,3723.45
SIA,SP,202502,2038757,0206010060,1.0,97.44
SIA,SP,202502,9436421,0206010028,6.0,606.6
SIA,SP,202502,2745798,0206030010,4.0,554.52
SIA,SP,202502,2082721,0211020036,302.0,1555.3
SIA,SP,202502,5298288,0211020036,19.0,97.85
SIA,SP,202502,9329285,0211020036,39.0,200.85
SIA,SP,202502,2093324,0206010052,1.0,86.75
SIA,SP,202502,2095912,0206030029,1.0,86.75
SIA,SP,202502,9693637,0211020036,526.0,2708.9
SIA,SP,202502,4118421,0206010028,273.0,27600.3
SIA,SP,202502,2078538,0206010044,15.0,1301.25
SIA,SP,202502,2078473,0211020060,44.0,1320.0
SIA,SP,202502,2082888,0206020031,100.0,18000.0
SIA,SP,202502,2706342,0211020036,77.0,396.55
SIA,SP,202502,6555284,0211020036,151.0,777.65
SIA,SP,202502,7090064,0206020031,3.0,409.23
SIA,SP,202502,3139050,0206020023,1.0,86.75
SIA,SP,202502,2078104,0206010052,8.0,694.0
SIA,SP,202502,2061392,0211020036,2.0,10.3
SIA,SP,202502,6335497,0206010052,1.0,86.75
SIA,SP,202502,2032473,0206020031,1.0,136.41
SIA,SP,202502,2079097,0206010036,9.0,780.84
SIA,SP,202502,2059711,0211020036,387.0,1993.05
SIA,SP,202502,3840573,0206020015,3.0,260.25
SIA,SP,202502,2096463,0206010052,1.0,86.75
SIA,SP,202502,2084422,0206030029,2.0,173.5
SIA,SP,202502,2748738,0211020060,4.0,120.0
SIA,SP,202502,5935857,0211020036,543.0,2796.45
SIA,SP,202502,2791668,0211020036,61.0,314.15
SIA,SP,202502,2073536,0206010079,2.0,656.74
SIA,SP,202502,5618401,0206020031,90.0,12276.9
SIA,SP,202502,7781709,0211020036,106.0,545.9
SIA,SP,202502,3672891,0211020036,11.0,56.65
SIA,SP,202502,0966878,0211020036,63.0,324.45
SIA,SP,202502,2083353,0206010079,1.0,97.44
SIA,SP,202502,2079925,0206010052,4.0,347.0
SIA,SP,202502,2078074,0206020031,3.0,409.23
SIA,SP,202502,3549828,0206010010,2.0,173.52
SIA,SP,202502,2090961,0206010052,1.0,86.75
SIA,SP,202502,3653676,0206020015,2.0,173.5
SIA,SP,202502,2790165,0206020031,4.0,545.64
SIA,SP,202502,2789353,0211020036,468.0,2410.2
SIA,SP,202502,2718626,0211020036,72.0,370.8
SIA,SP,202502,2096161,0211020036,6.0,30.9
SIA,SP,202502,2064030,0211020036,92.0,473.8
SIA,SP,202502,2785412,0211020036,10.0,51.5
SIA,SP,202502,9225137,0211020036,835.0,4300.25
SIA,SP,202502,2755092,0206010010,2.0,173.52
SIA,SP,202502,2024209,0211020036,25.0,128.75
SIA,SP,202502,2751623,0206030029,6.0,520.5
SIA,SP,202502,2747472,0211020036,13.0,66.95
SIA,SP,202502,4875249,0211020036,85.0,437.75
SIA,SP,202502,2030314,0211020060,25.0,750.0
SIA,SP,202502,2031027,0211020036,391.0,2013.65
SIA,SP,202502,9436421,0206010036,2.0,173.52
SIA,SP,202502,2773333,0211020036,259.0,1333.85
SIA,SP,202502,7090064,0211020036,425.0,2188.75
SIA,SP,202502,4832027,0206010010,1.0,86.76
SIA,SP,202502,2076454,0211020036,513.0,2641.95
SIA,SP,202502,2747014,0211020036,54.0,278.1
SIA,SP,202502,2084058,0206010052,1.0,86.75
SIA,SP,202502,7851758,0211020036,49.0,252.35
SIA,SP,202502,0201154,0211020036,379.0,1951.85
SIA,SP,202502,9030557,0206010052,3.0,260.25
SIA,SP,202502,2090457,0206030010,1.0,138.63
SIA,SP,202502,2088487,0206010052,1.0,86.75
SIA,SP,202502,2055147,0211020036,79.0,406.85
SIA,SP,202502,7868499,0211020036,391.0,2013.65
SIA,SP,202502,4938305,0211020036,53.0,272.95
SIA,SP,202502,5101174,0211020036,27.0,139.05
SIA,SP,202502,2078104,0206020015,2.0,173.5
SIA,SP,202502,2027186,0206010036,2.0,173.52
SIA,SP,202502,6894461,0211020036,126.0,648.9
SIA,SP,202502,2081458,0211020010,51.0,37232.04
SIA,SP,202502,7184689,0206010036,1.0,86.76
SIA,SP,202502,2082888,0206030029,3.0,540.0
SIA,SP,202502,7343671,0208010025,31.0,12664.12
SIA,SP,202502,6164366,0205010016,9.0,1485.0
SIA,SP,202502,9616144,0211020036,7.0,36.05
SIA,SP,202502,7433670,0211020036,14.0,72.1
SIA,SP,202502,2748568,0206020015,2.0,173.5
SIA,SP,202502,2751569,0206030010,46.0,21049.6
SIA,SP,202502,2028999,0211020036,54.0,278.1
SIA,SP,202502,2078473,0206030010,108.0,14972.04
SIA,SP,202502,2024691,0206030010,132.0,18299.16
SIA,SP,202502,2024691,0206010079,169.0,16467.36
SIA,SP,202502,2078414,0206010079,181.0,17636.64
SIA,SP,202502,2078414,0206030010,105.0,14556.15
SIA,SP,202502,2078414,0206030037,114.0,15803.82
SIA,SP,202502,9773657,0206010044,27.0,2342.25
SIA,SP,202502,2080931,0208010025,24.0,9804.48
SIA,SP,202502,2087111,0206030037,217.0,30082.71
SIA,SP,202502,2092298,0206030037,111.0,15387.93
SIA,SP,202502,2079313,0211020036,103.0,530.45
SIA,SP,202502,6976794,0211020036,183.0,942.45
SIA,SP,202502,2747871,0206010044,25.0,2168.75
SIA,SP,202502,2791722,0211020036,636.0,3275.4
SIA,SP,202502,2097702,0206010079,30.0,2923.2
SIA,SP,202502,5366828,0206020031,79.0,10776.39
SIA,SP,202502,0448702,0211020036,30.0,154.5
SIA,SP,202502,6878687,0206010044,33.0,2862.75
SIA,SP,202502,2087219,0206020031,77.0,10503.57
SIA,SP,202502,2022435,0211020036,213.0,1096.95
SIA,SP,202502,6611273,0206010052,6.0,520.5
SIA,SP,202502,2090961,0206010044,7.0,607.25
SIA,SP,202502,6607179,0206010044,35.0,3036.25
SIA,SP,202502,2096463,0206030037,56.0,7763.28
SIA,SP,202502,2096498,0206030037,31.0,4297.53
SIA,SP,202502,2088193,0206020031,91.0,12413.31
SIA,SP,202502,7130341,0211020036,264.0,1359.6
SIA,SP,202502,2081253,0206020031,71.0,9685.11
SIA,SP,202502,2073323,0206010044,11.0,954.25
SIA,SP,202502,9225137,0206020031,29.0,3955.89
SIA,SP,202502,2083183,0211020036,151.0,777.65
SIA,SP,202502,2052385,0206010036,1.0,86.76
SIA,SP,202502,7209517,0206010044,100.0,8675.0
SIA,SP,202502,7068824,0211020036,263.0,1354.45
SIA,SP,202502,2077647,0206030010,15.0,2079.45
SIA,SP,202502,3653676,0206030029,7.0,607.25
SIA,SP,202502,6233848,0206010044,23.0,1995.25
SIA,SP,202502,2791722,0206030029,32.0,2776.0
SIA,SP,202502,2027186,0211020036,250.0,1287.5
SIA,SP,202502,2748738,0211020036,66.0,339.9
SIA,SP,202502,2093138,0206030029,1.0,86.75
SIA,SP,202502,3840573,0206020031,95.0,12958.95
SIA,SP,202502,2791676,0211020036,219.0,1127.85
SIA,SP,202502,2078848,0206010044,7.0,607.25
SIA,SP,202502,7228163,0211020036,707.0,3641.05
SIA,SP,202502,2791722,0206010010,37.0,3210.12
SIA,SP,202502,2084058,0206030037,50.0,6931.5
SIA,SP,202502,2077027,0211020036,267.0,1375.05
SIA,SP,202502,2075105,0206020031,21.0,2864.61
SIA,SP,202502,3653676,0206020031,21.0,2864.61
SIA,SP,202502,6325688,0211020036,145.0,746.75
SIA,SP,202502,2023709,0211020036,212.0,1091.8
SIA,SP,202502,6258484,0206010052,3.0,260.25
SIA,SP,202502,2748568,0206010044,6.0,520.5
SIA,SP,202502,7985886,0211020036,249.0,1282.35
SIA,SP,202502,2079917,0206030029,2.0,173.5
SIA,SP,202502,2090961,0211020010,67.0,48912.68
SIA,SP,202502,9799265,0211020036,1.0,5.15
SIA,SP,202502,2084058,0206020015,3.0,260.25
SIA,SP,202502,2073323,0206010052,10.0,867.5
SIA,SP,202502,2077582,0206030010,39.0,5406.57
SIA,SP,202502,5586348,0206010036,1.0,86.76
SIA,SP,202502,2053446,0206030010,33.0,4574.79
SIA,SP,202502,2078074,0206010028,1.0,101.1
SIA,SP,202502,2083604,0206030037,17.0,2356.71
SIA,SP,202502,2716097,0206010044,56.0,4858.0
SIA,SP,202502,2038757,0206010028,8.0,808.8
SIA,SP,202502,2081512,0206020031,61.0,8321.01
SIA,SP,202502,2028468,0211020036,8.0,41.2
SIA,SP,202502,2023474,0206010028,58.0,5863.8
SIA,SP,202502,9225137,0206010036,4.0,347.04
SIA,SP,202502,2066777,0211020036,576.0,2966.4
SIA,SP,202502,7681526,0211020036,4.0,20.6
SIA,SP,202502,2082845,0206010010,10.0,867.6
SIA,SP,202502,2079925,0206010028,41.0,4145.1
SIA,SP,202502,2055082,0211020036,224.0,1153.6
SIA,SP,202502,2758245,0211020036,306.0,1575.9
SIA,SP,202502,2078473,0206030037,117.0,16219.71
SIA,SP,202502,2078473,0206010036,16.0,1388.16
SIA,SP,202502,2087219,0206010028,44.0,4448.4
SIA,SP,202502,5618401,0206010044,29.0,2515.75
SIA,SP,202502,7560435,0206010044,17.0,1474.75
SIA,SP,202502,2053446,0206030029,3.0,260.25
SIA,SP,202502,2758245,0206010036,4.0,347.04
SIA,SP,202502,9773657,0206020031,21.0,2864.61
SIA,SP,202502,2078848,0206030037,110.0,15249.3
SIA,SP,202502,2688433,0206010044,49.0,4250.75
SIA,SP,202502,2078104,0206020031,76.0,10367.16
SIA,SP,202502,0115509,0206030010,84.0,11644.92
SIA,SP,202502,4049020,0206010079,64.0,6236.16
SIA,SP,202502,2093324,0206020031,79.0,10776.39
SIA,SP,202502,2082527,0208010025,42.0,17157.84
SIA,SP,202502,4118421,0206030010,240.0,33271.2
SIA,SP,202502,4118421,0206020023,24.0,2082.0
SIA,SP,202502,2082527,0208010033,42.0,16088.94
SIA,SP,202502,2082632,0206030029,3.0,260.25
SIA,SP,202502,2082497,0211020036,42.0,216.3
SIA,SP,202502,2092298,0206020015,4.0,347.0
SIA,SP,202502,2078414,0211020060,3.0,90.0
SIA,SP,202502,2080737,0211020036,94.0,484.1
SIA,SP,202502,6568971,0206010044,10.0,867.5
SIA,SP,202502,2749319,0206010044,7.0,607.25
SIA,SP,202502,2082691,0206020031,4.0,545.64
SIA,SP,202502,2078848,0206020023,3.0,260.25
SIA,SP,202502,2790610,0206020031,19.0,2591.79
SIA,SP,202502,2090961,0206020031,24.0,3273.84
SIA,SP,202502,2751623,0206010028,4.0,404.4
SIA,SP,202502,3549828,0206010044,13.0,1127.75
SIA,SP,202502,2032430,0206010044,5.0,433.75
SIA,SP,202502,2080664,0206020031,78.0,10639.98
SIA,SP,202502,2080095,0206020031,13.0,1773.33
SIA,SP,202502,5586348,0206010079,25.0,2436.0
SIA,SP,202502,4676815,0206010028,4.0,404.4
SIA,SP,202502,2792168,0206020031,66.0,9003.06
SIA,SP,202502,9367128,0211020036,202.0,1040.3
SIA,SP,202502,2087227,0211020036,32.0,164.8
SIA,SP,202502,2702193,0206010010,28.0,2429.28
SIA,SP,202502,9556095,0206010044,27.0,2342.25
SIA,SP,202502,9030557,0206010044,37.0,3209.75
SIA,SP,202502,2792141,0206020031,57.0,7775.37
SIA,SP,202502,2073323,0206030037,25.0,3465.75
SIA,SP,202502,2082926,0206010028,89.0,8997.9
SIA,SP,202502,9180605,0211020036,30.0,154.5
SIA,SP,202502,2079135,0206030010,114.0,19950.0
SIA,SP,202502,2075105,0206030037,23.0,3188.49
SIA,SP,202502,2081091,0206010028,29.0,9019.29
SIA,SP,202502,3753433,0206020031,12.0,1636.92
SIA,SP,202502,2088487,0206020015,3.0,260.25
SIA,SP,202502,0902543,0211020036,77.0,396.55
SIA,SP,202502,2030314,0206010028,10.0,1011.0
SIA,SP,202502,2096463,0206010036,5.0,433.8
SIA,SP,202502,2699915,0206010028,20.0,2022.0
SIA,SP,202502,2790297,0211020036,25.0,128.75
SIA,SP,202502,3058808,0206020023,6.0,520.5
SIA,SP,202502,2081393,0206010028,40.0,4044.0
SIA,SP,202502,2081393,0206010036,6.0,520.56
SIA,SP,202502,2080044,0206020031,32.0,4365.12
SIA,SP,202502,2080079,0206020031,80.0,10912.8
SIA,SP,202502,2084163,0206020031,86.0,11731.26
SIA,SP,202502,2079828,0206020031,151.0,20597.91
SIA,SP,202502,2078104,0206030010,147.0,20378.61
SIA,SP,202502,2792168,0206030037,127.0,17606.01
SIA,SP,202502,2082853,0206030010,35.0,4852.05
SIA,SP,202502,2078511,0206020031,30.0,4092.3
SIA,SP,202502,2716097,0206020031,337.0,45970.17
SIA,SP,202502,2716097,0206030010,480.0,66542.4
SIA,SP,202502,2716097,0206010036,56.0,4858.56
SIA,SP,202502,2079895,0206020031,23.0,3137.43
SIA,SP,202502,2082888,0206010010,14.0,2520.0
SIA,SP,202502,2831503,0206020031,81.0,11049.21
SIA,SP,202502,2082594,0206030029,13.0,1127.75
SIA,SP,202502,2087111,0206010028,51.0,5156.1
SIA,SP,202502,2027186,0206010010,15.0,1301.4
SIA,SP,202502,2092298,0206010044,68.0,5899.0
SIA,SP,202502,0295701,0206010010,16.0,1388.16
SIA,SP,202502,2038757,0206010010,8.0,694.08
SIA,SP,202502,2084058,0206010079,65.0,6333.6
SIA,SP,202502,2059916,0211020060,57.0,1710.0
SIA,SP,202502,2088193,0206010079,255.0,24847.2
SIA,SP,202502,2096498,0206010028,30.0,3033.0
SIA,SP,202502,2080621,0206030037,16.0,2218.08
SIA,SP,202502,6568971,0206030037,28.0,3881.64
SIA,SP,202502,6568459,0211020036,309.0,1591.35
SIA,SP,202502,6639658,0211020036,324.0,1668.6
SIA,SP,202502,6607179,0206030037,91.0,12615.33
SIA,SP,202502,9580743,0211020060,75.0,2250.0
SIA,SP,202502,9556095,0206030037,93.0,12892.59
SIA,SP,202502,7560435,0206030037,29.0,4020.27
SIA,SP,202502,9442642,0211020060,72.0,2160.0
SIA,SP,202502,2078414,0206010044,11.0,954.25
SIA,SP,202502,3605663,0206010079,40.0,3897.6
SIA,SP,202502,2096498,0206020031,103.0,14050.23
SIA,SP,202502,2089548,0206010079,20.0,1948.8
SIA,SP,202502,3605663,0206030037,11.0,1524.93
SIA,SP,202502,6414176,0206030010,13.0,1802.19
SIA,SP,202502,2079836,0206030037,100.0,13863.0
SIA,SP,202502,2058421,0211020036,66.0,339.9
SIA,SP,202502,6546463,0211020060,48.0,1440.0
SIA,SP,202502,6233848,0206020031,31.0,4228.71
SIA,SP,202502,7515111,0211020036,18.0,92.7
SIA,SP,202502,9256903,0211020036,10.0,51.5
SIA,SP,202502,9680500,0206030010,64.0,8872.32
SIA,SP,202502,2083051,0206030037,151.0,20933.13
SIA,SP,202502,2754843,0206010052,2.0,173.5
SIA,SP,202502,2831503,0206030037,74.0,10258.62
SIA,SP,202502,6335497,0206010044,12.0,1041.0
SIA,SP,202502,2079895,0206030037,71.0,9842.73
SIA,SP,202502,2079828,0211020036,277.0,1426.55
SIA,SP,202502,0107565,0211020036,12.0,61.8
SIA,SP,202502,2790165,0206030037,6.0,831.78
SIA,SP,202502,2083019,0206020031,23.0,3137.43
SIA,SP,202502,2079135,0206010079,342.0,63270.0
SIA,SP,202502,6258484,0206010044,13.0,1127.75
SIA,SP,202502,2024756,0206010044,12.0,1041.0
SIA,SP,202502,2790610,0206030037,25.0,3465.75
SIA,SP,202502,2750546,0211020036,260.0,1339.0
SIA,SP,202502,2790610,0211020036,318.0,1637.7
SIA,SP,202502,2096463,0206010028,19.0,1920.9
SIA,SP,202502,2096463,0206020031,30.0,4092.3
SIA,SP,202502,2087111,0206030010,209.0,28973.67
SIA,SP,202502,2088193,0206030029,12.0,1041.0
SIA,SP,202502,2088193,0206010028,41.0,4145.1
SIA,SP,202502,2088193,0211020036,331.0,1704.65
SIA,SP,202502,2025167,0211020036,472.0,2430.8
SIA,SP,202502,2090961,0211020060,66.0,1980.0
SIA,SP,202502,2090961,0206030037,28.0,3881.64
SIA,SP,202502,2093324,0206030037,130.0,18021.9
SIA,SP,202502,3126838,0206030037,717.0,99397.71
SIA,SP,202502,2081091,0206030037,48.0,16729.92
SIA,SP,202502,2831430,0211020036,130.0,669.5
SIA,SP,202502,0092894,0206030037,210.0,29112.3
SIA,SP,202502,2797739,0211020036,369.0,1900.35
SIA,SP,202502,4197402,0211020036,170.0,875.5
SIA,SP,202502,2080923,0206010028,10.0,1011.0
SIA,SP,202502,2078473,0206010044,31.0,2689.25
SIA,SP,202502,2751623,0211020036,278.0,1431.7
SIA,SP,202502,9436421,0206030037,20.0,2772.6
SIA,SP,202502,3028399,0206020031,74.0,10094.34
SIA,SP,202502,2750333,0211020036,67.0,345.05
SIA,SP,202502,3058808,0206020031,65.0,8866.65
SIA,SP,202502,6611273,0206030029,8.0,694.0
SIA,SP,202502,6611273,0206020015,7.0,607.25
SIA,SP,202502,2087219,0206020015,2.0,173.5
SIA,SP,202502,9225137,0206010079,151.0,14713.44
SIA,SP,202502,9225137,0206030037,89.0,12338.07
SIA,SP,202502,2755092,0206010079,6.0,584.64
SIA,SP,202502,2079836,0206020015,10.0,867.5
SIA,SP,202502,2084287,0206030037,27.0,9410.58
SIA,SP,202502,5366828,0206010036,10.0,867.6
SIA,SP,202502,0040061,0211020036,232.0,1194.8
SIA,SP,202502,3549828,0206010028,7.0,707.7
SIA,SP,202502,2071851,0211020036,193.0,993.95
SIA,SP,202502,2093332,0206010079,46.0,4482.24
SIA,SP,202502,2792141,0206030037,100.0,13863.0
SIA,SP,202502,9200223,0206020015,8.0,694.0
SIA,SP,202502,2082721,0206010079,47.0,4579.68
SIA,SP,202502,2793385,0206010079,18.0,1753.92
SIA,SP,202502,4118421,0206030029,77.0,6679.75
SIA,SP,202502,2082594,0206030010,32.0,4436.16
SIA,SP,202502,2079135,0206030029,6.0,1020.0
SIA,SP,202502,2080621,0211020036,84.0,432.6
SIA,SP,202502,2746832,0211020036,34.0,175.1
SIA,SP,202502,2096196,0206010044,10.0,867.5
SIA,SP,202502,2748568,0206010079,79.0,7697.76
SIA,SP,202502,2076349,0211020036,10.0,51.5
SIA,SP,202502,6568459,0211020060,39.0,1170.0
SIA,SP,202502,2082632,0206030037,28.0,3881.64
SIA,SP,202502,2083604,0206030029,16.0,1388.0
SIA,SP,202502,2033135,0211020036,104.0,535.6
SIA,SP,202502,2081458,0206030029,15.0,1301.25
SIA,SP,202502,2079828,0206030010,264.0,36598.32
SIA,SP,202502,2072513,0206010036,10.0,867.6
SIA,SP,202502,2077582,0206020031,38.0,5183.58
SIA,SP,202502,2082845,0206030010,114.0,15803.82
SIA,SP,202502,2079925,0206030037,52.0,7208.76
SIA,SP,202502,4676815,0206030037,122.0,16912.86
SIA,SP,202502,0295701,0206020031,48.0,6547.68
SIA,SP,202502,4676815,0206010079,87.0,8477.28
SIA,SP,202502,2082942,0211020036,65.0,334.75
SIA,SP,202502,9408738,0206020023,2.0,173.5
SIA,SP,202502,3605663,0206020031,23.0,3137.43
SIA,SP,202502,4118421,0206020031,309.0,42150.69
SIA,SP,202502,3028399,0206020023,18.0,1561.5
SIA,SP,202502,3653676,0206010028,4.0,404.4
SIA,SP,202502,2081377,0211020036,176.0,906.4
SIA,SP,202502,2082527,0211020036,21.0,108.15
SIA,SP,202502,2085976,0211020036,183.0,942.45
SIA,SP,202502,9778004,0211020036,3.0,15.45
SIA,SP,202502,2081458,0206030010,458.0,63492.54
SIA,SP,202502,2855917,0211020060,221.0,6630.0
SIA,SP,202502,2751038,0211020036,204.0,1050.6
SIA,SP,202502,6523536,0211020060,23.0,690.0
SIA,SP,202502,6523536,0211020036,58.0,298.7
SIA,SP,202502,3139050,0206030029,17.0,1474.75
SIA,SP,202502,2746174,0211020036,31.0,159.65
SIA,SP,202502,4050746,0211020036,91.0,468.65
SIA,SP,202502,2084171,0206010036,5.0,433.8
SIA,SP,202502,2091275,0211020036,7.0,36.05
SIA,SP,202502,0448702,0206020031,3.0,540.0
SIA,SP,202502,2083094,0206030037,107.0,14833.41
SIA,SP,202502,2083086,0206020023,20.0,1735.0
SIA,SP,202502,2755092,0206010044,5.0,433.75
SIA,SP,202502,9200223,0206010036,9.0,780.84
SIA,SP,202502,2060027,0211020036,499.0,2569.85
SIA,SP,202502,9030557,0206020031,52.0,7093.32
SIA,SP,202502,2751704,0206010044,18.0,1561.5
SIA,SP,202502,3139050,0206010036,24.0,2082.24
SIA,SP,202502,6603432,0211020036,162.0,834.3
SIA,SP,202502,6878687,0206030037,392.0,54342.96
SIA,SP,202502,7209517,0206030037,70.0,9704.1
SIA,SP,202502,7066376,0206030037,480.0,66542.4
SIA,SP,202502,7062672,0211020036,111.0,571.65
SIA,SP,202502,6568971,0211020060,89.0,2670.0
SIA,SP,202502,9408738,0206030029,8.0,694.0
SIA,SP,202502,2084058,0211020036,48.0,247.2
SIA,SP,202502,7894260,0206010052,4.0,347.0
SIA,SP,202502,2792168,0211020036,907.0,4671.05
SIA,SP,202502,2082438,0206020031,5.0,682.05
SIA,SP,202502,2083019,0206030037,80.0,11090.4
SIA,SP,202502,2082810,0211020036,47.0,242.05
SIA,SP,202502,2081253,0206010052,4.0,347.0
SIA,SP,202502,9408738,0206020031,118.0,16096.38
SIA,SP,202502,2079925,0206020023,4.0,347.0
SIA,SP,202502,2758245,0206020031,30.0,4092.3
SIA,SP,202502,2079836,0206030029,6.0,520.5
SIA,SP,202502,2096498,0206030029,16.0,1388.0
SIA,SP,202502,2095912,0206030037,23.0,3188.49
SIA,SP,202502,2079836,0206010028,38.0,3841.8
SIA,SP,202502,7036892,0211020036,314.0,1617.1
SIA,SP,202502,2079097,0206010044,4.0,347.0
SIA,SP,202502,9200223,0206030029,7.0,607.25
SIA,SP,202502,6008658,0211020036,11.0,56.65
SIA,SP,202502,4197402,0206010010,4.0,347.04
SIA,SP,202502,2079925,0206010079,38.0,3702.72
SIA,SP,202502,2028115,0211020036,13.0,66.95
SIA,SP,202502,2079836,0206010010,6.0,520.56
SIA,SP,202502,2082640,0206020031,7.0,954.87
SIA,SP,202502,2024977,0206010079,1.0,97.44
SIA,SP,202502,2704900,0206030037,195.0,27032.85
SIA,SP,202502,9773657,0206030037,53.0,7347.39
SIA,SP,202502,9030557,0211020060,33.0,990.0
SIA,SP,202502,9030557,0211020036,218.0,1122.7
SIA,SP,202502,2081253,0211020010,47.0,34311.88
SIA,SP,202502,7062672,0211020060,49.0,1470.0
SIA,SP,202502,7184689,0206010079,148.0,14421.12
SIA,SP,202502,2096196,0206030037,41.0,5683.83
SIA,SP,202502,2071517,0211020036,137.0,705.55
SIA,SP,202502,2078511,0211020036,83.0,427.45
SIA,SP,202502,2079828,0211020060,101.0,3030.0
SIA,SP,202502,2078511,0206030037,57.0,7901.91
SIA,SP,202502,2081873,0206030037,53.0,7347.39
SIA,SP,202502,2072513,0206010010,19.0,1648.44
SIA,SP,202502,2081253,0206010044,24.0,2082.0
SIA,SP,202502,4197402,0206010044,6.0,520.5
SIA,SP,202502,2050757,0206030010,24.0,3327.12
SIA,SP,202502,2699915,0206030010,183.0,25369.29
SIA,SP,202502,3021378,0206010036,9.0,780.84
SIA,SP,202502,2087715,0206020015,16.0,1388.0
SIA,SP,202502,2087715,0206020023,5.0,433.75
SIA,SP,202502,2087715,0206010036,10.0,867.6
SIA,SP,202502,2096196,0206010052,3.0,260.25
SIA,SP,202502,2093332,0206010036,5.0,433.8
SIA,SP,202502,2081202,0206010028,22.0,2224.2
SIA,SP,202502,2080931,0206010010,3.0,260.28
SIA,SP,202502,2081202,0206010010,7.0,607.32
SIA,SP,202502,2040956,0211020036,35.0,180.25
SIA,SP,202502,2093332,0211020036,66.0,339.9
SIA,SP,202502,2096498,0206020015,2.0,173.5
SIA,SP,202502,2790076,0211020036,75.0,386.25
SIA,SP,202502,2032430,0208010033,11.0,4213.77
SIA,SP,202502,2096366,0211020036,31.0,159.65
SIA,SP,202502,2791749,0206010079,39.0,3800.16
SIA,SP,202502,2792141,0211020036,83.0,236.9
SIA,SP,202502,2082071,0211020036,269.0,1385.35
SIA,SP,202502,2755092,0206030010,2.0,277.26
SIA,SP,202502,2080923,0206010079,36.0,3507.84
SIA,SP,202502,2082594,0206010028,5.0,505.5
SIA,SP,202502,2082691,0206030037,9.0,1247.67
SIA,SP,202502,4049020,0206010036,5.0,433.8
SIA,SP,202502,6607330,0211020060,63.0,1890.0
SIA,SP,202502,2074907,0211020036,7.0,36.05
SIA,SP,202502,2083981,0206020031,44.0,6002.04
SIA,SP,202502,2031779,0211020036,557.0,2868.55
SIA,SP,202502,2096196,0206030029,4.0,347.0
SIA,SP,202502,2097702,0208010033,6.0,2298.42
SIA,SP,202502,7999917,0211020036,73.0,375.95
SIA,SP,202502,2704900,0206020023,6.0,520.5
SIA,SP,202502,2704900,0211020036,55.0,283.25
SIA,SP,202502,2792141,0206020023,10.0,867.5
SIA,SP,202502,4118421,0206010036,36.0,3123.36
SIA,SP,202502,5935857,0206020031,163.0,22234.83
SIA,SP,202502,5462738,0211020036,15.0,77.25
SIA,SP,202502,2789345,0211020036,149.0,767.35
SIA,SP,202502,2056860,0208010025,13.0,5310.76
SIA,SP,202502,2053446,0206010044,3.0,260.25
SIA,SP,202502,7461364,0211020036,5.0,25.75
SIA,SP,202502,2074095,0211020036,1.0,5.15
SIA,SP,202502,9614559,0211020036,340.0,1751.0
SIA,SP,202502,0092894,0211020060,26.0,780.0
SIA,SP,202502,9390650,0211020036,179.0,921.85
SIA,SP,202502,2081458,0206010028,24.0,2426.4
SIA,SP,202502,2078139,0206030010,17.0,2356.71
SIA,SP,202502,2089548,0206010044,4.0,347.0
SIA,SP,202502,9225137,0206010044,13.0,1127.75
SIA,SP,202502,2790165,0206010079,5.0,487.2
SIA,SP,202502,7697422,0211020036,388.0,1998.2
SIA,SP,202502,2080079,0211020036,320.0,1648.0
SIA,SP,202502,2080095,0211020036,474.0,2441.1
SIA,SP,202502,2080079,0211020060,67.0,2010.0
SIA,SP,202502,2083094,0211020036,342.0,1761.3
SIA,SP,202502,2080095,0206030037,28.0,3881.64
SIA,SP,202502,2073196,0211020036,1.0,5.15
SIA,SP,202502,2041154,0211020060,39.0,1170.0
SIA,SP,202502,6818196,0211020060,163.0,4890.0
SIA,SP,202502,2082527,0206010060,4.0,389.76
SIA,SP,202502,9067205,0211020036,368.0,1895.2
SIA,SP,202502,6414176,0206010028,6.0,606.6
SIA,SP,202502,3774554,0206010052,5.0,433.75
SIA,SP,202502,3875415,0205010016,23.0,3795.0
SIA,SP,202502,2082845,0206010028,22.0,2224.2
SIA,SP,202502,2084287,0206010052,6.0,1779.96
SIA,SP,202502,4048865,0208010033,6.0,2298.42
SIA,SP,202502,6164366,0206010044,41.0,3556.75
SIA,SP,202502,2082888,0206010052,8.0,1440.0
SIA,SP,202502,7947984,0211020036,500.0,2575.0
SIA,SP,202502,0676357,0206020031,10.0,1364.1
SIA,SP,202502,2791749,0206020031,7.0,954.87
SIA,SP,202502,2082632,0206010079,18.0,1753.92
SIA,SP,202502,2705249,0211020036,69.0,355.35
SIA,SP,202502,2032430,0206030010,7.0,970.41
SIA,SP,202502,6607330,0211020036,326.0,1678.9
SIA,SP,202502,2096498,0206010010,10.0,867.6
SIA,SP,202502,2080664,0206030037,70.0,9704.1
SIA,SP,202502,2078104,0206020023,24.0,2082.0
SIA,SP,202502,2072467,0211020036,25.0,128.75
SIA,SP,202502,2093324,0206010044,9.0,780.75
SIA,SP,202502,3003523,0206020031,4.0,800.0
SIA,SP,202502,2790165,0206010028,4.0,404.4
SIA,SP,202502,9408738,0206010028,18.0,1819.8
SIA,SP,202502,2023709,0206010052,2.0,173.5
SIA,SP,202502,9225137,0206020015,5.0,433.75
SIA,SP,202502,2702193,0206010036,16.0,1388.16
SIA,SP,202502,3605663,0206030010,14.0,1940.82
SIA,SP,202502,3126838,0211020010,98.0,71543.92
SIA,SP,202502,2092298,0206010052,3.0,260.25
SIA,SP,202502,3126838,0211020036,591.0,3043.65
SIA,SP,202502,2079860,0206010036,18.0,1561.68
SIA,SP,202502,2082888,0206010044,15.0,2700.0
SIA,SP,202502,2096463,0206030029,5.0,433.75
SIA,SP,202502,2082632,0206010044,6.0,520.5
SIA,SP,202502,2082691,0206030029,4.0,347.0
SIA,SP,202502,9408738,0206010036,14.0,1214.64
SIA,SP,202502,2078848,0206010052,5.0,433.75
SIA,SP,202502,9680500,0206010028,7.0,707.7
SIA,SP,202502,2790165,0206010044,1.0,86.75
SIA,SP,202502,3058808,0206030037,142.0,19685.46
SIA,SP,202502,3058808,0211020036,317.0,1632.55
SIA,SP,202502,6568971,0206020023,2.0,173.5
SIA,SP,202502,7560435,0206010060,2.0,194.88
SIA,SP,202502,9983724,0211020036,1.0,5.15
SIA,SP,202502,2078511,0206010044,6.0,520.5
SIA,SP,202502,0295701,0206010052,7.0,607.25
SIA,SP,202502,2078422,0206030010,85.0,11783.55
SIA,SP,202502,6164366,0211020036,1271.0,6545.65
SIA,SP,202502,9755357,0206010010,6.0,520.56
SIA,SP,202502,2078422,0206030037,90.0,12476.7
SIA,SP,202502,9755357,0206030037,32.0,4436.16
SIA,SP,202502,9755357,0206030010,29.0,4020.27
SIA,SP,202502,6164366,0211020060,53.0,1590.0
SIA,SP,202502,2792141,0902010018,37.0,4810.0
SIA,SP,202502,2082934,0211020036,47.0,242.05
SIA,SP,202502,2078538,0206020023,9.0,780.75
SIA,SP,202502,0115509,0206010052,5.0,433.75
SIA,SP,202502,2080028,0206010079,8.0,779.52
SIA,SP,202502,2078295,0206010060,37.0,3605.28
SIA,SP,202502,6335497,0206020031,13.0,1773.33
SIA,SP,202502,4047478,0211020036,70.0,360.5
SIA,SP,202502,6611273,0206010044,12.0,1041.0
SIA,SP,202502,2801051,0211020036,392.0,2018.8
SIA,SP,202502,2097818,0211020036,77.0,396.55
SIA,SP,202502,2751704,0206030029,14.0,1214.5
SIA,SP,202502,3774554,0206010044,6.0,520.5
SIA,SP,202502,2024756,0206010036,9.0,780.84
SIA,SP,202502,2097702,0206010010,1.0,86.76
SIA,SP,202502,2030314,0206010036,5.0,433.8
SIA,SP,202502,0092894,0206010044,20.0,1735.0
SIA,SP,202502,2791412,0211020036,23.0,118.45
SIA,SP,202502,2087103,0206030010,13.0,1802.19
SIA,SP,202502,2066742,0206010052,5.0,433.75
SIA,SP,202502,0676357,0206010044,2.0,173.5
SIA,SP,202502,6412556,0211020036,3.0,15.45
SIA,SP,202502,2855917,0211020036,419.0,2157.85
SIA,SP,202502,2081253,0206010036,2.0,173.52
SIA,SP,202502,2071487,0211020036,46.0,236.9
SIA,SP,202502,2024977,0206030010,2.0,277.26
SIA,SP,202502,2038404,0211020036,2.0,10.3
SIA,SP,202502,2079917,0206010010,7.0,607.32
SIA,SP,202502,2050757,0206010028,6.0,606.6
SIA,SP,202502,2087804,0206030037,26.0,3604.38
SIA,SP,202502,6479146,0211020036,120.0,618.0
SIA,SP,202502,2083019,0211020036,115.0,592.25
SIA,SP,202502,2078074,0206030029,1.0,86.75
SIA,SP,202502,2078295,0206010044,3.0,260.25
SIA,SP,202502,2024977,0206010052,1.0,86.75
SIA,SP,202502,2688433,0206010052,7.0,607.25
SIA,SP,202502,2084163,0206010060,1.0,97.44
SIA,SP,202502,2079895,0211020036,50.0,257.5
SIA,SP,202502,2079593,0211020036,2.0,10.3
SIA,SP,202502,2792176,0211020036,218.0,1122.7
SIA,SP,202502,2792176,0211020060,125.0,3750.0
SIA,SP,202502,2792176,0206020023,13.0,1127.75
SIA,SP,202502,2082926,0206010052,10.0,867.5
SIA,SP,202502,9580743,0211020036,296.0,1524.4
SIA,SP,202502,2755092,0206020031,4.0,545.64
SIA,SP,202502,2092298,0211020036,13.0,66.95
SIA,SP,202502,7103271,0211020036,429.0,2209.35
SIA,SP,202502,2033062,0211020036,32.0,164.8
SIA,SP,202502,2031426,0211020036,22.0,113.3
SIA,SP,202502,2077817,0211020036,11.0,56.65
SIA,SP,202502,2702193,0206020015,3.0,260.25
SIA,SP,202502,4049284,0211020036,395.0,2034.25
SIA,SP,202502,2082888,0211020036,21.0,108.15
SIA,SP,202502,2087715,0206010044,24.0,2082.0
SIA,SP,202502,2083981,0206020023,7.0,607.25
SIA,SP,202502,2083981,0206030037,63.0,8733.69
SIA,SP,202502,2082438,0206030037,26.0,3604.38
SIA,SP,202502,2078562,0206030037,153.0,21210.39
SIA,SP,202502,9749160,0211020060,4.0,120.0
SIA,SP,202502,5920353,0211020036,13.0,66.95
SIA,SP,202502,7914881,0211020036,21.0,108.15
SIA,SP,202502,3028399,0211020036,134.0,690.1
SIA,SP,202502,6150020,0206030037,20.0,2772.6
SIA,SP,202502,2078422,0211020036,218.0,1122.7
SIA,SP,202502,3126838,0211020060,216.0,6480.0
SIA,SP,202502,2079828,0206010060,2.0,194.88
SIA,SP,202502,3840573,0206010036,16.0,1388.16
SIA,SP,202502,5935857,0206010028,30.0,3033.0
SIA,SP,202502,2080621,0206010036,1.0,86.76
SIA,SP,202502,2755092,0206010036,1.0,86.76
SIA,SP,202502,2083604,0206030010,17.0,2356.71
SIA,SP,202502,2082888,0206010028,11.0,1980.0
SIA,SP,202502,2704900,0211020010,36.0,26281.44
SIA,SP,202502,2093324,0211020036,93.0,478.95
SIA,SP,202502,2024756,0206020023,4.0,347.0
SIA,SP,202502,2054760,0211020036,15.0,77.25
SIA,SP,202502,2035146,0211020036,44.0,226.6
SIA,SP,202502,2056860,0211020036,35.0,180.25
SIA,SP,202502,2073269,0206030010,5.0,693.15
SIA,SP,202502,9680500,0206010044,3.0,260.25
SIA,SP,202502,2747871,0206010052,3.0,260.25
SIA,SP,202502,5851084,0211020036,231.0,1189.65
SIA,SP,202502,2080028,0206030037,8.0,1109.04
SIA,SP,202502,9983716,0211020036,4.0,20.6
SIA,SP,202502,9030557,0206030037,60.0,8317.8
SIA,SP,202502,7056664,0211020036,15.0,77.25
SIA,SP,202502,2038838,0211020036,22.0,113.3
SIA,SP,202502,9680500,0206010010,4.0,347.04
SIA,SP,202502,3460983,0211020036,23.0,118.45
SIA,SP,202502,2062666,0211020036,5.0,25.75
SIA,SP,202502,2077434,0211020060,93.0,2790.0
SIA,SP,202502,9372253,0211020036,9.0,46.35
SIA,SP,202502,7560435,0211020036,440.0,2266.0
SIA,SP,202502,6639658,0211020060,5.0,150.0
SIA,SP,202502,7429991,0211020036,444.0,2286.6
SIA,SP,202502,2082721,0206010044,7.0,607.25
SIA,SP,202502,2075105,0206010044,2.0,173.5
SIA,SP,202502,7066376,0211020036,241.0,1241.15
SIA,SP,202502,6233848,0211020036,531.0,2734.65
SIA,SP,202502,6233848,0211020060,128.0,3840.0
SIA,SP,202502,2078422,0206010010,13.0,1127.88
SIA,SP,202502,5967945,0211020036,268.0,1380.2
SIA,SP,202502,6164366,0206030037,129.0,17883.27
SIA,SP,202502,5618401,0211020060,261.0,7830.0
SIA,SP,202502,6335497,0206030037,28.0,3881.64
SIA,SP,202502,2097702,0206010028,6.0,606.6
SIA,SP,202502,2078562,0211020036,454.0,2338.1
SIA,SP,202502,9262814,0206020031,8.0,1091.28
SIA,SP,202502,9436421,0206030029,1.0,86.75
SIA,SP,202502,2024756,0211020036,480.0,2472.0
SIA,SP,202502,2080281,0211020036,41.0,211.15
SIA,SP,202502,2755092,0206030037,2.0,277.26
SIA,SP,202502,2077647,0206010044,2.0,173.5
SIA,SP,202502,2083604,0206020023,2.0,173.5
SIA,SP,202502,5935857,0206020023,2.0,173.5
SIA,SP,202502,2026805,0211020036,197.0,1014.55
SIA,SP,202502,2093138,0206020031,1.0,136.41
SIA,SP,202502,2747375,0211020036,218.0,1122.7
SIA,SP,202502,2754843,0206030010,116.0,16081.08
SIA,SP,202502,2052385,0206010044,55.0,4771.25
SIA,SP,202502,2754843,0206010044,23.0,1995.25
SIA,SP,202502,2052385,0206020031,149.0,20325.09
SIA,SP,202502,2087219,0206030037,125.0,17328.75
SIA,SP,202502,2079011,0206030010,60.0,8317.8
SIA,SP,202502,3753433,0206010044,2.0,173.5
SIA,SP,202502,2079860,0206030029,26.0,2255.5
SIA,SP,202502,2747871,0206030037,134.0,18576.42
SIA,SP,202502,2079011,0206030037,79.0,10951.77
SIA,SP,202502,7066376,0206010044,4.0,347.0
SIA,SP,202502,2082519,0206030010,4.0,554.52
SIA,SP,202502,2082594,0206020031,17.0,2318.97
SIA,SP,202502,2078473,0206010028,48.0,4852.8
SIA,SP,202502,2082586,0206020023,1.0,86.75
SIA,SP,202502,2087278,0211020036,39.0,200.85
SIA,SP,202502,7188676,0211020060,39.0,1170.0
SIA,SP,202502,2084422,0206010010,11.0,954.36
SIA,SP,202502,2079135,0206010036,8.0,1376.0
SIA,SP,202502,0676357,0206010052,1.0,86.75
SIA,SP,202502,3605663,0206010044,8.0,694.0
SIA,SP,202502,2093332,0206010010,9.0,780.84
SIA,SP,202502,3021378,0206010010,18.0,1561.68
SIA,SP,202502,2077582,0206010036,4.0,347.04
SIA,SP,202502,2073668,0211020036,10.0,51.5
SIA,SP,202502,6374840,0211020036,2.0,10.3
SIA,SP,202502,5304717,0211020036,52.0,267.8
SIA,SP,202502,2097702,0211020060,65.0,1950.0
SIA,SP,202502,6479146,0211020060,41.0,1230.0
SIA,SP,202502,2078414,0206010028,75.0,7582.5
SIA,SP,202502,2078295,0206020031,15.0,2046.15
SIA,SP,202502,2095912,0206010079,25.0,2436.0
SIA,SP,202502,2754843,0206020031,57.0,7775.37
SIA,SP,202502,2052385,0206010028,66.0,6672.6
SIA,SP,202502,2052385,0206030010,154.0,21349.02
SIA,SP,202502,3182231,0211020036,32.0,164.8
SIA,SP,202502,2087251,0211020036,60.0,309.0
SIA,SP,202502,2073269,0206020031,3.0,409.23
SIA,SP,202502,2082721,0206010010,2.0,173.52
SIA,SP,202502,0157945,0211020036,8.0,41.2
SIA,SP,202502,0092894,0206020023,7.0,607.25
SIA,SP,202502,7894260,0206030010,6.0,831.78
SIA,SP,202502,2083981,0206010060,5.0,487.2
SIA,SP,202502,2078562,0206020023,2.0,173.5
SIA,SP,202502,6258484,0206020023,6.0,520.5
SIA,SP,202502,6258484,0206030037,53.0,7347.39
SIA,SP,202502,2087618,0211020036,36.0,185.4
SIA,SP,202502,2758245,0206030029,4.0,347.0
SIA,SP,202502,7491328,0211020036,5.0,25.75
SIA,SP,202502,2079836,0206010036,3.0,260.28
SIA,SP,202502,2083604,0206010036,3.0,260.28
SIA,SP,202502,2754843,0206010028,34.0,3437.4
SIA,SP,202502,2032430,0206030029,3.0,260.25
SIA,SP,202502,2082527,0206010036,13.0,1127.88
SIA,SP,202502,5935857,0206010036,17.0,1474.92
SIA,SP,202502,2079011,0206010036,2.0,173.52
SIA,SP,202502,2750325,0211020036,93.0,478.95
SIA,SP,202502,2024756,0206030029,1.0,86.75
SIA,SP,202502,2079917,0206020031,8.0,1091.28
SIA,SP,202502,2044358,0211020036,21.0,108.15
SIA,SP,202502,2033054,0211020036,14.0,72.1
SIA,SP,202502,2077809,0211020036,36.0,185.4
SIA,SP,202502,2749319,0206030029,3.0,260.25
SIA,SP,202502,2087219,0206020023,10.0,867.5
SIA,SP,202502,5618401,0206030037,80.0,11090.4
SIA,SP,202502,3284131,0211020036,32.0,164.8
SIA,SP,202502,2072513,0206020015,7.0,607.25
SIA,SP,202502,7894260,0206020031,10.0,1364.1
SIA,SP,202502,7066570,0211020036,25.0,128.75
SIA,SP,202502,0092894,0211020036,340.0,1751.0
SIA,SP,202502,2747871,0206010060,1.0,97.44
SIA,SP,202502,7548982,0205010016,3.0,495.0
SIA,SP,202502,7438222,0211020060,11.0,330.0
SIA,SP,202502,7894260,0206010028,5.0,505.5
SIA,SP,202502,3753433,0206030037,11.0,1524.93
SIA,SP,202502,4233646,0211020036,128.0,659.2
SIA,SP,202502,2078422,0206010028,20.0,2022.0
SIA,SP,202502,2080931,0208010033,24.0,9193.68
SIA,SP,202502,2702193,0206030029,13.0,1127.75
SIA,SP,202502,7894260,0206010044,9.0,780.75
SIA,SP,202502,7894260,0211020036,2.0,10.3
SIA,SP,202502,2084058,0206010036,7.0,607.32
SIA,SP,202502,2077434,0211020036,353.0,1817.95
SIA,SP,202502,6199879,0211020060,161.0,4830.0
SIA,SP,202502,6607179,0211020060,121.0,3630.0
SIA,SP,202502,2831503,0211020036,147.0,757.05
SIA,SP,202502,2079917,0206010052,2.0,173.5
SIA,SP,202502,5586348,0206010010,4.0,347.04
SIA,SP,202502,2078414,0206010060,2.0,194.88
SIA,SP,202502,2785188,0211020036,487.0,2508.05
SIA,SP,202502,7209517,0206020023,3.0,260.25
SIA,SP,202502,2080621,0206020015,1.0,86.75
SIA,SP,202502,2748738,0206010079,3.0,292.32
SIA,SP,202502,2081083,0211020036,402.0,2070.3
SIA,SP,202502,2077035,0211020036,2.0,10.3
SIA,SP,202502,6414176,0206030037,5.0,693.15
SIA,SP,202502,6414176,0206010052,2.0,173.5
SIA,SP,202502,5670799,0211020036,61.0,314.15
SIA,SP,202502,2089548,0206020031,16.0,2182.56
SIA,SP,202502,2080028,0211020036,121.0,623.15
SIA,SP,202502,0775126,0206030029,6.0,520.5
SIA,SP,202502,2083981,0211020036,318.0,1637.7
SIA,SP,202502,2084163,0211020036,289.0,1488.35
SIA,SP,202502,6024688,0211020036,11.0,56.65
SIA,SP,202502,7640307,0211020036,721.0,3713.15
SIA,SP,202502,2033593,0211020036,46.0,236.9
SIA,SP,202502,2080044,0206030037,52.0,7208.76
SIA,SP,202502,9556095,0206020023,8.0,694.0
SIA,SP,202502,2790610,0206020023,1.0,86.75
SIA,SP,202502,9267263,0206010028,0.0,0.0
SIA,SP,202502,2096005,0206030010,2.0,277.26
SIA,SP,202502,2081083,0211020060,44.0,1320.0
SIA,SP,202502,2038145,0211020036,421.0,2168.15
SIA,SP,202502,7066376,0206020023,1.0,86.75
SIA,SP,202502,2089548,0206030010,12.0,1663.56
SIA,SP,202502,2087219,0211020036,371.0,1910.65
SIA,SP,202502,9387854,0211020036,53.0,272.95
SIA,SP,202502,9200223,0211020036,939.0,4835.85
SIA,SP,202502,7409354,0211020036,245.0,1261.75
SIA,SP,202502,2093200,0211020036,9.0,46.35
SIA,SP,202502,2083051,0211020036,238.0,1225.7
SIA,SP,202502,2095912,0206030010,22.0,3049.86
SIA,SP,202502,2082594,0206020023,1.0,86.75
SIA,SP,202502,6959636,0211020036,61.0,314.15
SIA,SP,202502,2087103,0206010028,2.0,202.2
SIA,SP,202502,2082594,0208010025,3.0,1225.56
SIA,SP,202502,2087715,0206030010,209.0,28973.67
SIA,SP,202502,6878687,0206010010,47.0,4077.72
SIA,SP,202502,6878687,0206030010,379.0,52540.77
SIA,SP,202502,6607179,0206030010,92.0,12753.96
SIA,SP,202502,9200223,0206010079,191.0,18611.04
SIA,SP,202502,4676815,0206020031,42.0,5729.22
SIA,SP,202502,3126838,0206030010,689.0,95516.07
SIA,SP,202502,2704900,0206030010,193.0,26755.59
SIA,SP,202502,3126838,0206010028,65.0,6571.5
SIA,SP,202502,2747871,0206010028,59.0,5964.9
SIA,SP,202502,2749394,0211020060,397.0,11910.0
SIA,SP,202502,0092894,0206030010,225.0,31191.75
SIA,SP,202502,2704900,0206010010,37.0,3210.12
SIA,SP,202502,3126838,0206010010,71.0,6159.96
SIA,SP,202502,2080044,0211020036,46.0,236.9
SIA,SP,202502,7066376,0206030010,499.0,69176.37
SIA,SP,202502,2747871,0206010079,160.0,15590.4
SIA,SP,202502,2024756,0206010010,23.0,1995.48
SIA,SP,202502,2052385,0206030029,6.0,520.5
SIA,SP,202502,2078538,0206030037,140.0,19408.2
SIA,SP,202502,2078538,0206010079,120.0,11692.8
SIA,SP,202502,2093332,0206030010,71.0,9842.73
SIA,SP,202502,2027186,0206030037,256.0,35489.28
SIA,SP,202502,2081873,0206030010,46.0,6376.98
SIA,SP,202502,2751704,0206010028,30.0,3033.0
SIA,SP,202502,2078473,0206010079,201.0,19585.44
SIA,SP,202502,2081377,0208010025,98.0,40034.96
SIA,SP,202502,2088525,0211020036,128.0,659.2
SIA,SP,202502,2024691,0206030037,135.0,18715.05
SIA,SP,202502,2078538,0206010010,21.0,1821.96
SIA,SP,202502,2087804,0206020031,11.0,1500.51
SIA,SP,202502,9344268,0211020036,74.0,381.1
SIA,SP,202502,6611273,0206010079,103.0,10036.32
SIA,SP,202502,2702193,0206010028,59.0,5964.9
SIA,SP,202502,2716097,0206010010,144.0,12493.44
SIA,SP,202502,6878687,0206010028,81.0,8189.1
SIA,SP,202502,6335497,0206030010,28.0,3881.64
SIA,SP,202502,2023474,0206010079,2.0,194.88
SIA,SP,202502,2083051,0206020023,4.0,347.0
SIA,SP,202502,5366828,0206020023,14.0,1214.5
SIA,SP,202502,9773657,0206010028,59.0,5964.9
SIA,SP,202502,2792168,0206010010,69.0,5986.44
SIA,SP,202502,2792168,0206010028,306.0,30936.6
SIA,SP,202502,2081253,0206030010,201.0,27864.63
SIA,SP,202502,3549828,0206030010,50.0,6931.5
SIA,SP,202502,2831503,0206030010,74.0,10258.62
SIA,SP,202502,2790610,0206030010,24.0,3327.12
SIA,SP,202502,2024438,0206010044,4.0,347.0
SIA,SP,202502,0448702,0206010079,15.0,2700.0
SIA,SP,202502,2090961,0206030010,26.0,3604.38
SIA,SP,202502,2023709,0206010079,72.0,7015.68
SIA,SP,202502,0092894,0206010028,34.0,3437.4
SIA,SP,202502,0092894,0206010010,10.0,867.6
SIA,SP,202502,2688433,0206010028,65.0,6571.5
SIA,SP,202502,3058808,0206030010,139.0,19269.57
SIA,SP,202502,2704900,0208010025,106.0,43303.12
SIA,SP,202502,4118421,0206010052,36.0,3123.0
SIA,SP,202502,2081458,0211020036,342.0,1761.3
SIA,SP,202502,2079925,0206020031,30.0,4092.3
SIA,SP,202502,2791722,0206010079,344.0,33519.36
SIA,SP,202502,9755357,0206010028,17.0,1718.7
SIA,SP,202502,2079917,0206010079,28.0,2728.32
SIA,SP,202502,7209517,0206030010,75.0,10397.25
SIA,SP,202502,6607179,0206010010,56.0,4858.56
SIA,SP,202502,2754843,0206030029,18.0,1561.5
SIA,SP,202502,2078414,0206020015,4.0,347.0
SIA,SP,202502,9042962,0211020036,74.0,381.1
SIA,SP,202502,2083051,0206010028,41.0,4145.1
SIA,SP,202502,2088193,0206010010,12.0,1041.12
SIA,SP,202502,2758245,0206010028,21.0,2123.1
SIA,SP,202502,2831503,0206010028,137.0,13850.7
SIA,SP,202502,2078562,0206010028,260.0,26286.0
SIA,SP,202502,2083094,0206030010,118.0,16358.34
SIA,SP,202502,2078511,0206010010,6.0,520.56
SIA,SP,202502,2831503,0206010010,46.0,3990.96
SIA,SP,202502,2792141,0206030010,99.0,13724.37
SIA,SP,202502,2083051,0206030010,142.0,19685.46
SIA,SP,202502,2081873,0206010028,91.0,9200.1
SIA,SP,202502,2080044,0206030010,54.0,7486.02
SIA,SP,202502,2083051,0206010010,9.0,780.84
SIA,SP,202502,2078562,0206010010,131.0,11365.56
SIA,SP,202502,2079895,0206010028,19.0,1920.9
SIA,SP,202502,3139050,0206020031,183.0,24963.03
SIA,SP,202502,3126838,0206020023,2.0,173.5
SIA,SP,202502,2093324,0206030010,123.0,17051.49
SIA,SP,202502,9408738,0206010052,8.0,694.0
SIA,SP,202502,2751704,0206030037,135.0,18715.05
SIA,SP,202502,2078511,0206010028,41.0,4145.1
SIA,SP,202502,4197402,0206010079,43.0,4189.92
SIA,SP,202502,2081393,0206030037,39.0,5406.57
SIA,SP,202502,9314687,0211020036,67.0,345.05
SIA,SP,202502,2079895,0206030010,68.0,9426.84
SIA,SP,202502,2087804,0206030010,27.0,3743.01
SIA,SP,202502,0295701,0206010028,22.0,2224.2
SIA,SP,202502,2079917,0206030037,44.0,6099.72
SIA,SP,202502,6607179,0206010028,181.0,18299.1
SIA,SP,202502,2027186,0206010079,263.0,25626.72
SIA,SP,202502,9556095,0211020036,252.0,1297.8
SIA,SP,202502,2096005,0206010028,42.0,4246.2
SIA,SP,202502,2084058,0206010028,13.0,1314.3
SIA,SP,202502,7033702,0211020060,71.0,2130.0
SIA,SP,202502,6164366,0206030010,131.0,18160.53
SIA,SP,202502,3753433,0206030010,10.0,1386.3
SIA,SP,202502,2080095,0206010028,26.0,2628.6
SIA,SP,202502,6258484,0206010028,46.0,4650.6
SIA,SP,202502,6611273,0206030010,59.0,8179.17
SIA,SP,202502,2081512,0206010036,1.0,86.76
SIA,SP,202502,2792168,0206030010,113.0,15665.19
SIA,SP,202502,2072513,0206010028,60.0,6066.0
SIA,SP,202502,2079232,0206020031,45.0,6138.45
SIA,SP,202502,6607179,0211020036,255.0,1313.25
SIA,SP,202502,6604862,0211020036,315.0,1622.25
SIA,SP,202502,0448702,0206030010,3.0,540.0
SIA,SP,202502,2078511,0206030010,59.0,8179.17
SIA,SP,202502,2077647,0206010079,44.0,4287.36
SIA,SP,202502,6335497,0206010028,109.0,11019.9
SIA,SP,202502,3840573,0206010052,10.0,867.5
SIA,SP,202502,2023741,0211020036,225.0,1158.75
SIA,SP,202502,6568971,0206010028,52.0,5257.2
SIA,SP,202502,2023474,0206020031,144.0,19643.04
SIA,SP,202502,2704900,0206010028,36.0,3639.6
SIA,SP,202502,9030557,0206030010,61.0,8456.43
SIA,SP,202502,2096463,0206020015,2.0,173.5
SIA,SP,202502,2053446,0206010028,1.0,101.1
SIA,SP,202502,2083981,0206010028,96.0,9705.6
SIA,SP,202502,2023474,0206030010,63.0,8733.69
SIA,SP,202502,2751704,0206020031,24.0,3273.84
SIA,SP,202502,2081253,0206010010,21.0,1821.96
SIA,SP,202502,2079135,0206020031,171.0,33345.0
SIA,SP,202502,7319282,0211020036,52.0,267.8
SIA,SP,202502,2028204,0206010079,74.0,7210.56
SIA,SP,202502,0295701,0206030037,76.0,10535.88
SIA,SP,202502,2791722,0206010044,48.0,4164.0
SIA,SP,202502,0295701,0206010079,117.0,11400.48
SIA,SP,202502,2096463,0206010044,10.0,867.5
SIA,SP,202502,6258484,0211020060,318.0,9420.0
SIA,SP,202502,5967945,0211020060,20.0,600.0
SIA,SP,202502,2087219,0206010044,23.0,1995.25
SIA,SP,202502,6164366,0206010028,55.0,5560.5
SIA,SP,202502,6258484,0206030010,54.0,7486.02
SIA,SP,202502,5618401,0206030010,101.0,14001.63
SIA,SP,202502,2079860,0206010052,34.0,2949.5
SIA,SP,202502,2090961,0206010010,18.0,1561.68
SIA,SP,202502,7343671,0208010033,31.0,11875.17
SIA,SP,202502,0676357,0206030037,13.0,1802.19
SIA,SP,202502,2087804,0206020023,2.0,173.5
SIA,SP,202502,6233848,0206010028,91.0,9200.1
SIA,SP,202502,4049020,0206010028,34.0,3437.4
SIA,SP,202502,2087111,0206020031,58.0,7911.78
SIA,SP,202502,5935857,0206010052,9.0,780.75
SIA,SP,202502,2078538,0206020015,5.0,433.75
SIA,SP,202502,2080664,0206030010,76.0,10535.88
SIA,SP,202502,2084287,0206010010,1.0,296.67
SIA,SP,202502,4197402,0206030037,11.0,1524.93
SIA,SP,202502,2699915,0206010079,118.0,11497.92
SIA,SP,202502,2083019,0206030010,87.0,12060.81
SIA,SP,202502,2079895,0206010010,9.0,780.84
SIA,SP,202502,2053446,0206030037,33.0,4574.79
SIA,SP,202502,2024438,0206030029,2.0,173.5
SIA,SP,202502,2050757,0206010079,49.0,4774.56
SIA,SP,202502,2751704,0206020015,5.0,433.75
SIA,SP,202502,9030557,0206010028,59.0,5964.9
SIA,SP,202502,7066376,0208010025,29.0,11847.08
SIA,SP,202502,2028204,0206010044,4.0,347.0
SIA,SP,202502,2082888,0206010036,31.0,5580.0
SIA,SP,202502,9755357,0206010052,4.0,347.0
SIA,SP,202502,2093138,0206030037,1.0,138.63
SIA,SP,202502,6258484,0206010010,21.0,1821.96
SIA,SP,202502,5618401,0206010028,41.0,4145.1
SIA,SP,202502,7560435,0206030010,33.0,4574.79
SIA,SP,202502,9030557,0206010010,11.0,954.36
SIA,SP,202502,2081393,0206010010,21.0,1821.96
SIA,SP,202502,2066742,0206010028,5.0,505.5
SIA,SP,202502,6568971,0206030010,29.0,4020.27
SIA,SP,202502,2790610,0206010028,12.0,1213.2
SIA,SP,202502,3139050,0206010010,32.0,2776.32
SIA,SP,202502,2078104,0206010028,10.0,1011.0
SIA,SP,202502,2072513,0206030037,135.0,18715.05
SIA,SP,202502,6233848,0206030010,67.0,9288.21
SIA,SP,202502,9556095,0206030010,90.0,12476.7
SIA,SP,202502,2083981,0206030010,63.0,8733.69
SIA,SP,202502,2078562,0206030010,158.0,21903.54
SIA,SP,202502,2023474,0206010036,15.0,1301.4
SIA,SP,202502,2077647,0206020031,18.0,2455.38
SIA,SP,202502,3774554,0206030029,3.0,260.25
SIA,SP,202502,2748568,0206010052,2.0,173.5
SIA,SP,202502,2081512,0206010052,5.0,433.75
SIA,SP,202502,2066742,0206010079,37.0,3605.28
SIA,SP,202502,2751569,0206010036,3.0,1135.2
SIA,SP,202502,2081873,0206010010,27.0,2342.52
SIA,SP,202502,2023474,0206020023,13.0,1127.75
SIA,SP,202502,2791749,0206010044,6.0,520.5
SIA,SP,202502,2749319,0206030010,2.0,277.26
SIA,SP,202502,6233848,0206010010,19.0,1648.44
SIA,SP,202502,2080621,0206030010,6.0,831.78
SIA,SP,202502,0775126,0206020031,40.0,5456.4
SIA,SP,202502,6414176,0206020031,14.0,1909.74
SIA,SP,202502,2080664,0206010028,44.0,4448.4
SIA,SP,202502,2082586,0206030010,3.0,415.89
SIA,SP,202502,2083094,0206010028,4.0,404.4
SIA,SP,202502,2791722,0206010036,23.0,1995.48
SIA,SP,202502,5586348,0206020031,76.0,10367.16
SIA,SP,202502,2083051,0206010060,2.0,194.88
SIA,SP,202502,7044593,0211020036,381.0,1962.15
SIA,SP,202502,2749319,0206010079,24.0,2338.56
SIA,SP,202502,2096196,0206010010,15.0,1301.4
SIA,SP,202502,2792141,0206010028,12.0,1213.2
SIA,SP,202502,7184689,0206010028,17.0,1718.7
SIA,SP,202502,3653676,0206010036,3.0,260.28
SIA,SP,202502,3003523,0206030037,1.0,200.0
SIA,SP,202502,2083981,0206010010,39.0,3383.64
SIA,SP,202502,2072513,0206010044,31.0,2689.25
SIA,SP,202502,2078414,0206030029,8.0,694.0
SIA,SP,202502,2792141,0206010010,47.0,4077.72
SIA,SP,202502,2082632,0206020023,2.0,173.5
SIA,SP,202502,3058808,0206010010,16.0,1388.16
SIA,SP,202502,2082640,0206030037,7.0,970.41
SIA,SP,202502,5366828,0206010010,28.0,2429.28
SIA,SP,202502,7209517,0206010010,13.0,1127.88
SIA,SP,202502,2074117,0206020031,13.0,1773.33
SIA,SP,202502,7895232,0211020036,20.0,103.0
SIA,SP,202502,2080044,0206010010,12.0,1041.12
SIA,SP,202502,7066376,0211020060,1.0,30.0
SIA,SP,202502,9556095,0206010010,28.0,2429.28
SIA,SP,202502,9556095,0206010028,18.0,1819.8
SIA,SP,202502,2060531,0211020036,11.0,56.65
SIA,SP,202502,2081253,0206020015,4.0,347.0
SIA,SP,202502,2074117,0206030010,54.0,7486.02
SIA,SP,202502,2087219,0206010052,8.0,694.0
SIA,SP,202502,2078422,0206010052,2.0,173.5
SIA,SP,202502,2083019,0206010028,21.0,2123.1
SIA,SP,202502,2080044,0206010028,11.0,1112.1
SIA,SP,202502,6164366,0206010010,12.0,1041.12
SIA,SP,202502,2087219,0206030029,8.0,694.0
SIA,SP,202502,2082594,0206010052,8.0,694.0
SIA,SP,202502,6611273,0206010036,5.0,433.8
SIA,SP,202502,2096196,0206020031,16.0,2182.56
SIA,SP,202502,2791722,0206010028,55.0,5560.5
SIA,SP,202502,4197402,0206010028,2.0,202.2
SIA,SP,202502,2088193,0206010044,18.0,1561.5
SIA,SP,202502,2083094,0206010010,8.0,694.08
SIA,SP,202502,2024438,0206010052,1.0,86.75
SIA,SP,202502,3126838,0208010025,2.0,817.04
SIA,SP,202502,2785382,0206030010,15.0,2079.45
SIA,SP,202502,2082438,0206030010,25.0,3465.75
SIA,SP,202502,2047128,0211020036,16.0,82.4
SIA,SP,202502,3058808,0206010028,19.0,1920.9
SIA,SP,202502,2079917,0206010028,5.0,505.5
SIA,SP,202502,2097834,0211020036,50.0,257.5
SIA,SP,202502,6568971,0206010010,12.0,1041.12
SIA,SP,202502,2748738,0206030010,2.0,277.26
SIA,SP,202502,7066376,0206010028,4.0,404.4
SIA,SP,202502,2077647,0206030037,13.0,1802.19
SIA,SP,202502,9773657,0206030010,58.0,8040.54
SIA,SP,202502,2024438,0206030037,54.0,7486.02
SIA,SP,202502,2745801,0206010052,1.0,86.75
SIA,SP,202502,2791722,0206010052,2.0,173.5
SIA,SP,202502,2082438,0206010028,5.0,505.5
SIA,SP,202502,2079135,0206010044,23.0,3910.0
SIA,SP,202502,6233848,0206030037,3.0,415.89
SIA,SP,202502,7209517,0206010028,48.0,4852.8
SIA,SP,202502,9267263,0206010036,0.0,0.0
SIA,SP,202502,2030314,0206010010,6.0,520.56
SIA,SP,202502,3753433,0206010028,7.0,707.7
SIA,SP,202502,2023474,0206010044,16.0,1388.0
SIA,SP,202502,6611273,0206010010,13.0,1127.88
SIA,SP,202502,2032473,0206030037,6.0,831.78
SIA,SP,202502,2023709,0206010028,12.0,1213.2
SIA,SP,202502,2078139,0206030037,18.0,2495.34
SIA,SP,202502,2093138,0206010028,4.0,404.4
SIA,SP,202502,2079232,0206030029,5.0,433.75
SIA,SP,202502,2080664,0206010010,11.0,954.36
SIA,SP,202502,0448702,0206010052,4.0,720.0
SIA,SP,202502,2749319,0206020015,1.0,86.75
SIA,SP,202502,9773657,0206010010,3.0,260.28
SIA,SP,202502,2090171,0211020036,200.0,1030.0
SIA,SP,202502,2079135,0206020023,3.0,540.0
SIA,SP,202502,2080028,0206020031,4.0,545.64
SIA,SP,202502,2079550,0211020036,185.0,952.75
SIA,SP,202502,2080095,0206030010,31.0,4297.53
SIA,SP,202502,2078104,0211020036,442.0,2276.3
SIA,SP,202502,2090961,0206010028,7.0,707.7
SIA,SP,202502,2081091,0206010010,15.0,4450.05
SIA,SP,202502,2699915,0206030029,6.0,520.5
SIA,SP,202502,0212547,0211020036,26.0,133.9
SIA,SP,202502,2749319,0206030037,3.0,415.89
SIA,SP,202502,2074117,0206020015,2.0,173.5
SIA,SP,202502,2091151,0211020036,18.0,92.7
SIA,SP,202502,5618401,0206010010,9.0,780.84
SIA,SP,202502,9262814,0206030010,3.0,415.89
SIA,SP,202502,2038773,0211020036,150.0,772.5
SIA,SP,202502,2083019,0206010010,7.0,607.32
SIA,SP,202502,2079097,0206030029,1.0,86.75
SIA,SP,202502,7560435,0206010028,5.0,505.5
SIA,SP,202502,2758245,0206010044,3.0,260.25
SIA,SP,202502,2082845,0206010036,7.0,607.32
SIA,SP,202502,9442642,0211020036,194.0,999.1
SIA,SP,202502,3774554,0206020015,3.0,260.25
SIA,SP,202502,2746301,0211020036,10.0,51.5
SIA,SP,202502,2095912,0206010010,5.0,433.8
SIA,SP,202502,2078473,0206020015,7.0,607.25
SIA,SP,202502,2754843,0206020023,13.0,1127.75
SIA,SP,202502,2745798,0206010028,1.0,101.1
SIA,SP,202502,2083086,0211020036,847.0,4362.05
SIA,SP,202502,0448702,0206010044,4.0,720.0
SIA,SP,202502,2028204,0206010028,3.0,303.3
SIA,SP,202502,2073269,0206010010,4.0,347.04
SIA,SP,202502,2082519,0206020031,2.0,272.82
SIA,SP,202502,2790610,0206010010,2.0,173.52
SIA,SP,202502,6335497,0206020023,1.0,86.75
SIA,SP,202502,0115509,0206020015,2.0,173.5
SIA,SP,202502,2791749,0206030029,2.0,173.5
SIA,SP,202502,2082691,0211020036,8.0,41.2
SIA,SP,202502,2090678,0211020036,40.0,206.0
SIA,SP,202502,2699915,0206010044,21.0,1821.75
SIA,SP,202502,2096498,0206010044,8.0,694.0
SIA,SP,202502,6335497,0206010010,22.0,1908.72
SIA,SP,202502,3753433,0206010010,3.0,260.28
SIA,SP,202502,7184689,0206030029,1.0,86.75
SIA,SP,202502,2093324,0206020015,1.0,86.75
SIA,SP,202502,9680500,0206020023,3.0,260.25
SIA,SP,202502,2028204,0206020015,3.0,260.25
SIA,SP,202502,3531023,0211020036,60.0,309.0
SIA,SP,202502,2082888,0206010060,3.0,540.0
SIA,SP,202502,3605663,0206010010,1.0,86.76
SIA,SP,202502,2024691,0206030029,5.0,433.75
SIA,SP,202502,2087804,0206010028,2.0,202.2
SIA,SP,202502,2080028,0206030029,1.0,86.75
SIA,SP,202502,2097702,0206010036,1.0,86.76
SIA,SP,202502,3605663,0206010028,2.0,202.2
SIA,SP,202502,2095912,0206010028,7.0,707.7
SIA,SP,202502,2080621,0206010010,2.0,173.52
SIA,SP,202502,2093324,0206010028,16.0,1617.6
SIA,SP,202502,7974787,0211020036,31.0,159.65
SIA,SP,202502,3003558,0211020036,24.0,123.6
SIA,SP,202502,2027186,0206010052,6.0,520.5
SIA,SP,202502,2075105,0206010028,2.0,202.2
SIA,SP,202502,5988292,0211020036,1.0,5.15
SIA,SP,202502,2089548,0206010010,1.0,86.76
SIA,SP,202502,2087804,0206010010,2.0,173.52
SIA,SP,202502,2038757,0206020023,1.0,86.75
SIA,SP,202502,2751704,0206010052,1.0,86.75
SIA,SP,202502,5020573,0211020036,39.0,200.85
SIA,SP,202502,2031655,0211020036,69.0,355.35
SIA,SP,202502,2038757,0205010016,2.0,330.0
SIA,SP,202502,2096196,0206020015,1.0,86.75
SIA,SP,202502,2087111,0206010052,2.0,173.5
SIA,SP,202502,2081377,0206030010,1.0,138.63
SIA,SP,202502,2093324,0206010010,4.0,347.04
SIA,SP,202502,2095904,0211020036,69.0,355.35
SIA,SP,202502,2082438,0211020036,69.0,355.35
SIA,SP,202502,2081083,0205010016,5.0,825.0
SIA,SP,202502,2079011,0206020023,1.0,86.75
SIA,SP,202502,2090961,0206010036,1.0,86.76
SIA,SP,202502,2078511,0206020015,1.0,86.75
SIA,SP,202502,3674495,0211020036,16.0,82.4
SIA,SP,202502,7090064,0206010079,3.0,292.32
SIA,SP,202502,2698374,0211020036,3.0,15.45
SIA,SP,202502,2079232,0206010036,3.0,260.28
SIA,SP,202502,2078139,0206020031,4.0,545.64
SIA,SP,202502,2699915,0206020015,2.0,173.5
SIA,SP,202502,7725973,0211020036,11.0,56.65
SIA,SP,202502,2038315,0211020036,252.0,1297.8
SIA,SP,202502,2096005,0206010044,1.0,86.75
SIA,SP,202502,0295701,0206010036,4.0,347.04
SIA,SP,202502,2079917,0206010036,1.0,86.76
SIA,SP,202502,2090961,0206020015,1.0,86.75
SIA,SP,202502,2754843,0211020036,643.0,3311.45
SIA,SP,202502,2080923,0206010052,3.0,260.25
SIA,SP,202502,2073269,0206020023,1.0,86.75
SIA,SP,202502,2097702,0206010052,6.0,520.5
SIA,SP,202502,2050757,0206010044,6.0,520.5
SIA,SP,202502,4763629,0211020036,3.0,15.45
SIA,SP,202502,0915939,0211020036,6.0,30.9
SIA,SP,202502,4832027,0206020031,1.0,136.41
SIA,SP,202502,3003523,0211020036,235.0,1210.25
SIA,SP,202502,2092298,0206010060,2.0,194.88
SIA,SP,202502,6634869,0206010044,2.0,173.5
SIA,SP,202502,2082586,0206010028,9.0,909.9
SIA,SP,202502,2087103,0206010036,1.0,86.76
SIA,SP,202502,2081261,0206030037,1.0,138.63
SIA,SP,202502,2079011,0206010052,1.0,86.75
SIA,SP,202502,0676357,0206020015,1.0,86.75
SIA,SP,202502,2747871,0211020036,364.0,1874.6
SIA,SP,202502,2751623,0206010036,1.0,86.76
SIA,SP,202502,2080664,0206030029,1.0,86.75
SIA,SP,202502,6258484,0206010036,1.0,86.76
SIA,SP,202502,2716097,0211020036,647.0,3332.05
SIA,SP,202502,2091143,0211020036,18.0,92.7
SIA,SP,202502,2080664,0211020036,151.0,777.65
SIA,SP,202502,2080923,0206030029,1.0,86.75
SIA,SP,202502,2745801,0206030029,1.0,86.75
SIA,SP,202502,7090064,0206030037,2.0,277.26
SIA,SP,202502,2023865,0211020036,36.0,185.4
SIA,SP,202502,2096358,0211020036,49.0,252.35
SIA,SP,202502,6568971,0206020015,1.0,86.75
SIA,SP,202502,2081873,0211020036,111.0,571.65
SIA,SP,202502,4832027,0206010044,1.0,86.75
SIA,SP,202502,6414176,0206010036,1.0,86.76
SIA,SP,202502,0775126,0211020060,45.0,1350.0
SIA,SP,202502,2063689,0211020036,2.0,10.3
SIA,SP,202502,2091186,0211020036,14.0,72.1
SIA,SP,202502,2793385,0206010028,3.0,303.3
SIA,SP,202502,2082667,0211020036,192.0,988.8
SIA,SP,202502,2087804,0211020036,58.0,298.7
SIA,SP,202502,7560435,0206010010,2.0,173.52
SIA,SP,202502,7956258,0211020036,18.0,92.7
SIA,SP,202502,2084422,0206010052,2.0,173.5
SIA,SP,202502,2073536,0206030037,4.0,1313.48
SIA,SP,202502,2090457,0206020031,1.0,136.41
SIA,SP,202502,3021378,0206020015,3.0,260.25
SIA,SP,202502,2071878,0206030037,2.0,277.26
SIA,SP,202502,2702045,0211020036,12.0,61.8
SIA,SP,202502,7275021,0211020036,70.0,360.5
SIA,SP,202502,2073536,0206010028,1.0,328.37
SIA,SP,202502,2079828,0211020010,58.0,42342.32
SIA,SP,202502,2083086,0206010095,135.0,284474.7
SIA,SP,202502,2082578,0211020036,1.0,5.15
SIA,SP,202502,7066376,0206010010,2.0,173.52
SIA,SP,202502,2748738,0206010052,1.0,86.75
SIA,SP,202502,2091887,0211020036,20.0,103.0
SIA,SP,202502,2751704,0206020023,3.0,260.25
SIA,SP,202502,6199879,0211020036,244.0,1256.6
SIA,SP,202502,2050757,0206010060,1.0,97.44
SIA,SP,202502,6818196,0211020036,210.0,1081.5
SIA,SP,202502,2082527,0211020010,46.0,33581.84
SIA,SP,202502,2079895,0206020023,2.0,173.5
SIA,SP,202502,7438222,0211020036,29.0,149.35
SIA,SP,202502,6258484,0206020015,1.0,86.75
SIA,SP,202502,2081377,0211020010,31.0,22631.24
SIA,SP,202502,2031965,0211020036,7.0,36.05
SIA,SP,202502,2089548,0211020036,156.0,803.4
SIA,SP,202502,2095955,0211020036,177.0,911.55
SIA,SP,202502,9773657,0206020015,1.0,86.75
SIA,SP,202502,9267263,0206010052,0.0,0.0
SIA,SP,202502,4049020,0211020010,58.0,42342.32
SIA,SP,202502,2042436,0211020036,12.0,61.8
SIA,SP,202502,2059886,0211020036,2.0,10.3
SIA,SP,202502,3198294,0211020036,14.0,72.1
SIA,SP,202502,2050072,0211020036,21.0,108.15
SIA,SP,202502,0115509,0211020036,233.0,1199.95
SIA,SP,202502,7451369,0211020036,3.0,15.45
SIA,SP,202502,9680500,0206010036,2.0,173.52
SIA,SP,202502,0279943,0211020036,29.0,149.35
SIA,SP,202502,2083272,0211020036,52.0,267.8
SIA,SP,202502,0473405,0211020036,24.0,123.6
SIA,SP,202502,2716739,0211020036,29.0,149.35
SIA,SP,202502,2751038,0206030037,1.0,138.63
SIA,SP,202502,2082640,0211020060,10.0,300.0
SIA,SP,202502,3021378,0211020036,91.0,468.65
SIA,SP,202502,2044641,0211020036,29.0,149.35
SIA,SP,202502,2024691,0211020036,466.0,2399.9
SIA,SP,202502,2082519,0211020036,220.0,1133.0
SIA,SP,202502,2029529,0211020036,3.0,15.45
SIA,SP,202502,2051982,0211020036,322.0,1658.3
SIA,SP,202502,2079925,0211020036,8.0,41.2
SIA,SP,202502,0295701,0206030029,1.0,86.75
SIA,SP,202502,4118421,0206010060,1.0,97.44
SIA,SP,202502,2071487,0206030037,1.0,138.63
SIA,SP,202502,2089548,0206010036,2.0,173.52
SIA,SP,202502,2765934,0211020036,1.0,5.15
SIA,SP,202502,2081237,0211020036,33.0,169.95
SIA,SP,202502,6657516,0211020036,53.0,272.95
SIA,SP,202502,4108205,0211020036,509.0,2621.35
SIA,SP,202502,6335497,0211020060,168.0,5040.0
SIA,SP,202502,7560435,0211020060,212.0,6360.0
SIA,SP,202502,6164366,0206020023,1.0,86.75
SIA,SP,202502,2745798,0206010044,3.0,260.25
SIA,SP,202502,3492958,0211020036,1.0,5.15
SIA,SP,202502,2040190,0211020036,106.0,545.9
SIA,SP,202502,2029553,0211020036,76.0,391.4
SIA,SP,202502,2079011,0206020015,2.0,173.5
SIA,SP,202502,2087219,0206010060,1.0,97.44
SIA,SP,202502,7033702,0211020036,82.0,422.3
SIA,SP,202502,2081091,0206010052,2.0,593.32
SIA,SP,202502,3774554,0211020036,680.0,3502.0
SIA,SP,202502,2082438,0206020023,1.0,86.75
SIA,SP,202502,6657516,0211020060,128.0,3840.0
SIA,SP,202502,2083876,0211020036,358.0,1843.7
SIA,SP,202502,2079011,0206010044,2.0,173.5
SIA,SP,202502,2080095,0206010044,1.0,86.75
SIA,SP,202502,6546463,0211020036,232.0,1194.8
SIA,SP,202502,5336163,0211020036,787.0,4053.05
SIA,SP,202502,9232141,0211020036,224.0,1153.6
SIA,SP,202502,9232141,0211020060,51.0,1530.0
SIA,SP,202502,4032004,0211020036,228.0,1174.2
SIA,SP,202502,5618401,0206020023,5.0,433.75
SIA,SP,202502,6604862,0211020060,38.0,1140.0
SIA,SP,202502,4407598,0211020036,290.0,1493.5
SIA,SP,202502,2023490,0211020060,37.0,1110.0
SIA,SP,202502,2791234,0211020036,19.0,97.85
SIA,SP,202502,2790149,0211020036,21.0,108.15
SIA,SP,202502,2050757,0206010052,3.0,260.25
SIA,SP,202502,2053446,0206010036,1.0,86.76
SIA,SP,202502,3550761,0211020060,37.0,1110.0
SIA,SP,202502,2081202,0206030029,3.0,260.25
SIA,SP,202502,4676815,0206010052,2.0,173.5
SIA,SP,202502,7603274,0211020036,200.0,1030.0
SIA,SP,202502,2080923,0206020023,1.0,86.75
SIA,SP,202502,4018850,0211020036,380.0,1957.0
SIA,SP,202502,2054248,0211020036,101.0,520.15
SIA,SP,202502,5675820,0211020036,1.0,5.15
SIA,SP,202502,2087804,0206010044,1.0,86.75
SIA,SP,202502,2081512,0206010010,2.0,173.52
SIA,SP,202502,6878687,0211020036,348.0,1792.2
SIA,SP,202502,6878687,0211020060,63.0,1890.0
SIA,SP,202502,4733584,0206010028,1.0,101.1
SIA,SP,202502,0295701,0206020015,1.0,86.75
SIA,SP,202502,9442642,0205010016,1.0,165.0
SIA,SP,202502,7188676,0211020036,305.0,1570.75
SIA,SP,202502,6365213,0211020036,432.0,2224.8
SIA,SP,202502,6365213,0211020060,52.0,1560.0
SIA,SP,202502,2791749,0206010052,1.0,86.75
SIA,SP,202502,2032430,0206010052,1.0,86.75
SIA,SP,202502,2785382,0211020036,308.0,1586.2
SIA,SP,202502,6414176,0206010010,2.0,173.52
SIA,SP,202502,2085437,0211020036,204.0,1050.6
SIA,SP,202502,4733584,0206010079,1.0,97.44
SIA,SP,202502,7156324,0211020036,2.0,10.3
SIA,SP,202502,7184689,0206020015,1.0,86.75
SIA,SP,202502,2096498,0211020036,117.0,602.55
SIA,SP,202502,7144016,0211020036,220.0,1133.0
SIA,SP,202502,2073323,0206020015,1.0,86.75
SIA,SP,202502,2096463,0211020036,18.0,92.7
SIA,SP,202502,0040010,0211020036,244.0,1256.6
SIA,SP,202502,2086336,0211020036,1.0,5.15
SIA,SP,202502,7209517,0211020036,208.0,1071.2
SIA,SP,202502,2080095,0206020023,1.0,86.75
SIA,SP,202502,9314687,0211020060,33.0,990.0
SIA,SP,202502,3770834,0211020036,38.0,195.7
SIA,SP,202502,6258484,0211020036,307.0,1292.65
SIA,SP,202502,5618401,0211020036,397.0,2044.55
SIA,SP,202502,2073269,0206010036,1.0,86.76
SIA,SP,202502,4733584,0206020031,2.0,272.82
SIA,SP,202502,7209517,0211020060,99.0,2970.0
SIA,SP,202502,6568971,0211020036,375.0,1931.25
SIA,SP,202502,2024446,0211020036,55.0,283.25
SIA,SP,202502,7548982,0211020060,9.0,270.0
SIA,SP,202502,5053293,0211020036,289.0,1488.35
SIA,SP,202502,9068651,0211020036,150.0,772.5
SIA,SP,202502,4049632,0211020036,100.0,515.0
SIA,SP,202502,4676815,0211020036,223.0,1148.45
SIA,SP,202502,2073269,0208010025,1.0,408.52
SIA,SP,202502,2079895,0206010060,2.0,194.88
SIA,SP,202502,9033351,0211020036,114.0,587.1
SIA,SP,202502,4832027,0206030037,2.0,277.26
SIA,SP,202502,6611273,0211020036,109.0,561.35
SIA,SP,202502,0775126,0206010036,4.0,347.04
SIA,SP,202502,9755357,0206020015,1.0,86.75
SIA,SP,202502,2716593,0211020036,131.0,674.65
SIA,SP,202502,6414176,0206030029,1.0,86.75
SIA,SP,202502,6878687,0206010060,1.0,97.44
SIA,SP,202502,9364226,0211020036,558.0,2873.7
SIA,SP,202502,2074877,0211020060,286.0,8580.0
SIA,SP,202502,2082586,0206020031,1.0,136.41
SIA,SP,202502,2082470,0211020036,278.0,1431.7
SIA,SP,202502,2073269,0208010033,1.0,383.07
SIA,SP,202502,2081253,0211020036,149.0,767.35
SIA,SP,202502,9267263,0206030029,0.0,0.0
SIA,SP,202502,2038633,0205010016,2.0,330.0
SIA,SP,202502,3201406,0211020036,245.0,1261.75
SIA,SP,202502,2059681,0211020036,2.0,10.3
SIA,SP,202502,4197402,0206030029,1.0,86.75
SIA,SP,202502,7209517,0206010060,1.0,97.44
SIA,SP,202502,3840107,0211020060,21.0,630.0
SIA,SP,202502,2084287,0206010028,1.0,311.01
SIA,SP,202502,2082586,0206030029,1.0,86.75
SIA,SP,202502,2081091,0206020023,1.0,296.66
SIA,SP,202502,2745925,0211020036,8.0,41.2
SIA,SP,202502,2084287,0206010036,1.0,296.67
SIA,SP,202502,2082888,0206020023,2.0,360.0
SIA,SP,202502,2077582,0206010052,1.0,86.75
SIA,SP,202502,2751569,0206030029,1.0,409.2
SIA,SP,202502,2044005,0211020036,45.0,231.75
SIA,SP,202502,7429568,0211020036,288.0,1483.2
SIA,SP,202502,2747413,0211020036,149.0,767.35
SIA,SP,202502,2079925,0206020015,1.0,86.75
SIA,SP,202502,5618401,0206010060,1.0,97.44
SIA,SP,202502,7758375,0211020036,47.0,242.05
SIA,SP,202502,2790165,0206010010,1.0,86.76
SIA,SP,202502,7548982,0211020036,308.0,1586.2
SIA,SP,202502,2747553,0211020060,18.0,540.0
SIA,SP,202502,2082438,0206010010,1.0,86.76
SIA,SP,202502,6164366,0206010060,1.0,97.44
SIA,SP,202502,2078422,0206020015,1.0,86.75
SIA,SP,202502,2096005,0206020015,1.0,86.75
SIA,SP,202502,2086832,0211020036,10.0,51.5
SIA,SP,202502,2078511,0206010060,1.0,97.44
SIA,SP,202502,2084430,0211020036,203.0,1045.45
SIA,SP,202502,2790165,0206020023,1.0,86.75
SIA,SP,202502,2080931,0211020010,21.0,15330.84
SIA,SP,202502,2080095,0206010010,1.0,86.76
SIA,SP,202502,2079917,0211020036,137.0,705.55
SIA,SP,202502,9189564,0211020036,3.0,15.45
SIA,SP,202502,2754843,0211020010,30.0,21901.2
SIA,SP,202502,2745917,0211020036,17.0,87.55
SIA,SP,202502,7917724,0211020036,18.0,92.7
SIA,SP,202502,2042509,0211020036,183.0,942.45
SIA,SP,202502,6956890,0211020036,1.0,5.15
SIA,SP,202502,2023474,0211020036,33.0,169.95
SIA,SP,202502,2073323,0206020023,2.0,173.5
SIA,SP,202502,2097745,0211020036,130.0,669.5
SIA,SP,202502,9004165,0211020036,29.0,149.35
SIA,SP,202502,2042770,0211020036,1.0,5.15
SIA,SP,202502,9398767,0211020036,18.0,92.7
SIA,SP,202502,2080664,0206010052,1.0,86.75
SIA,SP,202502,5811260,0211020036,40.0,206.0
SIA,SP,202502,2087715,0211020036,415.0,2137.25
SIA,SP,202502,2040506,0211020036,52.0,267.8
SIA,SP,202502,5510716,0211020036,1.0,5.15
SIA,SP,202502,2083027,0211020036,67.0,345.05
SIA,SP,202502,7636334,0211020060,41.0,1230.0
SIA,SP,202502,2053446,0211020060,8.0,240.0
SIA,SP,202502,0149071,0211020036,8.0,41.2
SIA,SP,202502,2786044,0211020036,5.0,25.75
SIA,SP,202502,6258484,0902010018,47.0,6110.0
SIA,SP,202502,6258484,0902010034,4.0,1080.0
SIA,SP,202502,6258484,0902010026,5.0,1000.0
SIA,SP,202502,2023709,0206020015,2.0,173.5
SIA,SP,202502,2755009,0211020036,1.0,5.15
SIA,SP,202502,0113492,0211020036,6.0,30.9
SIA,SP,202502,2024438,0211020036,6.0,30.9
SIA,SP,202502,2058030,0211020036,36.0,185.4
SIA,SP,202502,2086476,0211020036,25.0,128.75
SIA,SP,202502,2755017,0211020036,3.0,15.45
SIA,SP,202502,2755025,0211020036,3.0,15.45
SIA,SP,202502,9030557,0206010060,1.0,97.44
SIA,SP,202502,2024756,0206010028,3.0,303.3
SIA,SP,202502,2081393,0206020015,1.0,86.75
SIA,SP,202502,2071878,0206030010,1.0,138.63
SIA,SP,202502,5625416,0211020036,351.0,1807.65
SIA,SP,202502,2081393,0211020036,171.0,880.65
SIA,SP,202502,2047136,0211020036,12.0,61.8
SIA,SP,202502,9086056,0211020036,64.0,329.6
SIA,SP,202502,2077043,0211020036,173.0,890.95
SIA,SP,202502,5586348,0206020023,1.0,86.75
SIA,SP,202502,2038757,0206010044,1.0,86.75
SIA,SP,202502,4049020,0211020060,24.0,720.0
SIA,SP,202502,2093138,0206030010,2.0,277.26
SIA,SP,202502,2081261,0206030010,1.0,138.63
SIA,SP,202502,4687019,0211020036,7.0,36.05
SIA,SP,202502,2055996,0211020036,50.0,257.5
SIA,SP,202502,2097869,0211020036,26.0,133.9
SIA,SP,202502,2071878,0211020036,20.0,103.0
SIA,SP,202502,3051900,0211020036,10.0,51.5
SIA,SP,202502,0064203,0211020036,60.0,309.0
SIA,SP,202502,2096005,0206010079,2.0,194.88
SIA,SP,202502,9286969,0211020036,113.0,581.95
SIA,SP,202502,6657354,0211020036,14.0,72.1
SIA,SP,202502,9438890,0211020036,22.0,113.3
SIA,SP,202502,7818718,0211020036,8.0,41.2
SIA,SP,202502,2051249,0211020036,73.0,375.95
SIA,SP,202502,9422471,0211020036,31.0,159.65
SIA,SP,202502,2050757,0206010010,1.0,86.76
SIA,SP,202502,2079135,0206020015,3.0,516.0
SIA,SP,202502,7007116,0211020036,78.0,401.7
SIA,SP,202502,2058308,0211020036,115.0,592.25
SIA,SP,202502,7070713,0211020036,143.0,736.45
SIA,SP,202502,2791749,0211020036,297.0,1529.55
SIA,SP,202502,2046334,0211020036,77.0,396.55
SIA,SP,202502,2082721,0206020023,1.0,86.75
SIA,SP,202502,2042509,0211020060,31.0,930.0
SIA,SP,202502,2082586,0206010044,1.0,86.75
SIA,SP,202502,9156739,0211020036,6.0,30.9
SIA,SP,202502,7730403,0211020036,9.0,46.35
SIA,SP,202502,2081903,0211020036,35.0,180.25
SIA,SP,202502,9329471,0211020036,438.0,2255.7
SIA,SP,202502,2882949,0211020036,12.0,61.8
SIA,SP,202502,2033216,0211020036,2.0,10.3
SIA,SP,202502,2024810,0211020036,441.0,2271.15
SIA,SP,202502,2027186,0206030029,1.0,86.75
SIA,SP,202502,2084074,0211020036,80.0,412.0
SIA,SP,202502,2042789,0211020036,25.0,128.75
SIA,SP,202502,2074184,0206030010,1.0,138.63
SIA,SP,202502,2079879,0211020036,76.0,391.4
SIA,SP,202502,2038633,0206010079,1.0,97.44
SIA,SP,202502,2083922,0211020036,26.0,133.9
SIA,SP,202502,2023490,0211020036,40.0,206.0
SIA,SP,202502,2081091,0211020036,374.0,1926.1
SIA,SP,202502,2081784,0211020036,233.0,1199.95
SIA,SP,202502,2092395,0211020036,150.0,772.5
SIA,SP,202502,8000379,0211020036,167.0,860.05
SIA,SP,202502,7126484,0211020036,4.0,20.6
SIA,SP,202502,2073269,0211020036,1477.0,7606.55
SIA,SP,202502,2747359,0211020036,4.0,20.6
SIA,SP,202502,2027798,0211020036,4.0,20.6
SIA,SP,202502,7115652,0211020036,341.0,1756.15
SIA,SP,202502,2751704,0211020036,230.0,1184.5
SIA,SP,202502,5317878,0211020036,1.0,5.15
SIA,SP,202502,6680968,0211020036,32.0,164.8
SIA,SP,202502,9753753,0211020036,269.0,1385.35
SIA,SP,202502,2024829,0211020036,212.0,1091.8
SIA,SP,202502,4702069,0211020036,9.0,46.35
SIA,SP,202502,9759352,0211020036,163.0,839.45
SIA,SP,202502,2073064,0211020036,20.0,103.0
SIA,SP,202502,2040751,0211020036,452.0,2327.8
SIA,SP,202502,2030314,0211020036,92.0,473.8
SIA,SP,202502,2747677,0211020036,29.0,149.35
SIA,SP,202502,0448702,0206010036,2.0,360.0
SIA,SP,202502,2077582,0206030029,1.0,86.75
SIA,SP,202502,2051184,0211020036,34.0,175.1
SIA,SP,202502,2078139,0211020036,144.0,741.6
SIA,SP,202502,2027976,0211020036,123.0,633.45
SIA,SP,202502,2083140,0206010052,1.0,86.75
SIA,SP,202502,2793385,0206010044,2.0,173.5
SIA,SP,202502,2079232,0206020015,1.0,86.75
SIA,SP,202502,2081202,0211020036,1.0,5.15
SIA,SP,202502,2053144,0211020036,1.0,5.15
SIA,SP,202502,2688433,0211020036,312.0,1606.8
SIA,SP,202502,7116888,0211020036,3.0,15.45
SIA,SP,202502,2087693,0211020036,303.0,1560.45
SIA,SP,202502,2081512,0211020060,16.0,480.0
SIA,SP,202502,2081377,0206030037,1.0,138.63
SIA,SP,202502,9093931,0211020036,452.0,2327.8
SIA,SP,202502,4057708,0211020036,5.0,25.75
SIA,SP,202502,2747340,0211020036,7.0,36.05
SIA,SP,202502,2097729,0211020036,127.0,654.05
SIA,SP,202502,4290577,0211020036,112.0,576.8
SIA,SP,202502,5586348,0211020060,25.0,750.0
SIA,SP,202502,6946127,0211020036,6.0,30.9
SIA,SP,202502,6785247,0211020036,14.0,72.1
SIA,SP,202502,2087103,0211020036,181.0,932.15
SIA,SP,202502,3322629,0211020036,897.0,4619.55
SIA,SP,202502,5936691,0211020036,3.0,15.45
SIA,SP,202502,2745801,0211020036,362.0,1864.3
SIA,SP,202502,2087111,0211020036,576.0,2966.4
SIA,SP,202502,2030306,0211020036,137.0,705.55
SIA,SP,202502,2032430,0211020036,289.0,1488.35
SIA,SP,202502,9631895,0211020036,838.0,4315.7
SIA,SP,202502,3003477,0211020036,5.0,25.75
SIA,SP,202502,2080958,0211020036,84.0,432.6
SIA,SP,202502,0373885,0211020036,33.0,169.95
SIA,SP,202502,3055310,0211020036,11.0,56.65
SIA,SP,202502,0158216,0211020036,2.0,10.3
SIA,SP,202502,3774554,0211020060,25.0,750.0
SIA,SP,202502,2054396,0211020036,21.0,108.15
SIA,SP,202502,9471138,0211020036,18.0,92.7
SIA,SP,202502,4197402,0206020023,1.0,86.75
SIA,SP,202502,7466412,0211020036,415.0,2137.25
SIA,SP,202502,0111406,0211020036,3.0,15.45
SIA,SP,202502,7134665,0211020036,328.0,1689.2
SIA,SP,202502,2046512,0211020036,53.0,272.95
SIA,SP,202502,2051192,0211020036,32.0,164.8
SIA,SP,202502,2073269,0206010044,1.0,86.75
SIA,SP,202502,2097737,0211020036,63.0,324.45
SIA,SP,202502,2751704,0206010060,1.0,97.44
SIA,SP,202502,7507933,0211020036,13.0,66.95
SIA,SP,202502,2747006,0211020036,68.0,350.2
SIA,SP,202502,7024789,0211020036,64.0,329.6
SIA,SP,202502,3550907,0211020036,41.0,211.15
SIA,SP,202502,5675820,0206020031,1.0,136.41
SIA,SP,202502,2038757,0211020036,34.0,175.1
SIA,SP,202502,7428707,0211020036,313.0,1611.95
SIA,SP,202502,2790165,0211020036,123.0,633.45
SIA,SP,202502,2747065,0211020036,22.0,113.3
SIA,SP,202502,2774682,0211020036,58.0,298.7
SIA,SP,202502,2079135,0206010052,1.0,175.0
SIA,SP,202502,4597214,0211020036,7.0,36.05
SIA,SP,202502,9414657,0211020036,21.0,108.15
SIA,SP,202502,2077647,0211020036,227.0,1169.05
SIA,SP,202502,2747367,0211020036,2.0,10.3
SIA,SP,202502,6767117,0211020036,3.0,15.45
SIA,SP,202502,2751569,0206020015,1.0,409.2
SIA,SP,202502,2070499,0206010079,7.0,682.08
SIA,SP,202502,2083973,0206010044,3.0,260.25
SIA,SP,202502,2080443,0206010028,100.0,10110.0
SIA,SP,202502,2083973,0206020031,15.0,2046.15
SIA,SP,202502,6451098,0206030010,28.0,3881.64
SIA,SP,202502,6451098,0206020031,23.0,3137.43
SIA,SP,202502,2079518,0211020036,69.0,355.35
SIA,SP,202502,9639659,0206010079,36.0,3507.84
SIA,SP,202502,2081555,0206030010,20.0,2772.6
SIA,SP,202502,2023016,0206030037,7.0,970.41
SIA,SP,202502,2080087,0206020023,2.0,173.5
SIA,SP,202502,2080087,0206030010,15.0,2079.45
SIA,SP,202502,2081555,0206010010,10.0,867.6
SIA,SP,202502,6451098,0206010044,3.0,260.25
SIA,SP,202502,2080443,0206010079,48.0,4677.12
SIA,SP,202502,2080087,0206030037,33.0,4574.79
SIA,SP,202502,2080443,0206030029,12.0,1041.0
SIA,SP,202502,2065576,0211020060,3.0,90.0
SIA,SP,202502,2083973,0206030029,6.0,520.5
SIA,SP,202502,2083175,0206030010,24.0,3327.12
SIA,SP,202502,2083973,0206010079,15.0,1461.6
SIA,SP,202502,2083175,0206010010,3.0,260.28
SIA,SP,202502,6451098,0206010010,3.0,260.28
SIA,SP,202502,2036851,0211020036,5.0,25.75
SIA,SP,202502,2058340,0211020036,87.0,448.05
SIA,SP,202502,9755829,0211020036,51.0,262.65
SIA,SP,202502,2073021,0211020036,30.0,154.5
SIA,SP,202502,2092743,0211020036,15.0,77.25
SIA,SP,202502,2083973,0206010036,1.0,86.76
SIA,SP,202502,2074788,0211020036,81.0,417.15
SIA,SP,202502,2029480,0206010028,1.0,101.1
SIA,SP,202502,2079348,0206020015,2.0,173.5
SIA,SP,202502,2751135,0211020036,8.0,41.2
SIA,SP,202502,7551258,0211020036,11.0,56.65
SIA,SP,202502,2065576,0206010079,10.0,974.4
SIA,SP,202502,6451098,0206010028,8.0,808.8
SIA,SP,202502,2063018,0211020036,61.0,314.15
SIA,SP,202502,2065576,0206030010,4.0,554.52
SIA,SP,202502,6526772,0211020036,218.0,1122.7
SIA,SP,202502,6628842,0206030010,9.0,1247.67
SIA,SP,202502,9371060,0211020036,90.0,463.5
SIA,SP,202502,6451098,0206030029,4.0,347.0
SIA,SP,202502,9639659,0206020015,3.0,260.25
SIA,SP,202502,2023016,0206030029,0.0,0.0
SIA,SP,202502,2081555,0211020036,343.0,1766.45
SIA,SP,202502,2716291,0211020036,51.0,262.65
SIA,SP,202502,9639659,0206010010,1.0,86.76
SIA,SP,202502,2078546,0211020036,102.0,525.3
SIA,SP,202502,2080443,0206010010,32.0,2776.32
SIA,SP,202502,7551231,0211020036,26.0,133.9
SIA,SP,202502,2748401,0211020036,130.0,669.5
SIA,SP,202502,0613819,0211020036,30.0,154.5
SIA,SP,202502,2083973,0211020036,80.0,412.0
SIA,SP,202502,6628842,0206020031,3.0,409.23
SIA,SP,202502,2072033,0211020036,289.0,1488.35
SIA,SP,202502,2080443,0206010044,1.0,86.75
SIA,SP,202502,2065576,0206010028,1.0,101.1
SIA,SP,202502,9639659,0206010044,3.0,260.25
SIA,SP,202502,2081520,0211020036,20.0,103.0
SIA,SP,202502,2745674,0211020036,30.0,154.5
SIA,SP,202502,2055600,0211020036,25.0,128.75
SIA,SP,202502,2745348,0211020036,9.0,46.35
SIA,SP,202502,2080443,0206020023,2.0,173.5
SIA,SP,202502,2080524,0211020036,100.0,515.0
SIA,SP,202502,2042118,0211020036,115.0,592.25
SIA,SP,202502,2750538,0211020036,102.0,525.3
SIA,SP,202502,2080370,0211020036,147.0,757.05
SIA,SP,202502,6844189,0211020036,29.0,149.35
SIA,SP,202502,7927037,0211020036,38.0,195.7
SIA,SP,202502,2023016,0206010079,24.0,2338.56
SIA,SP,202502,6628842,0206010044,1.0,86.75
SIA,SP,202502,2090821,0211020036,50.0,257.5
SIA,SP,202502,2080443,0206030010,49.0,6792.87
SIA,SP,202502,3949729,0211020036,34.0,175.1
SIA,SP,202502,2080087,0206010079,39.0,3800.16
SIA,SP,202502,2079941,0211020036,42.0,216.3
SIA,SP,202502,2041693,0211020036,5.0,25.75
SIA,SP,202502,2023016,0206020031,5.0,682.05
SIA,SP,202502,7927037,0211020060,16.0,480.0
SIA,SP,202502,2081830,0211020036,28.0,144.2
SIA,SP,202502,4049039,0211020036,96.0,494.4
SIA,SP,202502,2087642,0211020036,27.0,139.05
SIA,SP,202502,2070499,0206010036,1.0,86.76
SIA,SP,202502,2070502,0211020036,18.0,92.7
SIA,SP,202502,2050188,0211020036,8.0,41.2
SIA,SP,202502,2083973,0206020015,1.0,86.75
SIA,SP,202502,2031795,0211020036,32.0,164.8
SIA,SP,202502,0136913,0211020036,60.0,309.0
SIA,SP,202502,2748355,0208010033,1.0,383.07
SIA,SP,202502,4049187,0211020036,71.0,365.65
SIA,SP,202502,2023016,0206030010,8.0,1109.04
SIA,SP,202502,2751011,0211020036,148.0,762.2
SIA,SP,202502,2060582,0211020036,28.0,144.2
SIA,SP,202502,2029480,0206010079,2.0,194.88
SIA,SP,202502,2071738,0211020036,33.0,169.95
SIA,SP,202502,2070499,0206020031,1.0,136.41
SIA,SP,202502,2950545,0211020036,8.0,41.2
SIA,SP,202502,2065576,0206010010,1.0,86.76
SIA,SP,202502,2088967,0211020036,14.0,72.1
SIA,SP,202502,2044668,0211020036,1.0,5.15
SIA,SP,202502,2078449,0211020036,91.0,468.65
SIA,SP,202502,7433654,0211020036,1.0,5.15
SIA,SP,202502,6451098,0206010036,1.0,86.76
SIA,SP,202502,2080605,0211020036,12.0,61.8
SIA,SP,202502,6451098,0206020015,5.0,433.75
SIA,SP,202502,2083175,0211020036,186.0,957.9
SIA,SP,202502,2875284,0211020036,67.0,345.05
SIA,SP,202502,2081407,0211020036,285.0,1467.75
SIA,SP,202502,2748355,0211020036,53.0,272.95
SIA,SP,202502,2073390,0211020036,32.0,164.8
SIA,SP,202502,7913796,0211020036,27.0,139.05
SIA,SP,202502,2080443,0206010036,18.0,1561.68
SIA,SP,202502,2748355,0211020060,2.0,60.0
SIA,SP,202502,2023016,0206010044,5.0,433.75
SIA,SP,202502,2083175,0206010079,48.0,4677.12
SIA,SP,202502,9360727,0211020036,26.0,133.9
SIA,SP,202502,2079348,0206030037,109.0,15110.67
SIA,SP,202502,2081857,0211020036,257.0,1323.55
SIA,SP,202502,2081792,0211020036,60.0,309.0
SIA,SP,202502,2081555,0206020031,12.0,1636.92
SIA,SP,202502,2078309,0211020036,133.0,684.95
SIA,SP,202502,2038048,0211020036,51.0,262.65
SIA,SP,202502,2747685,0211020036,100.0,515.0
SIA,SP,202502,2062895,0211020036,29.0,149.35
SIA,SP,202502,2093316,0211020036,4.0,20.6
SIA,SP,202502,2080087,0211020036,173.0,890.95
SIA,SP,202502,2093227,0211020036,71.0,365.65
SIA,SP,202502,2034247,0211020036,41.0,211.15
SIA,SP,202502,2083973,0206030010,35.0,4852.05
SIA,SP,202502,2090333,0211020036,106.0,545.9
SIA,SP,202502,2076942,0211020036,96.0,494.4
SIA,SP,202502,4712870,0211020060,10.0,300.0
SIA,SP,202502,2081555,0206010028,20.0,2022.0
SIA,SP,202502,2083175,0206010044,6.0,520.5
SIA,SP,202502,2039133,0211020036,6.0,30.9
SIA,SP,202502,2034689,0211020036,15.0,77.25
SIA,SP,202502,2072084,0211020036,128.0,659.2
SIA,SP,202502,2038064,0211020036,22.0,113.3
SIA,SP,202502,2081555,0206010079,20.0,1948.8
SIA,SP,202502,2058405,0211020036,36.0,185.4
SIA,SP,202502,2080087,0206020031,21.0,2864.61
SIA,SP,202502,4049586,0211020036,169.0,870.35
SIA,SP,202502,2072319,0211020036,30.0,154.5
SIA,SP,202502,6451098,0206020023,2.0,173.5
SIA,SP,202502,2083264,0211020036,30.0,154.5
SIA,SP,202502,2081555,0206010052,2.0,173.5
SIA,SP,202502,2076918,0206010079,1.0,97.44
SIA,SP,202502,2080451,0211020036,69.0,355.35
SIA,SP,202502,7631103,0211020036,69.0,355.35
SIA,SP,202502,2080362,0211020036,30.0,154.5
SIA,SP,202502,2751208,0211020036,62.0,319.3
SIA,SP,202502,2078805,0211020036,144.0,741.6
SIA,SP,202502,6628842,0206030037,6.0,831.78
SIA,SP,202502,2081555,0206030029,6.0,520.5
SIA,SP,202502,2051885,0211020036,50.0,257.5
SIA,SP,202502,2080087,0206010010,34.0,2949.84
SIA,SP,202502,2079348,0206010028,7.0,707.7
SIA,SP,202502,2079380,0211020036,105.0,540.75
SIA,SP,202502,4048083,0211020036,42.0,216.3
SIA,SP,202502,2749610,0211020036,14.0,72.1
SIA,SP,202502,9639659,0206020031,4.0,545.64
SIA,SP,202502,9639659,0211020036,203.0,1045.45
SIA,SP,202502,9639659,0206010028,1.0,101.1
SIA,SP,202502,2081296,0211020036,126.0,648.9
SIA,SP,202502,2079704,0211020036,165.0,849.75
SIA,SP,202502,5544556,0211020036,30.0,154.5
SIA,SP,202502,6785018,0211020036,159.0,818.85
SIA,SP,202502,2076918,0211020060,7.0,210.0
SIA,SP,202502,2065576,0206010052,2.0,173.5
SIA,SP,202502,4752953,0211020036,92.0,473.8
SIA,SP,202502,2055430,0211020036,122.0,628.3
SIA,SP,202502,2079348,0206010036,1.0,86.76
SIA,SP,202502,2083175,0206010028,5.0,505.5
SIA,SP,202502,2035154,0211020036,36.0,185.4
SIA,SP,202502,2080087,0206010052,7.0,607.25
SIA,SP,202502,2093146,0211020036,44.0,226.6
SIA,SP,202502,2093154,0211020036,28.0,144.2
SIA,SP,202502,2875284,0211020060,6.0,180.0
SIA,SP,202502,2078112,0211020036,63.0,324.45
SIA,SP,202502,6451098,0206030037,2.0,277.26
SIA,SP,202502,2081822,0211020036,200.0,1030.0
SIA,SP,202502,2082551,0211020036,13.0,66.95
SIA,SP,202502,2084007,0211020036,151.0,777.65
SIA,SP,202502,6744419,0211020036,20.0,103.0
SIA,SP,202502,2052830,0211020036,15.0,77.25
SIA,SP,202502,2076918,0206030010,2.0,277.26
SIA,SP,202502,2022451,0211020036,200.0,1030.0
SIA,SP,202502,2052628,0211020036,50.0,257.5
SIA,SP,202502,2079348,0206030010,106.0,14694.78
SIA,SP,202502,2079348,0206010079,38.0,3702.72
SIA,SP,202502,2023016,0206010028,6.0,606.6
SIA,SP,202502,2079615,0211020036,89.0,458.35
SIA,SP,202502,2080478,0211020036,94.0,484.1
SIA,SP,202502,2083175,0206020031,19.0,2591.79
SIA,SP,202502,2029480,0206030010,6.0,831.78
SIA,SP,202502,2080443,0206030037,50.0,6931.5
SIA,SP,202502,2080087,0206010044,8.0,694.0
SIA,SP,202502,2079348,0206010044,6.0,520.5
SIA,SP,202502,2079348,0206020031,19.0,2591.79
SIA,SP,202502,9898484,0211020036,34.0,175.1
SIA,SP,202502,2083175,0206030037,20.0,2772.6
SIA,SP,202502,9368566,0211020036,336.0,1730.4
SIA,SP,202502,2065525,0211020036,127.0,654.05
SIA,SP,202502,5923271,0211020036,12.0,61.8
SIA,SP,202502,2081466,0211020036,139.0,715.85
SIA,SP,202502,2751674,0211020036,60.0,309.0
SIA,SP,202502,2083973,0206010028,25.0,2527.5
SIA,SP,202502,2791951,0211020036,40.0,206.0
SIA,SP,202502,2093502,0211020036,175.0,901.25
SIA,SP,202502,2083973,0206030037,8.0,1109.04
SIA,SP,202502,4049241,0211020036,95.0,489.25
SIA,SP,202502,2083175,0206020015,1.0,86.75
SIA,SP,202502,2083175,0206030029,2.0,173.5
SIA,SP,202502,2082098,0211020036,148.0,762.2
SIA,SP,202502,2081555,0206030037,17.0,2356.71
SIA,SP,202502,6451098,0206010079,101.0,9841.44
SIA,SP,202502,2083973,0206010010,7.0,607.32
SIA,SP,202502,2033038,0211020036,3.0,15.45
SIA,SP,202502,2065576,0206030037,6.0,831.78
SIA,SP,202502,2023016,0211020036,24.0,123.6
SIA,SP,202502,2081555,0206010044,8.0,694.0
SIA,SP,202502,6628842,0206010079,17.0,1656.48
SIA,SP,202502,0116076,0211020036,17.0,87.55
SIA,SP,202502,2078937,0211020036,28.0,144.2
SIA,SP,202502,2070499,0206010028,2.0,202.2
SIA,SP,202502,2090910,0206010079,3.0,292.32
SIA,SP,202502,9639659,0206030029,5.0,433.75
SIA,SP,202502,2745402,0211020036,39.0,200.85
SIA,SP,202502,7314493,0206010010,1.0,86.76
SIA,SP,202502,2079356,0211020036,178.0,916.7
SIA,SP,202502,2080443,0206020031,18.0,2455.38
SIA,SP,202502,2081555,0206010036,2.0,173.52
SIA,SP,202502,2028441,0211020036,19.0,97.85
SIA,SP,202502,9639659,0206030010,21.0,2911.23
SIA,SP,202502,2023016,0206010010,3.0,260.28
SIA,SP,202502,2038382,0211020036,5.0,25.75
SIA,SP,202502,2090910,0206010052,1.0,86.75
SIA,SP,202502,2079348,0206030029,3.0,260.25
SIA,SP,202502,2083175,0206010036,1.0,86.76
SIA,SP,202502,2080982,0211020036,40.0,206.0
SIA,SP,202502,2081555,0206020015,7.0,607.25
SIA,SP,202502,2079348,0206010010,4.0,347.04
SIA,SP,202502,2023016,0206010052,1.0,86.75
SIA,SP,202502,2080966,0211020036,42.0,216.3
SIA,SP,202502,2042339,0211020036,36.0,185.4
SIA,SP,202502,2082780,0211020036,53.0,272.95
SIA,SP,202502,2090910,0206030037,1.0,138.63
SIA,SP,202502,3306267,0211020060,47.0,1410.0
SIA,SP,202502,2082659,0211020036,17.0,87.55
SIA,SP,202502,2076918,0206030037,3.0,415.89
SIA,SP,202502,2044870,0211020036,18.0,92.7
SIA,SP,202502,2070499,0206030037,1.0,138.63
SIA,SP,202502,7753977,0211020036,22.0,113.3
SIA,SP,202502,7210094,0211020036,322.0,1658.3
SIA,SP,202502,2031361,0211020036,16.0,82.4
SIA,SP,202502,2747103,0211020036,16.0,82.4
SIA,SP,202502,5007402,0211020036,435.0,2240.25
SIA,SP,202502,9639659,0206030037,2.0,277.26
SIA,SP,202502,2045095,0211020036,11.0,56.65
SIA,SP,202502,2065061,0211020036,35.0,180.25
SIA,SP,202502,2052342,0211020036,14.0,72.1
SIA,SP,202502,2793512,0211020036,77.0,396.55
SIA,SP,202502,2082756,0211020036,28.0,144.2
SIA,SP,202502,2034379,0211020036,69.0,355.35
SIA,SP,202502,6707912,0211020036,22.0,113.3
SIA,SP,202502,2700212,0211020036,20.0,103.0
SIA,SP,202502,2083973,0206020023,1.0,86.75
SIA,SP,202502,0664669,0211020036,38.0,195.7
SIA,SP,202502,3525295,0211020036,2.0,10.3
SIA,SP,202502,4164512,0211020036,4.0,20.6
SIA,SP,202502,2071096,0211020036,71.0,365.65
SIA,SP,202502,2081555,0211020060,5.0,150.0
SIA,SP,202502,2090481,0211020036,1.0,5.15
SIA,SP,202502,2092131,0206030010,1.0,138.63
SIA,SP,202502,2035855,0211020036,1.0,5.15
SIA,SP,202502,2067234,0211020036,368.0,1895.2
SIA,SP,202502,6603378,0211020036,43.0,221.45
SIA,SP,202502,7314493,0206010079,1.0,97.44
SIA,SP,202502,2077256,0211020036,10.0,51.5
SIA,SP,202502,2047772,0211020036,92.0,473.8
SIA,SP,202502,2716275,0211020036,64.0,329.6
SIA,SP,202502,2090910,0206030010,1.0,138.63
SIA,SP,202502,2080508,0211020036,107.0,551.05
SIA,SP,202502,2081350,0211020036,117.0,602.55
SIA,SP,202502,2888491,0211020036,203.0,1045.45
SIA,SP,202502,2042398,0211020036,1.0,5.15
SIA,SP,202502,2065576,0206010044,2.0,173.5
SIA,SP,202502,2083973,0206010052,1.0,86.75
SIA,SP,202502,3936082,0211020036,491.0,2528.65
SIA,SP,202502,2079046,0211020036,148.0,762.2
SIA,SP,202502,6451098,0211020036,352.0,1812.8
SIA,SP,202502,2030659,0211020036,46.0,236.9
SIA,SP,202502,2093022,0211020036,50.0,257.5
SIA,SP,202502,2079348,0211020036,137.0,705.55
SIA,SP,202502,2047357,0211020036,22.0,113.3
SIA,SP,202502,2079402,0211020036,86.0,442.9
SIA,SP,202502,2074672,0211020036,43.0,221.45
SIA,SP,202502,6652115,0211020036,39.0,200.85
SIA,SP,202502,2088371,0211020036,280.0,1442.0
SIA,SP,202502,2791730,0211020036,98.0,504.7
SIA,SP,202502,2091100,0211020036,16.0,82.4
SIA,SP,202502,2035979,0211020036,119.0,612.85
SIA,SP,202502,2785447,0211020036,2.0,10.3
SIA,SP,202502,2081660,0211020036,90.0,463.5
SIA,SP,202502,2070499,0206030010,1.0,138.63
SIA,SP,202502,4925122,0211020036,4.0,20.6
SIA,SP,202502,2080443,0211020036,243.0,1251.45
SIA,SP,202502,2078902,0211020036,153.0,787.95
SIA,SP,202502,6811507,0211020036,34.0,175.1
SIA,SP,202502,2792605,0211020036,43.0,221.45
SIA,SP,202502,6792456,0211020036,151.0,777.65
SIA,SP,202502,2053527,0211020036,130.0,669.5
SIA,SP,202502,4049225,0211020036,9.0,46.35
SIA,SP,202502,2043556,0211020036,29.0,149.35
SIA,SP,202502,7973586,0211020036,16.0,82.4
SIA,SP,202502,2053535,0211020036,151.0,777.65
SIA,SP,202502,2077264,0211020036,9.0,46.35
SIA,SP,202502,2084023,0211020036,72.0,370.8
SIA,SP,202502,2092050,0211020036,163.0,839.45
SIA,SP,202502,2057719,0211020036,8.0,41.2
SIA,SP,202502,2047462,0211020036,89.0,458.35
SIA,SP,202502,2024772,0211020036,127.0,654.05
SIA,SP,202502,4665570,0211020036,3.0,15.45
SIA,SP,202502,6800335,0211020036,80.0,412.0
SIA,SP,202502,2024780,0211020036,84.0,432.6
SIA,SP,202502,2060078,0211020036,5.0,25.75
SIA,SP,202502,2079682,0211020036,31.0,159.65
SIA,SP,202502,6923720,0211020036,34.0,175.1
SIA,SP,202502,2063107,0211020036,22.0,113.3
SIA,SP,202502,2081652,0211020036,93.0,478.95
SIA,SP,202502,2036150,0211020036,20.0,103.0
SIA,SP,202502,7086326,0211020036,2.0,10.3
SIA,SP,202502,2751046,0211020036,254.0,1308.1
SIA,SP,202502,2093030,0211020036,147.0,757.05
SIA,SP,202502,2065576,0206020031,1.0,136.41
SIA,SP,202502,2790475,0211020036,49.0,252.35
SIA,SP,202502,2038307,0211020036,86.0,442.9
SIA,SP,202502,7202954,0211020036,1.0,5.15
SIA,SP,202502,2080915,0211020036,63.0,324.45
SIA,SP,202502,2029480,0206010044,1.0,86.75
SIA,SP,202502,2071398,0211020036,1.0,5.15
SIA,SP,202502,4043189,0211020036,6.0,30.9
SIA,SP,202502,2069679,0211020036,17.0,87.55
SIA,SP,202502,9156844,0211020036,201.0,1035.15
SIA,SP,202502,2082411,0211020036,438.0,2255.7
SIA,SP,202502,2057093,0211020036,158.0,813.7
SIA,SP,202502,3931374,0211020036,1.0,5.15
SIA,SP,202502,2791994,0211020036,2.0,10.3
SIA,SP,202502,2033356,0211020036,49.0,252.35
SIA,SP,202502,2081598,0211020036,46.0,236.9
SIA,SP,202502,7102755,0211020036,1.0,5.15
SIA,SP,202502,4337581,0211020036,35.0,180.25
SIA,SP,202502,2079771,0211020036,31.0,159.65
SIA,SP,202502,2081768,0211020036,130.0,669.5
SIA,SP,202502,2096617,0211020036,161.0,829.15
SIA,SP,202502,2071835,0211020036,15.0,77.25
SIA,SP,202502,4049411,0211020036,108.0,556.2
SIA,SP,202502,2748355,0208010025,1.0,408.52
SIA,SP,202502,2070499,0211020060,3.0,90.0
SIA,SP,202502,6799663,0211020036,14.0,72.1
SIA,SP,202502,3839257,0211020036,13.0,66.95
SIA,SP,202502,2078198,0211020036,2.0,10.3
SIA,SP,202502,2030497,0211020036,62.0,319.3
SIA,SP,202502,2080869,0211020036,5.0,25.75
SIA,SP,202502,2082748,0211020036,137.0,705.55
SIA,SP,202502,2054329,0211020036,65.0,334.75
SIA,SP,202502,2077558,0211020036,146.0,751.9
SIA,SP,202502,2079690,0211020036,26.0,133.9
SIA,SP,202502,2048183,0211020036,72.0,370.8
SIA,SP,202502,2079852,0211020036,129.0,664.35
SIA,SP,202502,2079429,0211020036,262.0,1349.3
